id_wejscia,id_osoby,id_filii,data_wejscia
1,9707,5,2025-06-06 15:00:54
2,8526,3,2025-03-17 08:38:44
3,7794,10,2025-10-12 20:33:20
4,6472,1,2025-01-26 09:44:28
5,4653,2,2025-02-01 17:55:10
6,2227,5,2025-06-07 21:24:45
7,8878,6,2025-06-28 22:01:57
8,5410,10,2025-07-18 04:16:12
9,9092,4,2025-06-27 23:55:35
10,4970,10,2025-03-28 20:10:13
11,7692,3,2025-05-14 01:27:23
12,7519,2,2025-04-01 14:08:27
13,729,6,2025-10-06 20:35:51
14,8794,9,2025-07-28 10:33:34
15,2094,5,2025-07-10 07:42:24
16,8597,3,2025-02-17 00:34:57
17,6172,5,2025-04-15 04:35:10
18,6575,4,2025-02-15 09:48:01
19,5044,3,2025-03-17 21:02:57
20,1330,10,2025-10-27 10:36:54
21,6503,4,2025-07-09 11:11:45
22,3421,10,2025-11-05 02:05:30
23,3700,3,2025-05-03 19:31:31
24,5781,7,2025-02-18 06:05:39
25,4409,6,2025-10-23 21:28:33
26,4011,10,2025-02-23 02:16:24
27,7953,10,2025-05-22 22:31:19
28,9190,9,2025-12-07 10:32:07
29,4914,6,2025-01-29 20:15:51
30,1944,9,2025-07-03 23:31:23
31,4204,7,2025-03-05 23:21:47
32,8627,4,2025-10-13 16:56:50
33,6175,4,2025-12-04 15:53:37
34,2066,4,2025-10-08 13:47:52
35,452,8,2025-05-21 10:57:51
36,2184,9,2025-09-14 16:33:19
37,799,5,2025-09-12 19:04:50
38,1332,4,2025-01-08 10:02:35
39,7043,6,2025-10-08 18:02:17
40,7727,9,2025-08-26 18:48:42
41,5119,1,2025-01-31 07:10:41
42,5232,7,2025-01-21 08:47:04
43,5153,5,2025-05-18 18:52:25
44,3034,9,2025-02-27 12:11:16
45,594,6,2025-06-25 22:59:11
46,2212,3,2025-07-24 01:05:47
47,4464,8,2025-09-11 00:48:27
48,7686,8,2025-01-02 18:21:24
49,2408,2,2025-02-08 10:49:18
50,4480,2,2025-09-09 15:56:43
51,654,8,2025-08-17 03:58:24
52,924,7,2025-09-15 03:42:09
53,322,1,2025-11-29 18:30:06
54,4785,4,2025-03-22 22:00:43
55,7775,1,2025-06-06 11:28:36
56,7453,3,2025-08-09 12:43:23
57,7375,9,2025-02-19 16:18:34
58,306,2,2025-05-02 12:28:05
59,3541,7,2025-04-19 03:24:42
60,5606,6,2025-11-06 00:35:26
61,9374,7,2025-03-04 19:00:29
62,6648,7,2025-05-01 14:40:23
63,7552,3,2025-02-19 17:29:01
64,6680,4,2025-02-06 00:41:26
65,9580,4,2025-08-21 03:30:45
66,9720,1,2025-06-10 19:45:05
67,9225,3,2025-09-04 10:04:47
68,3591,1,2025-06-14 00:44:42
69,3931,4,2025-04-13 01:05:04
70,7889,2,2025-03-26 15:13:46
71,6161,4,2025-12-11 15:16:29
72,9511,1,2025-03-03 15:08:54
73,2470,3,2025-10-02 07:10:00
74,7253,9,2025-02-01 12:35:10
75,4464,5,2025-07-05 11:59:44
76,7336,3,2025-01-19 02:01:49
77,6063,10,2025-05-29 09:23:32
78,2553,10,2025-02-23 03:02:33
79,4940,7,2025-05-15 18:25:13
80,4344,2,2025-09-08 18:49:40
81,4106,5,2025-05-12 16:06:45
82,207,5,2025-10-03 06:43:08
83,7799,9,2025-04-26 16:01:55
84,976,4,2025-08-19 14:33:54
85,2027,4,2025-01-17 05:21:18
86,5377,8,2025-07-17 17:32:33
87,9471,3,2025-07-25 10:33:03
88,4961,7,2025-05-14 15:29:56
89,4346,6,2025-08-31 14:35:36
90,3427,9,2025-04-29 07:39:29
91,6842,7,2025-10-16 05:04:59
92,1988,5,2025-07-24 01:35:30
93,7267,3,2025-06-26 09:51:04
94,2697,6,2025-08-25 15:05:17
95,4581,10,2025-08-11 16:50:52
96,671,4,2025-08-01 03:14:56
97,2845,10,2025-01-31 13:50:31
98,153,2,2025-04-26 13:29:08
99,4528,3,2025-09-10 01:55:41
100,4429,10,2025-03-16 19:35:48
101,4105,10,2025-07-12 05:02:05
102,2113,10,2025-04-21 18:27:38
103,6164,9,2025-11-08 23:47:58
104,2579,8,2025-05-09 11:05:45
105,2964,5,2025-05-25 09:00:29
106,9407,7,2025-05-27 10:01:44
107,3139,6,2025-09-21 08:33:55
108,9087,10,2025-01-21 15:53:42
109,2273,7,2025-07-11 12:23:50
110,6325,3,2025-02-24 15:06:12
111,9151,5,2025-02-08 18:03:26
112,2041,3,2025-08-29 22:52:37
113,503,5,2025-11-04 13:37:27
114,1223,7,2025-02-14 23:55:07
115,9840,4,2025-07-14 18:53:38
116,5480,3,2025-06-17 03:41:15
117,423,10,2025-07-20 09:06:28
118,4832,7,2025-09-14 08:11:21
119,8593,7,2025-12-05 20:11:39
120,2713,6,2025-07-08 09:42:33
121,8553,5,2025-08-05 05:58:36
122,6676,6,2025-05-30 00:57:47
123,4330,9,2025-01-24 14:23:52
124,6354,9,2025-02-07 09:50:05
125,6506,2,2025-01-03 00:39:46
126,8095,8,2025-04-22 12:48:46
127,1299,8,2025-05-19 13:31:42
128,8242,10,2025-08-31 07:38:37
129,8492,4,2025-11-16 23:37:00
130,7715,10,2025-10-12 06:47:14
131,5511,10,2025-02-19 22:51:42
132,7761,5,2025-06-26 07:34:48
133,2108,2,2025-01-04 00:45:10
134,4415,2,2025-02-02 22:54:09
135,3552,5,2025-04-14 08:44:13
136,6318,1,2025-05-12 04:44:19
137,3272,1,2025-10-06 03:09:37
138,3059,7,2025-02-03 11:30:17
139,2980,9,2025-02-28 07:17:33
140,1051,7,2025-07-22 03:41:55
141,5805,8,2025-05-27 18:38:44
142,2218,5,2025-02-12 17:38:18
143,6184,2,2025-06-12 05:59:18
144,6951,4,2025-06-06 20:06:52
145,413,1,2025-05-02 11:48:39
146,2910,1,2025-02-04 18:30:55
147,7005,8,2025-08-15 22:52:52
148,6682,10,2025-07-09 04:56:31
149,5961,3,2025-10-10 13:46:23
150,1183,5,2025-09-16 02:23:31
151,5839,8,2025-09-28 12:52:19
152,6953,9,2025-10-10 00:22:13
153,3331,9,2025-09-22 00:00:35
154,4413,4,2025-11-17 15:56:20
155,436,6,2025-08-19 21:52:50
156,4302,5,2025-08-22 18:15:44
157,5138,10,2025-04-19 12:26:18
158,7550,4,2025-12-04 10:15:05
159,2007,5,2025-05-10 18:41:08
160,2110,9,2025-08-18 22:40:03
161,8798,4,2025-10-20 02:04:26
162,6749,2,2025-12-05 07:47:40
163,4947,1,2025-05-01 13:35:20
164,8788,3,2025-07-17 16:41:55
165,515,5,2025-05-29 05:59:09
166,3722,6,2025-07-25 00:05:18
167,9957,10,2025-05-16 06:29:55
168,750,5,2025-06-19 22:49:59
169,4722,5,2025-08-16 01:28:23
170,2687,10,2025-03-26 06:26:35
171,7293,4,2025-04-11 04:55:34
172,3322,9,2025-05-22 22:47:59
173,399,9,2025-05-23 13:07:13
174,7236,4,2025-11-14 20:11:44
175,9309,8,2025-10-22 05:18:52
176,9711,7,2025-09-05 13:49:16
177,6838,1,2025-02-06 11:36:08
178,8252,6,2025-04-09 12:57:17
179,1654,9,2025-01-28 09:13:18
180,6299,1,2025-06-04 07:58:26
181,7089,10,2025-05-23 20:31:09
182,4056,6,2025-01-28 12:20:25
183,8712,3,2025-06-24 19:26:22
184,1672,5,2025-03-19 23:03:43
185,973,4,2025-08-14 18:32:36
186,2010,10,2025-07-18 05:03:55
187,7935,6,2025-09-04 02:17:38
188,9438,8,2025-11-16 01:03:44
189,1140,7,2025-10-25 03:49:21
190,7283,2,2025-05-28 07:42:15
191,557,6,2025-11-19 17:04:18
192,7072,10,2025-05-01 16:10:00
193,295,6,2025-01-03 19:57:05
194,357,10,2025-07-31 03:27:11
195,3006,6,2025-09-11 08:37:08
196,4822,9,2025-07-18 17:40:36
197,7420,10,2025-10-20 19:10:14
198,5117,2,2025-09-28 04:25:40
199,814,9,2025-08-03 17:00:56
200,6885,4,2025-09-19 20:27:07
201,2066,9,2025-04-04 12:57:51
202,589,2,2025-09-17 02:39:34
203,7636,9,2025-01-10 06:09:35
204,5320,9,2025-02-10 06:47:35
205,3331,3,2025-06-26 08:40:47
206,9358,5,2025-04-02 00:16:22
207,4176,5,2025-07-27 15:29:13
208,3429,10,2025-09-27 22:33:47
209,2441,4,2025-08-05 21:14:19
210,7152,4,2025-08-13 01:46:29
211,5933,4,2025-11-30 14:23:41
212,2441,7,2025-06-22 03:20:12
213,3993,7,2025-03-18 18:11:38
214,4643,3,2025-06-25 13:09:45
215,5497,10,2025-03-06 21:17:50
216,6905,6,2025-04-13 20:43:25
217,5041,10,2025-04-02 16:49:29
218,577,2,2025-03-22 23:24:26
219,2301,8,2025-02-03 09:56:31
220,8951,10,2025-03-11 16:50:39
221,9780,5,2025-10-11 13:40:31
222,9540,2,2025-11-23 09:57:29
223,8457,2,2025-07-09 21:51:04
224,5716,9,2025-09-26 04:47:05
225,6574,7,2025-04-18 03:51:20
226,2718,2,2025-09-06 22:48:51
227,2371,2,2025-06-27 08:05:46
228,5175,3,2025-06-01 06:54:57
229,7650,1,2025-06-27 19:15:45
230,6829,2,2025-07-27 00:10:08
231,6576,6,2025-07-26 01:24:04
232,8042,2,2025-01-18 22:36:22
233,6080,3,2025-03-08 13:21:01
234,6500,9,2025-12-06 04:09:22
235,603,5,2025-01-17 23:26:31
236,9129,9,2025-12-05 21:40:23
237,9693,8,2025-08-08 17:08:29
238,3342,2,2025-01-05 01:38:10
239,9758,5,2025-09-21 14:34:56
240,8503,10,2025-06-17 09:45:31
241,5349,10,2025-03-04 11:58:28
242,1831,3,2025-02-02 13:46:03
243,3462,1,2025-04-30 06:21:17
244,5816,3,2025-03-22 23:04:16
245,1326,6,2025-07-23 07:36:16
246,6528,2,2025-08-13 03:55:47
247,1871,8,2025-11-07 22:46:56
248,76,2,2025-11-20 01:06:59
249,5488,4,2025-10-27 16:43:33
250,3112,1,2025-06-23 02:59:31
251,1869,1,2025-02-05 07:13:55
252,3284,8,2025-10-21 03:35:37
253,6876,5,2025-02-03 21:24:21
254,7364,2,2025-10-22 11:52:49
255,6034,3,2025-02-28 14:53:30
256,2993,8,2025-01-03 21:55:22
257,9250,9,2025-03-27 14:10:31
258,956,9,2025-10-01 08:35:37
259,7687,6,2025-05-15 04:55:02
260,8098,2,2025-10-03 09:20:37
261,1589,7,2025-05-16 15:24:40
262,8812,10,2025-05-13 08:55:51
263,9544,4,2025-05-10 07:50:46
264,4801,1,2025-10-08 12:53:43
265,7127,4,2025-11-29 00:35:53
266,5599,9,2025-08-18 11:05:20
267,5518,1,2025-02-19 21:40:26
268,4141,6,2025-11-12 16:22:32
269,6099,10,2025-01-19 04:33:01
270,4259,5,2025-06-08 00:41:54
271,4654,8,2025-09-28 12:28:57
272,4849,2,2025-10-07 18:43:58
273,7250,4,2025-06-26 09:02:49
274,4149,9,2025-10-04 05:08:08
275,7729,6,2025-10-12 18:22:43
276,6920,9,2025-02-06 14:29:21
277,7399,9,2025-03-02 11:12:20
278,9580,7,2025-09-02 01:38:46
279,8410,6,2025-04-06 00:11:09
280,1647,9,2025-03-11 14:42:12
281,2589,8,2025-06-12 02:33:02
282,9766,1,2025-04-16 08:12:00
283,3810,9,2025-03-19 20:09:44
284,3236,1,2025-07-16 16:48:33
285,1760,4,2025-10-19 17:40:52
286,6817,7,2025-03-28 09:02:50
287,5264,1,2025-05-04 12:42:04
288,207,8,2025-10-25 14:55:45
289,9365,10,2025-09-06 04:03:08
290,1268,2,2025-11-22 17:05:43
291,5465,5,2025-05-01 15:56:46
292,2536,10,2025-11-02 11:48:00
293,6740,6,2025-11-02 19:38:44
294,3784,4,2025-07-03 06:34:46
295,2285,4,2025-01-26 00:43:48
296,6357,4,2025-03-10 14:23:21
297,9170,3,2025-05-07 17:27:21
298,8217,5,2025-06-16 07:28:44
299,831,7,2025-09-07 23:16:29
300,2284,5,2025-10-27 23:42:52
301,4994,6,2025-10-23 09:05:48
302,9767,10,2025-04-06 18:36:34
303,2846,2,2025-01-25 08:27:23
304,3760,1,2025-02-04 21:58:14
305,9839,10,2025-02-18 19:31:23
306,1939,1,2025-11-07 22:17:05
307,7205,9,2025-11-25 16:04:03
308,7037,2,2025-10-26 20:39:42
309,4619,5,2025-09-10 16:58:59
310,7665,10,2025-01-18 05:34:29
311,7909,8,2025-02-05 05:24:36
312,539,6,2025-10-19 04:31:32
313,6632,3,2025-09-10 11:00:15
314,2180,1,2025-03-19 11:02:59
315,3796,9,2025-01-16 05:18:35
316,4758,9,2025-03-01 21:09:44
317,9499,3,2025-10-14 16:30:29
318,5007,9,2025-08-13 16:58:21
319,6973,1,2025-01-17 10:39:37
320,235,8,2025-02-16 13:15:47
321,9276,8,2025-12-06 15:03:26
322,7578,6,2025-10-26 18:05:10
323,9081,10,2025-07-20 04:38:06
324,7453,10,2025-06-20 16:07:50
325,9890,2,2025-08-31 18:32:49
326,9215,9,2025-07-03 19:31:16
327,7203,3,2025-06-16 03:05:10
328,6942,7,2025-11-02 19:06:50
329,9135,9,2025-08-27 15:29:08
330,4466,7,2025-02-10 06:15:18
331,4049,10,2025-03-04 10:32:03
332,2037,6,2025-03-14 09:42:33
333,1800,4,2025-09-12 05:16:31
334,8961,9,2025-03-27 21:54:38
335,1548,5,2025-10-15 03:07:05
336,9715,4,2025-06-06 06:03:26
337,754,1,2025-06-11 22:15:11
338,9034,5,2025-06-05 21:13:23
339,9148,4,2025-05-21 18:22:44
340,4738,7,2025-07-28 19:54:32
341,1519,4,2025-11-23 22:56:42
342,3364,2,2025-07-02 07:18:48
343,7556,2,2025-02-08 07:21:21
344,8569,5,2025-04-17 09:54:44
345,6813,1,2025-02-21 20:35:17
346,3002,6,2025-05-03 09:11:27
347,4584,7,2025-01-28 20:39:34
348,9647,1,2025-09-30 02:51:01
349,7476,6,2025-06-22 16:54:25
350,8629,7,2025-04-06 14:07:19
351,7385,5,2025-02-11 22:07:11
352,9492,6,2025-09-30 19:32:33
353,1478,7,2025-09-27 00:05:50
354,9449,8,2025-07-11 05:54:44
355,3871,5,2025-02-18 11:27:59
356,6027,7,2025-06-25 07:10:56
357,1729,8,2025-05-15 01:15:58
358,4664,9,2025-07-27 17:14:48
359,9315,1,2025-05-06 22:35:47
360,5515,10,2025-10-07 03:32:07
361,3305,3,2025-04-19 03:19:37
362,8323,8,2025-12-04 12:03:39
363,4682,5,2025-03-09 07:23:57
364,615,10,2025-01-01 22:42:26
365,887,8,2025-11-01 02:14:54
366,558,7,2025-04-12 22:09:24
367,6300,2,2025-01-21 22:50:05
368,5433,10,2025-01-06 09:51:18
369,5485,9,2025-07-05 05:43:01
370,6629,6,2025-06-14 07:29:48
371,9215,8,2025-03-05 06:24:14
372,5580,9,2025-05-01 17:28:50
373,5594,10,2025-08-24 05:47:43
374,9943,10,2025-01-02 03:46:18
375,8581,6,2025-03-02 15:01:45
376,3142,10,2025-11-09 03:57:17
377,7935,1,2025-05-09 14:06:24
378,435,2,2025-12-07 12:31:31
379,3725,3,2025-08-06 23:30:13
380,1747,3,2025-09-13 11:29:22
381,1906,9,2025-12-10 12:05:49
382,5843,6,2025-04-15 23:27:54
383,7010,8,2025-05-11 18:39:34
384,7954,7,2025-10-31 11:55:10
385,1420,1,2025-06-11 12:23:47
386,9636,2,2025-08-03 04:14:23
387,6134,8,2025-04-23 07:43:50
388,3209,2,2025-02-19 07:24:35
389,1902,7,2025-06-30 14:00:30
390,984,2,2025-06-17 04:15:59
391,9252,5,2025-04-09 16:08:10
392,1559,2,2025-11-24 16:40:48
393,2674,6,2025-02-13 14:32:18
394,316,8,2025-09-04 20:39:59
395,3785,3,2025-10-30 17:37:28
396,9443,4,2025-02-20 18:30:18
397,6191,9,2025-01-23 07:38:14
398,4917,9,2025-09-22 23:33:04
399,4533,5,2025-03-15 17:45:05
400,7358,4,2025-10-14 19:25:11
401,6380,5,2025-03-09 21:23:38
402,2041,1,2025-08-30 07:14:56
403,8796,6,2025-02-05 12:18:07
404,6544,7,2025-06-09 05:02:29
405,9698,2,2025-03-24 11:29:39
406,8287,5,2025-09-28 05:04:30
407,3938,5,2025-06-15 04:41:11
408,7460,9,2025-07-23 00:32:49
409,9381,8,2025-02-25 02:49:19
410,7664,1,2025-07-19 11:02:42
411,2138,8,2025-09-19 01:27:23
412,5796,2,2025-08-25 18:18:48
413,2170,5,2025-03-04 07:18:21
414,2037,10,2025-08-16 11:16:01
415,1097,1,2025-08-10 06:42:08
416,5496,4,2025-05-29 14:36:17
417,5938,9,2025-09-09 15:15:04
418,2203,6,2025-10-01 12:59:38
419,9966,6,2025-04-24 04:52:52
420,6127,8,2025-11-19 21:55:47
421,2867,9,2025-06-24 15:20:02
422,3367,2,2025-09-29 19:14:11
423,1617,7,2025-02-19 21:46:54
424,2376,2,2025-03-20 19:33:03
425,4761,4,2025-11-03 06:02:42
426,8756,6,2025-10-21 21:55:44
427,2476,2,2025-01-28 09:51:42
428,5829,4,2025-06-21 07:44:32
429,145,9,2025-06-25 22:39:42
430,4713,6,2025-07-14 16:00:13
431,61,10,2025-08-12 20:11:24
432,1865,7,2025-04-19 09:24:06
433,2517,1,2025-06-19 11:24:58
434,9660,9,2025-10-06 20:40:12
435,5577,8,2025-04-25 01:45:42
436,2046,4,2025-08-16 21:09:16
437,2307,2,2025-01-19 09:26:10
438,4776,4,2025-07-24 15:53:12
439,1225,6,2025-09-07 16:59:14
440,4871,5,2025-08-04 19:03:12
441,283,6,2025-12-08 09:29:19
442,595,1,2025-08-10 05:49:52
443,8661,10,2025-05-04 19:00:11
444,8144,9,2025-09-29 20:24:03
445,6940,1,2025-07-18 05:42:01
446,2390,4,2025-04-18 09:06:26
447,663,10,2025-02-11 10:16:17
448,7864,2,2025-10-11 07:54:46
449,7152,6,2025-10-13 14:46:05
450,2389,7,2025-06-06 04:35:26
451,9442,1,2025-01-23 20:58:55
452,9141,4,2025-11-29 08:45:27
453,8054,3,2025-02-07 11:20:20
454,764,4,2025-01-21 08:34:13
455,1220,10,2025-05-07 23:48:13
456,4306,6,2025-10-21 04:55:12
457,9113,5,2025-05-02 21:35:30
458,755,6,2025-11-08 19:18:42
459,7200,10,2025-06-30 20:36:34
460,2737,8,2025-09-16 16:26:32
461,3479,1,2025-04-30 09:34:02
462,8540,7,2025-05-26 00:39:06
463,149,2,2025-07-03 10:57:35
464,2765,8,2025-08-20 13:04:09
465,560,7,2025-07-25 16:42:56
466,3921,10,2025-10-27 15:04:00
467,5806,8,2025-09-23 05:17:35
468,8918,9,2025-06-17 09:27:14
469,5343,2,2025-07-02 20:23:05
470,5086,3,2025-07-09 21:25:46
471,4108,4,2025-06-09 05:08:44
472,7410,1,2025-01-15 16:17:19
473,5149,10,2025-11-05 19:04:13
474,5552,9,2025-08-09 21:03:55
475,7638,4,2025-01-16 08:04:09
476,5789,4,2025-09-22 16:52:24
477,1240,4,2025-06-18 15:43:03
478,6325,6,2025-11-03 01:50:44
479,4763,3,2025-03-04 21:11:11
480,9195,10,2025-08-31 06:25:16
481,3766,8,2025-05-23 07:29:21
482,8689,10,2025-02-04 09:21:05
483,8653,8,2025-06-30 07:44:10
484,1032,6,2025-11-05 00:26:28
485,8976,2,2025-11-16 21:35:15
486,8380,7,2025-11-25 03:41:48
487,6483,5,2025-04-22 14:44:20
488,5132,9,2025-05-23 21:46:27
489,3269,8,2025-04-04 22:12:47
490,8007,5,2025-09-30 11:35:03
491,5520,2,2025-09-03 16:49:28
492,9149,9,2025-08-09 08:15:28
493,7333,1,2025-02-12 20:05:48
494,4750,7,2025-03-28 01:36:49
495,9999,6,2025-02-03 16:06:08
496,5111,8,2025-05-26 18:34:46
497,7849,8,2025-03-09 05:53:10
498,835,3,2025-11-26 04:55:21
499,5846,6,2025-04-05 17:03:56
500,562,10,2025-10-15 22:59:10
501,7802,2,2025-05-18 13:14:58
502,9603,6,2025-08-07 23:33:45
503,763,9,2025-03-29 11:28:24
504,9349,8,2025-02-01 00:49:16
505,4169,3,2025-06-16 12:48:33
506,8998,2,2025-10-12 09:06:23
507,3890,5,2025-02-11 15:06:57
508,6552,5,2025-08-13 07:00:08
509,5926,7,2025-01-21 01:03:14
510,6948,4,2025-07-03 10:17:12
511,6029,2,2025-11-20 22:09:47
512,1540,2,2025-08-10 23:50:23
513,4663,8,2025-03-25 13:58:49
514,573,8,2025-02-16 02:09:23
515,9743,10,2025-03-30 07:35:35
516,9545,1,2025-01-21 22:33:48
517,2167,1,2025-07-01 15:42:25
518,5995,1,2025-04-16 04:46:28
519,5347,6,2025-06-08 12:02:41
520,4521,10,2025-01-31 00:50:01
521,1059,5,2025-03-29 06:59:18
522,9687,7,2025-04-30 09:20:43
523,2999,10,2025-08-16 19:55:52
524,5024,7,2025-06-03 21:59:18
525,6864,7,2025-02-01 16:33:04
526,8661,5,2025-04-29 15:47:50
527,2936,7,2025-11-21 23:36:48
528,9606,10,2025-02-14 13:02:38
529,1072,10,2025-12-07 12:28:03
530,6985,8,2025-12-07 21:56:14
531,628,6,2025-08-17 20:31:56
532,4024,2,2025-03-30 22:33:15
533,3561,5,2025-06-24 05:32:59
534,869,3,2025-05-07 06:41:37
535,9999,7,2025-11-20 01:35:12
536,6628,8,2025-02-03 03:03:33
537,6481,7,2025-02-03 11:19:59
538,1528,1,2025-03-28 03:56:59
539,265,1,2025-11-29 18:24:26
540,397,9,2025-01-11 17:48:35
541,6711,10,2025-03-18 22:30:06
542,3372,2,2025-03-08 00:27:45
543,5722,9,2025-03-26 04:04:35
544,5466,9,2025-08-28 13:39:24
545,625,7,2025-05-07 20:24:35
546,7960,5,2025-10-04 16:22:11
547,2389,9,2025-10-20 13:48:20
548,3251,8,2025-07-20 11:13:14
549,5036,1,2025-12-10 07:32:34
550,6403,3,2025-11-02 19:37:28
551,3491,1,2025-02-26 16:47:41
552,4041,5,2025-06-14 10:53:35
553,1442,4,2025-11-06 21:14:20
554,464,6,2025-01-04 15:31:01
555,5558,4,2025-09-02 21:45:14
556,7618,7,2025-10-18 18:40:48
557,1611,4,2025-04-12 15:55:09
558,9998,5,2025-01-27 06:49:26
559,3773,10,2025-03-08 16:24:15
560,3267,9,2025-01-24 07:18:10
561,7929,3,2025-01-01 21:36:07
562,4614,10,2025-08-16 22:21:21
563,678,10,2025-08-24 20:13:13
564,3071,1,2025-03-02 08:29:13
565,9259,10,2025-05-06 06:34:23
566,3230,5,2025-06-24 20:47:12
567,8802,6,2025-01-31 19:33:28
568,7250,2,2025-06-17 10:53:51
569,163,4,2025-10-21 22:31:24
570,4934,8,2025-10-20 09:14:19
571,7230,7,2025-06-14 18:31:05
572,1486,9,2025-08-14 22:52:42
573,9780,4,2025-09-11 22:54:12
574,2958,2,2025-05-11 01:16:34
575,3798,4,2025-09-29 15:33:31
576,4675,2,2025-03-03 15:12:22
577,4549,8,2025-04-05 23:03:53
578,3933,4,2025-03-29 16:58:50
579,9170,8,2025-09-01 02:39:00
580,3057,3,2025-05-19 11:36:04
581,582,10,2025-07-09 22:28:18
582,1152,2,2025-07-20 12:51:01
583,572,5,2025-05-09 13:29:05
584,2340,3,2025-05-21 17:22:37
585,314,7,2025-02-25 21:36:37
586,4196,3,2025-03-03 16:33:08
587,2391,6,2025-10-09 21:15:33
588,9774,2,2025-01-12 04:30:02
589,909,9,2025-11-12 20:36:33
590,9421,4,2025-04-05 23:35:07
591,9925,5,2025-11-24 04:29:32
592,6521,1,2025-06-25 07:47:21
593,7639,1,2025-04-06 06:32:46
594,3308,3,2025-01-09 11:20:43
595,5348,4,2025-01-14 21:45:15
596,9010,8,2025-04-08 08:23:28
597,5297,8,2025-02-06 15:10:20
598,4079,10,2025-08-28 16:51:28
599,3853,7,2025-02-08 02:02:43
600,7626,10,2025-03-30 17:04:18
601,9413,4,2025-04-13 04:12:00
602,2680,1,2025-09-20 04:46:49
603,765,5,2025-04-26 03:23:31
604,292,3,2025-01-21 22:15:03
605,1704,4,2025-10-12 13:33:59
606,8706,1,2025-03-23 08:51:56
607,7806,10,2025-11-29 05:42:00
608,7293,5,2025-05-30 00:52:51
609,6671,10,2025-07-23 21:10:29
610,377,6,2025-09-06 02:09:42
611,6488,10,2025-05-16 01:49:37
612,4337,7,2025-03-11 00:48:13
613,5055,3,2025-06-16 19:43:41
614,9719,9,2025-03-01 04:29:02
615,8590,7,2025-09-12 02:40:44
616,7163,9,2025-03-31 13:22:03
617,5314,1,2025-02-27 06:59:42
618,8384,2,2025-05-24 14:48:12
619,8127,8,2025-09-08 06:04:24
620,3751,7,2025-01-06 05:28:52
621,825,1,2025-03-04 20:42:57
622,6567,1,2025-09-21 02:56:48
623,2450,10,2025-10-13 20:16:24
624,2453,4,2025-05-26 19:21:08
625,2691,10,2025-05-20 14:25:15
626,9034,8,2025-02-15 02:02:37
627,9620,8,2025-07-06 17:25:41
628,202,1,2025-03-28 03:41:04
629,9934,6,2025-01-26 20:36:59
630,207,5,2025-04-05 15:24:49
631,487,4,2025-10-25 12:41:15
632,206,3,2025-05-17 13:04:22
633,8590,2,2025-07-26 16:55:08
634,8118,9,2025-03-28 21:17:51
635,463,7,2025-01-31 08:40:45
636,1370,8,2025-11-04 05:06:17
637,5192,4,2025-11-17 16:32:32
638,2330,6,2025-03-09 04:16:27
639,2109,9,2025-10-21 09:30:02
640,6197,2,2025-10-28 12:34:13
641,8529,3,2025-11-14 16:03:54
642,3610,6,2025-01-12 00:23:45
643,9849,8,2025-08-20 11:02:45
644,8388,1,2025-09-27 04:38:46
645,4192,8,2025-08-31 14:31:09
646,3632,4,2025-04-18 01:18:07
647,1051,9,2025-02-03 09:47:45
648,3060,10,2025-03-13 18:23:55
649,1306,7,2025-08-31 05:01:17
650,1358,4,2025-10-10 05:15:39
651,6560,3,2025-01-09 06:31:01
652,447,6,2025-05-13 15:11:06
653,6087,3,2025-08-10 13:00:10
654,1484,9,2025-02-19 06:02:47
655,9591,9,2025-12-02 00:13:33
656,5916,10,2025-07-17 23:12:46
657,6531,8,2025-05-10 07:25:31
658,6571,4,2025-10-16 05:36:22
659,3063,1,2025-03-16 20:40:19
660,8098,9,2025-09-27 01:25:02
661,8367,2,2025-11-16 04:48:24
662,8922,4,2025-04-01 02:34:30
663,9621,1,2025-03-29 02:15:33
664,7434,9,2025-03-08 07:01:19
665,2919,8,2025-01-28 10:55:52
666,4984,8,2025-08-07 11:23:51
667,4648,2,2025-09-08 21:59:58
668,1145,7,2025-04-07 04:06:59
669,5491,4,2025-10-15 23:05:04
670,2175,9,2025-08-21 23:59:18
671,1958,7,2025-10-27 00:48:55
672,3762,1,2025-07-09 20:34:30
673,9178,10,2025-03-31 18:04:10
674,2165,1,2025-06-22 19:04:18
675,1013,4,2025-06-14 11:21:35
676,6772,4,2025-04-19 10:44:44
677,2994,3,2025-03-21 11:43:50
678,3157,3,2025-03-29 09:50:59
679,860,8,2025-03-28 10:14:23
680,7910,5,2025-08-17 05:52:07
681,1995,7,2025-02-04 08:11:31
682,6689,4,2025-01-23 16:33:51
683,2735,10,2025-10-19 10:08:36
684,9086,3,2025-06-18 07:48:47
685,3603,3,2025-07-30 04:40:46
686,4318,6,2025-11-20 15:53:40
687,5314,10,2025-08-10 21:55:49
688,3843,5,2025-03-27 17:19:29
689,5294,10,2025-06-03 12:39:58
690,1918,8,2025-05-10 15:53:53
691,5211,1,2025-04-15 09:33:02
692,8684,4,2025-08-26 02:41:24
693,300,7,2025-05-27 11:52:32
694,2077,7,2025-05-06 19:47:01
695,298,7,2025-10-01 21:30:47
696,5077,3,2025-02-05 04:58:17
697,9501,10,2025-09-16 11:40:04
698,8034,9,2025-03-06 14:06:49
699,3446,9,2025-09-09 18:11:40
700,7805,10,2025-09-20 22:57:03
701,2540,3,2025-09-26 11:23:50
702,4007,3,2025-08-15 22:21:40
703,724,3,2025-02-23 22:34:59
704,2376,10,2025-03-26 07:21:29
705,6097,8,2025-02-22 09:53:04
706,5471,5,2025-01-05 13:41:27
707,5603,3,2025-08-25 03:09:57
708,8015,10,2025-02-28 05:29:41
709,55,4,2025-03-19 22:45:08
710,510,4,2025-09-21 04:31:02
711,367,9,2025-01-18 17:47:39
712,8529,10,2025-09-14 18:57:31
713,4677,9,2025-03-25 21:23:41
714,4412,8,2025-05-15 22:23:13
715,6500,3,2025-04-19 16:56:36
716,6726,1,2025-07-03 00:16:31
717,8456,9,2025-06-08 06:38:12
718,1838,7,2025-03-19 16:40:55
719,6032,10,2025-12-08 00:42:23
720,8489,9,2025-03-27 21:37:14
721,8470,6,2025-04-12 18:25:02
722,2323,3,2025-04-22 18:20:17
723,666,5,2025-03-28 23:10:12
724,8183,7,2025-10-03 03:48:25
725,6125,2,2025-05-14 23:29:54
726,8374,7,2025-03-27 14:48:57
727,320,8,2025-10-10 01:57:45
728,1609,4,2025-10-26 21:53:30
729,7062,9,2025-04-12 20:54:47
730,2893,2,2025-10-12 06:36:44
731,4037,9,2025-07-05 01:30:13
732,4093,3,2025-06-15 22:35:33
733,3054,10,2025-10-17 19:28:35
734,7664,2,2025-11-25 20:52:54
735,6669,4,2025-07-30 15:28:31
736,7941,6,2025-11-15 14:21:45
737,5820,6,2025-04-26 14:03:59
738,4893,8,2025-07-30 14:10:59
739,8473,8,2025-02-28 13:05:23
740,4357,5,2025-02-13 03:42:34
741,4861,8,2025-03-23 03:15:50
742,4448,5,2025-08-05 07:58:51
743,3209,2,2025-05-09 19:05:15
744,7564,6,2025-04-29 23:46:08
745,2003,3,2025-05-19 00:15:35
746,467,10,2025-02-07 20:26:51
747,3906,3,2025-04-15 21:24:48
748,4260,2,2025-06-29 17:25:04
749,7523,10,2025-04-09 17:59:38
750,5439,2,2025-07-16 01:35:11
751,947,2,2025-11-17 00:19:33
752,3628,7,2025-06-01 13:21:42
753,1008,6,2025-05-06 16:59:41
754,4342,3,2025-11-29 13:24:12
755,9459,8,2025-03-09 05:48:20
756,9126,6,2025-04-29 04:13:17
757,6187,4,2025-05-20 08:14:57
758,4503,6,2025-06-16 01:28:55
759,3366,6,2025-07-28 19:19:54
760,1118,1,2025-11-12 05:46:10
761,5104,4,2025-06-02 01:25:18
762,4358,6,2025-07-12 01:17:32
763,7592,1,2025-11-04 11:37:42
764,7095,1,2025-02-09 02:25:41
765,5170,5,2025-08-14 18:00:14
766,9970,6,2025-11-16 19:54:37
767,7620,7,2025-03-29 18:13:44
768,4002,1,2025-03-07 23:14:58
769,8969,7,2025-06-14 22:24:44
770,9002,8,2025-10-19 07:03:45
771,8949,6,2025-11-18 20:25:15
772,6781,4,2025-01-26 22:41:11
773,3756,4,2025-05-14 09:58:29
774,6150,1,2025-01-15 08:32:37
775,5903,4,2025-11-10 21:03:45
776,3133,8,2025-10-25 13:17:15
777,389,5,2025-06-27 19:15:48
778,428,9,2025-02-04 22:06:44
779,1021,1,2025-09-03 03:44:19
780,7089,1,2025-05-12 09:26:34
781,7291,5,2025-09-28 21:06:51
782,5157,10,2025-12-06 21:42:18
783,1410,10,2025-04-30 08:49:27
784,1104,8,2025-01-10 01:34:15
785,1953,4,2025-03-27 22:27:54
786,7396,6,2025-05-21 21:28:17
787,9925,6,2025-04-11 14:02:38
788,7071,3,2025-08-27 00:15:36
789,8644,5,2025-04-15 16:46:24
790,7400,10,2025-02-16 16:53:37
791,6154,6,2025-03-31 11:00:30
792,5520,4,2025-07-01 04:43:39
793,8115,2,2025-08-12 02:53:45
794,5747,8,2025-08-03 03:27:40
795,775,3,2025-08-06 08:20:04
796,717,7,2025-09-26 13:35:53
797,2938,1,2025-05-10 15:16:48
798,1545,2,2025-01-04 11:16:48
799,6813,9,2025-09-26 11:22:32
800,3574,7,2025-09-01 13:56:46
801,3099,2,2025-05-14 02:48:49
802,7558,4,2025-10-21 02:05:25
803,8016,8,2025-07-30 21:28:37
804,2361,4,2025-09-17 15:37:03
805,1061,1,2025-09-08 07:37:07
806,4513,6,2025-01-03 04:59:40
807,6204,5,2025-01-25 23:24:21
808,4599,6,2025-04-07 04:55:35
809,3077,6,2025-03-23 21:28:31
810,3890,6,2025-11-29 00:04:07
811,1426,3,2025-07-13 04:10:14
812,9795,3,2025-01-27 06:50:11
813,6070,3,2025-06-01 16:44:35
814,549,6,2025-09-17 11:32:18
815,6055,4,2025-09-17 01:13:55
816,1769,9,2025-06-17 08:08:15
817,5206,1,2025-05-25 10:45:00
818,4601,7,2025-06-25 11:36:25
819,1009,1,2025-02-03 11:32:52
820,2248,1,2025-02-04 22:53:14
821,7190,2,2025-09-10 12:58:34
822,5618,5,2025-11-28 01:17:44
823,4779,6,2025-03-03 21:23:23
824,7226,9,2025-10-25 17:28:23
825,5346,6,2025-08-26 17:54:51
826,7280,10,2025-05-22 11:18:45
827,2252,10,2025-05-22 02:51:48
828,5264,9,2025-02-11 03:00:38
829,8493,5,2025-07-26 11:35:14
830,1829,10,2025-03-04 19:09:11
831,5298,8,2025-08-07 02:32:32
832,4705,10,2025-10-23 05:41:25
833,7325,1,2025-11-26 19:55:45
834,6480,2,2025-09-08 13:16:38
835,2476,5,2025-01-01 04:41:10
836,9368,6,2025-04-04 03:00:01
837,4773,6,2025-08-06 18:20:15
838,8204,3,2025-08-15 09:39:05
839,4023,3,2025-04-13 06:16:38
840,4994,8,2025-02-05 03:40:21
841,1848,9,2025-05-19 02:00:04
842,7536,6,2025-04-30 15:30:50
843,6708,5,2025-08-02 06:30:07
844,2293,1,2025-05-11 06:40:05
845,1199,5,2025-01-09 23:14:33
846,992,5,2025-07-29 06:36:44
847,3702,4,2025-09-09 11:11:17
848,7373,10,2025-04-12 15:49:16
849,2045,7,2025-01-11 06:02:14
850,8991,1,2025-07-05 07:50:05
851,8762,10,2025-02-18 11:55:16
852,7531,2,2025-09-16 05:48:38
853,9936,8,2025-04-08 04:42:27
854,7529,9,2025-06-17 08:55:21
855,6970,6,2025-05-23 07:20:54
856,942,7,2025-02-03 22:08:30
857,7771,7,2025-04-15 10:36:35
858,7997,4,2025-05-19 16:20:02
859,2635,8,2025-01-26 09:01:48
860,4351,8,2025-02-20 02:16:33
861,1317,5,2025-05-30 14:27:30
862,7126,6,2025-06-30 11:42:14
863,3545,2,2025-12-04 16:51:21
864,8905,10,2025-07-21 08:30:31
865,9965,1,2025-07-15 01:48:06
866,111,10,2025-04-10 18:28:26
867,183,1,2025-08-07 23:48:38
868,6550,7,2025-08-11 14:30:33
869,8197,4,2025-03-03 06:51:20
870,4580,7,2025-10-01 00:00:41
871,4869,10,2025-01-04 06:11:12
872,9072,6,2025-11-28 11:34:04
873,6831,6,2025-09-06 23:36:15
874,4959,5,2025-01-04 18:57:05
875,3631,1,2025-03-29 10:46:03
876,9365,3,2025-09-11 10:48:24
877,9255,4,2025-10-02 20:38:00
878,3140,7,2025-03-29 09:25:15
879,3966,5,2025-05-04 10:50:31
880,5935,5,2025-01-05 02:31:42
881,8841,9,2025-10-24 16:35:21
882,7248,10,2025-03-26 02:59:13
883,8318,7,2025-01-01 23:04:48
884,8741,6,2025-09-21 04:20:07
885,4467,2,2025-05-02 10:52:05
886,4039,2,2025-02-03 12:39:20
887,7309,3,2025-11-18 05:31:22
888,5100,8,2025-06-09 09:54:56
889,968,3,2025-06-26 17:40:49
890,3258,4,2025-10-18 16:49:40
891,421,7,2025-06-18 10:13:05
892,2945,1,2025-10-24 11:51:39
893,9916,10,2025-01-28 16:41:05
894,4810,6,2025-06-28 13:39:42
895,1794,8,2025-01-18 19:29:01
896,5500,4,2025-07-28 09:20:16
897,5904,5,2025-01-15 14:06:09
898,8632,2,2025-02-11 01:11:32
899,4508,4,2025-09-20 02:27:51
900,5330,7,2025-04-14 04:07:20
901,3679,9,2025-01-18 12:16:20
902,3785,10,2025-06-05 22:20:57
903,4789,8,2025-10-31 00:12:21
904,2318,4,2025-05-23 22:19:56
905,7194,5,2025-10-10 02:58:44
906,5315,10,2025-06-12 11:36:21
907,20,4,2025-07-15 23:27:29
908,9990,7,2025-11-26 03:20:14
909,2305,4,2025-01-31 19:18:47
910,7597,2,2025-04-12 19:54:43
911,7731,4,2025-08-19 22:45:17
912,1375,2,2025-05-20 16:56:29
913,3782,8,2025-02-22 23:51:41
914,6089,7,2025-11-23 15:42:24
915,1844,9,2025-05-30 13:57:41
916,4759,2,2025-12-01 19:58:37
917,2953,7,2025-05-12 18:41:47
918,5179,1,2025-04-02 01:50:16
919,7133,7,2025-06-29 08:34:31
920,5870,7,2025-07-15 20:48:01
921,5208,3,2025-05-18 20:25:20
922,2776,4,2025-05-02 09:39:23
923,6543,3,2025-04-18 20:22:11
924,3194,3,2025-01-09 21:07:37
925,8330,5,2025-06-29 23:49:32
926,9506,9,2025-09-02 04:51:58
927,4485,9,2025-06-21 22:19:37
928,9239,2,2025-10-11 03:16:22
929,4244,8,2025-09-24 11:51:41
930,6689,10,2025-01-27 23:05:20
931,5094,5,2025-05-10 09:30:14
932,3258,10,2025-02-22 13:27:03
933,705,1,2025-02-25 04:30:51
934,5523,6,2025-03-11 05:08:50
935,9997,9,2025-08-28 09:41:53
936,2337,7,2025-04-27 00:14:38
937,1355,7,2025-11-13 10:48:22
938,3229,1,2025-09-29 01:20:49
939,1212,9,2025-04-12 11:20:53
940,7485,6,2025-04-19 19:04:35
941,4685,10,2025-01-04 20:48:28
942,2156,6,2025-07-01 17:59:29
943,4077,1,2025-08-29 11:37:12
944,1840,2,2025-08-04 07:21:31
945,3608,8,2025-09-04 02:10:22
946,2881,9,2025-02-09 03:29:31
947,5642,8,2025-02-28 17:59:55
948,2110,9,2025-04-17 08:09:41
949,8479,10,2025-06-03 11:14:39
950,8862,2,2025-03-14 21:22:51
951,8369,8,2025-10-05 23:00:27
952,7116,3,2025-06-10 21:13:13
953,5273,5,2025-12-06 10:30:25
954,2222,10,2025-03-04 07:34:07
955,5651,10,2025-09-16 01:03:26
956,555,1,2025-03-22 23:39:44
957,1047,9,2025-10-10 00:20:59
958,7957,5,2025-01-12 05:17:31
959,8776,8,2025-08-22 16:33:13
960,3720,6,2025-07-12 16:24:17
961,5056,8,2025-08-10 03:27:23
962,6862,7,2025-09-03 15:37:10
963,1252,9,2025-01-30 04:31:09
964,5208,2,2025-01-11 14:29:03
965,1621,1,2025-01-04 02:07:39
966,7364,7,2025-08-29 01:37:49
967,5131,8,2025-06-24 02:42:00
968,6877,4,2025-12-01 10:39:54
969,9297,6,2025-12-04 01:28:30
970,6240,2,2025-10-20 02:48:57
971,977,6,2025-09-20 00:30:42
972,3311,3,2025-07-28 20:07:52
973,208,6,2025-01-05 00:52:27
974,2981,9,2025-02-26 12:37:46
975,2983,10,2025-06-08 06:09:36
976,9914,2,2025-08-17 09:50:49
977,5677,4,2025-02-20 01:39:50
978,71,5,2025-01-15 13:15:36
979,3723,8,2025-01-06 11:56:52
980,9243,4,2025-09-27 17:54:49
981,408,5,2025-06-09 08:31:43
982,4606,9,2025-08-02 00:15:49
983,5809,8,2025-01-30 22:05:51
984,7692,9,2025-12-09 05:38:31
985,9125,5,2025-10-30 17:28:27
986,3486,3,2025-01-07 07:31:28
987,4512,5,2025-07-28 23:40:38
988,9238,5,2025-03-22 08:00:54
989,1443,4,2025-09-06 18:56:49
990,3860,4,2025-01-03 20:23:33
991,9383,6,2025-01-27 20:57:33
992,6328,9,2025-03-12 09:57:33
993,7192,5,2025-06-25 07:54:04
994,7483,2,2025-05-13 21:50:20
995,3359,8,2025-03-07 16:37:41
996,1751,1,2025-09-12 19:05:54
997,7436,9,2025-07-15 03:35:13
998,9901,9,2025-01-30 12:33:55
999,5472,1,2025-05-05 14:17:42
1000,9367,9,2025-03-18 02:15:37
1001,5717,3,2025-01-04 16:32:43
1002,8883,8,2025-12-02 08:55:01
1003,4742,8,2025-08-17 00:54:52
1004,5541,6,2025-03-15 02:54:55
1005,7866,7,2025-03-18 11:10:13
1006,8323,1,2025-01-21 11:22:25
1007,5748,3,2025-11-17 01:22:12
1008,5228,5,2025-10-07 08:42:56
1009,2086,3,2025-12-07 23:37:37
1010,6622,5,2025-07-04 16:53:33
1011,3395,10,2025-02-27 09:57:02
1012,840,1,2025-04-23 04:57:46
1013,6581,1,2025-01-23 10:44:57
1014,4222,2,2025-03-12 10:56:42
1015,2021,2,2025-03-23 06:36:54
1016,2328,4,2025-07-31 11:28:22
1017,7682,9,2025-01-23 05:55:21
1018,6481,10,2025-03-22 14:32:12
1019,8434,7,2025-11-22 19:26:00
1020,6285,7,2025-11-03 19:08:39
1021,9680,5,2025-05-23 20:55:51
1022,2762,1,2025-02-22 03:31:16
1023,9142,4,2025-10-19 07:54:14
1024,881,7,2025-01-11 02:03:33
1025,701,1,2025-11-09 21:35:12
1026,6387,8,2025-04-28 00:39:58
1027,9782,10,2025-09-19 21:55:55
1028,2154,10,2025-04-29 11:45:10
1029,482,2,2025-09-30 12:17:30
1030,6881,8,2025-09-24 00:14:08
1031,781,1,2025-09-02 07:32:03
1032,5405,10,2025-06-26 14:01:17
1033,1173,4,2025-01-19 23:15:56
1034,8390,4,2025-07-21 15:57:53
1035,4100,1,2025-06-18 11:26:35
1036,2069,1,2025-02-20 16:56:14
1037,66,10,2025-01-14 19:15:32
1038,5139,3,2025-07-12 02:12:29
1039,3755,10,2025-09-23 11:20:03
1040,9666,10,2025-01-07 16:14:11
1041,6295,10,2025-01-28 00:05:44
1042,282,5,2025-01-29 05:48:23
1043,2521,7,2025-08-01 06:27:53
1044,5913,8,2025-02-15 04:20:57
1045,6991,4,2025-05-22 14:57:38
1046,9182,2,2025-06-26 09:54:24
1047,8504,1,2025-10-05 08:20:59
1048,6957,9,2025-06-18 16:37:14
1049,6577,6,2025-02-17 05:31:42
1050,5757,6,2025-10-25 20:07:52
1051,4536,9,2025-06-24 09:01:33
1052,4774,5,2025-09-07 17:57:51
1053,7958,8,2025-05-24 10:39:53
1054,479,7,2025-09-25 06:17:04
1055,6791,4,2025-06-15 07:40:12
1056,8654,2,2025-03-09 20:37:35
1057,3105,10,2025-09-04 18:09:05
1058,1909,2,2025-02-03 16:27:25
1059,2478,6,2025-08-01 20:30:01
1060,1779,2,2025-09-24 01:03:53
1061,7741,3,2025-12-05 03:04:45
1062,6044,7,2025-06-13 00:00:16
1063,7120,6,2025-02-19 13:11:14
1064,5422,9,2025-09-07 12:09:45
1065,7964,6,2025-12-08 01:47:59
1066,9040,2,2025-06-04 05:26:07
1067,9510,2,2025-09-03 18:42:23
1068,1950,1,2025-05-22 08:28:36
1069,6671,4,2025-01-02 23:10:09
1070,8514,9,2025-07-29 10:33:14
1071,125,4,2025-08-04 15:16:20
1072,9551,10,2025-05-05 19:11:10
1073,1803,7,2025-03-10 07:23:40
1074,1913,8,2025-04-27 19:48:04
1075,8609,1,2025-10-08 19:18:11
1076,1558,2,2025-09-22 17:28:45
1077,2677,2,2025-03-04 15:30:20
1078,6,5,2025-09-04 21:00:20
1079,9909,3,2025-02-24 04:56:53
1080,5100,7,2025-07-22 02:14:47
1081,2468,7,2025-06-12 03:26:22
1082,8481,2,2025-12-02 21:58:49
1083,7589,7,2025-10-09 10:43:13
1084,3235,8,2025-04-21 00:18:17
1085,2435,6,2025-10-13 09:17:30
1086,5258,3,2025-10-03 05:22:10
1087,9279,6,2025-05-07 16:48:04
1088,846,5,2025-09-28 23:48:01
1089,5856,2,2025-06-23 14:31:50
1090,5030,8,2025-04-01 08:23:54
1091,7122,3,2025-01-28 03:20:18
1092,7449,2,2025-11-18 23:38:12
1093,7083,9,2025-06-28 06:34:43
1094,5197,1,2025-12-04 09:09:13
1095,742,8,2025-03-10 11:33:18
1096,6764,8,2025-11-04 12:18:08
1097,8047,1,2025-05-03 17:59:19
1098,8249,10,2025-09-11 23:13:55
1099,329,10,2025-11-04 22:46:03
1100,3561,2,2025-04-22 18:35:21
1101,692,5,2025-02-27 23:32:20
1102,3694,10,2025-06-17 11:51:10
1103,885,7,2025-02-06 10:13:44
1104,8673,3,2025-06-18 23:49:22
1105,4402,5,2025-04-28 00:29:05
1106,1282,8,2025-02-21 17:19:23
1107,5843,7,2025-02-20 17:43:47
1108,3829,1,2025-09-05 16:52:30
1109,1638,7,2025-08-13 11:50:39
1110,8694,8,2025-09-29 10:33:52
1111,5762,8,2025-05-13 22:42:39
1112,142,8,2025-09-15 11:39:26
1113,1117,8,2025-09-05 02:39:59
1114,2230,6,2025-05-26 13:16:00
1115,4727,9,2025-06-02 23:15:10
1116,9869,9,2025-07-23 01:48:48
1117,3001,6,2025-11-04 20:09:05
1118,9514,4,2025-01-31 10:42:58
1119,9297,3,2025-02-02 08:54:18
1120,8770,5,2025-06-03 16:43:25
1121,8035,3,2025-03-07 08:19:31
1122,9439,5,2025-10-31 06:20:20
1123,4117,8,2025-03-11 23:23:51
1124,3527,4,2025-11-19 14:10:17
1125,1876,3,2025-09-18 01:26:06
1126,5240,5,2025-06-17 05:20:13
1127,7726,2,2025-10-27 15:57:32
1128,1756,3,2025-07-28 13:59:06
1129,7397,5,2025-10-06 06:22:27
1130,652,1,2025-08-15 11:28:32
1131,8261,8,2025-05-18 08:18:04
1132,1698,10,2025-02-07 04:50:06
1133,1912,4,2025-10-01 17:54:13
1134,9754,7,2025-09-01 15:29:21
1135,2321,7,2025-09-07 20:13:37
1136,4015,7,2025-09-16 16:33:43
1137,3848,4,2025-10-10 22:21:29
1138,130,9,2025-10-01 14:05:45
1139,8692,2,2025-08-31 10:10:54
1140,4304,8,2025-10-06 23:42:42
1141,4086,9,2025-08-15 23:31:53
1142,5261,2,2025-05-01 10:37:11
1143,1953,1,2025-04-29 16:07:33
1144,8748,7,2025-03-15 23:49:26
1145,531,2,2025-12-08 09:53:30
1146,9596,9,2025-03-24 20:10:09
1147,341,2,2025-06-19 16:21:17
1148,2507,6,2025-04-20 01:20:25
1149,1663,9,2025-02-15 07:53:02
1150,1891,6,2025-09-09 09:30:26
1151,4562,3,2025-07-01 18:45:34
1152,7130,10,2025-10-01 06:04:56
1153,5211,10,2025-09-19 03:00:56
1154,2700,3,2025-09-26 04:13:21
1155,7748,6,2025-11-06 22:44:57
1156,8421,7,2025-08-28 01:54:00
1157,5227,7,2025-03-05 14:50:30
1158,5433,4,2025-10-07 02:09:22
1159,7167,3,2025-01-25 10:33:31
1160,2583,1,2025-01-10 11:55:43
1161,3041,6,2025-09-06 04:00:22
1162,9742,9,2025-09-01 08:25:42
1163,9322,9,2025-06-16 06:45:54
1164,3856,4,2025-06-29 01:41:33
1165,1754,3,2025-09-28 16:42:33
1166,2731,3,2025-03-27 17:54:52
1167,7440,6,2025-11-04 12:07:21
1168,4915,5,2025-03-09 16:41:03
1169,1194,6,2025-07-09 12:59:36
1170,4592,1,2025-09-03 19:13:40
1171,226,7,2025-11-05 11:11:54
1172,125,3,2025-07-25 23:53:20
1173,1970,7,2025-07-27 11:28:20
1174,5655,9,2025-09-30 00:18:20
1175,7156,4,2025-06-04 16:36:14
1176,9779,8,2025-04-14 07:45:07
1177,4996,1,2025-10-15 07:46:25
1178,257,9,2025-04-19 13:04:23
1179,3285,5,2025-08-17 02:47:34
1180,9411,8,2025-04-25 13:40:35
1181,5244,7,2025-03-30 07:59:56
1182,1277,1,2025-10-14 05:25:49
1183,5339,9,2025-04-03 18:24:04
1184,9149,7,2025-05-30 04:30:38
1185,1655,1,2025-02-10 17:47:43
1186,7425,7,2025-05-23 20:54:18
1187,3331,4,2025-04-30 16:45:43
1188,3386,5,2025-07-12 16:42:35
1189,3988,8,2025-05-23 19:31:02
1190,7825,10,2025-09-15 19:28:49
1191,6835,6,2025-01-15 10:05:26
1192,2295,6,2025-07-09 07:00:04
1193,9820,5,2025-05-12 12:52:15
1194,5681,10,2025-10-07 07:58:08
1195,6867,6,2025-10-28 18:20:17
1196,7991,9,2025-07-11 08:29:58
1197,3414,6,2025-09-11 09:04:44
1198,209,6,2025-07-01 21:13:25
1199,53,5,2025-02-20 10:12:50
1200,2844,6,2025-01-14 22:32:20
1201,8827,5,2025-08-30 05:41:08
1202,8152,7,2025-06-15 23:22:45
1203,734,1,2025-04-28 08:48:56
1204,1216,1,2025-01-24 18:51:32
1205,8467,4,2025-03-05 18:25:26
1206,7443,6,2025-10-16 13:34:33
1207,2630,10,2025-05-25 12:49:34
1208,6127,4,2025-10-04 04:40:36
1209,6472,2,2025-02-13 11:12:34
1210,7902,2,2025-03-04 19:29:14
1211,7210,8,2025-12-10 23:52:45
1212,2596,5,2025-06-18 00:35:33
1213,8295,1,2025-08-21 17:29:51
1214,3960,8,2025-02-12 03:28:18
1215,6303,5,2025-09-28 22:32:46
1216,1341,1,2025-09-09 20:49:55
1217,8248,6,2025-07-02 00:04:23
1218,777,3,2025-03-06 17:08:08
1219,2329,3,2025-06-11 21:58:53
1220,9231,10,2025-02-05 06:48:10
1221,8539,8,2025-04-25 21:48:55
1222,5393,5,2025-05-17 14:51:47
1223,1012,3,2025-11-08 02:44:14
1224,9974,2,2025-02-22 09:44:25
1225,7811,5,2025-05-08 23:10:49
1226,9222,5,2025-03-11 01:12:24
1227,1764,3,2025-09-14 15:42:18
1228,1800,6,2025-02-22 15:12:32
1229,808,1,2025-03-06 22:23:07
1230,2213,4,2025-07-31 09:27:09
1231,3523,6,2025-07-18 13:52:12
1232,5091,2,2025-09-26 00:39:03
1233,7279,6,2025-02-22 16:40:31
1234,3973,1,2025-04-09 05:20:04
1235,9948,6,2025-09-30 13:33:32
1236,3964,8,2025-06-14 00:10:23
1237,3936,1,2025-11-08 10:16:08
1238,8529,2,2025-04-10 18:40:28
1239,2524,5,2025-02-11 03:35:52
1240,6302,3,2025-11-25 17:41:09
1241,1340,7,2025-04-11 20:14:13
1242,4881,9,2025-03-26 10:31:48
1243,1529,10,2025-11-26 13:00:49
1244,9859,10,2025-10-19 10:58:18
1245,6041,3,2025-08-21 10:16:05
1246,9493,10,2025-07-25 13:27:15
1247,2103,8,2025-05-11 02:26:23
1248,8613,1,2025-09-24 07:28:57
1249,3772,7,2025-01-22 20:35:44
1250,7075,3,2025-05-12 13:05:59
1251,762,3,2025-08-28 15:08:04
1252,7210,10,2025-06-10 00:12:05
1253,3375,8,2025-10-07 21:53:01
1254,2651,9,2025-03-24 18:02:08
1255,8837,3,2025-08-19 19:23:10
1256,3918,6,2025-01-24 22:38:59
1257,479,5,2025-05-09 16:54:52
1258,136,1,2025-05-19 20:50:31
1259,5063,10,2025-06-21 10:00:09
1260,4271,3,2025-05-27 14:34:05
1261,4047,8,2025-01-09 00:10:29
1262,6447,2,2025-08-30 14:54:47
1263,6686,10,2025-04-05 07:23:29
1264,195,8,2025-11-20 04:23:08
1265,9909,2,2025-01-23 08:50:58
1266,4072,6,2025-03-26 21:15:34
1267,2158,1,2025-02-27 12:37:06
1268,7192,10,2025-08-01 03:43:08
1269,1662,3,2025-03-12 16:56:32
1270,9600,4,2025-04-10 16:02:15
1271,9192,5,2025-12-08 11:42:19
1272,6252,2,2025-11-02 22:06:08
1273,6807,1,2025-02-05 03:42:09
1274,5205,5,2025-05-07 23:40:35
1275,8370,1,2025-01-22 05:41:44
1276,5894,7,2025-02-26 20:07:21
1277,5633,6,2025-10-05 09:56:27
1278,2313,7,2025-06-10 16:25:28
1279,1117,4,2025-02-10 08:27:59
1280,6035,5,2025-11-25 17:32:17
1281,4993,1,2025-09-13 15:31:29
1282,3931,7,2025-03-16 22:33:19
1283,9196,9,2025-04-13 11:00:02
1284,852,1,2025-06-17 01:58:26
1285,127,9,2025-07-30 10:30:36
1286,5720,3,2025-07-24 02:31:47
1287,7436,2,2025-06-11 16:32:13
1288,8956,8,2025-10-07 22:58:07
1289,577,1,2025-06-24 13:33:08
1290,783,10,2025-08-09 06:37:42
1291,7429,7,2025-07-03 21:32:35
1292,6951,8,2025-08-17 08:42:20
1293,3815,2,2025-04-20 06:43:17
1294,699,4,2025-07-23 08:37:10
1295,6912,6,2025-07-12 01:05:36
1296,2536,5,2025-01-31 16:06:49
1297,9231,2,2025-03-10 07:44:04
1298,6931,9,2025-03-04 21:27:23
1299,4493,9,2025-10-28 11:08:55
1300,3062,1,2025-08-18 22:07:38
1301,1425,7,2025-11-13 18:05:07
1302,3944,9,2025-12-07 18:17:55
1303,6598,3,2025-07-30 00:20:55
1304,2267,2,2025-05-23 21:00:04
1305,6000,5,2025-07-27 09:54:37
1306,6149,2,2025-08-30 15:05:02
1307,1991,8,2025-10-22 03:17:29
1308,8950,2,2025-08-09 03:39:36
1309,6928,10,2025-01-25 02:00:25
1310,1553,1,2025-08-11 20:24:43
1311,2317,5,2025-08-09 17:43:01
1312,7246,1,2025-06-27 06:51:01
1313,9344,2,2025-08-18 21:49:11
1314,2055,2,2025-09-12 13:03:32
1315,27,2,2025-10-04 20:57:59
1316,280,10,2025-08-20 09:02:02
1317,9939,7,2025-10-27 03:22:23
1318,652,6,2025-05-27 04:35:33
1319,1494,5,2025-10-20 20:26:28
1320,1172,6,2025-02-03 08:19:22
1321,8125,7,2025-11-12 20:16:40
1322,3986,3,2025-09-29 11:45:43
1323,7916,4,2025-08-31 11:18:51
1324,4099,1,2025-03-13 08:14:29
1325,119,3,2025-01-05 01:38:43
1326,3387,9,2025-11-08 02:43:47
1327,7697,1,2025-02-09 15:50:49
1328,2937,8,2025-03-27 05:24:58
1329,9814,9,2025-11-03 00:16:17
1330,5435,1,2025-10-17 10:29:21
1331,684,10,2025-10-26 13:37:49
1332,5831,3,2025-03-20 23:07:08
1333,1762,1,2025-03-29 10:54:28
1334,8058,1,2025-01-19 11:50:25
1335,2989,3,2025-07-14 03:28:45
1336,1386,9,2025-02-20 11:01:17
1337,6130,9,2025-02-05 00:25:46
1338,3230,6,2025-07-14 00:25:39
1339,5522,4,2025-06-28 17:10:35
1340,4523,7,2025-06-05 01:07:23
1341,9122,9,2025-07-07 06:34:27
1342,8192,9,2025-07-22 10:33:29
1343,9983,10,2025-11-17 05:53:14
1344,2058,8,2025-04-23 21:00:51
1345,2092,3,2025-06-23 16:14:11
1346,6912,5,2025-04-17 10:38:11
1347,3124,6,2025-02-21 12:16:27
1348,7737,9,2025-02-23 09:38:33
1349,2781,4,2025-03-25 00:53:58
1350,5457,4,2025-08-08 08:05:37
1351,8258,2,2025-01-30 17:48:58
1352,7027,2,2025-08-21 12:26:19
1353,6986,6,2025-08-09 16:05:35
1354,9794,4,2025-04-12 15:02:08
1355,2595,10,2025-08-11 09:52:26
1356,4039,1,2025-05-22 04:55:54
1357,69,5,2025-09-14 15:58:10
1358,4968,1,2025-07-06 04:53:51
1359,7302,1,2025-08-26 18:37:25
1360,398,1,2025-02-01 16:00:43
1361,1020,9,2025-07-17 06:15:30
1362,6325,2,2025-01-26 10:42:52
1363,8801,9,2025-01-18 00:34:47
1364,9740,9,2025-08-04 18:47:00
1365,4134,7,2025-09-03 21:12:08
1366,6664,1,2025-08-25 23:10:37
1367,7198,9,2025-07-03 21:57:21
1368,1660,3,2025-02-26 19:14:04
1369,5891,9,2025-04-11 22:12:29
1370,6754,4,2025-11-11 23:22:24
1371,5644,5,2025-02-09 23:49:49
1372,3710,6,2025-06-09 01:31:59
1373,8641,7,2025-05-03 08:51:04
1374,2315,8,2025-09-11 14:48:54
1375,3645,6,2025-11-23 16:04:24
1376,8188,8,2025-05-26 15:21:24
1377,1797,5,2025-08-09 17:16:48
1378,4164,5,2025-04-30 21:11:49
1379,1695,10,2025-03-30 12:48:35
1380,8351,3,2025-03-02 06:33:44
1381,3850,2,2025-04-26 14:44:13
1382,4378,6,2025-03-21 03:55:31
1383,4119,2,2025-12-10 14:54:18
1384,8673,7,2025-07-09 18:50:54
1385,9332,9,2025-10-27 01:25:44
1386,3074,9,2025-10-25 04:14:16
1387,4237,2,2025-02-19 13:52:37
1388,921,3,2025-11-10 01:27:38
1389,2052,9,2025-10-23 21:11:44
1390,3657,7,2025-04-11 16:49:35
1391,7511,9,2025-03-18 16:09:20
1392,1752,8,2025-07-22 14:23:37
1393,6717,6,2025-07-24 19:00:45
1394,3752,4,2025-05-29 05:22:50
1395,7681,5,2025-11-25 04:55:54
1396,375,8,2025-08-18 05:20:55
1397,921,5,2025-09-28 15:52:07
1398,2309,2,2025-05-27 00:57:37
1399,2895,7,2025-07-02 23:09:00
1400,2082,8,2025-07-10 13:52:00
1401,6744,5,2025-06-13 00:59:48
1402,4681,4,2025-05-14 22:52:02
1403,7246,2,2025-09-18 02:29:29
1404,9911,5,2025-03-12 18:38:32
1405,2753,10,2025-07-21 15:22:11
1406,6048,2,2025-02-12 12:14:00
1407,9218,7,2025-09-17 00:17:13
1408,7271,3,2025-10-28 15:59:14
1409,6409,7,2025-11-10 23:00:57
1410,6416,9,2025-08-31 00:53:39
1411,8295,9,2025-08-24 12:39:52
1412,8362,2,2025-05-13 12:13:23
1413,4327,10,2025-09-14 03:22:59
1414,2801,5,2025-04-06 16:28:34
1415,1376,10,2025-10-11 16:17:42
1416,5968,7,2025-07-09 02:16:01
1417,5333,2,2025-07-07 00:36:19
1418,8775,1,2025-10-11 17:09:12
1419,8618,3,2025-02-11 06:37:38
1420,8420,4,2025-09-22 17:53:06
1421,6712,4,2025-06-28 04:37:21
1422,7618,8,2025-06-08 09:43:50
1423,3614,4,2025-10-26 18:50:30
1424,2906,1,2025-06-08 15:14:12
1425,6217,3,2025-11-03 00:58:16
1426,4357,8,2025-11-15 10:10:38
1427,1515,7,2025-03-31 03:34:48
1428,4673,3,2025-11-05 09:34:20
1429,7065,5,2025-05-06 15:08:33
1430,7183,7,2025-06-02 21:24:25
1431,4855,3,2025-09-04 06:35:23
1432,4339,10,2025-01-14 20:17:10
1433,9436,8,2025-07-16 19:10:35
1434,1064,9,2025-06-20 02:33:55
1435,7779,2,2025-10-02 05:00:24
1436,8461,2,2025-02-04 17:02:01
1437,7121,10,2025-11-02 17:45:52
1438,7111,5,2025-06-24 10:54:09
1439,4283,10,2025-12-04 15:29:59
1440,648,5,2025-07-04 06:06:29
1441,7052,7,2025-08-09 02:12:57
1442,3894,4,2025-02-06 21:30:31
1443,3051,10,2025-01-13 03:22:54
1444,8754,1,2025-05-07 03:43:10
1445,7661,10,2025-04-11 02:49:30
1446,153,6,2025-08-04 02:21:15
1447,1056,4,2025-09-26 01:02:15
1448,3386,3,2025-09-17 03:55:17
1449,9071,5,2025-03-10 16:23:13
1450,3646,1,2025-06-23 14:01:41
1451,2297,7,2025-01-05 11:42:17
1452,6638,6,2025-05-15 03:06:20
1453,1965,8,2025-09-18 14:33:32
1454,6557,10,2025-02-01 17:46:47
1455,8675,7,2025-08-06 12:37:55
1456,9243,1,2025-04-13 07:18:15
1457,5704,4,2025-08-08 07:06:51
1458,9028,8,2025-01-03 20:37:07
1459,594,1,2025-03-19 21:49:26
1460,6103,3,2025-07-17 17:35:31
1461,9871,7,2025-10-30 14:14:29
1462,7851,2,2025-10-02 05:16:55
1463,6726,2,2025-10-02 01:55:01
1464,7917,9,2025-04-04 06:51:19
1465,9039,7,2025-03-23 17:09:56
1466,8646,10,2025-03-05 22:15:05
1467,1632,2,2025-01-14 10:46:48
1468,5803,6,2025-05-09 17:31:40
1469,2492,2,2025-09-02 01:56:06
1470,7004,4,2025-03-11 18:04:03
1471,6370,1,2025-02-06 09:07:25
1472,1206,10,2025-09-20 10:19:33
1473,6978,2,2025-11-11 13:24:53
1474,5924,4,2025-08-12 19:33:10
1475,9650,1,2025-09-13 01:53:01
1476,5048,3,2025-06-21 03:53:19
1477,4935,9,2025-08-14 17:09:41
1478,9873,3,2025-07-14 20:16:31
1479,9592,10,2025-09-05 20:23:51
1480,7557,6,2025-07-06 09:05:27
1481,7142,10,2025-04-10 16:08:51
1482,1696,5,2025-03-22 23:25:30
1483,915,9,2025-05-07 10:45:31
1484,2789,2,2025-04-05 15:25:24
1485,3025,3,2025-06-17 12:00:25
1486,3484,2,2025-08-11 03:45:27
1487,8067,1,2025-07-27 01:14:09
1488,2127,5,2025-09-05 21:12:38
1489,920,3,2025-03-23 13:54:02
1490,2255,1,2025-11-18 00:57:23
1491,8452,8,2025-04-13 08:27:36
1492,2570,5,2025-04-07 13:09:16
1493,6212,9,2025-05-09 16:34:40
1494,2674,9,2025-11-08 22:32:14
1495,3674,7,2025-03-21 16:04:14
1496,1473,8,2025-05-15 06:59:47
1497,3494,5,2025-01-21 10:30:43
1498,8046,1,2025-09-21 12:27:44
1499,9877,8,2025-03-30 01:32:51
1500,3771,8,2025-07-24 06:32:04
1501,3807,9,2025-01-30 19:58:41
1502,866,9,2025-06-20 05:08:11
1503,7108,1,2025-07-30 02:48:38
1504,8479,4,2025-02-11 21:52:23
1505,3446,1,2025-04-14 13:21:29
1506,7782,7,2025-10-21 22:28:34
1507,4509,10,2025-06-08 10:53:57
1508,2891,5,2025-10-19 02:35:41
1509,8666,4,2025-02-06 18:49:39
1510,3176,10,2025-02-20 03:42:55
1511,1667,4,2025-02-27 12:52:26
1512,7144,6,2025-07-30 10:59:08
1513,6137,4,2025-04-11 02:30:14
1514,7056,3,2025-04-16 22:07:02
1515,3868,2,2025-02-21 10:16:31
1516,7978,4,2025-05-11 05:04:04
1517,9224,10,2025-04-22 03:56:58
1518,9922,7,2025-07-21 22:46:33
1519,5479,3,2025-11-18 10:09:08
1520,7816,2,2025-04-06 11:24:03
1521,4195,3,2025-06-11 11:26:48
1522,3470,5,2025-01-22 15:07:31
1523,1524,4,2025-09-17 08:47:20
1524,3282,9,2025-09-01 20:16:49
1525,2014,9,2025-11-22 10:05:30
1526,8034,1,2025-09-20 22:00:08
1527,562,8,2025-07-14 02:33:44
1528,3052,7,2025-04-26 13:27:20
1529,6972,7,2025-07-26 22:48:30
1530,1817,2,2025-07-11 17:03:34
1531,4593,4,2025-07-18 10:24:04
1532,5443,3,2025-07-27 23:21:07
1533,1542,1,2025-11-28 12:45:14
1534,4222,2,2025-05-03 01:17:58
1535,7988,5,2025-07-25 17:22:24
1536,4986,5,2025-01-23 04:43:31
1537,381,4,2025-09-01 18:12:20
1538,1386,6,2025-10-13 13:10:05
1539,2166,2,2025-05-14 19:52:59
1540,953,6,2025-05-04 03:05:44
1541,846,7,2025-07-13 05:22:03
1542,4372,2,2025-08-01 16:06:42
1543,4922,1,2025-02-27 01:43:19
1544,9163,2,2025-04-02 05:32:45
1545,7329,5,2025-05-29 11:27:05
1546,4291,2,2025-10-12 17:02:14
1547,3338,8,2025-03-15 13:53:47
1548,7773,5,2025-09-29 10:59:36
1549,6950,10,2025-01-09 03:48:34
1550,2557,2,2025-10-02 05:57:59
1551,3226,8,2025-01-05 03:36:05
1552,9658,4,2025-08-09 05:41:45
1553,8242,2,2025-03-21 05:42:08
1554,728,5,2025-05-14 03:37:07
1555,5632,7,2025-02-07 23:55:43
1556,9879,6,2025-10-07 04:14:52
1557,8645,8,2025-07-22 14:40:44
1558,8887,8,2025-09-05 04:29:48
1559,1674,1,2025-05-13 16:37:05
1560,4470,7,2025-06-05 04:24:10
1561,9980,9,2025-06-13 03:19:15
1562,1356,5,2025-11-24 08:23:41
1563,7914,6,2025-03-27 08:28:40
1564,7800,5,2025-04-05 09:44:33
1565,2881,4,2025-09-24 09:49:49
1566,2012,7,2025-07-26 22:04:17
1567,1730,7,2025-07-26 00:26:48
1568,4161,1,2025-03-03 14:13:18
1569,1292,8,2025-02-13 00:10:18
1570,6772,1,2025-10-17 17:36:52
1571,5774,9,2025-09-14 20:27:06
1572,2829,6,2025-02-18 12:08:47
1573,848,10,2025-09-23 10:00:04
1574,6606,10,2025-07-27 04:08:04
1575,8740,2,2025-02-18 20:11:12
1576,1621,1,2025-01-20 08:59:18
1577,8878,10,2025-02-25 04:10:16
1578,1971,10,2025-07-21 06:59:06
1579,1906,7,2025-08-16 10:15:33
1580,2600,5,2025-06-21 17:39:08
1581,246,6,2025-02-27 04:20:36
1582,7680,4,2025-08-01 18:39:57
1583,6285,9,2025-07-08 20:18:37
1584,4295,9,2025-03-05 23:57:39
1585,6183,9,2025-05-20 08:54:34
1586,5681,5,2025-09-27 16:02:10
1587,6015,4,2025-03-12 01:12:59
1588,2164,7,2025-03-13 14:28:27
1589,5461,2,2025-08-15 15:39:28
1590,1732,2,2025-10-26 01:29:53
1591,9063,9,2025-10-05 13:04:41
1592,3717,3,2025-07-16 10:46:58
1593,5654,4,2025-07-01 05:27:48
1594,2181,8,2025-09-26 18:40:57
1595,3909,4,2025-09-13 17:44:10
1596,601,1,2025-06-03 07:29:33
1597,7305,4,2025-03-03 17:25:50
1598,891,2,2025-03-22 11:58:27
1599,9656,4,2025-10-02 17:59:12
1600,3120,8,2025-03-14 11:12:27
1601,9906,3,2025-06-20 10:01:20
1602,6568,3,2025-03-03 00:26:50
1603,590,7,2025-10-21 07:50:25
1604,3342,4,2025-05-13 17:47:21
1605,6677,6,2025-03-09 08:09:53
1606,2147,10,2025-03-13 21:23:18
1607,2183,4,2025-11-22 23:48:23
1608,6080,4,2025-05-01 22:25:53
1609,2598,5,2025-10-08 09:23:56
1610,726,8,2025-07-22 15:36:55
1611,1635,8,2025-08-18 14:59:20
1612,6392,1,2025-01-22 11:15:48
1613,5539,1,2025-06-04 08:26:41
1614,9121,10,2025-05-11 11:01:38
1615,7727,8,2025-07-13 06:07:27
1616,8599,6,2025-03-18 01:19:06
1617,2661,9,2025-09-03 18:19:31
1618,2177,8,2025-07-02 08:37:11
1619,1158,2,2025-05-01 00:15:09
1620,4105,3,2025-11-12 17:22:57
1621,1193,8,2025-04-29 21:02:26
1622,2976,5,2025-02-13 21:56:20
1623,7561,8,2025-02-02 04:18:50
1624,1911,10,2025-10-29 21:53:39
1625,1328,3,2025-07-28 14:53:02
1626,6639,9,2025-07-21 04:49:50
1627,3219,7,2025-03-16 13:08:30
1628,479,4,2025-02-06 09:05:04
1629,4859,2,2025-07-24 02:05:34
1630,1163,10,2025-10-18 05:32:08
1631,3830,5,2025-11-12 11:10:44
1632,4536,7,2025-10-08 20:04:17
1633,8606,2,2025-11-23 06:21:12
1634,4606,8,2025-06-28 00:26:15
1635,4968,2,2025-06-20 21:02:13
1636,7586,4,2025-01-19 19:04:33
1637,3804,7,2025-04-02 03:49:34
1638,2810,1,2025-07-05 15:34:04
1639,1098,1,2025-04-10 09:37:51
1640,4208,9,2025-11-29 11:57:22
1641,6914,6,2025-03-09 14:16:24
1642,2500,5,2025-02-25 05:24:30
1643,1243,1,2025-11-11 16:56:17
1644,23,10,2025-01-05 14:59:16
1645,3302,5,2025-09-18 06:20:29
1646,379,2,2025-07-07 19:41:46
1647,2895,2,2025-02-08 09:10:57
1648,1280,1,2025-07-08 08:58:15
1649,6371,1,2025-11-30 23:20:50
1650,3744,6,2025-11-30 03:27:53
1651,4808,10,2025-06-17 08:44:06
1652,3646,4,2025-07-03 06:48:53
1653,7696,7,2025-11-24 22:19:38
1654,5435,5,2025-08-31 18:41:25
1655,8602,8,2025-01-30 18:22:44
1656,4248,4,2025-11-14 20:03:29
1657,529,9,2025-08-23 17:24:57
1658,8465,1,2025-03-28 17:31:17
1659,7043,3,2025-04-26 02:23:06
1660,1049,4,2025-09-24 00:13:16
1661,3821,7,2025-07-26 22:20:20
1662,8854,5,2025-07-12 13:03:59
1663,2893,3,2025-10-05 18:02:35
1664,8506,1,2025-02-24 20:20:32
1665,8764,2,2025-12-02 13:59:00
1666,16,6,2025-05-20 16:57:03
1667,1653,7,2025-01-10 02:03:39
1668,2437,3,2025-07-18 01:27:50
1669,4110,8,2025-08-08 07:41:30
1670,613,10,2025-11-19 01:38:35
1671,5276,10,2025-02-05 05:34:09
1672,8584,10,2025-10-15 13:37:23
1673,9156,8,2025-08-06 14:36:05
1674,6225,4,2025-06-16 22:38:12
1675,6655,10,2025-11-14 19:19:40
1676,6512,10,2025-03-08 14:05:24
1677,4792,10,2025-06-14 17:18:04
1678,9005,9,2025-08-13 14:12:24
1679,7111,4,2025-01-30 05:24:50
1680,6956,6,2025-10-24 18:58:40
1681,264,1,2025-03-22 15:30:59
1682,3922,2,2025-07-10 12:57:37
1683,6795,8,2025-06-15 01:12:33
1684,1755,6,2025-02-12 18:10:37
1685,2510,8,2025-07-16 17:19:40
1686,4551,6,2025-01-14 19:42:18
1687,5886,9,2025-03-16 23:24:07
1688,7025,10,2025-10-26 07:16:44
1689,9789,6,2025-06-11 22:59:06
1690,885,1,2025-02-12 15:32:36
1691,3178,3,2025-05-17 04:54:59
1692,7879,6,2025-01-27 14:22:30
1693,4380,2,2025-05-15 08:30:39
1694,680,6,2025-08-02 09:18:14
1695,6559,5,2025-06-16 15:03:43
1696,7620,5,2025-02-20 14:55:15
1697,606,2,2025-02-15 17:23:10
1698,601,9,2025-09-07 15:08:27
1699,5950,8,2025-08-31 14:07:35
1700,7851,5,2025-01-27 10:41:34
1701,6463,3,2025-06-05 23:25:34
1702,8772,8,2025-05-30 17:12:02
1703,1519,5,2025-04-12 10:30:28
1704,9856,4,2025-12-03 01:36:34
1705,8139,3,2025-11-24 01:37:03
1706,7665,9,2025-04-22 08:25:53
1707,4613,10,2025-05-11 03:49:08
1708,4410,9,2025-05-08 19:48:40
1709,5208,9,2025-06-15 16:39:21
1710,5039,8,2025-05-28 02:34:08
1711,9570,8,2025-02-23 15:22:24
1712,6423,4,2025-03-02 06:36:56
1713,7605,10,2025-07-04 01:00:41
1714,3603,10,2025-12-07 04:52:25
1715,210,1,2025-02-14 01:12:28
1716,7547,3,2025-11-18 22:57:36
1717,2563,7,2025-12-05 02:21:33
1718,3821,5,2025-07-18 14:15:51
1719,386,3,2025-01-31 00:06:53
1720,3748,9,2025-09-28 10:28:14
1721,2575,8,2025-05-04 01:02:47
1722,9297,10,2025-11-27 13:34:38
1723,3442,7,2025-01-05 16:25:27
1724,4871,8,2025-07-03 23:57:43
1725,7764,3,2025-07-02 03:45:47
1726,302,3,2025-05-13 04:50:22
1727,4510,10,2025-07-03 18:57:16
1728,1009,4,2025-11-03 13:04:44
1729,6783,7,2025-10-09 08:06:43
1730,8608,10,2025-05-20 13:01:25
1731,2153,10,2025-03-28 19:19:03
1732,8599,8,2025-08-28 23:30:59
1733,2104,3,2025-10-29 13:10:22
1734,3387,3,2025-06-09 14:39:42
1735,4045,10,2025-08-10 03:49:59
1736,8196,8,2025-12-01 05:58:00
1737,3133,6,2025-09-03 11:20:44
1738,3695,3,2025-07-21 07:05:20
1739,6570,4,2025-06-01 01:48:15
1740,6508,3,2025-03-15 20:25:33
1741,9388,4,2025-10-05 10:14:52
1742,7766,2,2025-03-04 09:05:14
1743,2923,1,2025-06-11 18:36:28
1744,1464,4,2025-10-26 16:08:51
1745,8911,8,2025-02-01 20:26:38
1746,7930,7,2025-06-14 06:31:45
1747,948,3,2025-11-23 09:22:13
1748,4654,7,2025-08-13 14:49:58
1749,7739,7,2025-08-08 15:43:37
1750,9732,10,2025-09-02 22:16:21
1751,4120,2,2025-06-14 06:38:55
1752,8994,1,2025-07-31 05:58:12
1753,4655,8,2025-07-15 14:36:44
1754,2264,1,2025-01-08 23:46:54
1755,7711,10,2025-04-12 19:49:50
1756,1199,9,2025-07-14 06:44:32
1757,2387,5,2025-05-01 07:31:40
1758,1601,6,2025-09-03 13:25:02
1759,1967,1,2025-01-17 15:08:55
1760,6976,3,2025-11-05 14:34:55
1761,6174,8,2025-05-29 00:50:51
1762,6998,3,2025-01-22 06:05:46
1763,3292,6,2025-04-15 09:21:15
1764,8670,10,2025-11-08 06:32:37
1765,1850,9,2025-07-03 22:58:26
1766,7154,3,2025-09-23 21:03:01
1767,3398,10,2025-10-13 03:44:45
1768,1475,10,2025-09-22 04:32:39
1769,8707,4,2025-08-06 11:18:48
1770,9230,7,2025-11-26 19:47:18
1771,4842,3,2025-09-19 03:43:26
1772,1196,1,2025-04-18 00:07:17
1773,8713,2,2025-04-21 21:06:19
1774,7978,4,2025-03-31 17:55:39
1775,9828,7,2025-01-12 16:22:20
1776,7185,5,2025-08-28 08:21:55
1777,5337,5,2025-09-02 07:49:52
1778,3067,2,2025-04-25 12:47:31
1779,4103,7,2025-04-20 18:37:32
1780,6901,2,2025-08-12 08:16:03
1781,7592,7,2025-03-30 02:44:50
1782,4520,2,2025-10-25 15:51:37
1783,6887,8,2025-08-16 09:02:11
1784,5714,8,2025-01-03 00:50:32
1785,9657,9,2025-12-05 19:04:46
1786,9828,2,2025-05-30 22:04:50
1787,4907,1,2025-07-14 00:51:02
1788,116,8,2025-08-09 23:25:34
1789,1128,2,2025-05-08 08:08:12
1790,1341,3,2025-04-28 05:52:01
1791,4695,6,2025-11-17 15:31:50
1792,1138,5,2025-01-01 04:36:56
1793,4807,6,2025-06-17 05:05:57
1794,80,9,2025-01-07 15:49:16
1795,4117,8,2025-01-16 12:56:44
1796,442,5,2025-11-28 13:56:56
1797,4231,3,2025-07-24 03:23:17
1798,9983,1,2025-07-29 04:28:34
1799,2272,5,2025-02-07 10:41:12
1800,1594,1,2025-07-07 08:50:10
1801,3168,5,2025-08-03 16:35:08
1802,8764,9,2025-09-29 05:15:16
1803,4045,8,2025-09-01 04:47:32
1804,3457,4,2025-04-30 19:02:16
1805,6987,8,2025-07-27 23:17:03
1806,5571,7,2025-05-03 08:58:49
1807,3780,4,2025-09-20 04:59:54
1808,9524,3,2025-04-12 15:33:27
1809,934,10,2025-02-21 19:20:31
1810,6306,6,2025-05-02 20:00:07
1811,2721,8,2025-06-17 10:24:22
1812,1223,3,2025-08-12 12:41:51
1813,3019,4,2025-04-07 20:38:46
1814,8955,10,2025-05-14 02:52:45
1815,799,4,2025-09-29 10:21:13
1816,8483,8,2025-03-15 16:01:00
1817,3600,3,2025-10-27 09:57:38
1818,95,7,2025-04-29 15:23:41
1819,8762,2,2025-03-15 12:45:17
1820,2244,6,2025-01-27 04:38:22
1821,4289,8,2025-10-29 13:13:14
1822,90,1,2025-04-01 10:57:07
1823,8759,8,2025-10-11 18:23:24
1824,7329,8,2025-11-20 13:35:06
1825,222,9,2025-07-25 09:50:31
1826,6982,10,2025-07-28 13:23:18
1827,8820,2,2025-04-30 11:32:39
1828,6985,10,2025-11-11 13:01:26
1829,9724,7,2025-02-16 08:35:13
1830,7862,1,2025-08-20 08:38:38
1831,2052,9,2025-08-07 08:41:02
1832,515,1,2025-11-03 22:50:25
1833,8013,5,2025-09-08 03:53:58
1834,502,5,2025-08-26 01:57:53
1835,6150,10,2025-05-29 02:29:20
1836,3073,6,2025-05-21 21:52:52
1837,4469,6,2025-07-06 17:33:02
1838,825,5,2025-03-26 18:15:25
1839,5839,6,2025-06-29 01:46:15
1840,6166,10,2025-06-10 15:25:36
1841,4391,8,2025-10-01 11:56:09
1842,7326,6,2025-11-11 18:11:13
1843,3215,8,2025-06-02 19:19:58
1844,8205,3,2025-04-27 18:22:24
1845,3020,4,2025-02-10 18:32:13
1846,3594,5,2025-09-14 01:27:56
1847,6513,1,2025-12-07 09:22:55
1848,9473,3,2025-07-04 18:38:51
1849,7554,4,2025-04-13 16:33:58
1850,4611,5,2025-01-23 00:09:02
1851,3350,7,2025-01-29 20:04:34
1852,2749,10,2025-12-02 23:16:13
1853,8448,7,2025-05-30 21:51:23
1854,3683,4,2025-11-03 01:43:37
1855,98,7,2025-01-04 20:08:03
1856,1822,7,2025-08-05 10:38:54
1857,2880,6,2025-08-03 21:46:03
1858,972,9,2025-06-15 21:16:57
1859,2028,8,2025-06-26 14:03:30
1860,6755,3,2025-02-02 12:33:55
1861,985,4,2025-02-13 04:07:06
1862,8432,3,2025-11-18 14:33:35
1863,7810,1,2025-04-21 19:14:20
1864,8976,7,2025-10-16 23:16:48
1865,7416,10,2025-07-01 01:36:17
1866,2941,3,2025-04-28 21:01:45
1867,7742,8,2025-02-10 20:09:38
1868,1017,8,2025-02-02 10:28:17
1869,7343,8,2025-04-19 19:17:48
1870,7507,5,2025-07-23 22:33:39
1871,9159,9,2025-01-09 22:01:57
1872,7877,5,2025-01-04 13:26:41
1873,6063,4,2025-09-16 03:07:33
1874,6916,10,2025-09-04 05:49:44
1875,5479,10,2025-06-28 00:02:07
1876,7782,10,2025-01-01 23:44:18
1877,4733,3,2025-03-21 15:08:41
1878,1688,3,2025-11-11 22:15:01
1879,4862,5,2025-04-14 14:04:54
1880,6034,5,2025-11-22 17:39:19
1881,4341,8,2025-03-03 05:55:06
1882,6670,10,2025-03-15 06:21:18
1883,6725,5,2025-12-11 00:28:31
1884,9177,7,2025-12-06 22:50:54
1885,3734,4,2025-10-18 20:41:07
1886,6981,5,2025-05-18 01:23:53
1887,6014,3,2025-09-10 18:22:36
1888,3329,6,2025-10-07 23:05:24
1889,6115,6,2025-04-05 14:42:18
1890,1189,5,2025-08-22 15:11:38
1891,2179,7,2025-05-04 05:50:41
1892,4310,9,2025-10-09 21:58:47
1893,9246,7,2025-03-04 00:58:21
1894,2208,1,2025-09-16 23:24:41
1895,8589,2,2025-08-30 20:05:40
1896,1200,10,2025-07-17 13:11:09
1897,3893,10,2025-01-24 15:46:47
1898,1631,5,2025-11-21 20:21:18
1899,5827,2,2025-10-17 11:25:58
1900,8619,8,2025-01-19 11:39:25
1901,1291,1,2025-09-05 06:42:51
1902,8070,1,2025-07-05 01:40:32
1903,2961,8,2025-08-17 00:08:35
1904,5929,2,2025-05-11 01:33:38
1905,6201,2,2025-06-01 10:09:46
1906,3498,5,2025-06-15 10:41:02
1907,3722,7,2025-06-30 02:40:55
1908,3293,4,2025-06-28 13:46:20
1909,2100,1,2025-09-23 19:12:49
1910,9416,6,2025-03-27 06:24:20
1911,2613,9,2025-12-02 18:47:02
1912,5237,8,2025-07-02 00:20:17
1913,2833,2,2025-10-08 18:19:12
1914,1657,4,2025-10-28 01:43:28
1915,8834,1,2025-01-11 10:38:56
1916,379,1,2025-12-06 04:28:25
1917,8298,2,2025-08-30 12:32:25
1918,5337,9,2025-10-12 18:57:01
1919,3732,10,2025-08-20 15:24:26
1920,8138,7,2025-07-22 01:15:40
1921,1632,10,2025-11-16 01:02:46
1922,5331,3,2025-02-28 18:39:11
1923,9764,9,2025-10-14 00:21:50
1924,1654,7,2025-05-13 02:43:29
1925,7886,10,2025-09-20 21:22:52
1926,3029,4,2025-05-27 22:32:00
1927,4505,8,2025-07-03 05:38:45
1928,1110,5,2025-08-19 10:19:57
1929,6968,10,2025-10-19 09:28:51
1930,5343,2,2025-08-05 18:32:02
1931,4606,7,2025-05-22 22:28:12
1932,3502,3,2025-05-07 05:02:30
1933,8465,10,2025-02-08 22:42:09
1934,1328,3,2025-04-23 04:52:27
1935,9138,1,2025-07-09 13:42:58
1936,3954,4,2025-03-02 10:48:02
1937,6625,3,2025-11-03 01:46:26
1938,4923,4,2025-07-11 20:44:04
1939,1791,9,2025-05-26 14:02:04
1940,139,9,2025-11-17 03:55:46
1941,1698,1,2025-03-12 08:37:59
1942,1183,9,2025-07-18 08:05:21
1943,6760,8,2025-10-30 14:51:48
1944,8400,8,2025-05-20 07:43:55
1945,2554,8,2025-01-13 07:36:32
1946,6237,1,2025-02-24 07:47:32
1947,875,9,2025-04-11 22:42:29
1948,9486,1,2025-06-18 12:46:38
1949,3601,9,2025-05-10 17:49:02
1950,1040,4,2025-06-25 05:18:06
1951,5622,8,2025-09-13 16:23:58
1952,7199,9,2025-06-27 12:22:09
1953,1283,2,2025-08-20 00:16:36
1954,6996,4,2025-05-06 03:04:17
1955,4752,9,2025-08-24 10:29:03
1956,9493,9,2025-09-26 10:31:02
1957,1692,8,2025-02-05 18:50:21
1958,5269,10,2025-02-21 06:06:57
1959,1476,7,2025-10-13 06:51:14
1960,7945,4,2025-07-22 08:35:48
1961,7757,1,2025-11-29 10:37:54
1962,9635,6,2025-10-25 05:47:30
1963,4604,7,2025-12-04 21:05:39
1964,1042,7,2025-01-02 15:36:50
1965,1536,10,2025-11-15 22:54:01
1966,1640,4,2025-06-11 19:02:42
1967,6043,6,2025-12-06 08:11:43
1968,4569,1,2025-05-04 12:45:55
1969,9128,9,2025-04-19 12:54:06
1970,4664,9,2025-03-05 10:32:22
1971,7347,5,2025-03-13 16:55:44
1972,8710,9,2025-12-05 15:47:27
1973,2292,10,2025-03-24 07:30:34
1974,8520,6,2025-02-17 19:29:00
1975,8740,7,2025-02-01 10:22:07
1976,3176,1,2025-04-20 09:16:18
1977,2200,7,2025-11-26 11:30:13
1978,8370,9,2025-09-14 01:17:30
1979,5619,5,2025-05-25 14:10:52
1980,7465,9,2025-05-20 21:53:55
1981,1068,10,2025-11-13 15:33:48
1982,5381,6,2025-02-26 02:14:36
1983,2620,10,2025-05-22 20:52:24
1984,8470,4,2025-07-31 23:40:29
1985,7466,1,2025-01-22 00:59:31
1986,5475,2,2025-10-29 05:03:26
1987,4424,10,2025-05-15 18:48:24
1988,4532,4,2025-11-19 17:38:57
1989,9529,7,2025-10-30 12:48:22
1990,3784,1,2025-04-29 19:31:22
1991,7550,4,2025-02-28 19:12:07
1992,7081,1,2025-11-27 13:11:43
1993,2820,8,2025-07-01 18:26:04
1994,1933,5,2025-06-30 14:10:04
1995,3413,6,2025-11-22 05:12:49
1996,2735,9,2025-03-05 08:47:39
1997,7656,10,2025-08-24 08:57:25
1998,6604,6,2025-11-03 11:03:37
1999,2125,7,2025-03-18 08:42:08
2000,2456,10,2025-10-11 07:58:35
2001,8594,1,2025-07-05 21:51:56
2002,1381,9,2025-02-06 13:35:49
2003,1489,2,2025-05-22 05:04:18
2004,6749,5,2025-02-12 16:45:15
2005,9218,10,2025-10-30 19:52:54
2006,8881,7,2025-06-19 18:23:11
2007,2920,8,2025-09-22 03:08:24
2008,681,2,2025-10-05 06:27:44
2009,6507,8,2025-06-17 20:17:00
2010,30,6,2025-03-03 16:21:44
2011,2706,2,2025-03-20 14:04:58
2012,4508,4,2025-11-19 00:03:25
2013,5416,2,2025-01-26 15:44:44
2014,5370,7,2025-02-13 07:41:28
2015,6603,7,2025-01-07 11:53:14
2016,3528,5,2025-11-24 18:45:32
2017,5054,4,2025-08-09 21:34:26
2018,5496,8,2025-02-26 01:26:10
2019,9022,5,2025-05-16 19:42:33
2020,2700,10,2025-12-05 19:43:34
2021,1791,7,2025-10-17 10:22:38
2022,8403,5,2025-01-30 13:58:39
2023,1518,8,2025-07-17 11:01:32
2024,6223,5,2025-12-06 14:58:02
2025,5676,6,2025-05-11 01:23:55
2026,5670,8,2025-10-01 06:17:43
2027,7536,7,2025-06-03 23:44:50
2028,4764,8,2025-07-06 08:09:07
2029,8439,3,2025-11-10 03:39:09
2030,9048,5,2025-11-16 17:59:53
2031,5623,4,2025-07-01 04:06:30
2032,8096,3,2025-11-05 05:40:24
2033,5949,2,2025-05-20 00:42:42
2034,1587,4,2025-11-29 17:53:24
2035,6589,5,2025-03-23 06:47:11
2036,3943,10,2025-11-18 05:28:40
2037,3209,3,2025-05-06 21:21:45
2038,9491,2,2025-06-15 07:02:50
2039,4881,10,2025-11-19 13:07:40
2040,1648,6,2025-07-04 12:16:57
2041,423,9,2025-07-09 17:34:04
2042,494,1,2025-08-02 06:12:56
2043,7890,7,2025-10-20 04:20:54
2044,5294,9,2025-08-23 22:18:14
2045,5989,3,2025-10-07 17:16:57
2046,5257,6,2025-02-18 18:43:07
2047,6051,6,2025-05-27 17:28:35
2048,5066,6,2025-03-09 07:37:49
2049,4659,5,2025-03-24 02:31:34
2050,4108,1,2025-08-02 18:27:31
2051,1778,2,2025-07-21 14:58:54
2052,8150,4,2025-02-27 18:28:11
2053,1041,2,2025-09-24 23:47:36
2054,513,4,2025-09-09 13:18:41
2055,6768,6,2025-05-24 09:15:40
2056,1090,4,2025-02-03 09:34:39
2057,551,2,2025-12-05 04:05:43
2058,7745,1,2025-09-06 11:17:20
2059,2699,6,2025-10-18 22:43:48
2060,2143,8,2025-09-11 11:04:07
2061,9395,6,2025-10-18 15:25:39
2062,6944,8,2025-07-08 15:24:47
2063,9316,5,2025-01-08 08:24:02
2064,2251,1,2025-05-04 18:52:52
2065,5197,3,2025-06-13 06:57:57
2066,760,8,2025-07-20 14:22:01
2067,4551,5,2025-11-17 17:33:32
2068,9261,8,2025-04-16 15:34:24
2069,6553,6,2025-03-19 22:06:20
2070,3815,10,2025-07-14 00:33:17
2071,7115,6,2025-05-30 08:40:36
2072,3910,6,2025-09-13 06:24:36
2073,8658,10,2025-09-03 02:18:20
2074,2478,8,2025-03-12 11:16:14
2075,9437,5,2025-06-30 06:21:29
2076,5571,4,2025-05-24 23:24:58
2077,6411,1,2025-01-29 23:08:36
2078,6902,7,2025-05-06 23:24:16
2079,1501,5,2025-08-09 03:12:02
2080,2798,5,2025-02-10 20:37:51
2081,315,4,2025-01-02 21:10:13
2082,3768,8,2025-07-07 00:31:23
2083,5290,4,2025-03-02 19:07:48
2084,3652,2,2025-08-11 16:03:57
2085,7275,9,2025-09-14 10:09:36
2086,6786,3,2025-09-10 01:25:38
2087,4250,9,2025-09-05 12:33:33
2088,1017,6,2025-10-02 17:30:27
2089,9626,4,2025-04-05 17:20:58
2090,8409,10,2025-05-23 08:33:23
2091,7505,9,2025-11-14 18:24:24
2092,8070,4,2025-01-23 03:02:34
2093,188,1,2025-03-07 04:34:16
2094,4922,2,2025-10-07 06:01:25
2095,8383,3,2025-07-05 07:45:06
2096,9651,6,2025-03-31 23:20:40
2097,7202,9,2025-06-30 17:57:44
2098,2545,5,2025-03-21 13:58:33
2099,5550,3,2025-07-23 22:30:47
2100,8543,7,2025-09-25 21:24:41
2101,7531,7,2025-11-03 05:23:08
2102,8059,2,2025-03-25 22:43:58
2103,4272,5,2025-08-23 09:33:04
2104,5723,6,2025-07-27 17:12:20
2105,2002,4,2025-08-30 09:27:14
2106,6678,4,2025-09-24 12:40:25
2107,495,6,2025-07-28 19:26:21
2108,4273,4,2025-11-10 10:05:02
2109,6721,2,2025-09-03 20:30:38
2110,8518,2,2025-10-03 01:40:00
2111,2945,2,2025-09-27 17:35:13
2112,9205,5,2025-01-07 17:40:21
2113,7626,5,2025-08-26 22:00:05
2114,1089,7,2025-06-12 17:31:03
2115,6131,1,2025-09-29 21:54:36
2116,9294,10,2025-06-19 06:00:02
2117,2016,10,2025-09-01 05:08:00
2118,4904,9,2025-07-31 14:06:08
2119,8903,3,2025-03-03 15:27:41
2120,1244,5,2025-06-27 18:10:13
2121,4994,8,2025-12-10 17:46:43
2122,8790,3,2025-07-14 17:09:39
2123,5040,2,2025-01-17 08:40:12
2124,1775,7,2025-04-09 00:38:34
2125,4867,3,2025-03-06 05:27:48
2126,4004,4,2025-04-07 06:00:23
2127,206,10,2025-11-21 00:29:01
2128,8126,2,2025-06-23 12:15:55
2129,2132,4,2025-07-21 08:30:59
2130,9184,10,2025-09-13 21:51:29
2131,5256,1,2025-06-11 14:33:25
2132,2319,6,2025-05-29 21:43:30
2133,2614,1,2025-07-16 09:41:37
2134,8426,2,2025-06-25 18:10:16
2135,1879,8,2025-01-07 17:16:35
2136,2447,6,2025-02-15 19:40:16
2137,2597,10,2025-03-19 03:00:50
2138,2443,10,2025-04-15 01:44:11
2139,2638,6,2025-10-12 18:00:01
2140,1285,7,2025-06-27 11:54:19
2141,1227,2,2025-11-01 07:01:02
2142,4804,10,2025-04-21 03:05:50
2143,5002,8,2025-08-04 23:18:35
2144,9612,2,2025-08-02 17:42:56
2145,9459,3,2025-04-25 01:23:06
2146,9265,2,2025-01-21 21:30:32
2147,3773,6,2025-01-28 12:22:45
2148,3676,9,2025-10-12 10:54:19
2149,3086,6,2025-03-11 04:52:55
2150,1262,5,2025-01-21 17:08:42
2151,7356,5,2025-05-07 16:01:58
2152,7886,8,2025-11-22 17:09:46
2153,5223,3,2025-06-19 17:56:33
2154,1047,8,2025-04-08 09:10:57
2155,1438,5,2025-09-01 03:39:39
2156,4888,10,2025-08-15 19:18:30
2157,1333,2,2025-03-02 14:41:27
2158,6194,5,2025-01-13 02:41:08
2159,3841,5,2025-08-29 15:16:15
2160,9870,5,2025-06-22 03:04:14
2161,7993,10,2025-03-11 18:14:10
2162,8742,1,2025-04-21 04:24:18
2163,5982,4,2025-06-04 14:09:18
2164,5095,4,2025-01-09 23:32:47
2165,5378,3,2025-01-03 16:03:11
2166,7888,1,2025-01-01 16:29:27
2167,8653,9,2025-08-17 12:28:00
2168,583,5,2025-10-31 05:56:20
2169,2764,3,2025-04-20 01:43:49
2170,4797,5,2025-11-23 00:35:46
2171,5628,9,2025-05-19 04:54:19
2172,4066,10,2025-03-01 22:43:06
2173,1509,8,2025-05-13 03:49:10
2174,4237,4,2025-02-06 19:56:51
2175,1576,1,2025-07-06 01:29:02
2176,2668,5,2025-02-16 14:18:08
2177,8541,9,2025-12-05 15:52:32
2178,4274,5,2025-05-05 17:20:30
2179,5540,7,2025-05-29 09:08:49
2180,8435,5,2025-07-15 06:02:56
2181,4897,7,2025-03-30 09:04:03
2182,2970,1,2025-06-18 11:42:21
2183,8509,1,2025-07-23 04:15:47
2184,6790,8,2025-07-18 18:29:05
2185,1980,7,2025-01-07 12:26:57
2186,652,1,2025-09-15 23:33:45
2187,6326,9,2025-06-09 05:58:28
2188,2426,3,2025-12-03 12:37:14
2189,4898,2,2025-09-22 00:23:29
2190,2955,9,2025-10-16 06:48:07
2191,1176,9,2025-05-27 17:27:36
2192,886,7,2025-02-03 18:11:57
2193,5039,10,2025-09-01 12:32:45
2194,6292,3,2025-07-07 12:46:00
2195,5282,6,2025-10-08 03:15:42
2196,4458,3,2025-02-15 12:43:36
2197,5662,9,2025-01-15 07:59:07
2198,1954,5,2025-05-13 15:52:03
2199,2493,5,2025-02-26 08:23:44
2200,6273,4,2025-04-19 23:46:11
2201,1204,3,2025-09-16 02:59:44
2202,7771,2,2025-09-18 01:02:59
2203,9256,9,2025-03-22 11:42:29
2204,8030,2,2025-02-28 13:11:26
2205,6512,10,2025-03-18 15:49:48
2206,2354,1,2025-01-22 02:23:45
2207,2996,7,2025-09-30 07:58:14
2208,89,8,2025-03-25 01:44:20
2209,9849,2,2025-11-12 17:27:54
2210,4306,8,2025-09-01 10:01:23
2211,7320,1,2025-04-06 06:07:46
2212,3819,10,2025-10-03 11:45:12
2213,3903,4,2025-01-01 09:00:26
2214,3730,7,2025-05-29 22:45:46
2215,6332,8,2025-08-08 05:41:48
2216,8303,9,2025-10-02 19:28:07
2217,9430,1,2025-01-31 00:51:57
2218,5292,9,2025-11-02 17:51:44
2219,7728,2,2025-10-28 22:17:44
2220,4317,10,2025-10-09 20:53:21
2221,1644,9,2025-04-28 12:01:57
2222,5873,9,2025-02-10 21:01:49
2223,3402,10,2025-04-27 05:01:16
2224,6742,8,2025-10-13 00:24:08
2225,4316,3,2025-02-14 02:02:04
2226,8186,9,2025-06-12 22:11:44
2227,345,3,2025-05-22 15:10:16
2228,5113,9,2025-11-28 19:48:47
2229,9854,6,2025-10-22 18:17:29
2230,9242,1,2025-08-07 22:32:18
2231,3422,6,2025-02-10 09:54:09
2232,2827,3,2025-02-28 02:44:12
2233,1056,3,2025-04-03 05:33:12
2234,7262,4,2025-01-02 19:43:53
2235,9834,10,2025-06-29 11:30:24
2236,4144,9,2025-10-20 12:56:03
2237,448,6,2025-08-31 10:56:21
2238,4393,1,2025-10-02 11:17:29
2239,6159,7,2025-04-09 23:11:48
2240,7013,9,2025-07-03 02:20:31
2241,142,4,2025-02-07 01:12:57
2242,6867,4,2025-04-06 07:08:54
2243,6350,3,2025-02-07 10:48:54
2244,1858,5,2025-07-02 07:17:06
2245,2929,8,2025-10-17 13:19:25
2246,2017,9,2025-11-08 02:00:17
2247,2847,6,2025-04-19 12:45:55
2248,5255,2,2025-03-29 13:46:31
2249,9371,2,2025-10-04 00:08:55
2250,4665,3,2025-09-11 07:14:03
2251,8279,6,2025-09-04 19:33:33
2252,9806,1,2025-04-21 04:38:05
2253,9283,2,2025-09-08 02:10:37
2254,3744,5,2025-03-26 12:00:22
2255,4006,9,2025-05-12 21:50:04
2256,2332,3,2025-02-17 18:57:16
2257,4372,4,2025-01-12 18:48:42
2258,8011,9,2025-05-03 15:18:02
2259,5922,9,2025-09-25 08:15:47
2260,7673,1,2025-01-02 14:52:42
2261,6827,10,2025-09-15 20:59:41
2262,7214,4,2025-03-04 11:14:51
2263,7939,10,2025-04-17 03:56:04
2264,6336,9,2025-01-03 12:21:31
2265,9354,9,2025-07-29 19:11:03
2266,2535,6,2025-12-08 20:57:52
2267,10,8,2025-07-17 12:23:11
2268,6956,6,2025-08-19 04:54:57
2269,5885,9,2025-09-20 15:04:11
2270,7479,5,2025-06-23 13:58:39
2271,3488,6,2025-07-04 08:29:25
2272,1404,5,2025-06-15 05:32:00
2273,7707,7,2025-11-22 22:17:53
2274,5213,9,2025-03-06 11:12:30
2275,9793,10,2025-05-14 03:18:08
2276,9,5,2025-02-02 00:27:22
2277,7499,2,2025-08-30 01:18:43
2278,4592,9,2025-02-16 14:00:16
2279,2419,9,2025-11-30 14:52:35
2280,2236,2,2025-05-06 17:10:11
2281,1598,2,2025-11-04 00:00:16
2282,7574,9,2025-04-19 02:00:37
2283,6376,8,2025-04-15 11:18:33
2284,7618,1,2025-06-29 17:18:34
2285,4111,6,2025-04-21 16:02:30
2286,4973,1,2025-08-06 06:54:33
2287,9232,1,2025-11-14 19:52:39
2288,9949,3,2025-03-11 09:18:26
2289,3246,9,2025-10-27 08:15:51
2290,6358,4,2025-05-22 06:34:02
2291,6584,9,2025-08-23 03:05:39
2292,6681,5,2025-10-25 13:40:50
2293,9798,5,2025-02-21 01:50:50
2294,3988,2,2025-05-06 16:27:43
2295,2260,1,2025-03-01 02:33:49
2296,6279,1,2025-09-17 18:10:47
2297,4718,6,2025-04-18 21:30:10
2298,5531,1,2025-01-03 00:04:36
2299,9510,4,2025-02-04 16:26:07
2300,3327,2,2025-05-19 17:09:33
2301,3227,6,2025-10-18 13:02:58
2302,4232,7,2025-10-10 11:37:35
2303,5111,2,2025-04-30 19:16:54
2304,5257,2,2025-02-07 21:08:28
2305,4648,4,2025-08-12 09:09:26
2306,8882,1,2025-10-25 06:12:10
2307,8299,2,2025-10-19 04:58:10
2308,3013,7,2025-11-22 20:54:03
2309,8852,10,2025-08-20 06:48:21
2310,8305,6,2025-01-09 12:40:17
2311,7879,6,2025-09-24 18:32:21
2312,7784,9,2025-01-26 15:51:15
2313,6307,6,2025-05-17 22:42:08
2314,808,1,2025-03-15 06:12:53
2315,6565,7,2025-04-18 15:32:13
2316,5235,9,2025-07-21 21:50:58
2317,9864,10,2025-10-24 03:31:28
2318,7674,7,2025-06-30 19:04:59
2319,2850,9,2025-05-26 14:04:45
2320,8754,9,2025-11-13 05:56:00
2321,8931,1,2025-10-28 00:19:54
2322,9609,8,2025-07-20 15:53:33
2323,8246,7,2025-03-16 23:53:10
2324,6290,10,2025-04-15 04:19:53
2325,5789,1,2025-11-27 21:51:11
2326,6270,10,2025-03-19 04:58:57
2327,8028,10,2025-05-20 13:52:44
2328,7051,2,2025-01-01 02:35:15
2329,6692,10,2025-11-15 10:33:06
2330,8629,5,2025-06-23 19:47:58
2331,5557,7,2025-04-01 22:40:10
2332,8931,10,2025-03-14 23:17:23
2333,2876,7,2025-06-11 18:36:27
2334,5654,4,2025-07-05 17:08:00
2335,1916,2,2025-01-27 15:58:31
2336,518,9,2025-11-15 21:51:13
2337,8792,6,2025-08-18 04:38:52
2338,2179,7,2025-09-25 02:32:28
2339,2600,7,2025-12-06 17:40:27
2340,7864,3,2025-01-08 08:59:44
2341,4830,7,2025-10-22 10:52:44
2342,3743,7,2025-02-18 02:36:08
2343,7745,10,2025-09-09 16:06:24
2344,566,6,2025-05-05 21:23:25
2345,5078,10,2025-06-16 18:14:46
2346,9602,10,2025-06-15 21:31:52
2347,1122,8,2025-12-08 01:12:29
2348,5014,9,2025-05-23 14:14:05
2349,3373,9,2025-11-09 15:54:28
2350,7735,2,2025-06-06 20:38:10
2351,3293,4,2025-01-16 14:17:57
2352,8755,8,2025-04-13 02:34:26
2353,9856,1,2025-10-09 23:59:40
2354,9831,2,2025-09-02 21:39:50
2355,6326,1,2025-06-07 08:02:16
2356,6006,9,2025-08-09 17:16:13
2357,7919,4,2025-04-06 03:16:42
2358,1244,9,2025-07-23 02:12:50
2359,6154,3,2025-11-30 10:32:38
2360,2504,6,2025-10-10 20:15:52
2361,1285,7,2025-10-02 04:11:43
2362,4454,1,2025-10-22 13:46:39
2363,7848,1,2025-04-24 20:52:40
2364,7687,8,2025-02-09 19:34:51
2365,8899,1,2025-11-14 16:53:44
2366,1184,9,2025-03-10 21:02:18
2367,8392,10,2025-10-12 10:25:22
2368,82,8,2025-09-24 17:55:43
2369,3730,7,2025-07-14 14:05:47
2370,8154,6,2025-09-13 00:40:39
2371,552,10,2025-12-03 18:03:14
2372,6973,1,2025-02-11 04:18:14
2373,781,9,2025-05-11 15:57:10
2374,5138,8,2025-10-15 17:36:35
2375,1125,1,2025-07-12 15:09:19
2376,7771,3,2025-06-13 08:32:07
2377,3177,8,2025-11-01 11:12:21
2378,7868,3,2025-05-02 01:53:50
2379,2505,4,2025-10-03 21:05:50
2380,3860,2,2025-06-28 00:01:27
2381,681,1,2025-02-26 22:06:12
2382,6096,10,2025-02-27 14:31:58
2383,1684,2,2025-07-15 22:40:01
2384,7921,8,2025-05-27 19:11:47
2385,6511,8,2025-01-29 21:00:58
2386,4127,4,2025-07-27 02:00:09
2387,9166,3,2025-05-28 02:51:16
2388,4747,5,2025-11-25 18:17:42
2389,2614,4,2025-04-18 06:55:30
2390,8705,3,2025-05-27 01:17:28
2391,7219,9,2025-09-09 08:53:16
2392,8665,2,2025-01-06 14:04:35
2393,8540,8,2025-03-17 05:46:03
2394,3221,10,2025-08-06 00:50:30
2395,4538,9,2025-09-26 19:05:26
2396,5156,2,2025-09-08 12:10:32
2397,4310,10,2025-08-18 13:06:35
2398,1576,9,2025-05-22 19:58:56
2399,5626,4,2025-04-01 04:51:24
2400,1028,8,2025-06-30 11:21:30
2401,7376,7,2025-09-27 14:08:04
2402,9147,10,2025-04-13 04:40:37
2403,8851,4,2025-06-29 21:51:11
2404,4664,3,2025-03-07 19:27:59
2405,4958,5,2025-11-25 00:55:34
2406,6758,8,2025-07-31 18:35:13
2407,4095,8,2025-11-05 03:22:07
2408,5696,8,2025-10-28 19:00:58
2409,2563,9,2025-07-28 17:46:03
2410,799,2,2025-09-09 16:56:28
2411,8513,10,2025-07-13 23:12:38
2412,7919,6,2025-03-07 09:58:43
2413,3128,5,2025-06-15 03:18:47
2414,1327,3,2025-07-18 02:55:14
2415,9892,4,2025-11-16 16:30:51
2416,1560,1,2025-10-04 15:14:02
2417,8782,10,2025-09-10 12:53:30
2418,9427,10,2025-01-29 02:49:21
2419,7208,10,2025-01-18 07:05:04
2420,5997,7,2025-09-01 17:09:47
2421,137,7,2025-09-22 06:46:25
2422,9571,3,2025-06-13 08:16:04
2423,4461,9,2025-04-16 17:36:34
2424,3182,10,2025-07-23 14:19:57
2425,4052,8,2025-05-15 06:53:50
2426,7129,2,2025-01-30 20:47:53
2427,8051,8,2025-08-26 07:19:36
2428,6943,1,2025-05-21 08:59:48
2429,4076,10,2025-09-29 18:16:01
2430,6847,2,2025-03-27 09:48:38
2431,7603,3,2025-06-30 04:38:44
2432,8734,10,2025-12-11 14:26:48
2433,1965,4,2025-06-20 21:51:04
2434,3401,9,2025-07-24 23:14:33
2435,9905,8,2025-05-20 12:04:56
2436,4740,8,2025-05-01 04:30:56
2437,4066,1,2025-08-22 01:20:50
2438,8405,7,2025-04-28 20:36:54
2439,3991,7,2025-11-19 01:22:57
2440,2468,4,2025-09-01 09:21:58
2441,1302,9,2025-08-04 20:14:39
2442,3084,3,2025-05-21 13:23:39
2443,8529,4,2025-02-11 05:18:35
2444,9749,6,2025-11-13 10:52:10
2445,3723,5,2025-05-26 12:45:31
2446,3159,3,2025-02-07 02:12:22
2447,5931,9,2025-02-21 15:35:59
2448,8831,2,2025-09-09 03:02:11
2449,9734,6,2025-07-27 22:08:21
2450,9280,5,2025-04-28 07:02:14
2451,1568,5,2025-02-21 13:51:54
2452,3560,9,2025-05-23 15:33:57
2453,126,7,2025-09-29 12:39:00
2454,5669,8,2025-04-24 17:00:29
2455,5916,2,2025-03-02 20:18:41
2456,1836,4,2025-01-24 05:29:28
2457,798,10,2025-08-03 13:28:55
2458,7995,9,2025-05-26 06:07:04
2459,8210,6,2025-04-07 18:52:12
2460,5390,9,2025-03-18 09:16:32
2461,5460,10,2025-01-20 07:58:44
2462,341,2,2025-01-23 21:33:36
2463,504,2,2025-11-13 02:28:15
2464,477,4,2025-09-01 16:03:02
2465,3796,9,2025-10-22 08:17:20
2466,3450,4,2025-11-11 09:12:37
2467,9585,4,2025-04-02 11:12:53
2468,7002,2,2025-06-18 15:50:58
2469,4006,1,2025-05-30 18:08:27
2470,5874,4,2025-05-08 19:48:17
2471,4871,5,2025-03-08 01:06:05
2472,416,7,2025-06-09 05:03:41
2473,8878,5,2025-01-01 17:36:14
2474,4699,6,2025-08-06 12:16:58
2475,3330,4,2025-11-21 09:49:47
2476,2817,3,2025-01-06 20:12:59
2477,3225,1,2025-09-24 19:56:04
2478,9455,5,2025-01-10 03:35:13
2479,97,9,2025-06-28 04:43:52
2480,2096,7,2025-03-30 13:50:56
2481,8461,5,2025-04-01 03:20:01
2482,4457,10,2025-10-07 10:09:19
2483,7732,1,2025-10-19 08:29:54
2484,622,7,2025-08-31 16:57:37
2485,5950,2,2025-09-04 10:56:49
2486,1269,9,2025-02-17 06:19:12
2487,3804,6,2025-04-22 22:18:47
2488,1407,7,2025-08-30 14:19:22
2489,4333,10,2025-12-08 02:45:02
2490,1193,9,2025-01-02 20:43:34
2491,4687,3,2025-08-25 13:26:21
2492,7617,9,2025-04-24 10:55:02
2493,979,7,2025-05-23 16:56:25
2494,2172,4,2025-11-25 06:25:36
2495,431,8,2025-11-30 19:03:28
2496,7629,6,2025-05-07 01:49:20
2497,2281,7,2025-10-01 10:04:46
2498,6544,3,2025-05-19 15:51:08
2499,4435,10,2025-11-01 03:04:34
2500,9554,9,2025-03-23 17:09:55
2501,8117,2,2025-04-29 12:49:50
2502,16,9,2025-07-27 23:36:49
2503,2163,2,2025-01-12 06:28:46
2504,9132,1,2025-09-28 07:44:45
2505,8174,7,2025-11-19 02:11:29
2506,4301,7,2025-07-31 00:20:52
2507,6954,3,2025-06-09 20:58:57
2508,4632,6,2025-07-22 15:56:20
2509,1813,8,2025-04-06 18:20:00
2510,8441,2,2025-05-25 09:45:28
2511,7699,9,2025-10-13 15:37:55
2512,2274,8,2025-10-06 20:52:09
2513,3063,10,2025-03-20 11:56:45
2514,4995,9,2025-07-09 09:37:37
2515,420,3,2025-04-06 06:27:28
2516,9982,6,2025-07-20 19:29:58
2517,2145,10,2025-08-04 19:25:20
2518,8783,6,2025-07-26 11:43:01
2519,2165,8,2025-05-28 08:51:29
2520,8386,9,2025-06-27 22:13:14
2521,8297,3,2025-08-11 22:55:45
2522,985,4,2025-10-04 19:13:37
2523,2092,7,2025-07-18 14:46:02
2524,9841,2,2025-08-15 00:35:08
2525,7002,5,2025-01-22 21:45:33
2526,9205,4,2025-09-06 02:21:08
2527,9256,1,2025-09-06 03:11:38
2528,5298,7,2025-07-18 19:06:12
2529,2128,3,2025-02-11 08:03:42
2530,3629,2,2025-02-27 15:12:19
2531,1624,6,2025-11-28 13:00:17
2532,319,2,2025-02-02 22:42:05
2533,2029,2,2025-03-26 04:50:29
2534,6857,10,2025-04-12 01:33:09
2535,6634,10,2025-03-03 17:51:32
2536,277,7,2025-05-17 00:55:59
2537,3900,1,2025-05-22 13:20:36
2538,4074,10,2025-09-09 06:24:04
2539,2588,10,2025-11-24 07:49:32
2540,357,5,2025-05-27 13:47:08
2541,9345,1,2025-01-12 14:38:57
2542,215,7,2025-06-04 20:19:26
2543,3752,3,2025-10-20 03:16:15
2544,7336,4,2025-11-15 08:52:41
2545,6711,3,2025-10-25 10:57:39
2546,2313,10,2025-07-28 01:38:50
2547,8287,4,2025-02-13 03:13:20
2548,8402,5,2025-03-15 18:09:15
2549,9332,8,2025-05-13 15:33:59
2550,4136,3,2025-04-15 19:52:51
2551,9777,1,2025-08-28 04:50:26
2552,7368,4,2025-05-21 00:19:42
2553,9719,8,2025-08-11 22:26:09
2554,8821,1,2025-04-02 21:47:39
2555,3522,7,2025-08-26 22:41:35
2556,7320,3,2025-11-22 14:58:19
2557,634,4,2025-08-08 03:50:52
2558,5046,8,2025-09-22 10:48:00
2559,4816,6,2025-08-18 15:53:45
2560,9866,5,2025-03-24 15:34:07
2561,4428,9,2025-02-25 11:52:41
2562,1203,8,2025-08-30 18:15:22
2563,623,3,2025-07-26 04:39:28
2564,7537,8,2025-09-08 14:13:13
2565,4099,7,2025-10-12 10:07:44
2566,2111,7,2025-01-04 16:42:04
2567,726,7,2025-09-05 09:30:11
2568,1991,1,2025-04-21 20:33:54
2569,4765,9,2025-02-18 21:59:25
2570,5952,6,2025-08-19 17:03:27
2571,6846,4,2025-12-06 17:28:19
2572,2590,1,2025-04-07 03:23:08
2573,3782,9,2025-09-03 20:20:27
2574,4067,3,2025-08-03 13:51:18
2575,4511,3,2025-04-01 21:15:28
2576,8768,5,2025-06-01 12:03:48
2577,9754,7,2025-04-22 22:50:42
2578,5142,4,2025-08-05 21:13:08
2579,858,3,2025-05-08 23:18:08
2580,5371,4,2025-05-08 06:24:51
2581,9180,8,2025-04-18 03:10:20
2582,6166,2,2025-07-06 06:50:25
2583,7914,9,2025-08-25 23:21:27
2584,2581,5,2025-06-02 09:48:37
2585,852,2,2025-06-09 17:31:52
2586,9711,10,2025-03-19 03:13:59
2587,869,2,2025-01-13 04:10:04
2588,3494,9,2025-05-19 20:01:42
2589,8194,8,2025-03-02 11:24:15
2590,8441,9,2025-04-15 03:16:15
2591,419,5,2025-09-14 16:27:59
2592,2979,10,2025-05-25 17:06:28
2593,4995,1,2025-01-17 01:17:29
2594,7456,5,2025-04-10 00:41:57
2595,9120,6,2025-02-15 06:16:56
2596,1722,6,2025-01-06 10:51:14
2597,9810,3,2025-02-05 20:07:20
2598,8718,2,2025-06-26 03:08:19
2599,7116,10,2025-08-08 03:36:13
2600,6559,8,2025-02-09 03:36:53
2601,6656,5,2025-08-08 20:55:25
2602,605,10,2025-10-16 21:53:47
2603,3175,3,2025-07-07 21:58:43
2604,8754,10,2025-06-24 14:00:19
2605,6654,10,2025-04-08 01:17:10
2606,5144,7,2025-06-19 05:59:18
2607,5973,5,2025-04-28 14:05:28
2608,7392,3,2025-01-25 07:15:36
2609,8497,3,2025-04-12 00:41:20
2610,6360,1,2025-12-08 18:19:00
2611,5307,9,2025-03-07 00:38:42
2612,2309,1,2025-10-04 01:53:12
2613,6973,8,2025-01-31 17:59:24
2614,8017,5,2025-06-17 19:21:19
2615,2883,7,2025-04-27 03:19:56
2616,7242,9,2025-07-22 07:22:39
2617,549,4,2025-01-18 21:49:56
2618,6573,2,2025-08-08 02:56:48
2619,881,9,2025-11-03 12:59:11
2620,7315,4,2025-06-01 23:00:24
2621,1154,10,2025-02-07 07:40:41
2622,2363,10,2025-01-15 06:29:47
2623,594,7,2025-06-26 14:12:39
2624,917,4,2025-08-29 05:17:18
2625,8350,10,2025-10-24 20:43:39
2626,652,9,2025-09-28 04:08:04
2627,8893,9,2025-03-16 20:03:18
2628,7109,5,2025-02-07 06:45:25
2629,3394,8,2025-09-01 01:57:20
2630,3890,10,2025-01-10 08:00:49
2631,2772,4,2025-01-18 07:17:06
2632,6561,8,2025-10-05 04:13:05
2633,6536,7,2025-10-02 06:04:00
2634,7789,6,2025-03-18 03:28:13
2635,6947,4,2025-03-31 12:43:26
2636,485,10,2025-07-04 02:47:42
2637,5267,2,2025-01-31 12:41:53
2638,940,9,2025-05-30 04:51:42
2639,2139,9,2025-11-15 10:36:39
2640,8617,6,2025-11-21 10:51:05
2641,9538,10,2025-12-03 21:57:07
2642,4461,8,2025-05-22 08:20:25
2643,2852,9,2025-08-18 09:54:05
2644,2830,7,2025-02-20 05:00:47
2645,3641,1,2025-09-26 12:24:07
2646,43,9,2025-10-07 18:31:17
2647,1421,7,2025-07-21 15:25:44
2648,3146,8,2025-10-05 09:48:29
2649,2605,6,2025-11-01 12:15:28
2650,8856,9,2025-06-19 14:25:19
2651,5840,2,2025-02-08 18:36:24
2652,9470,2,2025-04-14 04:39:47
2653,5514,6,2025-01-10 19:30:49
2654,2040,5,2025-09-07 15:02:34
2655,9903,7,2025-01-16 23:14:34
2656,5836,4,2025-04-10 03:08:43
2657,7483,8,2025-07-21 00:17:15
2658,5276,6,2025-05-27 08:38:33
2659,6248,6,2025-07-24 02:15:48
2660,9115,7,2025-03-30 11:27:47
2661,6268,5,2025-11-02 00:30:00
2662,6249,5,2025-04-08 08:38:09
2663,2928,1,2025-05-08 08:35:35
2664,8614,3,2025-06-16 16:22:35
2665,4547,7,2025-01-17 14:43:06
2666,9716,2,2025-01-25 01:20:10
2667,4362,5,2025-05-09 19:08:17
2668,9802,3,2025-10-22 22:46:16
2669,2579,3,2025-08-26 07:38:07
2670,8216,7,2025-04-06 22:41:59
2671,8813,1,2025-04-21 05:35:19
2672,4387,7,2025-01-27 00:11:13
2673,6178,7,2025-04-08 02:27:35
2674,5085,10,2025-09-22 09:42:38
2675,3279,8,2025-12-09 07:20:36
2676,3454,10,2025-02-01 22:02:42
2677,657,4,2025-11-15 12:21:41
2678,1230,7,2025-07-21 19:29:30
2679,8859,9,2025-08-08 12:05:51
2680,5958,3,2025-07-08 04:03:19
2681,3215,3,2025-07-31 00:23:28
2682,598,5,2025-11-17 14:14:47
2683,3922,8,2025-03-15 03:09:15
2684,9040,1,2025-05-16 18:09:51
2685,5789,5,2025-04-10 18:15:22
2686,1061,6,2025-09-08 20:59:30
2687,1688,4,2025-07-26 11:02:21
2688,3714,9,2025-05-26 17:33:07
2689,4003,7,2025-03-16 10:39:48
2690,719,3,2025-03-01 00:24:47
2691,4876,3,2025-12-03 02:52:01
2692,7527,1,2025-04-10 08:37:04
2693,5483,2,2025-02-24 23:18:46
2694,1574,6,2025-10-27 21:50:28
2695,2846,3,2025-10-12 18:29:20
2696,3415,4,2025-04-30 00:07:21
2697,7608,9,2025-09-27 05:47:06
2698,7329,9,2025-11-12 20:03:31
2699,737,9,2025-09-18 21:55:00
2700,9616,2,2025-11-29 03:03:48
2701,4457,6,2025-06-15 00:19:10
2702,9659,9,2025-06-10 12:39:15
2703,7562,9,2025-08-02 22:36:01
2704,600,4,2025-09-08 22:40:33
2705,8181,1,2025-11-23 01:18:09
2706,3626,3,2025-07-11 16:29:33
2707,3203,2,2025-10-28 21:00:00
2708,5766,8,2025-11-27 13:55:54
2709,4289,6,2025-10-01 16:31:18
2710,8176,2,2025-05-21 00:19:34
2711,238,4,2025-10-20 21:32:41
2712,9786,8,2025-08-14 01:09:25
2713,1347,4,2025-11-12 13:35:08
2714,8013,8,2025-11-15 08:37:18
2715,9411,1,2025-11-06 12:56:26
2716,7973,4,2025-07-11 15:59:59
2717,4751,9,2025-11-25 22:21:18
2718,8808,10,2025-02-20 09:52:15
2719,169,4,2025-06-13 13:23:01
2720,9973,7,2025-08-30 16:33:41
2721,4319,6,2025-05-05 07:43:31
2722,1331,3,2025-06-06 20:34:44
2723,8027,3,2025-01-05 19:29:27
2724,4908,1,2025-11-02 13:49:48
2725,3862,9,2025-05-18 23:15:27
2726,1460,6,2025-01-13 04:18:57
2727,6823,1,2025-08-31 10:16:29
2728,4839,5,2025-06-13 21:57:14
2729,5246,5,2025-03-11 03:52:32
2730,603,8,2025-05-26 07:05:40
2731,8653,4,2025-11-30 14:43:32
2732,8058,10,2025-10-01 08:16:56
2733,5472,5,2025-01-04 01:49:12
2734,1607,4,2025-03-06 22:47:17
2735,714,9,2025-05-15 03:54:23
2736,5993,8,2025-04-10 05:42:24
2737,6795,10,2025-03-10 16:14:57
2738,7164,1,2025-09-17 08:09:22
2739,190,1,2025-11-10 06:05:08
2740,9902,6,2025-04-08 17:50:27
2741,8427,2,2025-05-16 20:41:37
2742,2852,8,2025-06-09 03:33:03
2743,4463,4,2025-02-20 01:18:18
2744,4119,2,2025-08-24 14:12:12
2745,2329,9,2025-02-11 09:00:47
2746,5275,5,2025-07-15 04:49:37
2747,8295,4,2025-02-18 00:09:43
2748,4281,3,2025-02-14 18:07:14
2749,4562,4,2025-03-02 10:14:30
2750,197,5,2025-02-18 20:09:00
2751,5783,1,2025-08-21 01:23:40
2752,7362,3,2025-09-23 22:38:31
2753,5025,9,2025-01-24 20:53:25
2754,6831,8,2025-05-11 00:25:03
2755,2292,7,2025-05-30 10:19:37
2756,3439,3,2025-09-09 07:07:50
2757,7496,4,2025-11-23 00:28:06
2758,5805,8,2025-11-05 11:54:22
2759,3713,1,2025-08-30 23:28:10
2760,4902,1,2025-03-23 20:26:14
2761,640,5,2025-05-11 11:40:30
2762,9371,1,2025-05-03 12:41:48
2763,8371,5,2025-07-23 18:06:17
2764,2910,10,2025-05-16 14:42:33
2765,1539,6,2025-03-04 18:07:23
2766,1581,4,2025-03-11 07:25:13
2767,5139,1,2025-02-27 09:33:10
2768,5596,3,2025-07-16 20:05:28
2769,4174,2,2025-08-21 19:53:37
2770,9257,8,2025-05-06 01:01:25
2771,8449,10,2025-05-20 13:58:22
2772,8611,1,2025-06-09 01:12:30
2773,4972,10,2025-05-15 07:44:55
2774,3512,7,2025-06-18 16:25:04
2775,9607,4,2025-08-11 09:22:54
2776,7214,3,2025-02-08 20:13:55
2777,9705,4,2025-04-12 04:08:30
2778,9815,7,2025-09-23 08:09:17
2779,7941,8,2025-04-08 05:14:56
2780,6812,5,2025-09-13 05:02:33
2781,6273,10,2025-05-19 01:44:37
2782,6390,9,2025-04-26 02:16:01
2783,6010,2,2025-03-25 08:41:14
2784,2515,10,2025-05-02 00:49:51
2785,8483,4,2025-08-15 20:04:18
2786,8008,10,2025-06-21 03:26:19
2787,8909,9,2025-11-27 13:57:51
2788,8489,6,2025-10-26 08:01:29
2789,4730,7,2025-08-11 13:04:54
2790,3992,6,2025-11-01 10:09:47
2791,37,8,2025-04-19 19:48:00
2792,2530,9,2025-03-20 12:13:27
2793,4903,1,2025-04-06 19:09:44
2794,4126,7,2025-09-19 06:30:15
2795,116,3,2025-06-05 01:29:16
2796,9586,9,2025-10-27 23:33:46
2797,540,3,2025-06-04 05:00:56
2798,1039,5,2025-03-11 06:31:31
2799,9279,3,2025-10-13 21:08:06
2800,97,9,2025-05-02 05:25:29
2801,2528,3,2025-05-15 20:08:30
2802,623,10,2025-05-11 18:34:17
2803,8735,7,2025-06-21 06:27:47
2804,396,6,2025-02-09 00:06:00
2805,5113,5,2025-09-09 13:39:16
2806,3516,10,2025-09-28 18:08:14
2807,8429,1,2025-09-03 08:04:30
2808,365,7,2025-06-19 13:50:52
2809,1535,10,2025-03-25 07:38:46
2810,8221,10,2025-03-25 08:40:47
2811,9442,2,2025-09-20 03:49:53
2812,4499,6,2025-03-22 03:16:15
2813,8687,1,2025-06-17 15:38:15
2814,4134,1,2025-03-14 22:56:51
2815,91,6,2025-07-17 17:22:07
2816,8713,10,2025-05-09 22:17:05
2817,5961,8,2025-02-07 03:43:01
2818,4290,7,2025-01-25 01:00:07
2819,7382,2,2025-03-15 20:54:45
2820,5589,8,2025-10-02 13:43:33
2821,4986,7,2025-10-10 12:30:36
2822,898,9,2025-07-26 09:56:09
2823,6181,5,2025-09-07 03:50:43
2824,5203,3,2025-03-04 07:26:06
2825,1232,4,2025-06-11 05:13:14
2826,2990,7,2025-05-25 01:40:44
2827,9998,10,2025-09-03 21:02:40
2828,3140,6,2025-03-25 16:56:21
2829,4783,10,2025-07-14 00:52:49
2830,2365,8,2025-02-25 12:18:22
2831,8886,1,2025-03-31 00:23:45
2832,1809,8,2025-04-20 22:16:02
2833,5326,8,2025-09-03 21:29:16
2834,9606,1,2025-04-16 23:12:03
2835,9887,7,2025-10-30 05:16:04
2836,9256,5,2025-04-05 11:56:23
2837,4898,9,2025-09-13 17:09:10
2838,2849,5,2025-02-19 03:38:17
2839,7340,2,2025-08-16 12:30:23
2840,6504,8,2025-02-15 21:46:16
2841,2764,7,2025-05-22 15:10:26
2842,7216,5,2025-01-20 12:37:01
2843,770,7,2025-05-14 18:39:44
2844,4728,8,2025-05-09 20:34:52
2845,5513,5,2025-08-26 12:25:01
2846,8580,8,2025-12-01 02:39:45
2847,9081,10,2025-07-19 10:31:30
2848,4078,9,2025-01-25 03:02:25
2849,2337,1,2025-11-09 02:47:55
2850,2060,9,2025-05-27 19:42:05
2851,791,5,2025-06-23 11:31:00
2852,3131,2,2025-04-11 21:19:51
2853,4783,5,2025-09-13 21:06:03
2854,9100,10,2025-05-26 13:27:11
2855,7261,5,2025-07-29 14:06:20
2856,4398,6,2025-04-09 11:22:28
2857,3194,9,2025-12-06 08:29:44
2858,2892,4,2025-04-20 18:04:29
2859,9135,1,2025-01-12 21:32:46
2860,2113,3,2025-02-06 01:22:27
2861,1344,5,2025-03-20 06:22:49
2862,6986,8,2025-08-28 02:16:29
2863,9387,4,2025-01-27 22:32:24
2864,9502,3,2025-11-03 18:15:27
2865,6528,10,2025-08-08 19:44:18
2866,3093,10,2025-07-28 21:47:22
2867,6387,1,2025-11-30 10:32:38
2868,9107,3,2025-01-19 08:40:50
2869,8376,9,2025-06-26 07:27:10
2870,4030,6,2025-09-18 13:25:38
2871,1191,9,2025-06-08 19:24:04
2872,7453,8,2025-02-26 18:07:35
2873,805,5,2025-05-18 05:04:07
2874,4780,4,2025-06-12 06:30:47
2875,1823,5,2025-11-17 06:04:36
2876,1528,7,2025-08-13 06:41:08
2877,3542,8,2025-01-11 06:24:49
2878,7834,9,2025-01-19 14:51:35
2879,7409,9,2025-01-08 17:55:05
2880,9602,7,2025-05-27 03:28:34
2881,7037,10,2025-07-01 01:46:48
2882,8014,7,2025-09-04 23:29:12
2883,6176,8,2025-04-26 09:12:16
2884,7018,4,2025-09-28 01:06:25
2885,9309,7,2025-11-24 11:46:36
2886,2188,3,2025-05-11 09:46:01
2887,3690,1,2025-02-23 18:19:36
2888,2362,5,2025-08-17 19:39:33
2889,7099,2,2025-03-24 02:13:44
2890,5417,6,2025-02-03 17:08:45
2891,8971,5,2025-01-27 17:48:42
2892,1401,4,2025-07-12 14:24:07
2893,6840,2,2025-08-03 20:43:17
2894,4794,8,2025-01-02 07:45:19
2895,9421,5,2025-06-13 10:53:49
2896,8322,6,2025-11-14 14:20:58
2897,365,8,2025-01-13 02:36:06
2898,1379,8,2025-04-27 17:02:32
2899,9395,7,2025-11-20 20:11:26
2900,4165,4,2025-01-20 09:19:56
2901,2213,6,2025-01-18 07:57:50
2902,5267,3,2025-03-24 09:12:02
2903,2276,9,2025-11-20 05:43:28
2904,6718,9,2025-10-18 07:48:02
2905,7552,5,2025-11-22 10:58:34
2906,8968,5,2025-07-31 10:34:09
2907,5916,6,2025-02-02 10:49:38
2908,3682,1,2025-09-04 08:00:32
2909,6942,9,2025-09-28 23:30:40
2910,6973,6,2025-01-18 20:59:48
2911,242,10,2025-06-13 21:15:22
2912,7781,10,2025-08-26 20:53:37
2913,2916,3,2025-06-27 17:48:10
2914,1678,8,2025-10-14 07:09:47
2915,3430,5,2025-08-07 14:37:37
2916,645,5,2025-09-07 18:53:52
2917,9049,4,2025-01-04 00:06:22
2918,624,1,2025-04-14 23:11:15
2919,2478,6,2025-09-29 20:47:36
2920,1665,10,2025-02-26 04:08:05
2921,2640,6,2025-10-14 22:52:29
2922,3135,2,2025-01-18 05:55:16
2923,9387,7,2025-04-16 16:47:30
2924,9120,1,2025-01-27 01:46:18
2925,5213,7,2025-01-31 03:54:26
2926,9589,8,2025-11-02 08:31:09
2927,2838,8,2025-04-07 15:30:12
2928,1949,7,2025-10-18 10:11:51
2929,9891,8,2025-03-29 23:06:57
2930,317,10,2025-03-22 03:18:31
2931,5117,7,2025-09-30 04:10:43
2932,3928,1,2025-01-22 23:39:34
2933,6360,2,2025-07-17 17:13:37
2934,9075,8,2025-02-02 03:06:01
2935,9564,7,2025-11-29 07:46:03
2936,8259,4,2025-01-28 03:45:20
2937,6600,6,2025-01-13 13:51:59
2938,792,6,2025-03-26 12:38:20
2939,9671,1,2025-01-22 20:32:38
2940,7702,7,2025-04-19 07:52:20
2941,4372,8,2025-11-19 13:33:33
2942,8199,3,2025-12-04 20:20:31
2943,9591,3,2025-02-04 16:16:37
2944,4004,6,2025-06-24 14:59:35
2945,9287,3,2025-02-28 21:21:01
2946,318,7,2025-12-02 22:49:39
2947,1282,10,2025-05-03 09:58:47
2948,3563,2,2025-07-13 00:37:51
2949,6776,8,2025-09-30 07:34:53
2950,7194,2,2025-12-11 17:40:06
2951,4469,9,2025-01-26 20:29:39
2952,89,8,2025-08-18 23:51:41
2953,2857,4,2025-06-27 09:26:39
2954,5659,3,2025-09-29 01:47:49
2955,8937,3,2025-06-07 05:02:31
2956,3580,5,2025-07-12 09:41:53
2957,9562,4,2025-09-11 08:30:04
2958,8117,2,2025-11-16 14:56:31
2959,6340,7,2025-04-02 06:45:40
2960,3747,9,2025-09-07 05:03:14
2961,3724,10,2025-07-27 00:48:39
2962,3572,3,2025-07-06 11:36:36
2963,9777,5,2025-07-23 07:19:00
2964,4101,10,2025-07-03 18:55:51
2965,6990,6,2025-07-20 11:19:43
2966,8681,5,2025-07-23 23:57:34
2967,1108,3,2025-04-29 08:16:53
2968,1504,1,2025-09-27 23:45:28
2969,4226,8,2025-03-21 15:22:52
2970,6494,5,2025-10-20 12:18:32
2971,5522,10,2025-07-25 01:27:08
2972,8387,2,2025-01-16 20:09:26
2973,4360,1,2025-09-05 19:08:31
2974,3820,10,2025-09-26 14:31:27
2975,4123,4,2025-06-02 19:38:28
2976,6867,5,2025-11-06 14:46:47
2977,6204,10,2025-09-23 02:29:55
2978,6083,8,2025-11-23 15:04:52
2979,8765,9,2025-02-18 12:05:26
2980,9196,5,2025-07-17 05:44:31
2981,5248,9,2025-04-28 22:37:13
2982,7730,6,2025-05-31 15:16:30
2983,3275,3,2025-10-26 06:09:22
2984,5091,4,2025-12-07 14:48:28
2985,7124,9,2025-10-12 05:01:19
2986,1858,1,2025-01-30 05:58:15
2987,4583,3,2025-02-03 13:37:06
2988,5997,2,2025-05-07 23:29:27
2989,8146,1,2025-01-13 14:11:49
2990,5041,7,2025-05-03 04:13:35
2991,1457,9,2025-02-08 10:43:02
2992,842,8,2025-09-29 07:13:04
2993,438,5,2025-10-20 05:38:23
2994,741,1,2025-01-07 22:59:39
2995,3794,4,2025-10-28 23:13:00
2996,9261,8,2025-07-27 22:59:28
2997,9909,9,2025-09-06 08:44:16
2998,3673,8,2025-07-04 02:38:31
2999,4370,5,2025-06-04 11:42:37
3000,248,10,2025-06-17 12:13:29
3001,3406,1,2025-11-13 02:31:04
3002,9971,9,2025-07-10 02:24:33
3003,7339,10,2025-06-26 08:40:01
3004,807,7,2025-04-16 00:11:05
3005,9960,3,2025-08-20 03:59:11
3006,5643,3,2025-03-11 09:57:46
3007,8643,7,2025-06-14 21:29:53
3008,2819,5,2025-09-11 02:15:12
3009,4534,5,2025-06-30 20:45:51
3010,1097,1,2025-11-10 06:41:30
3011,9535,2,2025-11-18 11:56:16
3012,131,5,2025-08-16 14:49:52
3013,5535,10,2025-04-02 21:16:17
3014,5124,4,2025-01-03 14:21:26
3015,475,1,2025-12-10 16:30:21
3016,1596,1,2025-05-22 00:43:25
3017,1352,9,2025-11-01 01:26:32
3018,9836,2,2025-05-06 03:20:29
3019,1869,10,2025-09-30 01:28:51
3020,6576,4,2025-07-01 01:39:29
3021,336,6,2025-03-25 16:42:49
3022,1382,8,2025-07-16 01:12:26
3023,5477,2,2025-01-27 06:40:51
3024,1409,9,2025-04-22 14:58:24
3025,7894,10,2025-05-19 09:51:06
3026,7995,6,2025-11-02 15:44:02
3027,3979,2,2025-01-11 10:21:44
3028,3247,7,2025-06-28 23:10:37
3029,6229,10,2025-10-15 02:09:23
3030,8816,6,2025-04-16 23:37:38
3031,6867,6,2025-07-05 09:00:31
3032,2282,4,2025-11-12 15:17:51
3033,779,3,2025-05-03 17:36:38
3034,5574,9,2025-10-26 06:53:40
3035,8375,1,2025-01-24 07:41:26
3036,6900,4,2025-03-25 23:00:13
3037,8054,7,2025-03-07 22:43:22
3038,8521,1,2025-09-05 19:27:21
3039,6543,2,2025-04-07 06:06:55
3040,755,6,2025-09-12 22:33:39
3041,6136,8,2025-10-20 00:58:59
3042,7475,8,2025-04-24 05:34:53
3043,434,5,2025-06-03 14:49:23
3044,6916,3,2025-10-29 23:36:19
3045,9237,10,2025-08-04 07:32:57
3046,7070,1,2025-08-14 01:55:28
3047,9424,6,2025-08-12 00:20:59
3048,9892,2,2025-11-12 15:58:46
3049,3766,8,2025-11-23 11:34:48
3050,6814,8,2025-08-18 06:21:55
3051,4322,10,2025-11-23 18:31:39
3052,1132,6,2025-05-07 14:14:40
3053,5800,3,2025-03-16 20:20:04
3054,8568,10,2025-05-15 22:36:32
3055,138,5,2025-04-09 04:53:46
3056,3678,2,2025-01-29 11:50:28
3057,3341,4,2025-01-24 10:07:15
3058,517,7,2025-01-18 03:17:55
3059,1202,4,2025-07-15 20:18:57
3060,9432,8,2025-08-03 13:24:13
3061,2461,3,2025-02-06 07:02:33
3062,4949,1,2025-08-02 22:54:55
3063,8692,2,2025-02-10 10:23:09
3064,8760,9,2025-01-02 20:42:41
3065,386,2,2025-04-14 02:34:22
3066,9119,10,2025-04-22 10:12:44
3067,9916,3,2025-01-13 18:46:29
3068,5048,6,2025-07-19 12:37:21
3069,2631,8,2025-01-25 16:29:47
3070,5208,4,2025-07-28 12:04:31
3071,6549,6,2025-04-21 21:30:03
3072,9423,6,2025-08-08 21:28:33
3073,6349,7,2025-01-09 08:19:22
3074,4285,5,2025-03-08 01:47:04
3075,1402,1,2025-02-03 23:47:21
3076,2229,10,2025-08-04 15:47:10
3077,2422,10,2025-08-24 05:39:20
3078,2336,6,2025-10-23 21:24:42
3079,8630,9,2025-03-07 13:06:01
3080,3268,6,2025-01-24 15:22:19
3081,3988,9,2025-11-05 07:34:15
3082,5069,1,2025-03-03 14:15:08
3083,6496,9,2025-08-14 15:23:11
3084,9579,8,2025-09-04 18:13:20
3085,2550,6,2025-10-26 03:13:53
3086,8531,7,2025-11-29 13:07:33
3087,7079,1,2025-02-15 23:32:57
3088,1459,1,2025-05-24 20:53:25
3089,7474,6,2025-05-16 23:45:32
3090,1648,3,2025-05-20 10:44:33
3091,6736,2,2025-10-24 10:45:52
3092,3424,3,2025-11-30 23:48:48
3093,5277,2,2025-05-14 01:03:28
3094,3083,5,2025-05-29 11:21:51
3095,7796,1,2025-02-10 04:16:17
3096,7539,4,2025-11-16 15:28:19
3097,188,5,2025-08-07 22:44:31
3098,7120,7,2025-10-23 05:50:14
3099,5488,10,2025-10-21 08:53:10
3100,9959,10,2025-05-14 19:11:04
3101,4595,8,2025-05-13 14:51:11
3102,4421,3,2025-04-18 03:43:29
3103,7712,10,2025-05-26 11:47:20
3104,556,4,2025-09-25 22:05:00
3105,5255,3,2025-06-19 15:24:19
3106,5223,3,2025-08-27 07:28:00
3107,7202,3,2025-08-07 11:22:48
3108,2226,2,2025-05-05 13:06:02
3109,1376,2,2025-02-21 11:29:09
3110,4291,4,2025-10-26 00:54:28
3111,3176,4,2025-10-06 15:13:28
3112,9223,7,2025-12-05 05:40:01
3113,5873,10,2025-06-10 23:40:40
3114,644,9,2025-10-12 18:59:31
3115,1141,3,2025-07-22 02:06:15
3116,3077,3,2025-01-18 05:14:11
3117,3524,3,2025-07-01 11:55:51
3118,7980,7,2025-09-04 19:44:22
3119,3765,8,2025-02-24 12:59:23
3120,5543,9,2025-01-14 14:25:03
3121,3313,2,2025-11-11 01:27:08
3122,8695,10,2025-04-15 23:33:08
3123,3898,7,2025-04-10 04:31:57
3124,8018,4,2025-08-16 17:07:40
3125,250,8,2025-10-20 19:49:12
3126,4984,8,2025-05-16 14:53:44
3127,1279,5,2025-06-16 23:52:53
3128,5324,7,2025-02-08 19:50:56
3129,3558,1,2025-07-19 20:43:43
3130,7225,6,2025-09-26 00:47:04
3131,5126,1,2025-04-06 02:27:11
3132,2931,4,2025-02-24 00:02:08
3133,1002,10,2025-06-22 10:24:35
3134,234,4,2025-09-29 18:41:30
3135,6969,9,2025-03-08 15:20:13
3136,7905,7,2025-01-18 09:22:01
3137,4440,1,2025-08-26 20:02:10
3138,2266,2,2025-09-23 06:57:15
3139,4271,4,2025-03-07 00:48:45
3140,1175,7,2025-11-05 20:29:02
3141,1207,1,2025-03-20 10:43:25
3142,5683,2,2025-08-09 11:06:05
3143,289,8,2025-05-11 21:18:01
3144,9991,4,2025-07-25 12:05:42
3145,7092,8,2025-05-16 06:51:59
3146,9462,3,2025-01-23 01:44:45
3147,5131,1,2025-05-05 06:03:30
3148,8604,1,2025-10-24 02:41:53
3149,6739,1,2025-11-29 08:25:11
3150,9296,8,2025-10-20 20:13:39
3151,5915,5,2025-04-28 04:31:23
3152,6296,2,2025-06-30 06:45:07
3153,2196,10,2025-08-27 03:10:08
3154,747,5,2025-05-27 13:51:44
3155,2120,9,2025-07-10 19:35:07
3156,9601,4,2025-02-14 00:13:03
3157,1650,2,2025-08-29 15:16:03
3158,7729,2,2025-04-10 18:41:16
3159,6649,4,2025-11-10 15:17:25
3160,2812,3,2025-04-17 08:28:44
3161,7751,7,2025-04-06 11:00:53
3162,5871,9,2025-02-19 10:42:30
3163,3839,9,2025-06-22 16:28:44
3164,4909,1,2025-07-01 23:53:38
3165,2806,2,2025-09-06 08:29:58
3166,6076,6,2025-11-26 04:22:57
3167,7536,2,2025-08-06 12:16:38
3168,4660,8,2025-08-16 10:03:29
3169,2231,5,2025-01-07 13:24:46
3170,6426,10,2025-02-08 14:43:03
3171,7192,5,2025-02-05 09:03:49
3172,559,1,2025-11-26 21:16:44
3173,2544,1,2025-03-01 02:23:13
3174,9164,3,2025-08-23 13:29:32
3175,1266,1,2025-01-27 19:15:04
3176,9316,8,2025-07-19 15:33:09
3177,4006,3,2025-06-26 22:35:51
3178,4462,4,2025-08-29 03:08:34
3179,6442,9,2025-09-27 15:19:15
3180,2216,6,2025-09-19 00:48:24
3181,4933,4,2025-08-30 09:40:57
3182,8654,3,2025-09-23 03:10:29
3183,1256,7,2025-03-09 01:58:09
3184,5804,4,2025-04-03 03:35:59
3185,7295,7,2025-10-31 01:30:50
3186,9823,4,2025-01-25 20:46:22
3187,2653,3,2025-08-16 10:34:53
3188,6409,3,2025-12-06 16:55:24
3189,6866,6,2025-07-29 06:26:04
3190,7008,9,2025-10-05 03:22:46
3191,3458,4,2025-10-07 08:02:31
3192,1955,9,2025-05-30 01:35:03
3193,4153,2,2025-01-25 07:51:04
3194,3006,4,2025-11-04 09:23:18
3195,9362,6,2025-05-04 18:03:09
3196,8205,8,2025-04-27 10:52:24
3197,7865,5,2025-02-12 23:35:29
3198,4445,3,2025-08-07 15:31:12
3199,6595,10,2025-02-14 22:15:53
3200,8490,8,2025-08-03 02:42:23
3201,151,1,2025-06-26 23:07:07
3202,1787,5,2025-08-27 23:24:51
3203,967,6,2025-11-10 14:03:43
3204,6693,6,2025-09-09 11:05:31
3205,609,9,2025-03-03 16:49:34
3206,4148,9,2025-04-23 15:43:29
3207,8341,6,2025-10-28 11:20:21
3208,8939,7,2025-11-09 22:54:35
3209,4370,10,2025-09-15 21:36:36
3210,8549,4,2025-04-26 02:15:43
3211,5280,1,2025-11-28 06:46:48
3212,8520,1,2025-10-21 06:02:01
3213,9901,4,2025-09-16 15:12:04
3214,4623,9,2025-04-13 20:19:18
3215,6766,3,2025-03-25 14:38:36
3216,684,8,2025-05-14 08:09:00
3217,6672,5,2025-02-16 18:03:21
3218,2846,2,2025-03-17 16:39:12
3219,4709,8,2025-07-13 12:59:34
3220,6324,4,2025-04-29 02:26:18
3221,1622,5,2025-08-08 18:12:05
3222,7385,10,2025-10-10 21:55:16
3223,4530,4,2025-03-01 21:35:12
3224,9712,3,2025-08-09 17:05:27
3225,6527,10,2025-10-06 03:48:23
3226,6093,3,2025-06-15 05:15:04
3227,6679,3,2025-05-18 08:09:53
3228,1906,7,2025-01-07 08:49:02
3229,5874,4,2025-02-04 17:29:45
3230,1437,6,2025-04-02 13:48:35
3231,7101,10,2025-08-18 22:13:59
3232,8687,1,2025-09-28 08:19:32
3233,3015,8,2025-03-14 09:37:39
3234,4319,3,2025-05-15 22:33:14
3235,4148,4,2025-08-10 00:04:22
3236,9085,7,2025-11-20 18:46:15
3237,5155,8,2025-01-14 05:38:14
3238,8747,6,2025-09-17 15:42:30
3239,9173,7,2025-08-23 20:16:49
3240,6062,9,2025-09-07 10:37:25
3241,6903,4,2025-04-11 23:44:38
3242,4373,1,2025-11-16 20:29:08
3243,6737,9,2025-02-17 03:36:19
3244,9065,4,2025-08-04 16:48:18
3245,1287,10,2025-07-22 05:24:41
3246,6400,7,2025-08-29 16:28:12
3247,3793,6,2025-03-19 18:32:55
3248,6771,1,2025-05-14 18:57:41
3249,669,2,2025-07-24 03:13:49
3250,7307,6,2025-01-03 02:41:27
3251,383,8,2025-07-30 20:31:59
3252,7704,5,2025-10-23 07:06:34
3253,3454,3,2025-09-13 01:05:06
3254,9950,1,2025-09-05 21:35:58
3255,3705,10,2025-02-11 14:50:33
3256,4888,8,2025-10-05 14:43:51
3257,5915,1,2025-09-06 15:59:34
3258,1053,6,2025-06-12 02:53:41
3259,7985,1,2025-04-12 09:49:12
3260,6226,10,2025-04-18 01:37:43
3261,4047,2,2025-08-06 04:42:33
3262,1739,7,2025-09-01 19:10:46
3263,3193,8,2025-07-08 10:42:43
3264,3618,4,2025-05-19 08:42:18
3265,5828,1,2025-09-29 05:58:14
3266,7378,1,2025-05-23 03:45:49
3267,1921,7,2025-10-05 08:29:39
3268,9041,10,2025-06-17 19:22:27
3269,6966,1,2025-11-06 13:59:56
3270,1379,6,2025-12-10 10:22:00
3271,1037,6,2025-06-16 08:46:06
3272,2422,5,2025-11-27 15:11:54
3273,3346,2,2025-01-08 22:04:53
3274,7645,7,2025-03-13 09:59:10
3275,4116,3,2025-10-31 09:43:49
3276,4490,8,2025-09-29 07:54:51
3277,9029,4,2025-11-07 11:00:33
3278,4632,6,2025-02-13 08:01:00
3279,5475,2,2025-08-01 13:09:38
3280,8926,2,2025-11-12 22:15:32
3281,3103,5,2025-02-17 10:15:54
3282,7472,9,2025-11-11 08:44:09
3283,2196,6,2025-04-27 03:17:57
3284,6478,10,2025-04-07 02:35:54
3285,1079,9,2025-05-07 07:05:04
3286,7382,1,2025-01-14 08:19:09
3287,8516,3,2025-12-08 01:49:10
3288,6471,3,2025-04-24 04:58:40
3289,6731,8,2025-07-18 00:28:34
3290,6811,8,2025-09-25 01:05:30
3291,7613,4,2025-02-23 02:34:51
3292,5810,10,2025-08-19 08:56:38
3293,1440,9,2025-04-16 17:05:39
3294,7918,6,2025-11-14 05:51:00
3295,6873,8,2025-06-28 07:25:14
3296,2489,10,2025-09-22 16:46:06
3297,7160,8,2025-05-25 03:03:26
3298,3746,9,2025-11-05 17:09:19
3299,6056,10,2025-09-19 01:14:50
3300,8311,1,2025-11-04 00:43:06
3301,904,8,2025-03-01 09:34:39
3302,9310,4,2025-11-06 00:08:23
3303,209,1,2025-04-21 07:16:53
3304,3680,5,2025-11-04 09:53:47
3305,4194,9,2025-09-20 22:10:43
3306,3716,3,2025-07-12 21:31:14
3307,752,4,2025-08-19 22:08:33
3308,856,5,2025-04-12 07:25:59
3309,9315,2,2025-07-19 05:37:50
3310,6074,10,2025-03-03 02:26:46
3311,7197,2,2025-04-01 23:46:29
3312,4973,10,2025-04-16 12:40:28
3313,1544,8,2025-02-09 18:18:24
3314,6034,7,2025-04-29 10:33:59
3315,1764,3,2025-01-01 13:08:23
3316,4932,8,2025-08-07 15:31:26
3317,7570,10,2025-11-10 05:56:36
3318,6283,2,2025-06-30 12:10:36
3319,8062,8,2025-05-30 00:46:13
3320,2386,8,2025-08-01 11:55:16
3321,417,5,2025-02-19 18:48:55
3322,2500,3,2025-07-28 00:07:02
3323,5601,7,2025-06-25 06:13:58
3324,3289,6,2025-07-09 14:03:47
3325,3512,4,2025-06-02 03:47:37
3326,2487,8,2025-01-09 21:07:30
3327,3487,9,2025-03-17 11:24:36
3328,5556,10,2025-06-23 12:55:53
3329,4102,10,2025-05-26 01:00:35
3330,9512,3,2025-02-24 02:11:26
3331,3049,6,2025-02-25 19:07:49
3332,8534,1,2025-08-12 09:23:03
3333,3817,8,2025-05-17 15:59:26
3334,9806,1,2025-02-16 13:39:39
3335,1730,8,2025-03-31 07:55:30
3336,1978,10,2025-11-12 01:37:28
3337,4451,8,2025-06-05 01:26:44
3338,4364,4,2025-07-14 23:21:13
3339,4684,1,2025-11-17 19:15:42
3340,7284,5,2025-02-16 18:23:44
3341,966,10,2025-08-13 23:46:37
3342,1034,4,2025-10-26 10:55:08
3343,5026,3,2025-01-05 21:05:57
3344,7658,3,2025-04-16 03:28:21
3345,1414,1,2025-04-19 11:56:11
3346,5519,2,2025-10-09 01:07:13
3347,7904,6,2025-08-10 11:17:40
3348,4286,4,2025-05-23 17:42:34
3349,5269,3,2025-01-05 17:57:17
3350,3233,4,2025-10-26 22:14:09
3351,8990,7,2025-10-28 10:43:17
3352,5844,7,2025-02-03 20:58:59
3353,1444,9,2025-12-07 19:07:02
3354,7207,1,2025-11-26 07:51:39
3355,4484,3,2025-03-16 19:44:05
3356,2342,6,2025-09-14 19:29:33
3357,5616,4,2025-06-07 08:34:35
3358,4829,6,2025-08-10 05:24:16
3359,3182,7,2025-05-06 12:14:49
3360,6041,9,2025-09-07 07:11:50
3361,7561,10,2025-01-11 09:35:16
3362,4167,2,2025-05-21 17:20:41
3363,9995,9,2025-11-26 03:08:43
3364,602,1,2025-09-14 01:08:27
3365,6996,7,2025-06-27 02:18:58
3366,2223,6,2025-05-29 17:52:56
3367,2147,6,2025-11-26 18:57:20
3368,2153,7,2025-10-16 19:06:58
3369,7724,3,2025-07-17 01:06:45
3370,1445,6,2025-07-18 00:41:20
3371,926,1,2025-02-28 08:23:23
3372,1190,1,2025-04-26 13:18:54
3373,8254,5,2025-03-25 16:04:22
3374,6484,2,2025-02-19 15:50:49
3375,7058,10,2025-06-28 15:11:58
3376,5049,8,2025-06-27 00:01:14
3377,2214,9,2025-06-25 23:51:06
3378,6326,10,2025-12-05 01:18:17
3379,8924,9,2025-09-21 10:37:34
3380,5234,1,2025-08-25 23:23:09
3381,5423,1,2025-01-18 16:39:26
3382,6558,6,2025-11-25 12:43:33
3383,2684,5,2025-05-08 02:49:05
3384,7957,2,2025-09-20 19:07:56
3385,3661,2,2025-08-28 04:33:27
3386,1958,9,2025-01-10 07:33:15
3387,2239,6,2025-12-01 03:31:39
3388,9053,4,2025-11-05 15:27:49
3389,2934,10,2025-04-20 02:38:33
3390,5956,1,2025-06-14 21:53:12
3391,27,2,2025-10-20 15:05:32
3392,1506,2,2025-07-03 07:53:55
3393,4307,3,2025-06-18 19:23:59
3394,8119,5,2025-08-06 21:16:30
3395,468,2,2025-04-17 02:21:47
3396,8334,7,2025-12-08 13:43:02
3397,6576,6,2025-10-08 12:40:03
3398,6139,5,2025-09-10 02:35:54
3399,2689,1,2025-08-14 08:12:05
3400,6358,3,2025-01-31 05:31:58
3401,7864,7,2025-09-01 13:15:40
3402,833,8,2025-02-26 06:44:59
3403,2941,10,2025-10-03 14:34:20
3404,228,5,2025-05-31 22:49:55
3405,3820,5,2025-06-18 07:44:28
3406,4615,5,2025-06-02 19:17:08
3407,66,6,2025-07-11 23:18:13
3408,5633,10,2025-11-27 21:14:36
3409,7648,9,2025-11-09 00:54:00
3410,2645,2,2025-03-03 07:18:27
3411,8689,3,2025-01-30 07:40:05
3412,3823,9,2025-11-17 09:34:51
3413,759,10,2025-10-10 18:39:07
3414,9799,8,2025-05-09 12:09:06
3415,7960,10,2025-10-06 14:09:50
3416,1406,6,2025-04-19 02:07:40
3417,4710,3,2025-11-01 08:14:01
3418,7597,5,2025-03-29 19:54:16
3419,7994,1,2025-06-04 16:09:32
3420,3961,4,2025-01-17 13:56:06
3421,4325,6,2025-03-26 17:33:11
3422,7087,9,2025-10-14 13:31:10
3423,7521,9,2025-12-09 22:35:30
3424,5240,7,2025-09-28 18:44:42
3425,9980,1,2025-01-23 06:48:49
3426,2767,7,2025-02-25 14:40:18
3427,6985,4,2025-01-09 17:02:08
3428,1102,4,2025-06-28 18:06:54
3429,5794,3,2025-01-27 11:10:51
3430,185,4,2025-02-15 14:38:15
3431,9179,2,2025-03-26 11:15:22
3432,2840,4,2025-07-24 09:53:18
3433,1016,4,2025-01-06 20:34:35
3434,6843,1,2025-07-13 23:49:35
3435,1670,3,2025-06-19 08:55:56
3436,239,1,2025-08-12 23:19:49
3437,2578,9,2025-06-24 15:50:19
3438,7331,1,2025-04-07 11:01:10
3439,1001,1,2025-10-28 12:40:39
3440,5756,6,2025-09-13 14:15:37
3441,3068,4,2025-04-14 01:08:00
3442,5466,6,2025-07-08 22:19:07
3443,241,4,2025-08-18 15:59:37
3444,6164,9,2025-03-23 14:53:08
3445,4632,7,2025-10-07 23:00:40
3446,8412,10,2025-01-17 05:30:19
3447,5060,1,2025-12-06 19:35:09
3448,7878,2,2025-07-22 16:15:41
3449,2262,9,2025-10-07 22:38:42
3450,5953,1,2025-10-22 17:27:33
3451,2482,9,2025-04-06 20:15:58
3452,2963,10,2025-10-01 18:48:43
3453,6211,6,2025-03-25 09:24:00
3454,2258,3,2025-03-18 17:25:07
3455,3504,7,2025-03-22 00:37:03
3456,12,10,2025-02-27 21:58:46
3457,1671,6,2025-02-27 18:40:15
3458,7215,4,2025-05-01 07:50:36
3459,706,1,2025-11-28 22:33:51
3460,9180,1,2025-06-09 23:08:46
3461,8322,4,2025-02-12 09:54:40
3462,9037,2,2025-01-06 13:14:29
3463,2440,3,2025-08-02 11:00:51
3464,1465,6,2025-11-12 03:44:47
3465,4969,4,2025-11-17 04:52:24
3466,7617,4,2025-09-16 11:46:01
3467,7935,10,2025-09-27 00:54:52
3468,9158,6,2025-07-11 08:02:39
3469,695,7,2025-09-11 21:51:25
3470,4355,1,2025-03-31 02:12:09
3471,9851,6,2025-03-09 05:24:38
3472,6979,2,2025-08-21 09:30:08
3473,981,8,2025-11-28 19:07:58
3474,9717,7,2025-08-24 22:03:06
3475,556,4,2025-05-05 03:06:50
3476,92,1,2025-07-14 08:28:52
3477,7518,2,2025-04-05 17:13:14
3478,7618,4,2025-10-18 14:44:11
3479,435,2,2025-04-17 22:27:19
3480,6450,5,2025-02-26 15:52:48
3481,1880,5,2025-08-04 10:00:51
3482,9140,10,2025-03-31 18:47:27
3483,331,6,2025-11-20 10:38:40
3484,1379,5,2025-03-07 18:58:47
3485,402,3,2025-10-25 20:47:04
3486,6684,5,2025-11-11 03:46:46
3487,2907,9,2025-04-29 03:20:25
3488,3304,7,2025-07-26 20:33:18
3489,3795,1,2025-10-31 07:35:47
3490,1584,7,2025-12-07 04:39:38
3491,592,4,2025-06-01 18:24:43
3492,2050,5,2025-10-07 13:17:06
3493,1702,10,2025-04-12 02:50:14
3494,365,3,2025-07-20 16:00:18
3495,3082,8,2025-04-02 08:50:41
3496,2197,9,2025-03-05 17:49:45
3497,4991,3,2025-08-26 21:49:53
3498,1098,2,2025-10-27 23:58:01
3499,8894,3,2025-07-13 23:41:16
3500,5584,7,2025-07-15 21:10:27
3501,8335,3,2025-05-28 08:12:14
3502,8109,3,2025-02-08 07:45:53
3503,6970,10,2025-01-14 17:13:13
3504,6350,1,2025-06-23 22:06:50
3505,9155,8,2025-08-15 02:35:59
3506,8884,1,2025-03-25 05:20:13
3507,8978,10,2025-01-13 17:00:36
3508,1988,10,2025-02-24 12:38:14
3509,8586,7,2025-05-04 00:22:11
3510,3977,9,2025-04-13 18:12:52
3511,2035,8,2025-10-30 21:31:09
3512,6111,6,2025-04-04 11:20:28
3513,5483,2,2025-01-14 20:25:24
3514,4432,3,2025-12-02 01:35:06
3515,3746,6,2025-12-09 18:20:26
3516,295,10,2025-10-15 18:00:29
3517,5871,5,2025-01-24 22:57:10
3518,5853,5,2025-05-29 04:45:42
3519,1503,7,2025-11-25 09:28:10
3520,2648,9,2025-12-09 11:37:13
3521,1124,1,2025-01-08 07:00:42
3522,824,10,2025-12-07 09:31:00
3523,7062,7,2025-04-11 19:10:55
3524,1498,2,2025-11-13 10:39:55
3525,3139,8,2025-03-22 14:36:54
3526,8599,3,2025-07-26 03:47:37
3527,5232,10,2025-03-27 21:44:07
3528,5211,10,2025-05-04 06:35:39
3529,6091,2,2025-02-20 22:17:11
3530,7651,2,2025-03-18 05:21:38
3531,6474,3,2025-06-23 13:41:49
3532,6018,5,2025-11-15 23:33:20
3533,2238,3,2025-07-19 00:33:27
3534,9065,10,2025-10-02 18:10:42
3535,8780,2,2025-08-13 00:23:05
3536,558,1,2025-07-09 16:21:44
3537,1642,6,2025-08-22 01:06:42
3538,5754,8,2025-11-05 08:45:30
3539,7305,7,2025-11-28 09:36:28
3540,852,4,2025-01-15 19:22:08
3541,2117,3,2025-03-22 05:48:59
3542,6526,3,2025-11-19 15:45:14
3543,7908,3,2025-12-01 15:38:58
3544,7259,9,2025-06-08 00:03:41
3545,1185,1,2025-06-18 04:08:16
3546,1022,9,2025-05-07 15:02:51
3547,546,1,2025-11-27 13:21:19
3548,346,9,2025-11-04 22:46:33
3549,1753,1,2025-11-18 17:10:37
3550,8740,10,2025-12-07 09:50:21
3551,2194,3,2025-03-22 18:30:10
3552,4533,3,2025-05-14 00:24:07
3553,2718,1,2025-03-08 06:44:03
3554,5010,10,2025-11-12 13:36:00
3555,6810,2,2025-04-09 11:39:46
3556,2056,8,2025-10-16 02:03:04
3557,4100,3,2025-10-30 09:02:38
3558,5905,5,2025-11-12 14:34:34
3559,9717,2,2025-03-08 15:18:41
3560,7480,10,2025-02-11 01:16:17
3561,4539,1,2025-07-07 04:01:11
3562,4369,2,2025-02-17 23:36:04
3563,4339,2,2025-02-04 13:49:14
3564,6666,1,2025-03-19 15:54:33
3565,9876,2,2025-10-21 18:00:15
3566,42,3,2025-01-22 13:23:10
3567,1529,1,2025-07-08 14:20:26
3568,5317,10,2025-07-24 17:07:04
3569,1234,10,2025-04-05 23:59:45
3570,3514,4,2025-10-14 11:12:58
3571,8588,9,2025-03-05 02:47:14
3572,9659,2,2025-05-08 20:27:32
3573,6076,4,2025-09-04 16:52:15
3574,8599,10,2025-02-11 16:38:02
3575,5733,1,2025-07-30 14:23:50
3576,8603,10,2025-07-03 04:48:40
3577,686,3,2025-02-27 01:39:53
3578,5241,4,2025-05-01 11:06:18
3579,510,2,2025-06-26 18:04:58
3580,8949,4,2025-03-05 21:58:09
3581,8556,2,2025-06-18 23:55:44
3582,3405,10,2025-05-08 03:21:57
3583,5670,6,2025-01-06 16:57:14
3584,5759,9,2025-09-04 21:40:23
3585,7324,7,2025-03-03 11:53:48
3586,6977,5,2025-06-14 15:46:16
3587,5328,7,2025-10-31 21:08:04
3588,7978,2,2025-02-06 16:06:28
3589,2759,4,2025-08-06 21:23:53
3590,2254,5,2025-07-24 17:18:56
3591,8821,8,2025-04-24 11:56:00
3592,4947,1,2025-05-20 23:01:27
3593,5019,7,2025-06-02 01:55:41
3594,5177,9,2025-08-19 11:27:09
3595,1829,4,2025-09-19 08:49:48
3596,2997,5,2025-11-16 01:06:54
3597,3164,1,2025-10-16 07:23:38
3598,6039,6,2025-09-01 04:27:49
3599,365,2,2025-05-12 03:16:07
3600,8913,8,2025-06-27 13:06:31
3601,5344,6,2025-01-17 23:30:47
3602,8187,4,2025-05-10 21:06:47
3603,2550,4,2025-02-02 04:35:30
3604,717,9,2025-02-10 18:20:36
3605,6255,9,2025-01-25 09:26:02
3606,9693,10,2025-03-26 00:10:36
3607,2935,5,2025-05-08 08:49:56
3608,5440,6,2025-01-18 00:18:56
3609,5882,3,2025-08-23 19:33:23
3610,180,10,2025-09-21 05:06:36
3611,1445,6,2025-06-27 18:16:27
3612,2443,8,2025-09-01 09:48:54
3613,5467,9,2025-04-01 15:29:45
3614,7326,3,2025-03-24 22:06:06
3615,3152,3,2025-04-27 09:20:23
3616,5603,10,2025-11-01 23:06:16
3617,7433,1,2025-04-05 20:50:48
3618,1889,9,2025-07-01 20:17:40
3619,6322,7,2025-04-20 08:35:21
3620,9817,4,2025-05-01 10:08:44
3621,3842,6,2025-05-07 15:57:52
3622,8822,10,2025-06-30 23:33:17
3623,9473,5,2025-06-18 05:34:53
3624,5562,9,2025-07-20 01:05:49
3625,8022,4,2025-10-20 17:55:07
3626,144,4,2025-10-03 15:35:36
3627,58,2,2025-08-09 15:52:32
3628,8331,4,2025-04-02 22:32:56
3629,6375,5,2025-07-05 19:24:52
3630,3267,1,2025-11-11 06:14:43
3631,2159,9,2025-10-06 11:35:36
3632,4112,7,2025-08-12 11:28:06
3633,3125,6,2025-07-09 23:33:58
3634,3981,1,2025-02-10 10:49:33
3635,8949,5,2025-03-24 07:11:01
3636,7285,7,2025-06-12 01:12:20
3637,88,4,2025-07-28 12:09:05
3638,3734,3,2025-04-09 16:11:17
3639,4667,9,2025-09-09 19:17:52
3640,1707,2,2025-10-24 06:41:18
3641,7697,4,2025-04-28 22:07:46
3642,9602,1,2025-08-09 14:31:17
3643,1421,7,2025-01-15 23:27:30
3644,1661,5,2025-11-02 01:04:32
3645,471,1,2025-09-06 20:37:39
3646,6896,5,2025-02-19 03:34:53
3647,2189,4,2025-03-01 10:35:44
3648,7807,6,2025-10-09 16:52:04
3649,9886,4,2025-01-27 11:13:04
3650,1292,2,2025-11-07 20:08:24
3651,8358,10,2025-07-27 09:28:14
3652,4054,7,2025-05-14 14:46:10
3653,5751,7,2025-10-03 10:12:33
3654,4189,2,2025-09-23 10:17:37
3655,5356,5,2025-07-29 03:19:46
3656,1385,2,2025-11-08 16:24:27
3657,6974,10,2025-08-08 07:33:20
3658,447,3,2025-02-08 05:40:38
3659,8183,1,2025-11-13 19:59:46
3660,2230,4,2025-03-31 03:11:05
3661,2607,4,2025-06-07 01:21:08
3662,2366,6,2025-06-17 22:33:19
3663,6805,4,2025-05-05 19:53:19
3664,3780,3,2025-11-24 05:18:32
3665,9813,1,2025-06-01 18:49:16
3666,135,9,2025-10-06 00:33:15
3667,9304,5,2025-09-27 16:49:42
3668,3745,3,2025-09-29 07:30:00
3669,9888,3,2025-04-15 09:33:35
3670,6966,9,2025-08-19 18:54:27
3671,5856,3,2025-06-09 12:33:45
3672,4673,3,2025-08-15 15:39:02
3673,678,6,2025-12-10 18:37:03
3674,7610,2,2025-03-15 22:34:42
3675,8854,9,2025-08-16 13:46:26
3676,501,3,2025-02-08 15:08:13
3677,5311,2,2025-07-28 12:27:12
3678,5053,7,2025-03-10 04:28:21
3679,1,7,2025-08-06 07:52:49
3680,8575,3,2025-03-27 15:27:00
3681,2159,10,2025-07-27 14:57:26
3682,2338,8,2025-08-05 08:55:36
3683,446,3,2025-07-07 23:16:03
3684,8210,7,2025-05-12 16:01:02
3685,8371,9,2025-04-30 18:27:49
3686,2211,1,2025-02-26 11:33:44
3687,9175,8,2025-07-23 18:36:56
3688,293,6,2025-05-30 12:52:20
3689,532,4,2025-11-08 07:50:33
3690,124,4,2025-02-06 15:34:06
3691,1678,2,2025-01-12 02:54:39
3692,376,4,2025-01-24 16:20:10
3693,1871,2,2025-02-04 23:58:17
3694,42,6,2025-10-30 11:55:30
3695,3036,1,2025-09-19 01:24:05
3696,8214,5,2025-08-11 03:59:51
3697,8111,5,2025-11-01 23:18:05
3698,3479,1,2025-12-10 10:31:44
3699,6634,2,2025-12-06 15:32:05
3700,6092,1,2025-11-23 17:41:38
3701,3838,9,2025-07-17 12:18:28
3702,8211,5,2025-10-10 19:09:52
3703,4399,7,2025-07-02 09:26:50
3704,7563,2,2025-01-08 09:13:46
3705,518,6,2025-10-21 04:11:49
3706,8413,10,2025-07-12 22:49:49
3707,9559,5,2025-04-26 10:08:23
3708,2630,10,2025-12-10 06:03:16
3709,7627,9,2025-02-13 10:18:24
3710,9704,7,2025-06-09 09:29:31
3711,3532,10,2025-10-05 05:39:16
3712,3119,2,2025-07-17 08:08:44
3713,11,8,2025-10-30 16:20:53
3714,8595,1,2025-04-08 20:44:36
3715,1753,5,2025-05-10 02:13:02
3716,5746,10,2025-12-06 00:06:57
3717,3461,8,2025-01-25 01:22:52
3718,5231,2,2025-02-17 03:04:29
3719,1421,3,2025-07-02 15:00:58
3720,3016,5,2025-10-31 20:18:28
3721,6470,5,2025-08-25 07:39:35
3722,981,1,2025-07-15 13:50:10
3723,9719,9,2025-04-10 12:51:48
3724,7417,5,2025-11-01 13:36:49
3725,4247,7,2025-11-10 14:27:04
3726,4426,9,2025-02-20 20:14:22
3727,4579,5,2025-10-28 10:06:57
3728,3306,4,2025-09-18 06:57:35
3729,1592,2,2025-03-05 07:56:45
3730,1033,2,2025-02-24 07:15:20
3731,1859,5,2025-07-06 13:49:07
3732,9433,5,2025-08-04 02:13:18
3733,5424,9,2025-07-19 08:56:13
3734,5829,4,2025-05-26 20:04:49
3735,6008,1,2025-05-27 00:08:44
3736,43,9,2025-05-10 14:55:15
3737,2531,1,2025-01-11 05:59:44
3738,8439,10,2025-09-25 22:34:19
3739,9923,5,2025-05-01 06:17:27
3740,196,1,2025-03-10 03:58:10
3741,8448,9,2025-06-03 13:28:19
3742,7157,5,2025-01-29 07:31:12
3743,9601,6,2025-07-10 07:47:09
3744,2871,10,2025-08-06 22:01:00
3745,4734,10,2025-03-05 01:14:53
3746,8722,9,2025-06-25 14:01:15
3747,7841,9,2025-11-16 17:32:03
3748,9567,9,2025-02-15 23:18:00
3749,4129,7,2025-10-29 03:03:54
3750,8911,1,2025-05-02 14:40:43
3751,3946,10,2025-02-21 22:54:21
3752,5898,6,2025-03-10 21:43:47
3753,3747,3,2025-07-30 20:42:01
3754,6383,1,2025-06-22 17:23:36
3755,4615,3,2025-05-17 11:28:35
3756,2164,8,2025-09-30 06:48:25
3757,795,7,2025-05-26 05:11:32
3758,4792,1,2025-07-09 12:40:32
3759,325,1,2025-03-17 14:26:39
3760,8613,9,2025-01-25 18:08:56
3761,7048,1,2025-09-24 08:28:27
3762,8765,8,2025-07-07 01:27:05
3763,8743,4,2025-09-22 02:50:04
3764,3323,2,2025-01-07 01:48:54
3765,4484,6,2025-05-01 21:39:49
3766,9077,10,2025-05-25 00:22:25
3767,7387,8,2025-11-25 03:41:43
3768,9176,9,2025-04-22 05:04:16
3769,246,3,2025-11-24 20:38:38
3770,1415,4,2025-08-09 22:32:11
3771,9586,5,2025-09-08 06:00:03
3772,2339,8,2025-11-26 05:01:09
3773,8309,4,2025-02-08 00:13:10
3774,7757,4,2025-07-07 08:43:43
3775,1177,4,2025-01-14 00:03:11
3776,7145,2,2025-06-01 02:07:45
3777,1141,9,2025-07-09 02:42:17
3778,1219,1,2025-04-19 07:24:58
3779,6462,9,2025-09-29 13:44:47
3780,9462,1,2025-10-31 16:59:33
3781,8406,1,2025-07-10 16:19:42
3782,2297,1,2025-05-10 07:13:07
3783,2784,7,2025-06-13 11:52:59
3784,5021,9,2025-06-18 19:53:24
3785,975,1,2025-02-14 17:04:49
3786,165,5,2025-11-19 13:06:28
3787,2593,2,2025-06-19 01:18:28
3788,6875,8,2025-03-19 19:58:56
3789,9232,7,2025-07-16 08:12:25
3790,8068,4,2025-04-25 06:25:28
3791,5900,1,2025-08-04 21:16:23
3792,6638,3,2025-04-26 18:39:17
3793,476,3,2025-03-31 08:15:38
3794,4587,8,2025-02-11 20:02:44
3795,5977,4,2025-02-11 03:04:36
3796,9587,3,2025-01-06 06:20:41
3797,1268,7,2025-09-26 01:47:12
3798,1058,9,2025-10-05 09:59:15
3799,8523,9,2025-04-17 17:50:24
3800,6108,4,2025-02-21 09:21:13
3801,4363,3,2025-02-18 10:46:14
3802,276,10,2025-02-24 22:44:40
3803,3702,6,2025-10-14 19:15:28
3804,1652,1,2025-01-15 16:54:05
3805,7001,4,2025-03-11 07:27:33
3806,9375,9,2025-07-21 21:34:08
3807,8768,7,2025-06-19 23:14:22
3808,4592,7,2025-08-17 12:00:41
3809,7093,2,2025-10-19 06:35:09
3810,8106,9,2025-02-10 16:10:47
3811,5456,5,2025-07-20 17:41:49
3812,8153,5,2025-08-03 18:29:54
3813,3204,2,2025-04-05 20:38:01
3814,3223,8,2025-05-18 13:24:19
3815,7613,6,2025-03-30 11:08:27
3816,3173,8,2025-06-21 22:51:52
3817,1410,7,2025-08-25 20:42:04
3818,720,5,2025-11-01 16:16:07
3819,1460,3,2025-04-10 10:44:31
3820,1095,2,2025-05-15 16:40:09
3821,2193,5,2025-08-18 21:46:54
3822,3878,5,2025-11-07 05:40:28
3823,7347,1,2025-04-11 11:11:01
3824,493,10,2025-07-21 00:56:32
3825,9809,3,2025-03-20 14:02:50
3826,4121,5,2025-11-15 23:03:13
3827,3864,6,2025-07-08 11:53:07
3828,760,10,2025-07-22 05:11:12
3829,2464,2,2025-09-17 16:41:25
3830,9790,1,2025-06-11 18:39:08
3831,4987,3,2025-05-06 09:33:27
3832,6330,1,2025-09-27 08:21:46
3833,2452,4,2025-06-04 23:49:45
3834,6913,9,2025-02-17 11:49:49
3835,8447,2,2025-05-29 00:52:26
3836,8771,2,2025-08-23 16:00:13
3837,1109,5,2025-07-05 02:18:14
3838,7511,8,2025-06-19 06:00:16
3839,3618,1,2025-04-18 22:30:07
3840,858,7,2025-07-25 00:20:03
3841,5789,10,2025-02-03 16:32:48
3842,6396,8,2025-01-19 23:09:12
3843,9710,6,2025-11-10 00:45:15
3844,2355,5,2025-11-14 05:23:28
3845,6685,10,2025-09-02 03:52:24
3846,4079,3,2025-10-08 09:18:04
3847,1489,7,2025-01-29 03:54:46
3848,5748,8,2025-02-20 11:49:34
3849,5066,10,2025-03-01 09:59:48
3850,5633,6,2025-09-19 08:08:17
3851,4490,10,2025-02-03 03:54:31
3852,4665,1,2025-08-28 01:39:15
3853,6011,10,2025-06-26 19:52:46
3854,561,1,2025-08-28 10:22:15
3855,1223,1,2025-03-14 11:44:54
3856,3406,10,2025-09-12 22:05:28
3857,220,4,2025-10-05 17:32:18
3858,6270,3,2025-05-30 18:16:08
3859,9865,8,2025-10-03 16:03:03
3860,6972,1,2025-08-10 15:49:00
3861,1706,1,2025-06-13 13:27:52
3862,2814,8,2025-09-04 01:38:45
3863,5595,9,2025-12-03 16:36:15
3864,1518,10,2025-03-21 12:11:04
3865,5805,4,2025-04-28 23:17:05
3866,2490,7,2025-08-14 12:23:53
3867,5956,6,2025-03-21 03:55:09
3868,626,5,2025-04-14 14:31:50
3869,1786,6,2025-03-06 20:19:28
3870,8442,8,2025-03-08 11:32:00
3871,7452,1,2025-05-30 01:36:22
3872,7571,5,2025-01-21 04:05:00
3873,5116,1,2025-03-12 21:00:16
3874,314,2,2025-03-26 14:49:09
3875,9524,6,2025-06-05 19:36:15
3876,3485,10,2025-07-13 04:56:25
3877,2083,3,2025-08-10 03:41:08
3878,7272,4,2025-03-21 19:29:26
3879,8763,3,2025-08-01 19:12:24
3880,8647,6,2025-08-19 00:17:40
3881,7461,2,2025-11-09 13:31:24
3882,4571,1,2025-05-10 21:55:13
3883,1584,10,2025-07-07 21:40:30
3884,451,1,2025-09-10 17:38:56
3885,1235,3,2025-09-20 18:12:19
3886,7200,3,2025-12-03 16:55:23
3887,1873,2,2025-08-20 11:37:08
3888,6014,2,2025-03-17 14:54:40
3889,974,5,2025-10-28 11:31:35
3890,4770,4,2025-03-30 17:48:57
3891,4421,10,2025-07-03 17:59:29
3892,643,5,2025-09-25 23:00:13
3893,345,9,2025-04-30 20:37:09
3894,788,5,2025-11-14 13:43:15
3895,6103,2,2025-04-13 11:51:17
3896,128,8,2025-04-27 00:30:57
3897,3825,10,2025-06-17 06:20:13
3898,5473,3,2025-08-25 12:07:30
3899,5874,1,2025-01-10 06:26:48
3900,487,2,2025-05-12 01:57:56
3901,3334,7,2025-10-03 02:17:55
3902,4714,10,2025-09-29 21:19:11
3903,2570,8,2025-06-14 04:29:26
3904,1320,3,2025-10-17 13:03:56
3905,2556,7,2025-03-14 16:57:22
3906,9531,9,2025-01-11 07:57:16
3907,7550,1,2025-09-06 19:21:23
3908,9120,10,2025-05-29 01:19:13
3909,3596,10,2025-09-28 02:11:19
3910,7209,2,2025-08-22 04:48:49
3911,7191,1,2025-01-18 01:49:39
3912,2500,1,2025-05-11 08:54:52
3913,5723,4,2025-05-25 00:03:44
3914,6576,4,2025-10-27 07:39:21
3915,3349,10,2025-08-08 06:48:09
3916,3796,3,2025-05-12 21:15:02
3917,7411,2,2025-04-07 07:27:27
3918,6280,6,2025-05-09 07:13:24
3919,4209,8,2025-04-24 09:34:26
3920,2376,6,2025-11-05 12:52:22
3921,2610,1,2025-09-26 10:58:12
3922,2209,5,2025-04-24 03:48:24
3923,932,7,2025-08-23 15:34:31
3924,5,5,2025-03-20 02:58:49
3925,1691,3,2025-04-05 14:38:32
3926,4178,8,2025-10-04 17:33:29
3927,1739,3,2025-02-24 22:17:47
3928,2285,6,2025-10-21 06:20:56
3929,5624,8,2025-01-09 10:01:12
3930,5559,7,2025-10-12 20:23:08
3931,35,4,2025-09-02 04:42:25
3932,3857,9,2025-12-09 10:31:45
3933,9033,4,2025-06-22 23:32:21
3934,6939,10,2025-04-14 17:27:16
3935,9764,9,2025-12-09 20:26:28
3936,2525,8,2025-10-03 09:16:07
3937,2268,10,2025-04-23 12:19:21
3938,4456,7,2025-08-08 12:44:37
3939,5334,10,2025-09-15 21:27:06
3940,3913,2,2025-05-08 16:25:07
3941,9500,8,2025-01-05 23:04:59
3942,6964,5,2025-09-19 10:43:52
3943,6793,6,2025-08-10 23:40:32
3944,1628,1,2025-08-08 15:32:08
3945,5421,10,2025-10-03 09:49:48
3946,9494,8,2025-03-15 15:15:10
3947,1437,6,2025-11-21 05:19:45
3948,1255,7,2025-02-02 17:25:25
3949,73,2,2025-04-14 23:29:55
3950,577,5,2025-04-26 12:47:58
3951,1059,5,2025-10-24 10:52:24
3952,5615,3,2025-07-19 10:36:42
3953,9417,7,2025-01-30 00:19:30
3954,1728,9,2025-10-11 08:07:32
3955,1327,5,2025-05-02 02:00:51
3956,3348,4,2025-06-06 10:27:36
3957,3848,3,2025-03-21 14:57:36
3958,8300,9,2025-05-01 15:23:15
3959,8141,2,2025-05-30 18:33:16
3960,4850,5,2025-06-22 22:03:04
3961,4561,8,2025-10-01 03:47:09
3962,2584,9,2025-05-16 22:54:22
3963,5730,10,2025-05-09 06:29:20
3964,2555,1,2025-04-10 02:48:59
3965,6099,5,2025-02-10 03:36:58
3966,5132,5,2025-05-06 16:10:30
3967,9218,5,2025-05-27 12:31:34
3968,4000,1,2025-06-27 16:44:55
3969,1205,9,2025-10-20 08:55:41
3970,1090,4,2025-04-14 21:23:53
3971,1197,8,2025-12-02 04:34:14
3972,865,7,2025-09-25 06:02:43
3973,2370,1,2025-05-14 09:42:56
3974,2744,9,2025-06-30 21:51:50
3975,6317,1,2025-08-15 17:39:22
3976,7230,6,2025-11-07 23:31:27
3977,9294,3,2025-08-03 00:17:51
3978,1463,6,2025-03-24 15:04:37
3979,7305,5,2025-07-05 22:02:38
3980,4242,5,2025-07-05 17:01:59
3981,9998,7,2025-02-07 21:27:36
3982,2257,4,2025-10-05 01:56:05
3983,8324,2,2025-01-10 23:18:08
3984,2067,10,2025-10-18 22:51:15
3985,6959,8,2025-04-17 08:58:02
3986,4323,5,2025-10-11 16:14:45
3987,9111,5,2025-07-18 13:14:23
3988,6781,5,2025-09-06 04:03:09
3989,211,7,2025-07-21 23:19:15
3990,1115,2,2025-05-15 04:38:42
3991,5686,4,2025-04-06 08:15:29
3992,2676,8,2025-01-10 21:31:22
3993,9573,7,2025-03-18 08:33:52
3994,7315,1,2025-12-10 15:28:52
3995,5126,3,2025-07-02 14:35:33
3996,3453,4,2025-10-03 17:12:01
3997,7388,9,2025-04-07 17:54:28
3998,8158,5,2025-01-01 12:58:25
3999,255,5,2025-01-06 03:49:01
4000,6170,6,2025-10-21 10:07:46
4001,2719,1,2025-06-13 07:38:11
4002,1096,5,2025-09-09 20:47:18
4003,4212,10,2025-03-12 20:19:59
4004,9154,5,2025-06-13 00:47:58
4005,5716,8,2025-07-11 12:36:07
4006,3143,4,2025-05-04 17:48:41
4007,9721,7,2025-11-26 08:57:02
4008,7150,2,2025-08-23 15:12:16
4009,2399,4,2025-05-25 20:20:34
4010,9297,6,2025-12-04 15:00:33
4011,4890,8,2025-01-12 23:37:08
4012,9989,5,2025-07-16 08:31:06
4013,7460,3,2025-02-14 02:19:11
4014,3715,3,2025-09-21 09:22:43
4015,2611,10,2025-09-07 02:37:42
4016,8656,10,2025-10-20 17:15:55
4017,5947,2,2025-03-09 00:24:13
4018,4982,6,2025-06-09 22:29:06
4019,7082,9,2025-04-16 01:17:10
4020,6986,6,2025-06-06 19:26:57
4021,4333,10,2025-09-10 00:43:18
4022,2830,6,2025-02-20 23:19:01
4023,856,9,2025-10-27 10:59:30
4024,4050,6,2025-10-20 19:57:06
4025,8446,5,2025-06-01 04:52:35
4026,9404,7,2025-03-30 18:40:13
4027,1122,7,2025-11-21 09:06:21
4028,5190,7,2025-04-21 10:01:23
4029,9495,7,2025-02-27 22:37:52
4030,7550,10,2025-04-06 00:33:24
4031,8342,1,2025-06-01 20:38:50
4032,3293,3,2025-03-20 10:07:21
4033,6020,4,2025-02-27 18:12:28
4034,4498,9,2025-05-18 22:09:49
4035,3452,8,2025-06-07 05:17:26
4036,3203,7,2025-10-06 04:46:42
4037,6276,2,2025-10-23 09:38:07
4038,4450,7,2025-08-22 05:09:48
4039,9962,9,2025-10-18 05:22:24
4040,7598,1,2025-10-16 22:17:54
4041,7229,7,2025-12-10 15:48:31
4042,9028,1,2025-09-28 12:10:51
4043,4906,2,2025-06-09 04:41:05
4044,9172,8,2025-08-19 22:22:43
4045,9131,1,2025-09-25 13:56:29
4046,918,5,2025-04-14 10:41:08
4047,4097,3,2025-08-04 09:10:39
4048,6945,6,2025-08-07 02:23:18
4049,6541,5,2025-08-02 01:45:09
4050,2259,8,2025-06-24 11:14:41
4051,3577,6,2025-05-08 08:40:25
4052,8344,4,2025-08-28 20:05:19
4053,1704,9,2025-05-31 17:26:24
4054,5332,7,2025-05-01 03:00:03
4055,6039,2,2025-05-09 07:15:39
4056,9667,9,2025-09-09 23:25:04
4057,736,7,2025-01-26 13:47:40
4058,1043,3,2025-01-02 19:31:38
4059,463,10,2025-05-06 16:35:34
4060,8233,3,2025-07-13 01:06:42
4061,4888,6,2025-04-21 00:20:59
4062,5506,9,2025-01-09 00:52:42
4063,7741,3,2025-08-29 11:01:42
4064,7060,8,2025-07-24 01:57:26
4065,5865,4,2025-10-04 01:44:49
4066,980,6,2025-08-31 19:33:45
4067,8573,6,2025-07-17 01:22:34
4068,2055,7,2025-07-17 05:01:46
4069,3582,1,2025-08-18 05:39:09
4070,1301,5,2025-09-12 22:01:53
4071,164,1,2025-08-29 13:16:30
4072,2216,8,2025-03-10 01:26:29
4073,5248,3,2025-09-14 20:32:28
4074,559,3,2025-02-10 00:44:40
4075,5520,5,2025-06-10 16:59:51
4076,28,9,2025-07-05 06:23:30
4077,5669,1,2025-05-20 20:49:48
4078,4148,4,2025-06-01 14:44:46
4079,9040,8,2025-12-02 08:06:32
4080,1414,9,2025-06-07 16:33:44
4081,2884,3,2025-05-07 08:58:01
4082,5968,10,2025-08-04 19:39:30
4083,4001,2,2025-09-14 09:38:55
4084,6577,5,2025-09-10 17:40:14
4085,9540,5,2025-03-10 02:24:08
4086,3576,5,2025-07-02 10:33:33
4087,5004,8,2025-11-20 11:05:58
4088,6343,3,2025-02-13 18:09:58
4089,5345,1,2025-10-07 15:22:51
4090,1604,8,2025-01-25 14:58:52
4091,4874,2,2025-06-01 13:42:21
4092,6807,4,2025-01-23 19:05:17
4093,1033,3,2025-09-21 19:12:53
4094,5125,8,2025-11-29 17:25:51
4095,6719,6,2025-11-06 07:34:28
4096,9107,3,2025-01-01 18:11:04
4097,8759,3,2025-02-03 10:20:35
4098,1572,4,2025-01-26 12:31:19
4099,3449,1,2025-04-30 04:19:40
4100,6335,8,2025-10-18 05:47:39
4101,8797,9,2025-02-22 19:18:51
4102,6558,10,2025-11-12 18:57:30
4103,5690,4,2025-07-12 11:34:05
4104,5264,10,2025-04-12 07:17:06
4105,7914,8,2025-10-30 12:22:39
4106,5937,9,2025-09-18 01:48:08
4107,9660,9,2025-03-31 18:32:02
4108,1092,10,2025-01-15 12:24:35
4109,9476,4,2025-11-08 17:12:07
4110,3526,4,2025-03-01 01:40:05
4111,1617,3,2025-06-08 08:08:41
4112,2818,6,2025-11-21 06:44:13
4113,147,9,2025-03-11 21:52:03
4114,7958,1,2025-04-08 18:02:34
4115,7408,6,2025-04-16 05:09:40
4116,9010,7,2025-01-05 17:59:48
4117,7781,8,2025-09-11 20:19:55
4118,2223,9,2025-10-07 02:20:01
4119,4710,2,2025-06-10 16:36:39
4120,1832,2,2025-03-12 06:17:24
4121,1903,2,2025-11-12 00:43:32
4122,9974,5,2025-06-24 09:02:41
4123,129,2,2025-06-18 09:25:09
4124,5643,5,2025-11-12 09:33:45
4125,3547,8,2025-11-05 06:02:03
4126,2161,6,2025-12-05 19:07:42
4127,550,9,2025-10-13 15:40:39
4128,1158,2,2025-11-15 14:51:44
4129,8026,8,2025-11-16 08:56:12
4130,315,9,2025-06-07 07:14:33
4131,1154,10,2025-01-31 03:38:28
4132,4973,5,2025-08-27 08:44:22
4133,7709,9,2025-12-03 16:58:03
4134,1404,5,2025-08-13 04:06:34
4135,4261,9,2025-03-10 17:48:30
4136,1955,10,2025-04-30 20:26:47
4137,6530,6,2025-07-15 18:59:39
4138,6323,7,2025-05-07 04:19:29
4139,561,4,2025-07-08 17:39:37
4140,7007,1,2025-04-09 19:29:22
4141,371,1,2025-03-25 20:50:21
4142,9122,6,2025-01-01 14:40:26
4143,5551,10,2025-08-12 08:51:41
4144,2933,5,2025-04-08 07:38:19
4145,5552,10,2025-05-14 16:08:45
4146,4068,7,2025-06-18 15:55:49
4147,272,10,2025-08-05 13:39:17
4148,9246,6,2025-05-31 14:46:37
4149,9753,3,2025-03-22 17:48:36
4150,9329,4,2025-05-16 02:49:12
4151,4360,7,2025-04-29 02:41:12
4152,1087,5,2025-02-12 05:02:24
4153,8026,4,2025-07-20 20:20:51
4154,1094,7,2025-01-02 01:55:33
4155,2186,9,2025-07-14 22:48:00
4156,635,8,2025-01-06 06:24:54
4157,310,4,2025-10-15 20:19:35
4158,5980,8,2025-11-25 02:36:41
4159,1293,9,2025-03-03 04:12:33
4160,4310,9,2025-08-27 18:39:19
4161,5024,4,2025-01-03 18:05:40
4162,3781,3,2025-04-06 09:20:44
4163,3255,9,2025-03-15 06:54:20
4164,6052,3,2025-11-18 23:44:18
4165,9934,3,2025-10-02 03:22:59
4166,4075,2,2025-11-22 13:09:57
4167,8076,2,2025-04-09 14:16:19
4168,8121,1,2025-09-21 09:47:28
4169,3029,1,2025-11-21 05:33:20
4170,4965,9,2025-09-29 18:49:24
4171,6221,6,2025-08-22 14:42:03
4172,5273,8,2025-01-16 12:40:51
4173,2593,4,2025-01-14 02:22:32
4174,7610,8,2025-01-13 04:18:15
4175,5801,8,2025-10-27 13:24:47
4176,8362,8,2025-08-31 22:30:20
4177,8225,2,2025-03-19 15:17:31
4178,1140,4,2025-07-31 20:56:25
4179,3604,5,2025-03-28 21:19:19
4180,706,10,2025-11-10 10:13:42
4181,5783,9,2025-02-16 18:05:14
4182,4973,9,2025-12-05 14:12:35
4183,9678,1,2025-10-29 05:32:02
4184,4009,2,2025-08-24 07:28:34
4185,9399,10,2025-10-30 03:32:54
4186,3056,7,2025-04-14 23:24:57
4187,8127,4,2025-03-04 00:01:37
4188,352,9,2025-01-02 06:58:55
4189,6095,2,2025-03-04 04:05:16
4190,3264,8,2025-11-15 08:08:20
4191,2080,10,2025-11-30 00:02:27
4192,3379,8,2025-10-11 20:08:11
4193,8773,9,2025-09-11 17:30:53
4194,3734,8,2025-03-29 14:36:22
4195,8532,5,2025-10-17 00:06:54
4196,8441,2,2025-07-17 15:58:29
4197,9880,10,2025-08-29 13:44:27
4198,3571,9,2025-07-30 12:12:16
4199,5553,4,2025-01-04 13:52:48
4200,7198,5,2025-07-14 03:47:02
4201,9259,4,2025-01-09 01:59:42
4202,8543,4,2025-05-03 10:43:43
4203,2357,7,2025-03-06 12:17:21
4204,9161,5,2025-07-06 09:32:34
4205,6327,3,2025-04-02 18:08:11
4206,3373,3,2025-04-22 19:14:34
4207,3454,9,2025-03-30 22:03:51
4208,2334,7,2025-08-28 20:40:11
4209,5874,4,2025-10-25 07:50:58
4210,4815,1,2025-06-08 11:09:56
4211,8915,1,2025-09-29 04:02:53
4212,4436,7,2025-04-22 06:45:38
4213,3482,1,2025-05-14 19:18:02
4214,1762,1,2025-04-15 02:26:38
4215,8322,4,2025-03-05 18:48:42
4216,9171,6,2025-09-01 07:48:49
4217,430,5,2025-10-15 18:41:46
4218,6442,9,2025-06-21 22:09:18
4219,2507,4,2025-01-04 05:27:04
4220,4193,4,2025-04-07 11:26:34
4221,817,10,2025-05-24 02:09:26
4222,5549,10,2025-01-01 12:09:07
4223,5482,2,2025-04-04 08:04:24
4224,3778,4,2025-03-27 17:41:58
4225,6009,3,2025-03-25 22:47:05
4226,9509,3,2025-12-05 15:45:20
4227,2360,8,2025-06-19 15:06:16
4228,7456,10,2025-02-12 00:16:07
4229,965,8,2025-03-03 09:30:15
4230,830,3,2025-07-27 18:14:01
4231,8279,10,2025-09-15 22:36:57
4232,3650,6,2025-01-17 14:43:57
4233,9995,6,2025-06-23 05:54:55
4234,2991,5,2025-05-25 22:26:23
4235,8276,10,2025-10-19 19:34:18
4236,2885,8,2025-10-10 12:34:02
4237,4980,8,2025-06-11 16:52:59
4238,7618,10,2025-11-17 03:33:37
4239,5428,8,2025-08-24 21:34:47
4240,7403,2,2025-01-06 21:41:01
4241,5370,4,2025-07-02 06:41:47
4242,9523,8,2025-11-11 03:23:26
4243,3252,2,2025-06-12 18:31:29
4244,7883,8,2025-09-22 18:15:06
4245,9350,1,2025-06-24 21:15:55
4246,5941,9,2025-03-19 15:37:25
4247,5967,3,2025-10-22 22:36:44
4248,2386,7,2025-07-15 16:38:02
4249,9288,9,2025-03-28 15:46:59
4250,1529,3,2025-03-12 10:34:10
4251,479,8,2025-11-30 14:50:42
4252,9999,4,2025-07-20 03:28:19
4253,9361,6,2025-02-01 06:04:04
4254,5571,1,2025-06-08 03:18:42
4255,1715,4,2025-03-23 04:38:26
4256,3003,4,2025-12-08 03:10:26
4257,3267,10,2025-11-24 19:15:19
4258,4314,5,2025-09-29 15:44:56
4259,6372,9,2025-07-14 00:19:09
4260,8343,9,2025-02-21 09:31:09
4261,8040,6,2025-03-24 01:02:02
4262,2189,3,2025-04-13 17:13:44
4263,4140,4,2025-01-07 22:02:45
4264,5047,6,2025-08-12 21:13:27
4265,2958,10,2025-07-23 09:06:15
4266,5493,8,2025-12-06 16:38:01
4267,8027,6,2025-04-10 08:36:01
4268,2814,7,2025-08-21 08:22:55
4269,8640,6,2025-08-03 12:25:52
4270,6153,3,2025-03-20 15:56:42
4271,7804,10,2025-01-02 19:24:15
4272,7632,6,2025-03-23 15:37:17
4273,5795,10,2025-02-18 02:02:23
4274,7352,1,2025-11-30 03:12:50
4275,3511,1,2025-05-11 21:37:54
4276,9580,9,2025-08-09 08:46:10
4277,9258,3,2025-01-27 01:02:32
4278,7454,10,2025-01-16 08:27:04
4279,1404,10,2025-10-05 01:32:12
4280,301,10,2025-03-14 03:11:31
4281,7796,8,2025-09-30 05:16:37
4282,4937,5,2025-04-14 04:48:39
4283,2255,2,2025-08-02 02:48:26
4284,9187,7,2025-05-23 19:45:57
4285,2145,6,2025-11-03 12:09:19
4286,1650,9,2025-06-30 23:33:16
4287,4296,8,2025-08-13 08:59:23
4288,8219,6,2025-11-01 01:50:00
4289,1792,9,2025-03-21 15:32:14
4290,6034,6,2025-01-30 07:49:54
4291,6809,1,2025-10-06 12:40:10
4292,3563,8,2025-03-02 21:39:00
4293,1164,10,2025-08-18 06:20:19
4294,5138,7,2025-03-01 12:59:46
4295,2115,7,2025-08-30 13:27:10
4296,4831,7,2025-10-17 03:37:56
4297,2185,4,2025-08-11 08:36:56
4298,2192,9,2025-05-11 11:33:00
4299,661,2,2025-06-06 23:07:07
4300,7627,6,2025-09-23 18:05:46
4301,6744,3,2025-05-24 01:35:21
4302,3732,6,2025-05-28 07:50:47
4303,4442,10,2025-10-26 14:44:08
4304,4108,4,2025-03-17 05:38:19
4305,5926,3,2025-06-28 17:49:37
4306,3849,5,2025-09-14 13:34:23
4307,638,1,2025-08-03 10:11:06
4308,3868,1,2025-04-10 15:49:52
4309,6596,10,2025-11-06 07:12:40
4310,5421,4,2025-07-20 10:17:23
4311,4745,3,2025-03-19 01:37:46
4312,2124,2,2025-04-05 05:14:45
4313,5067,3,2025-11-21 22:40:22
4314,463,3,2025-07-03 02:48:30
4315,6555,2,2025-04-16 10:48:22
4316,2091,10,2025-03-24 07:58:37
4317,9611,8,2025-06-07 21:28:45
4318,9305,3,2025-10-24 23:51:38
4319,34,5,2025-08-18 07:12:44
4320,4728,10,2025-07-30 04:27:45
4321,9062,2,2025-01-20 01:06:14
4322,7531,9,2025-08-31 12:25:00
4323,8067,4,2025-05-19 12:01:15
4324,7756,7,2025-06-11 13:17:35
4325,6397,9,2025-06-01 16:14:33
4326,7056,9,2025-07-23 07:36:39
4327,6556,6,2025-05-07 01:54:49
4328,4594,6,2025-06-11 00:29:05
4329,6102,2,2025-07-02 12:11:56
4330,8598,3,2025-07-29 17:29:57
4331,8029,2,2025-08-16 22:24:34
4332,3602,4,2025-04-13 23:30:55
4333,4610,1,2025-01-06 17:42:25
4334,359,4,2025-04-24 18:00:04
4335,3943,8,2025-08-29 12:20:55
4336,3378,1,2025-02-26 13:28:48
4337,6686,4,2025-10-24 06:59:25
4338,198,9,2025-04-12 10:04:45
4339,5061,6,2025-09-07 00:42:27
4340,951,4,2025-12-02 04:06:13
4341,26,6,2025-05-22 03:49:58
4342,266,1,2025-05-26 14:04:58
4343,3235,6,2025-05-15 02:57:17
4344,824,4,2025-01-01 03:16:24
4345,1516,5,2025-08-03 12:14:25
4346,6010,8,2025-04-08 23:57:57
4347,2162,6,2025-12-01 06:29:22
4348,7815,9,2025-04-21 04:45:31
4349,1778,2,2025-06-24 22:23:41
4350,6440,3,2025-10-12 19:25:45
4351,6158,2,2025-07-23 17:48:14
4352,8660,5,2025-11-03 11:21:10
4353,9775,7,2025-09-28 14:23:34
4354,5419,1,2025-06-13 13:44:34
4355,7371,7,2025-10-17 12:42:23
4356,1764,9,2025-09-30 21:59:13
4357,8749,9,2025-12-05 14:51:09
4358,6393,7,2025-11-28 04:04:35
4359,8259,5,2025-02-13 13:07:18
4360,5298,5,2025-07-06 08:25:58
4361,5665,10,2025-08-30 16:47:13
4362,9269,7,2025-09-12 20:57:58
4363,2954,10,2025-05-08 00:34:08
4364,9399,3,2025-11-28 02:27:28
4365,6451,6,2025-02-21 18:46:08
4366,7258,4,2025-10-01 09:24:44
4367,9741,9,2025-06-14 05:03:12
4368,2044,5,2025-07-15 20:03:00
4369,8373,10,2025-10-09 12:21:25
4370,509,7,2025-04-28 03:30:42
4371,9547,10,2025-11-01 09:55:17
4372,3004,9,2025-10-09 18:35:25
4373,132,1,2025-07-09 19:55:45
4374,2758,3,2025-06-24 14:25:07
4375,1130,7,2025-07-24 15:59:01
4376,9074,8,2025-03-24 18:39:45
4377,4296,1,2025-12-01 07:00:03
4378,5536,9,2025-11-18 01:42:29
4379,4898,9,2025-01-16 06:37:47
4380,20,10,2025-10-28 02:28:29
4381,4348,3,2025-12-11 03:37:11
4382,577,3,2025-08-18 16:40:54
4383,7162,3,2025-04-30 04:30:24
4384,7836,9,2025-12-01 21:20:00
4385,9531,8,2025-02-17 18:45:05
4386,3790,1,2025-09-15 01:11:23
4387,5471,2,2025-09-21 18:07:39
4388,5475,3,2025-04-15 01:28:46
4389,9675,6,2025-05-31 08:06:09
4390,2722,6,2025-06-28 18:14:36
4391,276,1,2025-05-10 07:18:02
4392,4926,5,2025-07-16 16:48:31
4393,7595,5,2025-08-19 11:13:55
4394,7156,5,2025-07-06 07:22:22
4395,9999,1,2025-09-14 00:18:05
4396,5392,8,2025-06-11 13:38:04
4397,9217,8,2025-06-11 20:19:40
4398,8294,4,2025-08-09 03:16:54
4399,7,3,2025-06-17 05:08:23
4400,4153,6,2025-01-12 23:52:53
4401,9171,1,2025-11-15 05:08:31
4402,1102,9,2025-09-27 16:06:16
4403,9703,10,2025-02-01 22:44:22
4404,3969,3,2025-05-16 02:39:09
4405,7770,2,2025-02-05 07:48:00
4406,4635,9,2025-10-26 12:54:32
4407,9242,7,2025-10-14 07:57:09
4408,3058,7,2025-02-19 12:22:27
4409,172,10,2025-04-08 05:28:53
4410,4525,7,2025-01-22 04:16:34
4411,7400,5,2025-09-29 11:10:52
4412,5994,1,2025-06-06 12:55:38
4413,8250,2,2025-09-15 16:23:33
4414,8171,6,2025-10-20 17:08:48
4415,4239,1,2025-03-08 18:38:28
4416,7158,2,2025-05-03 21:20:17
4417,6631,5,2025-09-03 18:17:34
4418,6975,4,2025-05-12 12:08:22
4419,8512,10,2025-02-11 03:16:18
4420,9874,2,2025-04-04 14:10:29
4421,1610,10,2025-04-23 17:09:29
4422,5469,3,2025-03-29 14:14:51
4423,3571,6,2025-07-23 13:45:10
4424,7741,1,2025-04-29 17:55:40
4425,5561,1,2025-09-30 19:58:40
4426,8488,9,2025-07-06 02:08:36
4427,9045,3,2025-04-03 18:23:49
4428,9600,8,2025-09-11 19:54:47
4429,3318,10,2025-06-01 16:08:30
4430,5462,7,2025-05-04 21:54:46
4431,5033,3,2025-04-22 22:21:45
4432,4786,1,2025-01-13 13:01:33
4433,9966,2,2025-09-21 05:37:48
4434,2587,10,2025-04-26 07:10:09
4435,2334,2,2025-01-28 15:06:59
4436,8383,6,2025-12-04 07:07:32
4437,6380,7,2025-10-26 22:25:50
4438,3085,7,2025-07-30 12:41:39
4439,2786,9,2025-11-17 08:23:56
4440,3328,9,2025-08-18 10:45:49
4441,3116,1,2025-03-01 13:51:41
4442,6191,4,2025-06-16 07:07:40
4443,356,9,2025-08-22 06:25:08
4444,7011,9,2025-09-02 16:25:00
4445,3724,6,2025-11-04 19:33:09
4446,6296,1,2025-07-05 06:00:16
4447,8144,8,2025-08-30 18:19:18
4448,2924,3,2025-10-26 08:02:48
4449,1537,1,2025-07-19 15:17:44
4450,6125,6,2025-09-28 07:45:58
4451,2657,6,2025-05-09 03:14:48
4452,5992,2,2025-11-05 17:32:36
4453,9790,2,2025-09-22 17:43:22
4454,1711,8,2025-02-01 17:19:33
4455,8929,1,2025-08-29 08:38:18
4456,4597,5,2025-08-29 10:03:20
4457,1669,9,2025-11-20 15:58:50
4458,7661,8,2025-12-06 19:23:05
4459,1721,4,2025-01-31 02:41:48
4460,3359,1,2025-09-21 04:27:20
4461,3644,6,2025-06-06 19:51:47
4462,3781,3,2025-09-28 19:30:25
4463,6971,5,2025-08-23 08:44:17
4464,7869,2,2025-10-26 19:12:50
4465,7165,9,2025-03-21 08:54:23
4466,5548,8,2025-11-24 05:33:41
4467,4318,6,2025-02-12 16:02:18
4468,7471,5,2025-05-27 22:35:56
4469,6928,1,2025-07-04 02:14:39
4470,7391,7,2025-07-07 10:05:32
4471,7433,3,2025-01-16 21:24:48
4472,9850,10,2025-04-12 03:31:08
4473,1143,4,2025-01-24 12:56:02
4474,4972,6,2025-03-15 18:17:23
4475,7218,3,2025-11-12 03:26:19
4476,8034,6,2025-04-20 12:59:59
4477,1588,7,2025-11-21 01:09:47
4478,6636,7,2025-05-06 19:00:20
4479,5938,2,2025-11-16 17:59:44
4480,1439,4,2025-10-21 02:07:41
4481,5963,7,2025-03-29 13:56:28
4482,5672,1,2025-04-03 20:58:50
4483,8134,10,2025-05-23 19:52:32
4484,1425,1,2025-06-09 08:11:29
4485,9159,4,2025-06-27 10:13:13
4486,369,8,2025-07-22 05:49:35
4487,8481,7,2025-02-16 07:36:50
4488,4502,4,2025-03-12 00:20:04
4489,16,8,2025-09-05 14:14:05
4490,7607,1,2025-06-04 04:37:35
4491,103,4,2025-05-30 01:14:33
4492,4760,7,2025-08-15 01:45:09
4493,9216,1,2025-03-29 00:52:24
4494,1795,2,2025-03-05 07:00:07
4495,8942,9,2025-10-25 05:46:57
4496,5675,2,2025-03-16 00:08:13
4497,1955,6,2025-10-19 09:15:48
4498,4234,7,2025-11-02 00:48:35
4499,6923,10,2025-11-01 09:32:46
4500,6825,6,2025-09-10 01:39:17
4501,6928,6,2025-07-26 14:36:30
4502,324,8,2025-05-05 01:02:58
4503,4962,8,2025-06-11 12:19:11
4504,6150,9,2025-04-27 14:25:52
4505,785,2,2025-03-24 19:52:29
4506,6556,5,2025-01-26 05:23:08
4507,1238,6,2025-03-27 04:34:57
4508,7026,7,2025-08-01 20:29:44
4509,6901,7,2025-03-17 07:40:09
4510,197,7,2025-07-02 18:07:37
4511,3711,9,2025-02-08 09:24:30
4512,5779,6,2025-02-23 16:13:19
4513,5470,8,2025-05-13 20:07:57
4514,5996,6,2025-04-02 03:10:17
4515,8279,4,2025-07-01 13:00:46
4516,8747,1,2025-01-05 06:49:17
4517,6793,9,2025-06-07 09:09:54
4518,2323,8,2025-11-25 21:14:06
4519,8448,2,2025-06-04 21:24:58
4520,4209,6,2025-07-31 10:49:28
4521,9303,3,2025-03-21 16:36:03
4522,4338,6,2025-03-23 21:39:17
4523,7599,5,2025-11-30 09:35:49
4524,8758,5,2025-11-20 19:04:57
4525,4350,8,2025-06-29 04:43:42
4526,8519,7,2025-11-06 19:57:31
4527,4688,1,2025-03-12 09:06:55
4528,8948,1,2025-05-12 11:35:09
4529,9281,7,2025-11-22 23:47:12
4530,3891,4,2025-05-24 18:58:36
4531,4938,1,2025-05-16 00:30:23
4532,4240,7,2025-03-27 10:02:46
4533,1001,1,2025-01-23 01:13:08
4534,3565,1,2025-03-23 06:08:22
4535,5458,3,2025-08-02 02:32:00
4536,3139,9,2025-10-04 18:31:40
4537,1221,5,2025-11-03 06:06:12
4538,9459,5,2025-04-17 09:49:02
4539,3318,4,2025-09-12 02:03:29
4540,5067,8,2025-09-17 03:35:20
4541,9764,4,2025-08-16 02:06:58
4542,933,10,2025-03-09 04:23:39
4543,3618,8,2025-09-05 13:22:24
4544,5841,2,2025-09-20 22:57:05
4545,6428,7,2025-04-15 06:05:44
4546,408,10,2025-06-19 08:00:34
4547,2244,10,2025-11-11 01:08:15
4548,4478,7,2025-02-10 14:14:05
4549,3618,10,2025-04-24 11:09:53
4550,8850,2,2025-03-02 10:55:34
4551,8498,3,2025-02-16 20:00:43
4552,306,1,2025-01-31 12:28:36
4553,3713,6,2025-07-23 21:58:09
4554,7086,5,2025-04-12 00:13:51
4555,1401,5,2025-06-28 22:27:46
4556,8650,2,2025-05-30 04:50:39
4557,8331,9,2025-08-25 21:49:42
4558,8870,3,2025-02-23 17:40:09
4559,7448,6,2025-10-15 21:14:06
4560,3044,10,2025-02-08 03:12:38
4561,6761,1,2025-05-25 08:40:21
4562,1908,9,2025-12-05 14:20:13
4563,1657,8,2025-01-18 00:31:03
4564,7220,1,2025-07-24 04:45:04
4565,7168,4,2025-09-12 16:51:11
4566,7776,1,2025-03-11 08:00:53
4567,8106,8,2025-08-22 22:00:00
4568,6745,1,2025-03-11 07:21:40
4569,4619,5,2025-03-15 00:17:10
4570,6451,4,2025-07-05 04:58:45
4571,8880,8,2025-08-13 01:52:44
4572,1533,5,2025-06-14 17:47:46
4573,3971,1,2025-06-19 09:59:49
4574,4307,1,2025-10-22 22:50:40
4575,2480,4,2025-06-17 10:09:08
4576,2644,1,2025-06-03 10:53:55
4577,544,3,2025-10-25 09:44:59
4578,2071,1,2025-07-27 21:37:00
4579,987,8,2025-01-26 08:21:49
4580,9927,2,2025-06-12 18:05:36
4581,3679,9,2025-06-13 11:51:58
4582,7904,1,2025-01-13 00:12:29
4583,5253,5,2025-04-30 01:45:50
4584,7506,2,2025-08-12 02:04:35
4585,5770,5,2025-08-24 00:16:59
4586,973,5,2025-04-29 13:13:23
4587,6467,1,2025-09-20 06:11:14
4588,6187,3,2025-07-08 10:00:35
4589,2922,7,2025-01-19 23:04:50
4590,1205,1,2025-09-26 09:05:25
4591,3927,5,2025-01-31 13:27:57
4592,8362,6,2025-05-16 00:05:21
4593,5140,8,2025-08-12 21:36:56
4594,9895,6,2025-03-28 02:22:26
4595,7475,8,2025-10-24 05:16:24
4596,4523,2,2025-07-22 01:14:46
4597,4132,2,2025-03-30 12:36:01
4598,3142,5,2025-03-08 03:16:19
4599,6260,3,2025-07-26 06:04:17
4600,5254,1,2025-02-24 06:49:08
4601,1555,6,2025-03-13 03:49:34
4602,8899,10,2025-03-01 04:17:48
4603,4706,1,2025-02-13 11:54:13
4604,3891,7,2025-06-20 02:58:12
4605,2098,6,2025-11-03 20:37:43
4606,6364,10,2025-01-05 22:14:52
4607,9848,6,2025-07-10 04:51:57
4608,6360,7,2025-03-01 06:39:30
4609,1494,6,2025-08-27 17:44:25
4610,274,9,2025-01-18 19:44:52
4611,5445,5,2025-04-13 05:14:24
4612,9418,8,2025-12-08 12:43:44
4613,3167,9,2025-06-16 10:07:22
4614,3971,7,2025-01-02 13:15:46
4615,6422,1,2025-07-22 18:23:25
4616,5461,7,2025-07-26 04:04:27
4617,46,1,2025-11-21 00:04:18
4618,502,3,2025-11-22 18:06:00
4619,2474,10,2025-06-08 07:42:39
4620,3882,9,2025-01-16 04:16:41
4621,6396,10,2025-01-18 07:35:08
4622,7597,6,2025-11-12 04:18:31
4623,9375,5,2025-08-01 13:31:21
4624,7171,8,2025-11-28 14:08:54
4625,3733,2,2025-12-02 22:01:03
4626,3014,6,2025-04-13 21:15:29
4627,2907,7,2025-06-08 03:58:11
4628,1086,7,2025-04-05 02:38:02
4629,4920,4,2025-12-06 08:26:24
4630,2036,5,2025-11-16 10:59:47
4631,9201,1,2025-05-30 16:30:26
4632,3910,4,2025-08-01 20:05:55
4633,5468,9,2025-01-07 02:19:58
4634,6770,10,2025-03-27 03:27:00
4635,6954,1,2025-03-28 09:02:12
4636,7910,7,2025-03-04 07:56:54
4637,5624,2,2025-08-09 16:30:22
4638,6391,9,2025-09-19 13:09:10
4639,7507,6,2025-05-23 16:55:37
4640,262,5,2025-04-08 19:17:44
4641,743,10,2025-04-01 10:01:36
4642,8122,3,2025-05-28 16:43:58
4643,8454,9,2025-08-25 04:19:31
4644,9395,3,2025-11-16 10:39:03
4645,3590,10,2025-05-17 02:27:05
4646,2708,6,2025-10-07 11:52:09
4647,6825,4,2025-11-20 20:32:27
4648,5742,2,2025-03-03 21:47:15
4649,6009,9,2025-04-17 08:39:39
4650,8649,8,2025-01-01 03:13:25
4651,6590,3,2025-03-09 22:53:28
4652,1052,7,2025-09-02 15:17:28
4653,2411,10,2025-02-04 10:12:31
4654,89,4,2025-10-08 13:59:27
4655,6191,10,2025-04-14 14:58:36
4656,2708,3,2025-10-14 09:53:18
4657,704,5,2025-02-01 05:20:18
4658,843,10,2025-01-12 22:52:50
4659,7454,2,2025-05-29 07:00:39
4660,2715,7,2025-06-13 05:01:52
4661,6391,7,2025-11-22 13:42:53
4662,1884,9,2025-10-21 20:28:28
4663,9301,5,2025-07-04 15:18:42
4664,4201,9,2025-07-04 19:51:24
4665,310,9,2025-06-25 05:18:37
4666,4730,3,2025-04-12 18:41:38
4667,4177,7,2025-10-28 06:27:36
4668,2071,10,2025-09-16 14:59:49
4669,4635,3,2025-01-06 13:33:59
4670,412,10,2025-01-22 03:14:09
4671,8130,3,2025-11-15 15:58:20
4672,2674,4,2025-08-08 18:53:19
4673,2311,2,2025-05-29 11:08:32
4674,9646,9,2025-07-12 23:17:35
4675,7720,5,2025-02-27 19:26:06
4676,3157,10,2025-09-15 15:02:23
4677,2978,5,2025-01-31 16:04:00
4678,4147,7,2025-03-14 19:28:56
4679,3944,8,2025-05-19 01:02:23
4680,7310,7,2025-05-02 21:32:54
4681,364,3,2025-06-20 11:59:53
4682,3232,2,2025-01-15 20:44:17
4683,5396,7,2025-04-27 01:37:40
4684,2763,7,2025-11-15 07:49:52
4685,4519,6,2025-07-30 17:44:02
4686,1190,10,2025-08-27 00:46:04
4687,4514,2,2025-11-21 12:19:08
4688,7398,8,2025-01-11 11:29:08
4689,6639,1,2025-09-15 17:49:50
4690,4585,9,2025-08-20 18:47:30
4691,3108,2,2025-05-12 08:42:30
4692,2953,7,2025-07-10 03:38:22
4693,8956,5,2025-09-01 23:28:37
4694,7613,2,2025-08-03 14:28:04
4695,6951,6,2025-04-08 05:50:44
4696,1385,10,2025-11-04 21:48:18
4697,3402,4,2025-10-15 08:04:14
4698,2440,4,2025-10-27 06:50:44
4699,5232,7,2025-11-17 12:37:48
4700,4709,3,2025-08-09 18:42:52
4701,8243,6,2025-09-10 08:57:04
4702,5044,6,2025-03-16 22:28:14
4703,3655,8,2025-10-12 23:27:41
4704,64,8,2025-02-13 08:10:20
4705,6542,7,2025-04-20 18:58:45
4706,8731,2,2025-01-11 02:15:05
4707,9948,3,2025-04-04 06:41:53
4708,7249,3,2025-02-25 04:06:46
4709,252,5,2025-04-17 06:06:27
4710,3692,7,2025-06-08 10:32:24
4711,4670,5,2025-02-19 21:24:41
4712,6702,1,2025-04-05 11:04:42
4713,1912,3,2025-06-04 07:32:31
4714,3397,7,2025-05-09 11:22:48
4715,3873,3,2025-11-08 20:50:08
4716,2489,6,2025-04-17 02:35:06
4717,284,8,2025-11-17 12:02:26
4718,9439,1,2025-10-03 23:01:18
4719,4324,10,2025-04-02 09:05:03
4720,4941,8,2025-01-15 18:13:08
4721,9595,6,2025-04-15 23:08:41
4722,978,10,2025-01-09 00:39:40
4723,9943,10,2025-01-03 04:37:33
4724,9089,8,2025-08-05 19:20:48
4725,3460,8,2025-08-06 21:03:54
4726,1164,7,2025-12-04 12:32:09
4727,2492,7,2025-04-27 18:47:24
4728,2311,2,2025-05-20 09:01:15
4729,1343,2,2025-01-04 20:22:12
4730,923,2,2025-05-10 18:34:53
4731,9427,7,2025-10-24 14:02:36
4732,290,8,2025-06-24 15:18:37
4733,186,9,2025-04-04 21:44:20
4734,2494,4,2025-04-17 15:48:08
4735,737,5,2025-04-26 19:32:44
4736,3695,5,2025-10-01 23:43:44
4737,8578,9,2025-10-06 14:57:44
4738,7210,10,2025-01-25 12:17:32
4739,7987,9,2025-06-17 17:48:17
4740,6084,7,2025-10-28 18:17:43
4741,2272,2,2025-12-02 05:15:34
4742,4687,10,2025-01-04 12:08:21
4743,381,9,2025-09-29 09:57:27
4744,9054,1,2025-03-17 00:28:13
4745,6178,2,2025-07-26 12:44:00
4746,4977,1,2025-06-18 10:43:06
4747,6012,5,2025-05-03 23:03:15
4748,8136,1,2025-07-02 13:11:16
4749,9153,3,2025-02-22 11:28:00
4750,256,8,2025-04-18 05:42:37
4751,1838,9,2025-04-08 20:17:42
4752,3650,9,2025-02-07 05:41:32
4753,3141,5,2025-07-23 23:26:35
4754,952,1,2025-10-08 14:57:40
4755,9247,2,2025-07-21 08:39:18
4756,2286,1,2025-01-27 13:20:27
4757,1001,5,2025-06-27 03:58:56
4758,4173,9,2025-02-13 21:50:01
4759,9532,5,2025-08-08 12:03:33
4760,5064,2,2025-02-10 02:23:25
4761,1448,7,2025-07-12 01:52:53
4762,8899,8,2025-02-12 15:32:42
4763,5925,7,2025-08-14 19:27:11
4764,5770,1,2025-09-09 04:59:53
4765,4463,2,2025-09-07 17:17:33
4766,2742,2,2025-12-01 00:02:30
4767,5650,1,2025-04-16 00:53:42
4768,3231,4,2025-05-01 09:36:16
4769,6389,1,2025-09-05 01:30:24
4770,4203,8,2025-07-18 02:31:52
4771,7245,5,2025-02-17 04:30:24
4772,56,10,2025-05-12 05:04:56
4773,8730,2,2025-06-11 03:44:43
4774,3648,7,2025-10-19 06:51:28
4775,2314,5,2025-03-08 17:53:33
4776,7180,6,2025-01-11 16:03:37
4777,2711,8,2025-07-19 06:51:28
4778,8619,9,2025-03-05 18:52:54
4779,236,3,2025-06-29 15:04:16
4780,3097,3,2025-05-02 02:45:19
4781,4106,2,2025-10-12 23:46:04
4782,589,5,2025-12-01 14:01:54
4783,6184,10,2025-10-31 04:45:55
4784,7751,6,2025-03-23 06:29:02
4785,3281,5,2025-01-16 05:48:09
4786,598,1,2025-07-08 01:27:50
4787,7669,5,2025-05-12 19:34:36
4788,2305,1,2025-10-01 20:27:17
4789,5957,6,2025-10-02 19:37:39
4790,5298,5,2025-12-02 01:17:33
4791,900,7,2025-01-20 17:21:03
4792,415,3,2025-11-24 16:08:48
4793,2996,2,2025-08-04 07:35:18
4794,7262,10,2025-08-12 06:20:17
4795,7424,6,2025-02-20 04:25:52
4796,7171,1,2025-07-27 07:28:40
4797,2674,8,2025-08-17 16:09:36
4798,7152,10,2025-11-18 03:17:29
4799,1965,6,2025-08-31 18:54:23
4800,5844,4,2025-07-13 01:18:20
4801,6405,5,2025-02-03 04:02:58
4802,4875,2,2025-11-15 18:31:20
4803,2478,4,2025-05-23 23:35:25
4804,8709,8,2025-11-09 10:19:22
4805,1430,8,2025-09-24 07:28:28
4806,6114,9,2025-01-26 19:03:07
4807,383,5,2025-11-03 02:56:55
4808,2474,5,2025-05-30 01:42:59
4809,5601,1,2025-05-21 20:57:43
4810,9134,7,2025-12-02 16:31:54
4811,7559,1,2025-09-24 13:55:51
4812,4937,6,2025-06-23 23:22:57
4813,283,9,2025-04-22 19:25:13
4814,3246,5,2025-04-27 20:39:38
4815,2924,10,2025-05-22 22:31:44
4816,9111,3,2025-10-24 07:00:44
4817,8017,9,2025-05-20 13:57:39
4818,5636,1,2025-10-18 21:30:03
4819,4909,9,2025-09-20 19:48:29
4820,1737,6,2025-06-03 13:37:32
4821,1709,8,2025-03-03 12:54:31
4822,6948,9,2025-11-29 17:07:47
4823,9224,2,2025-05-05 07:48:35
4824,7518,1,2025-07-16 21:04:40
4825,4992,7,2025-03-11 08:50:31
4826,5324,5,2025-03-09 07:11:39
4827,7857,3,2025-01-17 01:06:46
4828,6635,10,2025-03-08 07:27:46
4829,7089,9,2025-01-15 12:57:09
4830,2479,9,2025-08-30 23:39:01
4831,7557,5,2025-09-23 15:40:56
4832,5108,8,2025-06-25 00:37:59
4833,3425,2,2025-11-02 13:16:53
4834,5151,10,2025-10-01 00:45:28
4835,9991,7,2025-03-14 22:59:19
4836,6342,4,2025-08-22 20:14:34
4837,1368,8,2025-04-24 10:42:01
4838,1178,9,2025-07-26 01:48:09
4839,702,10,2025-11-02 22:18:09
4840,1783,6,2025-10-25 00:33:31
4841,9427,3,2025-02-05 11:41:10
4842,3137,9,2025-10-09 19:11:23
4843,6914,4,2025-11-10 13:52:37
4844,2037,6,2025-03-12 08:20:54
4845,3817,8,2025-05-10 16:11:46
4846,3574,5,2025-01-15 18:47:17
4847,925,3,2025-10-18 17:32:54
4848,1584,5,2025-10-12 22:01:06
4849,1229,10,2025-07-22 06:14:06
4850,2594,8,2025-05-29 10:12:36
4851,1913,4,2025-10-24 02:48:22
4852,8468,9,2025-01-10 21:59:09
4853,5272,5,2025-01-18 04:55:15
4854,1087,9,2025-10-03 10:18:23
4855,8286,7,2025-11-17 00:13:50
4856,3497,9,2025-08-03 11:10:21
4857,1017,9,2025-04-03 03:41:51
4858,2299,8,2025-09-24 18:58:09
4859,5141,1,2025-11-30 23:47:59
4860,3951,6,2025-03-10 06:35:57
4861,5972,8,2025-11-04 05:34:47
4862,9113,10,2025-11-09 18:19:14
4863,8966,10,2025-05-16 04:16:30
4864,2708,4,2025-07-20 23:30:20
4865,7991,2,2025-01-10 02:22:10
4866,7491,4,2025-12-03 09:14:51
4867,8427,8,2025-01-29 05:45:05
4868,8838,7,2025-01-12 00:24:54
4869,129,4,2025-10-30 03:42:45
4870,9082,1,2025-03-28 03:31:01
4871,5740,4,2025-04-10 21:58:41
4872,5276,4,2025-06-12 06:12:17
4873,3621,7,2025-11-09 17:22:33
4874,2679,6,2025-07-01 00:37:23
4875,3506,2,2025-06-10 00:19:05
4876,303,3,2025-03-21 09:15:45
4877,1342,3,2025-11-02 09:54:55
4878,4345,1,2025-03-25 07:37:16
4879,1626,7,2025-01-22 20:58:21
4880,6798,5,2025-02-17 01:25:03
4881,9609,5,2025-02-15 19:32:26
4882,2349,5,2025-03-03 18:49:04
4883,6924,1,2025-08-16 07:53:49
4884,5163,1,2025-06-04 02:48:27
4885,1182,6,2025-04-10 11:25:08
4886,1650,4,2025-11-24 11:15:53
4887,8431,6,2025-04-07 15:50:50
4888,6947,3,2025-03-02 00:55:04
4889,279,1,2025-06-29 20:13:56
4890,1917,10,2025-05-04 21:14:43
4891,598,1,2025-10-10 20:29:15
4892,5250,6,2025-03-18 16:47:45
4893,1807,9,2025-05-31 08:42:53
4894,9314,9,2025-08-17 11:29:05
4895,4608,7,2025-01-08 04:01:32
4896,5229,10,2025-04-03 00:19:29
4897,7790,8,2025-10-19 23:07:24
4898,218,2,2025-07-18 11:57:09
4899,1958,10,2025-06-21 00:28:27
4900,8609,8,2025-10-03 00:48:26
4901,2376,6,2025-02-22 10:53:14
4902,4868,5,2025-01-18 00:02:59
4903,623,7,2025-07-03 21:23:07
4904,6535,6,2025-02-24 00:54:25
4905,8102,2,2025-05-22 22:23:58
4906,2996,1,2025-07-22 02:28:05
4907,7832,4,2025-04-30 10:35:53
4908,8618,7,2025-07-03 21:51:19
4909,7748,4,2025-04-17 13:09:07
4910,9573,10,2025-06-22 08:41:03
4911,5170,8,2025-02-19 21:36:36
4912,3441,3,2025-02-10 14:21:26
4913,4993,1,2025-11-21 03:48:32
4914,5271,4,2025-12-08 11:41:04
4915,3299,6,2025-09-22 06:05:55
4916,2145,6,2025-10-23 03:05:11
4917,7395,5,2025-10-15 08:41:58
4918,8113,6,2025-05-12 12:09:31
4919,3037,8,2025-08-17 20:39:33
4920,1925,5,2025-12-11 01:31:02
4921,399,1,2025-11-11 18:06:10
4922,5881,4,2025-08-30 17:58:38
4923,6154,3,2025-04-15 04:53:05
4924,3995,4,2025-08-15 21:44:35
4925,1312,2,2025-03-27 12:54:51
4926,6427,4,2025-03-14 18:32:51
4927,1767,2,2025-10-09 02:08:17
4928,2226,6,2025-11-07 21:29:10
4929,2881,2,2025-08-08 07:54:53
4930,4312,7,2025-06-06 12:56:33
4931,8047,2,2025-05-02 09:30:46
4932,2433,8,2025-08-15 13:30:50
4933,7322,2,2025-06-02 12:29:48
4934,7567,9,2025-01-04 11:08:24
4935,1915,2,2025-03-10 16:48:47
4936,8838,8,2025-04-26 13:08:47
4937,5224,7,2025-01-27 03:50:12
4938,565,7,2025-05-09 15:55:20
4939,4682,1,2025-02-24 11:05:03
4940,2487,1,2025-07-30 10:04:25
4941,6973,3,2025-02-25 01:51:46
4942,7895,6,2025-01-05 23:17:11
4943,2159,6,2025-06-05 19:19:28
4944,5177,7,2025-05-22 16:42:47
4945,8004,6,2025-10-30 08:37:17
4946,9261,4,2025-12-11 14:59:58
4947,3882,8,2025-02-20 15:40:16
4948,3305,6,2025-10-22 07:23:36
4949,2510,6,2025-10-16 05:52:59
4950,8900,7,2025-06-20 09:09:37
4951,5162,2,2025-01-04 10:09:25
4952,1857,3,2025-09-30 22:28:22
4953,783,3,2025-04-26 06:31:02
4954,7122,4,2025-02-07 04:31:05
4955,5711,2,2025-11-03 19:36:49
4956,4432,1,2025-05-12 23:40:13
4957,1571,9,2025-06-26 07:25:40
4958,7191,3,2025-02-09 12:19:02
4959,4073,10,2025-05-25 17:23:14
4960,8969,2,2025-10-21 14:57:18
4961,3073,7,2025-08-04 13:52:44
4962,5652,9,2025-07-26 13:29:52
4963,5043,5,2025-07-22 11:11:50
4964,2474,9,2025-09-30 17:21:56
4965,7680,4,2025-03-14 22:58:46
4966,2692,4,2025-10-29 21:52:01
4967,6820,1,2025-08-28 20:33:21
4968,283,6,2025-02-06 15:08:04
4969,4463,6,2025-04-14 19:16:11
4970,7293,5,2025-06-18 21:14:32
4971,4034,7,2025-07-13 03:06:25
4972,4444,1,2025-06-07 13:43:03
4973,3074,3,2025-09-17 08:55:27
4974,5899,7,2025-04-12 17:00:14
4975,856,7,2025-06-18 01:17:43
4976,5325,2,2025-01-14 00:38:33
4977,7066,8,2025-11-09 09:32:07
4978,769,1,2025-11-30 03:06:42
4979,887,5,2025-09-07 08:38:47
4980,6380,1,2025-01-24 13:29:03
4981,1482,8,2025-03-02 02:38:29
4982,753,1,2025-08-08 15:51:03
4983,1442,10,2025-06-13 16:31:16
4984,1034,10,2025-10-29 06:44:37
4985,7651,9,2025-03-11 10:09:48
4986,3911,9,2025-04-28 12:03:51
4987,7946,10,2025-03-17 17:23:08
4988,8767,3,2025-04-02 18:07:55
4989,5215,2,2025-04-23 03:52:14
4990,5384,5,2025-05-19 13:06:13
4991,8422,9,2025-09-29 22:52:38
4992,8943,6,2025-08-14 10:39:08
4993,3552,10,2025-12-03 11:15:43
4994,7465,3,2025-09-11 01:13:59
4995,738,1,2025-01-01 17:41:35
4996,3926,5,2025-03-12 12:29:21
4997,8308,7,2025-09-26 17:05:47
4998,5720,2,2025-05-30 02:47:32
4999,5181,2,2025-09-29 21:54:31
5000,1676,3,2025-04-27 23:37:01
