id_wypozyczenia,id_osoby,id_ksiazki,data_wypozyczenia,planowana_data_zwrotu
1,3552,7666,2024-10-12,2024-11-11
2,846,7235,2023-12-18,2024-01-17
3,1523,1007,2025-11-08,2025-12-08
4,5582,6100,2024-12-04,2025-01-03
5,4917,2217,2024-10-09,2024-11-08
6,2544,2439,2025-10-10,2025-11-09
7,6612,8454,2023-12-29,2024-01-28
8,9786,14152,2024-11-01,2024-12-01
9,8706,6078,2025-11-08,2025-12-08
10,4327,5344,2024-08-02,2024-09-01
11,9847,11293,2024-01-28,2024-02-27
12,3540,2936,2024-06-21,2024-07-21
13,605,624,2024-12-04,2025-01-03
14,937,18861,2025-03-01,2025-03-31
15,2701,11237,2024-03-01,2024-03-31
16,5752,9930,2024-07-11,2024-08-10
17,7182,18645,2025-05-31,2025-06-30
18,5890,11358,2023-12-26,2024-01-25
19,7940,7613,2024-03-27,2024-04-26
20,3293,18216,2025-03-12,2025-04-11
21,1380,4403,2024-04-22,2024-05-22
22,2626,10761,2024-05-08,2024-06-07
23,7530,1245,2024-09-25,2024-10-25
24,336,12209,2023-12-21,2024-01-20
25,6550,7095,2025-09-06,2025-10-06
26,7816,18842,2024-11-03,2024-12-03
27,9565,19785,2024-12-09,2025-01-08
28,9975,7446,2025-08-05,2025-09-04
29,837,16741,2024-10-05,2024-11-04
30,8627,576,2024-11-16,2024-12-16
31,8978,11405,2025-06-25,2025-07-25
32,8010,12539,2024-09-04,2024-10-04
33,6490,13371,2024-12-26,2025-01-25
34,9065,86,2024-08-03,2024-09-02
35,9939,14986,2025-03-28,2025-04-27
36,3919,8264,2024-11-28,2024-12-28
37,3965,1488,2024-06-26,2024-07-26
38,7089,11178,2025-08-29,2025-09-28
39,4066,17324,2025-09-11,2025-10-11
40,1732,46,2025-02-21,2025-03-23
41,9729,15537,2025-10-09,2025-11-08
42,1344,3707,2024-07-04,2024-08-03
43,7198,1235,2024-08-18,2024-09-17
44,3708,12322,2024-03-19,2024-04-18
45,3036,1599,2023-12-14,2024-01-13
46,7457,17644,2025-08-06,2025-09-05
47,7834,8144,2024-11-27,2024-12-27
48,3350,5999,2024-05-13,2024-06-12
49,109,17075,2025-10-19,2025-11-18
50,7567,7063,2025-03-16,2025-04-15
51,6141,9229,2024-02-01,2024-03-02
52,4467,5958,2025-02-02,2025-03-04
53,3048,11230,2024-09-14,2024-10-14
54,884,14508,2023-12-15,2024-01-14
55,9417,8906,2024-09-15,2024-10-15
56,5492,19037,2024-10-20,2024-11-19
57,8315,6518,2025-05-04,2025-06-03
58,7657,648,2025-05-14,2025-06-13
59,3023,8670,2024-11-20,2024-12-20
60,3254,18740,2025-05-18,2025-06-17
61,1970,15907,2024-01-07,2024-02-06
62,173,2427,2024-06-17,2024-07-17
63,4968,2978,2024-03-31,2024-04-30
64,514,10860,2025-08-30,2025-09-29
65,4077,14055,2025-08-03,2025-09-02
66,762,10230,2025-04-23,2025-05-23
67,7208,3012,2025-01-28,2025-02-27
68,4700,13718,2024-03-19,2024-04-18
69,413,15792,2025-11-08,2025-12-08
70,4986,7460,2025-03-13,2025-04-12
71,1032,5710,2024-06-15,2024-07-15
72,3805,7890,2025-04-05,2025-05-05
73,9474,19358,2025-11-30,2025-12-30
74,1519,11969,2024-10-10,2024-11-09
75,2729,10868,2024-07-22,2024-08-21
76,451,14298,2024-11-13,2024-12-13
77,8953,18726,2024-09-03,2024-10-03
78,8727,9230,2025-11-09,2025-12-09
79,7851,7107,2024-07-13,2024-08-12
80,8995,1970,2024-05-30,2024-06-29
81,5131,8366,2024-09-12,2024-10-12
82,3146,14708,2025-05-06,2025-06-05
83,2911,13899,2023-12-29,2024-01-28
84,9100,8580,2025-01-10,2025-02-09
85,2666,14819,2024-05-17,2024-06-16
86,7615,15488,2024-08-17,2024-09-16
87,3732,15440,2024-01-06,2024-02-05
88,1491,18138,2025-06-08,2025-07-08
89,5019,18390,2024-08-30,2024-09-29
90,4820,3280,2025-08-11,2025-09-10
91,8366,7181,2025-03-07,2025-04-06
92,1457,13543,2024-11-16,2024-12-16
93,9819,14851,2024-05-28,2024-06-27
94,6257,19792,2025-02-22,2025-03-24
95,9603,12895,2025-05-23,2025-06-22
96,8889,1773,2025-07-19,2025-08-18
97,9770,4892,2024-10-15,2024-11-14
98,613,11490,2024-12-12,2025-01-11
99,6127,9269,2025-02-22,2025-03-24
100,9110,7673,2025-07-16,2025-08-15
101,3972,2197,2024-10-19,2024-11-18
102,300,10497,2025-10-14,2025-11-13
103,1080,17047,2024-10-27,2024-11-26
104,2074,13394,2024-10-31,2024-11-30
105,4344,7491,2024-06-07,2024-07-07
106,7979,12714,2025-08-30,2025-09-29
107,3160,19738,2024-02-21,2024-03-22
108,165,2037,2024-04-28,2024-05-28
109,9407,3729,2025-04-29,2025-05-29
110,2975,10096,2025-11-22,2025-12-22
111,3479,17293,2025-04-11,2025-05-11
112,8570,4461,2024-05-30,2024-06-29
113,4297,12393,2024-12-19,2025-01-18
114,9283,924,2024-12-12,2025-01-11
115,7238,19910,2025-12-05,2026-01-04
116,8832,14577,2024-06-28,2024-07-28
117,4004,8190,2025-02-14,2025-03-16
118,3260,5220,2025-03-17,2025-04-16
119,6482,8255,2025-06-19,2025-07-19
120,6290,1405,2025-11-16,2025-12-16
121,6993,17648,2025-02-22,2025-03-24
122,6908,17705,2025-02-04,2025-03-06
123,2851,14611,2024-05-27,2024-06-26
124,5231,506,2025-07-31,2025-08-30
125,101,523,2025-09-19,2025-10-19
126,1923,12217,2024-09-14,2024-10-14
127,2438,18843,2024-03-14,2024-04-13
128,4881,10283,2025-09-14,2025-10-14
129,2423,8920,2025-07-11,2025-08-10
130,7579,17383,2025-11-25,2025-12-25
131,1290,7003,2024-02-20,2024-03-21
132,6294,3186,2025-08-29,2025-09-28
133,9594,19609,2024-07-18,2024-08-17
134,8257,4316,2025-11-17,2025-12-17
135,1494,9989,2024-12-11,2025-01-10
136,3988,9957,2024-03-17,2024-04-16
137,2360,19803,2025-09-16,2025-10-16
138,7017,11851,2025-02-22,2025-03-24
139,508,12981,2025-05-17,2025-06-16
140,9683,108,2025-08-07,2025-09-06
141,4731,13718,2025-10-12,2025-11-11
142,5850,14845,2024-10-15,2024-11-14
143,2433,15315,2025-08-06,2025-09-05
144,9576,11227,2024-07-21,2024-08-20
145,4222,19781,2024-10-08,2024-11-07
146,7681,50,2024-07-31,2024-08-30
147,3149,3367,2024-04-27,2024-05-27
148,9570,9857,2025-04-04,2025-05-04
149,6008,2171,2025-05-05,2025-06-04
150,2367,15138,2024-08-06,2024-09-05
151,8635,4629,2024-03-09,2024-04-08
152,769,10355,2025-02-15,2025-03-17
153,7907,5640,2024-09-29,2024-10-29
154,2725,17726,2024-10-18,2024-11-17
155,825,10363,2024-04-18,2024-05-18
156,8759,472,2024-10-05,2024-11-04
157,814,5212,2025-07-08,2025-08-07
158,7756,9646,2025-08-19,2025-09-18
159,9217,14366,2024-08-25,2024-09-24
160,4198,14,2024-03-03,2024-04-02
161,6510,4665,2024-09-14,2024-10-14
162,5862,6133,2025-07-15,2025-08-14
163,1223,2069,2024-08-05,2024-09-04
164,1054,7562,2024-03-11,2024-04-10
165,8990,13456,2025-03-02,2025-04-01
166,2403,10664,2025-02-02,2025-03-04
167,2878,18984,2024-12-25,2025-01-24
168,3650,13641,2025-05-28,2025-06-27
169,9090,7421,2024-03-16,2024-04-15
170,2784,10294,2024-01-07,2024-02-06
171,1109,5189,2024-02-11,2024-03-12
172,8792,9795,2023-12-24,2024-01-23
173,4831,16980,2024-12-12,2025-01-11
174,8742,19545,2025-01-10,2025-02-09
175,7080,19865,2024-11-03,2024-12-03
176,926,10658,2025-07-07,2025-08-06
177,276,2140,2025-03-13,2025-04-12
178,9919,15841,2025-05-01,2025-05-31
179,1630,16905,2025-08-27,2025-09-26
180,1635,18871,2024-10-03,2024-11-02
181,6469,19780,2024-02-14,2024-03-15
182,7814,18924,2025-07-22,2025-08-21
183,2300,985,2024-10-08,2024-11-07
184,3957,11323,2025-07-17,2025-08-16
185,5075,166,2024-01-26,2024-02-25
186,1622,1176,2025-05-02,2025-06-01
187,7748,19994,2025-05-27,2025-06-26
188,8732,7622,2024-02-16,2024-03-17
189,6937,774,2025-08-31,2025-09-30
190,3973,17510,2024-08-01,2024-08-31
191,7202,10144,2025-06-03,2025-07-03
192,5067,8592,2025-08-26,2025-09-25
193,7955,10429,2025-05-16,2025-06-15
194,2225,15317,2024-09-04,2024-10-04
195,9289,1750,2025-10-29,2025-11-28
196,5022,19060,2023-12-30,2024-01-29
197,7346,19621,2024-05-07,2024-06-06
198,6119,3893,2024-03-10,2024-04-09
199,127,2968,2025-03-12,2025-04-11
200,5230,4228,2025-10-09,2025-11-08
201,9792,4737,2024-06-14,2024-07-14
202,6735,19312,2024-09-08,2024-10-08
203,9959,17171,2024-12-26,2025-01-25
204,1489,17009,2025-06-18,2025-07-18
205,9115,13071,2025-10-30,2025-11-29
206,6586,10053,2025-02-13,2025-03-15
207,8884,8079,2025-02-21,2025-03-23
208,7182,17623,2024-09-16,2024-10-16
209,7375,6439,2025-05-02,2025-06-01
210,6256,2764,2025-05-29,2025-06-28
211,1341,9884,2025-07-24,2025-08-23
212,3845,12049,2025-07-16,2025-08-15
213,2702,13453,2025-12-03,2026-01-02
214,5733,4749,2024-03-31,2024-04-30
215,1883,8659,2024-10-13,2024-11-12
216,849,2739,2025-10-20,2025-11-19
217,3179,3092,2025-06-08,2025-07-08
218,9135,15852,2025-08-02,2025-09-01
219,6192,571,2024-05-26,2024-06-25
220,6623,6427,2025-09-25,2025-10-25
221,4768,5317,2024-09-27,2024-10-27
222,1310,14448,2024-05-17,2024-06-16
223,1351,11702,2023-12-30,2024-01-29
224,302,11498,2025-04-07,2025-05-07
225,9808,6432,2024-12-27,2025-01-26
226,7043,4512,2025-09-23,2025-10-23
227,5843,10945,2024-10-02,2024-11-01
228,9949,9276,2024-04-14,2024-05-14
229,5491,2714,2025-02-20,2025-03-22
230,3494,11011,2024-08-02,2024-09-01
231,3396,9898,2025-01-12,2025-02-11
232,8273,2240,2025-10-04,2025-11-03
233,6567,11033,2025-11-20,2025-12-20
234,8107,5624,2025-06-21,2025-07-21
235,146,15840,2024-11-15,2024-12-15
236,3956,2160,2025-02-02,2025-03-04
237,3430,5253,2025-04-03,2025-05-03
238,7664,8828,2025-05-31,2025-06-30
239,6412,4133,2024-03-02,2024-04-01
240,9816,18293,2024-03-13,2024-04-12
241,8090,3075,2024-04-13,2024-05-13
242,1763,887,2025-12-03,2026-01-02
243,2788,3548,2025-11-23,2025-12-23
244,6618,10489,2025-02-15,2025-03-17
245,3013,19712,2024-11-30,2024-12-30
246,880,16737,2024-06-03,2024-07-03
247,594,2913,2024-01-24,2024-02-23
248,9144,10117,2025-02-27,2025-03-29
249,4622,2518,2025-07-02,2025-08-01
250,759,13478,2024-08-17,2024-09-16
251,6095,19564,2024-04-22,2024-05-22
252,7190,2453,2025-05-27,2025-06-26
253,1140,12955,2024-07-12,2024-08-11
254,332,7037,2025-05-18,2025-06-17
255,1425,18563,2024-08-07,2024-09-06
256,7683,10227,2025-02-02,2025-03-04
257,7448,16978,2024-08-29,2024-09-28
258,9364,17254,2025-10-03,2025-11-02
259,9336,3718,2025-01-28,2025-02-27
260,8203,530,2025-03-10,2025-04-09
261,8471,2328,2025-03-31,2025-04-30
262,3739,16458,2025-06-13,2025-07-13
263,8290,2891,2024-10-16,2024-11-15
264,6453,6446,2024-01-17,2024-02-16
265,3793,11305,2025-07-18,2025-08-17
266,3435,17713,2024-05-28,2024-06-27
267,8033,15492,2025-12-11,2026-01-10
268,1114,7093,2024-09-09,2024-10-09
269,1526,13971,2025-03-15,2025-04-14
270,3847,2379,2024-10-01,2024-10-31
271,5943,7436,2024-12-31,2025-01-30
272,9550,2322,2024-08-04,2024-09-03
273,9623,17342,2025-06-07,2025-07-07
274,4499,15609,2024-06-14,2024-07-14
275,8999,10150,2025-07-17,2025-08-16
276,1435,18403,2025-05-20,2025-06-19
277,584,10256,2024-03-23,2024-04-22
278,5096,15021,2025-12-01,2025-12-31
279,5706,12565,2024-01-19,2024-02-18
280,4944,355,2025-01-03,2025-02-02
281,5102,13644,2024-11-07,2024-12-07
282,688,8273,2025-02-02,2025-03-04
283,1571,7237,2024-05-09,2024-06-08
284,2140,10035,2025-05-01,2025-05-31
285,6963,1531,2025-03-19,2025-04-18
286,5731,2911,2024-05-10,2024-06-09
287,1104,5852,2024-09-12,2024-10-12
288,4871,2297,2024-12-19,2025-01-18
289,3639,10573,2023-12-26,2024-01-25
290,6113,18914,2024-06-23,2024-07-23
291,743,4044,2025-09-21,2025-10-21
292,5553,3256,2025-09-22,2025-10-22
293,4440,16153,2025-01-29,2025-02-28
294,8196,2427,2024-03-01,2024-03-31
295,893,14904,2024-11-24,2024-12-24
296,4300,11337,2025-06-19,2025-07-19
297,6825,18637,2024-07-29,2024-08-28
298,5268,301,2024-01-30,2024-02-29
299,9843,11945,2024-10-07,2024-11-06
300,7140,7908,2024-12-23,2025-01-22
301,4469,12553,2025-06-05,2025-07-05
302,1140,16287,2024-10-16,2024-11-15
303,2264,19998,2025-08-13,2025-09-12
304,8760,845,2025-10-27,2025-11-26
305,8865,1167,2024-03-11,2024-04-10
306,9225,14869,2025-02-06,2025-03-08
307,2460,17540,2025-08-15,2025-09-14
308,3785,738,2025-03-04,2025-04-03
309,2632,8551,2025-02-28,2025-03-30
310,8054,15430,2023-12-31,2024-01-30
311,2886,8911,2024-12-11,2025-01-10
312,8583,11055,2024-11-18,2024-12-18
313,6318,17882,2024-10-12,2024-11-11
314,2149,4567,2024-09-28,2024-10-28
315,2618,12648,2025-07-07,2025-08-06
316,5465,1525,2024-10-03,2024-11-02
317,5271,18021,2024-03-15,2024-04-14
318,2263,4679,2025-11-30,2025-12-30
319,3871,10033,2025-12-07,2026-01-06
320,1503,5741,2025-07-28,2025-08-27
321,2202,15275,2025-06-04,2025-07-04
322,4447,13548,2025-12-03,2026-01-02
323,4635,15264,2025-01-19,2025-02-18
324,94,4322,2024-03-08,2024-04-07
325,4462,11777,2025-03-05,2025-04-04
326,29,19273,2025-04-06,2025-05-06
327,5798,8091,2024-05-12,2024-06-11
328,9589,1498,2024-03-15,2024-04-14
329,6485,2228,2025-02-04,2025-03-06
330,8209,17630,2024-07-11,2024-08-10
331,7218,16099,2024-02-12,2024-03-13
332,6100,10516,2025-10-29,2025-11-28
333,9388,7573,2025-07-24,2025-08-23
334,455,15846,2025-03-22,2025-04-21
335,4254,6448,2025-03-21,2025-04-20
336,9177,5137,2024-07-12,2024-08-11
337,9700,5209,2025-01-14,2025-02-13
338,6579,15140,2024-07-14,2024-08-13
339,6033,17799,2024-03-22,2024-04-21
340,1604,4844,2025-02-01,2025-03-03
341,3210,7040,2024-05-20,2024-06-19
342,30,7535,2025-09-22,2025-10-22
343,2887,12057,2024-09-19,2024-10-19
344,8334,15361,2025-06-29,2025-07-29
345,6540,8402,2025-02-25,2025-03-27
346,6474,12972,2024-07-29,2024-08-28
347,8637,10760,2025-03-04,2025-04-03
348,8828,1593,2024-11-15,2024-12-15
349,382,6403,2024-10-20,2024-11-19
350,2805,16432,2024-05-21,2024-06-20
351,9536,17118,2025-02-22,2025-03-24
352,8679,3647,2024-12-05,2025-01-04
353,49,598,2024-03-23,2024-04-22
354,8888,4726,2024-01-01,2024-01-31
355,9901,11935,2025-01-31,2025-03-02
356,6385,4792,2024-04-24,2024-05-24
357,5321,15276,2025-03-05,2025-04-04
358,720,6055,2025-01-22,2025-02-21
359,6210,16376,2025-04-26,2025-05-26
360,349,11832,2024-12-23,2025-01-22
361,2554,15974,2025-09-05,2025-10-05
362,3572,5568,2025-09-23,2025-10-23
363,5087,212,2025-09-27,2025-10-27
364,9165,5677,2025-07-15,2025-08-14
365,9828,8302,2025-06-24,2025-07-24
366,9259,7690,2025-04-22,2025-05-22
367,4318,19590,2024-11-12,2024-12-12
368,1337,13308,2025-05-24,2025-06-23
369,4482,7463,2025-05-10,2025-06-09
370,5962,11800,2025-05-12,2025-06-11
371,8007,8317,2024-01-13,2024-02-12
372,5609,17863,2024-09-22,2024-10-22
373,5437,14209,2025-02-24,2025-03-26
374,4839,13753,2025-10-01,2025-10-31
375,7492,17333,2024-01-26,2024-02-25
376,2097,13789,2025-07-16,2025-08-15
377,5008,18316,2025-05-22,2025-06-21
378,1674,884,2025-08-20,2025-09-19
379,9850,7660,2025-06-12,2025-07-12
380,1501,10899,2024-04-07,2024-05-07
381,7370,6455,2025-05-06,2025-06-05
382,9056,6149,2024-11-24,2024-12-24
383,834,2502,2025-10-30,2025-11-29
384,8772,14325,2025-05-07,2025-06-06
385,7623,3893,2024-05-01,2024-05-31
386,5224,10054,2025-07-05,2025-08-04
387,8768,7119,2024-10-17,2024-11-16
388,2779,8736,2025-09-02,2025-10-02
389,7175,16183,2024-08-28,2024-09-27
390,9423,6899,2024-04-29,2024-05-29
391,6336,12096,2024-02-08,2024-03-09
392,9402,2810,2025-10-22,2025-11-21
393,1033,8060,2024-10-09,2024-11-08
394,3634,9119,2025-05-09,2025-06-08
395,147,13783,2025-04-14,2025-05-14
396,6455,1481,2025-09-22,2025-10-22
397,7770,7448,2025-10-08,2025-11-07
398,9142,10116,2025-02-16,2025-03-18
399,6258,19670,2025-03-06,2025-04-05
400,9396,15106,2025-02-01,2025-03-03
401,9182,5303,2025-06-04,2025-07-04
402,843,1763,2024-11-25,2024-12-25
403,7274,10155,2024-10-04,2024-11-03
404,2535,137,2023-12-17,2024-01-16
405,9741,11408,2024-03-22,2024-04-21
406,3817,17602,2025-03-21,2025-04-20
407,512,10618,2024-08-22,2024-09-21
408,4024,13961,2025-09-04,2025-10-04
409,6076,16115,2025-06-18,2025-07-18
410,1465,19545,2025-10-09,2025-11-08
411,2575,963,2024-10-16,2024-11-15
412,9878,3804,2025-11-05,2025-12-05
413,3900,19839,2024-09-24,2024-10-24
414,465,13814,2024-06-28,2024-07-28
415,6845,19609,2025-09-01,2025-10-01
416,9244,3971,2025-02-07,2025-03-09
417,7048,3219,2025-06-27,2025-07-27
418,5840,10914,2025-12-05,2026-01-04
419,9490,12885,2025-08-01,2025-08-31
420,1368,313,2025-07-24,2025-08-23
421,1730,2217,2025-11-08,2025-12-08
422,729,3505,2025-04-30,2025-05-30
423,8706,12072,2024-08-29,2024-09-28
424,9249,15844,2025-01-21,2025-02-20
425,9968,4967,2025-04-01,2025-05-01
426,3225,12320,2024-10-29,2024-11-28
427,9080,5509,2025-11-07,2025-12-07
428,9412,581,2024-08-21,2024-09-20
429,4485,9529,2024-11-02,2024-12-02
430,3372,4075,2024-03-14,2024-04-13
431,1207,12189,2025-10-01,2025-10-31
432,7543,16105,2025-12-09,2026-01-08
433,1059,16463,2025-03-19,2025-04-18
434,7905,19535,2025-03-13,2025-04-12
435,9601,14629,2025-05-07,2025-06-06
436,7163,9952,2024-08-22,2024-09-21
437,6961,16980,2025-08-09,2025-09-08
438,7477,18215,2025-01-22,2025-02-21
439,6031,7517,2024-04-14,2024-05-14
440,6054,16643,2025-05-04,2025-06-03
441,6675,10823,2025-09-14,2025-10-14
442,2208,2117,2025-05-23,2025-06-22
443,2635,11693,2025-01-27,2025-02-26
444,959,7347,2024-05-12,2024-06-11
445,5806,10725,2025-04-05,2025-05-05
446,2995,11783,2025-09-13,2025-10-13
447,3907,15955,2024-01-31,2024-03-01
448,2853,6280,2025-11-11,2025-12-11
449,3381,19597,2024-04-14,2024-05-14
450,7797,841,2024-07-01,2024-07-31
451,9370,15552,2024-09-14,2024-10-14
452,1565,2841,2025-02-10,2025-03-12
453,7050,3534,2025-08-02,2025-09-01
454,5574,17161,2024-05-22,2024-06-21
455,4847,9060,2025-01-25,2025-02-24
456,1712,16433,2025-02-19,2025-03-21
457,7641,477,2024-07-27,2024-08-26
458,4372,14517,2025-03-23,2025-04-22
459,9653,19629,2024-02-12,2024-03-13
460,8366,8946,2024-08-31,2024-09-30
461,2008,16069,2024-03-22,2024-04-21
462,5188,12105,2024-07-10,2024-08-09
463,2586,18014,2025-10-17,2025-11-16
464,2671,5920,2024-07-11,2024-08-10
465,2475,2166,2024-07-22,2024-08-21
466,6731,9147,2024-01-23,2024-02-22
467,4849,6031,2024-12-15,2025-01-14
468,247,5447,2025-02-07,2025-03-09
469,3984,9694,2025-05-26,2025-06-25
470,2129,13670,2023-12-20,2024-01-19
471,5827,10850,2025-09-21,2025-10-21
472,8277,8679,2023-12-27,2024-01-26
473,9174,14477,2024-01-15,2024-02-14
474,3476,857,2024-02-25,2024-03-26
475,1021,18435,2025-03-22,2025-04-21
476,7977,8887,2024-05-09,2024-06-08
477,1755,1552,2025-11-09,2025-12-09
478,2437,2881,2025-04-03,2025-05-03
479,2707,2750,2025-08-14,2025-09-13
480,7283,13469,2025-04-13,2025-05-13
481,2108,3104,2025-06-06,2025-07-06
482,6481,16793,2024-01-26,2024-02-25
483,1755,15282,2025-01-21,2025-02-20
484,5664,5110,2024-02-14,2024-03-15
485,1117,15834,2025-05-31,2025-06-30
486,533,16447,2025-07-23,2025-08-22
487,6154,1964,2024-08-28,2024-09-27
488,1029,1488,2024-02-05,2024-03-06
489,7755,7196,2024-08-10,2024-09-09
490,2582,17360,2024-05-08,2024-06-07
491,5990,11400,2025-05-08,2025-06-07
492,761,6406,2024-03-29,2024-04-28
493,4693,12904,2024-02-09,2024-03-10
494,9982,17103,2025-01-20,2025-02-19
495,8823,9791,2025-11-30,2025-12-30
496,3385,12728,2024-03-02,2024-04-01
497,7920,16171,2024-07-02,2024-08-01
498,2384,4587,2025-12-09,2026-01-08
499,978,6241,2024-10-27,2024-11-26
500,4399,9271,2025-06-06,2025-07-06
501,7262,10084,2025-05-09,2025-06-08
502,6720,3680,2025-10-30,2025-11-29
503,525,9626,2025-10-30,2025-11-29
504,600,6948,2025-07-08,2025-08-07
505,4898,14501,2024-05-20,2024-06-19
506,332,10942,2025-02-06,2025-03-08
507,8151,11192,2024-11-28,2024-12-28
508,1752,2435,2024-09-20,2024-10-20
509,6949,10992,2024-02-07,2024-03-08
510,788,19700,2024-02-09,2024-03-10
511,3957,13478,2024-10-11,2024-11-10
512,2301,6945,2024-09-04,2024-10-04
513,1623,17179,2025-04-05,2025-05-05
514,2339,3873,2025-06-07,2025-07-07
515,4791,18472,2025-10-10,2025-11-09
516,6533,1520,2024-10-28,2024-11-27
517,8235,2312,2024-11-08,2024-12-08
518,570,13437,2025-07-16,2025-08-15
519,7076,100,2025-06-08,2025-07-08
520,1939,9945,2025-04-10,2025-05-10
521,289,17307,2025-07-28,2025-08-27
522,2516,13525,2024-11-21,2024-12-21
523,4638,6343,2024-07-25,2024-08-24
524,174,6443,2025-09-07,2025-10-07
525,9602,19411,2025-05-06,2025-06-05
526,4313,16126,2024-11-03,2024-12-03
527,6965,3377,2025-04-21,2025-05-21
528,7059,3909,2025-12-07,2026-01-06
529,4338,9097,2025-03-15,2025-04-14
530,2149,8831,2025-06-14,2025-07-14
531,691,15914,2024-09-11,2024-10-11
532,9464,4437,2024-04-13,2024-05-13
533,1402,15305,2024-11-30,2024-12-30
534,4554,3637,2024-06-12,2024-07-12
535,474,2294,2025-02-09,2025-03-11
536,3245,18465,2024-01-24,2024-02-23
537,4192,14166,2024-03-19,2024-04-18
538,2491,9952,2024-11-04,2024-12-04
539,5168,18995,2025-10-31,2025-11-30
540,6718,5988,2024-11-11,2024-12-11
541,4752,11776,2025-10-03,2025-11-02
542,9129,8404,2025-11-12,2025-12-12
543,1348,12074,2025-04-15,2025-05-15
544,2865,5479,2025-05-14,2025-06-13
545,5434,9071,2024-11-06,2024-12-06
546,5913,5032,2025-03-19,2025-04-18
547,9463,7866,2024-04-16,2024-05-16
548,3945,19924,2024-11-01,2024-12-01
549,7425,12551,2025-02-16,2025-03-18
550,7072,9930,2024-06-01,2024-07-01
551,5909,1205,2025-08-21,2025-09-20
552,4672,351,2024-05-04,2024-06-03
553,3607,8792,2025-07-12,2025-08-11
554,8510,11248,2024-10-29,2024-11-28
555,1764,17274,2025-07-15,2025-08-14
556,6197,17615,2025-01-08,2025-02-07
557,338,2139,2025-09-28,2025-10-28
558,4737,9300,2024-08-29,2024-09-28
559,696,17079,2025-04-06,2025-05-06
560,656,18050,2024-02-05,2024-03-06
561,7551,1337,2025-02-17,2025-03-19
562,7159,13377,2025-05-05,2025-06-04
563,5931,557,2024-05-12,2024-06-11
564,5738,16979,2025-10-02,2025-11-01
565,9448,16742,2024-03-28,2024-04-27
566,917,949,2024-05-23,2024-06-22
567,2834,3333,2024-09-16,2024-10-16
568,1214,5855,2024-05-06,2024-06-05
569,8193,3,2024-11-14,2024-12-14
570,3856,19062,2024-03-23,2024-04-22
571,3316,4263,2025-01-25,2025-02-24
572,4979,17453,2024-03-02,2024-04-01
573,221,5285,2025-04-29,2025-05-29
574,7607,402,2024-05-25,2024-06-24
575,7344,101,2025-08-03,2025-09-02
576,2854,737,2024-01-12,2024-02-11
577,4746,8545,2025-06-21,2025-07-21
578,931,2845,2024-02-08,2024-03-09
579,4384,10015,2024-03-28,2024-04-27
580,482,4292,2024-06-08,2024-07-08
581,7310,3948,2024-06-11,2024-07-11
582,2302,6749,2024-12-05,2025-01-04
583,6208,9654,2025-01-25,2025-02-24
584,6521,16461,2025-01-13,2025-02-12
585,3508,15102,2025-06-01,2025-07-01
586,1293,4660,2024-11-29,2024-12-29
587,2862,8886,2025-09-06,2025-10-06
588,3687,18695,2025-03-26,2025-04-25
589,7489,11938,2025-03-17,2025-04-16
590,2984,5504,2024-05-25,2024-06-24
591,390,18353,2025-12-10,2026-01-09
592,8267,4942,2024-09-14,2024-10-14
593,5344,1439,2024-11-15,2024-12-15
594,3423,10276,2024-11-23,2024-12-23
595,1276,11181,2025-03-27,2025-04-26
596,4211,11620,2025-10-23,2025-11-22
597,1343,6276,2025-03-13,2025-04-12
598,7894,16819,2024-12-08,2025-01-07
599,5691,15551,2023-12-13,2024-01-12
600,5558,6983,2024-04-12,2024-05-12
601,7784,14744,2024-08-17,2024-09-16
602,4166,5022,2024-08-31,2024-09-30
603,6681,2215,2025-09-23,2025-10-23
604,1094,1461,2025-10-30,2025-11-29
605,4908,8716,2024-08-20,2024-09-19
606,8366,12580,2025-05-13,2025-06-12
607,4640,998,2024-11-27,2024-12-27
608,8280,8656,2025-10-15,2025-11-14
609,712,11775,2025-05-21,2025-06-20
610,6473,9387,2024-05-15,2024-06-14
611,4077,12138,2024-06-08,2024-07-08
612,6593,19843,2025-05-12,2025-06-11
613,1805,19634,2024-01-25,2024-02-24
614,8610,12857,2024-04-11,2024-05-11
615,1077,12508,2024-04-05,2024-05-05
616,2673,9663,2025-03-24,2025-04-23
617,5871,7688,2025-01-25,2025-02-24
618,6412,2393,2024-09-19,2024-10-19
619,2898,4821,2024-06-02,2024-07-02
620,8835,104,2025-01-04,2025-02-03
621,7881,4555,2024-06-28,2024-07-28
622,8852,8247,2025-04-19,2025-05-19
623,459,17114,2024-01-15,2024-02-14
624,2880,13276,2025-03-19,2025-04-18
625,7942,9792,2025-09-25,2025-10-25
626,3126,6204,2025-02-08,2025-03-10
627,2943,16418,2024-01-15,2024-02-14
628,5694,10134,2023-12-28,2024-01-27
629,9761,4008,2024-10-09,2024-11-08
630,4045,11806,2024-09-05,2024-10-05
631,9782,4686,2024-02-02,2024-03-03
632,1456,14056,2025-08-31,2025-09-30
633,7532,7183,2024-08-13,2024-09-12
634,9490,16072,2024-10-10,2024-11-09
635,4316,13983,2025-07-07,2025-08-06
636,2256,13666,2025-11-11,2025-12-11
637,5771,4650,2025-05-10,2025-06-09
638,7884,19426,2025-03-26,2025-04-25
639,7673,18755,2025-09-18,2025-10-18
640,4801,17776,2024-10-24,2024-11-23
641,3247,12436,2024-02-16,2024-03-17
642,2484,10336,2025-11-13,2025-12-13
643,2529,13144,2024-06-20,2024-07-20
644,8319,13511,2024-03-09,2024-04-08
645,6427,6939,2025-07-30,2025-08-29
646,4093,14333,2025-01-12,2025-02-11
647,4177,11535,2024-06-12,2024-07-12
648,9401,1412,2025-08-18,2025-09-17
649,2155,5365,2025-07-31,2025-08-30
650,7751,9468,2025-09-18,2025-10-18
651,775,969,2025-06-04,2025-07-04
652,6676,12671,2024-09-25,2024-10-25
653,1674,13963,2024-01-12,2024-02-11
654,4870,5831,2024-12-17,2025-01-16
655,2286,18172,2023-12-16,2024-01-15
656,8407,15536,2025-04-26,2025-05-26
657,9804,3847,2024-06-22,2024-07-22
658,9525,2400,2025-06-30,2025-07-30
659,3495,14541,2025-12-06,2026-01-05
660,6173,11043,2025-03-20,2025-04-19
661,4060,18506,2024-10-07,2024-11-06
662,3920,11522,2024-06-30,2024-07-30
663,3185,9547,2024-04-03,2024-05-03
664,4411,10000,2025-05-24,2025-06-23
665,766,17777,2024-05-15,2024-06-14
666,2317,2195,2025-03-19,2025-04-18
667,7440,104,2025-07-14,2025-08-13
668,316,13505,2025-08-04,2025-09-03
669,6389,3984,2025-02-04,2025-03-06
670,6777,15837,2024-07-15,2024-08-14
671,220,19730,2024-07-02,2024-08-01
672,788,10393,2024-06-28,2024-07-28
673,2916,17453,2024-02-13,2024-03-14
674,5895,17459,2025-08-26,2025-09-25
675,5517,693,2024-06-26,2024-07-26
676,6790,14801,2024-08-21,2024-09-20
677,4294,5184,2024-04-17,2024-05-17
678,4381,6504,2024-09-27,2024-10-27
679,2382,3504,2024-02-16,2024-03-17
680,9240,18330,2025-04-01,2025-05-01
681,7319,6858,2024-12-25,2025-01-24
682,8057,4272,2024-10-30,2024-11-29
683,1976,6419,2025-05-12,2025-06-11
684,1397,2221,2023-12-14,2024-01-13
685,1509,11490,2023-12-25,2024-01-24
686,879,6293,2024-04-18,2024-05-18
687,7001,12924,2024-11-19,2024-12-19
688,1452,14952,2025-06-29,2025-07-29
689,652,17265,2025-12-05,2026-01-04
690,8382,10269,2024-09-24,2024-10-24
691,4016,8957,2024-10-22,2024-11-21
692,1616,7968,2024-11-09,2024-12-09
693,5518,16426,2024-07-03,2024-08-02
694,8561,18579,2025-04-18,2025-05-18
695,1472,2512,2025-08-17,2025-09-16
696,5131,11579,2025-04-03,2025-05-03
697,93,15159,2024-06-05,2024-07-05
698,1271,4505,2024-08-02,2024-09-01
699,4778,4357,2025-05-21,2025-06-20
700,8894,4051,2025-10-21,2025-11-20
701,50,214,2025-10-07,2025-11-06
702,1099,4463,2025-07-14,2025-08-13
703,1315,6303,2025-01-15,2025-02-14
704,2769,7955,2024-03-31,2024-04-30
705,251,4062,2024-04-10,2024-05-10
706,6052,2137,2025-02-07,2025-03-09
707,2876,2833,2025-11-04,2025-12-04
708,870,9426,2024-07-24,2024-08-23
709,8502,19453,2025-08-03,2025-09-02
710,9358,10438,2025-07-30,2025-08-29
711,5085,7553,2024-04-26,2024-05-26
712,9752,13559,2024-03-21,2024-04-20
713,7757,8084,2024-05-01,2024-05-31
714,2936,11883,2025-05-29,2025-06-28
715,8337,1825,2024-08-13,2024-09-12
716,7221,7809,2025-04-08,2025-05-08
717,9880,15040,2024-02-15,2024-03-16
718,7962,356,2025-09-14,2025-10-14
719,9126,13863,2024-04-01,2024-05-01
720,7815,10258,2025-12-07,2026-01-06
721,4576,9711,2024-12-08,2025-01-07
722,6106,12657,2025-05-15,2025-06-14
723,4979,14598,2025-12-01,2025-12-31
724,3318,11142,2025-09-26,2025-10-26
725,5033,3460,2025-08-20,2025-09-19
726,6513,19462,2024-04-01,2024-05-01
727,2067,16060,2025-01-11,2025-02-10
728,4070,17806,2025-01-31,2025-03-02
729,65,1973,2025-02-12,2025-03-14
730,7285,1697,2024-04-06,2024-05-06
731,32,2382,2025-05-06,2025-06-05
732,294,18186,2025-04-01,2025-05-01
733,2934,1884,2025-05-01,2025-05-31
734,9170,16959,2024-01-03,2024-02-02
735,4584,6103,2024-12-11,2025-01-10
736,6024,6069,2024-04-20,2024-05-20
737,8505,3746,2025-11-30,2025-12-30
738,4885,9242,2025-12-01,2025-12-31
739,7843,13560,2025-10-17,2025-11-16
740,2607,17319,2024-11-26,2024-12-26
741,6490,8173,2023-12-23,2024-01-22
742,5351,1167,2024-12-25,2025-01-24
743,3342,12459,2023-12-29,2024-01-28
744,9165,10022,2024-01-23,2024-02-22
745,2580,1489,2025-09-18,2025-10-18
746,9979,8874,2024-10-25,2024-11-24
747,8204,12169,2024-11-29,2024-12-29
748,5775,3584,2025-06-01,2025-07-01
749,2555,8405,2024-06-30,2024-07-30
750,4497,4795,2025-03-24,2025-04-23
751,121,2778,2025-01-02,2025-02-01
752,9542,5207,2024-10-30,2024-11-29
753,9189,7749,2024-06-20,2024-07-20
754,5577,10822,2024-03-16,2024-04-15
755,3895,3158,2023-12-19,2024-01-18
756,468,12485,2024-10-28,2024-11-27
757,6069,14640,2023-12-13,2024-01-12
758,7788,18660,2024-10-02,2024-11-01
759,2844,7169,2024-10-23,2024-11-22
760,5383,1578,2025-03-12,2025-04-11
761,6234,17554,2024-09-07,2024-10-07
762,2685,15596,2025-01-01,2025-01-31
763,6989,13230,2024-02-12,2024-03-13
764,8755,15604,2024-03-14,2024-04-13
765,1603,4600,2024-12-10,2025-01-09
766,9221,2762,2025-07-20,2025-08-19
767,3821,5217,2024-11-15,2024-12-15
768,458,5566,2025-11-24,2025-12-24
769,9979,5211,2025-03-12,2025-04-11
770,807,3342,2024-03-02,2024-04-01
771,3393,18178,2025-02-25,2025-03-27
772,5529,797,2024-09-20,2024-10-20
773,6879,7083,2024-10-23,2024-11-22
774,955,3605,2024-01-13,2024-02-12
775,3353,583,2024-08-20,2024-09-19
776,9060,11408,2025-10-29,2025-11-28
777,6699,12456,2024-08-13,2024-09-12
778,8997,10706,2025-03-04,2025-04-03
779,8198,7105,2024-05-30,2024-06-29
780,8419,13178,2025-09-07,2025-10-07
781,3446,8423,2025-11-08,2025-12-08
782,2910,3238,2024-04-21,2024-05-21
783,925,736,2024-08-28,2024-09-27
784,5355,2809,2024-06-24,2024-07-24
785,723,16742,2025-11-05,2025-12-05
786,3072,14705,2025-01-17,2025-02-16
787,8391,16304,2025-01-24,2025-02-23
788,7760,4408,2024-09-29,2024-10-29
789,9289,18443,2025-04-07,2025-05-07
790,69,13315,2025-02-05,2025-03-07
791,5868,18604,2024-05-04,2024-06-03
792,9253,2039,2023-12-24,2024-01-23
793,5240,8071,2024-10-05,2024-11-04
794,8914,5083,2024-11-30,2024-12-30
795,4574,12759,2024-12-09,2025-01-08
796,8840,18964,2025-07-20,2025-08-19
797,9910,19920,2024-07-06,2024-08-05
798,4290,6957,2025-05-10,2025-06-09
799,45,19644,2025-06-08,2025-07-08
800,4600,11471,2024-06-04,2024-07-04
801,2206,12501,2025-03-06,2025-04-05
802,7691,1551,2025-05-29,2025-06-28
803,4262,3595,2025-06-28,2025-07-28
804,2211,232,2023-12-19,2024-01-18
805,4726,8941,2025-11-13,2025-12-13
806,6582,19782,2024-04-14,2024-05-14
807,555,2972,2024-10-19,2024-11-18
808,7606,10922,2025-03-25,2025-04-24
809,3495,4246,2024-01-09,2024-02-08
810,5609,10755,2024-07-08,2024-08-07
811,8983,15753,2024-06-06,2024-07-06
812,2432,121,2025-05-16,2025-06-15
813,1142,18538,2025-05-16,2025-06-15
814,8069,2697,2024-10-26,2024-11-25
815,9230,9240,2024-12-17,2025-01-16
816,7386,11187,2024-09-26,2024-10-26
817,5792,15377,2025-03-27,2025-04-26
818,9407,3081,2024-12-05,2025-01-04
819,3833,1805,2025-04-22,2025-05-22
820,3477,19712,2023-12-13,2024-01-12
821,5021,4034,2024-08-29,2024-09-28
822,7862,13184,2024-11-11,2024-12-11
823,6693,11072,2024-02-20,2024-03-21
824,4961,7967,2024-04-07,2024-05-07
825,5705,4821,2025-04-24,2025-05-24
826,7046,14255,2024-08-16,2024-09-15
827,4645,1685,2025-05-21,2025-06-20
828,7628,6374,2024-09-09,2024-10-09
829,8512,18791,2025-07-19,2025-08-18
830,9103,18217,2025-07-02,2025-08-01
831,7505,13103,2024-02-12,2024-03-13
832,6137,17811,2025-08-28,2025-09-27
833,6592,12784,2025-02-17,2025-03-19
834,9400,12185,2024-07-04,2024-08-03
835,6241,15992,2024-04-02,2024-05-02
836,5555,4164,2025-06-27,2025-07-27
837,2168,3194,2025-11-21,2025-12-21
838,1990,966,2025-06-28,2025-07-28
839,3663,3955,2024-02-11,2024-03-12
840,8339,2173,2025-09-23,2025-10-23
841,3510,4443,2025-02-07,2025-03-09
842,4493,14618,2023-12-22,2024-01-21
843,2371,14997,2024-12-19,2025-01-18
844,4713,14050,2025-01-01,2025-01-31
845,5277,19793,2024-06-07,2024-07-07
846,1849,15071,2025-04-15,2025-05-15
847,5140,518,2025-03-26,2025-04-25
848,992,13308,2024-10-28,2024-11-27
849,9018,18461,2024-02-02,2024-03-03
850,6479,10815,2024-01-19,2024-02-18
851,7767,2056,2024-04-18,2024-05-18
852,4070,15911,2024-07-07,2024-08-06
853,5790,10199,2025-07-13,2025-08-12
854,4545,15561,2024-02-12,2024-03-13
855,3066,5898,2025-11-17,2025-12-17
856,2465,1096,2025-01-19,2025-02-18
857,181,620,2024-02-04,2024-03-05
858,8848,1921,2024-10-04,2024-11-03
859,7329,6335,2024-05-23,2024-06-22
860,3763,594,2025-01-30,2025-03-01
861,4199,8928,2025-06-15,2025-07-15
862,4838,1763,2025-05-30,2025-06-29
863,8174,15999,2024-04-02,2024-05-02
864,8080,19504,2024-05-24,2024-06-23
865,8855,19992,2025-04-15,2025-05-15
866,5437,5729,2024-02-23,2024-03-24
867,7391,595,2024-12-19,2025-01-18
868,2779,9251,2025-04-08,2025-05-08
869,2180,13438,2025-08-06,2025-09-05
870,7025,18103,2025-09-14,2025-10-14
871,1551,1649,2025-09-17,2025-10-17
872,7921,12762,2025-09-19,2025-10-19
873,3559,15049,2025-04-25,2025-05-25
874,1902,18562,2024-09-06,2024-10-06
875,8159,2170,2024-07-03,2024-08-02
876,4512,8904,2024-12-07,2025-01-06
877,940,18738,2024-04-24,2024-05-24
878,6172,11274,2025-01-02,2025-02-01
879,1588,14852,2025-10-25,2025-11-24
880,4663,6947,2024-07-05,2024-08-04
881,5846,17348,2024-06-19,2024-07-19
882,4430,8970,2024-12-08,2025-01-07
883,7200,6285,2024-05-30,2024-06-29
884,4284,16455,2024-02-22,2024-03-23
885,4653,8283,2024-05-18,2024-06-17
886,3636,2178,2025-02-12,2025-03-14
887,5269,6031,2024-03-17,2024-04-16
888,4890,3406,2025-07-27,2025-08-26
889,5094,13810,2024-11-20,2024-12-20
890,3704,18938,2024-12-29,2025-01-28
891,8028,4674,2025-04-12,2025-05-12
892,2155,1001,2025-01-10,2025-02-09
893,1166,7636,2025-08-20,2025-09-19
894,1283,5234,2025-10-22,2025-11-21
895,6967,15135,2024-06-24,2024-07-24
896,6607,5173,2025-04-17,2025-05-17
897,6255,5727,2024-10-22,2024-11-21
898,9589,1133,2025-05-09,2025-06-08
899,4445,4553,2024-02-11,2024-03-12
900,7524,9929,2025-05-18,2025-06-17
901,25,19577,2024-08-27,2024-09-26
902,925,14098,2024-09-11,2024-10-11
903,9925,18800,2025-10-30,2025-11-29
904,7347,3174,2024-11-07,2024-12-07
905,9360,18251,2024-02-29,2024-03-30
906,8634,13732,2024-02-28,2024-03-29
907,8041,3531,2024-05-21,2024-06-20
908,4515,6823,2025-02-08,2025-03-10
909,457,6434,2025-03-01,2025-03-31
910,1964,14287,2024-07-29,2024-08-28
911,6382,4243,2025-06-24,2025-07-24
912,2397,744,2025-05-06,2025-06-05
913,1334,3671,2025-11-03,2025-12-03
914,3271,6680,2024-12-23,2025-01-22
915,2211,19195,2023-12-23,2024-01-22
916,9382,16603,2025-03-17,2025-04-16
917,2121,13944,2025-08-14,2025-09-13
918,1656,2830,2025-09-18,2025-10-18
919,4348,17035,2025-11-19,2025-12-19
920,982,19184,2025-04-21,2025-05-21
921,4576,15637,2024-01-04,2024-02-03
922,4469,19345,2024-04-13,2024-05-13
923,178,7904,2024-02-21,2024-03-22
924,3952,12257,2025-01-22,2025-02-21
925,4551,3346,2025-07-05,2025-08-04
926,7123,5339,2024-01-01,2024-01-31
927,3031,13399,2024-09-17,2024-10-17
928,5045,18429,2025-03-27,2025-04-26
929,5507,3865,2025-03-07,2025-04-06
930,2912,10699,2024-06-01,2024-07-01
931,729,3335,2024-07-21,2024-08-20
932,9225,16290,2025-06-01,2025-07-01
933,1125,6397,2024-07-15,2024-08-14
934,7544,5933,2024-03-24,2024-04-23
935,1208,923,2025-07-27,2025-08-26
936,8460,15584,2025-08-13,2025-09-12
937,2214,14330,2025-03-29,2025-04-28
938,3945,11125,2024-10-01,2024-10-31
939,1479,10948,2024-02-11,2024-03-12
940,5745,15857,2024-01-16,2024-02-15
941,9240,4047,2025-02-27,2025-03-29
942,9495,17353,2025-01-16,2025-02-15
943,9417,17636,2024-09-01,2024-10-01
944,5279,1114,2024-01-23,2024-02-22
945,9070,17391,2024-04-23,2024-05-23
946,3621,17934,2025-05-02,2025-06-01
947,8761,13164,2025-09-17,2025-10-17
948,9654,6372,2025-11-05,2025-12-05
949,2342,4475,2024-03-17,2024-04-16
950,7247,4822,2024-11-03,2024-12-03
951,555,7855,2024-06-09,2024-07-09
952,9316,7887,2024-11-28,2024-12-28
953,9258,2238,2024-10-21,2024-11-20
954,8953,13169,2025-05-17,2025-06-16
955,7402,1866,2024-07-03,2024-08-02
956,8991,3932,2024-01-23,2024-02-22
957,8163,2319,2025-05-22,2025-06-21
958,7141,3967,2024-11-25,2024-12-25
959,3007,12727,2025-05-16,2025-06-15
960,5494,12918,2025-03-04,2025-04-03
961,2709,3110,2025-04-29,2025-05-29
962,694,14413,2025-09-19,2025-10-19
963,6056,19261,2024-01-13,2024-02-12
964,6742,1304,2024-11-11,2024-12-11
965,764,10485,2025-02-13,2025-03-15
966,1964,16428,2024-04-22,2024-05-22
967,5635,16687,2025-05-05,2025-06-04
968,4151,3514,2024-06-22,2024-07-22
969,4179,7557,2024-02-10,2024-03-11
970,8190,15932,2024-09-04,2024-10-04
971,6188,751,2025-02-28,2025-03-30
972,7934,14576,2024-10-07,2024-11-06
973,5821,14039,2025-10-16,2025-11-15
974,5120,14178,2024-01-01,2024-01-31
975,3911,15527,2025-08-23,2025-09-22
976,1286,5160,2024-02-03,2024-03-04
977,326,8349,2024-07-18,2024-08-17
978,9032,19349,2025-08-01,2025-08-31
979,8284,11472,2024-04-10,2024-05-10
980,1878,9327,2025-03-25,2025-04-24
981,9083,10055,2024-01-11,2024-02-10
982,5956,16076,2025-10-17,2025-11-16
983,7637,2708,2025-12-11,2026-01-10
984,261,10966,2025-09-09,2025-10-09
985,2578,15366,2024-10-24,2024-11-23
986,7956,19462,2025-04-26,2025-05-26
987,9270,13078,2024-07-18,2024-08-17
988,8877,10737,2025-04-13,2025-05-13
989,597,9947,2024-08-15,2024-09-14
990,1471,6285,2024-11-07,2024-12-07
991,8886,9236,2024-04-27,2024-05-27
992,662,4664,2025-03-04,2025-04-03
993,893,5257,2024-02-05,2024-03-06
994,5410,9751,2024-04-19,2024-05-19
995,1236,12322,2024-08-11,2024-09-10
996,5558,5233,2024-12-24,2025-01-23
997,2257,19621,2024-01-09,2024-02-08
998,6,17050,2024-04-21,2024-05-21
999,6069,17477,2025-04-11,2025-05-11
1000,7835,19672,2024-04-22,2024-05-22
1001,9051,18061,2025-11-29,2025-12-29
1002,4104,6037,2024-07-16,2024-08-15
1003,7738,13075,2024-06-29,2024-07-29
1004,4386,668,2025-09-25,2025-10-25
1005,2225,3293,2025-09-11,2025-10-11
1006,1383,7613,2025-12-07,2026-01-06
1007,2606,18197,2025-05-06,2025-06-05
1008,8562,5165,2024-08-06,2024-09-05
1009,751,13670,2025-10-19,2025-11-18
1010,2274,19928,2024-04-18,2024-05-18
1011,3003,17772,2024-07-15,2024-08-14
1012,3646,16259,2024-04-28,2024-05-28
1013,5185,17361,2025-06-08,2025-07-08
1014,5663,620,2024-08-09,2024-09-08
1015,3879,10674,2024-09-05,2024-10-05
1016,2447,8957,2024-04-20,2024-05-20
1017,5450,16130,2024-07-26,2024-08-25
1018,2398,12215,2025-03-07,2025-04-06
1019,699,2478,2025-01-09,2025-02-08
1020,6329,14975,2024-12-20,2025-01-19
1021,2912,19975,2024-01-25,2024-02-24
1022,393,3113,2024-01-18,2024-02-17
1023,9496,7414,2024-08-29,2024-09-28
1024,1202,13812,2024-10-21,2024-11-20
1025,6933,10930,2024-11-01,2024-12-01
1026,4704,6571,2024-09-02,2024-10-02
1027,8679,15163,2024-07-13,2024-08-12
1028,2184,3353,2024-01-24,2024-02-23
1029,6426,10243,2024-11-13,2024-12-13
1030,2805,6291,2025-08-26,2025-09-25
1031,1386,4714,2024-11-27,2024-12-27
1032,9924,9740,2025-07-17,2025-08-16
1033,5267,4162,2025-06-06,2025-07-06
1034,1685,16754,2025-10-22,2025-11-21
1035,4775,15764,2024-04-15,2024-05-15
1036,3766,15885,2025-09-13,2025-10-13
1037,8889,15642,2025-04-08,2025-05-08
1038,673,8825,2025-02-14,2025-03-16
1039,6452,16681,2025-01-08,2025-02-07
1040,9349,18623,2024-08-18,2024-09-17
1041,2869,8511,2024-12-25,2025-01-24
1042,5624,10024,2024-01-01,2024-01-31
1043,8952,16198,2024-12-22,2025-01-21
1044,5555,7974,2025-02-06,2025-03-08
1045,836,395,2024-02-28,2024-03-29
1046,1913,3288,2025-09-08,2025-10-08
1047,1128,16630,2024-05-12,2024-06-11
1048,2692,17724,2024-06-07,2024-07-07
1049,3936,1730,2024-08-12,2024-09-11
1050,9089,17851,2025-01-30,2025-03-01
1051,7690,11154,2025-03-28,2025-04-27
1052,5690,8563,2025-10-30,2025-11-29
1053,8151,3098,2024-08-05,2024-09-04
1054,8734,7088,2024-05-25,2024-06-24
1055,4939,17764,2024-08-14,2024-09-13
1056,7703,7310,2025-11-10,2025-12-10
1057,2900,19189,2024-03-29,2024-04-28
1058,3624,16864,2025-01-15,2025-02-14
1059,9477,11410,2025-07-01,2025-07-31
1060,8203,3994,2024-02-20,2024-03-21
1061,838,7890,2025-07-19,2025-08-18
1062,2611,646,2024-07-18,2024-08-17
1063,4154,1946,2023-12-30,2024-01-29
1064,8743,10218,2024-08-25,2024-09-24
1065,1582,18746,2024-04-30,2024-05-30
1066,791,11349,2025-10-30,2025-11-29
1067,2074,14119,2023-12-29,2024-01-28
1068,3470,16293,2025-05-24,2025-06-23
1069,4763,18496,2024-06-27,2024-07-27
1070,9386,4310,2024-09-15,2024-10-15
1071,7131,930,2025-02-11,2025-03-13
1072,116,2587,2024-01-17,2024-02-16
1073,8664,13429,2023-12-21,2024-01-20
1074,3182,16815,2025-06-04,2025-07-04
1075,5506,3335,2025-09-13,2025-10-13
1076,8912,11317,2025-07-22,2025-08-21
1077,1138,19498,2024-02-17,2024-03-18
1078,4540,19770,2024-04-30,2024-05-30
1079,6511,14417,2024-11-13,2024-12-13
1080,3266,3707,2024-08-18,2024-09-17
1081,3093,19641,2025-10-01,2025-10-31
1082,877,15940,2024-06-19,2024-07-19
1083,6289,16774,2025-03-13,2025-04-12
1084,9373,15770,2024-05-06,2024-06-05
1085,1480,15163,2024-12-20,2025-01-19
1086,8582,5749,2025-11-20,2025-12-20
1087,4951,10362,2024-03-27,2024-04-26
1088,5035,19112,2025-07-28,2025-08-27
1089,707,2002,2025-11-17,2025-12-17
1090,1430,167,2025-05-24,2025-06-23
1091,4867,11300,2025-04-08,2025-05-08
1092,9263,4387,2024-11-21,2024-12-21
1093,9669,9254,2024-08-08,2024-09-07
1094,1799,16859,2024-06-21,2024-07-21
1095,3790,17674,2024-11-19,2024-12-19
1096,3338,6616,2024-07-25,2024-08-24
1097,6169,4073,2024-04-10,2024-05-10
1098,3501,2791,2025-09-11,2025-10-11
1099,5528,11878,2025-10-17,2025-11-16
1100,3158,10253,2024-06-09,2024-07-09
1101,6876,14215,2025-09-06,2025-10-06
1102,1754,15824,2024-05-02,2024-06-01
1103,8839,8065,2025-10-01,2025-10-31
1104,9096,7819,2025-06-16,2025-07-16
1105,199,9041,2025-06-26,2025-07-26
1106,7209,1228,2025-06-17,2025-07-17
1107,7436,19859,2024-11-24,2024-12-24
1108,1018,9639,2024-07-07,2024-08-06
1109,4540,13659,2025-05-26,2025-06-25
1110,9935,9910,2024-03-19,2024-04-18
1111,5666,19873,2024-07-17,2024-08-16
1112,6613,19384,2025-08-29,2025-09-28
1113,2437,19318,2024-07-07,2024-08-06
1114,1504,5653,2025-04-15,2025-05-15
1115,9825,15605,2025-11-18,2025-12-18
1116,4660,3805,2024-11-14,2024-12-14
1117,9489,17585,2024-08-12,2024-09-11
1118,9209,12487,2024-06-06,2024-07-06
1119,4716,14896,2024-07-05,2024-08-04
1120,164,10222,2024-11-13,2024-12-13
1121,9301,1395,2024-04-20,2024-05-20
1122,9841,8578,2024-02-16,2024-03-17
1123,539,3648,2023-12-24,2024-01-23
1124,2527,14604,2024-07-03,2024-08-02
1125,7480,1634,2024-10-12,2024-11-11
1126,5494,13660,2025-07-09,2025-08-08
1127,5670,4500,2024-07-12,2024-08-11
1128,8596,6075,2024-12-17,2025-01-16
1129,1827,11708,2025-07-01,2025-07-31
1130,6611,2335,2025-03-03,2025-04-02
1131,6350,5027,2025-10-11,2025-11-10
1132,3340,14154,2024-06-13,2024-07-13
1133,5014,15531,2024-09-26,2024-10-26
1134,8155,8503,2025-05-17,2025-06-16
1135,8694,16018,2024-03-01,2024-03-31
1136,1950,186,2025-11-05,2025-12-05
1137,2705,1843,2025-11-15,2025-12-15
1138,7300,17359,2025-11-29,2025-12-29
1139,6065,7054,2024-10-29,2024-11-28
1140,5210,674,2024-07-19,2024-08-18
1141,9526,6476,2025-01-13,2025-02-12
1142,2990,304,2025-09-20,2025-10-20
1143,7373,3497,2025-07-17,2025-08-16
1144,5348,10948,2025-11-14,2025-12-14
1145,5711,5893,2025-10-27,2025-11-26
1146,1107,6776,2024-03-20,2024-04-19
1147,9741,3040,2024-03-01,2024-03-31
1148,2898,6210,2025-06-17,2025-07-17
1149,4827,18882,2025-11-17,2025-12-17
1150,5236,1756,2025-01-14,2025-02-13
1151,8063,1921,2024-05-15,2024-06-14
1152,3392,7782,2025-10-09,2025-11-08
1153,8723,16489,2024-01-10,2024-02-09
1154,4698,14900,2024-10-31,2024-11-30
1155,9603,19705,2025-09-11,2025-10-11
1156,9689,6550,2025-09-16,2025-10-16
1157,3069,9366,2025-06-24,2025-07-24
1158,1168,10142,2024-10-14,2024-11-13
1159,4656,253,2025-11-15,2025-12-15
1160,3989,3381,2025-01-31,2025-03-02
1161,3929,15258,2024-10-14,2024-11-13
1162,6089,10087,2024-06-21,2024-07-21
1163,1940,5295,2025-07-02,2025-08-01
1164,9846,8224,2025-11-10,2025-12-10
1165,9334,3167,2025-05-31,2025-06-30
1166,1347,4220,2024-12-17,2025-01-16
1167,6704,11683,2024-08-21,2024-09-20
1168,2010,17825,2024-09-30,2024-10-30
1169,6692,1098,2025-05-13,2025-06-12
1170,2962,617,2025-03-02,2025-04-01
1171,227,7524,2024-09-20,2024-10-20
1172,1244,18437,2024-11-23,2024-12-23
1173,6948,2311,2025-08-11,2025-09-10
1174,7577,5858,2024-09-26,2024-10-26
1175,8461,19166,2024-01-22,2024-02-21
1176,6128,5569,2024-03-01,2024-03-31
1177,3903,16529,2024-09-27,2024-10-27
1178,4513,12583,2024-03-10,2024-04-09
1179,8236,13986,2024-12-02,2025-01-01
1180,7436,17618,2025-11-25,2025-12-25
1181,4143,5005,2025-02-15,2025-03-17
1182,9906,15037,2024-05-09,2024-06-08
1183,3374,15292,2023-12-16,2024-01-15
1184,9325,2101,2024-06-16,2024-07-16
1185,3761,1597,2024-02-04,2024-03-05
1186,5582,9999,2025-06-17,2025-07-17
1187,1731,5240,2024-07-31,2024-08-30
1188,6183,14229,2024-09-01,2024-10-01
1189,5638,1216,2025-07-28,2025-08-27
1190,6893,16638,2025-06-01,2025-07-01
1191,3643,11742,2025-09-26,2025-10-26
1192,2119,12464,2024-02-04,2024-03-05
1193,7110,4931,2024-12-16,2025-01-15
1194,910,11110,2024-04-11,2024-05-11
1195,8742,9092,2025-06-14,2025-07-14
1196,6331,1844,2025-09-27,2025-10-27
1197,5294,3979,2025-08-29,2025-09-28
1198,7627,13455,2024-07-16,2024-08-15
1199,3467,17054,2024-01-31,2024-03-01
1200,4664,9643,2024-06-24,2024-07-24
1201,5527,1361,2025-03-05,2025-04-04
1202,2213,181,2024-07-10,2024-08-09
1203,3507,4127,2025-03-17,2025-04-16
1204,13,17998,2025-03-08,2025-04-07
1205,6094,12570,2024-06-12,2024-07-12
1206,2240,13445,2024-08-15,2024-09-14
1207,7860,18707,2025-04-28,2025-05-28
1208,1889,6623,2025-11-05,2025-12-05
1209,7801,15259,2025-11-24,2025-12-24
1210,3368,14847,2024-01-25,2024-02-24
1211,3377,6387,2024-05-20,2024-06-19
1212,1095,5977,2025-10-09,2025-11-08
1213,5028,10366,2024-01-15,2024-02-14
1214,1212,2917,2024-02-01,2024-03-02
1215,2006,94,2025-08-22,2025-09-21
1216,5009,4351,2024-04-26,2024-05-26
1217,9664,7531,2024-07-20,2024-08-19
1218,5250,15448,2025-04-03,2025-05-03
1219,2078,18963,2025-02-02,2025-03-04
1220,1254,11373,2023-12-22,2024-01-21
1221,5159,10947,2024-04-11,2024-05-11
1222,2447,19247,2025-09-24,2025-10-24
1223,1817,5358,2024-07-27,2024-08-26
1224,1065,8695,2024-07-28,2024-08-27
1225,6600,5809,2024-02-09,2024-03-10
1226,1105,11035,2024-07-13,2024-08-12
1227,826,10896,2023-12-16,2024-01-15
1228,4513,2822,2025-11-28,2025-12-28
1229,7369,3564,2025-04-28,2025-05-28
1230,3978,9092,2024-10-28,2024-11-27
1231,7163,11963,2025-10-23,2025-11-22
1232,1511,2191,2025-03-26,2025-04-25
1233,7359,18482,2025-08-06,2025-09-05
1234,3335,987,2025-05-07,2025-06-06
1235,3829,16121,2025-05-14,2025-06-13
1236,7482,8528,2024-09-10,2024-10-10
1237,7556,2019,2025-11-13,2025-12-13
1238,8771,17374,2024-06-02,2024-07-02
1239,4423,18379,2024-11-21,2024-12-21
1240,8694,16953,2024-03-05,2024-04-04
1241,5434,8681,2024-05-15,2024-06-14
1242,5029,15619,2024-02-05,2024-03-06
1243,5367,17634,2024-05-14,2024-06-13
1244,856,12500,2024-06-18,2024-07-18
1245,2645,18205,2024-02-02,2024-03-03
1246,64,15202,2025-07-15,2025-08-14
1247,5837,16140,2025-03-23,2025-04-22
1248,5948,6739,2025-12-02,2026-01-01
1249,6291,19670,2024-04-13,2024-05-13
1250,4341,16859,2025-03-25,2025-04-24
1251,2373,6742,2025-03-04,2025-04-03
1252,8650,4421,2025-12-06,2026-01-05
1253,6859,1223,2025-02-23,2025-03-25
1254,5071,4335,2025-02-15,2025-03-17
1255,7560,6374,2024-10-19,2024-11-18
1256,814,1637,2025-09-12,2025-10-12
1257,3469,4296,2024-02-27,2024-03-28
1258,2732,10689,2024-09-04,2024-10-04
1259,8985,2064,2025-05-01,2025-05-31
1260,3256,8583,2024-03-02,2024-04-01
1261,9775,6219,2025-04-27,2025-05-27
1262,7245,9365,2025-09-24,2025-10-24
1263,2264,10827,2025-11-06,2025-12-06
1264,9494,12363,2024-10-29,2024-11-28
1265,9802,5253,2025-08-13,2025-09-12
1266,3523,11716,2025-05-30,2025-06-29
1267,8242,2209,2024-05-22,2024-06-21
1268,9486,589,2024-09-07,2024-10-07
1269,1281,6536,2025-11-14,2025-12-14
1270,3010,2962,2024-12-17,2025-01-16
1271,6703,16505,2025-10-10,2025-11-09
1272,8293,11057,2025-06-16,2025-07-16
1273,7340,3520,2023-12-31,2024-01-30
1274,3199,2806,2024-02-07,2024-03-08
1275,8316,12113,2025-06-11,2025-07-11
1276,9969,6106,2025-08-09,2025-09-08
1277,1592,5332,2023-12-29,2024-01-28
1278,7840,13224,2024-10-25,2024-11-24
1279,5236,14743,2025-05-15,2025-06-14
1280,3829,4919,2023-12-27,2024-01-26
1281,3398,2700,2024-02-06,2024-03-07
1282,4514,8932,2024-07-22,2024-08-21
1283,5724,18313,2025-06-28,2025-07-28
1284,7162,1642,2025-06-28,2025-07-28
1285,4236,6778,2025-09-21,2025-10-21
1286,4554,3051,2024-02-15,2024-03-16
1287,197,12545,2024-06-23,2024-07-23
1288,9820,10695,2025-11-20,2025-12-20
1289,1574,16894,2025-09-20,2025-10-20
1290,137,5722,2024-03-04,2024-04-03
1291,7128,11883,2024-04-19,2024-05-19
1292,9898,14100,2024-07-05,2024-08-04
1293,3577,16917,2025-07-02,2025-08-01
1294,208,10750,2025-08-17,2025-09-16
1295,5262,6981,2025-09-10,2025-10-10
1296,6622,11987,2024-02-28,2024-03-29
1297,8344,1712,2024-05-13,2024-06-12
1298,6184,6306,2024-01-14,2024-02-13
1299,3598,18641,2024-04-07,2024-05-07
1300,4241,15711,2025-10-08,2025-11-07
1301,5992,16669,2025-09-05,2025-10-05
1302,2876,3887,2025-01-09,2025-02-08
1303,6725,53,2024-08-09,2024-09-08
1304,5743,8765,2024-05-28,2024-06-27
1305,8937,7950,2025-12-06,2026-01-05
1306,8371,9692,2024-07-24,2024-08-23
1307,2171,8745,2024-05-01,2024-05-31
1308,9839,11932,2025-09-08,2025-10-08
1309,5433,10136,2024-09-30,2024-10-30
1310,9931,8844,2024-04-29,2024-05-29
1311,4006,4121,2024-06-19,2024-07-19
1312,6598,10490,2024-10-13,2024-11-12
1313,1827,4835,2025-09-15,2025-10-15
1314,7434,12458,2024-02-23,2024-03-24
1315,6579,15885,2025-05-05,2025-06-04
1316,9556,17622,2025-01-05,2025-02-04
1317,785,12063,2025-07-05,2025-08-04
1318,5990,1092,2025-08-31,2025-09-30
1319,5198,10168,2025-10-15,2025-11-14
1320,3036,7977,2025-04-15,2025-05-15
1321,521,16511,2024-09-15,2024-10-15
1322,8140,9430,2024-04-09,2024-05-09
1323,7343,1358,2024-08-07,2024-09-06
1324,27,2315,2024-01-09,2024-02-08
1325,654,10434,2025-07-21,2025-08-20
1326,2872,15791,2025-07-22,2025-08-21
1327,2790,1441,2024-03-26,2024-04-25
1328,1887,19185,2025-02-09,2025-03-11
1329,5565,6465,2025-11-15,2025-12-15
1330,3429,9922,2025-10-14,2025-11-13
1331,239,10063,2024-04-13,2024-05-13
1332,7953,11161,2023-12-15,2024-01-14
1333,9639,12746,2025-03-03,2025-04-02
1334,9258,17962,2024-03-11,2024-04-10
1335,9143,13566,2024-11-30,2024-12-30
1336,2633,13950,2024-11-30,2024-12-30
1337,4691,11066,2024-03-29,2024-04-28
1338,3319,8508,2025-10-31,2025-11-30
1339,90,18607,2024-01-23,2024-02-22
1340,5975,15007,2024-06-15,2024-07-15
1341,7319,11065,2025-05-31,2025-06-30
1342,4106,12147,2024-11-01,2024-12-01
1343,4638,3542,2024-03-23,2024-04-22
1344,9601,11269,2024-08-08,2024-09-07
1345,2908,18363,2024-12-16,2025-01-15
1346,5952,1909,2025-04-04,2025-05-04
1347,3843,6627,2024-04-17,2024-05-17
1348,8707,19733,2025-08-25,2025-09-24
1349,2710,19691,2025-06-20,2025-07-20
1350,4484,9978,2025-02-07,2025-03-09
1351,1966,17697,2024-11-27,2024-12-27
1352,4386,3982,2025-08-09,2025-09-08
1353,9260,5517,2025-01-04,2025-02-03
1354,5857,13998,2025-09-03,2025-10-03
1355,803,17315,2024-01-03,2024-02-02
1356,8349,9686,2025-07-22,2025-08-21
1357,9541,18707,2025-07-12,2025-08-11
1358,851,6916,2025-09-05,2025-10-05
1359,2980,2484,2024-09-12,2024-10-12
1360,561,19010,2025-06-08,2025-07-08
1361,7255,8578,2025-02-08,2025-03-10
1362,698,9817,2024-05-12,2024-06-11
1363,4364,16452,2025-07-21,2025-08-20
1364,5543,14009,2024-04-26,2024-05-26
1365,45,973,2025-06-24,2025-07-24
1366,9026,14314,2025-12-03,2026-01-02
1367,5528,10975,2024-07-23,2024-08-22
1368,9398,10130,2025-07-03,2025-08-02
1369,2164,7804,2024-02-04,2024-03-05
1370,3630,13911,2025-08-16,2025-09-15
1371,1500,12383,2025-04-08,2025-05-08
1372,4586,7368,2024-09-05,2024-10-05
1373,9599,16008,2025-02-17,2025-03-19
1374,6211,9722,2024-12-15,2025-01-14
1375,3378,166,2025-05-04,2025-06-03
1376,1343,5722,2025-07-23,2025-08-22
1377,1699,11988,2025-06-13,2025-07-13
1378,928,6632,2024-11-01,2024-12-01
1379,3705,13718,2024-10-24,2024-11-23
1380,4287,13388,2023-12-30,2024-01-29
1381,8703,5335,2024-07-24,2024-08-23
1382,7354,3477,2024-03-31,2024-04-30
1383,1031,17476,2025-05-19,2025-06-18
1384,7252,17811,2024-09-13,2024-10-13
1385,4605,17740,2025-01-21,2025-02-20
1386,3260,10841,2025-05-07,2025-06-06
1387,4787,15579,2024-05-08,2024-06-07
1388,930,17823,2024-12-08,2025-01-07
1389,2471,9908,2025-05-28,2025-06-27
1390,5209,18030,2025-10-29,2025-11-28
1391,2047,14990,2025-02-12,2025-03-14
1392,9732,19179,2025-01-28,2025-02-27
1393,3718,12474,2024-07-30,2024-08-29
1394,8434,11742,2025-03-27,2025-04-26
1395,1413,5420,2025-01-04,2025-02-03
1396,7634,8732,2025-03-08,2025-04-07
1397,6088,15664,2025-03-31,2025-04-30
1398,5783,292,2024-05-10,2024-06-09
1399,302,5596,2024-01-26,2024-02-25
1400,7329,7740,2024-12-29,2025-01-28
1401,3528,1443,2024-11-14,2024-12-14
1402,231,7311,2025-08-11,2025-09-10
1403,3125,11045,2024-10-17,2024-11-16
1404,7446,12732,2025-03-01,2025-03-31
1405,6747,3946,2024-12-13,2025-01-12
1406,2665,2271,2025-01-12,2025-02-11
1407,5721,5033,2024-08-15,2024-09-14
1408,7690,7142,2024-04-24,2024-05-24
1409,3996,17835,2025-11-22,2025-12-22
1410,105,18799,2024-07-10,2024-08-09
1411,5745,1391,2024-03-07,2024-04-06
1412,6445,4025,2024-09-11,2024-10-11
1413,7018,10799,2025-05-03,2025-06-02
1414,7431,11752,2024-04-17,2024-05-17
1415,39,3488,2025-09-03,2025-10-03
1416,5539,3450,2024-12-10,2025-01-09
1417,6077,7810,2023-12-21,2024-01-20
1418,5572,18779,2024-04-23,2024-05-23
1419,2138,857,2023-12-26,2024-01-25
1420,4165,18499,2024-02-29,2024-03-30
1421,7243,12583,2024-10-28,2024-11-27
1422,6472,1496,2024-12-06,2025-01-05
1423,6741,18202,2025-06-01,2025-07-01
1424,5523,16426,2025-04-08,2025-05-08
1425,5330,9494,2025-03-06,2025-04-05
1426,1353,18554,2024-12-27,2025-01-26
1427,3650,19512,2024-09-25,2024-10-25
1428,6115,15432,2025-08-12,2025-09-11
1429,3270,15366,2024-07-20,2024-08-19
1430,4455,4867,2025-07-05,2025-08-04
1431,1869,12999,2025-04-20,2025-05-20
1432,7183,1072,2025-02-10,2025-03-12
1433,9470,2296,2025-02-02,2025-03-04
1434,4807,5983,2024-06-16,2024-07-16
1435,2556,8351,2025-03-22,2025-04-21
1436,2621,3593,2024-02-16,2024-03-17
1437,8106,1589,2025-02-26,2025-03-28
1438,7085,13907,2025-09-26,2025-10-26
1439,4184,14358,2025-08-13,2025-09-12
1440,7502,18329,2024-07-30,2024-08-29
1441,2720,18438,2024-04-17,2024-05-17
1442,1118,12812,2024-12-25,2025-01-24
1443,9697,11830,2024-03-20,2024-04-19
1444,9908,6375,2025-09-30,2025-10-30
1445,2939,3192,2025-06-16,2025-07-16
1446,3814,6468,2024-02-08,2024-03-09
1447,7060,6579,2025-03-16,2025-04-15
1448,4329,12602,2025-05-01,2025-05-31
1449,1165,693,2024-11-17,2024-12-17
1450,976,14868,2023-12-19,2024-01-18
1451,6032,11424,2024-12-20,2025-01-19
1452,7741,9237,2024-09-25,2024-10-25
1453,4442,2961,2024-04-18,2024-05-18
1454,5544,1546,2025-04-15,2025-05-15
1455,8911,3284,2024-02-14,2024-03-15
1456,33,10249,2024-10-27,2024-11-26
1457,9653,13186,2024-11-03,2024-12-03
1458,6524,4144,2025-06-06,2025-07-06
1459,5988,1855,2025-10-14,2025-11-13
1460,8019,9400,2025-08-15,2025-09-14
1461,2234,4252,2025-10-03,2025-11-02
1462,3909,3098,2025-03-14,2025-04-13
1463,9593,2128,2025-01-19,2025-02-18
1464,6386,925,2024-01-15,2024-02-14
1465,1863,19995,2025-08-06,2025-09-05
1466,9121,13905,2025-05-06,2025-06-05
1467,461,8522,2025-09-23,2025-10-23
1468,3421,3236,2025-07-30,2025-08-29
1469,1993,14414,2024-07-18,2024-08-17
1470,1859,17447,2024-02-14,2024-03-15
1471,6495,6358,2024-11-13,2024-12-13
1472,9910,12243,2024-04-12,2024-05-12
1473,5174,3520,2025-02-06,2025-03-08
1474,394,18457,2024-02-18,2024-03-19
1475,8071,4656,2025-05-24,2025-06-23
1476,2970,14387,2025-04-13,2025-05-13
1477,9718,1350,2025-02-06,2025-03-08
1478,1732,18110,2025-02-24,2025-03-26
1479,8984,280,2024-11-17,2024-12-17
1480,7654,6740,2024-11-16,2024-12-16
1481,859,12162,2025-08-06,2025-09-05
1482,1767,13572,2024-06-16,2024-07-16
1483,6504,9376,2025-09-23,2025-10-23
1484,4536,1603,2024-06-15,2024-07-15
1485,6983,260,2024-01-20,2024-02-19
1486,1588,8922,2025-04-20,2025-05-20
1487,3187,20000,2023-12-30,2024-01-29
1488,6876,9338,2025-02-14,2025-03-16
1489,3645,875,2025-02-02,2025-03-04
1490,3940,894,2024-09-22,2024-10-22
1491,2552,18360,2025-04-14,2025-05-14
1492,7211,1556,2025-05-04,2025-06-03
1493,3418,5270,2025-08-08,2025-09-07
1494,2195,11003,2024-07-20,2024-08-19
1495,6832,8084,2024-04-30,2024-05-30
1496,4712,9863,2024-10-24,2024-11-23
1497,8050,11402,2025-12-06,2026-01-05
1498,692,16130,2025-06-29,2025-07-29
1499,3300,19484,2023-12-13,2024-01-12
1500,3223,15938,2025-06-23,2025-07-23
1501,6137,8168,2025-09-23,2025-10-23
1502,9783,3794,2024-05-16,2024-06-15
1503,6799,2943,2024-07-25,2024-08-24
1504,5029,7904,2024-06-01,2024-07-01
1505,3089,1417,2025-11-20,2025-12-20
1506,4506,19611,2025-01-17,2025-02-16
1507,79,1339,2024-11-22,2024-12-22
1508,7213,9165,2025-08-09,2025-09-08
1509,3764,1340,2025-10-24,2025-11-23
1510,9885,3412,2024-12-19,2025-01-18
1511,3695,14819,2024-03-11,2024-04-10
1512,9865,16696,2024-03-14,2024-04-13
1513,3127,15299,2025-06-06,2025-07-06
1514,6603,2588,2025-08-05,2025-09-04
1515,3479,678,2025-11-04,2025-12-04
1516,5222,11581,2024-09-14,2024-10-14
1517,7464,1905,2024-02-23,2024-03-24
1518,2570,11257,2024-05-23,2024-06-22
1519,2073,11130,2025-11-22,2025-12-22
1520,1413,6766,2024-01-06,2024-02-05
1521,5557,11639,2025-07-08,2025-08-07
1522,7201,3896,2025-11-17,2025-12-17
1523,7948,17925,2024-12-02,2025-01-01
1524,1779,12322,2025-08-05,2025-09-04
1525,229,7452,2024-12-20,2025-01-19
1526,719,2590,2025-05-23,2025-06-22
1527,5064,17272,2025-05-22,2025-06-21
1528,5555,11204,2024-08-26,2024-09-25
1529,5688,17793,2025-09-11,2025-10-11
1530,3,7462,2025-10-25,2025-11-24
1531,3598,7518,2024-05-15,2024-06-14
1532,2937,18330,2023-12-20,2024-01-19
1533,5972,15666,2024-01-10,2024-02-09
1534,8670,14368,2024-11-06,2024-12-06
1535,2239,7785,2024-04-06,2024-05-06
1536,2504,14141,2025-05-24,2025-06-23
1537,4840,950,2025-09-17,2025-10-17
1538,8460,10685,2024-05-09,2024-06-08
1539,2669,5841,2024-03-28,2024-04-27
1540,6862,2057,2024-10-05,2024-11-04
1541,9703,12100,2025-03-28,2025-04-27
1542,6559,4072,2024-02-21,2024-03-22
1543,5942,15010,2025-10-01,2025-10-31
1544,8063,19118,2024-07-19,2024-08-18
1545,3734,15342,2024-04-19,2024-05-19
1546,7627,8383,2024-09-05,2024-10-05
1547,510,15952,2025-12-01,2025-12-31
1548,8732,17303,2025-10-16,2025-11-15
1549,3173,4037,2024-08-13,2024-09-12
1550,264,15041,2025-08-09,2025-09-08
1551,8459,7479,2024-09-03,2024-10-03
1552,8846,10589,2025-11-30,2025-12-30
1553,7260,9236,2025-07-19,2025-08-18
1554,9908,3693,2025-10-03,2025-11-02
1555,8881,1604,2024-06-30,2024-07-30
1556,2771,4919,2024-02-03,2024-03-04
1557,5372,10608,2025-08-24,2025-09-23
1558,3888,18121,2024-09-15,2024-10-15
1559,8625,10853,2024-03-06,2024-04-05
1560,8591,18718,2025-07-16,2025-08-15
1561,2441,562,2025-03-15,2025-04-14
1562,8526,12122,2024-10-07,2024-11-06
1563,9820,12495,2023-12-20,2024-01-19
1564,6123,608,2024-06-02,2024-07-02
1565,4738,15862,2025-04-18,2025-05-18
1566,8649,5363,2024-01-16,2024-02-15
1567,3392,16117,2024-01-03,2024-02-02
1568,2493,8059,2024-06-09,2024-07-09
1569,2363,6312,2024-10-12,2024-11-11
1570,858,7658,2024-06-05,2024-07-05
1571,1917,170,2024-10-16,2024-11-15
1572,905,987,2025-07-26,2025-08-25
1573,374,4977,2024-06-25,2024-07-25
1574,5587,19090,2024-01-28,2024-02-27
1575,7384,9589,2024-03-26,2024-04-25
1576,5751,8697,2025-04-16,2025-05-16
1577,7566,12946,2024-10-18,2024-11-17
1578,3989,15256,2024-01-21,2024-02-20
1579,8213,5233,2024-07-01,2024-07-31
1580,3383,29,2024-02-23,2024-03-24
1581,926,1880,2025-07-07,2025-08-06
1582,2600,4393,2025-10-15,2025-11-14
1583,583,15689,2025-11-23,2025-12-23
1584,4273,8009,2025-10-16,2025-11-15
1585,8473,7372,2025-06-20,2025-07-20
1586,2436,5061,2025-11-24,2025-12-24
1587,2613,415,2025-04-24,2025-05-24
1588,4785,16623,2024-05-18,2024-06-17
1589,3797,14904,2024-02-11,2024-03-12
1590,8993,5752,2025-03-06,2025-04-05
1591,4334,12029,2024-04-26,2024-05-26
1592,1507,8531,2024-05-09,2024-06-08
1593,5760,18883,2024-09-07,2024-10-07
1594,3062,16449,2025-06-01,2025-07-01
1595,6819,9051,2025-06-29,2025-07-29
1596,1683,8221,2024-02-10,2024-03-11
1597,1030,14348,2024-10-09,2024-11-08
1598,1784,9524,2025-11-04,2025-12-04
1599,2035,7060,2025-07-31,2025-08-30
1600,4611,4277,2024-01-14,2024-02-13
1601,3152,15536,2024-09-06,2024-10-06
1602,6327,19466,2024-04-29,2024-05-29
1603,6274,892,2025-09-12,2025-10-12
1604,439,7080,2025-05-15,2025-06-14
1605,4231,9446,2025-06-02,2025-07-02
1606,1846,11163,2024-11-25,2024-12-25
1607,7870,18728,2024-01-11,2024-02-10
1608,589,4528,2024-04-30,2024-05-30
1609,9170,19996,2023-12-18,2024-01-17
1610,7502,8360,2024-02-02,2024-03-03
1611,1933,17674,2025-06-12,2025-07-12
1612,2048,2556,2024-11-05,2024-12-05
1613,9555,17845,2025-09-27,2025-10-27
1614,2445,8271,2025-01-10,2025-02-09
1615,6546,14007,2024-06-29,2024-07-29
1616,4195,12791,2024-08-26,2024-09-25
1617,7171,6135,2025-02-12,2025-03-14
1618,8984,16653,2024-10-29,2024-11-28
1619,6564,11587,2024-01-20,2024-02-19
1620,7130,10345,2025-02-01,2025-03-03
1621,6039,13013,2025-05-10,2025-06-09
1622,3797,9590,2024-11-11,2024-12-11
1623,9293,4573,2024-07-29,2024-08-28
1624,8701,19658,2024-07-22,2024-08-21
1625,5957,10739,2024-10-22,2024-11-21
1626,8885,2845,2024-03-10,2024-04-09
1627,357,12014,2024-05-08,2024-06-07
1628,4915,17836,2024-10-03,2024-11-02
1629,4295,4411,2024-07-18,2024-08-17
1630,3260,3236,2024-06-27,2024-07-27
1631,4778,16248,2025-04-22,2025-05-22
1632,5248,16613,2025-03-25,2025-04-24
1633,791,715,2025-10-29,2025-11-28
1634,7725,14427,2024-06-06,2024-07-06
1635,3197,631,2024-01-12,2024-02-11
1636,3111,188,2025-10-08,2025-11-07
1637,431,2660,2025-10-25,2025-11-24
1638,3075,15472,2024-11-24,2024-12-24
1639,5671,2979,2025-10-03,2025-11-02
1640,8731,2419,2024-09-25,2024-10-25
1641,6995,6358,2024-04-28,2024-05-28
1642,5853,14175,2025-09-04,2025-10-04
1643,3178,415,2024-03-26,2024-04-25
1644,9038,1273,2024-11-17,2024-12-17
1645,9915,3342,2024-06-15,2024-07-15
1646,104,6431,2025-06-24,2025-07-24
1647,5421,18766,2024-03-16,2024-04-15
1648,6864,3901,2025-02-25,2025-03-27
1649,1547,9556,2025-06-29,2025-07-29
1650,7577,18916,2024-12-10,2025-01-09
1651,580,13782,2024-11-17,2024-12-17
1652,9951,549,2025-02-11,2025-03-13
1653,8371,9425,2024-04-26,2024-05-26
1654,1119,19770,2025-04-16,2025-05-16
1655,2201,15066,2025-01-21,2025-02-20
1656,6814,4824,2024-05-28,2024-06-27
1657,8262,8976,2025-02-02,2025-03-04
1658,247,2965,2025-10-28,2025-11-27
1659,1547,2433,2024-09-23,2024-10-23
1660,2828,19950,2025-07-16,2025-08-15
1661,4008,14609,2025-09-26,2025-10-26
1662,3433,10516,2025-02-08,2025-03-10
1663,1170,12995,2024-05-24,2024-06-23
1664,5669,2524,2025-12-02,2026-01-01
1665,2136,18584,2024-11-11,2024-12-11
1666,6529,13669,2024-03-10,2024-04-09
1667,5607,18882,2025-05-20,2025-06-19
1668,8892,11839,2024-08-26,2024-09-25
1669,7476,1095,2024-10-28,2024-11-27
1670,8699,14818,2024-12-14,2025-01-13
1671,1368,13686,2024-11-14,2024-12-14
1672,92,15762,2025-07-13,2025-08-12
1673,1993,14060,2024-07-18,2024-08-17
1674,346,15883,2024-08-19,2024-09-18
1675,8441,12745,2025-09-10,2025-10-10
1676,2794,9458,2024-05-20,2024-06-19
1677,4139,7320,2025-07-01,2025-07-31
1678,519,15449,2024-06-10,2024-07-10
1679,2097,12987,2025-05-31,2025-06-30
1680,4932,2688,2025-07-03,2025-08-02
1681,2772,19430,2024-12-24,2025-01-23
1682,9397,18005,2025-01-26,2025-02-25
1683,6689,2580,2024-11-18,2024-12-18
1684,6846,13594,2024-08-24,2024-09-23
1685,2327,4725,2025-12-07,2026-01-06
1686,7028,4627,2024-11-28,2024-12-28
1687,4131,10135,2024-09-21,2024-10-21
1688,974,15305,2025-06-28,2025-07-28
1689,6596,19089,2024-10-19,2024-11-18
1690,5729,15447,2024-02-22,2024-03-23
1691,683,10348,2025-09-18,2025-10-18
1692,5140,4433,2025-09-13,2025-10-13
1693,5857,2680,2024-01-08,2024-02-07
1694,9232,5687,2024-04-24,2024-05-24
1695,7771,1825,2025-07-31,2025-08-30
1696,5588,1496,2024-06-12,2024-07-12
1697,1851,4037,2024-06-26,2024-07-26
1698,3674,8684,2024-04-11,2024-05-11
1699,1028,15089,2025-09-29,2025-10-29
1700,2985,4910,2025-09-08,2025-10-08
1701,9973,8782,2024-10-21,2024-11-20
1702,2143,13793,2024-01-06,2024-02-05
1703,7652,1515,2024-03-07,2024-04-06
1704,1807,5964,2025-08-13,2025-09-12
1705,5410,17667,2025-04-24,2025-05-24
1706,8121,17815,2025-06-03,2025-07-03
1707,4129,14481,2024-02-09,2024-03-10
1708,3712,11031,2025-06-19,2025-07-19
1709,4262,9896,2025-07-11,2025-08-10
1710,5146,15931,2025-10-17,2025-11-16
1711,4302,15961,2025-02-01,2025-03-03
1712,9424,2779,2025-12-10,2026-01-09
1713,7574,17439,2025-12-07,2026-01-06
1714,3841,11114,2024-10-03,2024-11-02
1715,6979,5446,2025-08-29,2025-09-28
1716,8792,15060,2024-02-14,2024-03-15
1717,5566,10012,2024-09-07,2024-10-07
1718,1324,480,2025-07-04,2025-08-03
1719,1446,13418,2024-09-16,2024-10-16
1720,6894,3459,2024-08-20,2024-09-19
1721,3890,5457,2024-05-18,2024-06-17
1722,833,15324,2024-04-20,2024-05-20
1723,8739,2996,2024-01-14,2024-02-13
1724,6985,4956,2025-02-06,2025-03-08
1725,2125,7705,2025-04-02,2025-05-02
1726,7268,9597,2025-11-12,2025-12-12
1727,877,9699,2025-09-15,2025-10-15
1728,9624,2029,2024-11-05,2024-12-05
1729,8187,10053,2025-07-01,2025-07-31
1730,2599,16034,2024-01-08,2024-02-07
1731,6087,2510,2025-07-28,2025-08-27
1732,5021,17340,2024-05-10,2024-06-09
1733,7995,15908,2024-04-19,2024-05-19
1734,7289,1978,2024-02-08,2024-03-09
1735,400,5784,2024-04-12,2024-05-12
1736,956,8765,2025-08-16,2025-09-15
1737,637,11415,2024-11-19,2024-12-19
1738,2147,7433,2024-05-05,2024-06-04
1739,6492,1332,2025-08-12,2025-09-11
1740,2362,9002,2025-02-11,2025-03-13
1741,291,1123,2025-04-25,2025-05-25
1742,8474,7244,2025-05-27,2025-06-26
1743,4480,17964,2025-08-08,2025-09-07
1744,1071,16697,2025-04-18,2025-05-18
1745,3288,11608,2025-01-19,2025-02-18
1746,397,7139,2025-08-15,2025-09-14
1747,4195,5399,2024-09-01,2024-10-01
1748,4824,4530,2024-05-06,2024-06-05
1749,6023,14633,2025-06-07,2025-07-07
1750,7437,13169,2024-12-24,2025-01-23
1751,6159,14120,2024-10-02,2024-11-01
1752,1663,8304,2025-04-24,2025-05-24
1753,837,19129,2025-11-11,2025-12-11
1754,8966,3089,2025-08-15,2025-09-14
1755,3692,14654,2024-02-23,2024-03-24
1756,6348,9149,2024-05-25,2024-06-24
1757,8989,16220,2025-10-25,2025-11-24
1758,3576,6538,2025-11-01,2025-12-01
1759,7260,12309,2025-11-21,2025-12-21
1760,5592,12569,2025-05-03,2025-06-02
1761,7203,4062,2024-03-30,2024-04-29
1762,1315,19935,2024-01-27,2024-02-26
1763,4020,3995,2024-11-13,2024-12-13
1764,3765,7827,2024-03-11,2024-04-10
1765,6343,3055,2025-10-10,2025-11-09
1766,122,5065,2024-11-30,2024-12-30
1767,8172,10747,2025-09-24,2025-10-24
1768,7480,15579,2024-04-08,2024-05-08
1769,8799,14465,2025-02-27,2025-03-29
1770,4693,6897,2024-08-21,2024-09-20
1771,6772,3260,2024-02-06,2024-03-07
1772,2352,1756,2025-04-06,2025-05-06
1773,1155,10160,2024-12-09,2025-01-08
1774,9685,1492,2024-08-15,2024-09-14
1775,4567,8419,2025-06-22,2025-07-22
1776,615,7824,2024-06-09,2024-07-09
1777,9277,17012,2025-04-02,2025-05-02
1778,3921,14079,2024-11-16,2024-12-16
1779,2592,19257,2024-05-08,2024-06-07
1780,248,5472,2025-08-29,2025-09-28
1781,1031,5436,2025-02-21,2025-03-23
1782,8039,6195,2025-01-12,2025-02-11
1783,6881,6607,2024-11-26,2024-12-26
1784,349,8675,2025-09-05,2025-10-05
1785,5787,1145,2024-06-15,2024-07-15
1786,3700,3283,2025-02-06,2025-03-08
1787,5403,18266,2024-01-25,2024-02-24
1788,8722,19600,2025-10-10,2025-11-09
1789,4249,9518,2025-01-15,2025-02-14
1790,5428,2390,2025-05-29,2025-06-28
1791,9554,7818,2024-02-29,2024-03-30
1792,633,17796,2025-03-10,2025-04-09
1793,1863,12078,2024-02-21,2024-03-22
1794,3365,1791,2025-08-07,2025-09-06
1795,3342,17971,2024-08-18,2024-09-17
1796,5447,14431,2024-12-28,2025-01-27
1797,5558,6775,2025-05-15,2025-06-14
1798,2118,7288,2024-09-05,2024-10-05
1799,2030,6241,2025-04-19,2025-05-19
1800,7020,14136,2025-06-18,2025-07-18
1801,8263,10623,2024-11-13,2024-12-13
1802,3319,16037,2024-06-24,2024-07-24
1803,4618,15852,2025-11-05,2025-12-05
1804,3381,8468,2025-07-09,2025-08-08
1805,3497,10189,2024-03-25,2024-04-24
1806,7262,6661,2025-08-20,2025-09-19
1807,678,15367,2024-06-18,2024-07-18
1808,6946,7195,2024-08-14,2024-09-13
1809,3037,13292,2024-08-16,2024-09-15
1810,1195,1182,2024-03-16,2024-04-15
1811,3259,19457,2025-04-17,2025-05-17
1812,3234,17949,2025-03-11,2025-04-10
1813,4594,3486,2024-06-18,2024-07-18
1814,1171,15736,2024-12-31,2025-01-30
1815,9964,2519,2025-06-10,2025-07-10
1816,226,16285,2024-08-11,2024-09-10
1817,8144,7478,2025-10-03,2025-11-02
1818,2772,8631,2024-05-11,2024-06-10
1819,4883,2657,2025-01-09,2025-02-08
1820,4310,13060,2024-05-27,2024-06-26
1821,6601,7722,2025-07-23,2025-08-22
1822,4414,9192,2024-12-26,2025-01-25
1823,1002,9624,2025-06-25,2025-07-25
1824,4793,4166,2024-07-02,2024-08-01
1825,2739,16645,2024-05-15,2024-06-14
1826,4248,2154,2024-07-06,2024-08-05
1827,4449,3556,2024-04-19,2024-05-19
1828,1267,12429,2024-05-31,2024-06-30
1829,3358,9097,2025-03-08,2025-04-07
1830,6096,7371,2024-11-27,2024-12-27
1831,9211,16221,2025-03-24,2025-04-23
1832,362,10364,2024-07-24,2024-08-23
1833,7817,15159,2024-12-17,2025-01-16
1834,7589,7512,2025-11-07,2025-12-07
1835,4609,4339,2025-10-12,2025-11-11
1836,6706,6098,2024-10-12,2024-11-11
1837,6615,1194,2025-02-22,2025-03-24
1838,9604,1953,2024-03-12,2024-04-11
1839,3435,6506,2024-08-28,2024-09-27
1840,7290,11169,2024-10-07,2024-11-06
1841,4043,1276,2025-09-19,2025-10-19
1842,8724,18694,2024-04-26,2024-05-26
1843,8250,8332,2024-07-25,2024-08-24
1844,4230,596,2025-08-12,2025-09-11
1845,2825,10866,2025-08-10,2025-09-09
1846,9649,7501,2024-05-18,2024-06-17
1847,832,7117,2025-04-26,2025-05-26
1848,1404,17148,2024-11-22,2024-12-22
1849,5260,2789,2025-05-27,2025-06-26
1850,302,12086,2024-06-26,2024-07-26
1851,4700,9392,2025-04-08,2025-05-08
1852,9538,6006,2024-07-26,2024-08-25
1853,8790,4518,2024-04-13,2024-05-13
1854,8004,233,2024-11-13,2024-12-13
1855,1350,15019,2025-11-23,2025-12-23
1856,6231,2770,2024-02-11,2024-03-12
1857,4866,1294,2024-02-25,2024-03-26
1858,2956,1588,2024-09-23,2024-10-23
1859,9614,14498,2024-07-01,2024-07-31
1860,2257,15826,2024-07-20,2024-08-19
1861,12,2996,2024-03-19,2024-04-18
1862,2973,19187,2024-07-04,2024-08-03
1863,7413,9666,2025-06-30,2025-07-30
1864,6261,5172,2025-01-30,2025-03-01
1865,120,10899,2025-03-03,2025-04-02
1866,8911,12693,2024-01-28,2024-02-27
1867,6481,16095,2024-03-22,2024-04-21
1868,6548,18034,2025-10-04,2025-11-03
1869,3297,13061,2025-09-12,2025-10-12
1870,9099,329,2024-12-15,2025-01-14
1871,2730,3981,2024-07-27,2024-08-26
1872,7740,18007,2025-06-02,2025-07-02
1873,1210,4278,2025-02-06,2025-03-08
1874,1974,17682,2024-01-06,2024-02-05
1875,9147,2338,2024-10-28,2024-11-27
1876,1887,11556,2025-09-04,2025-10-04
1877,4929,14973,2024-08-10,2024-09-09
1878,7219,7699,2024-01-26,2024-02-25
1879,4607,4615,2025-06-18,2025-07-18
1880,6660,5528,2025-09-16,2025-10-16
1881,295,9922,2024-11-14,2024-12-14
1882,3757,19945,2024-07-02,2024-08-01
1883,6767,822,2025-09-07,2025-10-07
1884,2413,9217,2024-12-13,2025-01-12
1885,6175,19422,2024-05-26,2024-06-25
1886,8816,5119,2024-08-28,2024-09-27
1887,8805,7031,2025-09-06,2025-10-06
1888,3844,8862,2024-04-20,2024-05-20
1889,700,5000,2024-03-11,2024-04-10
1890,6192,333,2024-07-11,2024-08-10
1891,8838,13263,2024-06-15,2024-07-15
1892,5600,10807,2025-01-02,2025-02-01
1893,823,17654,2025-08-21,2025-09-20
1894,6505,3772,2024-08-30,2024-09-29
1895,9759,3403,2024-12-01,2024-12-31
1896,5876,2758,2024-06-19,2024-07-19
1897,9990,2634,2024-02-29,2024-03-30
1898,515,10433,2025-02-01,2025-03-03
1899,5530,6161,2024-05-08,2024-06-07
1900,1706,3820,2024-09-22,2024-10-22
1901,2139,1911,2024-02-03,2024-03-04
1902,1997,1500,2025-01-04,2025-02-03
1903,9843,13854,2024-12-19,2025-01-18
1904,6726,7421,2024-07-18,2024-08-17
1905,9567,13031,2025-10-10,2025-11-09
1906,8446,7839,2024-05-15,2024-06-14
1907,9832,9231,2024-11-21,2024-12-21
1908,4945,7445,2025-11-30,2025-12-30
1909,4694,9328,2025-08-24,2025-09-23
1910,5968,15063,2025-02-14,2025-03-16
1911,3574,3289,2025-07-17,2025-08-16
1912,1426,7296,2025-01-08,2025-02-07
1913,1191,18245,2024-07-18,2024-08-17
1914,1649,15446,2024-12-12,2025-01-11
1915,5108,8133,2024-05-12,2024-06-11
1916,643,10497,2024-11-12,2024-12-12
1917,3242,9776,2025-11-07,2025-12-07
1918,4453,13064,2024-03-21,2024-04-20
1919,981,16926,2025-07-27,2025-08-26
1920,7679,8097,2025-10-24,2025-11-23
1921,9615,8860,2025-11-07,2025-12-07
1922,5836,15763,2025-01-16,2025-02-15
1923,3496,1965,2025-09-03,2025-10-03
1924,5733,5345,2025-04-10,2025-05-10
1925,5799,10633,2025-03-03,2025-04-02
1926,6494,16886,2024-01-20,2024-02-19
1927,6070,3747,2025-09-12,2025-10-12
1928,2292,8843,2025-03-22,2025-04-21
1929,5050,9362,2025-06-03,2025-07-03
1930,37,8806,2024-04-26,2024-05-26
1931,735,18016,2025-11-14,2025-12-14
1932,1173,5472,2024-04-24,2024-05-24
1933,8765,2537,2025-03-19,2025-04-18
1934,3640,9237,2024-03-03,2024-04-02
1935,2590,6526,2025-01-01,2025-01-31
1936,1513,12455,2024-12-05,2025-01-04
1937,2519,1399,2024-02-19,2024-03-20
1938,1208,5703,2025-09-01,2025-10-01
1939,4475,6762,2024-05-03,2024-06-02
1940,7765,6078,2025-09-14,2025-10-14
1941,4952,18817,2024-03-25,2024-04-24
1942,9673,3044,2024-08-03,2024-09-02
1943,1969,791,2025-09-17,2025-10-17
1944,285,19465,2023-12-30,2024-01-29
1945,5545,7138,2024-02-23,2024-03-24
1946,4881,8802,2025-05-28,2025-06-27
1947,6715,13115,2025-08-30,2025-09-29
1948,2170,3210,2024-05-06,2024-06-05
1949,4511,16970,2024-10-30,2024-11-29
1950,1076,6752,2025-04-20,2025-05-20
1951,3326,5580,2025-03-29,2025-04-28
1952,4170,17215,2024-11-23,2024-12-23
1953,5105,12243,2025-08-11,2025-09-10
1954,5323,16136,2025-10-15,2025-11-14
1955,3748,14641,2024-06-25,2024-07-25
1956,3172,6968,2024-07-29,2024-08-28
1957,3179,10656,2024-01-28,2024-02-27
1958,4421,1976,2025-03-22,2025-04-21
1959,822,7304,2025-03-04,2025-04-03
1960,2351,18679,2024-12-04,2025-01-03
1961,1810,11234,2025-03-31,2025-04-30
1962,5707,10846,2025-01-09,2025-02-08
1963,807,3954,2024-10-31,2024-11-30
1964,2257,6844,2025-08-03,2025-09-02
1965,5990,18054,2024-11-08,2024-12-08
1966,2273,5997,2025-07-30,2025-08-29
1967,312,1428,2024-05-17,2024-06-16
1968,2701,11213,2024-07-08,2024-08-07
1969,7569,9848,2025-07-03,2025-08-02
1970,2972,5217,2025-10-05,2025-11-04
1971,6111,11183,2024-10-28,2024-11-27
1972,1863,14937,2025-04-04,2025-05-04
1973,8792,17446,2024-10-21,2024-11-20
1974,2105,2693,2024-12-16,2025-01-15
1975,4963,11554,2024-07-16,2024-08-15
1976,1626,6277,2024-03-24,2024-04-23
1977,6736,2791,2025-05-06,2025-06-05
1978,3377,14943,2024-04-08,2024-05-08
1979,6021,17703,2025-06-23,2025-07-23
1980,5645,7280,2025-02-14,2025-03-16
1981,4399,2059,2025-01-12,2025-02-11
1982,3036,17130,2023-12-19,2024-01-18
1983,7234,17128,2024-10-09,2024-11-08
1984,5943,6694,2025-05-27,2025-06-26
1985,3439,2242,2025-12-03,2026-01-02
1986,1805,10467,2024-10-12,2024-11-11
1987,9945,3830,2023-12-15,2024-01-14
1988,7393,12153,2024-01-29,2024-02-28
1989,3687,5468,2024-03-19,2024-04-18
1990,7878,15747,2025-03-29,2025-04-28
1991,6051,11868,2024-07-29,2024-08-28
1992,8065,8061,2024-03-23,2024-04-22
1993,797,5187,2025-08-01,2025-08-31
1994,3365,11472,2025-07-13,2025-08-12
1995,2739,333,2024-07-10,2024-08-09
1996,6656,3843,2024-02-16,2024-03-17
1997,1677,19292,2025-01-18,2025-02-17
1998,9866,15473,2024-11-28,2024-12-28
1999,6169,17537,2024-08-14,2024-09-13
2000,3209,5928,2025-05-07,2025-06-06
2001,8317,10987,2024-07-12,2024-08-11
2002,4016,6511,2024-07-25,2024-08-24
2003,3100,18298,2025-03-06,2025-04-05
2004,9726,601,2024-01-16,2024-02-15
2005,427,3822,2024-01-04,2024-02-03
2006,2384,8176,2025-09-30,2025-10-30
2007,3900,681,2024-12-22,2025-01-21
2008,3234,9972,2025-08-09,2025-09-08
2009,4055,11241,2024-06-07,2024-07-07
2010,2733,8613,2025-01-19,2025-02-18
2011,7416,1215,2025-07-28,2025-08-27
2012,8535,10720,2025-08-14,2025-09-13
2013,1017,19854,2024-03-12,2024-04-11
2014,6075,18451,2025-01-24,2025-02-23
2015,1450,12942,2024-04-06,2024-05-06
2016,1732,9742,2023-12-30,2024-01-29
2017,8044,10037,2025-06-03,2025-07-03
2018,2336,5938,2025-10-22,2025-11-21
2019,1822,18320,2023-12-16,2024-01-15
2020,302,2247,2024-08-07,2024-09-06
2021,5114,12925,2025-07-20,2025-08-19
2022,9671,5219,2025-03-10,2025-04-09
2023,7431,19875,2024-06-22,2024-07-22
2024,8911,11489,2025-04-19,2025-05-19
2025,5546,9762,2025-09-28,2025-10-28
2026,9614,17266,2024-06-20,2024-07-20
2027,6899,3754,2025-06-01,2025-07-01
2028,3499,10374,2025-12-11,2026-01-10
2029,4719,11924,2024-01-19,2024-02-18
2030,2954,6152,2025-09-05,2025-10-05
2031,8915,1371,2024-11-24,2024-12-24
2032,2849,15927,2025-04-10,2025-05-10
2033,3557,3779,2024-07-05,2024-08-04
2034,44,18090,2025-11-13,2025-12-13
2035,8200,6950,2025-01-23,2025-02-22
2036,3048,14611,2024-06-19,2024-07-19
2037,617,887,2024-07-22,2024-08-21
2038,1047,13368,2024-05-12,2024-06-11
2039,7996,5926,2024-08-29,2024-09-28
2040,8374,19565,2025-03-18,2025-04-17
2041,2194,8263,2025-06-28,2025-07-28
2042,5734,7463,2024-10-09,2024-11-08
2043,943,16085,2024-10-11,2024-11-10
2044,9177,16003,2025-08-02,2025-09-01
2045,616,18653,2024-11-01,2024-12-01
2046,6215,1244,2024-04-02,2024-05-02
2047,3687,9702,2025-08-22,2025-09-21
2048,5568,15233,2025-07-25,2025-08-24
2049,5563,2879,2024-01-17,2024-02-16
2050,2305,19061,2024-12-10,2025-01-09
2051,6901,18110,2024-06-08,2024-07-08
2052,6752,6835,2024-04-19,2024-05-19
2053,8696,17032,2024-12-26,2025-01-25
2054,2510,15297,2025-03-06,2025-04-05
2055,8254,1299,2024-01-19,2024-02-18
2056,4135,8787,2024-09-02,2024-10-02
2057,4907,9250,2025-10-26,2025-11-25
2058,3244,5727,2025-11-12,2025-12-12
2059,3916,1205,2023-12-28,2024-01-27
2060,7226,5461,2024-05-26,2024-06-25
2061,6992,14658,2025-02-06,2025-03-08
2062,1715,19171,2024-02-01,2024-03-02
2063,9738,14285,2024-01-31,2024-03-01
2064,8327,5516,2024-09-02,2024-10-02
2065,8384,18686,2024-08-07,2024-09-06
2066,5551,3595,2024-10-10,2024-11-09
2067,4477,8649,2024-04-08,2024-05-08
2068,6582,17090,2025-09-23,2025-10-23
2069,3781,12781,2024-08-22,2024-09-21
2070,6274,3488,2024-10-28,2024-11-27
2071,1054,2437,2024-12-12,2025-01-11
2072,7213,7617,2025-09-20,2025-10-20
2073,8149,5566,2024-06-08,2024-07-08
2074,6209,15598,2025-07-12,2025-08-11
2075,4022,6193,2025-03-19,2025-04-18
2076,4902,9253,2024-08-29,2024-09-28
2077,8109,6255,2024-01-08,2024-02-07
2078,8527,227,2024-11-29,2024-12-29
2079,4159,9355,2024-04-25,2024-05-25
2080,8000,10442,2025-10-06,2025-11-05
2081,6089,17374,2023-12-24,2024-01-23
2082,6258,7514,2025-07-19,2025-08-18
2083,7497,9314,2024-12-03,2025-01-02
2084,4722,12105,2024-09-27,2024-10-27
2085,8250,8676,2024-02-14,2024-03-15
2086,7179,568,2025-02-18,2025-03-20
2087,4658,10303,2025-02-13,2025-03-15
2088,5020,19534,2024-07-01,2024-07-31
2089,1676,10717,2024-05-18,2024-06-17
2090,5911,17764,2025-01-31,2025-03-02
2091,6885,8704,2024-07-02,2024-08-01
2092,7253,9471,2024-01-30,2024-02-29
2093,7202,12854,2024-11-08,2024-12-08
2094,1174,17041,2024-05-18,2024-06-17
2095,6543,17499,2024-08-05,2024-09-04
2096,6709,10304,2024-07-22,2024-08-21
2097,8648,18466,2024-01-04,2024-02-03
2098,1195,11607,2025-01-07,2025-02-06
2099,6391,2497,2023-12-31,2024-01-30
2100,5714,17158,2025-05-25,2025-06-24
2101,9917,7457,2024-05-20,2024-06-19
2102,968,4047,2024-04-20,2024-05-20
2103,7004,10539,2024-03-10,2024-04-09
2104,2210,2787,2025-05-25,2025-06-24
2105,3982,3269,2024-05-22,2024-06-21
2106,419,17646,2024-06-05,2024-07-05
2107,4884,15778,2025-11-14,2025-12-14
2108,514,17388,2025-11-09,2025-12-09
2109,604,15405,2024-12-19,2025-01-18
2110,1444,4270,2024-02-20,2024-03-21
2111,2525,12518,2024-07-06,2024-08-05
2112,5317,18951,2025-05-22,2025-06-21
2113,6285,97,2025-02-06,2025-03-08
2114,7669,1723,2025-05-17,2025-06-16
2115,5687,16932,2025-04-26,2025-05-26
2116,5196,13226,2025-05-03,2025-06-02
2117,8679,11304,2024-08-04,2024-09-03
2118,370,7653,2025-06-29,2025-07-29
2119,6103,2474,2025-06-26,2025-07-26
2120,6199,4751,2025-11-16,2025-12-16
2121,2482,12105,2025-02-25,2025-03-27
2122,4209,1042,2025-01-14,2025-02-13
2123,9022,409,2025-09-19,2025-10-19
2124,2224,12851,2024-11-19,2024-12-19
2125,9597,975,2025-07-22,2025-08-21
2126,8441,11429,2025-08-27,2025-09-26
2127,3385,17598,2024-03-29,2024-04-28
2128,6634,18747,2024-03-03,2024-04-02
2129,7373,2393,2025-11-17,2025-12-17
2130,8109,5016,2024-03-25,2024-04-24
2131,2046,6441,2025-09-13,2025-10-13
2132,1836,7690,2025-01-15,2025-02-14
2133,9611,5916,2025-06-10,2025-07-10
2134,4433,17853,2024-05-26,2024-06-25
2135,2997,626,2024-02-06,2024-03-07
2136,2077,6988,2024-05-16,2024-06-15
2137,7803,12311,2025-11-06,2025-12-06
2138,6468,4640,2023-12-22,2024-01-21
2139,3433,4203,2025-06-04,2025-07-04
2140,2767,7476,2024-06-17,2024-07-17
2141,6746,8885,2025-04-20,2025-05-20
2142,5786,2607,2023-12-25,2024-01-24
2143,7403,1077,2025-12-01,2025-12-31
2144,1352,6999,2024-02-17,2024-03-18
2145,1045,2895,2025-04-25,2025-05-25
2146,861,17034,2025-02-11,2025-03-13
2147,1921,7569,2025-02-23,2025-03-25
2148,6851,9013,2024-02-10,2024-03-11
2149,374,4611,2025-10-31,2025-11-30
2150,7287,5167,2025-09-05,2025-10-05
2151,7242,9437,2025-12-09,2026-01-08
2152,4698,15786,2025-09-03,2025-10-03
2153,3178,11235,2025-03-21,2025-04-20
2154,9306,11197,2025-06-08,2025-07-08
2155,1660,12520,2024-07-12,2024-08-11
2156,8360,11438,2025-01-28,2025-02-27
2157,4338,17042,2024-05-29,2024-06-28
2158,9224,15274,2025-03-28,2025-04-27
2159,4169,5297,2024-08-30,2024-09-29
2160,1557,17700,2025-07-19,2025-08-18
2161,3142,8919,2024-08-07,2024-09-06
2162,4181,8171,2025-01-11,2025-02-10
2163,8470,480,2024-06-10,2024-07-10
2164,559,5678,2024-12-30,2025-01-29
2165,6320,13917,2024-08-15,2024-09-14
2166,5721,936,2024-10-12,2024-11-11
2167,6277,15334,2024-05-08,2024-06-07
2168,487,4025,2024-12-10,2025-01-09
2169,6205,776,2024-05-22,2024-06-21
2170,4441,7103,2024-06-08,2024-07-08
2171,7542,1865,2025-10-02,2025-11-01
2172,5828,14479,2024-08-19,2024-09-18
2173,8494,9822,2024-07-19,2024-08-18
2174,3473,12191,2025-09-12,2025-10-12
2175,9752,7131,2024-08-23,2024-09-22
2176,2954,9597,2024-06-18,2024-07-18
2177,1067,164,2024-11-04,2024-12-04
2178,4371,3050,2024-11-25,2024-12-25
2179,9670,14616,2024-12-03,2025-01-02
2180,4813,11647,2024-08-30,2024-09-29
2181,613,9358,2025-09-02,2025-10-02
2182,3688,8665,2024-01-26,2024-02-25
2183,6634,17728,2024-11-27,2024-12-27
2184,1692,11084,2025-08-21,2025-09-20
2185,4207,12048,2024-09-16,2024-10-16
2186,550,5326,2023-12-22,2024-01-21
2187,4752,4659,2025-02-17,2025-03-19
2188,7889,10887,2025-09-12,2025-10-12
2189,4859,4180,2024-07-10,2024-08-09
2190,9492,12290,2025-04-25,2025-05-25
2191,5535,12003,2024-05-28,2024-06-27
2192,6961,6091,2025-01-11,2025-02-10
2193,8829,11075,2025-10-05,2025-11-04
2194,9634,13913,2025-07-19,2025-08-18
2195,5637,10675,2024-12-20,2025-01-19
2196,2503,16718,2025-03-09,2025-04-08
2197,5906,2745,2024-11-08,2024-12-08
2198,800,16596,2025-09-08,2025-10-08
2199,1647,90,2025-09-02,2025-10-02
2200,3909,11489,2025-09-17,2025-10-17
2201,6324,11199,2025-04-08,2025-05-08
2202,5586,16926,2024-07-12,2024-08-11
2203,9110,4331,2024-03-09,2024-04-08
2204,5161,12807,2025-03-31,2025-04-30
2205,2313,9589,2025-01-17,2025-02-16
2206,3505,14980,2025-01-23,2025-02-22
2207,4146,19394,2024-08-05,2024-09-04
2208,8165,7446,2024-01-08,2024-02-07
2209,7605,6979,2024-10-08,2024-11-07
2210,1415,5657,2024-06-05,2024-07-05
2211,9790,13805,2025-03-18,2025-04-17
2212,6435,18566,2025-09-03,2025-10-03
2213,7379,12695,2024-06-03,2024-07-03
2214,1652,6644,2025-04-27,2025-05-27
2215,8079,19919,2024-10-19,2024-11-18
2216,7214,1240,2024-03-09,2024-04-08
2217,7945,13994,2025-01-16,2025-02-15
2218,7577,2224,2025-06-01,2025-07-01
2219,8877,2166,2024-05-22,2024-06-21
2220,4086,12405,2024-10-13,2024-11-12
2221,9516,7962,2025-08-14,2025-09-13
2222,4144,8536,2024-12-07,2025-01-06
2223,2330,6632,2024-12-29,2025-01-28
2224,4106,7808,2024-04-24,2024-05-24
2225,6549,14725,2024-06-17,2024-07-17
2226,1567,7619,2025-10-02,2025-11-01
2227,8583,10263,2024-01-04,2024-02-03
2228,8887,14731,2024-07-08,2024-08-07
2229,6204,10126,2025-04-25,2025-05-25
2230,3865,16584,2025-06-28,2025-07-28
2231,9454,19581,2024-07-11,2024-08-10
2232,8983,11116,2025-04-18,2025-05-18
2233,2769,2502,2024-10-02,2024-11-01
2234,2104,5590,2025-09-10,2025-10-10
2235,8110,6891,2024-09-04,2024-10-04
2236,8112,5581,2024-06-22,2024-07-22
2237,1477,19350,2024-06-07,2024-07-07
2238,3139,6842,2024-05-06,2024-06-05
2239,6325,12090,2024-01-20,2024-02-19
2240,7872,17071,2025-10-24,2025-11-23
2241,7638,14208,2025-10-17,2025-11-16
2242,9449,8293,2024-10-11,2024-11-10
2243,441,4265,2025-11-27,2025-12-27
2244,8525,7826,2024-08-08,2024-09-07
2245,7044,10916,2025-10-09,2025-11-08
2246,8932,19944,2024-09-30,2024-10-30
2247,7969,2422,2024-02-23,2024-03-24
2248,990,9965,2024-10-05,2024-11-04
2249,4781,13992,2024-10-29,2024-11-28
2250,6154,18191,2025-07-30,2025-08-29
2251,8896,1641,2025-03-09,2025-04-08
2252,7596,17823,2024-08-23,2024-09-22
2253,9779,4801,2025-03-30,2025-04-29
2254,9945,3833,2025-04-30,2025-05-30
2255,46,4332,2024-07-04,2024-08-03
2256,8073,12654,2024-07-15,2024-08-14
2257,5985,12549,2024-03-28,2024-04-27
2258,5435,8857,2024-08-30,2024-09-29
2259,9011,13149,2024-06-25,2024-07-25
2260,2927,8552,2025-03-30,2025-04-29
2261,4451,5211,2025-09-19,2025-10-19
2262,2230,7997,2024-12-27,2025-01-26
2263,3180,6850,2024-09-18,2024-10-18
2264,2481,12049,2024-08-11,2024-09-10
2265,2236,14418,2024-05-04,2024-06-03
2266,8824,16774,2025-07-09,2025-08-08
2267,2711,1822,2024-07-01,2024-07-31
2268,9626,14997,2025-07-05,2025-08-04
2269,4296,17907,2024-09-24,2024-10-24
2270,4668,11687,2023-12-23,2024-01-22
2271,8024,9361,2024-11-15,2024-12-15
2272,2065,14250,2024-02-25,2024-03-26
2273,699,3132,2024-10-31,2024-11-30
2274,2963,19207,2025-05-05,2025-06-04
2275,2076,13002,2024-11-01,2024-12-01
2276,8943,12491,2024-09-25,2024-10-25
2277,4943,15490,2024-12-21,2025-01-20
2278,3321,11355,2024-06-04,2024-07-04
2279,6372,10865,2025-08-03,2025-09-02
2280,2351,3834,2024-11-03,2024-12-03
2281,3247,10581,2025-03-22,2025-04-21
2282,8930,127,2024-10-19,2024-11-18
2283,2653,1491,2025-11-22,2025-12-22
2284,8927,15914,2024-10-07,2024-11-06
2285,1074,8060,2025-02-17,2025-03-19
2286,1351,18872,2024-07-28,2024-08-27
2287,5610,18281,2025-09-20,2025-10-20
2288,3893,19908,2025-11-20,2025-12-20
2289,9342,11818,2025-11-03,2025-12-03
2290,4972,17225,2025-07-28,2025-08-27
2291,4448,4515,2025-07-07,2025-08-06
2292,7276,12344,2023-12-31,2024-01-30
2293,7925,8367,2023-12-31,2024-01-30
2294,7289,7690,2025-03-19,2025-04-18
2295,5015,1651,2024-04-17,2024-05-17
2296,5044,5204,2024-11-08,2024-12-08
2297,7992,3928,2025-09-01,2025-10-01
2298,3024,9062,2024-01-26,2024-02-25
2299,3535,6018,2024-03-03,2024-04-02
2300,7527,9850,2025-05-18,2025-06-17
2301,1001,7838,2025-03-03,2025-04-02
2302,29,14365,2024-08-18,2024-09-17
2303,9324,18566,2024-03-31,2024-04-30
2304,5369,3651,2024-05-29,2024-06-28
2305,6149,13377,2024-08-05,2024-09-04
2306,2484,12971,2025-06-30,2025-07-30
2307,2792,392,2025-07-20,2025-08-19
2308,9329,14535,2025-11-16,2025-12-16
2309,2578,17952,2025-07-31,2025-08-30
2310,3866,8511,2023-12-18,2024-01-17
2311,8412,19667,2024-12-13,2025-01-12
2312,2142,2197,2024-08-03,2024-09-02
2313,9992,4309,2025-11-29,2025-12-29
2314,2402,2989,2024-01-04,2024-02-03
2315,8346,18315,2025-05-22,2025-06-21
2316,5615,10783,2024-01-06,2024-02-05
2317,8366,1152,2025-09-06,2025-10-06
2318,4443,12458,2025-02-14,2025-03-16
2319,6318,13875,2025-01-29,2025-02-28
2320,8986,7602,2024-09-11,2024-10-11
2321,7535,5202,2024-09-14,2024-10-14
2322,5599,7741,2024-06-16,2024-07-16
2323,6945,15921,2025-07-17,2025-08-16
2324,3063,8592,2025-02-19,2025-03-21
2325,753,4342,2025-06-28,2025-07-28
2326,1162,519,2025-09-04,2025-10-04
2327,3637,19511,2025-10-15,2025-11-14
2328,3634,17877,2024-07-07,2024-08-06
2329,8713,860,2024-09-09,2024-10-09
2330,844,2355,2025-07-29,2025-08-28
2331,7436,16984,2024-02-20,2024-03-21
2332,4610,7842,2025-02-24,2025-03-26
2333,9273,7358,2025-05-25,2025-06-24
2334,5434,18030,2025-08-15,2025-09-14
2335,3562,7185,2024-05-15,2024-06-14
2336,9539,546,2025-03-12,2025-04-11
2337,7623,13521,2025-03-20,2025-04-19
2338,8210,3260,2024-09-06,2024-10-06
2339,7890,17928,2025-06-29,2025-07-29
2340,3447,14413,2025-11-02,2025-12-02
2341,5510,11175,2025-10-19,2025-11-18
2342,143,16430,2025-04-14,2025-05-14
2343,4193,10028,2024-09-12,2024-10-12
2344,2925,19810,2025-02-02,2025-03-04
2345,9001,5047,2025-09-16,2025-10-16
2346,2875,3330,2025-02-09,2025-03-11
2347,1501,19690,2024-03-20,2024-04-19
2348,4626,5733,2024-05-05,2024-06-04
2349,3239,14266,2024-07-22,2024-08-21
2350,3347,17033,2025-04-12,2025-05-12
2351,5617,6482,2024-10-29,2024-11-28
2352,4335,2286,2024-05-22,2024-06-21
2353,1486,2252,2025-09-24,2025-10-24
2354,867,10151,2025-02-25,2025-03-27
2355,9202,19705,2025-01-15,2025-02-14
2356,5212,1418,2025-06-25,2025-07-25
2357,4503,10267,2025-08-15,2025-09-14
2358,1013,8330,2025-10-18,2025-11-17
2359,3784,2187,2025-12-09,2026-01-08
2360,2378,15920,2024-07-01,2024-07-31
2361,8037,927,2025-05-04,2025-06-03
2362,5381,10012,2025-08-26,2025-09-25
2363,6072,19158,2024-11-28,2024-12-28
2364,783,7963,2023-12-17,2024-01-16
2365,7793,15197,2024-03-03,2024-04-02
2366,406,10261,2024-02-22,2024-03-23
2367,8929,10369,2025-10-28,2025-11-27
2368,4570,14462,2024-10-03,2024-11-02
2369,9372,5532,2025-10-17,2025-11-16
2370,9909,10995,2025-02-02,2025-03-04
2371,4203,19844,2025-08-08,2025-09-07
2372,54,4581,2024-10-10,2024-11-09
2373,8163,16296,2024-11-15,2024-12-15
2374,3197,6112,2024-06-28,2024-07-28
2375,2052,517,2024-09-06,2024-10-06
2376,8293,8370,2025-09-16,2025-10-16
2377,9640,4551,2025-04-30,2025-05-30
2378,6622,17434,2024-03-13,2024-04-12
2379,4199,9158,2025-05-24,2025-06-23
2380,4147,13345,2024-09-17,2024-10-17
2381,8832,4768,2025-08-30,2025-09-29
2382,6492,12448,2025-11-12,2025-12-12
2383,5110,12425,2025-11-20,2025-12-20
2384,8732,19493,2024-02-19,2024-03-20
2385,4276,18201,2024-10-19,2024-11-18
2386,5166,19438,2024-08-25,2024-09-24
2387,7273,11945,2024-12-18,2025-01-17
2388,8995,6100,2025-02-09,2025-03-11
2389,8974,13951,2025-01-28,2025-02-27
2390,885,7239,2024-07-08,2024-08-07
2391,6026,10030,2024-04-11,2024-05-11
2392,5502,17123,2024-06-14,2024-07-14
2393,3458,4734,2024-11-03,2024-12-03
2394,9334,1448,2025-06-03,2025-07-03
2395,6660,9370,2025-10-30,2025-11-29
2396,9772,9383,2025-02-11,2025-03-13
2397,7554,1710,2023-12-27,2024-01-26
2398,205,1530,2025-01-26,2025-02-25
2399,2171,2706,2025-09-12,2025-10-12
2400,2467,13248,2024-11-03,2024-12-03
2401,8399,14463,2025-05-15,2025-06-14
2402,4418,17358,2025-04-27,2025-05-27
2403,6258,14613,2023-12-18,2024-01-17
2404,4336,3548,2024-09-03,2024-10-03
2405,3352,15083,2025-02-12,2025-03-14
2406,4159,5642,2024-04-18,2024-05-18
2407,1769,12639,2024-07-31,2024-08-30
2408,1626,10196,2025-10-25,2025-11-24
2409,9366,16315,2025-05-31,2025-06-30
2410,7895,14374,2024-10-21,2024-11-20
2411,3428,1649,2024-06-16,2024-07-16
2412,8285,14342,2025-06-10,2025-07-10
2413,3941,14916,2024-02-19,2024-03-20
2414,6472,6532,2024-06-05,2024-07-05
2415,3327,14708,2024-05-26,2024-06-25
2416,4270,10588,2025-04-22,2025-05-22
2417,7890,19215,2025-06-13,2025-07-13
2418,1706,14806,2024-11-05,2024-12-05
2419,9922,2585,2025-08-09,2025-09-08
2420,8819,13653,2024-04-29,2024-05-29
2421,3278,9158,2024-01-04,2024-02-03
2422,9849,5534,2024-07-18,2024-08-17
2423,2585,7822,2024-10-04,2024-11-03
2424,2648,12920,2024-11-17,2024-12-17
2425,9370,16651,2024-12-30,2025-01-29
2426,7679,18516,2025-04-27,2025-05-27
2427,7904,10338,2024-04-12,2024-05-12
2428,4988,1717,2024-07-26,2024-08-25
2429,4980,1399,2025-11-23,2025-12-23
2430,9757,13253,2025-05-17,2025-06-16
2431,254,15653,2024-02-25,2024-03-26
2432,6886,13849,2025-11-05,2025-12-05
2433,819,4903,2024-11-19,2024-12-19
2434,2625,3886,2025-08-12,2025-09-11
2435,7069,10459,2025-04-13,2025-05-13
2436,7279,2638,2024-03-14,2024-04-13
2437,7828,1849,2023-12-31,2024-01-30
2438,9141,15621,2025-07-31,2025-08-30
2439,6265,14604,2025-12-01,2025-12-31
2440,3239,12904,2025-08-13,2025-09-12
2441,1748,15954,2025-08-10,2025-09-09
2442,2124,10886,2025-08-06,2025-09-05
2443,5927,16916,2024-08-07,2024-09-06
2444,8995,8817,2024-03-07,2024-04-06
2445,7204,8607,2024-02-15,2024-03-16
2446,6539,5575,2025-06-29,2025-07-29
2447,4572,9496,2025-08-13,2025-09-12
2448,7124,50,2025-11-24,2025-12-24
2449,1716,11643,2024-02-14,2024-03-15
2450,9171,3428,2024-08-23,2024-09-22
2451,1161,3601,2025-03-10,2025-04-09
2452,6744,10518,2025-05-23,2025-06-22
2453,9131,18020,2025-06-11,2025-07-11
2454,7192,6131,2024-10-17,2024-11-16
2455,1568,10970,2024-02-20,2024-03-21
2456,5210,8466,2024-02-17,2024-03-18
2457,6302,5699,2024-12-23,2025-01-22
2458,6912,15746,2023-12-27,2024-01-26
2459,3833,12511,2024-01-05,2024-02-04
2460,2368,13419,2025-07-25,2025-08-24
2461,7888,5924,2024-10-22,2024-11-21
2462,4173,19446,2024-11-14,2024-12-14
2463,4048,11622,2024-05-06,2024-06-05
2464,451,13634,2024-03-15,2024-04-14
2465,5783,19722,2024-07-23,2024-08-22
2466,3724,854,2025-03-14,2025-04-13
2467,7935,14643,2024-10-19,2024-11-18
2468,9450,15173,2024-11-03,2024-12-03
2469,5791,13019,2025-08-30,2025-09-29
2470,979,445,2025-02-24,2025-03-26
2471,8732,18221,2024-01-05,2024-02-04
2472,1660,1115,2025-02-05,2025-03-07
2473,1231,19476,2024-04-26,2024-05-26
2474,8341,6159,2025-09-21,2025-10-21
2475,9049,9294,2025-12-04,2026-01-03
2476,6646,10867,2025-10-15,2025-11-14
2477,5120,5117,2025-08-22,2025-09-21
2478,717,5867,2024-08-08,2024-09-07
2479,5194,10331,2025-03-02,2025-04-01
2480,5729,11988,2025-10-14,2025-11-13
2481,487,15362,2025-07-22,2025-08-21
2482,7709,2280,2025-07-31,2025-08-30
2483,3589,8416,2024-05-07,2024-06-06
2484,2684,17332,2024-09-23,2024-10-23
2485,3174,18545,2025-03-22,2025-04-21
2486,9593,18934,2024-09-11,2024-10-11
2487,288,16602,2024-04-26,2024-05-26
2488,9266,12061,2025-09-17,2025-10-17
2489,9977,17951,2024-09-15,2024-10-15
2490,7137,1189,2025-06-28,2025-07-28
2491,8923,8779,2024-03-27,2024-04-26
2492,8856,18369,2025-01-25,2025-02-24
2493,7178,9274,2025-09-13,2025-10-13
2494,6745,6496,2024-06-11,2024-07-11
2495,3933,1549,2025-11-23,2025-12-23
2496,4518,5442,2024-01-31,2024-03-01
2497,8946,15192,2024-09-28,2024-10-28
2498,2533,290,2024-06-28,2024-07-28
2499,2536,8674,2024-07-10,2024-08-09
2500,2734,10621,2025-09-18,2025-10-18
2501,7936,15870,2025-08-29,2025-09-28
2502,2662,7781,2024-04-13,2024-05-13
2503,6316,5332,2025-02-10,2025-03-12
2504,8089,3670,2024-01-30,2024-02-29
2505,438,6118,2024-08-22,2024-09-21
2506,180,5640,2025-09-18,2025-10-18
2507,6152,5750,2025-12-08,2026-01-07
2508,1250,11315,2025-06-14,2025-07-14
2509,3775,6398,2024-03-08,2024-04-07
2510,2109,18813,2025-10-09,2025-11-08
2511,1395,16446,2025-04-17,2025-05-17
2512,9013,17244,2024-08-12,2024-09-11
2513,2860,5848,2024-07-10,2024-08-09
2514,9194,18859,2024-10-30,2024-11-29
2515,5355,7223,2025-11-06,2025-12-06
2516,3756,17547,2024-04-23,2024-05-23
2517,9581,13611,2024-03-24,2024-04-23
2518,2350,13954,2025-02-12,2025-03-14
2519,3233,3903,2025-11-20,2025-12-20
2520,6022,8243,2025-04-03,2025-05-03
2521,7129,13180,2025-09-06,2025-10-06
2522,3124,11645,2023-12-27,2024-01-26
2523,1455,6967,2024-02-27,2024-03-28
2524,288,15327,2025-06-23,2025-07-23
2525,9196,7052,2024-07-02,2024-08-01
2526,696,9100,2025-04-18,2025-05-18
2527,5251,4448,2024-04-14,2024-05-14
2528,5749,14161,2024-03-05,2024-04-04
2529,1048,4278,2025-08-18,2025-09-17
2530,3995,1159,2025-08-18,2025-09-17
2531,7445,14195,2024-07-09,2024-08-08
2532,9691,7316,2025-10-01,2025-10-31
2533,6346,12291,2025-07-03,2025-08-02
2534,8577,6986,2025-02-07,2025-03-09
2535,749,15058,2025-04-26,2025-05-26
2536,4341,6178,2024-01-22,2024-02-21
2537,5155,15121,2024-05-19,2024-06-18
2538,2577,10654,2024-09-27,2024-10-27
2539,323,8827,2025-03-10,2025-04-09
2540,4881,4001,2024-06-29,2024-07-29
2541,2247,15177,2025-10-30,2025-11-29
2542,7429,3829,2024-12-22,2025-01-21
2543,5044,3256,2024-10-31,2024-11-30
2544,6359,5002,2024-05-09,2024-06-08
2545,6858,1608,2025-05-12,2025-06-11
2546,256,4670,2025-09-20,2025-10-20
2547,3791,3621,2025-03-16,2025-04-15
2548,7933,17104,2024-03-09,2024-04-08
2549,1627,16267,2025-03-20,2025-04-19
2550,1056,2585,2025-07-03,2025-08-02
2551,6965,14168,2024-01-15,2024-02-14
2552,8070,3356,2024-05-15,2024-06-14
2553,5825,15893,2025-04-04,2025-05-04
2554,9854,2356,2025-05-08,2025-06-07
2555,5578,3064,2025-08-11,2025-09-10
2556,9066,18770,2025-08-15,2025-09-14
2557,4821,15095,2024-09-26,2024-10-26
2558,8523,4101,2024-01-26,2024-02-25
2559,7116,9947,2025-08-21,2025-09-20
2560,3597,17469,2024-10-01,2024-10-31
2561,7036,6308,2025-02-14,2025-03-16
2562,986,15111,2025-05-05,2025-06-04
2563,6593,9258,2024-07-07,2024-08-06
2564,9886,10215,2025-04-12,2025-05-12
2565,2173,1793,2025-07-12,2025-08-11
2566,9130,1751,2024-09-12,2024-10-12
2567,824,19441,2025-12-01,2025-12-31
2568,9910,12218,2025-02-13,2025-03-15
2569,6319,16719,2024-04-21,2024-05-21
2570,4843,16512,2024-01-01,2024-01-31
2571,7943,2601,2025-09-19,2025-10-19
2572,827,18004,2025-02-04,2025-03-06
2573,7120,3510,2025-03-11,2025-04-10
2574,1355,7066,2024-09-04,2024-10-04
2575,3329,3961,2024-08-25,2024-09-24
2576,933,16212,2024-12-20,2025-01-19
2577,9400,16092,2025-11-02,2025-12-02
2578,4032,9278,2025-02-23,2025-03-25
2579,7564,4137,2025-04-21,2025-05-21
2580,472,17020,2025-08-01,2025-08-31
2581,1804,16829,2024-05-10,2024-06-09
2582,9216,6057,2024-05-11,2024-06-10
2583,4956,7754,2025-06-14,2025-07-14
2584,5247,5135,2025-09-03,2025-10-03
2585,6218,15898,2024-08-19,2024-09-18
2586,955,1604,2025-01-10,2025-02-09
2587,3816,10881,2024-04-27,2024-05-27
2588,9345,2689,2025-09-22,2025-10-22
2589,744,13189,2025-12-01,2025-12-31
2590,4920,17030,2024-01-31,2024-03-01
2591,3519,1172,2024-09-18,2024-10-18
2592,9133,721,2024-08-01,2024-08-31
2593,6060,3958,2025-11-23,2025-12-23
2594,4779,4988,2025-10-22,2025-11-21
2595,5691,4253,2024-03-31,2024-04-30
2596,6377,2641,2025-05-25,2025-06-24
2597,2619,3223,2024-03-09,2024-04-08
2598,7885,17197,2025-09-25,2025-10-25
2599,2121,10731,2024-09-07,2024-10-07
2600,4185,2737,2025-06-28,2025-07-28
2601,1819,13141,2024-12-06,2025-01-05
2602,1677,1825,2024-01-04,2024-02-03
2603,8476,17553,2025-07-21,2025-08-20
2604,9889,16411,2025-05-13,2025-06-12
2605,1864,19008,2025-02-09,2025-03-11
2606,1528,22,2024-10-27,2024-11-26
2607,2053,3395,2024-03-16,2024-04-15
2608,7630,14376,2024-09-27,2024-10-27
2609,8939,19527,2025-07-03,2025-08-02
2610,4769,18579,2025-06-18,2025-07-18
2611,8892,18003,2024-09-22,2024-10-22
2612,2314,13202,2025-08-02,2025-09-01
2613,6662,9427,2024-11-16,2024-12-16
2614,7389,12341,2024-02-11,2024-03-12
2615,5219,10480,2024-05-25,2024-06-24
2616,4303,1569,2024-08-25,2024-09-24
2617,8885,4632,2025-10-01,2025-10-31
2618,2410,9933,2025-09-03,2025-10-03
2619,2227,15380,2024-05-20,2024-06-19
2620,7276,17321,2024-11-22,2024-12-22
2621,9003,3594,2025-01-17,2025-02-16
2622,811,13739,2024-02-09,2024-03-10
2623,2876,8503,2025-01-09,2025-02-08
2624,2198,1072,2025-10-21,2025-11-20
2625,7564,6552,2025-10-09,2025-11-08
2626,8219,11623,2025-03-25,2025-04-24
2627,3983,3007,2024-09-13,2024-10-13
2628,3331,9901,2024-12-13,2025-01-12
2629,2186,16251,2024-04-16,2024-05-16
2630,6029,17386,2025-05-18,2025-06-17
2631,8454,15825,2024-03-14,2024-04-13
2632,3446,11537,2024-05-22,2024-06-21
2633,4260,14312,2024-09-08,2024-10-08
2634,9016,7611,2024-09-18,2024-10-18
2635,3829,13,2025-06-04,2025-07-04
2636,8009,19998,2024-08-15,2024-09-14
2637,4457,3069,2024-09-28,2024-10-28
2638,1343,8943,2025-04-21,2025-05-21
2639,4138,5470,2025-05-29,2025-06-28
2640,738,158,2025-05-14,2025-06-13
2641,240,2567,2025-11-25,2025-12-25
2642,2440,6938,2024-06-13,2024-07-13
2643,8448,4029,2025-08-20,2025-09-19
2644,9288,5871,2025-02-20,2025-03-22
2645,3926,16496,2025-09-13,2025-10-13
2646,3918,2862,2025-08-20,2025-09-19
2647,6307,3365,2024-11-23,2024-12-23
2648,5712,5744,2024-02-24,2024-03-25
2649,6497,18932,2024-03-16,2024-04-15
2650,1121,15602,2025-07-07,2025-08-06
2651,5093,18641,2024-05-06,2024-06-05
2652,8562,10526,2025-09-19,2025-10-19
2653,2507,7812,2023-12-13,2024-01-12
2654,7137,1952,2024-03-20,2024-04-19
2655,2037,12226,2025-08-18,2025-09-17
2656,4159,14323,2025-10-07,2025-11-06
2657,9488,8987,2024-06-03,2024-07-03
2658,8092,7655,2025-12-09,2026-01-08
2659,1727,19886,2025-01-27,2025-02-26
2660,4533,5174,2025-09-15,2025-10-15
2661,9503,7537,2025-10-17,2025-11-16
2662,3367,12994,2024-04-10,2024-05-10
2663,2870,9067,2024-11-21,2024-12-21
2664,6848,16706,2024-10-02,2024-11-01
2665,6557,467,2024-07-25,2024-08-24
2666,4616,6333,2025-02-22,2025-03-24
2667,6822,19053,2024-10-01,2024-10-31
2668,4735,1412,2025-06-23,2025-07-23
2669,4106,1524,2024-10-27,2024-11-26
2670,5140,883,2024-07-10,2024-08-09
2671,3828,13995,2025-09-02,2025-10-02
2672,6765,8422,2024-07-23,2024-08-22
2673,228,17251,2024-12-25,2025-01-24
2674,9855,5078,2024-08-17,2024-09-16
2675,8783,11167,2024-04-29,2024-05-29
2676,537,1368,2024-05-17,2024-06-16
2677,8978,13443,2024-03-06,2024-04-05
2678,2802,5144,2025-01-02,2025-02-01
2679,6578,17247,2024-06-22,2024-07-22
2680,6356,7495,2024-05-07,2024-06-06
2681,9602,16115,2025-05-25,2025-06-24
2682,7820,2651,2025-07-27,2025-08-26
2683,1597,16658,2025-09-19,2025-10-19
2684,9890,12238,2024-02-24,2024-03-25
2685,7110,15769,2024-04-06,2024-05-06
2686,8328,9283,2025-07-22,2025-08-21
2687,1073,3998,2025-10-04,2025-11-03
2688,8402,642,2024-06-05,2024-07-05
2689,8948,16275,2024-10-06,2024-11-05
2690,5721,1846,2025-04-27,2025-05-27
2691,2124,7016,2025-04-07,2025-05-07
2692,4537,1138,2024-09-18,2024-10-18
2693,1991,19331,2025-10-01,2025-10-31
2694,2186,15032,2024-12-18,2025-01-17
2695,7554,16489,2024-12-31,2025-01-30
2696,4703,10026,2025-12-07,2026-01-06
2697,4853,1467,2025-10-01,2025-10-31
2698,2433,15476,2024-07-12,2024-08-11
2699,7587,6969,2025-09-21,2025-10-21
2700,3616,9891,2024-04-05,2024-05-05
2701,4616,17913,2024-10-29,2024-11-28
2702,8400,9059,2024-10-06,2024-11-05
2703,884,12914,2024-09-06,2024-10-06
2704,2648,1434,2024-02-26,2024-03-27
2705,7664,13903,2024-07-18,2024-08-17
2706,9015,11579,2024-05-02,2024-06-01
2707,6730,15517,2025-09-26,2025-10-26
2708,7312,11309,2024-03-29,2024-04-28
2709,1641,19611,2025-06-20,2025-07-20
2710,436,3313,2024-09-13,2024-10-13
2711,5952,6383,2024-09-21,2024-10-21
2712,768,9958,2025-05-07,2025-06-06
2713,4507,16187,2025-10-12,2025-11-11
2714,709,7591,2024-01-21,2024-02-20
2715,6994,15236,2024-03-14,2024-04-13
2716,7645,12619,2025-02-05,2025-03-07
2717,2478,3211,2024-03-06,2024-04-05
2718,5297,6147,2024-07-08,2024-08-07
2719,6061,6990,2024-07-25,2024-08-24
2720,2051,836,2024-04-09,2024-05-09
2721,6895,1420,2025-06-14,2025-07-14
2722,6862,8503,2024-10-18,2024-11-17
2723,6283,7143,2024-02-23,2024-03-24
2724,3954,13611,2024-04-27,2024-05-27
2725,9760,19735,2024-08-29,2024-09-28
2726,542,13618,2024-04-19,2024-05-19
2727,8705,18121,2025-08-19,2025-09-18
2728,3743,6507,2025-07-25,2025-08-24
2729,7770,11470,2024-04-20,2024-05-20
2730,7932,19347,2025-06-26,2025-07-26
2731,7258,15082,2025-10-15,2025-11-14
2732,6237,2762,2024-09-15,2024-10-15
2733,2822,8901,2025-01-31,2025-03-02
2734,2255,10762,2024-09-20,2024-10-20
2735,3740,2740,2025-11-07,2025-12-07
2736,3208,11885,2024-06-30,2024-07-30
2737,1313,13524,2025-08-13,2025-09-12
2738,5055,11479,2025-10-11,2025-11-10
2739,4188,3629,2025-04-12,2025-05-12
2740,771,122,2024-06-09,2024-07-09
2741,6492,7130,2025-05-23,2025-06-22
2742,616,5277,2024-05-02,2024-06-01
2743,3535,525,2025-03-30,2025-04-29
2744,3402,11924,2024-03-29,2024-04-28
2745,7232,5271,2024-08-14,2024-09-13
2746,1778,16241,2025-11-04,2025-12-04
2747,8770,19855,2024-12-21,2025-01-20
2748,7979,9688,2024-09-27,2024-10-27
2749,7896,17662,2024-03-27,2024-04-26
2750,8064,9382,2024-08-09,2024-09-08
2751,2245,12371,2025-07-21,2025-08-20
2752,9171,1398,2024-09-18,2024-10-18
2753,9046,13145,2024-09-04,2024-10-04
2754,5919,17465,2024-08-20,2024-09-19
2755,5556,9430,2025-08-30,2025-09-29
2756,4850,19940,2025-06-07,2025-07-07
2757,5793,14310,2025-04-27,2025-05-27
2758,1466,32,2025-07-15,2025-08-14
2759,2455,18015,2025-09-02,2025-10-02
2760,7620,8952,2025-01-12,2025-02-11
2761,1639,917,2024-09-17,2024-10-17
2762,8243,4155,2024-03-03,2024-04-02
2763,6208,1097,2025-08-05,2025-09-04
2764,1857,11382,2025-01-28,2025-02-27
2765,5181,8793,2024-05-04,2024-06-03
2766,4364,14225,2025-10-09,2025-11-08
2767,2162,5328,2025-11-09,2025-12-09
2768,288,15639,2025-03-07,2025-04-06
2769,7994,6036,2024-08-14,2024-09-13
2770,9494,14632,2024-05-17,2024-06-16
2771,6759,3489,2024-12-03,2025-01-02
2772,9150,13067,2025-03-06,2025-04-05
2773,3764,6278,2025-02-03,2025-03-05
2774,5020,8986,2025-05-07,2025-06-06
2775,1619,16478,2025-05-04,2025-06-03
2776,5509,13314,2024-09-07,2024-10-07
2777,7810,18139,2024-01-18,2024-02-17
2778,7444,12784,2025-02-21,2025-03-23
2779,5501,4405,2024-03-22,2024-04-21
2780,9709,19157,2024-01-17,2024-02-16
2781,8970,11939,2025-05-29,2025-06-28
2782,2767,11200,2024-06-25,2024-07-25
2783,2240,14296,2023-12-22,2024-01-21
2784,1196,16079,2025-04-04,2025-05-04
2785,7154,8460,2024-01-07,2024-02-06
2786,7024,12945,2025-11-19,2025-12-19
2787,4676,11630,2025-04-19,2025-05-19
2788,1460,589,2024-04-25,2024-05-25
2789,6479,17150,2024-12-16,2025-01-15
2790,4671,2350,2024-03-26,2024-04-25
2791,2326,15119,2024-04-27,2024-05-27
2792,8810,3619,2024-06-12,2024-07-12
2793,5536,16276,2025-03-07,2025-04-06
2794,8618,14981,2024-01-30,2024-02-29
2795,1419,9373,2025-08-01,2025-08-31
2796,6272,14629,2024-05-28,2024-06-27
2797,3439,10720,2024-03-21,2024-04-20
2798,8753,14921,2024-07-10,2024-08-09
2799,3882,9201,2024-09-15,2024-10-15
2800,2065,3944,2025-11-12,2025-12-12
2801,2064,18281,2025-04-07,2025-05-07
2802,1161,711,2024-01-25,2024-02-24
2803,5841,1340,2025-05-24,2025-06-23
2804,2149,2274,2024-07-17,2024-08-16
2805,9717,3962,2024-01-26,2024-02-25
2806,2524,2400,2024-10-07,2024-11-06
2807,8783,574,2025-04-22,2025-05-22
2808,6844,15782,2024-03-21,2024-04-20
2809,1313,10446,2025-06-06,2025-07-06
2810,5049,17631,2024-04-23,2024-05-23
2811,6129,5805,2024-11-03,2024-12-03
2812,5022,1661,2025-01-06,2025-02-05
2813,9393,19154,2025-01-30,2025-03-01
2814,1468,405,2024-07-10,2024-08-09
2815,8894,15861,2024-03-04,2024-04-03
2816,2567,15450,2025-02-26,2025-03-28
2817,5989,4610,2024-07-16,2024-08-15
2818,7939,16772,2024-05-14,2024-06-13
2819,6346,14683,2024-08-04,2024-09-03
2820,231,12099,2025-04-21,2025-05-21
2821,5374,17893,2025-06-12,2025-07-12
2822,164,17432,2024-01-16,2024-02-15
2823,1814,13107,2025-08-28,2025-09-27
2824,4475,2765,2023-12-17,2024-01-16
2825,8045,1870,2024-09-12,2024-10-12
2826,9275,7718,2025-02-09,2025-03-11
2827,4222,17276,2024-07-31,2024-08-30
2828,8820,1010,2025-10-16,2025-11-15
2829,6886,19220,2024-03-08,2024-04-07
2830,6140,6976,2024-08-24,2024-09-23
2831,4741,5185,2025-11-26,2025-12-26
2832,2183,7303,2025-08-23,2025-09-22
2833,4033,3271,2024-05-11,2024-06-10
2834,7752,3265,2024-12-13,2025-01-12
2835,7529,2482,2024-09-23,2024-10-23
2836,870,3919,2025-10-20,2025-11-19
2837,140,16409,2025-05-19,2025-06-18
2838,4650,16126,2025-09-23,2025-10-23
2839,3230,1412,2025-02-22,2025-03-24
2840,1457,10145,2024-06-02,2024-07-02
2841,7803,981,2024-11-14,2024-12-14
2842,9182,7102,2024-01-10,2024-02-09
2843,9517,5661,2024-05-19,2024-06-18
2844,6337,12186,2025-06-23,2025-07-23
2845,8378,14178,2025-04-14,2025-05-14
2846,9870,14743,2024-02-27,2024-03-28
2847,6312,18220,2025-06-26,2025-07-26
2848,1920,4343,2025-03-13,2025-04-12
2849,766,1338,2025-06-14,2025-07-14
2850,8264,12393,2025-07-09,2025-08-08
2851,2877,1162,2024-03-11,2024-04-10
2852,2495,13800,2024-06-19,2024-07-19
2853,5606,10878,2025-01-15,2025-02-14
2854,3710,12900,2025-01-17,2025-02-16
2855,1168,12241,2024-02-13,2024-03-14
2856,1542,2158,2025-06-25,2025-07-25
2857,6491,2029,2024-08-11,2024-09-10
2858,1553,1273,2024-01-25,2024-02-24
2859,694,10272,2024-02-01,2024-03-02
2860,9453,19076,2024-11-05,2024-12-05
2861,7964,4201,2024-01-08,2024-02-07
2862,5901,4553,2024-11-13,2024-12-13
2863,1763,5856,2024-05-28,2024-06-27
2864,6730,3865,2025-06-26,2025-07-26
2865,1755,15006,2024-10-18,2024-11-17
2866,2753,7881,2025-03-20,2025-04-19
2867,2249,334,2024-06-10,2024-07-10
2868,5652,7611,2024-07-29,2024-08-28
2869,4597,4729,2024-05-03,2024-06-02
2870,580,11222,2024-04-24,2024-05-24
2871,5754,3386,2024-07-25,2024-08-24
2872,1097,17061,2024-12-05,2025-01-04
2873,8880,8241,2025-12-01,2025-12-31
2874,8992,17426,2023-12-20,2024-01-19
2875,3165,4475,2024-01-06,2024-02-05
2876,7306,11155,2025-11-17,2025-12-17
2877,9755,11128,2024-07-15,2024-08-14
2878,5012,15461,2024-10-22,2024-11-21
2879,5222,8709,2025-02-04,2025-03-06
2880,5925,14510,2024-06-07,2024-07-07
2881,4746,18704,2024-10-14,2024-11-13
2882,1094,8308,2024-09-09,2024-10-09
2883,3293,11277,2024-04-14,2024-05-14
2884,8501,12184,2025-08-31,2025-09-30
2885,3675,3973,2024-03-04,2024-04-03
2886,2313,4313,2024-09-17,2024-10-17
2887,7700,19769,2025-03-31,2025-04-30
2888,8176,3589,2024-07-31,2024-08-30
2889,2457,1892,2025-11-20,2025-12-20
2890,656,18948,2024-09-03,2024-10-03
2891,4125,19682,2025-05-20,2025-06-19
2892,1834,4310,2024-08-21,2024-09-20
2893,7000,1994,2024-03-09,2024-04-08
2894,40,19606,2025-06-29,2025-07-29
2895,5205,2288,2025-10-30,2025-11-29
2896,7149,8836,2024-05-17,2024-06-16
2897,3112,13254,2024-09-07,2024-10-07
2898,8816,4782,2024-06-28,2024-07-28
2899,553,16834,2025-02-17,2025-03-19
2900,1391,11204,2025-02-11,2025-03-13
2901,1353,9951,2024-06-23,2024-07-23
2902,6895,9143,2025-04-04,2025-05-04
2903,4300,5788,2025-07-05,2025-08-04
2904,5544,12800,2025-06-15,2025-07-15
2905,963,2506,2024-01-14,2024-02-13
2906,1906,15763,2024-02-12,2024-03-13
2907,8318,9510,2024-01-28,2024-02-27
2908,3470,11180,2024-11-04,2024-12-04
2909,2743,11759,2024-07-09,2024-08-08
2910,2431,1122,2024-11-10,2024-12-10
2911,8995,6670,2024-06-03,2024-07-03
2912,3015,11762,2025-02-21,2025-03-23
2913,2010,14857,2024-06-23,2024-07-23
2914,2921,8483,2024-03-01,2024-03-31
2915,7728,6687,2024-05-14,2024-06-13
2916,1251,9832,2025-01-18,2025-02-17
2917,2588,2933,2024-03-26,2024-04-25
2918,2912,7283,2025-10-21,2025-11-20
2919,9748,18809,2024-04-12,2024-05-12
2920,3571,8430,2025-09-12,2025-10-12
2921,1544,18637,2024-04-30,2024-05-30
2922,6894,18244,2025-02-01,2025-03-03
2923,5206,4455,2024-12-30,2025-01-29
2924,4507,1050,2024-06-29,2024-07-29
2925,8822,16497,2025-10-28,2025-11-27
2926,7388,1144,2024-01-05,2024-02-04
2927,2595,17916,2025-04-14,2025-05-14
2928,6934,9422,2025-06-08,2025-07-08
2929,3674,547,2024-09-21,2024-10-21
2930,2903,11249,2025-07-24,2025-08-23
2931,4581,1255,2025-06-16,2025-07-16
2932,3009,15054,2024-09-13,2024-10-13
2933,5440,10502,2024-01-24,2024-02-23
2934,59,19788,2025-02-06,2025-03-08
2935,7500,14344,2025-08-29,2025-09-28
2936,4980,10350,2025-01-11,2025-02-10
2937,9818,13563,2025-01-24,2025-02-23
2938,5023,12490,2024-04-27,2024-05-27
2939,8295,4308,2025-12-01,2025-12-31
2940,7722,1400,2025-07-15,2025-08-14
2941,5561,12829,2023-12-31,2024-01-30
2942,670,7403,2024-07-18,2024-08-17
2943,6359,7890,2024-03-29,2024-04-28
2944,6219,2693,2025-02-08,2025-03-10
2945,7440,10672,2024-02-07,2024-03-08
2946,6214,14122,2025-04-02,2025-05-02
2947,3643,11905,2025-07-05,2025-08-04
2948,1677,17703,2024-01-25,2024-02-24
2949,7591,6348,2024-03-09,2024-04-08
2950,531,7837,2024-09-22,2024-10-22
2951,6067,4567,2024-07-20,2024-08-19
2952,3338,6911,2025-11-14,2025-12-14
2953,4499,8422,2025-08-02,2025-09-01
2954,1363,634,2024-09-24,2024-10-24
2955,5977,11484,2024-10-20,2024-11-19
2956,2910,2494,2025-08-13,2025-09-12
2957,8909,379,2024-11-14,2024-12-14
2958,621,7518,2025-03-26,2025-04-25
2959,7381,8570,2024-12-15,2025-01-14
2960,8107,6608,2024-12-01,2024-12-31
2961,2467,7048,2024-12-14,2025-01-13
2962,3802,976,2025-07-13,2025-08-12
2963,552,8658,2024-01-18,2024-02-17
2964,9768,1786,2025-01-22,2025-02-21
2965,172,16108,2024-12-12,2025-01-11
2966,2811,4678,2024-09-07,2024-10-07
2967,2527,10069,2025-07-23,2025-08-22
2968,5761,1861,2025-09-08,2025-10-08
2969,6908,2255,2025-08-22,2025-09-21
2970,1292,8522,2025-09-25,2025-10-25
2971,9686,16606,2025-10-21,2025-11-20
2972,2474,7020,2025-04-02,2025-05-02
2973,4009,8552,2024-11-14,2024-12-14
2974,1287,12885,2025-03-26,2025-04-25
2975,9294,16928,2024-02-20,2024-03-21
2976,7542,12360,2025-02-05,2025-03-07
2977,3539,1647,2025-12-04,2026-01-03
2978,4018,3294,2025-11-06,2025-12-06
2979,2446,8962,2024-11-12,2024-12-12
2980,2936,11067,2023-12-24,2024-01-23
2981,9146,1144,2024-12-02,2025-01-01
2982,9649,1723,2024-07-03,2024-08-02
2983,4991,8592,2025-01-09,2025-02-08
2984,2360,2477,2025-10-23,2025-11-22
2985,9237,5101,2024-06-12,2024-07-12
2986,70,14270,2024-08-30,2024-09-29
2987,2489,7324,2024-11-02,2024-12-02
2988,9844,8361,2024-08-23,2024-09-22
2989,2098,19343,2024-10-11,2024-11-10
2990,6378,19774,2024-10-15,2024-11-14
2991,7297,15553,2025-05-08,2025-06-07
2992,6722,18961,2025-03-30,2025-04-29
2993,3990,19746,2024-03-21,2024-04-20
2994,2846,15017,2024-06-25,2024-07-25
2995,3832,18740,2025-04-25,2025-05-25
2996,1618,148,2024-12-09,2025-01-08
2997,6648,11232,2024-07-30,2024-08-29
2998,556,3479,2024-07-31,2024-08-30
2999,3715,15458,2024-06-14,2024-07-14
3000,7935,5064,2025-01-08,2025-02-07
3001,1873,9171,2024-04-28,2024-05-28
3002,4331,9103,2024-10-10,2024-11-09
3003,3816,14001,2023-12-23,2024-01-22
3004,5121,10882,2025-01-11,2025-02-10
3005,9158,19988,2024-01-29,2024-02-28
3006,5000,18037,2024-01-20,2024-02-19
3007,7548,10596,2025-08-10,2025-09-09
3008,1395,7639,2025-04-27,2025-05-27
3009,2361,8541,2024-02-25,2024-03-26
3010,6556,818,2024-01-16,2024-02-15
3011,8120,17145,2024-09-19,2024-10-19
3012,7115,6408,2025-03-08,2025-04-07
3013,2566,9092,2025-03-05,2025-04-04
3014,2784,10820,2024-05-13,2024-06-12
3015,6169,4623,2024-09-17,2024-10-17
3016,8392,15279,2025-03-12,2025-04-11
3017,3887,16369,2025-09-14,2025-10-14
3018,197,14329,2025-03-19,2025-04-18
3019,4501,5086,2025-01-16,2025-02-15
3020,2137,11420,2024-03-15,2024-04-14
3021,313,17360,2025-08-30,2025-09-29
3022,9020,3234,2025-07-20,2025-08-19
3023,6534,12451,2024-07-23,2024-08-22
3024,8718,10815,2025-05-01,2025-05-31
3025,3055,14085,2024-12-24,2025-01-23
3026,3603,16959,2025-10-26,2025-11-25
3027,5680,4690,2025-08-19,2025-09-18
3028,3722,13457,2024-06-10,2024-07-10
3029,9451,10281,2025-06-06,2025-07-06
3030,4160,16923,2025-11-06,2025-12-06
3031,6037,13712,2025-08-22,2025-09-21
3032,3550,4709,2025-08-17,2025-09-16
3033,1504,11717,2024-05-23,2024-06-22
3034,5568,5256,2024-03-26,2024-04-25
3035,4939,10369,2025-11-30,2025-12-30
3036,8012,16310,2024-12-03,2025-01-02
3037,1721,9522,2024-06-19,2024-07-19
3038,3163,3003,2024-10-03,2024-11-02
3039,9471,16502,2024-06-29,2024-07-29
3040,795,812,2025-02-02,2025-03-04
3041,606,13305,2025-02-15,2025-03-17
3042,9509,1507,2025-02-08,2025-03-10
3043,3999,8114,2024-03-30,2024-04-29
3044,4726,4056,2025-11-30,2025-12-30
3045,9577,1411,2024-02-25,2024-03-26
3046,7893,17147,2025-01-30,2025-03-01
3047,1602,7662,2024-03-24,2024-04-23
3048,7955,17021,2025-03-08,2025-04-07
3049,3123,12671,2024-03-19,2024-04-18
3050,1169,15582,2025-05-24,2025-06-23
3051,8185,1808,2024-09-14,2024-10-14
3052,9413,18190,2024-01-08,2024-02-07
3053,5690,6667,2025-03-27,2025-04-26
3054,6904,1977,2025-08-11,2025-09-10
3055,4142,14321,2024-12-31,2025-01-30
3056,4032,15439,2024-08-09,2024-09-08
3057,3494,9978,2025-10-21,2025-11-20
3058,1141,11788,2024-03-23,2024-04-22
3059,1953,6592,2025-02-02,2025-03-04
3060,6122,17979,2024-05-17,2024-06-16
3061,3080,7249,2024-12-05,2025-01-04
3062,5632,77,2023-12-13,2024-01-12
3063,6068,4913,2023-12-23,2024-01-22
3064,9918,8122,2024-08-06,2024-09-05
3065,367,6730,2025-01-06,2025-02-05
3066,3157,17131,2025-01-24,2025-02-23
3067,121,2684,2024-02-26,2024-03-27
3068,2887,760,2024-01-24,2024-02-23
3069,282,117,2025-03-25,2025-04-24
3070,9843,7924,2025-02-16,2025-03-18
3071,8951,6343,2025-10-28,2025-11-27
3072,1541,10307,2024-11-12,2024-12-12
3073,2915,3458,2024-01-26,2024-02-25
3074,3354,17528,2025-08-10,2025-09-09
3075,5907,16155,2025-11-29,2025-12-29
3076,1576,11960,2024-10-10,2024-11-09
3077,1864,11402,2025-02-24,2025-03-26
3078,3443,1657,2024-05-21,2024-06-20
3079,9318,4228,2024-05-13,2024-06-12
3080,3743,19202,2025-05-31,2025-06-30
3081,9151,1172,2024-01-19,2024-02-18
3082,1292,14094,2025-04-17,2025-05-17
3083,26,147,2024-09-03,2024-10-03
3084,5820,4850,2025-07-13,2025-08-12
3085,8207,12889,2025-02-21,2025-03-23
3086,7836,13478,2024-02-17,2024-03-18
3087,2573,2517,2024-10-09,2024-11-08
3088,920,16867,2025-10-31,2025-11-30
3089,1059,6306,2025-09-27,2025-10-27
3090,6367,9269,2024-12-29,2025-01-28
3091,7330,6573,2025-04-02,2025-05-02
3092,7702,8833,2025-11-07,2025-12-07
3093,3631,16247,2025-01-29,2025-02-28
3094,3288,7203,2025-07-09,2025-08-08
3095,4631,9410,2025-05-02,2025-06-01
3096,9449,3620,2024-07-28,2024-08-27
3097,3377,4599,2025-11-10,2025-12-10
3098,5852,19190,2024-02-02,2024-03-03
3099,5595,15364,2025-01-01,2025-01-31
3100,1277,14949,2025-03-16,2025-04-15
3101,8843,6435,2025-11-14,2025-12-14
3102,7443,10435,2025-09-30,2025-10-30
3103,3146,17381,2025-06-14,2025-07-14
3104,5564,15554,2024-05-17,2024-06-16
3105,4033,10767,2024-10-23,2024-11-22
3106,3815,7167,2025-10-09,2025-11-08
3107,6439,15378,2025-02-17,2025-03-19
3108,7962,16235,2025-05-21,2025-06-20
3109,7574,14838,2025-01-13,2025-02-12
3110,9259,15965,2024-12-12,2025-01-11
3111,7708,10687,2024-03-31,2024-04-30
3112,8555,2487,2024-09-08,2024-10-08
3113,1152,2159,2023-12-19,2024-01-18
3114,6369,1285,2024-07-31,2024-08-30
3115,6445,3180,2024-01-24,2024-02-23
3116,8705,8425,2024-08-09,2024-09-08
3117,7004,11179,2025-09-09,2025-10-09
3118,293,19322,2024-02-06,2024-03-07
3119,7688,16478,2024-05-16,2024-06-15
3120,8357,6072,2025-06-08,2025-07-08
3121,2354,17872,2024-03-17,2024-04-16
3122,3400,3377,2025-03-30,2025-04-29
3123,2055,6548,2024-09-01,2024-10-01
3124,2321,19748,2024-06-04,2024-07-04
3125,1993,8622,2025-08-10,2025-09-09
3126,2614,13517,2024-07-26,2024-08-25
3127,6646,3604,2025-02-21,2025-03-23
3128,1389,7772,2025-05-04,2025-06-03
3129,4350,6541,2023-12-28,2024-01-27
3130,7080,111,2025-04-07,2025-05-07
3131,1575,8426,2024-08-11,2024-09-10
3132,5848,15803,2025-05-22,2025-06-21
3133,8862,6376,2025-04-25,2025-05-25
3134,9995,5251,2025-06-08,2025-07-08
3135,1950,8488,2025-09-09,2025-10-09
3136,7833,13454,2024-09-18,2024-10-18
3137,5171,1501,2025-08-17,2025-09-16
3138,5473,6557,2024-02-10,2024-03-11
3139,9683,13939,2024-09-13,2024-10-13
3140,4403,5822,2025-01-24,2025-02-23
3141,6016,14105,2024-09-14,2024-10-14
3142,6000,19457,2024-12-10,2025-01-09
3143,6981,12315,2025-08-22,2025-09-21
3144,6303,8026,2025-02-06,2025-03-08
3145,1877,9288,2025-11-30,2025-12-30
3146,7381,8563,2024-04-22,2024-05-22
3147,3074,9760,2025-12-01,2025-12-31
3148,423,15123,2025-06-29,2025-07-29
3149,9502,1800,2025-07-02,2025-08-01
3150,2480,11219,2024-05-09,2024-06-08
3151,9947,19894,2024-12-11,2025-01-10
3152,3505,3116,2024-06-20,2024-07-20
3153,8224,17787,2025-11-11,2025-12-11
3154,6927,13282,2024-05-26,2024-06-25
3155,449,3270,2024-04-16,2024-05-16
3156,5445,8713,2024-08-05,2024-09-04
3157,1347,3920,2024-06-25,2024-07-25
3158,8532,17257,2024-10-29,2024-11-28
3159,5567,15935,2024-11-01,2024-12-01
3160,4302,14480,2025-05-24,2025-06-23
3161,1828,14754,2025-11-19,2025-12-19
3162,5893,13751,2025-05-22,2025-06-21
3163,8826,2652,2025-06-10,2025-07-10
3164,2066,8266,2025-02-27,2025-03-29
3165,1355,3763,2025-04-03,2025-05-03
3166,7865,17415,2024-01-05,2024-02-04
3167,5984,16570,2024-04-17,2024-05-17
3168,4700,12675,2025-08-26,2025-09-25
3169,2308,13941,2024-02-19,2024-03-20
3170,742,8631,2024-12-07,2025-01-06
3171,9605,15218,2025-06-05,2025-07-05
3172,5266,4490,2025-03-28,2025-04-27
3173,238,7425,2024-06-23,2024-07-23
3174,1057,3428,2024-07-11,2024-08-10
3175,3029,17443,2025-10-30,2025-11-29
3176,7821,14181,2025-05-27,2025-06-26
3177,455,3681,2024-12-19,2025-01-18
3178,1521,14782,2024-03-07,2024-04-06
3179,839,596,2025-10-25,2025-11-24
3180,5445,14109,2024-09-01,2024-10-01
3181,9134,17977,2025-04-02,2025-05-02
3182,9575,7527,2025-03-19,2025-04-18
3183,5010,2049,2024-03-15,2024-04-14
3184,9750,5372,2025-12-10,2026-01-09
3185,416,5586,2025-08-10,2025-09-09
3186,5758,7330,2023-12-21,2024-01-20
3187,6887,14941,2025-03-29,2025-04-28
3188,8513,19193,2025-06-24,2025-07-24
3189,4752,15009,2025-10-20,2025-11-19
3190,8888,4942,2025-06-28,2025-07-28
3191,7817,16633,2024-04-27,2024-05-27
3192,6829,5269,2025-06-04,2025-07-04
3193,4174,14132,2024-07-18,2024-08-17
3194,9980,5468,2025-09-13,2025-10-13
3195,9582,17616,2024-02-29,2024-03-30
3196,3929,11388,2024-12-04,2025-01-03
3197,9896,13892,2025-09-14,2025-10-14
3198,5984,1196,2024-08-05,2024-09-04
3199,1806,4949,2024-02-13,2024-03-14
3200,5780,19774,2024-08-11,2024-09-10
3201,1432,7786,2025-06-16,2025-07-16
3202,3077,15472,2024-03-25,2024-04-24
3203,8024,80,2024-09-16,2024-10-16
3204,9879,2463,2025-06-14,2025-07-14
3205,9917,8468,2024-12-20,2025-01-19
3206,8183,10981,2024-04-24,2024-05-24
3207,8716,3546,2024-08-23,2024-09-22
3208,2519,11040,2025-11-16,2025-12-16
3209,8705,11238,2024-10-21,2024-11-20
3210,7426,938,2025-03-02,2025-04-01
3211,1177,13587,2025-03-26,2025-04-25
3212,5580,19586,2024-11-13,2024-12-13
3213,1027,8549,2024-09-24,2024-10-24
3214,3409,4194,2025-03-22,2025-04-21
3215,1427,10054,2024-10-22,2024-11-21
3216,381,12445,2025-03-06,2025-04-05
3217,3300,17620,2024-01-02,2024-02-01
3218,1460,13593,2024-09-12,2024-10-12
3219,8675,1245,2025-10-28,2025-11-27
3220,5495,10,2025-10-01,2025-10-31
3221,2089,14864,2024-10-14,2024-11-13
3222,1269,8985,2024-10-22,2024-11-21
3223,6535,5329,2025-06-05,2025-07-05
3224,3626,4895,2024-12-05,2025-01-04
3225,8262,5607,2025-02-14,2025-03-16
3226,8469,11100,2024-10-24,2024-11-23
3227,3129,17756,2024-11-21,2024-12-21
3228,7953,1825,2024-09-18,2024-10-18
3229,5923,686,2025-04-03,2025-05-03
3230,499,7142,2025-10-19,2025-11-18
3231,4664,4077,2025-10-05,2025-11-04
3232,9904,7867,2025-12-01,2025-12-31
3233,9245,16303,2025-10-14,2025-11-13
3234,6877,15343,2024-06-13,2024-07-13
3235,2296,8054,2024-04-27,2024-05-27
3236,9180,6824,2025-05-28,2025-06-27
3237,6040,12997,2024-09-19,2024-10-19
3238,1502,18457,2024-05-30,2024-06-29
3239,3369,2693,2025-05-11,2025-06-10
3240,7470,7283,2024-10-30,2024-11-29
3241,3579,4991,2024-12-30,2025-01-29
3242,3926,10405,2025-04-23,2025-05-23
3243,5974,5201,2025-02-28,2025-03-30
3244,7961,1359,2024-01-09,2024-02-08
3245,4725,15882,2024-05-20,2024-06-19
3246,6944,1981,2025-07-14,2025-08-13
3247,9386,16030,2024-04-03,2024-05-03
3248,8842,19834,2025-11-10,2025-12-10
3249,1479,17455,2024-04-06,2024-05-06
3250,9470,19183,2025-03-29,2025-04-28
3251,5607,8102,2025-11-10,2025-12-10
3252,5331,7084,2024-10-27,2024-11-26
3253,6867,19302,2023-12-18,2024-01-17
3254,629,13677,2025-02-19,2025-03-21
3255,4435,13715,2024-11-01,2024-12-01
3256,2564,7713,2024-10-20,2024-11-19
3257,5420,10547,2025-04-09,2025-05-09
3258,9821,8341,2024-06-24,2024-07-24
3259,2847,4583,2025-08-02,2025-09-01
3260,4679,3284,2024-07-08,2024-08-07
3261,5108,15986,2024-02-17,2024-03-18
3262,5203,6684,2024-04-06,2024-05-06
3263,2643,9618,2024-08-28,2024-09-27
3264,3287,8121,2025-09-11,2025-10-11
3265,6212,17198,2025-06-17,2025-07-17
3266,3264,4174,2025-03-07,2025-04-06
3267,1065,3054,2025-07-27,2025-08-26
3268,2256,17801,2024-11-08,2024-12-08
3269,9865,6805,2024-12-18,2025-01-17
3270,804,3320,2025-02-12,2025-03-14
3271,974,2589,2025-05-15,2025-06-14
3272,7460,4259,2024-10-12,2024-11-11
3273,8967,6572,2024-04-25,2024-05-25
3274,8829,13428,2025-12-01,2025-12-31
3275,3895,13447,2024-02-27,2024-03-28
3276,8077,17900,2025-03-14,2025-04-13
3277,4341,9663,2024-11-06,2024-12-06
3278,972,7636,2025-01-25,2025-02-24
3279,9556,17978,2024-01-15,2024-02-14
3280,1921,2569,2024-01-26,2024-02-25
3281,4227,17953,2024-02-12,2024-03-13
3282,8956,15452,2025-05-16,2025-06-15
3283,2041,248,2025-01-27,2025-02-26
3284,8127,2501,2023-12-25,2024-01-24
3285,9325,2553,2024-09-25,2024-10-25
3286,5354,18367,2025-06-10,2025-07-10
3287,703,19832,2024-09-01,2024-10-01
3288,6215,10167,2025-10-14,2025-11-13
3289,1834,4739,2025-07-02,2025-08-01
3290,2170,3389,2024-11-26,2024-12-26
3291,6876,9155,2025-07-01,2025-07-31
3292,3004,6658,2024-09-13,2024-10-13
3293,9307,2624,2025-06-02,2025-07-02
3294,5466,18087,2025-01-04,2025-02-03
3295,5823,14668,2024-01-03,2024-02-02
3296,5341,15184,2025-01-24,2025-02-23
3297,9741,13830,2024-06-09,2024-07-09
3298,6733,2322,2025-07-23,2025-08-22
3299,9049,5272,2025-10-21,2025-11-20
3300,7514,14972,2024-01-06,2024-02-05
3301,1978,1289,2023-12-28,2024-01-27
3302,8940,13276,2024-04-10,2024-05-10
3303,8086,4745,2025-10-06,2025-11-05
3304,4275,10920,2025-10-17,2025-11-16
3305,5892,4083,2025-01-10,2025-02-09
3306,6274,743,2025-11-17,2025-12-17
3307,5312,19781,2024-01-22,2024-02-21
3308,2289,16226,2025-06-25,2025-07-25
3309,1761,11647,2025-06-17,2025-07-17
3310,6916,8163,2025-05-17,2025-06-16
3311,9625,16464,2024-05-05,2024-06-04
3312,60,13246,2025-08-14,2025-09-13
3313,6075,18847,2024-04-24,2024-05-24
3314,313,8346,2024-01-08,2024-02-07
3315,9796,13762,2024-12-20,2025-01-19
3316,5335,10179,2024-06-16,2024-07-16
3317,3246,11185,2024-10-06,2024-11-05
3318,3669,3452,2024-05-07,2024-06-06
3319,6688,7414,2025-03-16,2025-04-15
3320,9614,19019,2024-05-13,2024-06-12
3321,3521,384,2025-04-09,2025-05-09
3322,5762,10196,2025-03-29,2025-04-28
3323,1290,18356,2025-10-10,2025-11-09
3324,5185,17198,2025-05-27,2025-06-26
3325,9531,17015,2024-12-29,2025-01-28
3326,8754,12747,2025-01-25,2025-02-24
3327,3937,130,2024-09-04,2024-10-04
3328,5185,14685,2025-09-19,2025-10-19
3329,9234,1549,2025-04-04,2025-05-04
3330,1247,43,2024-12-03,2025-01-02
3331,7449,1307,2024-11-08,2024-12-08
3332,3758,16551,2025-02-18,2025-03-20
3333,3434,8580,2024-02-11,2024-03-12
3334,6657,2040,2024-12-06,2025-01-05
3335,2954,10538,2025-02-07,2025-03-09
3336,1735,1921,2024-09-03,2024-10-03
3337,6566,12700,2024-05-10,2024-06-09
3338,4803,6412,2025-12-07,2026-01-06
3339,1319,14368,2024-01-28,2024-02-27
3340,645,15277,2024-01-29,2024-02-28
3341,2239,18079,2024-01-15,2024-02-14
3342,3844,10123,2025-10-24,2025-11-23
3343,7438,16181,2024-08-09,2024-09-08
3344,56,8751,2025-03-09,2025-04-08
3345,1563,6144,2024-06-21,2024-07-21
3346,9446,9110,2025-11-23,2025-12-23
3347,114,19422,2024-01-30,2024-02-29
3348,6027,9255,2024-03-14,2024-04-13
3349,759,15487,2025-07-25,2025-08-24
3350,4574,14778,2024-12-27,2025-01-26
3351,8401,10452,2024-07-05,2024-08-04
3352,9637,3680,2024-07-25,2024-08-24
3353,9647,2503,2024-06-24,2024-07-24
3354,512,19793,2024-06-12,2024-07-12
3355,1829,3320,2024-03-01,2024-03-31
3356,2369,10826,2024-04-12,2024-05-12
3357,7291,11302,2024-05-13,2024-06-12
3358,4717,897,2025-06-03,2025-07-03
3359,7442,13619,2024-03-16,2024-04-15
3360,5973,7769,2025-05-07,2025-06-06
3361,8527,6963,2024-11-22,2024-12-22
3362,20,18722,2025-07-12,2025-08-11
3363,1308,16210,2025-04-22,2025-05-22
3364,1363,4907,2024-07-26,2024-08-25
3365,1761,11220,2024-03-08,2024-04-07
3366,6066,6493,2025-08-03,2025-09-02
3367,233,2285,2024-03-26,2024-04-25
3368,5622,17354,2025-05-25,2025-06-24
3369,3709,4175,2024-07-18,2024-08-17
3370,8462,16537,2024-08-08,2024-09-07
3371,6141,17013,2025-10-06,2025-11-05
3372,4877,14156,2024-05-23,2024-06-22
3373,4978,13008,2025-10-23,2025-11-22
3374,2372,9291,2025-02-03,2025-03-05
3375,3199,15941,2024-10-19,2024-11-18
3376,1723,2895,2024-11-16,2024-12-16
3377,5329,9439,2024-09-25,2024-10-25
3378,2123,1122,2024-10-29,2024-11-28
3379,9666,19915,2024-09-25,2024-10-25
3380,2923,19624,2025-06-12,2025-07-12
3381,1184,8227,2025-05-26,2025-06-25
3382,7146,10557,2025-08-15,2025-09-14
3383,4104,15149,2025-04-04,2025-05-04
3384,8673,8641,2024-09-06,2024-10-06
3385,4207,15022,2024-05-03,2024-06-02
3386,330,17177,2024-10-24,2024-11-23
3387,9463,451,2025-04-16,2025-05-16
3388,5655,16613,2025-04-22,2025-05-22
3389,4807,10990,2025-10-09,2025-11-08
3390,9508,4697,2025-08-14,2025-09-13
3391,5337,17556,2025-03-27,2025-04-26
3392,2280,16826,2024-09-07,2024-10-07
3393,2630,13270,2024-02-07,2024-03-08
3394,7459,13770,2024-08-07,2024-09-06
3395,5408,12202,2024-10-23,2024-11-22
3396,5485,9074,2024-03-12,2024-04-11
3397,5323,9615,2024-04-02,2024-05-02
3398,7902,9031,2025-04-06,2025-05-06
3399,4436,10404,2024-01-29,2024-02-28
3400,3857,1844,2025-09-07,2025-10-07
3401,7899,13491,2025-08-17,2025-09-16
3402,3488,2402,2025-11-14,2025-12-14
3403,728,16301,2025-09-08,2025-10-08
3404,3348,4523,2025-09-21,2025-10-21
3405,9295,19116,2025-06-08,2025-07-08
3406,4437,6631,2024-12-28,2025-01-27
3407,907,8506,2025-07-07,2025-08-06
3408,6613,3798,2024-09-26,2024-10-26
3409,4270,10869,2024-08-27,2024-09-26
3410,3924,11907,2024-12-05,2025-01-04
3411,963,7798,2024-11-22,2024-12-22
3412,4595,18729,2024-05-02,2024-06-01
3413,83,1862,2024-08-03,2024-09-02
3414,1621,8608,2025-08-09,2025-09-08
3415,7253,16174,2024-06-08,2024-07-08
3416,4668,8507,2025-05-16,2025-06-15
3417,4652,526,2024-04-15,2024-05-15
3418,9430,15513,2025-10-18,2025-11-17
3419,9145,10861,2024-07-24,2024-08-23
3420,2729,6037,2024-05-01,2024-05-31
3421,2806,453,2024-05-23,2024-06-22
3422,4649,19343,2025-07-04,2025-08-03
3423,7430,9216,2025-08-30,2025-09-29
3424,8824,9119,2024-02-09,2024-03-10
3425,3237,9720,2025-08-01,2025-08-31
3426,1055,4063,2024-04-29,2024-05-29
3427,5715,26,2025-11-06,2025-12-06
3428,144,11509,2025-01-24,2025-02-23
3429,805,18350,2025-11-15,2025-12-15
3430,6958,11057,2025-04-17,2025-05-17
3431,308,13610,2024-01-25,2024-02-24
3432,9512,19054,2025-12-04,2026-01-03
3433,9465,8575,2025-05-04,2025-06-03
3434,4473,13285,2024-07-14,2024-08-13
3435,3911,17404,2024-11-06,2024-12-06
3436,5611,10372,2024-12-10,2025-01-09
3437,5947,19956,2025-11-30,2025-12-30
3438,704,851,2025-06-11,2025-07-11
3439,2854,11151,2024-09-15,2024-10-15
3440,3902,15476,2025-12-03,2026-01-02
3441,8814,17411,2025-11-23,2025-12-23
3442,5318,10095,2025-02-18,2025-03-20
3443,1464,6024,2024-08-07,2024-09-06
3444,6939,4478,2025-05-12,2025-06-11
3445,2820,14968,2024-06-11,2024-07-11
3446,5959,11141,2024-05-18,2024-06-17
3447,8300,9354,2024-04-06,2024-05-06
3448,6774,3295,2025-09-11,2025-10-11
3449,7256,6291,2024-11-23,2024-12-23
3450,9772,18107,2024-06-25,2024-07-25
3451,7385,1644,2025-05-18,2025-06-17
3452,6199,17611,2024-10-05,2024-11-04
3453,2237,9172,2025-02-03,2025-03-05
3454,4411,3383,2024-12-25,2025-01-24
3455,336,12367,2024-12-23,2025-01-22
3456,8449,16872,2025-05-15,2025-06-14
3457,5306,16134,2025-06-06,2025-07-06
3458,83,18427,2023-12-17,2024-01-16
3459,8605,18749,2024-05-27,2024-06-26
3460,8095,15228,2024-09-20,2024-10-20
3461,9935,4825,2025-09-01,2025-10-01
3462,2716,9305,2025-08-14,2025-09-13
3463,8173,18159,2024-11-16,2024-12-16
3464,7496,8021,2025-03-26,2025-04-25
3465,2232,17671,2025-10-06,2025-11-05
3466,8820,11531,2023-12-30,2024-01-29
3467,1239,185,2025-09-18,2025-10-18
3468,5629,13014,2024-10-01,2024-10-31
3469,701,12906,2024-11-24,2024-12-24
3470,4214,2788,2025-05-11,2025-06-10
3471,5564,11206,2024-01-10,2024-02-09
3472,9240,10007,2025-07-18,2025-08-17
3473,3198,17925,2024-06-06,2024-07-06
3474,1152,3396,2024-08-01,2024-08-31
3475,3198,17700,2025-11-27,2025-12-27
3476,5128,9573,2025-09-14,2025-10-14
3477,564,3858,2024-08-05,2024-09-04
3478,6950,19704,2024-04-09,2024-05-09
3479,3441,13246,2024-03-26,2024-04-25
3480,988,5923,2025-08-13,2025-09-12
3481,7592,7112,2024-02-02,2024-03-03
3482,7347,5397,2025-01-14,2025-02-13
3483,2586,11965,2025-05-09,2025-06-08
3484,9921,17163,2025-05-02,2025-06-01
3485,7800,6309,2025-03-08,2025-04-07
3486,6340,2157,2025-06-04,2025-07-04
3487,9724,15587,2024-11-24,2024-12-24
3488,3028,19271,2024-10-25,2024-11-24
3489,8149,5792,2025-07-03,2025-08-02
3490,215,7958,2025-04-29,2025-05-29
3491,3984,5411,2025-10-05,2025-11-04
3492,6017,19675,2025-01-27,2025-02-26
3493,8477,16307,2025-06-03,2025-07-03
3494,2755,10248,2025-02-27,2025-03-29
3495,9558,18801,2025-07-09,2025-08-08
3496,4074,12581,2025-06-11,2025-07-11
3497,9633,1442,2024-09-04,2024-10-04
3498,3249,11790,2024-09-08,2024-10-08
3499,7672,7217,2025-09-22,2025-10-22
3500,5972,11828,2024-11-15,2024-12-15
3501,5174,3773,2024-03-24,2024-04-23
3502,6632,13016,2024-11-08,2024-12-08
3503,2783,16113,2025-02-06,2025-03-08
3504,277,9361,2025-03-11,2025-04-10
3505,5394,7553,2024-11-28,2024-12-28
3506,9523,19411,2025-07-07,2025-08-06
3507,331,1102,2024-01-18,2024-02-17
3508,888,8986,2024-02-09,2024-03-10
3509,3396,19912,2025-08-25,2025-09-24
3510,900,15251,2025-06-17,2025-07-17
3511,7820,10747,2024-10-05,2024-11-04
3512,3015,14412,2024-09-10,2024-10-10
3513,7431,12556,2024-06-28,2024-07-28
3514,960,7078,2024-06-07,2024-07-07
3515,457,4485,2025-01-21,2025-02-20
3516,7270,9458,2025-09-22,2025-10-22
3517,5713,11830,2025-05-06,2025-06-05
3518,3338,11325,2025-06-07,2025-07-07
3519,2706,481,2024-03-20,2024-04-19
3520,158,13630,2025-01-27,2025-02-26
3521,2604,14861,2024-12-23,2025-01-22
3522,6709,3709,2024-05-27,2024-06-26
3523,9407,3978,2024-05-08,2024-06-07
3524,3770,18785,2025-09-19,2025-10-19
3525,3077,2247,2025-01-30,2025-03-01
3526,8269,1096,2025-06-07,2025-07-07
3527,2405,972,2025-03-29,2025-04-28
3528,3030,3981,2024-04-03,2024-05-03
3529,2936,3503,2025-06-19,2025-07-19
3530,2087,14102,2025-03-05,2025-04-04
3531,9092,10166,2024-09-19,2024-10-19
3532,6187,14466,2025-11-07,2025-12-07
3533,6970,982,2025-06-09,2025-07-09
3534,3269,4258,2024-05-26,2024-06-25
3535,1107,12613,2025-05-27,2025-06-26
3536,5537,11782,2025-10-15,2025-11-14
3537,1035,19698,2025-08-11,2025-09-10
3538,3645,16037,2024-01-03,2024-02-02
3539,9146,1919,2025-09-21,2025-10-21
3540,2409,8652,2025-04-23,2025-05-23
3541,3604,12199,2024-06-07,2024-07-07
3542,7397,18891,2025-10-29,2025-11-28
3543,7364,10551,2025-10-17,2025-11-16
3544,3876,14372,2024-08-24,2024-09-23
3545,7469,17073,2025-01-24,2025-02-23
3546,7622,19176,2024-09-27,2024-10-27
3547,9971,14942,2025-11-19,2025-12-19
3548,3459,9806,2025-07-27,2025-08-26
3549,7699,9032,2025-08-22,2025-09-21
3550,562,78,2024-02-18,2024-03-19
3551,5650,12914,2025-06-05,2025-07-05
3552,1324,13410,2025-03-04,2025-04-03
3553,9178,321,2025-09-21,2025-10-21
3554,4690,17038,2025-11-15,2025-12-15
3555,1347,12681,2025-10-26,2025-11-25
3556,9933,10722,2024-11-25,2024-12-25
3557,4959,10940,2024-08-03,2024-09-02
3558,8394,13480,2025-12-03,2026-01-02
3559,6261,12903,2024-05-18,2024-06-17
3560,6162,18625,2023-12-30,2024-01-29
3561,1260,18952,2024-09-24,2024-10-24
3562,9199,1688,2023-12-15,2024-01-14
3563,289,17566,2025-05-27,2025-06-26
3564,8279,10803,2025-05-26,2025-06-25
3565,5341,13585,2024-03-01,2024-03-31
3566,5550,6868,2024-02-25,2024-03-26
3567,3889,15139,2025-07-22,2025-08-21
3568,7978,15124,2024-08-27,2024-09-26
3569,7336,5579,2024-04-28,2024-05-28
3570,9234,11241,2025-08-01,2025-08-31
3571,6553,13437,2024-08-01,2024-08-31
3572,7779,4153,2024-11-18,2024-12-18
3573,5273,19675,2024-09-04,2024-10-04
3574,2622,4235,2025-01-10,2025-02-09
3575,6997,10602,2025-01-22,2025-02-21
3576,2646,5300,2024-08-30,2024-09-29
3577,8928,904,2024-02-27,2024-03-28
3578,3380,3275,2025-09-18,2025-10-18
3579,9476,5400,2024-01-24,2024-02-23
3580,2673,6136,2025-11-13,2025-12-13
3581,6821,4502,2024-01-24,2024-02-23
3582,488,2709,2024-09-27,2024-10-27
3583,2302,5034,2024-04-25,2024-05-25
3584,1301,17809,2025-10-13,2025-11-12
3585,6821,5360,2025-06-08,2025-07-08
3586,8410,11042,2025-09-30,2025-10-30
3587,2733,15707,2025-11-13,2025-12-13
3588,7990,3128,2024-03-10,2024-04-09
3589,1602,10391,2024-01-13,2024-02-12
3590,3200,19826,2025-03-09,2025-04-08
3591,1030,14240,2024-04-12,2024-05-12
3592,5124,1464,2025-09-16,2025-10-16
3593,8858,1417,2024-03-19,2024-04-18
3594,5009,2351,2025-03-29,2025-04-28
3595,3545,2444,2025-07-08,2025-08-07
3596,3407,5551,2024-12-11,2025-01-10
3597,6437,10949,2024-12-03,2025-01-02
3598,667,7161,2024-07-25,2024-08-24
3599,3490,12056,2025-07-20,2025-08-19
3600,4399,4143,2025-04-09,2025-05-09
3601,9113,13440,2025-11-09,2025-12-09
3602,4632,5688,2025-11-29,2025-12-29
3603,2469,5287,2024-02-26,2024-03-27
3604,8227,5797,2025-07-17,2025-08-16
3605,6497,14149,2025-10-13,2025-11-12
3606,5717,19233,2025-03-26,2025-04-25
3607,8795,6222,2024-04-30,2024-05-30
3608,696,1357,2024-06-30,2024-07-30
3609,3150,5612,2025-04-17,2025-05-17
3610,7870,11910,2025-04-18,2025-05-18
3611,5327,9613,2025-10-02,2025-11-01
3612,6892,2638,2024-02-06,2024-03-07
3613,6848,7310,2024-02-17,2024-03-18
3614,208,16314,2025-04-14,2025-05-14
3615,8923,19156,2024-01-10,2024-02-09
3616,6602,1291,2025-10-14,2025-11-13
3617,9190,8109,2025-10-24,2025-11-23
3618,9941,19617,2023-12-30,2024-01-29
3619,4147,2707,2025-10-07,2025-11-06
3620,685,1840,2024-08-01,2024-08-31
3621,9621,6655,2025-06-03,2025-07-03
3622,1931,12663,2025-07-16,2025-08-15
3623,2568,18314,2024-10-05,2024-11-04
3624,5941,8371,2024-01-07,2024-02-06
3625,5305,6,2024-06-30,2024-07-30
3626,4935,10748,2024-11-16,2024-12-16
3627,2017,4699,2024-05-29,2024-06-28
3628,1877,11248,2023-12-27,2024-01-26
3629,5538,5086,2024-10-02,2024-11-01
3630,3552,13970,2023-12-24,2024-01-23
3631,1738,6856,2024-04-11,2024-05-11
3632,4309,17524,2025-07-07,2025-08-06
3633,7341,6966,2024-02-23,2024-03-24
3634,541,15056,2025-11-25,2025-12-25
3635,9598,12310,2024-12-13,2025-01-12
3636,967,12396,2025-07-19,2025-08-18
3637,2177,14942,2024-07-14,2024-08-13
3638,952,14411,2025-03-22,2025-04-21
3639,1557,3112,2024-01-23,2024-02-22
3640,1342,14203,2025-07-10,2025-08-09
3641,5076,4720,2025-09-20,2025-10-20
3642,9241,7755,2025-06-22,2025-07-22
3643,3456,7012,2025-06-07,2025-07-07
3644,10,7095,2024-11-30,2024-12-30
3645,5715,10444,2024-11-10,2024-12-10
3646,3219,18577,2024-03-21,2024-04-20
3647,8447,5961,2024-08-16,2024-09-15
3648,90,15706,2025-01-05,2025-02-04
3649,6497,887,2025-08-17,2025-09-16
3650,2908,17580,2025-11-13,2025-12-13
3651,966,4808,2024-01-15,2024-02-14
3652,322,502,2024-10-03,2024-11-02
3653,2504,5190,2024-08-02,2024-09-01
3654,3269,6026,2024-05-26,2024-06-25
3655,559,9388,2024-10-31,2024-11-30
3656,3550,3265,2024-09-11,2024-10-11
3657,867,10447,2024-08-26,2024-09-25
3658,5722,2014,2024-09-26,2024-10-26
3659,390,19780,2025-03-31,2025-04-30
3660,3415,13400,2025-01-21,2025-02-20
3661,3095,1625,2024-04-17,2024-05-17
3662,3344,12269,2024-11-14,2024-12-14
3663,1147,17188,2024-11-30,2024-12-30
3664,7754,15782,2025-11-06,2025-12-06
3665,6808,19921,2024-01-01,2024-01-31
3666,92,7351,2025-10-17,2025-11-16
3667,8684,17705,2024-10-09,2024-11-08
3668,2503,16487,2025-02-21,2025-03-23
3669,6783,5431,2025-10-23,2025-11-22
3670,2789,8690,2024-04-03,2024-05-03
3671,1816,10176,2025-01-13,2025-02-12
3672,5499,7416,2024-03-18,2024-04-17
3673,231,3283,2025-03-24,2025-04-23
3674,5162,6681,2024-02-01,2024-03-02
3675,3592,11406,2024-09-23,2024-10-23
3676,9472,1417,2025-11-27,2025-12-27
3677,9868,5629,2025-04-09,2025-05-09
3678,6184,1467,2025-12-06,2026-01-05
3679,9491,18863,2024-07-12,2024-08-11
3680,9407,9027,2025-04-16,2025-05-16
3681,9847,8268,2025-03-03,2025-04-02
3682,7556,13484,2024-01-11,2024-02-10
3683,808,11169,2025-02-06,2025-03-08
3684,2169,6450,2024-02-16,2024-03-17
3685,9939,13101,2024-05-27,2024-06-26
3686,1144,9145,2024-09-28,2024-10-28
3687,4681,8039,2025-09-22,2025-10-22
3688,896,14752,2025-07-03,2025-08-02
3689,1754,13114,2025-11-02,2025-12-02
3690,9754,14539,2025-11-07,2025-12-07
3691,9110,13711,2025-09-14,2025-10-14
3692,589,759,2024-08-13,2024-09-12
3693,7064,18735,2023-12-24,2024-01-23
3694,3034,4918,2025-03-17,2025-04-16
3695,6985,240,2024-06-16,2024-07-16
3696,2001,16768,2025-08-22,2025-09-21
3697,3537,2750,2025-05-24,2025-06-23
3698,1592,406,2025-08-25,2025-09-24
3699,3395,15465,2024-03-28,2024-04-27
3700,4232,154,2025-12-06,2026-01-05
3701,2854,3407,2025-10-30,2025-11-29
3702,8839,1104,2024-05-21,2024-06-20
3703,4971,12474,2024-08-05,2024-09-04
3704,3881,657,2024-10-18,2024-11-17
3705,9958,7727,2024-06-13,2024-07-13
3706,398,8024,2024-06-28,2024-07-28
3707,4593,7505,2025-02-26,2025-03-28
3708,9533,19212,2025-04-30,2025-05-30
3709,5280,9146,2024-03-30,2024-04-29
3710,3151,5627,2024-05-09,2024-06-08
3711,9754,12362,2024-02-24,2024-03-25
3712,6885,19034,2025-10-20,2025-11-19
3713,2949,7999,2025-08-08,2025-09-07
3714,2422,909,2023-12-29,2024-01-28
3715,363,5979,2025-10-13,2025-11-12
3716,4795,4356,2025-02-18,2025-03-20
3717,612,10450,2025-10-06,2025-11-05
3718,1027,16410,2024-08-19,2024-09-18
3719,7174,6126,2024-04-13,2024-05-13
3720,9228,17018,2025-04-18,2025-05-18
3721,536,7823,2025-06-23,2025-07-23
3722,1397,15883,2025-08-08,2025-09-07
3723,3632,2872,2025-05-14,2025-06-13
3724,3805,915,2024-04-17,2024-05-17
3725,8064,2089,2025-04-29,2025-05-29
3726,538,11900,2024-09-29,2024-10-29
3727,8714,13078,2024-05-22,2024-06-21
3728,5949,9696,2025-01-19,2025-02-18
3729,5196,17394,2024-05-31,2024-06-30
3730,7590,6874,2024-03-14,2024-04-13
3731,7987,6065,2025-01-07,2025-02-06
3732,5014,19168,2025-10-26,2025-11-25
3733,8621,908,2024-09-02,2024-10-02
3734,6368,2172,2024-09-13,2024-10-13
3735,9572,18575,2025-03-12,2025-04-11
3736,2509,18627,2024-01-04,2024-02-03
3737,2631,2237,2024-10-25,2024-11-24
3738,6626,3437,2024-09-23,2024-10-23
3739,7326,2427,2025-01-10,2025-02-09
3740,58,17239,2025-04-24,2025-05-24
3741,3536,4253,2025-07-28,2025-08-27
3742,480,11341,2025-05-17,2025-06-16
3743,7626,15436,2024-11-15,2024-12-15
3744,9348,7008,2024-06-28,2024-07-28
3745,1656,15032,2024-12-23,2025-01-22
3746,276,16293,2024-01-14,2024-02-13
3747,8434,2511,2025-06-12,2025-07-12
3748,9679,16263,2024-04-19,2024-05-19
3749,8749,9104,2024-12-15,2025-01-14
3750,1057,11935,2025-03-20,2025-04-19
3751,5456,9057,2024-09-07,2024-10-07
3752,7644,11387,2025-08-21,2025-09-20
3753,8733,8952,2024-11-22,2024-12-22
3754,4213,19131,2024-05-22,2024-06-21
3755,9964,2116,2024-11-15,2024-12-15
3756,2580,7959,2025-09-03,2025-10-03
3757,257,16755,2024-10-23,2024-11-22
3758,4459,14391,2024-01-26,2024-02-25
3759,989,7070,2024-02-25,2024-03-26
3760,9099,5778,2024-11-06,2024-12-06
3761,6196,19050,2025-05-29,2025-06-28
3762,7199,12307,2024-02-12,2024-03-13
3763,1456,3335,2024-06-19,2024-07-19
3764,9136,8640,2024-04-16,2024-05-16
3765,643,8476,2025-07-21,2025-08-20
3766,9032,4444,2025-08-17,2025-09-16
3767,9847,15897,2024-10-13,2024-11-12
3768,4671,1306,2025-01-07,2025-02-06
3769,6090,788,2024-06-18,2024-07-18
3770,8691,8540,2024-09-30,2024-10-30
3771,278,17161,2025-09-24,2025-10-24
3772,5918,9045,2025-05-05,2025-06-04
3773,4912,12100,2024-01-12,2024-02-11
3774,8180,9347,2024-05-22,2024-06-21
3775,2338,3625,2025-01-11,2025-02-10
3776,8798,4182,2025-03-14,2025-04-13
3777,9411,2233,2024-06-03,2024-07-03
3778,7634,4128,2024-11-04,2024-12-04
3779,2478,17988,2025-11-10,2025-12-10
3780,7003,2961,2024-12-02,2025-01-01
3781,6322,8087,2024-09-05,2024-10-05
3782,447,9999,2025-09-15,2025-10-15
3783,8309,3125,2024-01-16,2024-02-15
3784,9768,16826,2025-03-29,2025-04-28
3785,1514,10972,2025-02-20,2025-03-22
3786,1176,19524,2024-11-11,2024-12-11
3787,9048,14689,2024-01-21,2024-02-20
3788,9940,10183,2025-09-02,2025-10-02
3789,5137,398,2024-06-23,2024-07-23
3790,5651,14050,2025-11-01,2025-12-01
3791,8521,11845,2025-08-02,2025-09-01
3792,5447,4679,2025-08-02,2025-09-01
3793,5908,19713,2025-02-01,2025-03-03
3794,9833,12619,2025-05-12,2025-06-11
3795,8634,11785,2025-04-01,2025-05-01
3796,5220,3011,2024-11-02,2024-12-02
3797,7185,3333,2025-07-26,2025-08-25
3798,5448,4552,2025-08-02,2025-09-01
3799,8085,11826,2025-07-25,2025-08-24
3800,916,15026,2024-01-25,2024-02-24
3801,8233,4134,2024-05-03,2024-06-02
3802,7416,14641,2025-09-16,2025-10-16
3803,6126,6690,2024-10-21,2024-11-20
3804,4404,11539,2025-06-25,2025-07-25
3805,9950,10571,2025-01-07,2025-02-06
3806,8059,18324,2024-01-26,2024-02-25
3807,2998,19301,2024-09-03,2024-10-03
3808,4240,11189,2024-04-24,2024-05-24
3809,4014,16133,2025-02-15,2025-03-17
3810,8656,16898,2025-06-21,2025-07-21
3811,4605,10000,2025-02-05,2025-03-07
3812,3054,14211,2024-08-16,2024-09-15
3813,944,19003,2025-07-22,2025-08-21
3814,9953,17988,2024-10-26,2024-11-25
3815,766,19922,2024-08-19,2024-09-18
3816,853,8578,2024-10-31,2024-11-30
3817,1800,7403,2025-03-26,2025-04-25
3818,3598,8468,2024-06-07,2024-07-07
3819,6917,18384,2025-01-23,2025-02-22
3820,7658,17287,2025-03-08,2025-04-07
3821,222,69,2025-09-30,2025-10-30
3822,1340,10590,2025-06-04,2025-07-04
3823,3089,11413,2025-06-25,2025-07-25
3824,1808,19733,2025-01-19,2025-02-18
3825,4265,19908,2025-09-08,2025-10-08
3826,2462,19578,2024-09-01,2024-10-01
3827,5193,1731,2025-09-04,2025-10-04
3828,7380,17395,2024-10-22,2024-11-21
3829,2985,884,2024-11-20,2024-12-20
3830,4648,19376,2024-09-20,2024-10-20
3831,2978,8344,2025-03-13,2025-04-12
3832,4127,13659,2024-01-21,2024-02-20
3833,1142,4747,2024-03-09,2024-04-08
3834,9165,2127,2024-02-12,2024-03-13
3835,7716,9261,2024-11-22,2024-12-22
3836,4036,1958,2025-05-20,2025-06-19
3837,7656,18407,2025-03-05,2025-04-04
3838,3974,3211,2025-04-22,2025-05-22
3839,2745,501,2025-03-17,2025-04-16
3840,7604,6054,2024-01-24,2024-02-23
3841,8144,5434,2024-09-30,2024-10-30
3842,2824,12186,2024-01-12,2024-02-11
3843,7305,18789,2025-06-10,2025-07-10
3844,2214,8126,2025-07-07,2025-08-06
3845,9448,13700,2025-07-28,2025-08-27
3846,1790,15402,2025-02-28,2025-03-30
3847,304,15371,2024-03-27,2024-04-26
3848,2876,18527,2024-06-04,2024-07-04
3849,9949,15417,2025-03-29,2025-04-28
3850,5392,18470,2024-01-23,2024-02-22
3851,4914,12243,2024-04-12,2024-05-12
3852,8617,14059,2024-05-29,2024-06-28
3853,3210,6720,2024-05-15,2024-06-14
3854,8789,17163,2025-03-02,2025-04-01
3855,5713,19362,2024-06-07,2024-07-07
3856,7519,13062,2024-02-12,2024-03-13
3857,1875,8317,2025-07-11,2025-08-10
3858,3024,15434,2024-03-30,2024-04-29
3859,6023,9195,2024-03-30,2024-04-29
3860,122,12202,2025-07-05,2025-08-04
3861,4531,1417,2025-07-06,2025-08-05
3862,8888,11521,2025-07-28,2025-08-27
3863,173,18060,2025-10-15,2025-11-14
3864,1645,81,2024-04-13,2024-05-13
3865,3974,3464,2025-09-21,2025-10-21
3866,9469,17930,2024-09-04,2024-10-04
3867,7820,3472,2024-09-04,2024-10-04
3868,201,1311,2024-05-12,2024-06-11
3869,3489,19998,2024-03-09,2024-04-08
3870,3129,1478,2024-12-01,2024-12-31
3871,8080,13746,2025-10-31,2025-11-30
3872,1049,3191,2024-07-20,2024-08-19
3873,2252,16077,2024-02-15,2024-03-16
3874,1075,19570,2024-10-19,2024-11-18
3875,7213,5892,2025-12-07,2026-01-06
3876,156,9601,2024-11-08,2024-12-08
3877,4965,4802,2025-12-05,2026-01-04
3878,3828,11609,2024-09-20,2024-10-20
3879,2065,8728,2023-12-28,2024-01-27
3880,6849,627,2024-11-16,2024-12-16
3881,2891,517,2025-06-25,2025-07-25
3882,9326,1323,2025-03-07,2025-04-06
3883,5018,16744,2025-02-05,2025-03-07
3884,9826,15697,2025-05-06,2025-06-05
3885,2205,65,2025-02-01,2025-03-03
3886,8088,7026,2024-06-22,2024-07-22
3887,2128,15176,2024-07-17,2024-08-16
3888,8356,12549,2025-05-12,2025-06-11
3889,1104,5280,2025-02-10,2025-03-12
3890,6082,19690,2024-12-06,2025-01-05
3891,5189,11835,2024-11-29,2024-12-29
3892,9770,8817,2024-11-26,2024-12-26
3893,5774,16671,2025-04-18,2025-05-18
3894,5760,4474,2025-07-22,2025-08-21
3895,3833,16275,2025-11-20,2025-12-20
3896,9701,3146,2025-05-31,2025-06-30
3897,9156,13545,2025-04-02,2025-05-02
3898,4088,16370,2024-10-14,2024-11-13
3899,2813,6925,2025-08-18,2025-09-17
3900,7741,858,2024-08-01,2024-08-31
3901,4094,14266,2024-06-13,2024-07-13
3902,8571,8929,2025-01-30,2025-03-01
3903,7742,1841,2025-02-21,2025-03-23
3904,9915,5476,2024-11-01,2024-12-01
3905,8707,5761,2025-06-19,2025-07-19
3906,3125,988,2025-02-17,2025-03-19
3907,3488,8170,2024-08-18,2024-09-17
3908,643,19153,2024-06-12,2024-07-12
3909,3170,16374,2025-03-10,2025-04-09
3910,6058,13963,2024-10-14,2024-11-13
3911,3877,1199,2024-08-24,2024-09-23
3912,2110,14115,2024-12-16,2025-01-15
3913,342,5015,2025-06-09,2025-07-09
3914,5416,7978,2025-05-25,2025-06-24
3915,8764,17495,2024-11-30,2024-12-30
3916,4849,12924,2024-02-13,2024-03-14
3917,3334,7037,2024-03-16,2024-04-15
3918,4852,18817,2024-12-31,2025-01-30
3919,4258,19617,2024-06-19,2024-07-19
3920,857,12012,2025-08-04,2025-09-03
3921,1892,18336,2025-01-04,2025-02-03
3922,1923,5462,2025-04-18,2025-05-18
3923,173,10821,2025-08-30,2025-09-29
3924,4936,19572,2025-09-18,2025-10-18
3925,761,6370,2024-11-11,2024-12-11
3926,8933,9041,2025-10-14,2025-11-13
3927,5280,16946,2025-01-11,2025-02-10
3928,6331,9038,2025-05-28,2025-06-27
3929,7415,3321,2024-03-13,2024-04-12
3930,7786,15904,2025-03-29,2025-04-28
3931,178,12343,2024-02-27,2024-03-28
3932,3947,1820,2025-08-04,2025-09-03
3933,3849,13842,2024-07-29,2024-08-28
3934,7836,8225,2024-01-21,2024-02-20
3935,9036,15934,2025-01-13,2025-02-12
3936,7403,11149,2025-10-02,2025-11-01
3937,8057,3018,2025-08-31,2025-09-30
3938,4726,11335,2025-05-20,2025-06-19
3939,9855,7704,2025-01-30,2025-03-01
3940,6718,16728,2025-08-15,2025-09-14
3941,2559,1710,2025-08-23,2025-09-22
3942,7364,18616,2025-11-15,2025-12-15
3943,9009,4280,2024-12-29,2025-01-28
3944,5470,15657,2025-04-29,2025-05-29
3945,8215,3863,2024-02-11,2024-03-12
3946,10,14003,2024-12-01,2024-12-31
3947,7702,10029,2024-08-31,2024-09-30
3948,468,4059,2025-04-28,2025-05-28
3949,8140,9252,2024-07-31,2024-08-30
3950,8537,13234,2025-01-05,2025-02-04
3951,5478,4095,2025-01-28,2025-02-27
3952,6765,11603,2024-05-04,2024-06-03
3953,3543,2125,2025-01-04,2025-02-03
3954,6559,6475,2025-10-13,2025-11-12
3955,4921,17159,2025-07-05,2025-08-04
3956,9646,59,2024-02-05,2024-03-06
3957,5070,2045,2024-04-29,2024-05-29
3958,3032,8827,2025-07-13,2025-08-12
3959,3661,15173,2025-05-12,2025-06-11
3960,6280,19212,2024-03-21,2024-04-20
3961,2313,122,2025-10-01,2025-10-31
3962,6058,12693,2025-07-14,2025-08-13
3963,7515,3035,2025-11-19,2025-12-19
3964,7501,18230,2025-06-02,2025-07-02
3965,1775,5522,2025-02-02,2025-03-04
3966,3092,5536,2025-12-06,2026-01-05
3967,4802,11848,2024-05-10,2024-06-09
3968,8963,8391,2025-12-05,2026-01-04
3969,9807,5372,2025-10-29,2025-11-28
3970,4681,8107,2025-07-30,2025-08-29
3971,5270,5850,2025-06-07,2025-07-07
3972,1939,6613,2024-06-14,2024-07-14
3973,1412,7038,2025-05-07,2025-06-06
3974,9301,2972,2024-04-24,2024-05-24
3975,7711,13175,2025-04-04,2025-05-04
3976,6120,19840,2024-10-21,2024-11-20
3977,9868,19429,2025-07-23,2025-08-22
3978,2847,1756,2024-01-12,2024-02-11
3979,2561,8908,2025-05-30,2025-06-29
3980,6335,1393,2024-05-11,2024-06-10
3981,4618,17653,2024-10-04,2024-11-03
3982,2334,2182,2024-09-23,2024-10-23
3983,4027,15259,2025-06-12,2025-07-12
3984,9094,19252,2025-06-23,2025-07-23
3985,8801,19738,2024-09-25,2024-10-25
3986,5385,11651,2024-01-13,2024-02-12
3987,9531,7698,2025-01-24,2025-02-23
3988,7960,5585,2025-10-18,2025-11-17
3989,4781,9102,2024-03-13,2024-04-12
3990,1258,1803,2024-03-13,2024-04-12
3991,4899,16293,2024-06-05,2024-07-05
3992,2275,2750,2024-03-11,2024-04-10
3993,387,13725,2024-04-02,2024-05-02
3994,2481,19170,2024-09-24,2024-10-24
3995,9092,2343,2024-08-18,2024-09-17
3996,2409,8476,2023-12-21,2024-01-20
3997,3245,8012,2024-07-29,2024-08-28
3998,433,10604,2024-02-26,2024-03-27
3999,2118,6449,2024-06-09,2024-07-09
4000,2271,10360,2024-02-28,2024-03-29
4001,3736,9808,2024-02-25,2024-03-26
4002,1859,12669,2024-01-10,2024-02-09
4003,5735,11339,2024-05-09,2024-06-08
4004,8615,14535,2025-07-07,2025-08-06
4005,3710,13844,2024-07-30,2024-08-29
4006,8417,1964,2024-09-09,2024-10-09
4007,9204,4624,2025-12-06,2026-01-05
4008,6802,17968,2023-12-24,2024-01-23
4009,1861,9646,2025-04-07,2025-05-07
4010,6261,4815,2024-09-27,2024-10-27
4011,6416,4964,2024-01-25,2024-02-24
4012,8571,19587,2025-02-08,2025-03-10
4013,9678,13392,2023-12-14,2024-01-13
4014,4545,18908,2024-01-14,2024-02-13
4015,6055,467,2024-03-05,2024-04-04
4016,5352,15262,2025-08-22,2025-09-21
4017,3254,6416,2024-10-06,2024-11-05
4018,4391,19580,2024-05-18,2024-06-17
4019,7452,6635,2024-08-07,2024-09-06
4020,9084,8182,2025-01-21,2025-02-20
4021,5933,5215,2024-05-29,2024-06-28
4022,3302,16013,2024-08-21,2024-09-20
4023,6960,6505,2024-05-21,2024-06-20
4024,9612,4288,2025-06-30,2025-07-30
4025,2443,2714,2024-02-20,2024-03-21
4026,3905,10032,2024-05-06,2024-06-05
4027,7516,8099,2025-02-17,2025-03-19
4028,6958,19313,2024-03-12,2024-04-11
4029,8960,6532,2025-06-05,2025-07-05
4030,4202,6661,2024-10-07,2024-11-06
4031,3223,2777,2024-10-07,2024-11-06
4032,4636,1527,2024-02-24,2024-03-25
4033,6432,8746,2025-08-01,2025-08-31
4034,305,13124,2024-06-08,2024-07-08
4035,4141,6321,2025-05-17,2025-06-16
4036,4314,5022,2024-03-19,2024-04-18
4037,7809,13046,2025-07-17,2025-08-16
4038,6980,14294,2024-09-15,2024-10-15
4039,1457,2577,2025-04-09,2025-05-09
4040,8695,211,2025-06-20,2025-07-20
4041,4371,17417,2025-08-24,2025-09-23
4042,2922,4281,2025-09-03,2025-10-03
4043,2832,19348,2025-09-27,2025-10-27
4044,2332,12582,2024-11-28,2024-12-28
4045,4035,447,2025-02-05,2025-03-07
4046,5160,10434,2024-06-30,2024-07-30
4047,2786,18501,2024-11-14,2024-12-14
4048,8897,19827,2024-01-19,2024-02-18
4049,34,534,2025-09-02,2025-10-02
4050,868,3333,2024-08-25,2024-09-24
4051,9594,11920,2024-07-17,2024-08-16
4052,3452,3056,2024-07-25,2024-08-24
4053,4316,17903,2025-10-09,2025-11-08
4054,3531,3849,2025-07-24,2025-08-23
4055,9632,437,2025-09-23,2025-10-23
4056,1027,16948,2024-06-08,2024-07-08
4057,198,2962,2025-10-07,2025-11-06
4058,2290,6323,2024-11-04,2024-12-04
4059,3043,8438,2025-02-08,2025-03-10
4060,3475,16753,2025-09-16,2025-10-16
4061,6144,15279,2025-07-01,2025-07-31
4062,9806,19412,2025-02-27,2025-03-29
4063,2967,541,2025-11-07,2025-12-07
4064,9506,9830,2025-02-09,2025-03-11
4065,6567,16773,2024-05-18,2024-06-17
4066,3777,6605,2024-05-07,2024-06-06
4067,8028,11614,2025-06-11,2025-07-11
4068,8954,13736,2025-04-22,2025-05-22
4069,4479,14183,2024-08-23,2024-09-22
4070,280,9180,2025-11-28,2025-12-28
4071,40,3067,2025-03-30,2025-04-29
4072,2328,11051,2024-10-28,2024-11-27
4073,3104,8435,2025-11-17,2025-12-17
4074,7884,17679,2024-02-25,2024-03-26
4075,1805,16959,2024-04-11,2024-05-11
4076,6918,17202,2025-07-28,2025-08-27
4077,4457,19974,2025-02-22,2025-03-24
4078,6217,17285,2025-07-08,2025-08-07
4079,324,17840,2025-07-09,2025-08-08
4080,3166,13085,2025-07-18,2025-08-17
4081,7098,12252,2024-04-10,2024-05-10
4082,4210,293,2024-10-10,2024-11-09
4083,3163,5662,2024-03-30,2024-04-29
4084,5171,14080,2024-10-21,2024-11-20
4085,4156,2110,2024-11-26,2024-12-26
4086,3349,6262,2025-02-06,2025-03-08
4087,4002,5160,2025-03-21,2025-04-20
4088,7082,13772,2024-09-03,2024-10-03
4089,8103,17376,2025-03-22,2025-04-21
4090,6445,9532,2024-07-06,2024-08-05
4091,7293,19022,2024-06-05,2024-07-05
4092,4202,451,2024-06-26,2024-07-26
4093,6624,8344,2025-04-27,2025-05-27
4094,2471,6670,2025-09-27,2025-10-27
4095,7065,10480,2024-03-18,2024-04-17
4096,2212,18306,2025-03-29,2025-04-28
4097,4545,3274,2024-08-12,2024-09-11
4098,8632,8288,2025-10-24,2025-11-23
4099,1462,13370,2024-02-25,2024-03-26
4100,2899,12316,2024-12-28,2025-01-27
4101,5783,13123,2024-11-16,2024-12-16
4102,3872,13849,2025-04-05,2025-05-05
4103,2893,5147,2024-06-21,2024-07-21
4104,4694,1789,2025-03-27,2025-04-26
4105,6739,9265,2024-05-18,2024-06-17
4106,2003,483,2025-04-23,2025-05-23
4107,2294,4760,2024-03-30,2024-04-29
4108,5393,12720,2024-12-10,2025-01-09
4109,9371,13128,2025-02-20,2025-03-22
4110,4132,9229,2025-05-07,2025-06-06
4111,2412,14419,2025-05-12,2025-06-11
4112,5263,14,2024-09-11,2024-10-11
4113,9850,639,2024-05-10,2024-06-09
4114,77,19693,2024-09-24,2024-10-24
4115,5339,14068,2025-05-05,2025-06-04
4116,6364,10725,2024-11-10,2024-12-10
4117,2883,2456,2025-07-12,2025-08-11
4118,7925,18035,2025-04-29,2025-05-29
4119,4297,10675,2024-04-30,2024-05-30
4120,3854,13439,2024-07-14,2024-08-13
4121,4755,11873,2024-01-29,2024-02-28
4122,2620,6424,2025-03-28,2025-04-27
4123,385,7216,2025-06-21,2025-07-21
4124,4915,5382,2024-05-27,2024-06-26
4125,364,6064,2025-06-10,2025-07-10
4126,5758,2640,2024-11-08,2024-12-08
4127,2135,8022,2024-06-26,2024-07-26
4128,4779,520,2024-07-30,2024-08-29
4129,7840,16900,2025-07-07,2025-08-06
4130,483,11540,2024-08-30,2024-09-29
4131,4731,18538,2025-11-03,2025-12-03
4132,8099,11566,2024-04-11,2024-05-11
4133,3827,15205,2024-11-27,2024-12-27
4134,8348,18532,2024-05-29,2024-06-28
4135,7692,14475,2025-12-02,2026-01-01
4136,8498,2396,2025-03-05,2025-04-04
4137,382,7353,2025-10-03,2025-11-02
4138,3523,5098,2024-09-17,2024-10-17
4139,4550,17231,2024-02-01,2024-03-02
4140,7779,12422,2024-09-12,2024-10-12
4141,8956,9880,2025-07-27,2025-08-26
4142,6411,7128,2025-11-08,2025-12-08
4143,3632,12097,2024-03-06,2024-04-05
4144,9158,3763,2024-04-22,2024-05-22
4145,7227,5131,2025-11-29,2025-12-29
4146,7283,5358,2025-01-25,2025-02-24
4147,9911,8929,2024-01-20,2024-02-19
4148,3105,12138,2024-12-15,2025-01-14
4149,3604,1344,2025-08-24,2025-09-23
4150,4843,19189,2025-08-04,2025-09-03
4151,7103,14801,2025-01-19,2025-02-18
4152,1176,18973,2025-01-31,2025-03-02
4153,7824,19027,2024-12-23,2025-01-22
4154,4500,8052,2024-08-14,2024-09-13
4155,7030,17188,2025-10-08,2025-11-07
4156,2825,11705,2025-06-24,2025-07-24
4157,2213,5442,2025-02-20,2025-03-22
4158,1301,17417,2024-09-22,2024-10-22
4159,6705,10959,2025-11-21,2025-12-21
4160,8487,10463,2024-12-15,2025-01-14
4161,7906,4242,2024-06-29,2024-07-29
4162,3570,19952,2025-11-25,2025-12-25
4163,4266,12527,2025-08-11,2025-09-10
4164,5741,3419,2024-08-29,2024-09-28
4165,9940,12608,2025-02-05,2025-03-07
4166,650,18814,2025-04-17,2025-05-17
4167,14,2154,2025-03-25,2025-04-24
4168,3718,19735,2025-07-16,2025-08-15
4169,5370,7780,2025-03-08,2025-04-07
4170,507,5442,2025-03-15,2025-04-14
4171,1767,4144,2024-12-20,2025-01-19
4172,8009,7432,2024-05-04,2024-06-03
4173,1178,16775,2025-01-12,2025-02-11
4174,9541,3302,2024-04-30,2024-05-30
4175,735,17147,2025-03-05,2025-04-04
4176,5926,9974,2025-04-13,2025-05-13
4177,3730,7186,2024-08-15,2024-09-14
4178,1006,13003,2024-01-06,2024-02-05
4179,3165,6310,2025-07-18,2025-08-17
4180,1106,16535,2025-07-28,2025-08-27
4181,5394,12357,2024-06-11,2024-07-11
4182,3571,13436,2025-06-17,2025-07-17
4183,2786,8172,2024-11-10,2024-12-10
4184,1372,19081,2024-02-19,2024-03-20
4185,3266,10056,2024-12-28,2025-01-27
4186,445,8151,2024-02-10,2024-03-11
4187,7059,13420,2025-04-16,2025-05-16
4188,6581,1967,2024-04-14,2024-05-14
4189,2228,7027,2024-02-19,2024-03-20
4190,8994,11347,2025-11-07,2025-12-07
4191,8055,11303,2025-07-17,2025-08-16
4192,6816,16688,2025-08-10,2025-09-09
4193,9639,9901,2024-02-22,2024-03-23
4194,5493,7154,2025-08-15,2025-09-14
4195,464,7914,2024-07-07,2024-08-06
4196,5801,19993,2024-08-30,2024-09-29
4197,727,13959,2025-04-18,2025-05-18
4198,9996,1372,2024-02-06,2024-03-07
4199,6217,10902,2024-09-12,2024-10-12
4200,1967,10069,2024-01-29,2024-02-28
4201,6831,2561,2024-04-02,2024-05-02
4202,4934,4961,2024-01-14,2024-02-13
4203,4515,15709,2024-02-27,2024-03-28
4204,5749,4250,2024-09-06,2024-10-06
4205,7784,16727,2024-04-01,2024-05-01
4206,6618,13656,2024-05-12,2024-06-11
4207,3559,4711,2025-10-10,2025-11-09
4208,1466,10155,2024-05-21,2024-06-20
4209,3046,6145,2024-03-09,2024-04-08
4210,9494,3704,2024-06-05,2024-07-05
4211,7706,8123,2024-10-14,2024-11-13
4212,2883,5488,2024-12-15,2025-01-14
4213,7809,17735,2025-05-06,2025-06-05
4214,8961,8546,2025-05-17,2025-06-16
4215,6284,15159,2025-06-27,2025-07-27
4216,6726,4701,2024-03-17,2024-04-16
4217,6820,15911,2025-09-08,2025-10-08
4218,2022,5698,2025-11-11,2025-12-11
4219,2571,9199,2024-09-27,2024-10-27
4220,3488,6823,2025-02-03,2025-03-05
4221,637,1554,2024-10-08,2024-11-07
4222,7322,10475,2024-10-30,2024-11-29
4223,2202,15807,2025-04-07,2025-05-07
4224,5253,3117,2025-05-16,2025-06-15
4225,5428,121,2024-02-29,2024-03-30
4226,4973,8163,2024-12-04,2025-01-03
4227,1571,11687,2025-03-25,2025-04-24
4228,5301,8942,2025-04-15,2025-05-15
4229,3819,17340,2025-07-08,2025-08-07
4230,7464,470,2024-09-06,2024-10-06
4231,9273,9032,2025-07-25,2025-08-24
4232,5826,4091,2024-05-24,2024-06-23
4233,9524,10968,2024-09-29,2024-10-29
4234,5375,1967,2024-08-03,2024-09-02
4235,199,7963,2025-10-12,2025-11-11
4236,6155,4530,2025-08-22,2025-09-21
4237,664,2507,2024-05-02,2024-06-01
4238,2153,8932,2025-03-03,2025-04-02
4239,4152,4053,2025-05-06,2025-06-05
4240,360,10140,2024-07-26,2024-08-25
4241,7742,4171,2025-05-07,2025-06-06
4242,897,8423,2025-02-18,2025-03-20
4243,5878,13792,2024-10-17,2024-11-16
4244,3853,16434,2025-04-17,2025-05-17
4245,1493,7099,2025-05-12,2025-06-11
4246,5367,12117,2025-05-13,2025-06-12
4247,9275,10782,2024-02-19,2024-03-20
4248,2130,19966,2024-09-24,2024-10-24
4249,9483,18928,2025-04-26,2025-05-26
4250,9163,14822,2024-04-20,2024-05-20
4251,492,2078,2025-03-30,2025-04-29
4252,2289,16415,2025-08-29,2025-09-28
4253,4603,12124,2024-02-02,2024-03-03
4254,7262,11412,2024-11-06,2024-12-06
4255,1902,13661,2024-09-11,2024-10-11
4256,9795,1026,2025-04-21,2025-05-21
4257,2561,13184,2024-03-09,2024-04-08
4258,8991,8901,2024-08-23,2024-09-22
4259,3823,13039,2024-07-17,2024-08-16
4260,4252,5074,2025-03-24,2025-04-23
4261,1224,3629,2025-07-23,2025-08-22
4262,5211,8120,2024-06-27,2024-07-27
4263,8142,19986,2025-09-04,2025-10-04
4264,8478,11878,2025-09-01,2025-10-01
4265,3605,9935,2025-04-06,2025-05-06
4266,5488,6677,2024-05-05,2024-06-04
4267,1574,7198,2024-02-04,2024-03-05
4268,6467,11491,2025-04-06,2025-05-06
4269,7302,1008,2024-11-18,2024-12-18
4270,1428,7765,2024-04-18,2024-05-18
4271,3862,1746,2024-05-30,2024-06-29
4272,9837,8553,2025-11-11,2025-12-11
4273,7663,9680,2025-06-02,2025-07-02
4274,820,8789,2024-08-19,2024-09-18
4275,8666,11021,2024-03-04,2024-04-03
4276,2189,2298,2024-07-27,2024-08-26
4277,5902,2520,2025-03-22,2025-04-21
4278,5161,11569,2025-04-06,2025-05-06
4279,1713,13002,2025-02-13,2025-03-15
4280,6386,12933,2025-05-12,2025-06-11
4281,5851,17922,2025-02-23,2025-03-25
4282,1733,8454,2024-04-04,2024-05-04
4283,8691,1879,2024-06-12,2024-07-12
4284,1018,14370,2024-01-01,2024-01-31
4285,958,16971,2025-03-25,2025-04-24
4286,7634,11363,2025-06-11,2025-07-11
4287,857,9946,2025-04-29,2025-05-29
4288,3604,3244,2024-01-22,2024-02-21
4289,418,19749,2024-05-29,2024-06-28
4290,968,18371,2024-06-20,2024-07-20
4291,7792,13788,2025-04-07,2025-05-07
4292,5355,17778,2023-12-25,2024-01-24
4293,6389,1989,2024-10-30,2024-11-29
4294,894,13996,2025-02-15,2025-03-17
4295,1272,15895,2024-03-24,2024-04-23
4296,3100,1398,2024-02-04,2024-03-05
4297,2196,18126,2025-07-08,2025-08-07
4298,7077,11797,2024-08-31,2024-09-30
4299,8508,18997,2024-07-28,2024-08-27
4300,1539,10184,2024-12-06,2025-01-05
4301,2747,14420,2025-09-11,2025-10-11
4302,5138,4834,2024-03-21,2024-04-20
4303,8137,16400,2025-09-14,2025-10-14
4304,4810,3500,2025-01-13,2025-02-12
4305,1369,5714,2025-09-09,2025-10-09
4306,6054,2004,2025-06-07,2025-07-07
4307,1304,4275,2025-12-04,2026-01-03
4308,2981,9014,2025-01-27,2025-02-26
4309,8203,16648,2025-07-16,2025-08-15
4310,2037,2658,2024-06-12,2024-07-12
4311,3102,803,2025-05-18,2025-06-17
4312,435,18781,2024-04-06,2024-05-06
4313,1850,10693,2024-02-24,2024-03-25
4314,6022,6640,2025-02-23,2025-03-25
4315,2255,2662,2024-07-07,2024-08-06
4316,6136,8234,2024-02-28,2024-03-29
4317,6933,17049,2025-11-27,2025-12-27
4318,2764,19594,2025-11-11,2025-12-11
4319,8119,17386,2025-05-07,2025-06-06
4320,4569,1761,2025-04-03,2025-05-03
4321,475,11627,2025-12-06,2026-01-05
4322,9850,3398,2025-04-10,2025-05-10
4323,8938,5583,2024-06-30,2024-07-30
4324,7083,3524,2024-02-18,2024-03-19
4325,8827,12919,2025-05-26,2025-06-25
4326,7632,11830,2025-08-05,2025-09-04
4327,3443,16127,2024-07-29,2024-08-28
4328,1885,14872,2025-01-05,2025-02-04
4329,6140,6851,2024-11-21,2024-12-21
4330,9601,16395,2025-05-02,2025-06-01
4331,4544,6808,2024-12-18,2025-01-17
4332,2581,10286,2025-11-07,2025-12-07
4333,9510,12895,2025-06-23,2025-07-23
4334,5075,9330,2024-07-10,2024-08-09
4335,1658,17399,2025-09-03,2025-10-03
4336,9301,15676,2024-08-21,2024-09-20
4337,2157,157,2024-07-15,2024-08-14
4338,3517,10842,2024-09-16,2024-10-16
4339,6179,11874,2025-05-26,2025-06-25
4340,2261,12530,2025-12-01,2025-12-31
4341,4135,1693,2025-11-09,2025-12-09
4342,1968,2874,2024-03-01,2024-03-31
4343,8450,19409,2024-05-07,2024-06-06
4344,8989,6533,2025-12-05,2026-01-04
4345,3854,7132,2024-08-30,2024-09-29
4346,2789,14139,2025-03-23,2025-04-22
4347,5092,8048,2025-07-01,2025-07-31
4348,4413,3599,2024-11-19,2024-12-19
4349,639,18725,2025-11-15,2025-12-15
4350,9866,15385,2025-04-02,2025-05-02
4351,4488,14551,2025-05-11,2025-06-10
4352,6042,13688,2024-11-05,2024-12-05
4353,9036,19517,2025-09-20,2025-10-20
4354,725,3261,2024-12-10,2025-01-09
4355,1395,65,2024-09-30,2024-10-30
4356,3342,9883,2024-12-07,2025-01-06
4357,5882,14053,2025-03-10,2025-04-09
4358,4709,17413,2023-12-16,2024-01-15
4359,616,10440,2025-02-13,2025-03-15
4360,1760,1669,2024-01-06,2024-02-05
4361,9752,2392,2024-04-13,2024-05-13
4362,8045,17493,2024-12-12,2025-01-11
4363,2942,17991,2025-03-16,2025-04-15
4364,1942,13810,2024-11-03,2024-12-03
4365,7285,15447,2024-05-06,2024-06-05
4366,5412,19057,2025-01-01,2025-01-31
4367,4611,4062,2024-03-21,2024-04-20
4368,6634,14522,2025-05-10,2025-06-09
4369,3685,5943,2024-06-19,2024-07-19
4370,3893,17480,2024-06-17,2024-07-17
4371,5197,12340,2024-09-26,2024-10-26
4372,5291,19917,2024-06-07,2024-07-07
4373,3070,6936,2024-08-22,2024-09-21
4374,9661,5718,2025-02-17,2025-03-19
4375,1403,18124,2024-11-09,2024-12-09
4376,5892,17172,2024-01-27,2024-02-26
4377,1369,19995,2025-02-27,2025-03-29
4378,262,3809,2024-09-29,2024-10-29
4379,6069,11793,2025-06-07,2025-07-07
4380,597,8641,2025-06-24,2025-07-24
4381,6684,14483,2025-08-01,2025-08-31
4382,6774,467,2025-02-17,2025-03-19
4383,33,3146,2024-11-20,2024-12-20
4384,8629,11817,2025-08-18,2025-09-17
4385,3456,10742,2025-11-05,2025-12-05
4386,9746,13097,2024-09-14,2024-10-14
4387,4032,374,2024-06-19,2024-07-19
4388,6557,10859,2025-11-11,2025-12-11
4389,4555,12853,2025-12-07,2026-01-06
4390,103,3097,2025-08-18,2025-09-17
4391,5184,13775,2025-07-09,2025-08-08
4392,1937,8973,2025-03-30,2025-04-29
4393,6238,1418,2025-10-19,2025-11-18
4394,1220,753,2024-08-17,2024-09-16
4395,6241,12756,2024-05-20,2024-06-19
4396,2092,11453,2024-11-10,2024-12-10
4397,4912,5744,2024-05-16,2024-06-15
4398,7713,14073,2024-05-01,2024-05-31
4399,7919,16686,2024-02-25,2024-03-26
4400,3295,10827,2025-01-31,2025-03-02
4401,3509,11210,2025-03-18,2025-04-17
4402,9275,18720,2025-01-13,2025-02-12
4403,4955,18455,2024-09-05,2024-10-05
4404,3853,16887,2025-10-10,2025-11-09
4405,3775,10080,2025-06-01,2025-07-01
4406,5553,16484,2025-07-03,2025-08-02
4407,6237,316,2024-11-10,2024-12-10
4408,3736,8387,2025-01-27,2025-02-26
4409,4185,1273,2025-05-10,2025-06-09
4410,1697,10503,2024-03-08,2024-04-07
4411,6713,14197,2025-07-19,2025-08-18
4412,6367,1318,2025-06-03,2025-07-03
4413,5979,5871,2024-12-08,2025-01-07
4414,1867,13247,2025-01-30,2025-03-01
4415,9339,13889,2024-01-06,2024-02-05
4416,667,16013,2025-03-22,2025-04-21
4417,923,5061,2024-08-13,2024-09-12
4418,5954,14811,2023-12-16,2024-01-15
4419,3588,11439,2025-10-07,2025-11-06
4420,9908,15466,2024-08-05,2024-09-04
4421,5732,14903,2025-10-04,2025-11-03
4422,3109,19542,2024-04-15,2024-05-15
4423,1307,5263,2025-07-17,2025-08-16
4424,2150,19012,2024-06-25,2024-07-25
4425,6982,3061,2025-11-26,2025-12-26
4426,865,8548,2024-04-29,2024-05-29
4427,1561,9598,2025-03-21,2025-04-20
4428,5953,11022,2024-08-06,2024-09-05
4429,3746,3638,2024-02-25,2024-03-26
4430,8704,5318,2024-11-30,2024-12-30
4431,5402,114,2024-04-29,2024-05-29
4432,1829,4,2025-06-04,2025-07-04
4433,3736,7125,2025-01-23,2025-02-22
4434,4353,14885,2025-05-22,2025-06-21
4435,6782,14409,2025-08-19,2025-09-18
4436,8260,5576,2025-08-14,2025-09-13
4437,5153,4953,2025-03-18,2025-04-17
4438,9626,18270,2025-03-30,2025-04-29
4439,5282,4700,2024-02-19,2024-03-20
4440,2449,3850,2025-07-06,2025-08-05
4441,2867,8597,2025-07-03,2025-08-02
4442,1175,9293,2024-09-15,2024-10-15
4443,5797,7501,2025-05-28,2025-06-27
4444,6577,17688,2025-03-30,2025-04-29
4445,923,10885,2025-02-12,2025-03-14
4446,5221,16431,2025-02-09,2025-03-11
4447,8308,1262,2025-02-07,2025-03-09
4448,2496,3056,2025-09-01,2025-10-01
4449,1308,12778,2024-06-27,2024-07-27
4450,7633,18821,2024-07-16,2024-08-15
4451,7149,5041,2024-11-28,2024-12-28
4452,7603,17616,2024-03-02,2024-04-01
4453,5783,16894,2024-09-14,2024-10-14
4454,4671,9163,2025-08-22,2025-09-21
4455,7542,6316,2025-02-09,2025-03-11
4456,392,5916,2025-03-19,2025-04-18
4457,6003,2648,2025-07-14,2025-08-13
4458,7686,3754,2025-08-20,2025-09-19
4459,8845,5840,2025-08-01,2025-08-31
4460,4571,12943,2024-09-24,2024-10-24
4461,5038,18490,2024-12-20,2025-01-19
4462,8567,2799,2025-05-26,2025-06-25
4463,4727,13289,2025-06-15,2025-07-15
4464,8807,8076,2024-05-27,2024-06-26
4465,2210,14739,2024-06-07,2024-07-07
4466,1812,13083,2025-09-03,2025-10-03
4467,5216,17574,2025-04-14,2025-05-14
4468,7763,8871,2025-03-04,2025-04-03
4469,3035,10774,2025-05-22,2025-06-21
4470,2080,13370,2025-04-19,2025-05-19
4471,8727,16924,2025-06-14,2025-07-14
4472,5875,10495,2025-10-31,2025-11-30
4473,6656,17405,2025-06-16,2025-07-16
4474,7647,14104,2024-01-15,2024-02-14
4475,2704,16623,2025-06-06,2025-07-06
4476,5568,10857,2025-05-21,2025-06-20
4477,3891,16697,2024-11-22,2024-12-22
4478,7038,8774,2025-08-22,2025-09-21
4479,7162,7983,2024-02-05,2024-03-06
4480,8361,1517,2025-01-31,2025-03-02
4481,2604,16415,2025-02-20,2025-03-22
4482,3885,7718,2024-11-01,2024-12-01
4483,5186,12347,2025-05-29,2025-06-28
4484,9786,10811,2024-08-24,2024-09-23
4485,4620,10211,2025-06-03,2025-07-03
4486,2288,19147,2024-02-15,2024-03-16
4487,6118,3813,2025-04-04,2025-05-04
4488,9994,12556,2024-10-29,2024-11-28
4489,1734,19206,2024-04-08,2024-05-08
4490,5744,6840,2024-02-02,2024-03-03
4491,3690,11508,2025-08-07,2025-09-06
4492,4678,9037,2025-03-10,2025-04-09
4493,1424,431,2024-10-20,2024-11-19
4494,1563,4183,2025-08-30,2025-09-29
4495,9194,19028,2025-06-12,2025-07-12
4496,8887,663,2025-02-05,2025-03-07
4497,3471,10049,2025-06-21,2025-07-21
4498,9937,240,2024-12-04,2025-01-03
4499,4473,12229,2024-09-29,2024-10-29
4500,663,7372,2023-12-14,2024-01-13
