id_ksiazki,nr_isbn,numer_inwentarzowy,tytul,autor,id_kategorii,id_filii,rok_wydania,numer_edycji,liczba_stron,dostepna_online,opis,status
1,978-0-681-57981-1,619389,Brzeg zapis sprzedawać,Maciej Wylegała,6,1,2006,Edycja 2,112,False,Srebrny służba metoda literacki.,dostępny
2,978-0-8299-7968-8,986088,Jajko urodzić strój znaczny dział,pani Agnieszka Sulik,4,4,1990,Edycja 1,576,False,Wakacje polegać ważny pusty sierpień. Chodzić przejść środek cena stawać się.,wypożyczony
3,978-1-4204-3805-5,857537,Choroba seks żydowski pytać,Marek Pitura,13,2,2023,Edycja 4,499,True,Język wykorzystywać oba centrum imię. Składać Się pokazywać gość spadek.,dostępny
4,978-1-69042-681-3,592296,Wiek palec Morze Śródziemne usuwać zamiar,Sara Glegoła,8,3,2008,Edycja 3,119,False,Zbierać łódź wysoki niszczyć. Danie program przedsiębiorstwo zachowywać się powietrze plecy.,dostępny
5,978-1-333-43333-8,993140,Właśnie podłoga lubić ojciec zmęczony,pan Fryderyk Berdzik,4,3,2006,Edycja 5,765,False,Japonia dwudziesty tablica ulegać niedziela. Piętnaście noc tradycyjny całkiem wtorek wzór dawać.,dostępny
6,978-1-955289-38-2,757246,Młody teoria idea wychodzić zbiornik,Alan Kuszyk,3,4,2006,Edycja 5,676,True,Jeździć elektryczny i biblioteka pogląd. Bułgarski jednocześnie międzynarodowy wojenny strata.,dostępny
7,978-1-890260-12-5,346174,Kolumna dlaczego między żółty,Piotr Cyba,5,3,1996,Edycja 2,870,True,Pani śmiech o filmowy. Członek naturalny związek nagle barwa. Król brzeg Jan.,dostępny
8,978-0-9604432-7-7,203225,Cel przedstawiciel,Urszula Grodek,13,1,2008,Edycja 4,874,True,Niechęć dno czarny 900. Dodać klasa małpa.,dostępny
9,978-0-347-85196-1,130353,Coś norma,Urszula Smektała,8,1,2007,Edycja 3,590,True,Reakcja kościół przybyć średni mięso dany więzienie. Pomarańcza bułgarski sylaba osiągnąć koń.,dostępny
10,978-1-937515-09-6,475876,Płeć chory większy,Konrad Drozda,8,3,1975,Edycja 4,205,True,Oko jak bank turecki. Religia godność miecz pływać znajdować ubranie.,dostępny
11,978-0-585-17432-7,656968,Państwo otwarty prosty figura czapka,pani Klara Machowicz,9,4,2013,Edycja 5,438,True,Zaś kolumna znajdować się bitwa ciemny. Alkoholowy powinien minerał roślina mąż uczyć piec.,dostępny
12,978-0-11-175186-2,283573,Porządek określony uczyć roślina pić,pani Kornelia Tywoniuk,10,1,1979,Edycja 5,651,False,Prostytutka otwarty podłoga zadanie niebieski pewien. Siódmy łagodny od rzadki.,dostępny
13,978-0-01-194707-5,621841,Złożony z zostać,Cezary Warych,9,5,2017,Edycja 2,452,True,Różny szef gniazdo gołąb karta talerz kończyć. Cebula oficjalny okazja karta zrobić.,dostępny
14,978-1-308-94870-6,768891,Kosztować pełnić strona Pan,Kalina Buszka,5,3,1978,Edycja 4,778,False,3 uzyskać powstanie. (…) także sylaba ochrona brzydki ofiara ojczyzna pierwiastek chemiczny.,dostępny
15,978-0-216-99586-4,943718,Srebrny trudno wypowiedź herbata,pani Nela Sieczko,10,4,1979,Edycja 3,489,True,Pan bohater dno co. Projekt zakon mocz matka.,dostępny
16,978-0-02-146566-8,563187,Zasada rok plaża istnienie organ,pani Gaja Klimko,5,3,1985,Edycja 5,183,False,Znajdować miłość milion. Chleb zmieniać wojenny przyszły dzielnica prawie cisza spać.,dostępny
17,978-1-81054-851-7,823846,Szczególny lotnisko,pan Stefan Cuch,14,3,1970,Edycja 4,689,False,Pociąg do wspomnienie dla. Ziemniak związek alfabet ciemność piłka lampa płacić.,dostępny
18,978-1-85424-932-6,503380,Nazywać ustawa,pan Wiktor Kozaczuk,3,4,2002,Edycja 1,599,True,Figura szczęśliwy grupa. Ślad zły parlament po prostu. Twarz niektóry położenie.,dostępny
19,978-0-89261-371-7,699704,Duży pomysł kalendarz chronić,Kazimierz Kusek,7,3,1971,Edycja 5,217,False,Kiedyś powodować wszyscy pochodzić badać w wyniku. Głównie struktura należeć wybór szczególny.,dostępny
20,978-0-86375-998-7,123005,Odważny piłka,Marianna Milcarz,14,4,1996,Edycja 3,112,True,Silnik energia odpowiadać właśnie krótki Indie. Skrzydło widok nauka zakończyć ? Słowacja.,dostępny
21,978-1-66863-341-0,819112,Jeszcze wszystko Chrystus,Oliwier Burchard,7,1,1995,Edycja 5,566,False,Wniosek przyjaciel lód metoda. Owoc kontrola odpowiedź plecy. Idea dział toponim uciec aktywny.,dostępny
22,978-1-988774-92-3,913423,Dawny uprawiać szanowny,Franciszek Kochel,1,2,1994,Edycja 5,155,False,Dotyczyć motyl ciasto ! pogoda nie- powód. Szary środkowy cierpieć bilet zakon pracować córka.,dostępny
23,978-0-9712847-8-4,767542,Bok no,Natasza Kornak,13,2,2020,Edycja 5,346,False,Pisać obok amerykański udać się wolno. Pojawić Się 7 archipelag lew. Port obowiązywać znaczenie.,dostępny
24,978-1-105-56613-4,758765,Rzadki przestać zero grupa wiersz,pani Natasza Ornat,10,1,2017,Edycja 1,223,False,Nic słyszeć czterdzieści wypowiedź kieszeń biuro lecz. Kultura zawsze sportowy średni wybrać czy.,dostępny
25,978-0-18-204339-2,134985,Matka podatek przeciwny pływać,pan Alan Pawliczak,8,5,1982,Edycja 3,384,True,Biblioteka przybyć piękny ciemny urodzić nasienie prasa. ! widok poprzedni.,dostępny
26,978-1-120-34717-6,409445,Uprawiać religia delikatny godność,pani Anastazja Hajduga,14,3,1993,Edycja 4,120,True,Wierny tyle państwowy świadczyć próbować talerz. Może trzeci starać się robotnik rzucić.,dostępny
27,978-0-601-66299-9,238579,Łyżka mi osiągnąć nikt powstanie,Roksana Adamiuk,4,5,1978,Edycja 3,463,False,Instrument leżeć zmiana równy narodowy.,dostępny
28,978-1-56999-880-9,369452,Pracować ku bawić się bawić się starożytny,Maciej Kozdroń,7,4,1996,Edycja 3,280,False,Kula róża powstawać przyprawa stosować pochodzić. Prawo jeden pomoc oddech (…) wiedzieć osiem.,dostępny
29,978-1-4350-3136-4,591081,Rok radio sędzia świnia,Mateusz Truchan,5,1,2009,Edycja 2,210,True,Badanie uważać wojskowy ślub pomagać. Pomysł kiedyś rak informacja. Akt ściana poniedziałek.,dostępny
30,978-1-76974-995-9,986827,Znaczny jeszcze 1000 prosty,Rafał Palica,14,5,1971,Edycja 3,682,True,Sprawa dialekt żelazo. Obóz mocz scena tekst odczuwać tysiąc żywy.,dostępny
31,978-1-945232-19-0,114594,Cmentarz dać świeży,Ewa Hermann,10,3,1970,Edycja 5,866,True,Uznawać program spotkać ono egzamin na przykład wojenny.,dostępny
32,978-1-74355-379-4,486490,A złodziej kiedyś i,pan Jan Heczko,11,3,1981,Edycja 5,207,False,Jakość konstrukcja nocny Rumunia przygotować. Dziewczyna w sobota budynek oko.,dostępny
33,978-1-118-00537-8,213609,Graniczyć ozdoba stowarzyszenie internetowy,Jan Suchta,2,2,2004,Edycja 4,803,True,Zawartość pomysł wina niebezpieczny ogon. Charakter oddech handel. Róg mi zasada uczyć się.,dostępny
34,978-0-89802-714-3,443939,Zaburzenie państwowy traktować oś 50,Andrzej Kostera,6,5,1981,Edycja 2,665,True,Administracyjny zmienić ty dokonywać znów wyrób odważny. Policzek minuta sos przyjść banknot rower.,dostępny
35,978-1-58030-468-9,835132,Zdrowie czterdzieści lato letni,Artur Tuzimek,7,3,1998,Edycja 4,878,True,Znak jakiś dziecięcy wyspa dom. Wojenny szukać otrzymać bitwa. Wyglądać plemię niechęć pokazywać.,dostępny
36,978-0-06-799813-7,147549,Stopa wysokość główny ruch,Krystyna Nóżka,13,1,1987,Edycja 3,679,False,Niemiecki piętro wiadomość rozwiązanie. Pociąg nie- szlachetny na przykład.,dostępny
37,978-0-513-27195-1,201913,Prawo ser obwód przyszłość żyć,pan Damian Dułak,10,2,2023,Edycja 5,126,True,Sos wiedzieć wiosna śnieg arabski. Sen mgła kłaść móc stary Kraków orzeł.,dostępny
38,978-1-214-76492-6,575679,Daleki azjatycki uderzenie obchodzić,Lidia Wałek,15,3,2008,Edycja 5,372,False,Kontakt lotnisko wspólnota pełen zawodnik przyjmować. 4 struktura wiedzieć ucho wspaniały.,dostępny
39,978-1-325-62168-2,535037,Róża brudny wąż los sylaba,Kornel Szkopek,14,1,2006,Edycja 4,601,False,Siostra lęk narzędzie pasmo jej Dania. Igła skończyć stół tradycja.,dostępny
40,978-1-4015-5778-2,134305,Nasiono blisko poniedziałek ciekawy broda,pan Natan Kurz,5,3,2025,Edycja 2,114,False,Pracować pióro las okres kultura lew. Owoc sylaba zjawisko miejsce umiejętność religia.,dostępny
41,978-0-9520046-1-5,347582,System wojenny około tył,Mikołaj Albin,7,3,1986,Edycja 1,750,False,Rak latać współczesny bronić. Specjalny umrzeć dawno Litwa więcej robić w kształcie wiersz.,dostępny
42,978-1-923645-87-5,776149,Wszelki fałszywy poprzedni łódź,Malwina Klucznik,13,3,2025,Edycja 1,524,False,Szósty Szwecja proszę oddać morski otwarty rozwiązanie.,dostępny
43,978-0-464-98931-8,299028,Chyba łódź my skłonność Indie,Kamil Noculak,5,1,1994,Edycja 4,332,True,Miejscowość kierować dostać wiatr. Plac Australia wpaść Ameryka materiał.,dostępny
44,978-1-65190-986-7,772875,Mocz świat muzyk,Jakub Konieczek,9,5,2008,Edycja 1,295,True,Sylaba autobus czarny stracić upadek obserwować istnienie. Wyrób ogon uczucie pytać.,dostępny
45,978-1-67197-889-8,355400,Brzuch staw wiara zajmować,pan Norbert Buza,8,2,1994,Edycja 5,553,True,Szanowny liść wiosna teraz. Szkodliwy centralny Turcja nie. Przeciwko reakcja ogólny życie.,dostępny
46,978-1-890260-12-5,970127,Kolumna dlaczego między żółty,Piotr Cyba,5,5,1996,Edycja 2,870,True,Ile policzek czapka grunt. Przecież babcia ślad grać wymagać 4.,dostępny
47,978-1-258-00106-3,444519,Japoński papież,pani Anita Latacz,12,2,1987,Edycja 5,349,True,Wiatr pytać wróg może niektóry osiągnąć obcy. Lis polski znowu miły Chrystus ozdobny np..,dostępny
48,978-0-464-98931-8,251716,Chyba łódź my skłonność Indie,Kamil Noculak,5,2,1994,Edycja 5,332,False,Transport zewnętrzny cukier ptak cierpieć. Gdy uderzać przyjechać lud.,dostępny
49,978-0-397-76719-9,215266,Coś hodować ogród przyjemność doskonały,Franciszek Bareja,8,1,1980,Edycja 2,546,True,Go posiłek budzić dorosły. Stworzyć niebezpieczeństwo historyczny dany broda tyle miłość.,dostępny
50,978-0-348-64518-7,928358,Odzież powód wesoły,Juliusz Kij,7,2,1976,Edycja 5,561,False,Brązowy Słońce gdzieś. Kawałek zrobić siódmy rodzina czerwiec.,dostępny
51,978-0-666-58004-7,282710,Zapomnieć treść ubogi,Leonard Wiekiera,14,3,2010,Edycja 1,529,True,Ulica ta przedsiębiorstwo wolno. Kierunek królewski parlament nie szeroki krowa.,dostępny
52,978-0-673-89975-0,651640,Uciekać poczta służyć zewnętrzny,Hubert Mazek,1,1,2006,Edycja 1,193,False,Biuro podział korzystać prosty powieść. 3 zupełnie prawie całość.,dostępny
53,978-0-8249-6718-5,915809,Tor system późno,Andrzej Zaczyk,2,3,1998,Edycja 5,581,True,Rozmowa oba bank miecz bliski. Kraków mieszkanie ludność mieszkaniec obszar królestwo ludzie.,dostępny
54,978-0-289-14161-8,628313,Szkoda drapieżny wzrok,Dorota Dziurdzia,6,2,1991,Edycja 5,428,True,Pojawiać Się gość państwowy ludzie. 9 osiągnąć następny.,wypożyczony
55,978-1-5230-8370-1,416282,Kosztować grób ciągnąć odpowiadać wy,Jan Wejman,8,4,2022,Edycja 1,833,True,Narodowość położony znaczenie gołąb wywołać śmierć rozwój dziecięcy. Obywatel epoka ryż określenie.,wypożyczony
56,978-1-07-303379-9,988456,Ściana wizyta pokonać,pani Sara Wojtunik,11,4,1982,Edycja 4,655,True,Zielony pięć pamiętać chronić zespół w kształcie podróż.,dostępny
57,978-0-333-73634-0,847006,Średniowieczny gwałtowny większy temperatura,Łukasz Kajdas,8,4,1975,Edycja 1,878,True,Rak 20 sześć koszt ozdobny.,dostępny
58,978-0-7182-7548-8,737846,Albo znowu,Ryszard Krzykała,4,2,2010,Edycja 1,221,True,Pijany odważny czuć treść tłum procent aktywny jednostka. Analiza kanał liczyć Indie.,dostępny
59,978-0-7990-7726-1,754644,Sygnał nie ma bić,Wojciech Siwczak,2,5,2017,Edycja 5,298,False,Ciotka zwolennik musieć bohater.,dostępny
60,978-0-89261-371-7,726410,Duży pomysł kalendarz chronić,Kazimierz Kusek,7,5,1971,Edycja 3,217,False,Fizyczny czytać aktywny klient źródło pomóc potrzebny. Mapa nasz wodny dobry model zmarły błoto.,dostępny
61,978-1-361-86371-8,734836,Kapelusz przyrząd Kościół zawsze,Bianka Nagórka,10,4,1972,Edycja 1,345,True,Się zbiór zamiast znów czytać. Lipiec wyłącznie poza nauczyciel człowiek karta stolica.,dostępny
62,978-1-932302-34-9,855855,Rodowity pojawiać się pracować uderzać,Gustaw Szczudło,5,2,1995,Edycja 4,701,False,Tajemnica alkoholowy sól zewnętrzny centrum poruszać siła. Ząb latać lew więc zielony odwaga.,dostępny
63,978-1-66372-395-6,533914,Podział powieść,Mikołaj Falba,13,3,2001,Edycja 4,117,False,Nigdy odpowiedź położenie. Domowy gmina uważać działalność Słońce katolicki parlament dziób.,dostępny
64,978-0-13-760375-6,865054,Pragnienie we fala,Olgierd Broszkiewicz,1,1,2015,Edycja 3,542,False,Gwiazda działanie podział środek Holandia potrafić położenie. Rozmowa klient tytuł przyjąć około.,dostępny
65,978-0-223-42321-3,797416,Ciąża zdolny pochodzić urodziny,Maciej Polaszek,11,3,1977,Edycja 3,802,True,Film powstać wejść uderzać. Późny z krwi i kości nawet. Ciepły osiemdziesiąt ubogi tamten krzew.,dostępny
66,978-0-928456-79-0,170394,Dzisiaj wojna ta wino,Ida Ładniak,13,1,2021,Edycja 1,513,True,Jedzenie ogień ? przedsiębiorstwo gospodarka lubić. Stanowisko Rzym archipelag spaść ćwiczenie.,dostępny
67,978-0-85196-115-6,201255,Księga dziewięćdziesiąt jeść spotkanie warunek,Ada Faryna,10,3,2023,Edycja 2,141,True,Wykonywanie kilka czyli dział brzuch pięć.,dostępny
68,978-0-89802-714-3,688967,Zaburzenie państwowy traktować oś 50,Andrzej Kostera,6,3,1981,Edycja 1,665,False,No Bóg zamiar mierzyć. Jedynie atmosfera komputer uznawać akcja wakacje sen święty.,wypożyczony
69,978-0-559-63632-5,797660,Charakterystyczny czeski,pan Hubert Deneka,9,4,2010,Edycja 1,176,False,Bogactwo opinia handlowy śmiech zachowanie sąd. Odpowiedź rozwój sport fragment słaby.,dostępny
70,978-0-671-12075-7,468727,Coraz sklep dział,pani Nicole Wlaźlak,2,1,1971,Edycja 5,690,True,Prawo alkoholowy odcień współczesny wątpliwość dziecięcy pozostawać.,dostępny
71,978-1-325-62168-2,788637,Róża brudny wąż los sylaba,Kornel Szkopek,14,4,2006,Edycja 2,601,True,Nie- prędkość wyjść więcej głód doskonały. Mądry więzienie kochać przygotować temat od.,dostępny
72,978-1-03-242044-8,986438,Składać Się mocz hasło wrzesień mój,Jędrzej Stuglik,2,5,1990,Edycja 3,260,True,Kolor obecnie brzeg produkować dziać się dawać. Wiara masło nadawać serce.,dostępny
73,978-0-552-81832-2,701987,Ściana urządzenie czyli ozdoba,Artur Filek,6,2,1994,Edycja 4,283,True,Ten katolicki gorący. Słuchać go narkotyk płyn. Siedzieć łuk dokonywać godność włosy.,dostępny
74,978-0-652-73543-7,130359,Jej Izrael kto noc,pan Nikodem Siwa,8,2,2021,Edycja 3,383,False,Pomagać własny blisko życie.,dostępny
75,978-1-69864-079-2,468074,Gospodarczy religijny,Kazimierz Dorobek,10,1,1976,Edycja 2,735,True,Jako surowy przyprawa niebo skrzydło strój.,dostępny
76,978-1-66863-341-0,789275,Jeszcze wszystko Chrystus,Oliwier Burchard,7,4,1995,Edycja 1,566,True,Stacja głównie zabić może. Charakter powstawać wybrzeże trwały świątynia.,dostępny
77,978-0-8091-9015-7,196214,Dać naukowiec wybitny ci,pan Konrad Michnowicz,8,5,2014,Edycja 2,129,False,Idea uczucie zamiast sylaba inny szyja. Zwłaszcza górski syn uczyć.,dostępny
78,978-0-606-02908-7,575682,Płynąć rachunek żelazo,Jędrzej Basista,10,3,1970,Edycja 2,356,False,Miecz artykuł ziemia postępować opuścić śpiewać aż. Wobec pragnąć brat.,dostępny
79,978-0-671-12075-7,856648,Coraz sklep dział,pani Nicole Wlaźlak,2,3,1971,Edycja 5,690,True,Bieda wujek płakać korzyść naród. Słowacki jaki gdzie poznać w celu.,dostępny
80,978-1-79082-723-7,263137,Zwykły powiat,Daniel Snoch,2,2,1994,Edycja 5,758,True,Stolica komórka przyjaciel powodować srebrny Kraków alkoholowy znaczyć. Kaczka cienki żeby.,dostępny
81,978-1-333-43333-8,385320,Właśnie podłoga lubić ojciec zmęczony,pan Fryderyk Berdzik,4,4,2006,Edycja 4,765,False,Ukraiński miód zdolność. Zmęczony znaleźć gniew zacząć.,dostępny
82,978-0-85641-118-2,534303,Morski granica uchodzić,Norbert Ernst,3,3,2016,Edycja 2,699,True,Pijany policja kuchnia środkowy. Dziać Się mleko pięć kawa. Gorączka wyścig filozofia rzadki.,dostępny
83,978-1-85366-498-4,550797,Srebro maj chyba jakość,Aurelia Czubaj,13,1,1984,Edycja 3,312,False,Wygrać potrawa umieć w końcu doświadczenie.,dostępny
84,978-0-637-31495-4,799539,Głowa ząb,Sonia Dziedzina,7,3,2018,Edycja 1,594,True,Nie- kultura nigdy tańczyć a dokonać. W Końcu różny drobny na przykład powstawać.,dostępny
85,978-1-945232-19-0,728437,Cmentarz dać świeży,Ewa Hermann,10,1,1970,Edycja 1,866,True,Chmura po otrzymywać wykorzystywać użytkownik. Piętro seksualny prasa korzeń rodzic.,dostępny
86,978-0-326-48704-4,321494,Trzydzieści wnętrze górny czas i,Radosław Działa,8,2,2013,Edycja 3,448,False,Przeciw tradycyjny jej wątpliwość. Klucz syn dobry wschód przedmiot władca głowa.,dostępny
87,978-1-84271-147-7,225812,Południe łaciński Polska biec,Sonia Gajcy,10,1,1971,Edycja 4,733,False,Mieć Na Imię 9 igła oni starożytny atak. Przyjaciel kwiecień zdjęcie syn należeć lekcja dla.,dostępny
88,978-0-397-76719-9,235461,Coś hodować ogród przyjemność doskonały,Franciszek Bareja,8,4,1980,Edycja 5,546,True,Usa zimny obiekt zwierzę wewnętrzny wioska. Zaburzenie dawać korzeń samolot 8.,dostępny
89,978-0-663-77805-8,685864,Zgodnie chodzić pełnić,Sonia Turoń,8,3,2014,Edycja 1,224,False,Przynieść kosztować akt kolej pieniądz zdrowie starożytny. Dziewiąty kierować prywatny kura.,dostępny
90,978-1-81291-428-0,557409,Prawda minister pan,Kacper Rejmak,15,1,2004,Edycja 4,230,True,Skała wzór wrócić !. Przyjemność ksiądz połowa wycieczka pojazd las skłonność.,dostępny
91,978-0-223-42321-3,703727,Ciąża zdolny pochodzić urodziny,Maciej Polaszek,11,4,1977,Edycja 5,802,False,Pragnąć umrzeć nosić dziewczynka mąż wiedza modlitwa trudno.,dostępny
92,978-0-86326-667-6,403578,Przerwa wynik Polska wczoraj język,Karol Kurpisz,12,1,1991,Edycja 4,430,True,Kobieta pas płakać przestrzeń woda dolina wysiłek.,dostępny
93,978-0-215-35396-2,280222,Stół szczęśliwy poważny,Blanka Flieger,7,5,2002,Edycja 4,720,False,Poznać godzina środek odcień.,dostępny
94,978-1-322-70267-4,557925,Wątpliwość lampa tamten,pani Roksana Matuszyk,4,1,2008,Edycja 2,304,False,Historia bezpieczeństwo podczas ciało. Który mistrz stół używać.,wypożyczony
95,978-1-933496-05-4,649414,Zwykle Litwa,Urszula Worach,8,1,2003,Edycja 4,227,False,Sylaba szklanka łódź milion śniadanie. Połowa przyjaciel książka potrzebować dokładny.,dostępny
96,978-1-69864-079-2,332335,Gospodarczy religijny,Kazimierz Dorobek,10,3,1976,Edycja 2,735,True,Współczesny obcy taki zabawa starożytny 0. Pająk dokładny przestać korzystać brzuch.,dostępny
97,978-0-693-85977-2,763984,Jesień metalowy miejscowość poczta,pan Nataniel Kwapis,1,1,2018,Edycja 5,665,True,Marzec góra przeszkoda przygotować podczas żeński.,dostępny
98,978-1-4424-9363-6,468154,Europa czy,Marcelina Stachów,5,2,2008,Edycja 2,776,True,Żyd głównie wybierać Grecja oddech że kraina. Maszyna sposób rzadko instrument.,dostępny
99,978-0-352-11039-8,368402,Bar doskonały jak,Norbert Chyb,7,2,2002,Edycja 2,777,True,Wciąż gołąb podstawowy dziki. Teatr okolica wiersz Słońce.,dostępny
100,978-1-69042-681-3,285751,Wiek palec Morze Śródziemne usuwać zamiar,Sara Glegoła,8,4,2008,Edycja 4,119,False,Lekki zachód dziura świnia przykład księga mały. Pamiętać pierwszy komputerowy osiem daleko ten.,dostępny
101,978-1-66863-341-0,774225,Jeszcze wszystko Chrystus,Oliwier Burchard,7,5,1995,Edycja 3,566,False,Osiągnąć kończyć mocz m.in.. Wygrać kobiecy sen.,dostępny
102,978-0-681-57981-1,561124,Brzeg zapis sprzedawać,Maciej Wylegała,6,1,2006,Edycja 4,112,False,Wyraz brat bycie te minister niebezpieczeństwo organizacja.,dostępny
103,978-0-462-73014-1,935012,Zająć gdy lecieć przechodzić,Robert Robaszkiewicz,3,3,2016,Edycja 5,152,True,Ze mieszkaniec położyć dzisiaj chociaż. Gdy szczególnie brak 0.,dostępny
104,978-1-5162-3198-0,631981,Rasa odcinek jedenaście,Sonia Piekart,4,1,1976,Edycja 3,277,False,Wolno chrześcijański krowa kłaść przeciwko ale. Policzek w czasie siebie.,dostępny
105,978-0-289-14161-8,139434,Szkoda drapieżny wzrok,Dorota Dziurdzia,6,1,1991,Edycja 3,428,False,Drobny barwa by. Oba kiedy 50 program.,dostępny
106,978-0-577-90714-8,775981,Potrzeba jedynie,Olaf Olewniczak,12,1,1991,Edycja 5,652,False,Mało kształt okrągły małżeństwo delikatny wolność rysunek. Dość grać mówić żaden.,dostępny
107,978-1-308-94870-6,708519,Kosztować pełnić strona Pan,Kalina Buszka,5,5,1978,Edycja 1,778,False,Letni dziś chęć przyjaźń kłopot.,dostępny
108,978-1-9737-4605-8,783501,Pora Ukraina wujek,Mikołaj Jaracz,12,2,2022,Edycja 3,344,False,Kościół wniosek pisanie ochrona.,dostępny
109,978-0-663-77805-8,258189,Zgodnie chodzić pełnić,Sonia Turoń,8,1,2014,Edycja 4,224,True,6 gorączka czyli obraz półwysep. Lipiec godność żaba postępować potem lis widzieć.,dostępny
110,978-0-496-39191-2,849014,Bogaty głowa kłopot udać się gwiazda,Emil Andrejczuk,12,1,2024,Edycja 5,201,True,Nazywać modlitwa trudny stać każdy tradycja. Napój surowy umowa południowy.,dostępny
111,978-1-56205-336-9,359778,Ćwiczenie ważny dawno,pan Artur Pałyga,14,4,2022,Edycja 4,578,True,Dlaczego norma flaga św. wybierać.,dostępny
112,978-1-57724-295-6,490963,Brzeg instytucja zacząć,Anita Dzierwa,1,3,1971,Edycja 4,337,False,Poprzez nazwa wymagać ono. Ojciec kochać spadek bank nasz mierzyć.,dostępny
113,978-1-69864-079-2,811875,Gospodarczy religijny,Kazimierz Dorobek,10,5,1976,Edycja 1,735,False,Deszcz roślina osoba zajmować się określać problem. Warszawa miód pomarańcza Ukraina.,dostępny
114,978-1-5126-9448-2,445705,Pszczoła porządek żołądek możliwość,Klara Skałka,6,1,2023,Edycja 5,879,False,Wystawa publiczny kilometr. Anioł wczesny ziemski ile. Bić ilość koniec pieniądze pochodzenie.,dostępny
115,978-1-82756-704-4,364236,Samochód cmentarz urząd,pani Julita Pytko,3,5,2014,Edycja 2,380,False,Dodatek przed kuchnia.,dostępny
116,978-1-333-43333-8,711046,Właśnie podłoga lubić ojciec zmęczony,pan Fryderyk Berdzik,4,2,2006,Edycja 3,765,False,Głównie rozwój czynić postać. Dlaczego stopień rzadko położony pusty umieć wywodzić się.,dostępny
117,978-1-4224-3864-0,235215,Wielki pan jego ryba tutaj,Marcelina Zuziak,2,5,2019,Edycja 1,161,False,Austria danie królestwo poduszka wywołać seks. Ten artystyczny adres wygląd.,dostępny
118,978-0-505-05739-6,494976,Chemiczny opowiadać podczas europejski,pan Dariusz Siwczak,8,3,1989,Edycja 2,453,True,Całkiem itp. brązowy. Związany śmierć Turcja mieszkanie handel srebro ogromny.,dostępny
119,978-0-18-848520-2,633188,Kolacja popularny,Tadeusz Olbrych,4,3,2022,Edycja 1,790,False,Do walka członek figura listopad śpiewać rada. Ojczyzna moralny bar wypadek.,dostępny
120,978-1-5189-5202-9,289019,Połowa płacić miły chęć serce,Marcin Rubin,7,2,1985,Edycja 3,603,False,Wiersz kultura alfabet lek chłopak uważać przynieść. Moralny wtedy bądź wśród rzadko owca wolno.,dostępny
121,978-1-4384-2150-6,337547,Pojawiać Się właściciel miejsce,pan Patryk Kiliszek,7,2,2002,Edycja 2,444,True,Dziki wątpliwość nie- pomysł wyłącznie stworzyć tam. Ząb oko ludzki upadek chmura.,dostępny
122,978-0-86375-998-7,985447,Odważny piłka,Marianna Milcarz,14,1,1996,Edycja 5,112,True,Biec wujek drewno osiem zajmować się. Ptak owca skład mieszkaniec niszczyć ojczyzna 6.,dostępny
123,978-1-5033-3491-5,903531,Pasmo miesiąc,Michał Lamch,7,5,1992,Edycja 2,412,False,Kształt poprzez handlowy. Niemiec klimat obszar w formie powolny francuski ksiądz.,dostępny
124,978-1-76205-554-5,270128,Wątpliwość zrozumieć wojskowy,Juliusz Kubaczyk,14,2,1996,Edycja 5,530,True,Obecny przedmiot Szwecja zawsze numer. Noc podobny europejski Węgry but szwedzki deszcz.,dostępny
125,978-0-7412-0948-1,145814,Rzadko we oś,Nicole Margas,9,4,1982,Edycja 3,767,True,Przedmiot kot marka.,dostępny
126,978-0-9520046-1-5,740255,System wojenny około tył,Mikołaj Albin,7,3,1986,Edycja 4,750,True,Biedny wybory butelka ogół pióro. Bez lipiec do numer typ długość śpiewać.,dostępny
127,978-0-396-85270-4,350786,Zaraz bo,Mikołaj Wasyluk,4,3,1979,Edycja 4,713,True,Problem czerwiec (…) rzeczywistość chemiczny rosnąć różowy. Wszelki m.in. poprzez pić.,wypożyczony
128,978-1-71333-447-7,811256,Wartość wakacje prasa Belgia,Rafał Szram,5,5,1982,Edycja 4,819,False,Ludzie jedynie kosz. Wyjść bydło kochać jednocześnie ciemność ze.,dostępny
129,978-0-7116-2411-5,915922,Wojskowy wysiłek wiosna,Angelika Strama,12,4,1971,Edycja 5,646,False,Przypominać stosunek stały jednak hodować przybyć sos. Upadek porządek pragnienie stado.,dostępny
130,978-0-305-17289-3,956572,Tłum temperatura w ciągu potrafić,Miłosz Śmieja,15,2,1985,Edycja 5,570,True,Nazywać aby siła gałąź. Prawie obecny jednak moneta terytorium obywatelka bądź.,dostępny
131,978-0-204-17929-0,154714,Powstanie dać,pan Filip Ślipek,5,4,1983,Edycja 3,357,True,Nasiono Dania ciężar. Pierwiastek większy czwarty skala krzyż zjeść. Różny statek wspólnota taki.,dostępny
132,978-0-7017-6563-7,992512,Zostać historyczny lista noc,pan Jerzy Gajdzik,8,1,1975,Edycja 3,220,True,Zwycięstwo chociaż posługiwać się dym białoruski. Otrzymać mi pomarańcza polityka.,dostępny
133,978-0-305-17289-3,386042,Tłum temperatura w ciągu potrafić,Miłosz Śmieja,15,4,1985,Edycja 5,570,True,Powoli zawsze uczyć los lud Dania. Ja 50 węgiel dolina papież.,wypożyczony
134,978-1-56792-287-5,196168,Tracić mięso pokazywać wszystko,Tobiasz Warchał,3,2,1996,Edycja 4,581,False,Lato czeski przybyć wielki słowo łatwy porządek wieczór. Całkowity kilka biec grupa otrzymać.,dostępny
135,978-0-88013-361-6,535050,Zewnętrzny nieszczęście czekolada,Wojciech Prażuch,8,1,2016,Edycja 4,324,False,Nocny Indie uczucie tłumaczyć znaczenie stracić.,dostępny
136,978-0-09-109391-4,504924,Ci znajdować rosyjski,Kamil Durczok,5,1,1982,Edycja 3,779,True,Długi sześć przestrzeń ile. Pierwiastek podawać piłka nożna główny moment telewizja.,dostępny
137,978-0-7501-1024-2,434165,Ziemia zawartość ciemność skrzydło muzyczny,Kornelia Klatka,5,1,1971,Edycja 3,546,True,Ozdobny pozwalać wzrok. Złapać koło jakość kraina kolorowy walczyć budować wyjść.,dostępny
138,978-1-105-56613-4,140163,Rzadki przestać zero grupa wiersz,pani Natasza Ornat,10,3,2017,Edycja 4,223,True,W Końcu pomagać zakończyć pasek rok. Rosyjski wykonać jądro. Córka średni rejon zielony.,dostępny
139,978-0-207-04961-3,570392,Sport r,Fryderyk Draus,6,5,1976,Edycja 1,358,True,Posługiwać Się towarzystwo wschodni bitwa bardzo. One wyrok późny opieka.,dostępny
140,978-0-472-12281-3,368355,Nasz całość za pomocą pole,Jan Panuś,9,2,2001,Edycja 2,865,False,Sala kształt zająć dobry przepis poza. Z hotel koszt dno budowa słoneczny przyjechać.,dostępny
141,978-0-204-61872-0,913875,Kult może wobec,Marcel Ulrych,12,3,2018,Edycja 2,217,False,Panna lipiec kot historia. Dość bliski zostać babka walka pytanie.,dostępny
142,978-1-186-38782-6,150068,Zjawisko złożyć przeznaczyć wyspa jądro,Adrian Ciemięga,15,2,1972,Edycja 4,484,False,Piłka układ okresowy mocno wilk kolejowy.,dostępny
143,978-0-14-986430-5,216242,Zdrowy jeść,Albert Żyto,8,4,1983,Edycja 5,434,True,Zero dawno 20 ciepły łąka mnóstwo niezwykły. Miłość statek poduszka opuścić zgadzać się.,wypożyczony
144,978-1-137-68151-5,702980,Jedyny atmosfera,Aniela Świtaj,4,2,1987,Edycja 2,216,False,Czarny otwierać w. brzydki. Spotkanie kupić wykorzystywać on widzieć położenie dokument król.,dostępny
145,978-0-589-35712-2,101640,Abugida biały świat średniowieczny,pan Artur Rajchel,13,5,1995,Edycja 3,788,True,Żona piętro przybyć marka potrzeba handel 5 choroba. Organ zacząć miara.,dostępny
146,978-1-9737-4605-8,536802,Pora Ukraina wujek,Mikołaj Jaracz,12,2,2022,Edycja 1,344,False,Pożar składnik wodny ostatni zwrot sól. Ćwiczenie sierpień żelazo.,dostępny
147,978-0-588-74495-4,651613,Łódź duński jądro postawa,pan Franciszek Neska,15,5,2004,Edycja 5,488,True,Prosty strata organ strój zachód. Ciężki ale tył radiowy.,wypożyczony
148,978-0-659-26610-1,592972,Oznaczać górny uczeń dodawać północny,pan Tymon Graboś,14,1,1999,Edycja 4,245,False,Lipiec ptak październik lustro. Węgiel autor dziki śmierć pasek padać.,dostępny
149,978-1-65198-253-2,883618,Wybrać warstwa,Jacek Walentynowicz,4,1,2021,Edycja 3,223,True,Nawet rodzina choć oczekiwać. Górny czyjś wiele kupować. Mężczyzna naj- żywy oba biskup.,dostępny
150,978-1-85366-498-4,352838,Srebro maj chyba jakość,Aurelia Czubaj,13,1,1984,Edycja 5,312,False,Cecha iść zachodni skała pokój narodowość artysta. Szwajcaria matematyka kraj.,dostępny
151,978-1-04-888992-5,146489,Zostać ser,Błażej Banyś,12,3,2009,Edycja 5,891,False,Metalowy stowarzyszenie piłka nożna policjant z krwi i kości. Wątpliwość gaz ja 90.,dostępny
152,978-0-397-76719-9,970720,Coś hodować ogród przyjemność doskonały,Franciszek Bareja,8,4,1980,Edycja 4,546,True,My ! daleki ale usuwać stawiać. Mgła korzystać mur okoliczność.,dostępny
153,978-0-441-96931-9,166165,Pomarańczowy kierunek pomóc opisać,Gaja Majtyka,5,4,1990,Edycja 1,800,False,Tylko doskonały aby bitwa egzamin uprawiać bilet. Relacja przyrząd letni właśnie.,dostępny
154,978-1-174-77332-7,145934,Około metoda powietrze fotografia tytuł,pani Ida Dziadkowiec,13,2,1974,Edycja 1,364,False,Chemiczny wszelki utwór cały próbować gleba słownik. Bajka świeca autobus mysz.,dostępny
155,978-1-5189-5202-9,640418,Połowa płacić miły chęć serce,Marcin Rubin,7,4,1985,Edycja 5,603,False,Ludzie program upadek sąd marzec gorący. Religia katastrofa prostytutka ziarno.,dostępny
156,978-1-65198-253-2,138399,Wybrać warstwa,Jacek Walentynowicz,4,2,2021,Edycja 3,223,False,Umowa potem gotować wyjść zaufanie osioł. Uchodzić wkrótce – wiara przedsiębiorstwo.,dostępny
157,978-1-314-53038-4,787584,Wschód tytoń deska mówić,pani Nicole Orszulik,10,3,2013,Edycja 3,677,True,Gaz zająć oficjalny uczucie pisać.,dostępny
158,978-1-71333-447-7,558176,Wartość wakacje prasa Belgia,Rafał Szram,5,4,1982,Edycja 4,819,False,Syn tarcza działać kontakt. Morski przyjęcie wóz wysoko potrafić martwy studia.,dostępny
159,978-1-69864-079-2,295892,Gospodarczy religijny,Kazimierz Dorobek,10,4,1976,Edycja 4,735,False,Poczta przez odzież kilometr mnóstwo. Zwykły koza zaczynać ziemniak. Mocno gdy tutaj plac całość.,dostępny
160,978-1-274-22091-2,379676,Kochać świeży szpital,Mateusz Nytko,11,1,1988,Edycja 4,257,True,Słońce fałszywy pająk. 5 panować flaga specjalista drużyna powoli.,dostępny
161,978-1-4976-7762-3,731718,Służba warzywo górski,Bruno Wacław,14,2,2002,Edycja 5,375,False,U teren punkt składać się. Bardzo złodziej głęboki.,dostępny
162,978-0-7182-7548-8,207581,Albo znowu,Ryszard Krzykała,4,1,2010,Edycja 3,221,False,Znaczenie gdyby swój.,dostępny
163,978-0-589-04290-5,567576,Czynić wzrok 1000,Mikołaj Wiesiołek,5,5,1994,Edycja 4,589,True,Fragment sądowy położony następować. Zakończyć struktura nauka.,dostępny
164,978-0-9520046-1-5,468623,System wojenny około tył,Mikołaj Albin,7,4,1986,Edycja 1,750,False,Przedsiębiorstwo łagodny uciec próbować. Serce badać terytorium połączyć.,dostępny
165,978-0-9604432-7-7,387892,Cel przedstawiciel,Urszula Grodek,13,1,2008,Edycja 1,874,False,Metal służba do zdrowy czarny zaraz.,dostępny
166,978-1-57724-295-6,638009,Brzeg instytucja zacząć,Anita Dzierwa,1,2,1971,Edycja 1,337,True,Dialekt zanim reakcja lata. Się cztery typowy skłonność piętro. Pole para szczególnie żona.,dostępny
167,978-0-7412-0948-1,136489,Rzadko we oś,Nicole Margas,9,2,1982,Edycja 1,767,True,Mierzyć znów składać ładny. Krzyż zwłaszcza odkryć. Nazwa kapelusz ich przed aby posługiwać się.,dostępny
168,978-0-17-342069-0,479742,Czechy głos poduszka tekst,Bartek Budzeń,5,4,2005,Edycja 5,823,True,Użyć graniczyć wcześnie wzrost. Rosja plecy kobieta wybrzeże zobaczyć łaciński.,dostępny
169,978-1-76205-554-5,812048,Wątpliwość zrozumieć wojskowy,Juliusz Kubaczyk,14,4,1996,Edycja 3,530,False,Muzyk przejście w końcu korona rzucić że. Kontynent mi kraj lekki odbywać się na zewnątrz.,dostępny
170,978-0-9520046-1-5,900152,System wojenny około tył,Mikołaj Albin,7,1,1986,Edycja 5,750,True,Czekać przychodzić źródło temperatura próba film opinia. Dom skrzydło student hałas.,dostępny
171,978-0-09-143639-1,484774,Kto warunek,Ksawery Miodek,8,4,1995,Edycja 3,664,False,Pić metalowy produkować policja. Nowy przebywać organizm wola hodować finansowy.,dostępny
172,978-1-06-138782-8,218959,Stół liczba łódź drewniany kobieta,Andrzej Solich,8,1,2014,Edycja 2,377,False,Czasownik uczyć też dach bogactwo. Brązowy restauracja okrągły głowa.,dostępny
173,978-1-274-22091-2,505785,Kochać świeży szpital,Mateusz Nytko,11,5,1988,Edycja 1,257,False,Fotografia klucz epoka mi głośny głowa.,dostępny
174,978-1-03-127722-7,838237,Grupa potem,Justyna Gubernat,13,4,1992,Edycja 2,806,False,Ślad region wszystkie myśl. Zaburzenie śniadanie wysoko wpaść pasek postawa słowo.,dostępny
175,978-0-333-73634-0,309902,Średniowieczny gwałtowny większy temperatura,Łukasz Kajdas,8,1,1975,Edycja 2,878,True,Patrzeć problem diabeł w czasie dzięki. Warstwa sobie bóg stać się koszt szklanka.,dostępny
176,978-0-289-14161-8,281043,Szkoda drapieżny wzrok,Dorota Dziurdzia,6,4,1991,Edycja 1,428,False,Walczyć jak sam 8. Oba wąż czeski pogląd adres medycyna.,dostępny
177,978-1-896908-35-9,844007,Morze ? całkiem publiczny,Klara Siejak,11,1,1974,Edycja 5,316,False,Przechodzić płacić artystyczny publiczny np.. Zajmować kształt gość suma stacja gęsty.,dostępny
178,978-0-347-85196-1,992717,Coś norma,Urszula Smektała,8,2,2007,Edycja 2,590,False,Liczba Atomowa oznaczać lis zawód stały uciec mysz. Wszystek właściwość brat żywność jak ubogi.,dostępny
179,978-1-71632-346-1,335134,Lecz akt 3 jezioro,pan Oskar Piszcz,5,1,1979,Edycja 2,664,True,Płeć społeczny ciągnąć hałas piętro pismo odmiana. Pracownik wydawać się kupować dziki handel.,dostępny
180,978-1-71746-542-9,928766,Myśl świat,Józef Saj,10,4,1987,Edycja 1,477,False,Piętnaście samochód pisanie środowisko ciecz mieć na imię. Np. chęć naukowy.,wypożyczony
181,978-1-150-93771-2,700076,Ptak wywołać,Janina Imiela,10,3,1972,Edycja 4,775,True,Idea wychodzić stawiać siebie rolnik. Znaczenie znaczenie przejść.,wypożyczony
182,978-0-7636-5564-8,168941,Siostra sytuacja jesień czysty,Jeremi Gęca,13,3,1986,Edycja 4,131,False,Nawet pieniądz otaczać polityk ani. Wziąć rasa restauracja być metoda obcy władca promień.,dostępny
183,978-0-637-31495-4,530749,Głowa ząb,Sonia Dziedzina,7,4,2018,Edycja 5,594,True,Duński dziewczyna stary moneta. Wojskowy pora mieć szary siedzieć r. spotkanie.,dostępny
184,978-0-586-50948-7,432427,Cesarz impreza,Przemysław Szulczyk,4,1,1976,Edycja 4,177,False,Swój okręt szkoła kosz zakres. Autor muzyczny wiosna znaczny prawo. Orzeł człowiek nosić.,wypożyczony
185,978-0-7017-6563-7,461249,Zostać historyczny lista noc,pan Jerzy Gajdzik,8,2,1975,Edycja 5,220,True,Przeszłość dolina moralny. Zacząć dawać gatunek budynek oni bieda.,dostępny
186,978-1-85289-755-0,553633,Wprowadzać karta strach grunt papieros,pani Ewelina Hnat,14,5,1984,Edycja 1,742,True,Psychiczny cztery czwartek masa wewnątrz. Trzymać tytuł ze. Długo zakończenie surowy zostać obóz.,dostępny
187,978-1-274-22091-2,260448,Kochać świeży szpital,Mateusz Nytko,11,3,1988,Edycja 2,257,True,Złoty gałąź temu handel spokojny film. Następny spokój chodzić.,dostępny
188,978-1-386-46317-7,843788,Żołnierz drapieżny potrafić prowadzić,pan Stanisław Wawrzynek,9,2,1996,Edycja 3,882,False,Ciągnąć klimat godzina płacić.,dostępny
189,978-1-880434-16-1,362778,Dobrze kartka suchy wydarzenie,Grzegorz Hak,1,2,2016,Edycja 5,458,False,Pół badanie słoneczny zaczynać nauczyciel wiek. Uczyć często ostry kolacja wziąć skrzydło uznawać.,dostępny
190,978-0-586-50948-7,755383,Cesarz impreza,Przemysław Szulczyk,4,3,1976,Edycja 5,177,True,Między prawda wspomnienie wszystek niezwykły. Region przyszłość umieszczać 6. Sześć umieścić model.,dostępny
191,978-1-366-68459-2,772124,Gęsty praca,Marcin Skierka,1,2,2008,Edycja 5,745,True,Tytuł telewizja ryba niemiecki. Dwa właściwy oficjalny rodowity cesarz.,dostępny
192,978-0-11-175186-2,790731,Porządek określony uczyć roślina pić,pani Kornelia Tywoniuk,10,5,1979,Edycja 5,651,False,Wizyta ciągle mieszkanie kąt układ okresowy. Spać tytoń dno chcieć popularny.,dostępny
193,978-0-602-56434-6,143195,Lot uderzyć daleki żywność,pan Mieszko Gołoś,13,1,1985,Edycja 1,656,True,Program (…) telewizja hałas przerwa pięć służyć. Żeby należy podawać.,dostępny
194,978-0-591-26620-7,377511,Ser ziemniak,Ignacy Juroszek,7,2,2014,Edycja 5,144,False,Uznawać internetowy grzyb umieć sprawiać wszystkie słuchać internetowy.,dostępny
195,978-0-8091-9015-7,622230,Dać naukowiec wybitny ci,pan Konrad Michnowicz,8,5,2014,Edycja 3,129,False,Zakres teren zapach pytać. Ząb proces mocny relacja łuk ofiara.,dostępny
196,978-0-425-83230-1,356773,Użytkownik opuścić związany,Fryderyk Rompa,1,4,2023,Edycja 3,292,False,Tradycja przychodzić pierwszy przypadek świeży. Zaś szybko nastrój przedmiot późny.,dostępny
197,978-0-02-146566-8,822063,Zasada rok plaża istnienie organ,pani Gaja Klimko,5,1,1985,Edycja 2,183,False,Więc kawa dla szereg. Mowa okazja poniedziałek. Połowa nadzieja marzec letni.,dostępny
198,978-0-13-760375-6,607774,Pragnienie we fala,Olgierd Broszkiewicz,1,4,2015,Edycja 2,542,False,Drugi cisza rynek. Biec Austria samochodowy. Się podnosić sukces obecny.,dostępny
199,978-1-911665-53-3,427766,Palić usługa umysł wiatr,pani Inga Dworczak,6,3,1999,Edycja 3,645,False,Wzgórze pojawiać się przeszkoda uchodzić uważać ochrona społeczny pusty. Z środek północny służba.,dostępny
200,978-1-85289-755-0,897615,Wprowadzać karta strach grunt papieros,pani Ewelina Hnat,14,3,1984,Edycja 5,742,True,Kino restauracja autobus stawiać. Farba miły dziać się gorączka.,dostępny
201,978-0-387-59271-8,353480,Impreza mierzyć niedziela,Kalina Staniaszek,5,4,2021,Edycja 1,187,False,Znaczyć następować słońce skóra. Państwo gorący wchodzić korzystać człowiek literacki szybki.,dostępny
202,978-0-07-942007-7,359961,Internetowy dorosły przestrzeń,pani Julita Fogiel,6,2,2004,Edycja 1,518,True,Padać 1 wzrok katolicki. Biblioteka kultura fala scena.,dostępny
203,978-0-8055-2578-6,502810,Podatek położyć miejsce,pan Olaf Gregorowicz,12,5,1980,Edycja 4,229,True,Naukowy wyrażenie wisieć kula bułgarski oddech.,dostępny
204,978-0-520-56647-7,952993,Proces (…) sytuacja,Cezary Szkatuła,6,3,2008,Edycja 5,750,False,Towarzystwo żywy polegać Anglia. Miara rodzaj poważny uczyć się Azja.,dostępny
205,978-1-82996-291-5,900190,Metr energia dzień,Dawid Pędzik,10,2,1986,Edycja 4,784,False,Zmienić Afganistan srebrny Rzym uprawiać pacjent. Okno sieć piasek świeży chory dawać Niemcy jaki.,dostępny
206,978-1-66907-826-5,423528,Ani płaszcz podstawa,pan Alan Kaletka,8,4,1975,Edycja 1,815,True,Zgodnie kanał muzyka kartka lista. Wieś matka most olej. Płakać tekst zobaczyć przyjść filozofia.,dostępny
207,978-1-4918-0172-7,629996,Użytkownik jego sześćdziesiąt,Jędrzej Lampa,3,4,2019,Edycja 2,414,True,Zmieniać lis określony nasienie głupota. Ruch majuskuła przyjemny gwiazda.,dostępny
208,978-1-4921-5182-1,470037,Błoto mój ciągle przyszłość,pan Robert Grotek,15,1,2009,Edycja 1,490,False,Morze zarówno wpaść pokryć istnieć wada. Jakość znów chłop przynosić. Wciąż bić płaszcz.,dostępny
209,978-0-415-14888-7,726543,Moralny poprzedni,Ignacy Cabała,5,4,1994,Edycja 3,662,True,Stacja zwierzę rejon bogini większość Jezus ogień. Wybuch uznawać matematyka padać.,dostępny
210,978-1-4270-3120-4,551860,Grecki nóż moralny leczenie,pani Sylwia Lenc,10,2,1972,Edycja 3,865,False,Obywatelka ciemność radość zacząć. Literacki 20 epoka centrum.,dostępny
211,978-0-7678-9973-4,483713,Atak 20,pani Róża Siwka,8,1,2014,Edycja 4,805,True,Przeciwko Francja złoty kierować.,dostępny
212,978-0-608-75243-3,689107,Wrażenie flaga chłopak śmiech,Alex Fiołka,14,2,2004,Edycja 3,293,False,Miły finansowy określać zakład niebezpieczeństwo przyjaźń jądro.,dostępny
213,978-0-02-146566-8,505116,Zasada rok plaża istnienie organ,pani Gaja Klimko,5,5,1985,Edycja 4,183,False,Stosunek strefa owca odcinek sprawa. Straszny przejść brat.,dostępny
214,978-1-306-52407-0,234913,R. projekt wróg krok,pani Anita Fidura,15,1,1988,Edycja 4,419,False,Azjatycki transport zamykać ulica pięć.,dostępny
215,978-1-69864-079-2,684929,Gospodarczy religijny,Kazimierz Dorobek,10,3,1976,Edycja 2,735,True,Poduszka płeć język wymagać straszny rodzina. Cienki noc oś Polak. Żyd pomoc działalność.,dostępny
216,978-1-71632-346-1,520884,Lecz akt 3 jezioro,pan Oskar Piszcz,5,5,1979,Edycja 1,664,True,Przestępstwo kolorowy teraz religia kupić. Rok rozmowa zachowanie umieć Szwajcaria tworzyć.,dostępny
217,978-0-397-55231-3,243693,Sprawiać w końcu mocny,pan Norbert Galos,12,3,1990,Edycja 4,269,False,Czynić kobiecy fabryka niezwykły. Rumunia późno moc relacja. Wujek cień psychiczny słaby ciągle.,dostępny
218,978-1-204-39407-2,735710,Gdy spodnie,pani Ewa Cherek,9,5,2014,Edycja 2,763,False,Mieszkanka początek krzyż potrafić.,dostępny
219,978-0-387-59271-8,270395,Impreza mierzyć niedziela,Kalina Staniaszek,5,4,2021,Edycja 5,187,False,Postać syn to sala gwałtowny ciężar pojemnik. Wszystkie 8 do kino. Wejść świeca stawiać doskonały.,dostępny
220,978-1-5033-3491-5,631958,Pasmo miesiąc,Michał Lamch,7,5,1992,Edycja 5,412,False,Kość niektóry telewizja znaczny ?. Badanie uprawiać Litwa. Młody okno dziewiąty.,dostępny
221,978-0-602-56434-6,414353,Lot uderzyć daleki żywność,pan Mieszko Gołoś,13,4,1985,Edycja 1,656,False,Poczta kosz godność samochodowy obecny. Wolno tydzień wojna chory.,wypożyczony
222,978-0-616-75677-5,806537,Przed bać się,Leon Steckiewicz,9,1,1999,Edycja 4,489,False,Sprawiać latać prąd skóra. Żyć różny określać oni uważać dopiero.,dostępny
223,978-0-88013-361-6,725905,Zewnętrzny nieszczęście czekolada,Wojciech Prażuch,8,4,2016,Edycja 3,324,True,Miód pomarańcza artysta symbol. Gra śniadanie za pomocą wzór.,dostępny
224,978-1-79082-723-7,711868,Zwykły powiat,Daniel Snoch,2,4,1994,Edycja 2,758,False,Narodowy skala żyć niż klasa. Poważny krzyż królowa ostry zegar pamięć.,dostępny
225,978-1-383-38848-0,961574,Kurs latać niebezpieczeństwo profesor,Janina Nastały,6,2,2005,Edycja 1,170,True,Pociąg tani burza pytanie. Majuskuła w. prawny maj minuskuła.,dostępny
226,978-1-82996-291-5,119857,Metr energia dzień,Dawid Pędzik,10,4,1986,Edycja 3,784,False,Smutny gdzie ogólny dwudziesty. Bitwa odnosić się twarz program centralny.,dostępny
227,978-0-681-57981-1,533020,Brzeg zapis sprzedawać,Maciej Wylegała,6,2,2006,Edycja 4,112,False,Umieścić szczęście drewno Turcja. Cień ludzie kilometr nic.,dostępny
228,978-0-686-50863-2,840058,Sygnał wobec pływać widok,Kaja Janke,6,2,1987,Edycja 5,316,True,Mieszkanie dość naturalny włożyć 40 zatoka trudność.,dostępny
229,978-0-89802-714-3,440839,Zaburzenie państwowy traktować oś 50,Andrzej Kostera,6,4,1981,Edycja 5,665,False,Kwiecień zamykać obserwować 6 rano. Mieszkaniec niski trzymać seks pójść uchodzić pracownik.,dostępny
230,978-0-223-42321-3,281594,Ciąża zdolny pochodzić urodziny,Maciej Polaszek,11,4,1977,Edycja 5,802,False,Sprawiać nic zdrowy głupek urodzić się wysiłek. Wszystko my obszar zazwyczaj.,wypożyczony
231,978-0-249-72439-4,471496,Lot niezwykły osoba produkować wykonanie,Ewa Wiewiórka,6,3,2009,Edycja 5,619,False,Nieszczęście w formie chrześcijański dane zdrowy. Pieniądze pełen mieszkanka mały wybitny.,dostępny
232,978-1-4384-2150-6,358494,Pojawiać Się właściciel miejsce,pan Patryk Kiliszek,7,3,2002,Edycja 5,444,False,Kontakt położenie znosić większy na zewnątrz stół. Koń nie dla nic strefa pałac nóż.,dostępny
233,978-1-4019-2927-5,412071,Zakończyć numer żelazo warzywo,Cyprian Łyskawa,8,3,1979,Edycja 2,558,False,Dyskusja ptak twój mocny zrozumieć płyta chociaż. Dziadek nie- wszystek w wyniku kościelny srebro.,dostępny
234,978-1-955289-38-2,603110,Młody teoria idea wychodzić zbiornik,Alan Kuszyk,3,3,2006,Edycja 5,676,False,Wyrok bok pogląd wódka tu transport wspólnota. Uprawiać urodzić inny Szwecja ozdobny.,dostępny
235,978-1-292-84222-6,227794,Pierwiastek cały zdrowie,Monika Skowyra,9,5,1995,Edycja 5,399,False,Urządzenie list pół słyszeć stół zdolność. Znaczyć oś dotyczyć sędzia. Liść diabeł śmiech nasienie.,dostępny
236,978-1-945232-19-0,958130,Cmentarz dać świeży,Ewa Hermann,10,3,1970,Edycja 2,866,False,Dalej majątek elektryczny płaszcz bądź ze. Siedziba małżeństwo wybitny.,dostępny
237,978-1-81291-428-0,401602,Prawda minister pan,Kacper Rejmak,15,1,2004,Edycja 3,230,False,Technika bieda dawny nowy. Na Przykład słoń 0 hodować. Sprawiać wieczór pieniądze panna sędzia.,wypożyczony
238,978-0-02-194672-3,883641,Także spać przyjąć,Tymoteusz Kuder,6,4,2017,Edycja 2,222,True,Chronić sześć Warszawa ten zewnętrzny. Pszczoła Chrystus Piotr łączyć czarny pojawić się.,dostępny
239,978-0-471-56627-4,384303,Rynek model telefon jeśli,pan Fryderyk Baumgart,15,5,1999,Edycja 3,239,True,Sowa łóżko pierwiastek chemiczny ptak początek element pięćdziesiąt. Pasek włoski mocny spać choć.,dostępny
240,978-1-4270-3120-4,745584,Grecki nóż moralny leczenie,pani Sylwia Lenc,10,5,1972,Edycja 2,865,True,Ilość zawsze okolica wierny. Jakość czasem żelazo strój pracować.,dostępny
241,978-1-989266-59-5,802371,Nadawać podróż,Eliza Kacperek,11,5,1994,Edycja 2,127,True,Rada pół kościół lis chyba. Koń go pomarańczowy.,dostępny
242,978-1-79082-723-7,205065,Zwykły powiat,Daniel Snoch,2,4,1994,Edycja 3,758,False,Wyłącznie ubogi szpital ząb japoński ozdoba po. Babcia zdobyć ich umowa wyrób zmieniać twarz.,dostępny
243,978-0-8299-7968-8,814281,Jajko urodzić strój znaczny dział,pani Agnieszka Sulik,4,2,1990,Edycja 1,576,True,Obiekt Pan zbiornik Azja wojskowy odkryć. Zajęcie stać się więc blisko.,dostępny
244,978-0-466-57293-8,784607,Ciąża ci jeździć,Ksawery Stosio,7,4,2011,Edycja 4,378,True,Hodować prawie informacja. Alkohol prowincja przygotowywać obraz bliski.,dostępny
245,978-1-292-84222-6,436768,Pierwiastek cały zdrowie,Monika Skowyra,9,3,1995,Edycja 1,399,True,Podatek para ładny spotkanie w wyniku Anglia metalowy. Chory pragnienie byk para zespół.,dostępny
246,978-1-64208-656-0,343500,Pomarańcza relacja szpital łatwy,Ryszard Pryk,10,5,1983,Edycja 1,492,True,Kupować wpaść tysiąc polować. Prezent produkcja nasz.,dostępny
247,978-0-86326-667-6,978292,Przerwa wynik Polska wczoraj język,Karol Kurpisz,12,2,1991,Edycja 1,430,False,Dodatek mistrz płakać specjalny tam przyprawa.,dostępny
248,978-0-415-14888-7,295361,Moralny poprzedni,Ignacy Cabała,5,3,1994,Edycja 1,662,True,Wódka wiatr kolega wrócić Litwa. Zaburzenie jakiś dyrektor Żyd rozmiar wycieczka dyrektor.,wypożyczony
249,978-0-455-47813-5,695551,Widok ogromny dusza słońce,Urszula Lalak,10,5,2009,Edycja 1,391,False,Mało ptak bo idea zdrowy. Podstawa kwestia podać. Smutny społeczeństwo różnica różowy.,dostępny
250,978-1-82756-704-4,576419,Samochód cmentarz urząd,pani Julita Pytko,3,5,2014,Edycja 5,380,False,Królestwo typ grupa twarz cmentarz. Źle obecny instytucja czuć. Ono wykorzystywać kosztować.,dostępny
251,978-1-04-888992-5,992400,Zostać ser,Błażej Banyś,12,5,2009,Edycja 4,891,False,Wywodzić Się papież konstrukcja psychiczny pozbawić alfabet.,dostępny
252,978-1-4384-2150-6,948102,Pojawiać Się właściciel miejsce,pan Patryk Kiliszek,7,1,2002,Edycja 3,444,True,Potem od bank alkohol przyrząd grzech poprzedni. Może wykorzystywać strefa z.,dostępny
253,978-1-03-045319-6,779776,Sen robotnik czynność potrzebować pochodzenie,Anastazja Dyda,6,3,2018,Edycja 2,521,True,Używać zrozumieć tłuszcz otoczenie twarz. Bycie kwestia zamiar spotkanie tyle ani dziecko mowa.,dostępny
254,978-1-5033-3491-5,929179,Pasmo miesiąc,Michał Lamch,7,3,1992,Edycja 5,412,True,Gniew żart powierzchnia pomagać lekarz wracać.,dostępny
255,978-0-397-76719-9,740632,Coś hodować ogród przyjemność doskonały,Franciszek Bareja,8,4,1980,Edycja 4,546,False,Rzym niewielki Egipt godność lina. Czytać zgoda pamiętać w spać.,dostępny
256,978-0-7636-5564-8,520304,Siostra sytuacja jesień czysty,Jeremi Gęca,13,1,1986,Edycja 2,131,True,Niebieski kolej sto rozumieć piosenka. Częściowo chcieć pamięć polityka. Naturalny majątek ustawa.,dostępny
257,978-1-5333-1537-3,439320,Bohater cukier masło wzgórze,Sandra Cymer,14,2,1981,Edycja 1,101,False,Sukienka 90 Europa podczas strój pomysł ocena pogląd. Kolejowy dzisiejszy mówić podawać.,dostępny
258,978-1-77490-509-8,346961,Wypadek Egipt cesarz bogactwo,Bruno Ciuruś,9,4,1973,Edycja 3,330,False,Postępować zbiornik bohater. Kupić zabawka zatrzymać średni postępować dane długi ich.,dostępny
259,978-0-326-48704-4,710754,Trzydzieści wnętrze górny czas i,Radosław Działa,8,5,2013,Edycja 1,448,False,Człowiek jednak podnieść małpa. Terytorium organizacja budzić dziadek przejaw rak drugi.,wypożyczony
260,978-1-327-56041-5,826420,Dodatek kara nadmierny robotnik,Miłosz Nawój,12,2,1987,Edycja 1,708,True,Mama 8 trudność wybór papież głos. Osiągnąć każdy mi przestrzeń układ okresowy burza choroba.,dostępny
261,978-0-325-41107-1,421709,Intensywny zakres królowa ponad,Witold Dybaś,9,2,2002,Edycja 4,137,False,Rodowity wódka dziura żona.,dostępny
262,978-1-306-52407-0,769737,R. projekt wróg krok,pani Anita Fidura,15,3,1988,Edycja 3,419,True,Szereg sobota klucz reguła. Walka rządzić stosunek zdanie.,dostępny
263,978-0-9712847-8-4,240057,Bok no,Natasza Kornak,13,4,2020,Edycja 2,346,False,Autor głos restauracja krzesło decyzja teoria turecki wybrzeże. Szereg one Azja nauczycielka dusza.,dostępny
264,978-1-65280-924-1,536045,Dzięki kobiecy bawić się,Dawid Sularz,4,5,2018,Edycja 4,370,True,Główny moment człowiek. Obcy stado wiara europejski nóż pomieszczenie.,dostępny
265,978-0-203-09376-4,813390,Dno hotel,pan Mateusz Janowiak,6,5,1993,Edycja 1,819,False,Uznawać utwór bardzo mi koło przyjąć oddawać. Pierwiastek Chemiczny kawa sierpień padać.,dostępny
266,978-1-195-62525-4,837952,Głowa taki pałac obowiązek,Nela Kulon,8,3,2017,Edycja 1,349,True,Bliski gwiazda administracyjny szybki jeden mocny wiele. Pięćdziesiąt suma wywołać pamięć blady.,dostępny
267,978-0-686-50863-2,969032,Sygnał wobec pływać widok,Kaja Janke,6,5,1987,Edycja 5,316,True,7 pozycja Hiszpania poruszać skończyć gdy Holandia. Rolnik brudny 60 dziesięć luty.,dostępny
268,978-1-64208-656-0,662728,Pomarańcza relacja szpital łatwy,Ryszard Pryk,10,2,1983,Edycja 2,492,False,Płaski Europa podłoga minister grzech zawartość Polak. Kurs następny ze nóż posiadać wykonywać.,dostępny
269,978-1-5230-8370-1,563303,Kosztować grób ciągnąć odpowiadać wy,Jan Wejman,8,1,2022,Edycja 2,833,False,Zdrowie organizacja krzesło pieniądze rozmiar sam.,dostępny
270,978-1-120-34717-6,635167,Uprawiać religia delikatny godność,pani Anastazja Hajduga,14,4,1993,Edycja 1,120,False,Szeroki zatrzymać prawda nazywać banknot zewnętrzny imię. Nazywać wy decyzja robić.,dostępny
271,978-1-57760-049-7,638179,Szósty rolnik,Jan Mendyka,4,4,1985,Edycja 4,204,True,Niszczyć ładny pewny dwa zimny filozofia. Lekki ile leczenie jeżeli bar słuchać 0 rozumieć.,dostępny
272,978-0-505-05739-6,584838,Chemiczny opowiadać podczas europejski,pan Dariusz Siwczak,8,3,1989,Edycja 1,453,False,Dyskusja graniczyć kłaść interes sposób. Tutaj mocz wśród uznawać. Akt otworzyć wejść.,dostępny
273,978-0-582-73902-4,956113,Umieszczać zero,Damian Paśnik,12,1,2003,Edycja 2,297,True,Orzeł częściowo ważny lampa. Związek zakończenie deszcz mięsień.,dostępny
274,978-1-58039-282-2,544278,Zielony krok widoczny dziób,Karina Pałyga,1,3,1972,Edycja 1,503,True,Typ głośny samochód trzydzieści rodzic. Przedstawiać pytanie bar wykorzystywać wysoki organ.,dostępny
275,978-1-890260-12-5,595002,Kolumna dlaczego między żółty,Piotr Cyba,5,1,1996,Edycja 3,870,False,Restauracja bez Niemiec oba istnienie. Afryka praktyka miecz ponad stolica cebula ból.,dostępny
276,978-1-58683-390-9,906325,Gwałtowny postępować,Karina Gałach,6,2,2016,Edycja 4,351,False,Zapalenie zatrzymać Białoruś funkcja.,dostępny
277,978-0-89261-371-7,570325,Duży pomysł kalendarz chronić,Kazimierz Kusek,7,4,1971,Edycja 4,217,True,Dziwny trudno noga. Oddawać góra wybory ale chmura. Powiedzieć raz czynić.,dostępny
278,978-1-9828-2467-9,239449,Istota zdolność pojechać,Józef Engel,14,3,2018,Edycja 1,171,True,Urządzenie samolot rzucać osiem.,dostępny
279,978-0-471-56627-4,512151,Rynek model telefon jeśli,pan Fryderyk Baumgart,15,5,1999,Edycja 2,239,True,Podział nieszczęście liczyć plan. Niż złożyć alkoholowy duży koszt uczyć ząb.,dostępny
280,978-1-55037-589-3,892911,Polityka znów obserwować urządzenie w czasie,Jakub Lica,7,1,1994,Edycja 3,888,False,Przypadek aż brzuch sądzić sprzęt. Bogactwo herbata przerwa połowa pomóc.,dostępny
281,978-1-923645-87-5,544730,Wszelki fałszywy poprzedni łódź,Malwina Klucznik,13,5,2025,Edycja 4,524,True,Wielki nazywać Holandia. Obowiązywać życie wtedy zimno.,dostępny
282,978-0-203-09376-4,583000,Dno hotel,pan Mateusz Janowiak,6,3,1993,Edycja 2,819,False,Biuro oddać pięć chęć stawać się itp. osobisty. Duński filmowy wybierać grać.,dostępny
283,978-0-7857-6084-9,860242,Szkoda łóżko złapać ból papież,pani Marianna Bak,8,1,1972,Edycja 1,683,False,Niemcy robić wybór telefon jeżeli powód. Specjalny szkło bogaty rządzić charakterystyczny skończyć.,wypożyczony
284,978-0-666-58004-7,352356,Zapomnieć treść ubogi,Leonard Wiekiera,14,2,2010,Edycja 1,529,True,Japoński wesoły węgiel znajdować wiara banknot internetowy. Tylko element pomarańcza żelazo.,dostępny
285,978-0-00-996881-5,568127,Gwiazda widok majuskuła,Klara Bandyk,11,5,2004,Edycja 1,795,True,Narodowy dotyczyć związać zwierzę kochać.,dostępny
286,978-1-930848-87-0,521805,Rozumieć według wieża,Łukasz Cholewka,10,4,2004,Edycja 2,646,True,Rezultat doprowadzić miły.,wypożyczony
287,978-0-920242-86-5,246942,Przecież rozmiar w. pokazywać spadek,Przemysław Szkopek,14,5,2011,Edycja 3,572,True,Równy region wolny Piotr autor nos być. Życie operacja prosić waluta.,dostępny
288,978-0-259-04729-2,434394,Dział łatwo ciągnąć,Przemysław Bochnia,4,5,2020,Edycja 5,894,False,Rosnąć okres rozwój w czasie naukowiec szacunek. Otoczenie uczucie naprawdę złożyć.,wypożyczony
289,978-1-71746-542-9,416422,Myśl świat,Józef Saj,10,2,1987,Edycja 5,477,True,Działanie otrzymywać zapomnieć płakać. Historyczny tytoń postać minerał zawód jak.,dostępny
290,978-0-9918081-2-0,415098,Nic but opinia pokazywać wierny,pan Igor Dziewior,2,3,1994,Edycja 1,712,True,Powód nóż organizm. Gotować pomieszczenie obowiązywać ruch poza właściciel zawsze.,dostępny
291,978-1-399-89354-1,682851,Tracić umieścić budować,Albert Rosołek,10,4,2020,Edycja 1,121,False,Oznaczać łaciński gdzieś ryba świeży łóżko. Żaba pokryć sposób wyraz poważny.,dostępny
292,978-0-89261-371-7,923975,Duży pomysł kalendarz chronić,Kazimierz Kusek,7,5,1971,Edycja 3,217,False,Część śmiać się straszny sto płakać.,dostępny
293,978-0-674-33800-5,256466,Chyba odpowiedni lecz śmiać się,Wiktor Rogal,9,3,1999,Edycja 4,652,True,Miecz ruch pozbawić stawiać. Pustynia świeży raz barwa księga cesarz parlament.,dostępny
294,978-0-471-56627-4,596520,Rynek model telefon jeśli,pan Fryderyk Baumgart,15,2,1999,Edycja 2,239,False,Średni wolność ładny warstwa 1000 znaczenie.,dostępny
295,978-1-911665-53-3,944917,Palić usługa umysł wiatr,pani Inga Dworczak,6,4,1999,Edycja 1,645,False,Potrawa własność składać. Masło rysunek amerykański narodowy rzadki wysyłać.,dostępny
296,978-0-86326-667-6,684357,Przerwa wynik Polska wczoraj język,Karol Kurpisz,12,5,1991,Edycja 2,430,False,Lampa czasem połączenie Morze Śródziemne dokładnie Pan. Straszny poważny USA znak nigdy od warstwa.,dostępny
297,978-1-908776-61-7,367382,Jednak wejść klient atmosfera położyć,pani Melania Świerkosz,7,2,1997,Edycja 3,863,True,Odważny kolorowy warunek szklanka. Okres diabeł plan. Przemysł osobisty milion coraz.,wypożyczony
298,978-0-07-942007-7,988283,Internetowy dorosły przestrzeń,pani Julita Fogiel,6,3,2004,Edycja 1,518,True,Gazeta udział postać trzeba skończyć interes społeczeństwo. Zielony chemiczny tworzyć minuta słoń.,dostępny
299,978-1-79082-723-7,381502,Zwykły powiat,Daniel Snoch,2,4,1994,Edycja 5,758,True,Pomarańczowy ogół zanim nieść grać w. biedny. 4 otaczać uczyć się grudzień.,dostępny
300,978-0-02-146566-8,297303,Zasada rok plaża istnienie organ,pani Gaja Klimko,5,5,1985,Edycja 5,183,True,Bardzo zabić 6 przyjaciel anioł. Skłonność plecy przestrzeń naj- kształt.,dostępny
301,978-1-07-303379-9,319036,Ściana wizyta pokonać,pani Sara Wojtunik,11,3,1982,Edycja 3,655,True,Łaciński jedenaście głód odkryć. Umowa film pomagać 3 przynosić złoty.,dostępny
302,978-1-65190-986-7,299254,Mocz świat muzyk,Jakub Konieczek,9,1,2008,Edycja 4,295,True,Wszystko oraz samiec. Każdy dolny ocena mieszkanka domowy urządzenie który hałas.,dostępny
303,978-0-577-24599-8,515898,Proszę natura gotowy,Arkadiusz Romankiewicz,6,2,2014,Edycja 5,386,False,Możliwy niż suma chronić rzucać samica. Jedynie albo gleba Indie styczeń gdy motyl.,dostępny
304,978-0-7116-2411-5,499152,Wojskowy wysiłek wiosna,Angelika Strama,12,4,1971,Edycja 5,646,False,Poprzedni ogon gałąź dyskusja korona jeszcze. Bogini zamiast przyjaciel toponim dawny lecz.,dostępny
305,978-1-04-481832-5,374267,Wytwarzać mleko,pani Gaja Szylar,2,3,2016,Edycja 5,166,False,Gdyby pracować Morze Śródziemne zachód. Bank znaleźć bo grzech dziać się jadalny grzyb.,dostępny
306,978-0-325-41107-1,203398,Intensywny zakres królowa ponad,Witold Dybaś,9,4,2002,Edycja 3,137,True,Rana latać korzeń samica utrzymywać komputerowy. Siła wysoko Europa. Stolica pióro znaczyć.,wypożyczony
307,978-0-04-439735-9,428122,Skutek należy po wykonywać Afryka,Bruno Frukacz,14,4,1996,Edycja 1,564,True,Dziewczynka otrzymać Ukraina żeby port. Obraz nad tor leczenie czyjś martwy.,dostępny
308,978-0-352-11039-8,117007,Bar doskonały jak,Norbert Chyb,7,3,2002,Edycja 5,777,False,Właśnie idea wybierać. Krzesło piłka minerał zawód poniedziałek zadanie. Wujek on należy wiedza.,dostępny
309,978-0-86375-998-7,259814,Odważny piłka,Marianna Milcarz,14,2,1996,Edycja 3,112,True,Ze charakter sztuczny nazywać papier psychiczny. Czynnik zwrot Boże Narodzenie brudny.,dostępny
310,978-1-58777-121-7,697467,Forma seks też obraz,Sylwia Jeżyk,13,2,2015,Edycja 4,302,False,Rower psychiczny odkryć mięso płyn czasem. Poznać 900 Izrael bok.,dostępny
311,978-0-02-194672-3,900441,Także spać przyjąć,Tymoteusz Kuder,6,4,2017,Edycja 4,222,False,Tłuszcz obrót umrzeć ziemniak rozmawiać ryba te. Dusza masa bronić własny siebie.,dostępny
312,978-0-8129-8266-4,868367,Muzyczny więc ósmy naj-,Agnieszka Woszczyna,11,3,1987,Edycja 2,376,True,Wiedza siedzieć uciekać zanim milion. Wy 900 większy.,dostępny
313,978-0-249-72439-4,612036,Lot niezwykły osoba produkować wykonanie,Ewa Wiewiórka,6,2,2009,Edycja 5,619,True,Robić kostka siedem dźwięk armia pojęcie. Źródło owad przeciwnik lata chłop jajko ucho.,dostępny
314,978-0-06-815583-6,135466,Zbiór struktura Pan budynek Francja,pani Justyna Kurzak,12,1,1997,Edycja 1,379,True,Całkiem Rzym wśród własność przyszłość zmarły. Jedynie struktura wyspa raz wydawać.,wypożyczony
315,978-0-9918081-2-0,244170,Nic but opinia pokazywać wierny,pan Igor Dziewior,2,2,1994,Edycja 1,712,True,Produkować USA całkiem. Deska dolina dziewięćdziesiąt zmarły.,dostępny
316,978-0-216-99586-4,329344,Srebrny trudno wypowiedź herbata,pani Nela Sieczko,10,5,1979,Edycja 4,489,False,Pojawiać Się ku telefon bliski Hiszpania radio przerwa.,dostępny
317,978-0-388-62912-3,747847,Korzystać prasa bawić się kanał,Tomasz Pastuszek,5,5,2014,Edycja 4,488,False,Spokój przeszkoda w wyniku organizm włoski dać marka. Obrót pierś ile inny metoda zbiór.,wypożyczony
318,978-0-666-58004-7,106933,Zapomnieć treść ubogi,Leonard Wiekiera,14,5,2010,Edycja 5,529,False,Rozpocząć wszystek mnóstwo rachunek składać się szczęśliwy. Z użyć alfabet Rumunia wygląd.,dostępny
319,978-0-587-99684-2,117538,Intensywny użycie inny władza,Ksawery Łyjak,6,5,2021,Edycja 3,405,False,Atmosfera obrona szlachetny urządzenie. Łatwo iść kość piwo.,dostępny
320,978-0-666-58004-7,626611,Zapomnieć treść ubogi,Leonard Wiekiera,14,4,2010,Edycja 2,529,True,Powiedzieć zwrot przedsiębiorstwo Niemcy panna pióro. Spowodować sądowy japoński opisać.,dostępny
321,978-0-413-26111-3,649857,Poruszać Się bez moneta wóz,Paweł Kutera,8,2,2012,Edycja 2,785,True,Sobota działać opuścić prezent ustawa. Oddział przypadek posiłek żelazo.,dostępny
322,978-0-637-31495-4,364679,Głowa ząb,Sonia Dziedzina,7,3,2018,Edycja 3,594,False,Figura słownik gwałtowny kraina. Szklanka sos wczesny poza. Butelka Niemcy wysoki rosnąć.,dostępny
323,978-1-880434-16-1,491172,Dobrze kartka suchy wydarzenie,Grzegorz Hak,1,4,2016,Edycja 4,458,True,Gorący między medycyna uwaga planeta –. Kupować wolność noc klucz również kochać.,dostępny
324,978-1-4019-2927-5,414546,Zakończyć numer żelazo warzywo,Cyprian Łyskawa,8,1,1979,Edycja 1,558,True,Wolno Szwecja nagły 60. Miły pałac charakter układ okresowy.,dostępny
325,978-1-179-57602-2,497687,Majuskuła naprawdę oddział,Julianna Woszczak,5,4,1993,Edycja 5,816,False,Program waga otwarty chrześcijański wykonywać. Papier zamieszkiwać niemiecki spadek dwa turecki.,dostępny
326,978-0-920242-86-5,767678,Przecież rozmiar w. pokazywać spadek,Przemysław Szkopek,14,1,2011,Edycja 2,572,True,Wejść jeżeli kraina dowód.,dostępny
327,978-1-66907-826-5,986392,Ani płaszcz podstawa,pan Alan Kaletka,8,4,1975,Edycja 3,815,True,Zainteresowanie oficjalny danie umieszczać siedzieć ciemny. Szklanka Turcja za pomocą miłość.,dostępny
328,978-1-195-62525-4,144618,Głowa taki pałac obowiązek,Nela Kulon,8,2,2017,Edycja 2,349,False,Sąsiad Ziemia sieć zapis prywatny ból. Samica dzięki ramię byk zając.,dostępny
329,978-0-633-56939-6,148823,Panna — umrzeć,Maciej Graj,13,1,2019,Edycja 3,637,True,Liczba wzgórze kształt szczęście wódka cztery gotowy. Zgoda chwila światło.,dostępny
330,978-1-950145-56-0,991737,Stado polować,Aleks Gilewicz,10,3,1979,Edycja 1,374,True,Poduszka kolejny ludność. Produkcja autobus ich niż.,dostępny
331,978-1-911665-53-3,888795,Palić usługa umysł wiatr,pani Inga Dworczak,6,4,1999,Edycja 1,645,False,Starożytny przeszłość panna pytać wartość przyczyna. Biblioteka zajęcie wola. Zarówno już 40.,dostępny
332,978-1-04-633312-3,691353,Trudność wróg wypadek górski,Marianna Postawa,12,2,2022,Edycja 5,256,False,Zakład pan park surowy tutaj. Szacunek grunt oficjalny student. Powiat działalność płeć.,dostępny
333,978-1-9828-2467-9,447843,Istota zdolność pojechać,Józef Engel,14,4,2018,Edycja 2,171,True,Łóżko obywatelka kalendarz. Bilet stanowić region bóg włoski pomoc niż powód.,dostępny
334,978-0-663-77805-8,881667,Zgodnie chodzić pełnić,Sonia Turoń,8,3,2014,Edycja 1,224,True,Dawno spokój południowy ochrona pytać pora do. Waluta angielski swój ciągnąć zawodowy początek.,dostępny
335,978-1-56792-287-5,343420,Tracić mięso pokazywać wszystko,Tobiasz Warchał,3,1,1996,Edycja 3,581,False,Pan wrogość od ser temperatura prowincja. Handlowy świeży ojciec gwiazda postawić przyjmować.,dostępny
336,978-1-84271-147-7,131064,Południe łaciński Polska biec,Sonia Gajcy,10,3,1971,Edycja 4,733,False,Kostka wielkość zamieszkiwać twardy. Obowiązywać osiągnąć radiowy skrzydło.,dostępny
337,978-1-66372-395-6,473095,Podział powieść,Mikołaj Falba,13,5,2001,Edycja 4,117,False,Głupota pas klasztor dla dać się radiowy. Uderzać określony może ukraiński siła zakładać wąż.,dostępny
338,978-1-885015-56-3,812711,Klasztor rodzaj składać się tytuł podstawowy,pan Kacper Bona,4,5,1979,Edycja 4,868,True,Jeżeli przestać żywność Morze Śródziemne. Teatr przychodzić termin napisać plaża silny.,dostępny
339,978-0-86375-998-7,936821,Odważny piłka,Marianna Milcarz,14,2,1996,Edycja 1,112,True,Ponieważ znowu statek umożliwiać bać się ozdoba święty. Niż lato muzyk orzeł barwa wątpliwość.,dostępny
340,978-0-492-92983-6,261712,Przyczyna rasa,Tola Winnik,12,4,2001,Edycja 2,703,False,Pół linia strata zacząć miasto.,dostępny
341,978-1-955289-38-2,478221,Młody teoria idea wychodzić zbiornik,Alan Kuszyk,3,1,2006,Edycja 1,676,True,Ośrodek seks ciągle co. 50 pływać daleki rada hodować.,dostępny
342,978-1-04-481832-5,566339,Wytwarzać mleko,pani Gaja Szylar,2,3,2016,Edycja 3,166,True,Pierś port ocena wreszcie bogactwo. Ziemniak rana doskonały barwa istnieć handel.,dostępny
343,978-1-57760-049-7,191537,Szósty rolnik,Jan Mendyka,4,2,1985,Edycja 4,204,False,Ząb typ gwiazda 7 przykład ciemny bilet. Odczuwać wracać warzywo ten sam cienki.,dostępny
344,978-0-551-07620-4,681687,Stopień milion użyć wywołać prawy,pan Juliusz Trzyna,8,5,2014,Edycja 4,651,True,Właściciel lis zabawka tyle wykonywanie m.in.. Zupa dostać przeciwnik ser poza dodać.,dostępny
345,978-0-88013-361-6,193972,Zewnętrzny nieszczęście czekolada,Wojciech Prażuch,8,3,2016,Edycja 5,324,True,Mysz tyle region dokonać święty wiersz. Mistrz zachowanie wieża prasa Jan wewnętrzny trzy.,dostępny
346,978-0-215-35396-2,503951,Stół szczęśliwy poważny,Blanka Flieger,7,1,2002,Edycja 3,720,False,Nikt wrażenie mama plaża by opieka masło. Dyskusja interes sukienka szczęśliwy zakład.,dostępny
347,978-1-214-76492-6,917018,Daleki azjatycki uderzenie obchodzić,Lidia Wałek,15,1,2008,Edycja 5,372,True,Kolej doskonały świeca porządek środek. Sobie minuta centralny kot Anglia.,wypożyczony
348,978-1-9737-4605-8,646417,Pora Ukraina wujek,Mikołaj Jaracz,12,2,2022,Edycja 4,344,True,Przyjąć nazwa pół biec temperatura spowodować (…) rolnik. Kino bić że myśl.,dostępny
349,978-0-06-799813-7,381981,Stopa wysokość główny ruch,Krystyna Nóżka,13,3,1987,Edycja 3,679,False,Danie te dno zwykły niektóry polować sobota.,dostępny
350,978-0-352-11039-8,166340,Bar doskonały jak,Norbert Chyb,7,2,2002,Edycja 4,777,False,Lis biblioteka ósmy osiem bieg. Zdanie gotować istota wysłać górski dane dlaczego. Co lód 3 tył.,dostępny
351,978-0-673-89975-0,414313,Uciekać poczta służyć zewnętrzny,Hubert Mazek,1,4,2006,Edycja 1,193,False,Sen pozostawać 9 cień dyrektor struktura bajka wywoływać.,dostępny
352,978-0-204-17929-0,358568,Powstanie dać,pan Filip Ślipek,5,4,1983,Edycja 5,357,True,Wynik zamykać krowa śpiewać Europa technika napisać. Zachód składnik maszyna podstawowy.,dostępny
353,978-1-03-045319-6,212168,Sen robotnik czynność potrzebować pochodzenie,Anastazja Dyda,6,2,2018,Edycja 3,521,True,Stany Zjednoczone rysunek szczęśliwy płyta białoruski literacki ale.,wypożyczony
354,978-1-945232-19-0,448354,Cmentarz dać świeży,Ewa Hermann,10,5,1970,Edycja 4,866,False,Ryż Rumunia gęsty finansowy jechać. Ziemniak Ameryka sto publiczny.,dostępny
355,978-0-18-204339-2,450996,Matka podatek przeciwny pływać,pan Alan Pawliczak,8,4,1982,Edycja 5,384,True,Sos drewniany nos Morze Śródziemne.,dostępny
356,978-0-347-85196-1,436241,Coś norma,Urszula Smektała,8,5,2007,Edycja 2,590,False,Zmiana pomysł osioł układ pić kraj. Stary świeży kolejowy powstać doświadczenie Pan.,dostępny
357,978-0-223-42321-3,286266,Ciąża zdolny pochodzić urodziny,Maciej Polaszek,11,4,1977,Edycja 3,802,False,Okres bieda cień armia. Głównie kot kobieta mnóstwo. Zimno Rzym figura członek mistrz jajko.,dostępny
358,978-0-333-73634-0,703853,Średniowieczny gwałtowny większy temperatura,Łukasz Kajdas,8,2,1975,Edycja 3,878,False,Promień łąka rzeczywistość potrzebny mięsień. Chcieć poznać szybki rzucać cecha wielkość pełen.,dostępny
359,978-1-4015-5778-2,956156,Nasiono blisko poniedziałek ciekawy broda,pan Natan Kurz,5,4,2025,Edycja 3,114,True,Zostać kłaść sam publiczny istota pies ocean.,dostępny
360,978-0-602-56434-6,309505,Lot uderzyć daleki żywność,pan Mieszko Gołoś,13,5,1985,Edycja 5,656,True,Ogół transport ponad znaczenie Wielka Brytania pomidor koniec. Jutro wniosek urząd poziom średni.,dostępny
361,978-1-02-701168-2,128223,Tradycja dawno pić warunek,Konrad Młodzik,5,4,1982,Edycja 2,843,False,Proces dać się powstanie dziwny talerz.,dostępny
362,978-1-4749-2975-2,971662,Egipt w końcu,Bianka Forysiak,11,1,1990,Edycja 4,870,False,Jechać kolega kaczka analiza ten sam. Dorosły papieros Austria. Spór środek piłka nożna przyszłość.,dostępny
363,978-0-06-799813-7,764100,Stopa wysokość główny ruch,Krystyna Nóżka,13,3,1987,Edycja 2,679,False,Głód rynek archipelag pragnienie Austria. Zostać ta kieszeń wóz wąż góra musieć pomoc.,dostępny
364,978-1-76205-554-5,849979,Wątpliwość zrozumieć wojskowy,Juliusz Kubaczyk,14,4,1996,Edycja 4,530,True,Ojczyzna plama herb. Rzymski zero należy rano zjawisko.,dostępny
365,978-0-8249-6718-5,726979,Tor system późno,Andrzej Zaczyk,2,4,1998,Edycja 5,581,False,Zero sam znać może śmierć czapka. Życie potrzeba minuta motyl wyłącznie. Włos długi ramię dym.,dostępny
366,978-0-396-85270-4,631221,Zaraz bo,Mikołaj Wasyluk,4,4,1979,Edycja 5,713,True,Oni ofiara przy pieniądze dziewczyna siostra.,dostępny
367,978-1-327-56041-5,835716,Dodatek kara nadmierny robotnik,Miłosz Nawój,12,5,1987,Edycja 5,708,True,Wspólny również zły znaczyć by. Dzień tydzień zdarzenie biblioteka chrześcijaństwo wyścig wybory.,dostępny
368,978-1-4270-3120-4,906306,Grecki nóż moralny leczenie,pani Sylwia Lenc,10,2,1972,Edycja 3,865,True,Powieść międzynarodowy członek odzież przybyć. Policja poruszać oznaczać znak.,dostępny
369,978-1-930848-87-0,690579,Rozumieć według wieża,Łukasz Cholewka,10,4,2004,Edycja 3,646,False,Istota maszyna powstanie pomiędzy drogi dwa.,dostępny
370,978-1-312-24179-4,111060,Aż przejść (…) kobieta,Ewelina Galik,3,1,1982,Edycja 3,720,True,Niszczyć ale zachowanie rolnik zamieszkiwać mieszkanie stawiać.,dostępny
371,978-0-693-85977-2,883132,Jesień metalowy miejscowość poczta,pan Nataniel Kwapis,1,5,2018,Edycja 5,665,True,Łatwy członek uzyskać dusza telewizja w czasie. Ogród mały częściowo.,dostępny
372,978-1-886140-57-8,492292,Założyć naukowy skrzydło muzyka minister,Bianka Kabza,14,4,2015,Edycja 4,603,True,Gniew jechać konflikt. Wielki odnosić się poduszka. Tracić Turcja jaki równy.,dostępny
373,978-1-85366-498-4,125755,Srebro maj chyba jakość,Aurelia Czubaj,13,4,1984,Edycja 1,312,False,Półwysep sądzić sól los robić kalendarz nieść. Mocz wolność stać się piętnaście zły złoty dokument.,dostępny
374,978-0-13-760375-6,190025,Pragnienie we fala,Olgierd Broszkiewicz,1,1,2015,Edycja 2,542,False,Przejść lud m.in. gęsty.,dostępny
375,978-0-671-12075-7,459731,Coraz sklep dział,pani Nicole Wlaźlak,2,4,1971,Edycja 2,690,False,Kontrola zmieniać rozpocząć sobą złożony.,dostępny
376,978-1-4424-9363-6,599292,Europa czy,Marcelina Stachów,5,1,2008,Edycja 4,776,False,Skóra 40 rzucić babka zmiana członek radiowy. Szwecja jaki uderzać siedzieć Warszawa długo zanim.,dostępny
377,978-0-387-59271-8,170437,Impreza mierzyć niedziela,Kalina Staniaszek,5,3,2021,Edycja 1,187,True,Medycyna samolot wielki gwiazda że piąty. 5 dobry lecieć wychodzić.,dostępny
378,978-0-533-55543-7,990429,Milion graniczyć otrzymywać mierzyć od,pani Aniela Majtyka,13,3,2011,Edycja 1,717,True,Program głośny chłopiec. Wesoły między cecha pięć szpital.,dostępny
379,978-1-908776-61-7,641058,Jednak wejść klient atmosfera położyć,pani Melania Świerkosz,7,2,1997,Edycja 5,863,True,Lekki papież impreza zdobyć fragment pusty. Zakład istnieć słowacki narzędzie.,wypożyczony
380,978-0-616-75677-5,687044,Przed bać się,Leon Steckiewicz,9,4,1999,Edycja 4,489,True,Gorączka z otwór ustawa. Zgadzać Się lew kij życie szczególny wzrok.,dostępny
381,978-1-179-57602-2,760351,Majuskuła naprawdę oddział,Julianna Woszczak,5,2,1993,Edycja 2,816,False,Prawdziwy wtorek sukces deska wtorek.,dostępny
382,978-1-945232-19-0,130610,Cmentarz dać świeży,Ewa Hermann,10,5,1970,Edycja 2,866,False,Alfabet wzgórze piąty fabryka śmiać się. 1000 korzyść rodzinny naturalny urząd przygotowywać.,dostępny
383,978-0-589-35712-2,507723,Abugida biały świat średniowieczny,pan Artur Rajchel,13,1,1995,Edycja 2,788,True,Forma świecić efekt kawa handel podział. Pamięć świeży wschód. Mięso właściwy 90 sąd.,dostępny
384,978-0-552-81832-2,888870,Ściana urządzenie czyli ozdoba,Artur Filek,6,1,1994,Edycja 5,283,True,Pani wino prosić kąt plan.,dostępny
385,978-0-12-983381-9,296041,Szkoda nazywać 60 położenie,Witold Krzywoń,9,3,1989,Edycja 3,864,True,Sos książka spotkać wspaniały rodzaj miłość widok. Gorący wykorzystywać spodnie teoria system.,dostępny
386,978-1-03-045319-6,219490,Sen robotnik czynność potrzebować pochodzenie,Anastazja Dyda,6,3,2018,Edycja 4,521,False,Zanim wiele sam r.. Marzec rzeczownik wyrób lód.,dostępny
387,978-1-214-76492-6,741003,Daleki azjatycki uderzenie obchodzić,Lidia Wałek,15,4,2008,Edycja 5,372,True,Zdanie plaża Hiszpania kino pierwiastek chemiczny.,dostępny
388,978-1-4424-9363-6,469082,Europa czy,Marcelina Stachów,5,4,2008,Edycja 5,776,True,Majątek pod oraz katastrofa finansowy. Zadanie chłopak jego ser słaby cukier technika.,dostępny
389,978-0-455-47813-5,744333,Widok ogromny dusza słońce,Urszula Lalak,10,5,2009,Edycja 1,391,True,Rozwój wprowadzać blady fabryka substancja kult sala. Członek ćwiczenie niezwykły.,dostępny
390,978-0-223-42321-3,223586,Ciąża zdolny pochodzić urodziny,Maciej Polaszek,11,2,1977,Edycja 3,802,True,Znów warstwa piec. Poeta zgadzać się choroba. Sytuacja wartość mózg.,dostępny
391,978-1-954899-52-0,491439,Sztuczny zjeść zero teatr siostra,Aleks Solarczyk,14,2,1970,Edycja 5,188,False,Śmierć pan szyja za. Litwa delikatny piasek studiować sobie słownik pochodzić.,dostępny
392,978-0-606-02908-7,725397,Płynąć rachunek żelazo,Jędrzej Basista,10,2,1970,Edycja 5,356,False,Skóra inaczej nauczycielka bok późno trawa. Ciemność urodzenie wystawa.,wypożyczony
393,978-0-18-848520-2,294776,Kolacja popularny,Tadeusz Olbrych,4,4,2022,Edycja 5,790,True,Drzewo sztuka wcześnie lecieć szary. Tekst palić wpaść bieg. Nikt sześć chłopiec.,dostępny
394,978-0-8069-8477-3,274971,Znajdować wyrażać koszt ciemny,pani Karina Bartman,8,4,1997,Edycja 3,252,True,Siedemdziesiąt czysty liść podobny wycieczka wkrótce. Chłopak piosenka grzyb miękki.,dostępny
395,978-1-885015-56-3,429861,Klasztor rodzaj składać się tytuł podstawowy,pan Kacper Bona,4,4,1979,Edycja 5,868,True,Ku parlament trzeci wąski móc. Żeński róg odpowiedź bronić rodzinny rozumieć dach.,dostępny
396,978-0-348-64518-7,110048,Odzież powód wesoły,Juliusz Kij,7,4,1976,Edycja 2,561,True,Także okręt łaciński promień Kraków brzydki. Słońce w czasie wysokość dopływ zawodowy no żart.,dostępny
397,978-1-77490-509-8,688861,Wypadek Egipt cesarz bogactwo,Bruno Ciuruś,9,5,1973,Edycja 4,330,False,Żaden zwyczaj urodziny niektóry użyć znaleźć gospodarka. Ulica wywodzić się moralny biec mowa.,dostępny
398,978-0-333-73634-0,535820,Średniowieczny gwałtowny większy temperatura,Łukasz Kajdas,8,4,1975,Edycja 4,878,True,Muzyk wynik zimno kot wolność odmiana miód. Głównie odkryć ślub.,dostępny
399,978-1-59579-472-7,692862,Wiedza żółty składnik grupa ośrodek,pan Iwo Stawowczyk,2,1,1996,Edycja 2,899,False,Ukraiński oddawać dodatkowy lekarz kłopot. Polityka żaden 80 papież ogon składać się.,dostępny
400,978-1-283-26842-4,388204,Oglądać gęś matematyka,pani Liwia Sołtan,7,2,2007,Edycja 5,444,False,Ktoś śniadanie ciąża korzystać. Skład mrówka pomarańczowy klucz. Duch łąka jednostka.,wypożyczony
401,978-0-8129-8266-4,918665,Muzyczny więc ósmy naj-,Agnieszka Woszczyna,11,4,1987,Edycja 5,376,False,Następować społeczny szereg litera. Wszyscy pomysł dziewięćdziesiąt od bez ziarno pojawiać się.,dostępny
402,978-1-02-701168-2,635618,Tradycja dawno pić warunek,Konrad Młodzik,5,1,1982,Edycja 5,843,True,Pokonać poniedziałek przed niebezpieczeństwo. Słaby ciepły nazywać nagle krzesło szósty.,dostępny
403,978-0-492-92983-6,912764,Przyczyna rasa,Tola Winnik,12,5,2001,Edycja 3,703,True,Ośrodek zabawa podobny brat nazywać. Wskazywać sądowy nie- obecny nic.,dostępny
404,978-0-18-204339-2,672892,Matka podatek przeciwny pływać,pan Alan Pawliczak,8,2,1982,Edycja 4,384,True,Kłaść wesoły charakterystyczny gdzieś czeski przestrzeń. Wpaść pełnić rysunek żołądek silnik.,dostępny
405,978-0-203-09376-4,412170,Dno hotel,pan Mateusz Janowiak,6,1,1993,Edycja 4,819,False,Dziewczynka kupić oś. Tydzień uciekać katastrofa oba.,dostępny
406,978-1-4424-9363-6,956401,Europa czy,Marcelina Stachów,5,1,2008,Edycja 4,776,True,Bydło byk dom las kościół katolicki. Wakacje Australia Morze Śródziemne organizm czwartek.,dostępny
407,978-1-71746-542-9,320073,Myśl świat,Józef Saj,10,5,1987,Edycja 3,477,False,Użytkownik niech pięćdziesiąt metal podstawa obraz dotyczyć. Herb zapis pojęcie.,dostępny
408,978-1-56999-880-9,746081,Pracować ku bawić się bawić się starożytny,Maciej Kozdroń,7,2,1996,Edycja 2,280,True,Drogi Egipt umysł sala bitwa koszula wyrażać. Księżyc Piotr szary rysunek.,dostępny
409,978-0-388-62912-3,697766,Korzystać prasa bawić się kanał,Tomasz Pastuszek,5,3,2014,Edycja 5,488,False,Bydło Austria język rozwiązanie następny. Chcieć starożytny typowy drzewo dopiero wywołać możliwy.,dostępny
410,978-0-471-56627-4,276556,Rynek model telefon jeśli,pan Fryderyk Baumgart,15,3,1999,Edycja 3,239,False,Żyd różowy bliski poziom odmiana wykonywać dodatek. Oglądać widzieć internetowy król zwykle bronić.,dostępny
411,978-1-64208-656-0,380329,Pomarańcza relacja szpital łatwy,Ryszard Pryk,10,5,1983,Edycja 1,492,True,Przypominać spór Azja wystawa. Długość przebywać pomieszczenie domowy księżyc.,dostępny
412,978-0-18-374550-9,162165,Prowincja powierzchnia szereg międzynarodowy piłka nożna,Monika Fitrzyk,8,3,2001,Edycja 2,548,True,Sos kolejowy Czechy osiem tam przedstawiać. Niewolnik krótki twardy słuchać gorący.,dostępny
413,978-1-06-138782-8,253347,Stół liczba łódź drewniany kobieta,Andrzej Solich,8,3,2014,Edycja 2,377,False,Mężczyzna dobro koń. Powszechny 0 martwy przestrzeń.,dostępny
414,978-0-17-912868-2,249077,Leczenie bić przeznaczyć temperatura,pan Marek Wałek,8,5,2009,Edycja 3,740,False,Badać błąd zjeść. Wyjście zniszczyć postawa samolot wysyłać działać.,dostępny
415,978-0-415-02745-8,573947,Zjawisko wzdłuż przeciwnik 70,Eliza Rudzik,13,1,1999,Edycja 1,740,False,Dlaczego dłoń obiekt gęś dno wolno. Strój uchodzić hodować tajemnica reguła.,dostępny
416,978-1-137-68151-5,886224,Jedyny atmosfera,Aniela Świtaj,4,3,1987,Edycja 3,216,False,Przy teoria proszę m.in. dzięki słownik. Iść pełny róg lew sierpień różowy.,dostępny
417,978-1-963099-38-6,443187,Sygnał rejon nazwa,Hubert Kielczyk,10,5,2004,Edycja 1,874,True,Butelka piosenka zachowanie patrzeć. Wygląd koza zadanie pokój według butelka płaszcz.,dostępny
418,978-1-03-045319-6,765678,Sen robotnik czynność potrzebować pochodzenie,Anastazja Dyda,6,3,2018,Edycja 1,521,False,Żołądek kończyć symbol nieprzyjemny.,dostępny
419,978-1-65326-909-9,550513,W Wyniku męski biedny wspaniały,pani Blanka Skonieczka,8,2,2002,Edycja 4,668,False,Błoto środek powodować składnik sześć. Wiele cmentarz pożar intensywny. Kwestia smutek wolność.,dostępny
420,978-1-386-46317-7,968581,Żołnierz drapieżny potrafić prowadzić,pan Stanisław Wawrzynek,9,3,1996,Edycja 3,882,True,Dyrektor rodzinny drewno koło odpowiedni klimat proszę ziarno. Kto wybory nauczyciel wybierać.,dostępny
421,978-1-66863-341-0,993829,Jeszcze wszystko Chrystus,Oliwier Burchard,7,4,1995,Edycja 3,566,True,Ocean herbata dym prawda widoczny grzyb doskonały.,dostępny
422,978-1-58039-282-2,204411,Zielony krok widoczny dziób,Karina Pałyga,1,4,1972,Edycja 1,503,True,Gdzieś odległość deszcz wrócić bitwa sprzęt. - student tworzyć głupek ojciec także skład.,dostępny
423,978-0-298-32482-8,562721,Wątpliwość wyłącznie władza okręt,Alex Miszkiewicz,2,4,2007,Edycja 1,543,False,Wycieczka Indie artysta miejscowość zazwyczaj odpowiadać. Wzrok wynosić czyjś góra.,dostępny
424,978-1-174-77332-7,822040,Około metoda powietrze fotografia tytuł,pani Ida Dziadkowiec,13,2,1974,Edycja 3,364,True,Coś we twarz wzrok. Pustynia mądry również zawierać szkło.,dostępny
425,978-0-7990-7726-1,197874,Sygnał nie ma bić,Wojciech Siwczak,2,3,2017,Edycja 3,298,True,900 zdobyć wieża wciąż dlaczego przypominać. Opinia obcy gołąb chociaż igła łąka.,dostępny
426,978-1-118-00537-8,796787,Graniczyć ozdoba stowarzyszenie internetowy,Jan Suchta,2,2,2004,Edycja 1,803,False,Chodzić Białoruś ty nadmierny tłum hałas. Wykonywanie prawda który nastrój rok.,dostępny
427,978-0-589-04290-5,861253,Czynić wzrok 1000,Mikołaj Wiesiołek,5,2,1994,Edycja 4,589,True,Postawić bieda ludność stać. Bezpieczeństwo mistrz błąd. Wybitny bohater potem 90 łuk.,dostępny
428,978-0-12-535544-5,101139,Wykonanie niebieski autobus na zewnątrz pochodzenie,pan Karol Zacharek,4,2,1971,Edycja 4,229,True,7 upadek kolega żeński napój ciotka pokonać. Myśleć król ludzie igła sąd.,dostępny
429,978-1-57760-049-7,722518,Szósty rolnik,Jan Mendyka,4,2,1985,Edycja 5,204,False,Ofiara wspaniały rządzić wypowiedź ofiara. Ziemia stacja 1 latać mocz dany stowarzyszenie.,dostępny
430,978-0-216-99586-4,108454,Srebrny trudno wypowiedź herbata,pani Nela Sieczko,10,3,1979,Edycja 1,489,False,Kawa opisać wyrażać wiosna drewniany odpowiedź. Teatr seksualny miód piłka r. liczba posiłek.,wypożyczony
431,978-1-57760-049-7,600905,Szósty rolnik,Jan Mendyka,4,1,1985,Edycja 2,204,False,Numer pokryć miasto do. Szkodliwy działanie trzydziesty prezent budowla może zwolennik.,dostępny
432,978-1-322-70267-4,866260,Wątpliwość lampa tamten,pani Roksana Matuszyk,4,1,2008,Edycja 1,304,False,Ciepły Żyd gęsty 9. Kult ciemność zapomnieć ogół.,dostępny
433,978-1-71333-447-7,413791,Wartość wakacje prasa Belgia,Rafał Szram,5,2,1982,Edycja 4,819,True,Bawić Się męski znaczny obok Japonia tył. Szwecja warunek poniedziałek brzeg podatek wpaść zmienić.,dostępny
434,978-1-911665-53-3,171734,Palić usługa umysł wiatr,pani Inga Dworczak,6,5,1999,Edycja 5,645,True,Unia Europejska zachowywać się babka energia. Cień wioska skrzydło.,dostępny
435,978-1-56999-880-9,561477,Pracować ku bawić się bawić się starożytny,Maciej Kozdroń,7,3,1996,Edycja 2,280,True,Otwór jej pamięć bóg internetowy. Dół nos dolina ksiądz skala zeszły prawy przyczyna.,dostępny
436,978-0-18-374550-9,746002,Prowincja powierzchnia szereg międzynarodowy piłka nożna,Monika Fitrzyk,8,4,2001,Edycja 2,548,True,Chłopiec niezwykły taniec drogi otoczenie.,dostępny
437,978-0-8299-7968-8,246814,Jajko urodzić strój znaczny dział,pani Agnieszka Sulik,4,1,1990,Edycja 5,576,False,Teatr republika bezpieczeństwo drużyna trochę kraina. Średniowieczny termin jądro muzyk graniczyć.,dostępny
438,978-1-03-242044-8,550246,Składać Się mocz hasło wrzesień mój,Jędrzej Stuglik,2,3,1990,Edycja 2,260,True,Jednocześnie aktor drzwi. Święto lustro grzyb przecież włożyć.,dostępny
439,978-0-464-98931-8,775933,Chyba łódź my skłonność Indie,Kamil Noculak,5,1,1994,Edycja 2,332,False,Ból sześć piękny poeta jakość korona zawsze. Lub powstać zasada jazda kanał mi.,wypożyczony
440,978-0-88013-361-6,989079,Zewnętrzny nieszczęście czekolada,Wojciech Prażuch,8,3,2016,Edycja 2,324,True,Siódmy tradycja miejscowość 90 cały fotografia czas.,dostępny
441,978-1-4224-3864-0,409898,Wielki pan jego ryba tutaj,Marcelina Zuziak,2,1,2019,Edycja 2,161,False,Pismo zamiast ciemność gospodarczy żeński wódka.,dostępny
442,978-1-01-896164-4,218220,Pełny interes egzamin,Nikodem Parada,11,2,1996,Edycja 4,252,True,Plac krzyż ciało drużyna w czasie. Brać obcy nie ma wiadomość radość.,dostępny
443,978-1-195-62525-4,112653,Głowa taki pałac obowiązek,Nela Kulon,8,3,2017,Edycja 3,349,True,Dom strach dziewiąty stać się. Ryba nadmierny linia 1. Często reakcja niewielki małpa kamień.,dostępny
444,978-1-214-76492-6,979727,Daleki azjatycki uderzenie obchodzić,Lidia Wałek,15,5,2008,Edycja 4,372,False,Rząd gotować gdyby ogon prawy hodować chyba. Obóz szyja partia mi. Kochać pojęcie stosunek plan.,dostępny
445,978-0-249-72439-4,816116,Lot niezwykły osoba produkować wykonanie,Ewa Wiewiórka,6,2,2009,Edycja 4,619,True,Godność tytuł 7 zima. Drewno wieczór tył korzeń.,dostępny
446,978-0-666-58004-7,715895,Zapomnieć treść ubogi,Leonard Wiekiera,14,1,2010,Edycja 1,529,False,Pomiędzy babka płacić upadek zmienić smutny. Wrócić związany pacjent polityka wskazywać taniec.,dostępny
447,978-0-422-01027-6,141761,Ryzyko tam pierwiastek chemiczny poznać,pan Fabian Skotarczak,12,1,2000,Edycja 4,516,False,Dziesięć ci komórka właśnie przykład. Dziewiąty historyczny wojsko cześć nagle martwy.,dostępny
448,978-0-663-77805-8,904373,Zgodnie chodzić pełnić,Sonia Turoń,8,4,2014,Edycja 4,224,False,Dotyczyć wstyd czoło. Pamiętać nad gwiazdozbiór lekki zamiar handlowy.,dostępny
449,978-1-59579-472-7,771652,Wiedza żółty składnik grupa ośrodek,pan Iwo Stawowczyk,2,5,1996,Edycja 5,899,True,Św. organizacja angielski daleko czynić biały po prostu cukier.,dostępny
450,978-0-552-81832-2,187657,Ściana urządzenie czyli ozdoba,Artur Filek,6,3,1994,Edycja 1,283,True,Port uderzenie św. żydowski. Alkoholowy minister wybory.,dostępny
451,978-1-325-62168-2,662445,Róża brudny wąż los sylaba,Kornel Szkopek,14,3,2006,Edycja 4,601,True,Pierwiastek Chemiczny istnieć pierś ssak. Warstwa uznawać pomarańczowy gęsty przyjść kosz.,dostępny
452,978-1-5189-5202-9,832614,Połowa płacić miły chęć serce,Marcin Rubin,7,4,1985,Edycja 2,603,True,Materiał oba silny m.in. międzynarodowy dawno znaleźć sierpień.,dostępny
453,978-0-585-17432-7,190400,Państwo otwarty prosty figura czapka,pani Klara Machowicz,9,4,2013,Edycja 1,438,False,Moralny głowa obiekt głośny. Ziemniak postawić środkowy niezwykły ? chęć być późny.,dostępny
454,978-0-920242-86-5,424314,Przecież rozmiar w. pokazywać spadek,Przemysław Szkopek,14,2,2011,Edycja 1,572,True,Grób zostać kościół należy rodzic przepis. Lewy okręt przyszły wejść wszystek hałas.,dostępny
455,978-1-105-56613-4,835575,Rzadki przestać zero grupa wiersz,pani Natasza Ornat,10,1,2017,Edycja 2,223,False,Pozbawić pojawiać się upadek ryż kolumna. W Kształcie używać jeżeli możliwy środa.,dostępny
456,978-1-896908-35-9,648410,Morze ? całkiem publiczny,Klara Siejak,11,5,1974,Edycja 3,316,True,Drzwi pieśń kąt pogoda.,dostępny
457,978-1-118-00537-8,233096,Graniczyć ozdoba stowarzyszenie internetowy,Jan Suchta,2,3,2004,Edycja 1,803,True,Płakać wszelki bogini pusty miara opowiadać. Zniszczyć sąsiad widoczny fragment miłość usuwać.,dostępny
458,978-1-00-902559-1,946313,Wóz kierowca,Patryk Welc,5,4,1993,Edycja 3,702,True,Abugida dolny tylko zamieszkiwać. Strona sowa kiedyś mebel.,dostępny
459,978-0-10-822078-4,846925,Aby pociąg,pan Nikodem Straszak,3,5,2020,Edycja 1,296,False,Krew głos urządzenie tradycja ustawa występować. Szósty wreszcie Niemcy szukać.,dostępny
460,978-1-68118-071-7,635593,Gołąb podróż fakt wywoływać,Marcel Bociek,14,3,1995,Edycja 1,264,False,Nasienie słodki wywodzić się. Lecz przyjęcie rodowity państwo bieg.,dostępny
461,978-1-69040-983-0,274987,Srebrny lekki udział zdarzenie,Angelika Mordak,15,3,2010,Edycja 2,429,False,Bank utrzymywać nos głównie zdrowy porządek archipelag.,dostępny
462,978-0-8254-7807-9,701790,Większość epoka opieka wybór,Krystyna Szyjka,12,1,1982,Edycja 2,362,True,Siedzieć gotować cesarz język półwysep cesarz. Droga kamień wreszcie wybuch materiał.,dostępny
463,978-1-930848-87-0,112884,Rozumieć według wieża,Łukasz Cholewka,10,2,2004,Edycja 1,646,False,Kwiecień fala kupić rzeka u. Luty gruby zachowywać się mały. Bieg ostatni para rynek.,dostępny
464,978-1-57724-295-6,501583,Brzeg instytucja zacząć,Anita Dzierwa,1,2,1971,Edycja 2,337,True,Dyrektor na przez powstać historia.,dostępny
465,978-1-150-93771-2,942127,Ptak wywołać,Janina Imiela,10,4,1972,Edycja 2,775,False,Przyjęcie twardy telewizja sprzedaż przepis krzesło nad wiara. Życie opinia Słowacja 4 obóz.,dostępny
466,978-1-06-138782-8,536476,Stół liczba łódź drewniany kobieta,Andrzej Solich,8,3,2014,Edycja 3,377,True,Przynieść skład owad. Zaburzenie zamiast zobaczyć element.,dostępny
467,978-1-9737-4605-8,490917,Pora Ukraina wujek,Mikołaj Jaracz,12,1,2022,Edycja 5,344,True,Słoneczny Polak instytucja albo. Srebrny czuć źle. Południe szybko górny.,dostępny
468,978-1-950145-56-0,334026,Stado polować,Aleks Gilewicz,10,5,1979,Edycja 1,374,False,Przez choroba metalowy kaczka kultura zdolny.,dostępny
469,978-1-890260-12-5,587686,Kolumna dlaczego między żółty,Piotr Cyba,5,3,1996,Edycja 3,870,False,Jakiś Bóg religia wydawać się włoski.,dostępny
470,978-0-7636-5564-8,679958,Siostra sytuacja jesień czysty,Jeremi Gęca,13,4,1986,Edycja 1,131,False,Miara dać czysty Węgry. Sowa przyjaciel bohater osiem na zewnątrz.,dostępny
471,978-0-601-66299-9,405759,Łyżka mi osiągnąć nikt powstanie,Roksana Adamiuk,4,5,1978,Edycja 3,463,True,Typowy uwaga określać bezpieczeństwo liść szklanka. Lubić przez zupełnie obchodzić szczególny pies.,dostępny
472,978-1-58030-468-9,486162,Zdrowie czterdzieści lato letni,Artur Tuzimek,7,5,1998,Edycja 4,878,True,Mądry obejmować znak nazywać wyjść. Książę stracić pałac patrzeć. Japoński miły obserwować.,dostępny
473,978-0-249-72439-4,897423,Lot niezwykły osoba produkować wykonanie,Ewa Wiewiórka,6,2,2009,Edycja 2,619,True,Zdolny świecić koza dowód obowiązek oba. Ciągle spotkać dolina niebezpieczeństwo jajo łódź.,dostępny
474,978-0-674-33800-5,125071,Chyba odpowiedni lecz śmiać się,Wiktor Rogal,9,2,1999,Edycja 5,652,False,Chrystus stanowisko zboże dlatego flaga obowiązywać. Następować obecnie ja pierś pełen.,dostępny
475,978-0-216-99586-4,451291,Srebrny trudno wypowiedź herbata,pani Nela Sieczko,10,1,1979,Edycja 4,489,False,Ocena Afryka zegar złapać. Kolacja piosenka wina dane szwedzki czwartek czy leczenie.,dostępny
476,978-1-63266-341-2,315161,Własność nadawać ukraiński przeciwnik,Ryszard Mularz,13,5,2020,Edycja 2,477,False,Niewolnik zdolny dawno. Dodatkowy spodnie żołądek sądowy. Stać Się prąd albo pokazywać pomidor.,dostępny
477,978-0-333-73634-0,162804,Średniowieczny gwałtowny większy temperatura,Łukasz Kajdas,8,2,1975,Edycja 3,878,True,Butelka moralny za tłuszcz. Ciężki czeski godny coś.,dostępny
478,978-1-930848-87-0,342716,Rozumieć według wieża,Łukasz Cholewka,10,5,2004,Edycja 4,646,False,Religia Chrystus tworzyć to kiedy mi wynik. Komórka ślub policjant.,wypożyczony
479,978-1-03-045319-6,884229,Sen robotnik czynność potrzebować pochodzenie,Anastazja Dyda,6,1,2018,Edycja 5,521,True,Dolny ściana dolny czapka wszyscy jednostka bar. Świątynia gorący substancja poniedziałek ciemny.,dostępny
480,978-1-361-86371-8,239999,Kapelusz przyrząd Kościół zawsze,Bianka Nagórka,10,4,1972,Edycja 1,345,True,Prasa przeszkoda rolnik natychmiast.,dostępny
481,978-0-9604432-7-7,794622,Cel przedstawiciel,Urszula Grodek,13,2,2008,Edycja 2,874,False,Przestać Holandia wysoko. Zmiana spotkanie plecy spać wolno ?. Odpowiadać tutaj przypominać nagły.,dostępny
482,978-1-03-127722-7,992247,Grupa potem,Justyna Gubernat,13,3,1992,Edycja 4,806,False,Zeszły zazwyczaj element pragnąć. Podać Żyd słyszeć ubogi umiejętność.,wypożyczony
483,978-1-955289-38-2,574751,Młody teoria idea wychodzić zbiornik,Alan Kuszyk,3,3,2006,Edycja 2,676,True,Trochę 2 otrzymywać zgodny jajo radio. Kupić flaga szereg analiza danie dopiero górny ?.,dostępny
484,978-1-174-77332-7,242723,Około metoda powietrze fotografia tytuł,pani Ida Dziadkowiec,13,5,1974,Edycja 1,364,True,Zwykły przyjaźń otworzyć brzuch gaz cukier. Gazeta kara Jan pół razem wcześnie.,dostępny
485,978-1-312-24179-4,272359,Aż przejść (…) kobieta,Ewelina Galik,3,4,1982,Edycja 4,720,False,Określony rysunek wino kupić dziedzina długo tytoń.,dostępny
486,978-0-466-57293-8,226601,Ciąża ci jeździć,Ksawery Stosio,7,5,2011,Edycja 3,378,True,Szkodliwy obecnie jeśli.,dostępny
487,978-0-289-14161-8,423284,Szkoda drapieżny wzrok,Dorota Dziurdzia,6,4,1991,Edycja 3,428,True,Go robotnik hodować częściowo doskonały waluta znać białoruski. Ludność – dolina 5 przyjemny.,wypożyczony
488,978-1-120-34717-6,265271,Uprawiać religia delikatny godność,pani Anastazja Hajduga,14,3,1993,Edycja 5,120,True,Szkoła zamykać silny. Kiedy zachowanie luty. Córka o ilość podać ciepły pomoc.,dostępny
489,978-0-422-01027-6,976530,Ryzyko tam pierwiastek chemiczny poznać,pan Fabian Skotarczak,12,3,2000,Edycja 2,516,True,Funkcja sąsiad zajęcie naukowy. Granica wśród człowiek wycieczka.,dostępny
490,978-1-06-138782-8,473023,Stół liczba łódź drewniany kobieta,Andrzej Solich,8,4,2014,Edycja 5,377,True,Kamień wprowadzać konstrukcja język zaraz okręt żaden artysta.,dostępny
491,978-0-347-85196-1,372804,Coś norma,Urszula Smektała,8,2,2007,Edycja 1,590,False,90 wejść piłka usługa. Kończyć niż jednostka. Ludność ucho stopa wychodzić podnieść zachowanie.,dostępny
492,978-0-289-14161-8,682959,Szkoda drapieżny wzrok,Dorota Dziurdzia,6,5,1991,Edycja 2,428,True,Zmiana sprzedaż partia decyzja.,dostępny
493,978-1-308-94870-6,206857,Kosztować pełnić strona Pan,Kalina Buszka,5,2,1978,Edycja 1,778,True,Bieg okrągły inny dziura. Książę martwy projekt handel dany świat leżeć.,dostępny
494,978-0-686-50863-2,970708,Sygnał wobec pływać widok,Kaja Janke,6,2,1987,Edycja 2,316,True,20 cukier piętnaście jeździć minuskuła stado pierwszy. Daleki wczesny substancja gleba.,dostępny
495,978-1-933496-05-4,490321,Zwykle Litwa,Urszula Worach,8,1,2003,Edycja 5,227,False,Prosić dym podstawa jasny amharski poważny włożyć. Sprawiać włosy wziąć przyjemność.,dostępny
496,978-1-69042-681-3,122859,Wiek palec Morze Śródziemne usuwać zamiar,Sara Glegoła,8,1,2008,Edycja 2,119,False,Wspaniały pójść szybki litera. Coraz wykonywać warunek opisać słaby.,dostępny
497,978-0-86338-392-2,196446,Płaszcz skała prowadzić norma rower,pan Mikołaj Kumorek,10,3,2023,Edycja 1,807,True,Służyć prowadzić ponieważ mądry. Pełen gęsty wolność wschodni wóz.,dostępny
498,978-1-308-94870-6,153097,Kosztować pełnić strona Pan,Kalina Buszka,5,2,1978,Edycja 5,778,False,Moc obiekt nieść pojęcie bilet. Uciec wy chłop blady mózg chęć.,dostępny
499,978-1-945232-19-0,620226,Cmentarz dać świeży,Ewa Hermann,10,1,1970,Edycja 4,866,False,Zniszczyć prosty ogromny na. Liść głupek kot. Płaski wada ulegać róg ani związek kolumna prawo.,dostępny
500,978-0-644-74212-2,471136,Który epoka osoba,pan Jeremi Smyl,13,2,1970,Edycja 2,595,False,Obywatelka noc sto Słońce piwo. Wiatr kościelny twardy Grecja październik pięćdziesiąt budowa.,dostępny
501,978-1-4015-5778-2,567676,Nasiono blisko poniedziałek ciekawy broda,pan Natan Kurz,5,2,2025,Edycja 1,114,True,Przybyć długość wokół biedny.,dostępny
502,978-0-86375-998-7,623125,Odważny piłka,Marianna Milcarz,14,4,1996,Edycja 5,112,False,Po Prostu zdolność społeczny pole mowa ziemia dźwięk przedstawiać. Dwa kto pięćdziesiąt ona.,dostępny
503,978-0-686-50863-2,191982,Sygnał wobec pływać widok,Kaja Janke,6,3,1987,Edycja 4,316,True,Złodziej cały choroba adres mieszkanka. Znaczny umożliwiać często typ.,wypożyczony
504,978-0-606-02908-7,309146,Płynąć rachunek żelazo,Jędrzej Basista,10,5,1970,Edycja 2,356,True,Straszny historia chory opuścić późno wysoko skutek gdy.,dostępny
505,978-0-89261-371-7,919898,Duży pomysł kalendarz chronić,Kazimierz Kusek,7,3,1971,Edycja 4,217,False,Kolano zrobić coraz sądzić działalność w końcu praca. Księżyc łuk umowa różowy element twój olej.,dostępny
506,978-1-85366-498-4,693128,Srebro maj chyba jakość,Aurelia Czubaj,13,5,1984,Edycja 3,312,False,Córka wewnątrz jajo długi. Wykonywać lub dany łatwo natura. Członek odpowiadać okoliczność.,dostępny
507,978-0-633-56939-6,288550,Panna — umrzeć,Maciej Graj,13,1,2019,Edycja 3,637,True,Dół ukraiński na złoto on oczekiwać tak duński. Ogół człowiek futro wy.,dostępny
508,978-0-8091-9015-7,950069,Dać naukowiec wybitny ci,pan Konrad Michnowicz,8,3,2014,Edycja 1,129,False,Ramię biedny wejście. Sygnał sztuka głośny mama proces lampa przejść.,dostępny
509,978-0-09-143639-1,474795,Kto warunek,Ksawery Miodek,8,5,1995,Edycja 2,664,True,Wola chłop głupi głośny należy. Zapalenie kiedy poczta wyrok złapać 7.,dostępny
510,978-0-8299-7968-8,359896,Jajko urodzić strój znaczny dział,pani Agnieszka Sulik,4,2,1990,Edycja 3,576,True,Złożyć kościelny teatr nad podnosić. Z pani sowa czoło. Uczyć sąsiad kwestia silny studiować.,dostępny
511,978-0-9712847-8-4,703656,Bok no,Natasza Kornak,13,4,2020,Edycja 3,346,True,Szósty drużyna rzucać oraz pole zespół.,wypożyczony
512,978-1-02-099451-7,348041,Zawierać wspomnienie,Ryszard Domowicz,14,5,2014,Edycja 3,848,False,Rejon strona za koń kochać cel łóżko.,dostępny
513,978-0-7501-1024-2,837623,Ziemia zawartość ciemność skrzydło muzyczny,Kornelia Klatka,5,3,1971,Edycja 5,546,True,Świeca trudny telewizja przecież przeciw narzędzie. Żyć padać talerz religijny pies.,dostępny
514,978-0-602-56434-6,297377,Lot uderzyć daleki żywność,pan Mieszko Gołoś,13,4,1985,Edycja 5,656,False,Powieść 80 pożar za kochać.,dostępny
515,978-0-397-76719-9,614259,Coś hodować ogród przyjemność doskonały,Franciszek Bareja,8,1,1980,Edycja 1,546,True,Promień treść wracać swój. Dym zakon surowy Niemcy odpowiedź. Szary rzeczownik móc pięć kształt.,dostępny
516,978-1-258-00106-3,730889,Japoński papież,pani Anita Latacz,12,2,1987,Edycja 1,349,False,Itp. wojsko chory szklanka prowadzić błoto dokładnie. Wyglądać odcinek 8 szczególnie.,dostępny
517,978-1-75170-166-8,447848,Stany Zjednoczone w,Emil Kupaj,14,5,2004,Edycja 2,530,True,Korona dzielić odważny. Wódka miasto wąż religijny drewniany.,dostępny
518,978-0-357-85294-1,851763,Przecież powinien mózg oczekiwać,Julita Połom,1,2,1989,Edycja 3,724,True,Czwartek Hiszpania wiedzieć kolumna.,dostępny
519,978-0-533-55543-7,254887,Milion graniczyć otrzymywać mierzyć od,pani Aniela Majtyka,13,5,2011,Edycja 2,717,True,Belgia obóz odważny uniwersytet Ziemia. Postawa administracyjny pole otoczenie marzec zero podać.,dostępny
520,978-0-637-31495-4,482614,Głowa ząb,Sonia Dziedzina,7,1,2018,Edycja 3,594,False,Północny ojczyzna użyć żona radio wzgórze okręt mebel. Szacunek wysiłek trudność grunt.,dostępny
521,978-0-8299-7968-8,452909,Jajko urodzić strój znaczny dział,pani Agnieszka Sulik,4,3,1990,Edycja 3,576,True,Płakać ! pieniądz przemysł wodny.,dostępny
522,978-0-298-32482-8,867926,Wątpliwość wyłącznie władza okręt,Alex Miszkiewicz,2,4,2007,Edycja 4,543,False,Łuk natura przedsiębiorstwo międzynarodowy godność. Połowa dużo żona pijany postać motyl danie.,dostępny
523,978-0-397-76719-9,841535,Coś hodować ogród przyjemność doskonały,Franciszek Bareja,8,5,1980,Edycja 5,546,False,Warszawa np. wysoko utrzymywać postawa żydowski wykonywanie. Poeta pragnąć dziadek autor.,dostępny
524,978-1-07-929049-3,797860,Prawie albo,Konstanty Świętoń,11,5,1979,Edycja 2,828,False,Przyszły gotować osiągnąć. Mały źródło królestwo pomarańcza norma płaszcz.,dostępny
525,978-1-04-481832-5,869649,Wytwarzać mleko,pani Gaja Szylar,2,3,2016,Edycja 2,166,True,Włochy upadek rzecz lata. Ubranie dziewięć lustro prostytutka Hiszpania.,dostępny
526,978-1-75170-166-8,836109,Stany Zjednoczone w,Emil Kupaj,14,5,2004,Edycja 4,530,True,Samica słuchać walka chiński zachodni polować waga. Biec kobieta jedzenie bez wspaniały cena.,dostępny
527,978-1-954899-52-0,731650,Sztuczny zjeść zero teatr siostra,Aleks Solarczyk,14,3,1970,Edycja 5,188,True,Ponad czy składać Stany Zjednoczone. 40 tekst litera strona bóg. Surowy coraz miód złodziej radość.,dostępny
528,978-1-66863-341-0,209167,Jeszcze wszystko Chrystus,Oliwier Burchard,7,4,1995,Edycja 2,566,False,Przechodzić Kraków teren człowiek świnia. Jeździć rodowity główny upadek amerykański stopa.,dostępny
529,978-0-577-90714-8,349556,Potrzeba jedynie,Olaf Olewniczak,12,3,1991,Edycja 3,652,True,Oś daleko dzielnica moc przyjemny powstać konstrukcja. Sport prąd lato całkowicie wymagać ani.,dostępny
530,978-1-322-70267-4,961574,Wątpliwość lampa tamten,pani Roksana Matuszyk,4,3,2008,Edycja 4,304,True,Turcja i litera cesarz np.. Gazeta jego ubranie zarówno stopień przejaw.,dostępny
531,978-0-15-313636-8,319869,Kilka pokryć grupa,Tymon Kuncewicz,4,2,2011,Edycja 1,856,False,Mieszkanie ocena nadzieja aktor lipiec. Dziewczyna mocz zanim uczyć się powodować wspaniały.,dostępny
532,978-0-02-194672-3,925250,Także spać przyjąć,Tymoteusz Kuder,6,1,2017,Edycja 1,222,True,Księga uczeń część ptak wpaść arabski adres. Chcieć budynek w końcu chmura.,dostępny
533,978-1-01-896164-4,559507,Pełny interes egzamin,Nikodem Parada,11,4,1996,Edycja 2,252,False,Jutro fizyczny pod prędkość lato usta. Liczba Atomowa ukraiński lot róża rada wystawa.,dostępny
534,978-1-85390-789-0,497108,Węgiel ludność chmura znaczny,pani Ada Langa,1,3,1982,Edycja 5,308,False,Uchodzić szlachetny Japonia grunt pytać niedźwiedź dawno. Wydawać Się promień międzynarodowy kąt.,dostępny
535,978-0-8299-7968-8,969067,Jajko urodzić strój znaczny dział,pani Agnieszka Sulik,4,4,1990,Edycja 5,576,True,Mięso położenie długi dyrektor Austria gazeta oba pięćdziesiąt.,dostępny
536,978-1-04-633312-3,573209,Trudność wróg wypadek górski,Marianna Postawa,12,1,2022,Edycja 1,256,False,Duński ich typ psychiczny np. informacja.,dostępny
537,978-0-259-09479-1,434198,Rower zdolny mocny chwila pewien,Dorota Sykut,12,3,1998,Edycja 1,659,True,Jeszcze artykuł dużo. Nóż dym pochodzenie. Wykonywać ono stado.,dostępny
538,978-0-496-39191-2,278368,Bogaty głowa kłopot udać się gwiazda,Emil Andrejczuk,12,4,2024,Edycja 2,201,True,Na łączyć historyczny widok starać się. Wysokość nagły samica rada.,dostępny
539,978-0-626-44886-8,197627,Produkcja przyczyna włosy niedźwiedź cztery,pani Róża Kalinka,5,3,1984,Edycja 5,102,False,Wrogi zimny pod budzić niewielki. Daleko zaczynać epoka drewniany azjatycki.,dostępny
540,978-0-8091-9015-7,552275,Dać naukowiec wybitny ci,pan Konrad Michnowicz,8,2,2014,Edycja 5,129,False,Bóg daleko wciąż zwierzę. Ponownie gniazdo pojedynczy bajka za marzec. Kontakt biblioteka długo.,dostępny
541,978-0-298-32482-8,156157,Wątpliwość wyłącznie władza okręt,Alex Miszkiewicz,2,1,2007,Edycja 3,543,True,Specjalista bądź region żywy. Rzeczownik pytać głupi stado. Rola 0 górny czasem wrażenie.,dostępny
542,978-1-82996-291-5,529161,Metr energia dzień,Dawid Pędzik,10,5,1986,Edycja 5,784,False,Podstawa prąd forma. Powoli składać się wolno rzeczownik. Burza nadmierny prosić majuskuła płaszcz.,dostępny
543,978-0-7116-2411-5,411847,Wojskowy wysiłek wiosna,Angelika Strama,12,2,1971,Edycja 1,646,True,Obcy wywołać bez wolność zeszły.,dostępny
544,978-1-4918-0172-7,699544,Użytkownik jego sześćdziesiąt,Jędrzej Lampa,3,5,2019,Edycja 4,414,True,Czynić z powodu 2 suchy ogród obecnie silny. Chory kawałek ochrona gazeta.,wypożyczony
545,978-0-651-77739-1,478356,Brązowy wspaniały źródło,Anita Gałęza,7,1,1980,Edycja 4,238,True,Pływać czynić krowa las francuski przeznaczyć. Mowa zapach próba gwałtowny myśl kolumna.,dostępny
546,978-1-937515-09-6,963918,Płeć chory większy,Konrad Drozda,8,5,1975,Edycja 4,205,True,Wróg drewniany średni pieśń grudzień pożar film.,dostępny
547,978-0-413-26111-3,126985,Poruszać Się bez moneta wóz,Paweł Kutera,8,2,2012,Edycja 2,785,False,Dodawać powstać wątpliwość godny.,dostępny
548,978-1-333-43333-8,596574,Właśnie podłoga lubić ojciec zmęczony,pan Fryderyk Berdzik,4,1,2006,Edycja 3,765,False,Stopa kamień szczyt gruby ojciec taniec. Położyć pomiędzy lekki chiński ćwiczenie bogactwo go.,dostępny
549,978-0-9907676-9-5,612855,Gdzie fałszywy czasem duży tamten,Dominik Jędrusiak,6,3,1970,Edycja 1,218,False,Ciężar idea rzadki umowa 1 zakładać. Jabłko komórka wniosek przemysł pomieszczenie wniosek.,dostępny
550,978-0-7139-6605-3,489043,Sprzedawać rozmiar ktoś dziesięć,Juliusz Broncel,5,4,1974,Edycja 3,561,True,Kraina brązowy dziób opowiadać. Więzienie społeczny ślub interes dodatkowy uprawiać.,dostępny
551,978-1-886140-57-8,146784,Założyć naukowy skrzydło muzyka minister,Bianka Kabza,14,3,2015,Edycja 4,603,False,Zakład płaski norma szacunek szeroki wzdłuż.,dostępny
552,978-0-10-822078-4,337232,Aby pociąg,pan Nikodem Straszak,3,3,2020,Edycja 5,296,True,Chmura kraina umieścić hasło to brudny. Moc rynek 9 biedny idea.,dostępny
553,978-0-681-57981-1,888775,Brzeg zapis sprzedawać,Maciej Wylegała,6,1,2006,Edycja 1,112,False,Pojazd 1000 oraz żeby.,dostępny
554,978-0-230-08576-3,534096,Martwy rysunek patrzeć obchodzić,Kalina Mielke,5,5,1972,Edycja 2,891,True,Rzucić rząd nagły położenie przy wygląd. Prawo wschodni okres łąka.,dostępny
555,978-1-214-76492-6,958160,Daleki azjatycki uderzenie obchodzić,Lidia Wałek,15,5,2008,Edycja 4,372,False,Japoński trwały ruch. Wciąż masło powodować po obowiązywać.,dostępny
556,978-1-64208-656-0,347088,Pomarańcza relacja szpital łatwy,Ryszard Pryk,10,4,1983,Edycja 3,492,True,Uderzyć temu uczyć szkodliwy zaufanie obchodzić przyjechać kuchnia. Służba zakład nazywać prasa.,dostępny
557,978-1-945232-19-0,995420,Cmentarz dać świeży,Ewa Hermann,10,1,1970,Edycja 5,866,True,Pełny skłonność Europa dzisiaj. Artystyczny podróż zająć grupa instytucja pojęcie dwa.,dostępny
558,978-0-8274-4857-5,893969,Chociaż służba,Kacper Boryczko,10,4,1994,Edycja 2,793,True,Płakać zdjęcie nazwa rano USA. Mąż ten cel. Okręt wąski spaść działalność.,dostępny
559,978-1-65190-986-7,947732,Mocz świat muzyk,Jakub Konieczek,9,2,2008,Edycja 2,295,True,Broń spodnie następować bo. Bóg drapieżny odmiana kuchnia.,wypożyczony
560,978-0-18-848520-2,182175,Kolacja popularny,Tadeusz Olbrych,4,4,2022,Edycja 2,790,True,Dno język dziecko Afryka zawartość powiedzieć coraz pracownik. Kartka podział drobny zmieniać.,dostępny
561,978-0-7914-5608-8,435281,Mąż następować oczywiście,pani Dorota Wyłupek,12,1,2012,Edycja 1,648,False,Słoneczny stały wysyłać Włochy. Piasek parlament organizm prowincja piwo.,dostępny
562,978-0-8069-8477-3,516656,Znajdować wyrażać koszt ciemny,pani Karina Bartman,8,5,1997,Edycja 3,252,False,Biec święto pszczoła. Ojczyzna znów włoski lipiec jeździć lew.,dostępny
563,978-1-5230-8370-1,580412,Kosztować grób ciągnąć odpowiadać wy,Jan Wejman,8,1,2022,Edycja 5,833,False,Dziesięć dokonywać urząd wróg. Siostra zdolny temu obywatel pieniądz.,dostępny
564,978-1-73037-183-7,534574,Azja rozpocząć podnosić lecz,Krystyna Horbacz,13,2,1978,Edycja 2,267,True,Kwiat radiowy zły usługa. Godzina udać się (…). Podobny północ oczekiwać.,dostępny
565,978-1-312-24179-4,690016,Aż przejść (…) kobieta,Ewelina Galik,3,1,1982,Edycja 3,720,False,Futro dowód pasek podstawa lotnisko rozwiązanie choć. Zbiór wieczorem imię kolejny plama.,dostępny
566,978-0-18-374550-9,376967,Prowincja powierzchnia szereg międzynarodowy piłka nożna,Monika Fitrzyk,8,4,2001,Edycja 4,548,False,Duch stół właśnie.,dostępny
567,978-0-397-55231-3,280564,Sprawiać w końcu mocny,pan Norbert Galos,12,3,1990,Edycja 4,269,True,Ziemia szczęście suma pokój kończyć wynosić układ okresowy. Właściwość bardzo wspaniały.,dostępny
568,978-1-933496-05-4,140666,Zwykle Litwa,Urszula Worach,8,4,2003,Edycja 3,227,True,Dym wyraz teren. Armia Żyd fakt zwrot w celu wpaść. Dostać zupa stawiać sen.,dostępny
569,978-1-989266-59-5,881975,Nadawać podróż,Eliza Kacperek,11,4,1994,Edycja 3,127,False,Szukać republika o trzy pierwszy kochać. Pełen dziki lampa.,dostępny
570,978-0-259-09479-1,454278,Rower zdolny mocny chwila pewien,Dorota Sykut,12,3,1998,Edycja 3,659,False,Domowy prawo skala milion wszelki mąka. Wszystko pióro pić zaufanie.,dostępny
571,978-0-333-73634-0,999924,Średniowieczny gwałtowny większy temperatura,Łukasz Kajdas,8,1,1975,Edycja 2,878,True,Jadalny naukowy lęk 60 zachód kościół suma. Królowa ciąża zaufanie prezent.,dostępny
572,978-0-347-85196-1,879850,Coś norma,Urszula Smektała,8,4,2007,Edycja 3,590,False,Przecież bezpośrednio Turcja wysiłek. Budowa angielski pisarz woda zimno gniew.,dostępny
573,978-0-86326-667-6,734366,Przerwa wynik Polska wczoraj język,Karol Kurpisz,12,1,1991,Edycja 2,430,False,Piętro związać złożyć umowa no mieszkaniec. Odwaga metal cisza za pomocą.,dostępny
574,978-1-65190-986-7,963994,Mocz świat muzyk,Jakub Konieczek,9,4,2008,Edycja 4,295,False,Nazwa zboże móc rzecz uwaga. Szklanka kino niektóry wygrać uczyć się.,dostępny
575,978-0-920242-86-5,640299,Przecież rozmiar w. pokazywać spadek,Przemysław Szkopek,14,2,2011,Edycja 1,572,False,Pomidor Polak wybuch mierzyć niewolnik.,dostępny
576,978-0-231-64334-4,522979,Bo zrobić pomagać dawny pożar,Kamila Szczerbiak,12,2,1977,Edycja 5,262,True,Przemysł dziś dno Belgia mysz szkło zadanie. Chcieć niezwykły grzyb silny domowy otwierać.,dostępny
577,978-0-644-74212-2,302127,Który epoka osoba,pan Jeremi Smyl,13,2,1970,Edycja 1,595,True,Ręka zmiana wrogi próbować znać kąt trzymać jedynie. Istnienie jaki palec wierzyć metr centralny.,dostępny
578,978-1-283-26842-4,578621,Oglądać gęś matematyka,pani Liwia Sołtan,7,1,2007,Edycja 3,444,True,Ssak choroba oni. Uciekać lód naukowiec prawy stan kolumna rynek oddział.,dostępny
579,978-0-7990-7726-1,486244,Sygnał nie ma bić,Wojciech Siwczak,2,4,2017,Edycja 5,298,False,Jadalny oglądać kraina głupek. Okres zatoka ponad w wyniku następny poprzedni.,dostępny
580,978-0-7310-9678-7,814263,Łuk głupi 6 pojechać aby,Marika Nickel,7,1,1975,Edycja 2,832,False,Projekt cały przyjść dodatek między Stany Zjednoczone. Wspomnienie przed broń.,wypożyczony
581,978-0-17-912868-2,722899,Leczenie bić przeznaczyć temperatura,pan Marek Wałek,8,4,2009,Edycja 2,740,False,Trzymać drużyna pragnąć rosyjski odmiana dzieło.,wypożyczony
582,978-1-932302-34-9,466749,Rodowity pojawiać się pracować uderzać,Gustaw Szczudło,5,3,1995,Edycja 2,701,False,Szkodliwy łagodny pieniądz. ! wystawa Austria postawić świeży kształt.,dostępny
583,978-1-120-34717-6,398916,Uprawiać religia delikatny godność,pani Anastazja Hajduga,14,1,1993,Edycja 4,120,True,Koń wola drzwi. Malować drzewo pomoc góra ja wnętrze. Mięso żeński mieć na imię.,dostępny
584,978-1-04-633312-3,995296,Trudność wróg wypadek górski,Marianna Postawa,12,5,2022,Edycja 2,256,True,Liczny lek piękny sam kraj. 7 zapach pełen. Latać zgadzać się 5 90 świadczyć.,dostępny
585,978-1-4019-2927-5,810614,Zakończyć numer żelazo warzywo,Cyprian Łyskawa,8,2,1979,Edycja 3,558,False,Ludność prywatny kraj pokarm składać. Zawartość iść blisko czarny śniadanie słyszeć określony.,dostępny
586,978-1-926329-67-3,121026,Opuścić powietrze ciepło pogląd,Tadeusz Kaziród,7,1,1980,Edycja 4,195,True,Określony kot babcia do słońce składać. Nie Ma pani złapać. Lekki zabawa stan znaleźć.,dostępny
587,978-0-644-74212-2,730343,Który epoka osoba,pan Jeremi Smyl,13,1,1970,Edycja 2,595,False,Jeszcze miejsce zgodny zawartość kwiat. Zgadzać Się podnosić nie. Zero nad czytać dalej pies.,wypożyczony
588,978-0-589-04290-5,847362,Czynić wzrok 1000,Mikołaj Wiesiołek,5,3,1994,Edycja 4,589,False,Kara przyczyna jego dużo wszystek biskup.,dostępny
589,978-1-4424-9363-6,581294,Europa czy,Marcelina Stachów,5,3,2008,Edycja 2,776,False,5 żółty lekcja dopiero postać. Ono przygotowywać karta prywatny czasownik ilość bardzo.,dostępny
590,978-0-326-48704-4,810091,Trzydzieści wnętrze górny czas i,Radosław Działa,8,5,2013,Edycja 5,448,False,Majątek nazywać dane gazeta literacki alkohol zapach. Rynek chociaż sport.,dostępny
591,978-0-12-920875-4,207282,Państwo akt rzeczownik,Melania Śnieg,7,1,2021,Edycja 5,779,False,Dziewięć cena w końcu poza wykorzystywać Izrael pustynia. Wywoływać granica pomoc zboże.,dostępny
592,978-0-89802-714-3,778787,Zaburzenie państwowy traktować oś 50,Andrzej Kostera,6,5,1981,Edycja 5,665,False,Zatoka dokonać samica ponad dokonać księżyc. One przyprawa klimat więcej.,dostępny
593,978-0-455-47813-5,817659,Widok ogromny dusza słońce,Urszula Lalak,10,1,2009,Edycja 4,391,True,Dopiero miara Jezus wpływ mleko. Ocean świątynia wschód pierwiastek chemiczny.,dostępny
594,978-1-5033-3491-5,389913,Pasmo miesiąc,Michał Lamch,7,3,1992,Edycja 3,412,False,Wyrażenie pamiętać wiara zaufanie brudny szklanka. Poważny poduszka silny przyczyna.,dostępny
595,978-0-455-47813-5,297509,Widok ogromny dusza słońce,Urszula Lalak,10,2,2009,Edycja 5,391,True,Położyć dialekt umowa służba. Blisko urodziny zgadzać się łąka siostra międzynarodowy owoc rozmowa.,dostępny
596,978-1-236-92929-7,944554,Za Pomocą ojczyzna rozmowa istota ósmy,Albert Łosiak,3,5,1978,Edycja 4,151,False,Wy tydzień gołąb marzec lekki dokument. Ryzyko pragnienie grecki bić aktywny strona oraz.,dostępny
597,978-0-06-799813-7,856320,Stopa wysokość główny ruch,Krystyna Nóżka,13,1,1987,Edycja 4,679,False,Właściciel żołnierz słaby Białoruś. Śmierć lato posiadać niechęć moment.,dostępny
598,978-0-7914-5608-8,538897,Mąż następować oczywiście,pani Dorota Wyłupek,12,4,2012,Edycja 4,648,True,Wracać Turcja wina zupełnie Dania system szwedzki ryż. Zmiana atak produkcja.,dostępny
599,978-1-4921-5182-1,842464,Błoto mój ciągle przyszłość,pan Robert Grotek,15,5,2009,Edycja 2,490,False,Wchodzić mieć dłoń piętnaście abugida. Rada wyrażenie dyrektor przyjąć sukienka daleki komórka.,dostępny
600,978-1-905807-78-9,819656,Spowodować barwa długo dar,Aleks Falba,12,5,1972,Edycja 4,587,False,Otrzymać ofiara pomiędzy podróż język stać rozwój grób. Aż być podczas zaburzenie sto.,dostępny
601,978-0-231-64334-4,414777,Bo zrobić pomagać dawny pożar,Kamila Szczerbiak,12,2,1977,Edycja 5,262,True,Źródło porządek wielkość róża lis. Piękny wskazywać uderzać zapalenie.,dostępny
602,978-1-937515-09-6,202344,Płeć chory większy,Konrad Drozda,8,4,1975,Edycja 2,205,False,Zwrot szkodliwy lista ziemia pragnąć umrzeć masło. Głupiec usuwać religijny taniec.,dostępny
603,978-0-505-05739-6,899977,Chemiczny opowiadać podczas europejski,pan Dariusz Siwczak,8,2,1989,Edycja 3,453,True,Kontakt droga karta seksualny rozwój blady a.,dostępny
604,978-1-905807-78-9,472541,Spowodować barwa długo dar,Aleks Falba,12,2,1972,Edycja 3,587,False,Narząd 8 inaczej samica wysłać. Tańczyć owca walczyć wojsko.,dostępny
605,978-0-616-75677-5,489737,Przed bać się,Leon Steckiewicz,9,3,1999,Edycja 5,489,False,Sygnał bilet grupa przygotować dyrektor węgiel. Tańczyć smutek użycie.,dostępny
606,978-1-58030-468-9,992562,Zdrowie czterdzieści lato letni,Artur Tuzimek,7,1,1998,Edycja 4,878,True,Ten Sam św. musieć. Rozmowa republika zrozumieć.,dostępny
607,978-1-4921-5182-1,708502,Błoto mój ciągle przyszłość,pan Robert Grotek,15,5,2009,Edycja 1,490,False,Królestwo religia szczęście znaczenie Włochy zamknąć zacząć 5. Piękny dopływ odzież.,dostępny
608,978-1-218-23076-2,624788,Grać zima ta wycieczka cmentarz,pani Blanka Tokarek,1,1,2005,Edycja 4,606,False,Lekki tysiąc czynić odczuwać robotnik flaga układ okresowy. Góra niemiecki obok marka.,dostępny
609,978-0-9918081-2-0,156688,Nic but opinia pokazywać wierny,pan Igor Dziewior,2,2,1994,Edycja 2,712,True,Odzież płaski zjeść liść wizyta dlatego zgodny.,dostępny
610,978-0-496-39191-2,529068,Bogaty głowa kłopot udać się gwiazda,Emil Andrejczuk,12,5,2024,Edycja 4,201,True,Uśmiech bar odpowiadać pora kupować. Spór kontynent kierować kontynent towar napój.,dostępny
611,978-0-7140-1401-2,850432,Wyścig but muzyk,Nataniel Wojtyna,1,2,1976,Edycja 1,255,False,Wieczorem wtorek ukraiński sytuacja współczesny studia. Gwiazda drugi raz sport.,dostępny
612,978-1-67197-889-8,761685,Brzuch staw wiara zajmować,pan Norbert Buza,8,2,1994,Edycja 3,553,True,Duży wspólnota komórka rodzaj szkolny banknot. Lewy zamiast aż cień seksualny atmosfera ćwiczenie.,dostępny
613,978-1-102-72614-2,574012,Drewno budynek w ciągu polegać szklanka,Natan Dybaś,10,3,2021,Edycja 2,812,True,Uderzenie wielkość 5 produkować słowacki. Oba wiadomość produkować uderzenie osobisty tu wejście.,wypożyczony
614,978-0-591-26620-7,901619,Ser ziemniak,Ignacy Juroszek,7,2,2014,Edycja 4,144,True,Grecki sytuacja zespół. Wiek łatwy bieg operacja. Miłość funkcja własny wakacje gałąź.,dostępny
615,978-1-85289-755-0,744328,Wprowadzać karta strach grunt papieros,pani Ewelina Hnat,14,4,1984,Edycja 4,742,False,Rzym królestwo też styl. Ciotka niski powodować rzeczownik raz ślad. Uważać późny rzeczownik.,dostępny
616,978-0-589-35712-2,600590,Abugida biały świat średniowieczny,pan Artur Rajchel,13,4,1995,Edycja 1,788,True,Płyn użytkownik ostry. Firma białoruski pozycja jednostka ofiara liść. Babcia młody nikt posiłek.,dostępny
617,978-0-396-85270-4,309100,Zaraz bo,Mikołaj Wasyluk,4,3,1979,Edycja 1,713,False,Klub pewny czterdzieści.,dostępny
618,978-0-09-143639-1,299834,Kto warunek,Ksawery Miodek,8,1,1995,Edycja 1,664,True,Polski czuć dziewiąty nauczycielka. Własny wiatr Rosja.,dostępny
619,978-1-4019-2927-5,827213,Zakończyć numer żelazo warzywo,Cyprian Łyskawa,8,3,1979,Edycja 3,558,True,Chłopiec zawsze instrument wspomnienie małżeństwo. Ucho rodzinny pamięć zachodni dzień powód dalej.,dostępny
620,978-0-8254-7807-9,502181,Większość epoka opieka wybór,Krystyna Szyjka,12,5,1982,Edycja 5,362,False,Jeść dziewiąty cel zabawka mistrz wychodzić podłoga. Płyta but znajdować Piotr. Węgry z powodu rok.,dostępny
621,978-0-476-44726-4,168458,Przeciwnik my tamten,Marcelina Ciechowicz,12,1,2013,Edycja 3,634,False,Ziemski poczta masło. Piosenka włożyć wokół. Przedstawiciel zachowywać się jakiś 10 kwestia.,dostępny
622,978-1-68118-071-7,863187,Gołąb podróż fakt wywoływać,Marcel Bociek,14,5,1995,Edycja 5,264,False,Wodny natura duch. Obrót dziedzina całkiem wy. Zaufanie moneta tyle.,dostępny
623,978-0-9604432-7-7,820141,Cel przedstawiciel,Urszula Grodek,13,2,2008,Edycja 3,874,False,Znaczny Turcja znany leżeć. Chrystus prawie stawać się czapka. Ponownie słaby przynosić.,dostępny
624,978-0-348-64518-7,886553,Odzież powód wesoły,Juliusz Kij,7,2,1976,Edycja 2,561,False,Ciągnąć osiemdziesiąt gniew operacja wola.,dostępny
625,978-0-472-12281-3,339513,Nasz całość za pomocą pole,Jan Panuś,9,2,2001,Edycja 2,865,True,— jądro punkt wolno bilet ty. Niż możliwość rzecz robić. Funkcja zima panna obcy dół.,dostępny
626,978-0-533-55543-7,718337,Milion graniczyć otrzymywać mierzyć od,pani Aniela Majtyka,13,5,2011,Edycja 2,717,True,Może odmiana pora 20 nadawać mięso. Zwierzę mleko publiczny róg. Pożar we zimny mądry.,dostępny
627,978-0-17-342069-0,845652,Czechy głos poduszka tekst,Bartek Budzeń,5,1,2005,Edycja 4,823,False,Zobaczyć prowadzić konflikt tani rzeka.,dostępny
628,978-0-396-85270-4,753404,Zaraz bo,Mikołaj Wasyluk,4,1,1979,Edycja 5,713,True,Zły praktyka rzadki zwyczaj niech prezydent. Struktura współczesny początek stado dowód.,dostępny
629,978-1-4270-3120-4,785315,Grecki nóż moralny leczenie,pani Sylwia Lenc,10,1,1972,Edycja 1,865,True,Wokół władca podróż zdobyć.,dostępny
630,978-0-86326-667-6,565897,Przerwa wynik Polska wczoraj język,Karol Kurpisz,12,4,1991,Edycja 1,430,False,3 zaś pokonać ocena wykorzystywać musieć fragment duński. Mocno relacja szósty np..,dostępny
631,978-0-928456-79-0,835962,Dzisiaj wojna ta wino,Ida Ładniak,13,2,2021,Edycja 2,513,True,Opowiadać poeta ! pojęcie ślub bogini Czechy. Palec kwestia ziemia sześć umieszczać.,dostępny
632,978-0-326-48704-4,541315,Trzydzieści wnętrze górny czas i,Radosław Działa,8,1,2013,Edycja 5,448,False,Przedstawiciel zapalenie dostęp dział zły pomysł. Wkrótce wysoki koniec egzamin.,dostępny
633,978-1-105-56613-4,539170,Rzadki przestać zero grupa wiersz,pani Natasza Ornat,10,1,2017,Edycja 5,223,True,Żywność zamknąć dzielnica. Sowa okno kolumna atak wykorzystywać.,dostępny
634,978-0-7116-2411-5,219550,Wojskowy wysiłek wiosna,Angelika Strama,12,1,1971,Edycja 4,646,True,Wykonywanie północ całość należy kupować.,wypożyczony
635,978-0-601-66299-9,915749,Łyżka mi osiągnąć nikt powstanie,Roksana Adamiuk,4,3,1978,Edycja 5,463,True,Obowiązek obraz r. hodować czysty.,dostępny
636,978-0-348-64518-7,837606,Odzież powód wesoły,Juliusz Kij,7,4,1976,Edycja 3,561,True,Polityk ciało głupota odwaga głowa wąski. Zazwyczaj miara wóz więcej bo sowa.,dostępny
637,978-1-56205-336-9,674765,Ćwiczenie ważny dawno,pan Artur Pałyga,14,4,2022,Edycja 2,578,False,Żelazo tani różnica czapka.,dostępny
638,978-0-616-75677-5,345896,Przed bać się,Leon Steckiewicz,9,1,1999,Edycja 1,489,True,Wiatr ząb wszystko spaść zajmować się publiczny jedenaście ustawa. Pisanie efekt równy opisać.,dostępny
639,978-0-204-61872-0,975804,Kult może wobec,Marcel Ulrych,12,5,2018,Edycja 4,217,True,Forma prosić muzeum. Chronić centrum komórka pomidor świątynia charakterystyczny akt.,dostępny
640,978-1-120-34717-6,917392,Uprawiać religia delikatny godność,pani Anastazja Hajduga,14,5,1993,Edycja 1,120,True,Obóz zupa przy w postaci skład. Zaraz zdjęcie warunek wzdłuż psychiczny noga północ.,dostępny
641,978-0-02-194672-3,775636,Także spać przyjąć,Tymoteusz Kuder,6,2,2017,Edycja 4,222,False,Przestać kura można ludzie przejść. System obowiązywać odczuwać przynieść całkowicie ucho.,dostępny
642,978-0-15-313636-8,586830,Kilka pokryć grupa,Tymon Kuncewicz,4,1,2011,Edycja 1,856,True,Australia śpiewać płynąć szary zdarzenie Ziemia minuta.,dostępny
643,978-1-56205-336-9,993647,Ćwiczenie ważny dawno,pan Artur Pałyga,14,3,2022,Edycja 3,578,False,Śpiewać banknot spaść gatunek gorący promień ciemność.,dostępny
644,978-1-399-89354-1,874415,Tracić umieścić budować,Albert Rosołek,10,1,2020,Edycja 1,121,True,W Formie chwila granica śpiewać 6 plac obrona.,dostępny
645,978-0-216-99586-4,993385,Srebrny trudno wypowiedź herbata,pani Nela Sieczko,10,2,1979,Edycja 2,489,False,Włosy budzić prosić jadalny pamiętać jakiś. Nawet centralny pociąg mama własny.,dostępny
646,978-0-348-64518-7,558976,Odzież powód wesoły,Juliusz Kij,7,5,1976,Edycja 3,561,True,Śniadanie napisać wizyta dodać.,dostępny
647,978-1-118-00537-8,954551,Graniczyć ozdoba stowarzyszenie internetowy,Jan Suchta,2,3,2004,Edycja 2,803,True,Złoty powstanie wyraz. Istotny i obwód pokonać cierpieć odbywać się właściwość.,dostępny
648,978-1-933496-05-4,519692,Zwykle Litwa,Urszula Worach,8,4,2003,Edycja 3,227,False,Początek środowisko związany gruby. Prawo banknot odczuwać płacić żywność.,dostępny
649,978-1-5333-1537-3,938754,Bohater cukier masło wzgórze,Sandra Cymer,14,4,1981,Edycja 2,101,True,Żydowski rodzina elektryczny bycie deska długo kiedyś. Zdarzenie środa Unia Europejska krowa.,dostępny
650,978-1-57760-049-7,829987,Szósty rolnik,Jan Mendyka,4,1,1985,Edycja 2,204,True,Tłumaczyć mysz iść. Pozwalać polegać kartka szeroki.,dostępny
651,978-0-86326-667-6,719446,Przerwa wynik Polska wczoraj język,Karol Kurpisz,12,4,1991,Edycja 5,430,False,Związany założyć silnik wartość korzyść. Szpital klasa wszystek jeździć.,dostępny
652,978-1-58683-390-9,741018,Gwałtowny postępować,Karina Gałach,6,4,2016,Edycja 3,351,True,Wyścig ludność wyglądać koło przynieść. Zadanie reakcja sala cukier dziewiąty.,dostępny
653,978-1-85289-755-0,606545,Wprowadzać karta strach grunt papieros,pani Ewelina Hnat,14,4,1984,Edycja 1,742,False,Pomidor katolicki płaski brak róża. Letni pijany obywatel student ksiądz.,dostępny
654,978-0-18-204339-2,148205,Matka podatek przeciwny pływać,pan Alan Pawliczak,8,1,1982,Edycja 3,384,False,On kino duży bar kilometr przygotowywać róg. W szczyt czyjś zamknąć małżeństwo.,dostępny
655,978-0-587-99684-2,838793,Intensywny użycie inny władza,Ksawery Łyjak,6,5,2021,Edycja 5,405,True,Brat bliski przedstawiciel dar. Wyłącznie latać litera do. Artykuł ważny przedstawienie wracać.,dostępny
656,978-1-69864-079-2,644315,Gospodarczy religijny,Kazimierz Dorobek,10,5,1976,Edycja 5,735,True,Niezwykły składnik wyraz. Pół atmosfera tłumaczyć ucho.,dostępny
657,978-0-85196-115-6,793856,Księga dziewięćdziesiąt jeść spotkanie warunek,Ada Faryna,10,2,2023,Edycja 4,141,False,Zwycięstwo przestrzeń tydzień plaża. Zapomnieć mierzyć morski decyzja rzeka.,dostępny
658,978-1-01-896164-4,255875,Pełny interes egzamin,Nikodem Parada,11,5,1996,Edycja 5,252,True,Parlament wzór szanowny należy. Pokonać bogactwo kwestia kanał sieć. Piłka Nożna badać 0 sprawa.,dostępny
659,978-1-9848-5833-7,774652,Dzielić drobny długość,Kajetan Makoś,8,2,2006,Edycja 5,106,False,Powodować urodzenie seks suchy. Specjalista zachowanie prezent trawa wczesny rzeczownik.,dostępny
660,978-0-415-14888-7,273438,Moralny poprzedni,Ignacy Cabała,5,1,1994,Edycja 4,662,False,Wyrażenie jutro kartka proces. Klasztor sprzedaż pacjent kolacja. Dużo o ryba władca.,dostępny
661,978-0-01-194707-5,446968,Złożony z zostać,Cezary Warych,9,3,2017,Edycja 1,452,True,Wygląd żona pod pomagać. Łąka pracować typowy opisać przedstawiciel wyrok pracować.,dostępny
662,978-1-02-701168-2,774567,Tradycja dawno pić warunek,Konrad Młodzik,5,4,1982,Edycja 4,843,True,Epoka wspomnienie orzeł wymagać. Rozwój pająk zjawisko gra zawartość.,dostępny
663,978-1-880434-16-1,581395,Dobrze kartka suchy wydarzenie,Grzegorz Hak,1,4,2016,Edycja 5,458,False,Treść motyl wschód. Szeroki samolot wódka i kaczka. Rysunek samolot bycie mama zły wąski.,wypożyczony
664,978-1-322-70267-4,998198,Wątpliwość lampa tamten,pani Roksana Matuszyk,4,4,2008,Edycja 4,304,False,Ludzki sądowy pisanie uznawać. Jego natura kiedy grać jednak. Alkohol skończyć archipelag.,dostępny
665,978-1-306-52407-0,621533,R. projekt wróg krok,pani Anita Fidura,15,1,1988,Edycja 1,419,False,Ludowy z zamykać po wszystkie psychiczny. Bez ochrona energia rozwój wódka zajmować.,dostępny
666,978-0-9918081-2-0,137572,Nic but opinia pokazywać wierny,pan Igor Dziewior,2,5,1994,Edycja 5,712,True,Naprawdę żaba obóz jutro stado wyjść ojciec. Spór głupota twarz kolor. Maj zawierać pozostać pomoc.,dostępny
667,978-1-120-34717-6,930244,Uprawiać religia delikatny godność,pani Anastazja Hajduga,14,5,1993,Edycja 5,120,False,Prosty rzymski inaczej zmiana.,dostępny
668,978-1-71632-346-1,689648,Lecz akt 3 jezioro,pan Oskar Piszcz,5,2,1979,Edycja 4,664,False,Mężczyzna starożytny otoczenie wykorzystywać statek szlachetny wesoły kosz.,dostępny
669,978-1-57724-295-6,965401,Brzeg instytucja zacząć,Anita Dzierwa,1,1,1971,Edycja 2,337,False,Początek określony dzisiaj pole płyta piwo. Minerał ruch silnik pisanie uważać sześć podstawowy.,dostępny
670,978-0-616-75677-5,687360,Przed bać się,Leon Steckiewicz,9,5,1999,Edycja 5,489,False,Drapieżny większość dawny cześć. Dziać Się północny orzeł wschód. Użycie anioł gęsty.,dostępny
671,978-1-57724-295-6,850689,Brzeg instytucja zacząć,Anita Dzierwa,1,4,1971,Edycja 1,337,True,Kontynent włożyć jeśli posługiwać się spać przejaw. Własny otrzymać głowa plac pewny.,dostępny
672,978-1-905807-78-9,102303,Spowodować barwa długo dar,Aleks Falba,12,3,1972,Edycja 3,587,False,Angielski wiara artysta pasmo już. Ssak ręka mówić. Dawno pracować palec zabawka.,dostępny
673,978-0-626-44886-8,647341,Produkcja przyczyna włosy niedźwiedź cztery,pani Róża Kalinka,5,3,1984,Edycja 1,102,True,Miara tłuszcz mecz zegar.,dostępny
674,978-1-56999-880-9,616342,Pracować ku bawić się bawić się starożytny,Maciej Kozdroń,7,2,1996,Edycja 4,280,True,Rodzaj wśród moralny przypominać. Pokazywać podawać organ życie ogromny interes.,dostępny
675,978-0-582-73902-4,740524,Umieszczać zero,Damian Paśnik,12,2,2003,Edycja 2,297,True,Ręka lista wyraz szkoda. Głupi wywołać osiągnąć prawda. Imię centralny hasło po cena kolano.,dostępny
676,978-1-4918-0172-7,326061,Użytkownik jego sześćdziesiąt,Jędrzej Lampa,3,4,2019,Edycja 2,414,False,Duży policjant bydło miesiąc. Przyrząd obrona wspomnienie Słowacja godny spór przepis nadawać.,dostępny
677,978-1-4270-3120-4,893928,Grecki nóż moralny leczenie,pani Sylwia Lenc,10,4,1972,Edycja 1,865,True,Białoruski dzięki nagły pieśń jaki. Prosty wypowiedź rolnik artykuł podobny.,dostępny
678,978-0-07-942007-7,579605,Internetowy dorosły przestrzeń,pani Julita Fogiel,6,5,2004,Edycja 5,518,True,Wyjść świecić spotkać. Ząb wygląd postawić piłka złodziej ósmy pragnienie.,dostępny
679,978-1-66907-826-5,104548,Ani płaszcz podstawa,pan Alan Kaletka,8,5,1975,Edycja 1,815,False,Urodziny procent numer umrzeć sto. Miasto siostra mózg pokonać no wiele. Stać jeść Dania by — 3.,dostępny
680,978-0-12-920875-4,606390,Państwo akt rzeczownik,Melania Śnieg,7,5,2021,Edycja 2,779,True,Znaleźć znowu Słońce brzeg klimat.,dostępny
681,978-0-86338-392-2,208584,Płaszcz skała prowadzić norma rower,pan Mikołaj Kumorek,10,4,2023,Edycja 5,807,False,Zdanie tłuszcz zrozumieć mowa wytwarzać. Wiosna lekcja pić należy. Dziewiąty koza zbiór.,wypożyczony
682,978-1-361-86371-8,503348,Kapelusz przyrząd Kościół zawsze,Bianka Nagórka,10,4,1972,Edycja 5,345,True,Opisać gleba opisać deska. Dach cecha list prędkość. Ojczyzna kobieta lampa dziewięćdziesiąt.,dostępny
683,978-0-7990-7726-1,517196,Sygnał nie ma bić,Wojciech Siwczak,2,3,2017,Edycja 3,298,False,Syn szkło pamięć przyprawa. Kartka chmura cztery religijny ustawa zawodowy siedziba.,dostępny
684,978-1-04-888992-5,244892,Zostać ser,Błażej Banyś,12,4,2009,Edycja 5,891,False,Straszny moc cukier śnieg.,dostępny
685,978-0-626-44886-8,429159,Produkcja przyczyna włosy niedźwiedź cztery,pani Róża Kalinka,5,5,1984,Edycja 2,102,True,Ziemia pojechać mięso żołądek krzyż urodzić. Proszę historia moment dół.,dostępny
686,978-1-70132-902-7,754487,Kupować kuchnia różnica,pan Paweł Duży,9,3,1991,Edycja 3,110,True,Osiemdziesiąt rzymski trudność 30 pod duch. Naukowy zgromadzenie efekt zaufanie otwarty kto.,dostępny
687,978-1-950145-56-0,628370,Stado polować,Aleks Gilewicz,10,5,1979,Edycja 3,374,True,Niemiec tradycja sylaba czarny modlitwa królowa. Ziemniak czyli wybrzeże w uczeń Pan dodatek.,dostępny
688,978-1-5162-3198-0,689593,Rasa odcinek jedenaście,Sonia Piekart,4,4,1976,Edycja 5,277,False,Ozdoba chleb kolor masło oddział żywy uzyskać cienki. Rower włosy niech prywatny włożyć wierny.,dostępny
689,978-0-396-85270-4,399817,Zaraz bo,Mikołaj Wasyluk,4,4,1979,Edycja 1,713,True,Policja kapelusz średni chleb. Potrzebować tyle przeprowadzać pusty prezydent.,dostępny
690,978-0-561-64840-8,499371,Zatrzymać zdolność szwedzki ponownie roślina,Kazimierz Jagiełka,15,2,1975,Edycja 1,325,True,Stado piwo stworzyć substancja komputer. Czyli dziób gotować lustro usta.,dostępny
691,978-0-601-66299-9,379947,Łyżka mi osiągnąć nikt powstanie,Roksana Adamiuk,4,2,1978,Edycja 3,463,False,Konstrukcja paliwo proszę piękny godny. Wywołać zdolny pożar strefa pszczoła.,dostępny
692,978-0-352-11039-8,980155,Bar doskonały jak,Norbert Chyb,7,1,2002,Edycja 3,777,True,Szczyt dopiero usługa przygotować zdrowy stado ziemniak. Zwrot użytkownik niewolnik planeta.,dostępny
693,978-0-230-08576-3,133875,Martwy rysunek patrzeć obchodzić,Kalina Mielke,5,3,1972,Edycja 4,891,True,Za zrobić liczba nauka kontrola. Znajdować Się w. i rezultat zwykły rower.,dostępny
694,978-0-89802-714-3,335203,Zaburzenie państwowy traktować oś 50,Andrzej Kostera,6,5,1981,Edycja 4,665,True,Bliski nocny przedstawienie grób głód. Pieniądze ptak ciemność polski prosty krótki sieć.,dostępny
695,978-0-693-85977-2,922405,Jesień metalowy miejscowość poczta,pan Nataniel Kwapis,1,3,2018,Edycja 1,665,False,Walczyć kino wobec banknot.,dostępny
696,978-1-214-76492-6,536801,Daleki azjatycki uderzenie obchodzić,Lidia Wałek,15,3,2008,Edycja 5,372,True,Zwłaszcza ile filmowy wiedza należeć a. Las mieszkanka szczęśliwy wysłać.,dostępny
697,978-0-587-99684-2,879794,Intensywny użycie inny władza,Ksawery Łyjak,6,3,2021,Edycja 2,405,False,Finansowy zewnętrzny doprowadzić budzić Chrystus późny. Oni połowa brązowy wydać tani republika ze.,dostępny
698,978-1-4019-2927-5,764575,Zakończyć numer żelazo warzywo,Cyprian Łyskawa,8,3,1979,Edycja 5,558,True,Nasiono zając imię ogromny równy naturalny teoria. Myśl dodać pieśń papier oddział ku.,wypożyczony
699,978-1-218-23076-2,408467,Grać zima ta wycieczka cmentarz,pani Blanka Tokarek,1,4,2005,Edycja 2,606,True,Wspólny oznaczać otworzyć. Serce dziewczynka imię ogół dziura ser duch sukienka.,dostępny
700,978-1-885015-56-3,282237,Klasztor rodzaj składać się tytuł podstawowy,pan Kacper Bona,4,5,1979,Edycja 1,868,False,Kapelusz potrafić królewski nos minuskuła miły położenie.,dostępny
701,978-1-56205-336-9,549323,Ćwiczenie ważny dawno,pan Artur Pałyga,14,3,2022,Edycja 5,578,False,Odbywać Się papieros czynność. Spotkać ciężki diabeł żołnierz ziarno. Sowa przypominać wykonywanie.,dostępny
702,978-1-85289-755-0,268746,Wprowadzać karta strach grunt papieros,pani Ewelina Hnat,14,5,1984,Edycja 3,742,True,Obcy przestrzeń musieć narodowość centralny.,dostępny
703,978-0-616-75677-5,588983,Przed bać się,Leon Steckiewicz,9,2,1999,Edycja 1,489,True,Osiemdziesiąt urządzenie wewnątrz 90 odczuwać podobny zgadzać się. Natura kuchnia pani wczoraj.,wypożyczony
704,978-1-386-46317-7,725874,Żołnierz drapieżny potrafić prowadzić,pan Stanisław Wawrzynek,9,1,1996,Edycja 5,882,False,Wielki brać gardło pójść marzec. Węgry herb sprzęt składnik lina instytucja.,dostępny
705,978-0-333-73634-0,928278,Średniowieczny gwałtowny większy temperatura,Łukasz Kajdas,8,5,1975,Edycja 5,878,False,Jutro zbudować jutro rodzic spowodować pojawić się myśleć narząd. Zdarzenie jechać kieszeń.,dostępny
706,978-0-02-146566-8,922116,Zasada rok plaża istnienie organ,pani Gaja Klimko,5,3,1985,Edycja 5,183,True,Twarz bliski wszystek odcinek dzisiaj szukać. Noc piasek finansowy opisać budzić.,dostępny
707,978-0-7139-6605-3,645895,Sprzedawać rozmiar ktoś dziesięć,Juliusz Broncel,5,1,1974,Edycja 5,561,True,Minuta grunt wierny herbata chleb koniec dzisiaj. Sytuacja otworzyć godność radio nadmierny.,wypożyczony
708,978-0-13-760375-6,669460,Pragnienie we fala,Olgierd Broszkiewicz,1,5,2015,Edycja 4,542,True,Łączyć wynosić kontynent numer jakość mebel. Św. prawdziwy nocny urzędnik skłonność.,dostępny
709,978-1-4424-9363-6,331942,Europa czy,Marcelina Stachów,5,2,2008,Edycja 3,776,False,Źle ciasto głęboki fizyczny hiszpański że. 5 szczególnie mój narząd pomarańczowy.,dostępny
710,978-1-327-56041-5,407835,Dodatek kara nadmierny robotnik,Miłosz Nawój,12,2,1987,Edycja 5,708,False,Przedstawienie wschód umysł. Zaburzenie węgiel gospodarczy staw.,dostępny
711,978-0-89802-714-3,963699,Zaburzenie państwowy traktować oś 50,Andrzej Kostera,6,1,1981,Edycja 1,665,False,Około właśnie okrągły książka. Sto oficjalny wysoko Niemcy kość przeznaczyć.,dostępny
712,978-1-886140-57-8,352023,Założyć naukowy skrzydło muzyka minister,Bianka Kabza,14,5,2015,Edycja 5,603,True,Wybór rozwój dalej waluta podróżować wynosić. Daleki dlatego bogaty płacić chodzić złoty.,dostępny
713,978-1-56205-336-9,815706,Ćwiczenie ważny dawno,pan Artur Pałyga,14,3,2022,Edycja 4,578,True,Piec cebula zrozumieć dom więzienie użytkownik. Nazywać znany przeszłość piłka.,dostępny
714,978-1-01-896164-4,369054,Pełny interes egzamin,Nikodem Parada,11,5,1996,Edycja 3,252,True,Wkrótce wada jądro. Lew ślub przeciwny tracić w jako.,dostępny
715,978-0-7017-6563-7,962043,Zostać historyczny lista noc,pan Jerzy Gajdzik,8,3,1975,Edycja 5,220,False,Sok (…) wrócić piec wstyd. Lud Afganistan pełen wykorzystywać rozmawiać chłopak szklanka.,dostępny
716,978-1-963099-38-6,145981,Sygnał rejon nazwa,Hubert Kielczyk,10,3,2004,Edycja 2,874,False,Ich nazwa wojna wszystko cały rynek kolor. Godny obóz znaczny nasz rozumieć.,dostępny
717,978-1-137-68151-5,186345,Jedyny atmosfera,Aniela Świtaj,4,1,1987,Edycja 2,216,True,Psychiczny wyrażenie mapa. Gdy rzadki działalność dziura dół. Godny anioł rozmawiać szlachetny.,dostępny
718,978-1-5126-9448-2,321020,Pszczoła porządek żołądek możliwość,Klara Skałka,6,2,2023,Edycja 4,879,True,Śnieg przemysł lud raz. Po ta samica śniadanie postawić Hiszpania.,dostępny
719,978-1-876963-93-4,663876,Lecz łatwo słowo ból transport,Justyna Basak,15,4,2023,Edycja 1,710,True,Zboże wina Izrael składnik zajmować różnica fragment. Policzek pozycja lud barwa koło.,dostępny
720,978-0-561-64840-8,581532,Zatrzymać zdolność szwedzki ponownie roślina,Kazimierz Jagiełka,15,3,1975,Edycja 1,325,True,Dach górny hotel potrzebować. Sylaba poprzedni śniadanie prawdziwy Afganistan muzeum ! powiedzieć.,dostępny
721,978-0-02-146566-8,156904,Zasada rok plaża istnienie organ,pani Gaja Klimko,5,2,1985,Edycja 3,183,True,Adres internetowy niszczyć spór przed traktować próba klimat. Prostytutka leczenie wyrok strefa.,dostępny
722,978-0-259-04729-2,961530,Dział łatwo ciągnąć,Przemysław Bochnia,4,2,2020,Edycja 3,894,False,Tutaj religijny prywatny pisarz. Wycieczka mur przejście.,dostępny
723,978-1-214-76492-6,573039,Daleki azjatycki uderzenie obchodzić,Lidia Wałek,15,4,2008,Edycja 4,372,False,W Żyd pozwalać czy sprzedaż córka. By lęk gardło port. Przechodzić dolina angielski ksiądz.,dostępny
724,978-0-666-58004-7,508422,Zapomnieć treść ubogi,Leonard Wiekiera,14,1,2010,Edycja 5,529,True,Śmierć ten otaczać mieszkanka. Wiosna wszystek akt pojazd. Cel prawie umiejętność ściana.,dostępny
725,978-0-14-986430-5,892682,Zdrowy jeść,Albert Żyto,8,5,1983,Edycja 1,434,True,Czy zaś niebezpieczny wspólny. Samolot ciemność latać korona łódź południowy bardzo.,dostępny
726,978-0-348-64518-7,627262,Odzież powód wesoły,Juliusz Kij,7,1,1976,Edycja 3,561,False,Naród samochodowy zima ponad dowód pojechać. Ostry gazeta bieg źle i łyżka wierzyć.,dostępny
727,978-0-7636-5564-8,395192,Siostra sytuacja jesień czysty,Jeremi Gęca,13,4,1986,Edycja 4,131,False,Wygląd babka alfabet warunek. W Postaci pragnąć internetowy metal związany bok podobny.,dostępny
728,978-0-8091-9015-7,597012,Dać naukowiec wybitny ci,pan Konrad Michnowicz,8,2,2014,Edycja 5,129,True,Minerał muzyka obcy wojsko. Ból forma pociąg obejmować.,dostępny
729,978-0-441-96931-9,883028,Pomarańczowy kierunek pomóc opisać,Gaja Majtyka,5,4,1990,Edycja 5,800,False,Wskazywać dane ludzie.,dostępny
730,978-1-911665-53-3,412534,Palić usługa umysł wiatr,pani Inga Dworczak,6,3,1999,Edycja 1,645,True,Zupa uczeń przeprowadzać litera śpiewać. Spowodować żywy wynosić koń według starożytny wewnątrz.,dostępny
731,978-0-7310-9678-7,143802,Łuk głupi 6 pojechać aby,Marika Nickel,7,1,1975,Edycja 5,832,False,Niebieski ciemność chiński przyprawa 9 rano. Użytkownik królestwo kura wschodni 2 ozdobny żołądek.,dostępny
732,978-0-471-56627-4,674122,Rynek model telefon jeśli,pan Fryderyk Baumgart,15,1,1999,Edycja 3,239,True,Obóz określony ostatni lata gotować. Ameryka chronić zbierać pytać psychiczny prywatny dać się.,dostępny
733,978-1-85366-498-4,322022,Srebro maj chyba jakość,Aurelia Czubaj,13,4,1984,Edycja 5,312,True,Kult główny prezent stworzyć czerwony wynik znaczyć. Zupa pisać zdjęcie dziewiąty. Grób lina sport.,dostępny
734,978-0-305-17289-3,292930,Tłum temperatura w ciągu potrafić,Miłosz Śmieja,15,2,1985,Edycja 5,570,False,Klasa układ okresowy fotografia piątek jazda wejście.,dostępny
735,978-1-218-23076-2,220190,Grać zima ta wycieczka cmentarz,pani Blanka Tokarek,1,2,2005,Edycja 5,606,True,Bać Się ucho wzrost kościelny. Sala ogólny zawsze cel pięć adres zapomnieć chleb.,dostępny
736,978-1-02-701168-2,583671,Tradycja dawno pić warunek,Konrad Młodzik,5,5,1982,Edycja 1,843,False,Brzydki kalendarz pojawić się Rzym jednostka wolny związek prędkość.,dostępny
737,978-0-588-74495-4,362865,Łódź duński jądro postawa,pan Franciszek Neska,15,1,2004,Edycja 2,488,False,Brak 1000 opuścić tysiąc moment orzeł łaciński.,dostępny
738,978-0-616-75677-5,474486,Przed bać się,Leon Steckiewicz,9,2,1999,Edycja 2,489,True,Także spaść walka widzieć utrzymywać górny. Jesień godzina natura przybyć stan godzina bilet.,dostępny
739,978-1-82756-704-4,749609,Samochód cmentarz urząd,pani Julita Pytko,3,1,2014,Edycja 2,380,False,Działanie wojna dyrektor całkowicie jakiś. Kobieta głęboki wspaniały.,dostępny
740,978-1-347-35528-2,572536,Deska wzrok należeć niebo toponim,Eryk Dobroń,9,3,1995,Edycja 5,470,False,Wschodni zamieszkiwać wysoki aż łatwo pisarz. Mówić kiedyś stopa prostytutka róg wrzesień.,dostępny
741,978-0-12-920875-4,259797,Państwo akt rzeczownik,Melania Śnieg,7,5,2021,Edycja 5,779,False,Kraina uczucie waga patrzeć przeciwnik dłoń. Uprawiać obok powstać 1 przechodzić plama wysoko.,dostępny
742,978-0-7140-1401-2,549112,Wyścig but muzyk,Nataniel Wojtyna,1,2,1976,Edycja 1,255,False,Część napój pijany herbata narodowość planeta łatwo ogólny. Aby zrobić ładny rejon pokonać.,dostępny
743,978-0-203-09376-4,923824,Dno hotel,pan Mateusz Janowiak,6,2,1993,Edycja 4,819,False,Przeszkoda główny teren Afganistan.,dostępny
744,978-1-327-56041-5,240829,Dodatek kara nadmierny robotnik,Miłosz Nawój,12,3,1987,Edycja 4,708,False,Artystyczny trudno 10. Muzyk polować mówić analiza połowa spotkanie biały.,dostępny
745,978-1-886140-57-8,476167,Założyć naukowy skrzydło muzyka minister,Bianka Kabza,14,3,2015,Edycja 4,603,True,Bóg wybitny polityk odpowiadać równy gołąb. Obrót szybko obserwować ziemski olej.,dostępny
746,978-0-397-76719-9,776909,Coś hodować ogród przyjemność doskonały,Franciszek Bareja,8,5,1980,Edycja 1,546,False,Wkrótce żołnierz obszar zdobyć przeciwny. Dusza pełnić dyrektor rzucić obwód działać gorący.,dostępny
747,978-0-06-799813-7,664781,Stopa wysokość główny ruch,Krystyna Nóżka,13,2,1987,Edycja 3,679,True,Palić cena miękki królewski. Mózg wyraz czynnik bić zachowanie. Rumunia dodać sylaba przeciwny.,dostępny
748,978-1-69042-681-3,119535,Wiek palec Morze Śródziemne usuwać zamiar,Sara Glegoła,8,5,2008,Edycja 1,119,False,Obszar długi zgodny atak. Parlament ciężki wydarzenie model król kilka.,dostępny
749,978-1-65190-986-7,138436,Mocz świat muzyk,Jakub Konieczek,9,5,2008,Edycja 3,295,False,Świat wykonanie duński zobaczyć. Tak Rzym śnieg. Oglądać jabłko widoczny.,dostępny
750,978-1-204-39407-2,483588,Gdy spodnie,pani Ewa Cherek,9,4,2014,Edycja 2,763,False,Obywatel ręka ptak wyjść. Dialekt motyl koncert niewolnik narzędzie alkohol oczywiście dzisiaj.,dostępny
751,978-1-04-888992-5,587274,Zostać ser,Błażej Banyś,12,5,2009,Edycja 5,891,True,30 umiejętność archipelag ciągle komputerowy. Liść malować wyjść Izrael.,dostępny
752,978-1-76974-995-9,481540,Znaczny jeszcze 1000 prosty,Rafał Palica,14,5,1971,Edycja 1,682,True,Strefa narkotyk ponownie przeznaczyć. Strach widoczny łyżka mieszkaniec ucho.,dostępny
753,978-1-56999-880-9,893988,Pracować ku bawić się bawić się starożytny,Maciej Kozdroń,7,5,1996,Edycja 2,280,False,Drogi szczęśliwy wiedza różowy powinien dawać albo. W bohater niektóry organ.,dostępny
754,978-0-520-56647-7,287847,Proces (…) sytuacja,Cezary Szkatuła,6,5,2008,Edycja 5,750,True,Lekcja sobą otaczać przejście. Przeszkoda chmura niski książę żydowski.,dostępny
755,978-0-425-83230-1,476224,Użytkownik opuścić związany,Fryderyk Rompa,1,1,2023,Edycja 2,292,False,Który otworzyć tor. Dobro ogół ciasto prędkość wokół walczyć ocean.,dostępny
756,978-0-85694-544-1,165914,Słaby chiński,pan Dariusz Kudra,4,3,2010,Edycja 3,514,True,Specjalista plac ładny. Podnosić mysz zamykać. Międzynarodowy piłka morze.,dostępny
757,978-1-81291-428-0,801062,Prawda minister pan,Kacper Rejmak,15,2,2004,Edycja 5,230,False,Też aż Indie parlament. Mapa modlitwa kolega walka z krwi i kości.,dostępny
758,978-1-214-76492-6,592489,Daleki azjatycki uderzenie obchodzić,Lidia Wałek,15,4,2008,Edycja 1,372,True,Zakres wynosić r. wakacje przeszłość świeży cisza. Wyspa szczyt działanie wiersz.,wypożyczony
759,978-1-386-46317-7,208239,Żołnierz drapieżny potrafić prowadzić,pan Stanisław Wawrzynek,9,5,1996,Edycja 3,882,False,Ciemny dziewięć pamięć jądro samochód koncert. Przeciwny Australia niedziela utrzymywać.,dostępny
760,978-1-263-01367-9,670792,Scena wisieć rzeczownik,Dawid Gabryszak,6,5,2001,Edycja 2,862,False,Zdolny ze powinien ofiara czasownik. Żołądek wygląd dziura pragnienie wojsko.,dostępny
761,978-1-72870-320-6,483041,Powietrze surowy sześć,pan Adam Baś,10,5,2003,Edycja 1,777,False,Jan pamięć czysty siebie ponieważ. Kosztować pomagać figura korzystać korzyść.,dostępny
762,978-0-415-02745-8,333726,Zjawisko wzdłuż przeciwnik 70,Eliza Rudzik,13,5,1999,Edycja 4,740,False,Zakon dopiero trudność ustawa stół zrozumieć.,dostępny
763,978-1-85366-498-4,610511,Srebro maj chyba jakość,Aurelia Czubaj,13,4,1984,Edycja 5,312,True,Trzeci park 1000 dziecięcy wysoki itp. że. Wysokość muzyk Afganistan wyspa talerz piętnaście.,dostępny
764,978-0-663-77805-8,245718,Zgodnie chodzić pełnić,Sonia Turoń,8,4,2014,Edycja 2,224,True,Grupa sól amharski martwy ukraiński norma osioł włoski. Obecny ciecz nieprzyjemny.,dostępny
765,978-0-577-90714-8,639535,Potrzeba jedynie,Olaf Olewniczak,12,3,1991,Edycja 2,652,True,Ozdoba cukier Słońce bezpośrednio wzrok trudno. Forma przypadek obraz cesarz bronić.,dostępny
766,978-1-885015-56-3,265001,Klasztor rodzaj składać się tytuł podstawowy,pan Kacper Bona,4,3,1979,Edycja 5,868,True,Samochód kończyć prezydent ryż budować. Igła pogląd spór kontynent dwanaście ogół półwysep.,dostępny
767,978-1-4783-6674-4,534753,Milion metal wschodni,pan Natan Mazan,2,3,2006,Edycja 1,401,False,Wojenny dokładny smutny konflikt zegar przeciwko. 20 odnosić się wykonać mecz ślad przejaw kawałek.,dostępny
768,978-1-07-303379-9,602290,Ściana wizyta pokonać,pani Sara Wojtunik,11,2,1982,Edycja 5,655,True,Róg figura zgoda wyspa kończyć zdobyć. Mieszkanka ósmy stowarzyszenie staw.,dostępny
769,978-0-18-374550-9,123536,Prowincja powierzchnia szereg międzynarodowy piłka nożna,Monika Fitrzyk,8,2,2001,Edycja 1,548,True,Blady stowarzyszenie umowa użyć posiłek pytanie.,dostępny
770,978-1-64208-656-0,721121,Pomarańcza relacja szpital łatwy,Ryszard Pryk,10,2,1983,Edycja 2,492,True,Połowa spaść zabawa obóz rzadko urząd lewy.,wypożyczony
771,978-1-64208-656-0,253999,Pomarańcza relacja szpital łatwy,Ryszard Pryk,10,1,1983,Edycja 2,492,False,Proszę tłum słuchać urodziny nagły. Gwiazdozbiór burza pojawiać się.,dostępny
772,978-1-58683-390-9,641737,Gwałtowny postępować,Karina Gałach,6,4,2016,Edycja 5,351,True,Ocean skład czterdzieści zbiornik kąt 60. Straszny wyrób system pole kolano pytanie budowla.,dostępny
773,978-1-82756-704-4,189913,Samochód cmentarz urząd,pani Julita Pytko,3,2,2014,Edycja 4,380,False,Badanie ryż siódmy odcień. Wesoły zakład bohater osiem. Bank odmiana chiński Słowacja nad.,wypożyczony
774,978-1-01-508124-6,278852,Pójść lotniczy epoka roślina,Konrad Kaczmar,8,2,1989,Edycja 4,523,True,Czoło dokonywać stolica własny lina kuchnia. Prędkość stolica pora banknot brudny zdrowy 80.,dostępny
775,978-1-4921-5182-1,960307,Błoto mój ciągle przyszłość,pan Robert Grotek,15,2,2009,Edycja 5,490,False,Liczyć każdy większy tajemnica osioł Europa.,dostępny
776,978-0-476-44726-4,859364,Przeciwnik my tamten,Marcelina Ciechowicz,12,3,2013,Edycja 4,634,True,Przyszły patrzeć szacunek. Wtedy już egzamin ilość ale. Posiłek sto coś.,dostępny
777,978-1-4783-6674-4,496583,Milion metal wschodni,pan Natan Mazan,2,4,2006,Edycja 2,401,True,Włożyć może rzucać uchodzić jeden razem. Ukraiński biec też wierzyć pieśń.,dostępny
778,978-0-666-58004-7,312177,Zapomnieć treść ubogi,Leonard Wiekiera,14,5,2010,Edycja 5,529,False,Komputer książę zaburzenie bezpieczeństwo gołąb stracić. Prąd kolor postępowanie gniew.,dostępny
779,978-1-204-39407-2,734924,Gdy spodnie,pani Ewa Cherek,9,1,2014,Edycja 2,763,False,Stół cień choroba europejski. Wobec praktyka szacunek jajko.,wypożyczony
780,978-0-397-55231-3,921945,Sprawiać w końcu mocny,pan Norbert Galos,12,5,1990,Edycja 5,269,True,Fizyczny umieścić talerz czapka słońce pióro. (…) potrawa włożyć zgodnie krew pić składać się.,dostępny
781,978-0-455-87716-7,605666,Lewy dopiero święty mleko zakończyć,pani Krystyna Block,10,2,2008,Edycja 5,256,True,Warunek samica znów partia lud nazywać święto. Daleko ciąża czekać poniedziałek badanie.,dostępny
782,978-1-4976-7762-3,647403,Służba warzywo górski,Bruno Wacław,14,4,2002,Edycja 3,375,True,Grzech piątek te. Mnóstwo zmarły pozbawić.,dostępny
783,978-0-09-143639-1,549793,Kto warunek,Ksawery Miodek,8,2,1995,Edycja 4,664,False,Oko oglądać urodzić sprzedaż przedstawiać święty. Urzędnik anioł koza no.,dostępny
784,978-1-03-242044-8,717661,Składać Się mocz hasło wrzesień mój,Jędrzej Stuglik,2,5,1990,Edycja 1,260,False,Ojciec wino owoc. Rzadko uznawać pojawić się dwudziesty reguła.,dostępny
785,978-1-04-888992-5,366881,Zostać ser,Błażej Banyś,12,4,2009,Edycja 2,891,True,Cześć metoda więc pasek wąż połączyć noc ilość. Ciemność koniec czekolada większy ten sam południe.,wypożyczony
786,978-1-82756-704-4,727354,Samochód cmentarz urząd,pani Julita Pytko,3,5,2014,Edycja 4,380,False,Tysiąc gdzie długość zaraz okręt telefon. Sklep oba to dzielnica połączyć bank.,wypożyczony
787,978-0-7857-6084-9,105735,Szkoda łóżko złapać ból papież,pani Marianna Bak,8,1,1972,Edycja 5,683,True,Fragment Indie klucz organizacja.,wypożyczony
788,978-1-5230-8370-1,107543,Kosztować grób ciągnąć odpowiadać wy,Jan Wejman,8,4,2022,Edycja 2,833,False,Potrawa postępować otwarty stopień. Filmowy podłoga przyjęcie waluta seksualny.,dostępny
789,978-0-674-33800-5,479867,Chyba odpowiedni lecz śmiać się,Wiktor Rogal,9,1,1999,Edycja 2,652,False,Przejść znajdować się śpiewać pracownik piękny my. Dać Się postać wytwarzać na administracyjny wy.,dostępny
790,978-0-12-920875-4,365953,Państwo akt rzeczownik,Melania Śnieg,7,3,2021,Edycja 5,779,False,Ich bar wyrażać.,dostępny
791,978-1-66863-341-0,483405,Jeszcze wszystko Chrystus,Oliwier Burchard,7,5,1995,Edycja 3,566,False,Wybrać posiłek rodzaj. Podział złożony nazywać ciepło dziewięć.,dostępny
792,978-0-577-24599-8,533301,Proszę natura gotowy,Arkadiusz Romankiewicz,6,5,2014,Edycja 5,386,False,Dane czasem gra poruszać. Moneta spadek listopad nos bić posiadać środek ciemność.,dostępny
793,978-1-950145-56-0,488196,Stado polować,Aleks Gilewicz,10,5,1979,Edycja 5,374,False,Chłopak poruszać ryzyko ? rodzaj amerykański chyba. Rysunek określenie dopływ zamek.,dostępny
794,978-1-65198-253-2,421549,Wybrać warstwa,Jacek Walentynowicz,4,5,2021,Edycja 3,223,False,Ciemność jedyny muzeum. Umowa ja my. Morski zgodny łatwo biuro zbudować. Ojciec kolor ogół miejsce.,dostępny
795,978-1-105-56613-4,996531,Rzadki przestać zero grupa wiersz,pani Natasza Ornat,10,1,2017,Edycja 2,223,False,Tydzień stać się sygnał rosnąć powszechny ? uczeń.,wypożyczony
796,978-0-305-17289-3,205149,Tłum temperatura w ciągu potrafić,Miłosz Śmieja,15,2,1985,Edycja 5,570,False,Temu trwały Stany Zjednoczone partia widoczny. Siła siedziba 9 musieć polować mocno samochód po.,dostępny
797,978-1-69864-079-2,939756,Gospodarczy religijny,Kazimierz Dorobek,10,5,1976,Edycja 5,735,True,Żelazo pieśń autor pojazd. Móc odbywać się być artykuł lot.,dostępny
798,978-0-305-17289-3,508004,Tłum temperatura w ciągu potrafić,Miłosz Śmieja,15,1,1985,Edycja 1,570,True,Wspaniały lecz instytucja dodatkowy 80 cel wodny. Kartka środa walka dzieło szwedzki czynność.,dostępny
799,978-0-9907676-9-5,729402,Gdzie fałszywy czasem duży tamten,Dominik Jędrusiak,6,4,1970,Edycja 1,218,True,Atak pieśń ciągle po prostu uderzenie brudny ssak. Mur półwysep brzeg adres.,wypożyczony
800,978-0-10-822078-4,332542,Aby pociąg,pan Nikodem Straszak,3,3,2020,Edycja 1,296,True,Nieszczęście dać całkiem zakład studia przybyć.,dostępny
801,978-1-77490-509-8,520106,Wypadek Egipt cesarz bogactwo,Bruno Ciuruś,9,5,1973,Edycja 5,330,False,Czapka sam zabawa system obrót. Gotować zmiana wybierać zwycięstwo złożyć drewno narodowość.,dostępny
802,978-1-236-92929-7,911187,Za Pomocą ojczyzna rozmowa istota ósmy,Albert Łosiak,3,2,1978,Edycja 4,151,False,Promień sposób 9 tłuszcz. Umowa otrzymywać częściowo w celu oddział pięć.,dostępny
803,978-1-9848-5833-7,311505,Dzielić drobny długość,Kajetan Makoś,8,5,2006,Edycja 3,106,True,Królowa uchodzić mąż środowisko Grecja biblioteka.,dostępny
804,978-0-00-996881-5,922041,Gwiazda widok majuskuła,Klara Bandyk,11,5,2004,Edycja 5,795,True,Nowy wypadek stan koszt odpowiedź piosenka coś szpital.,dostępny
805,978-0-8129-8266-4,806765,Muzyczny więc ósmy naj-,Agnieszka Woszczyna,11,1,1987,Edycja 3,376,True,Szereg około wysłać matematyka. Tak dobry twardy ryzyko podstawowy podstawowy przeznaczyć.,dostępny
806,978-1-75170-166-8,265092,Stany Zjednoczone w,Emil Kupaj,14,1,2004,Edycja 3,530,False,Brat słyszeć japoński świat chęć parlament dużo. Dwa 5 łyżka pozostać.,dostępny
807,978-1-5162-3198-0,802191,Rasa odcinek jedenaście,Sonia Piekart,4,4,1976,Edycja 4,277,True,Trudno urząd biedny lew gmina poza wielkość. Śniadanie chłopak dokładny lustro więc samochód.,wypożyczony
808,978-1-274-22091-2,116112,Kochać świeży szpital,Mateusz Nytko,11,1,1988,Edycja 1,257,False,Lista nieszczęście sposób położony specjalista to posiłek. Pragnąć wieczór doprowadzić kawa.,dostępny
809,978-0-505-05739-6,711248,Chemiczny opowiadać podczas europejski,pan Dariusz Siwczak,8,3,1989,Edycja 3,453,False,Trwać kaczka spokojny osiemdziesiąt uczyć. Mrówka stworzyć suchy. 7 palić z powodu Turcja sąsiad.,dostępny
810,978-1-4019-2927-5,735818,Zakończyć numer żelazo warzywo,Cyprian Łyskawa,8,2,1979,Edycja 4,558,False,Uczyć uczyć się pogląd naczynie. Pies naturalny sowa wyrażenie stworzyć autobus skrzydło stać się.,dostępny
811,978-0-259-04729-2,104877,Dział łatwo ciągnąć,Przemysław Bochnia,4,3,2020,Edycja 2,894,False,Lot tytuł wskazywać dyskusja. Surowy zgadzać się wąski niebo bo można.,dostępny
812,978-0-231-64334-4,211636,Bo zrobić pomagać dawny pożar,Kamila Szczerbiak,12,5,1977,Edycja 1,262,False,Zielony filmowy grób ruch.,dostępny
813,978-0-357-85294-1,222692,Przecież powinien mózg oczekiwać,Julita Połom,1,5,1989,Edycja 3,724,False,Własny uśmiech literacki jazda pięćdziesiąt. W Celu koza rak postępowanie stary.,dostępny
814,978-0-85641-118-2,495397,Morski granica uchodzić,Norbert Ernst,3,5,2016,Edycja 4,699,True,Polityczny kontakt papier powszechny jedenaście. - hasło oni łączyć alfabet intensywny.,wypożyczony
815,978-1-69864-079-2,913274,Gospodarczy religijny,Kazimierz Dorobek,10,4,1976,Edycja 4,735,True,Austria Belgia pełny komórka kościół. Wybory ulica przeprowadzać turecki wreszcie blady.,dostępny
816,978-1-01-508124-6,221916,Pójść lotniczy epoka roślina,Konrad Kaczmar,8,3,1989,Edycja 1,523,False,Osioł rodzina szczęśliwy aby rada znaczyć a.,wypożyczony
817,978-0-9712847-8-4,809794,Bok no,Natasza Kornak,13,2,2020,Edycja 3,346,False,Przychodzić wzgórze uczucie rzymski niebieski. Dla podstawa wzrost podobny.,dostępny
818,978-1-5162-3198-0,641593,Rasa odcinek jedenaście,Sonia Piekart,4,5,1976,Edycja 1,277,False,List ta rozmowa brak potrzebować. Miejski pojemnik drapieżny 7 wiele koszula. Lata wytwarzać mocz.,wypożyczony
819,978-1-06-138782-8,401244,Stół liczba łódź drewniany kobieta,Andrzej Solich,8,1,2014,Edycja 4,377,False,Prowadzić trzeci struktura. Wiara koza wybuch pewny pracować. Uważać jednak użyć żydowski bajka.,dostępny
820,978-1-69042-681-3,681489,Wiek palec Morze Śródziemne usuwać zamiar,Sara Glegoła,8,2,2008,Edycja 4,119,False,Ludowy otrzymać gwiazdozbiór sala moc jądro czynić. Mur Niemcy muzyk powstawać Żyd jednocześnie.,dostępny
821,978-0-559-63632-5,329183,Charakterystyczny czeski,pan Hubert Deneka,9,5,2010,Edycja 3,176,True,Bycie słońce kupować hałas odważny służba. Napój wiosna potrzebny królowa (…).,dostępny
822,978-1-82996-291-5,623238,Metr energia dzień,Dawid Pędzik,10,2,1986,Edycja 2,784,True,Zawierać spodnie kula przejaw. Podać źle pamięć flaga. Może zgoda nóż wschodni Ziemia.,dostępny
823,978-0-15-313636-8,316823,Kilka pokryć grupa,Tymon Kuncewicz,4,2,2011,Edycja 2,856,True,Działalność Belgia brak punkt różowy prawny dane. Piwo rasa sytuacja bezpieczeństwo wewnątrz.,dostępny
824,978-1-85158-673-8,263573,Bogini wywodzić się pochodzenie,pani Ewa Buś,3,1,2011,Edycja 1,102,True,Burza szczęśliwy pojedynczy słuchać wyścig umieszczać rodzinny.,dostępny
825,978-1-85390-789-0,743644,Węgiel ludność chmura znaczny,pani Ada Langa,1,1,1982,Edycja 5,308,True,Widoczny całość wieża coraz poprzedni. Płyn sztuczny moc podstawowy.,dostępny
826,978-1-01-508124-6,489227,Pójść lotniczy epoka roślina,Konrad Kaczmar,8,5,1989,Edycja 3,523,False,Atak zdrowie lotniczy postać powinien odcień mnóstwo ojczyzna. Czeski historyczny wąż.,dostępny
827,978-0-259-04729-2,388078,Dział łatwo ciągnąć,Przemysław Bochnia,4,4,2020,Edycja 2,894,False,Oglądać sprawiać marzec brak. Ten reguła zbiornik siódmy.,dostępny
828,978-1-76974-995-9,332881,Znaczny jeszcze 1000 prosty,Rafał Palica,14,5,1971,Edycja 2,682,True,Myśl minuskuła centrum osiem ilość budzić efekt. Ciepły atmosfera niemiecki tytoń znak pod.,dostępny
829,978-0-637-31495-4,938095,Głowa ząb,Sonia Dziedzina,7,4,2018,Edycja 4,594,True,Głupota na zewnątrz ślub wierny. Miecz pani przynieść pająk ciężki filmowy ładny.,dostępny
830,978-1-366-68459-2,464158,Gęsty praca,Marcin Skierka,1,4,2008,Edycja 2,745,False,Materiał poruszać trudność kamień go wskazywać technika. Egipt opinia albo odcień grzyb.,dostępny
831,978-0-8274-4857-5,832162,Chociaż służba,Kacper Boryczko,10,5,1994,Edycja 4,793,False,Wzrok niektóry grób Niemcy sklep noga. Wakacje ich konflikt ciągle.,dostępny
832,978-0-216-99586-4,112394,Srebrny trudno wypowiedź herbata,pani Nela Sieczko,10,2,1979,Edycja 4,489,True,Szczęśliwy zachowanie bliski nie określenie większość. Wywoływać przeznaczyć powieść.,dostępny
833,978-0-215-35396-2,479167,Stół szczęśliwy poważny,Blanka Flieger,7,5,2002,Edycja 3,720,True,Czyjś wysłać domowy dawać opowiadać.,dostępny
834,978-0-626-44886-8,375617,Produkcja przyczyna włosy niedźwiedź cztery,pani Róża Kalinka,5,2,1984,Edycja 3,102,False,Anglia spotkać żeński biały używać. Wróg płacić dźwięk żaba.,dostępny
835,978-0-496-39191-2,483699,Bogaty głowa kłopot udać się gwiazda,Emil Andrejczuk,12,2,2024,Edycja 4,201,False,Lub szef obcy praca stół wieża wiedzieć.,dostępny
836,978-1-70132-902-7,539450,Kupować kuchnia różnica,pan Paweł Duży,9,3,1991,Edycja 3,110,False,Własny pasek sześćdziesiąt narodowy. Dwa budować kurs.,dostępny
837,978-1-4015-5778-2,572623,Nasiono blisko poniedziałek ciekawy broda,pan Natan Kurz,5,2,2025,Edycja 5,114,True,Lubić piwo Niemcy przyjąć złoty wprowadzać chłop. Próba oraz piękny żyć.,dostępny
838,978-0-259-04729-2,819335,Dział łatwo ciągnąć,Przemysław Bochnia,4,2,2020,Edycja 1,894,False,Naturalny ubranie gwiazdozbiór czoło nasz Słońce. Towar mąka ludzki oś ostry.,dostępny
839,978-0-09-109391-4,682316,Ci znajdować rosyjski,Kamil Durczok,5,4,1982,Edycja 4,779,True,Możliwość pływać studiować administracyjny. Miejscowość wypowiedź łyżka pierwiastek często urodzić.,dostępny
840,978-0-352-11039-8,938900,Bar doskonały jak,Norbert Chyb,7,2,2002,Edycja 4,777,True,Potrzeba polegać poważny gwiazdozbiór pięćdziesiąt korona twardy.,dostępny
841,978-1-02-099451-7,541996,Zawierać wspomnienie,Ryszard Domowicz,14,4,2014,Edycja 2,848,False,Biec górny występować pozycja. Mur zamieszkiwać dialekt zachodni.,dostępny
842,978-1-963099-38-6,414608,Sygnał rejon nazwa,Hubert Kielczyk,10,3,2004,Edycja 5,874,True,Nazywać gwałtowny niski krzyż temperatura. Nagle jutro czoło zabić.,dostępny
843,978-1-76974-995-9,203782,Znaczny jeszcze 1000 prosty,Rafał Palica,14,2,1971,Edycja 1,682,True,Lubić słoń skała ogień zgromadzenie armia rower. Być odpowiedź średni rzymski wina papier.,dostępny
844,978-0-582-73902-4,599687,Umieszczać zero,Damian Paśnik,12,1,2003,Edycja 4,297,False,Francja armia Litwa hotel. Strona karta tytoń piwo. Pokarm pasmo egzamin cesarz dla.,dostępny
845,978-1-03-127722-7,478496,Grupa potem,Justyna Gubernat,13,3,1992,Edycja 5,806,False,Nadzieja Turcja przy spotkanie. Szereg Jan list zero rezultat wyglądać.,dostępny
846,978-1-85366-498-4,120798,Srebro maj chyba jakość,Aurelia Czubaj,13,4,1984,Edycja 1,312,False,Odmiana rak mięsień dział. Babka okoliczność kartka.,dostępny
847,978-1-85424-932-6,704875,Nazywać ustawa,pan Wiktor Kozaczuk,3,5,2002,Edycja 5,599,True,Kwestia policzek odpowiedź bez. Porządek Francja gorący słownik kraj klucz oba minuskuła.,dostępny
848,978-1-82756-704-4,472358,Samochód cmentarz urząd,pani Julita Pytko,3,3,2014,Edycja 5,380,False,Kot wisieć razem. Wydawać Się Warszawa trudno łagodny. Po Prostu dziesięć maj pół religijny chmura.,dostępny
849,978-1-886140-57-8,182216,Założyć naukowy skrzydło muzyka minister,Bianka Kabza,14,4,2015,Edycja 5,603,False,Sprawiać północ cień pokonać. Córka przeprowadzać urodzić przeciwny ani nauka Unia Europejska.,dostępny
850,978-1-58030-468-9,762398,Zdrowie czterdzieści lato letni,Artur Tuzimek,7,2,1998,Edycja 2,878,False,Odcinek uznawać lekarz autobus zwolennik 1. Kościelny traktować jego postępować dowód.,dostępny
851,978-0-673-89975-0,761938,Uciekać poczta służyć zewnętrzny,Hubert Mazek,1,5,2006,Edycja 5,193,False,Gazeta pokój wśród Chiny oddawać tani pić. Ciągle rada głównie ta imię.,dostępny
852,978-1-902770-38-3,182954,Powodować zdolny szacunek,Alan Ochab,14,2,1972,Edycja 3,531,True,Władca przejście gwałtowny gdyby towar. Matka widok jego. Brązowy chrześcijaństwo ludność ksiądz.,dostępny
853,978-0-223-42321-3,432270,Ciąża zdolny pochodzić urodziny,Maciej Polaszek,11,3,1977,Edycja 3,802,False,Pusty zgromadzenie odważny wrócić maszyna książę. Zakończyć należy stary lewy wodny.,dostępny
854,978-0-633-56939-6,566509,Panna — umrzeć,Maciej Graj,13,3,2019,Edycja 5,637,False,Instrument sok nagły. Królowa 20 dopiero żaden. Flaga też niski wino maj egzamin związany przerwa.,dostępny
855,978-0-9918081-2-0,275445,Nic but opinia pokazywać wierny,pan Igor Dziewior,2,2,1994,Edycja 1,712,True,Bajka słońce papież krew. Czuć zniszczyć tutaj odzież. Żeby płeć wyrób jego obrona lęk.,dostępny
856,978-0-09-109391-4,794180,Ci znajdować rosyjski,Kamil Durczok,5,3,1982,Edycja 1,779,True,Królestwo zimno zainteresowanie jutro pozwalać artykuł.,dostępny
857,978-0-476-44726-4,516332,Przeciwnik my tamten,Marcelina Ciechowicz,12,1,2013,Edycja 1,634,True,Nosić ozdoba minister lubić miecz korzystać działalność zero. Lód woda dłoń mięsień.,wypożyczony
858,978-0-928456-79-0,675074,Dzisiaj wojna ta wino,Ida Ładniak,13,1,2021,Edycja 1,513,False,Herb sąd kość władca.,dostępny
859,978-0-06-815583-6,902156,Zbiór struktura Pan budynek Francja,pani Justyna Kurzak,12,1,1997,Edycja 1,379,False,Godność dalej uśmiech. Istotny informacja wtorek na zanim prąd uczeń.,dostępny
860,978-1-325-62168-2,188406,Róża brudny wąż los sylaba,Kornel Szkopek,14,4,2006,Edycja 3,601,True,Rodowity chwila pieniądz budzić ramię. Przerwa szybki Holandia.,dostępny
861,978-0-203-09376-4,873422,Dno hotel,pan Mateusz Janowiak,6,3,1993,Edycja 4,819,True,Element uczucie początek. Stały mrówka czysty robota.,dostępny
862,978-1-57760-049-7,652329,Szósty rolnik,Jan Mendyka,4,2,1985,Edycja 1,204,True,Student dziecięcy kłaść jakby. Księżyc św. łuk nauczyciel. Pokazywać otwarty zapalenie pieniądze.,dostępny
863,978-1-85158-673-8,440998,Bogini wywodzić się pochodzenie,pani Ewa Buś,3,4,2011,Edycja 4,102,False,Ciąża rzucać 10 własność grudzień. Warszawa drobny dalej jedynie.,dostępny
864,978-0-626-44886-8,566453,Produkcja przyczyna włosy niedźwiedź cztery,pani Róża Kalinka,5,2,1984,Edycja 5,102,True,Rana aby popularny zdarzenie wielki kij dzisiaj. Dawno niż brzeg kierowca.,dostępny
865,978-1-68118-071-7,761701,Gołąb podróż fakt wywoływać,Marcel Bociek,14,5,1995,Edycja 4,264,False,Kuchnia gęś możliwość amerykański. Zwyczaj duży aktywny wróg zwrot alkohol zabić.,wypożyczony
866,978-1-896908-35-9,605048,Morze ? całkiem publiczny,Klara Siejak,11,5,1974,Edycja 2,316,True,Drobny wodny przygotować do 60 aż planeta. Arabski wada jabłko byk dokument odcień.,dostępny
867,978-0-85641-118-2,422823,Morski granica uchodzić,Norbert Ernst,3,3,2016,Edycja 4,699,False,Kupować zdjęcie główny. Zainteresowanie naprawdę pierś pierwiastek zdolność.,dostępny
868,978-1-325-62168-2,418319,Róża brudny wąż los sylaba,Kornel Szkopek,14,1,2006,Edycja 1,601,True,Rok chemiczny produkt profesor właśnie 2 spotkać. Policjant archipelag okazja potrzeba.,dostępny
869,978-1-85366-498-4,400692,Srebro maj chyba jakość,Aurelia Czubaj,13,4,1984,Edycja 5,312,True,Dostać rejon więzienie lista ostatni następny wyłącznie. Biały kąt obiekt Pan.,dostępny
870,978-0-333-73634-0,892170,Średniowieczny gwałtowny większy temperatura,Łukasz Kajdas,8,4,1975,Edycja 3,878,True,Pójść też podstawa szczególnie społeczeństwo stały mocny. Dać Się obrót miejski moneta dół.,dostępny
871,978-1-4976-7762-3,936726,Służba warzywo górski,Bruno Wacław,14,3,2002,Edycja 5,375,True,Kobiecy palić tarcza narodowy.,dostępny
872,978-0-917798-27-6,674842,Milion trzy,Janina Deptuch,1,3,2004,Edycja 2,883,False,Lato w formie przynosić kolega powinien cień ani. Prawda program północny dziewczynka.,dostępny
873,978-0-89802-714-3,558339,Zaburzenie państwowy traktować oś 50,Andrzej Kostera,6,4,1981,Edycja 2,665,True,Państwo but południowy. Egzamin lampa 40 jeden robotnik ciekawy.,dostępny
874,978-0-659-26610-1,968668,Oznaczać górny uczeń dodawać północny,pan Tymon Graboś,14,4,1999,Edycja 2,245,False,Obecnie wciąż byk wy. Istnieć bajka pająk dziedzina piękny miecz język.,dostępny
875,978-1-880434-16-1,542750,Dobrze kartka suchy wydarzenie,Grzegorz Hak,1,2,2016,Edycja 5,458,False,Pan ciężar kara lata 6 właśnie Ameryka swój. Słowo prasa szwedzki świadczyć.,dostępny
876,978-1-82756-704-4,779956,Samochód cmentarz urząd,pani Julita Pytko,3,5,2014,Edycja 3,380,False,Małpa umieć pokój słodki interes ziemia. Zostać strefa jedyny sądzić.,dostępny
877,978-0-7857-6084-9,994940,Szkoda łóżko złapać ból papież,pani Marianna Bak,8,1,1972,Edycja 2,683,True,Dziecko skrzydło warzywo. Wydarzenie dużo paliwo wrogi termin butelka charakterystyczny.,dostępny
878,978-0-8055-2578-6,215717,Podatek położyć miejsce,pan Olaf Gregorowicz,12,4,1980,Edycja 5,229,False,Cichy sprzęt substancja nadawać teatr koza ponad.,dostępny
879,978-1-86717-731-9,834498,Świeca otaczać zazwyczaj Niemcy święto,Tomasz Oleszko,10,5,2002,Edycja 4,389,True,Wynik pracownik silny użytkownik. Uwaga czynność wszelki wysokość finansowy.,dostępny
880,978-0-7182-7548-8,120337,Albo znowu,Ryszard Krzykała,4,2,2010,Edycja 1,221,True,Pomoc woda kura chiński nazwa. Umieć szwedzki doskonały cały podać chmura mój zbudować.,dostępny
881,978-1-885015-56-3,207241,Klasztor rodzaj składać się tytuł podstawowy,pan Kacper Bona,4,3,1979,Edycja 3,868,True,Specjalista dotyczyć ręka ludzie instytucja Francja teren studiować. Prędkość kraina prawo trzy.,dostępny
882,978-0-7412-0948-1,862427,Rzadko we oś,Nicole Margas,9,1,1982,Edycja 2,767,True,Teoria nos rzymski dość być dźwięk trzeba wiosna. Praca pozostać ziemniak jutro.,dostępny
883,978-0-681-57981-1,115440,Brzeg zapis sprzedawać,Maciej Wylegała,6,4,2006,Edycja 2,112,False,Armia lód gospodarczy można. Wybierać Szwecja ono radiowy.,dostępny
884,978-0-673-89975-0,426711,Uciekać poczta służyć zewnętrzny,Hubert Mazek,1,4,2006,Edycja 3,193,False,Łyżka wejść śmierć umieć mąż poruszać się członek. Poprzez rozwój strata muzyka.,dostępny
885,978-1-283-26842-4,446290,Oglądać gęś matematyka,pani Liwia Sołtan,7,1,2007,Edycja 2,444,True,Sowa krowa Pan tłum ocena. Prezydent wielkość wykonać wujek dotyczyć studiować.,dostępny
886,978-0-652-73543-7,913331,Jej Izrael kto noc,pan Nikodem Siwa,8,4,2021,Edycja 1,383,False,Oko przedstawienie przyczyna doświadczenie.,wypożyczony
887,978-1-58683-390-9,301528,Gwałtowny postępować,Karina Gałach,6,3,2016,Edycja 4,351,True,Żaba odległość blady student np.. Warszawa oficjalny żydowski ciepły dziewiąty przedmiot herbata.,dostępny
888,978-1-186-38782-6,905459,Zjawisko złożyć przeznaczyć wyspa jądro,Adrian Ciemięga,15,2,1972,Edycja 4,484,False,Wielki wniosek służyć studia mebel wolno zwykły rzymski. Rachunek prawda teoria zatoka 7.,dostępny
889,978-0-203-09376-4,873449,Dno hotel,pan Mateusz Janowiak,6,1,1993,Edycja 2,819,False,3 dziadek biały południowy początek wódka. Współczesny prezent ile ssak wnętrze kolor jasny.,dostępny
890,978-0-12-535544-5,646453,Wykonanie niebieski autobus na zewnątrz pochodzenie,pan Karol Zacharek,4,2,1971,Edycja 4,229,False,Osiem m.in. środa orzeł. Ukraina oraz mowa powieść. Drugi pamięć Turcja stowarzyszenie.,dostępny
891,978-0-671-12075-7,438756,Coraz sklep dział,pani Nicole Wlaźlak,2,2,1971,Edycja 1,690,True,Podać zgodny kurs małżeństwo morze ogon. Jeszcze sąsiad mecz gotowy Niemcy.,dostępny
892,978-1-65198-253-2,604605,Wybrać warstwa,Jacek Walentynowicz,4,3,2021,Edycja 2,223,False,Republika kłopot koń kolacja razem światło. Wygrać okno 70 komputer powierzchnia prawy kuchnia.,dostępny
893,978-1-79082-723-7,799080,Zwykły powiat,Daniel Snoch,2,2,1994,Edycja 1,758,True,Rzadki ono pole cmentarz rasa chłopiec. Stół spotkać sąd tyle. Bydło zły uwaga sukces.,dostępny
894,978-0-9604432-7-7,440277,Cel przedstawiciel,Urszula Grodek,13,1,2008,Edycja 2,874,False,Tytuł wysyłać ze jechać 3. Widok wysłać zabawa ciągnąć.,dostępny
895,978-0-12-920875-4,225461,Państwo akt rzeczownik,Melania Śnieg,7,4,2021,Edycja 2,779,True,Drewno łączyć przypadek bardzo w końcu. Ameryka użytkownik Afganistan.,dostępny
896,978-1-81291-428-0,709303,Prawda minister pan,Kacper Rejmak,15,4,2004,Edycja 5,230,True,Miesiąc dziedzina zbudować. Płakać bułgarski kawałek o zawartość wybory ryż tyle.,dostępny
897,978-1-118-00537-8,908239,Graniczyć ozdoba stowarzyszenie internetowy,Jan Suchta,2,1,2004,Edycja 2,803,True,Strata ! pojemnik paliwo. Przed słodki właściwy.,dostępny
898,978-1-66907-826-5,195841,Ani płaszcz podstawa,pan Alan Kaletka,8,5,1975,Edycja 3,815,True,Znaczny zima alfabet wybitny.,dostępny
899,978-0-388-62912-3,472787,Korzystać prasa bawić się kanał,Tomasz Pastuszek,5,2,2014,Edycja 5,488,True,Srebro nastrój o ramię odnosić się dostęp wspólny szkolny. Wykonywanie błoto ciotka.,dostępny
900,978-0-586-50948-7,611540,Cesarz impreza,Przemysław Szulczyk,4,2,1976,Edycja 3,177,False,Syn prawda podróżować znany móc. Kraj dać przyszły. Żółty koń różny.,dostępny
901,978-0-7412-0948-1,868804,Rzadko we oś,Nicole Margas,9,2,1982,Edycja 1,767,False,Ozdoba sieć pismo kraina futro. Gołąb zaufanie móc kolega dać się przeciw łatwy.,dostępny
902,978-0-348-64518-7,859587,Odzież powód wesoły,Juliusz Kij,7,2,1976,Edycja 3,561,True,Stan zamieszkiwać wszystkie ostatni wywołać otworzyć blady. M.In. styczeń religia wzór Hiszpania.,dostępny
903,978-1-347-35528-2,840951,Deska wzrok należeć niebo toponim,Eryk Dobroń,9,4,1995,Edycja 5,470,False,Taki hiszpański wziąć ani wracać opieka. Napój utrzymywać temperatura minuskuła ziarno też.,dostępny
904,978-0-230-08576-3,830897,Martwy rysunek patrzeć obchodzić,Kalina Mielke,5,4,1972,Edycja 2,891,True,Artykuł podczas japoński badać samica silny. Wizyta ptak ból należeć stać zachód.,dostępny
905,978-1-923645-87-5,464552,Wszelki fałszywy poprzedni łódź,Malwina Klucznik,13,3,2025,Edycja 4,524,False,Istnieć życie miękki milion poruszać samolot.,dostępny
906,978-1-150-93771-2,268132,Ptak wywołać,Janina Imiela,10,1,1972,Edycja 5,775,True,Duński tani zgromadzenie Afganistan model nasz. Telewizja bogini kapelusz strój deska urząd.,dostępny
907,978-0-07-942007-7,410035,Internetowy dorosły przestrzeń,pani Julita Fogiel,6,3,2004,Edycja 5,518,False,Zbyt spokój kraj słowo zdjęcie głos rozmawiać. Lub gospodarczy podział wybór.,dostępny
908,978-1-74355-379-4,100754,A złodziej kiedyś i,pan Jan Heczko,11,5,1981,Edycja 4,207,True,Wybuch żołnierz pismo nadmierny. Jaki wszelki wojsko polityka pora spokojny.,dostępny
909,978-0-472-12281-3,749838,Nasz całość za pomocą pole,Jan Panuś,9,3,2001,Edycja 5,865,True,Futro wykonywać prosić. Scena wynosić Słowacja kara grób aktor.,dostępny
910,978-0-7182-7548-8,856027,Albo znowu,Ryszard Krzykała,4,1,2010,Edycja 5,221,False,Produkcja dźwięk róg noc papier też. Mąka gdzie latać.,dostępny
911,978-1-82996-291-5,649526,Metr energia dzień,Dawid Pędzik,10,4,1986,Edycja 5,784,True,Wykonanie zwolennik pacjent wrócić. Wyrażać rzucić struktura.,wypożyczony
912,978-0-7116-2411-5,438270,Wojskowy wysiłek wiosna,Angelika Strama,12,4,1971,Edycja 3,646,True,Ludzki adres problem złożony. Gospodarka brzydki prywatny nikt pismo przejście.,dostępny
913,978-0-413-26111-3,648615,Poruszać Się bez moneta wóz,Paweł Kutera,8,1,2012,Edycja 1,785,True,Również grać przechodzić budować obwód. Godność ksiądz bajka wcześnie często rola tłum.,dostępny
914,978-1-950145-56-0,132792,Stado polować,Aleks Gilewicz,10,2,1979,Edycja 1,374,False,Nieprzyjemny jeśli walka sam. Narkotyk przeciwko kość teren cichy zacząć problem.,dostępny
915,978-1-4384-2150-6,203550,Pojawiać Się właściciel miejsce,pan Patryk Kiliszek,7,1,2002,Edycja 5,444,False,Zmęczony dialekt żona francuski serce podać nigdy.,dostępny
916,978-0-17-912868-2,651363,Leczenie bić przeznaczyć temperatura,pan Marek Wałek,8,5,2009,Edycja 5,740,False,Niech człowiek coraz Azja rzucać letni. Choroba kolacja szanowny zmienić krzyż zbyt martwy.,dostępny
917,978-1-989266-59-5,484150,Nadawać podróż,Eliza Kacperek,11,2,1994,Edycja 5,127,True,Szeroki potem przed trwać. Substancja ruch zielony. Złapać tutaj ku długość wokół dać się.,dostępny
918,978-0-587-99684-2,318877,Intensywny użycie inny władza,Ksawery Łyjak,6,4,2021,Edycja 1,405,False,Dziewięć noga szlachetny poprzedni. Tamten całkiem otworzyć zamek.,dostępny
919,978-0-686-50863-2,478458,Sygnał wobec pływać widok,Kaja Janke,6,5,1987,Edycja 4,316,False,Czynić czterdzieści jaki dusza.,dostępny
920,978-1-236-92929-7,963652,Za Pomocą ojczyzna rozmowa istota ósmy,Albert Łosiak,3,5,1978,Edycja 3,151,True,Kościół nosić przykład tor. Tu obecny potrafić dziki.,dostępny
921,978-1-902770-38-3,974991,Powodować zdolny szacunek,Alan Ochab,14,3,1972,Edycja 1,531,True,Afryka dół sobą rozpocząć. Liczba centrum określony ssak łaciński wywoływać pustynia.,dostępny
922,978-1-274-22091-2,201836,Kochać świeży szpital,Mateusz Nytko,11,1,1988,Edycja 2,257,False,Okolica widoczny ogromny wierny pięćdziesiąt badać. Wojna odkryć często mgła zrobić pora.,dostępny
923,978-1-82996-291-5,302500,Metr energia dzień,Dawid Pędzik,10,5,1986,Edycja 2,784,True,Słońce prawdziwy rana złożony. Bogaty wrogi róg serce. Smutek stan członek miły płaszcz ofiara.,dostępny
924,978-0-551-07620-4,885587,Stopień milion użyć wywołać prawy,pan Juliusz Trzyna,8,5,2014,Edycja 4,651,True,Kłopot przedstawiać zgadzać się między dodać okręt. Waga okres chmura nie doprowadzić pytanie.,wypożyczony
925,978-0-591-26620-7,475351,Ser ziemniak,Ignacy Juroszek,7,4,2014,Edycja 4,144,True,Fabryka go prawny mrówka u w kształcie. Obowiązek 20 budynek nie ma 20 ci wszystek czasownik.,dostępny
926,978-0-476-44726-4,930956,Przeciwnik my tamten,Marcelina Ciechowicz,12,2,2013,Edycja 5,634,False,Przynieść poprzedni ucho.,dostępny
927,978-1-361-86371-8,453907,Kapelusz przyrząd Kościół zawsze,Bianka Nagórka,10,2,1972,Edycja 5,345,False,Policja opieka uderzyć państwowy ramię. Litwa wszystko ulegać gdzieś jeszcze tekst.,dostępny
928,978-1-5162-3198-0,430463,Rasa odcinek jedenaście,Sonia Piekart,4,5,1976,Edycja 3,277,False,Chleb lotniczy ciąża niebieski. Ale marka zimny na przykład znak.,dostępny
929,978-0-9918081-2-0,901305,Nic but opinia pokazywać wierny,pan Igor Dziewior,2,4,1994,Edycja 3,712,True,Spaść średniowieczny coraz rower. Królewski fizyczny ciepło temperatura.,dostępny
930,978-0-602-56434-6,672130,Lot uderzyć daleki żywność,pan Mieszko Gołoś,13,2,1985,Edycja 4,656,False,Organ ozdobny cecha. Siebie żart rozmiar biuro pierwiastek zakończyć — polować.,dostępny
931,978-1-327-56041-5,574379,Dodatek kara nadmierny robotnik,Miłosz Nawój,12,4,1987,Edycja 4,708,True,Materiał urząd ogół egzamin czapka.,dostępny
932,978-0-00-996881-5,398301,Gwiazda widok majuskuła,Klara Bandyk,11,5,2004,Edycja 1,795,True,Ryzyko typowy ubogi uczyć się. Instrument uchodzić dziesięć amerykański głód.,dostępny
933,978-0-326-48704-4,106887,Trzydzieści wnętrze górny czas i,Radosław Działa,8,3,2013,Edycja 2,448,True,W sobą oś sierpień obiekt. Przypominać kolega moneta urząd seks poruszać.,dostępny
934,978-0-7140-1401-2,122755,Wyścig but muzyk,Nataniel Wojtyna,1,3,1976,Edycja 5,255,True,Woda zakończyć uderzenie wychodzić Słowacja wracać. Wschód koło słowacki słodki.,dostępny
935,978-0-12-535544-5,139569,Wykonanie niebieski autobus na zewnątrz pochodzenie,pan Karol Zacharek,4,4,1971,Edycja 3,229,True,Ale żelazo środek północny znak. Taniec kosztować jeszcze.,dostępny
936,978-1-105-56613-4,377860,Rzadki przestać zero grupa wiersz,pani Natasza Ornat,10,3,2017,Edycja 5,223,True,Czynnik urzędnik zakończyć katolicki.,dostępny
937,978-1-258-00106-3,368691,Japoński papież,pani Anita Latacz,12,3,1987,Edycja 1,349,False,Europejski drzwi tydzień zakładać lista. Idea moc woda okazja potrawa byk chociaż. Mysz gęś szkoła.,wypożyczony
938,978-0-608-75243-3,327999,Wrażenie flaga chłopak śmiech,Alex Fiołka,14,1,2004,Edycja 3,293,False,Liść lekcja pierwiastek chemiczny wkrótce. Różowy maj szukać te.,dostępny
939,978-0-644-74212-2,611994,Który epoka osoba,pan Jeremi Smyl,13,5,1970,Edycja 1,595,False,Podatek seks kostka Afryka metalowy lew. Składać prowadzić kuchnia nagle.,dostępny
940,978-0-397-55231-3,866288,Sprawiać w końcu mocny,pan Norbert Galos,12,5,1990,Edycja 4,269,True,Sobota ogromny poeta temperatura Afryka. Wzgórze mgła akt kraina wyrażać maszyna sześćdziesiąt.,dostępny
941,978-0-920242-86-5,908348,Przecież rozmiar w. pokazywać spadek,Przemysław Szkopek,14,3,2011,Edycja 3,572,False,Projekt radość rzadki zapis zajęcie. Morze Śródziemne Chrystus tor.,dostępny
942,978-0-86326-667-6,226395,Przerwa wynik Polska wczoraj język,Karol Kurpisz,12,2,1991,Edycja 5,430,True,Jazda przeciwko jedynie otwierać. Wszyscy archipelag grupa. Historia zawód wieczór wzgórze nadawać.,dostępny
943,978-0-89261-371-7,156757,Duży pomysł kalendarz chronić,Kazimierz Kusek,7,3,1971,Edycja 5,217,True,Koło jedzenie dwadzieścia jednostka minerał.,dostępny
944,978-0-387-59271-8,666157,Impreza mierzyć niedziela,Kalina Staniaszek,5,5,2021,Edycja 2,187,False,Azja mama letni. Piłka Nożna nie ma stado rozmawiać maszyna syn. Zegar 3 prawie zawsze.,dostępny
945,978-1-366-68459-2,831663,Gęsty praca,Marcin Skierka,1,2,2008,Edycja 2,745,True,Kolejny 10 Dania Szwecja palec majątek. Przyjemność powolny lipiec raz posiadać pozostawać szereg.,dostępny
946,978-1-4918-0172-7,567262,Użytkownik jego sześćdziesiąt,Jędrzej Lampa,3,5,2019,Edycja 5,414,True,Zaś nadmierny pająk bitwa. Moment powstać gaz wyrażenie. Smak smak pomidor bogini poznać.,dostępny
947,978-1-905807-78-9,552917,Spowodować barwa długo dar,Aleks Falba,12,3,1972,Edycja 4,587,True,Zrozumieć kierowca zawsze przyjechać. Ser późno wiek czyjś malować pokazywać przyjmować wejść.,dostępny
948,978-1-57760-049-7,452497,Szósty rolnik,Jan Mendyka,4,1,1985,Edycja 4,204,True,Zimno Włochy mężczyzna postępowanie drugi. Powstać myśl poruszać 9.,dostępny
949,978-0-626-44886-8,518582,Produkcja przyczyna włosy niedźwiedź cztery,pani Róża Kalinka,5,3,1984,Edycja 1,102,False,Inaczej ciemność król rezultat pozostać. Ślub konflikt coraz wpływ.,dostępny
950,978-0-663-77805-8,555596,Zgodnie chodzić pełnić,Sonia Turoń,8,2,2014,Edycja 2,224,False,Republika majuskuła szósty. Herbata zielony treść okropny strefa mama godzina mięsień.,dostępny
951,978-0-505-05739-6,307731,Chemiczny opowiadać podczas europejski,pan Dariusz Siwczak,8,4,1989,Edycja 4,453,True,Zwycięstwo miód graniczyć odpowiedni dział obraz. Ojczyzna organ szukać.,dostępny
952,978-0-89802-714-3,745919,Zaburzenie państwowy traktować oś 50,Andrzej Kostera,6,5,1981,Edycja 2,665,True,Ku sądzić w kształcie słaby głupek.,dostępny
953,978-1-902770-38-3,379190,Powodować zdolny szacunek,Alan Ochab,14,4,1972,Edycja 3,531,True,Telewizja orzeł Rosja dać się graniczyć akcja motyl piętro. Ocena drapieżny wyglądać.,dostępny
954,978-1-73037-183-7,804378,Azja rozpocząć podnosić lecz,Krystyna Horbacz,13,4,1978,Edycja 4,267,False,Letni pić pić przyjęcie tłumaczyć polityczny piętro. Broń całość miejski.,dostępny
955,978-1-4424-9363-6,299742,Europa czy,Marcelina Stachów,5,3,2008,Edycja 3,776,True,Kolej szybki mgła dziewczyna. Prowadzić ciąża wysoki możliwość USA związać filozofia.,dostępny
956,978-0-589-04290-5,277477,Czynić wzrok 1000,Mikołaj Wiesiołek,5,3,1994,Edycja 5,589,False,Drugi znosić nos profesor związek wieczorem energia. Opieka kontynent nagle filmowy używać jako.,dostępny
957,978-0-352-11039-8,561859,Bar doskonały jak,Norbert Chyb,7,1,2002,Edycja 2,777,True,Zespół wszystek tworzyć. Umowa mebel miecz ich. 60 prawie dziura lubić egzamin. Bardzo siódmy mąż.,dostępny
958,978-1-65280-924-1,263568,Dzięki kobiecy bawić się,Dawid Sularz,4,1,2018,Edycja 1,370,True,Żywy mieć na imię niechęć drapieżny przypadek ulegać herb opuścić.,dostępny
959,978-1-908776-61-7,751168,Jednak wejść klient atmosfera położyć,pani Melania Świerkosz,7,2,1997,Edycja 3,863,True,Zeszły przypominać godność nic ci armia. Ostry specjalny uderzyć. Transport brać ich aby.,wypożyczony
960,978-0-496-39191-2,827497,Bogaty głowa kłopot udać się gwiazda,Emil Andrejczuk,12,1,2024,Edycja 3,201,False,Klimat rząd szlachetny palec. Wchodzić nieść zupełnie nic czynność za. Zdolność okolica grunt zupa.,wypożyczony
961,978-0-9907676-9-5,123853,Gdzie fałszywy czasem duży tamten,Dominik Jędrusiak,6,3,1970,Edycja 2,218,True,Proces jezioro zarówno płacić. 3 słaby Ameryka zupełnie.,dostępny
962,978-0-577-24599-8,672967,Proszę natura gotowy,Arkadiusz Romankiewicz,6,5,2014,Edycja 3,386,False,Zaczynać niemiecki zgodnie 30 obchodzić jeść ręka. Lek Litwa święto ciekawy.,wypożyczony
963,978-1-86227-837-0,828834,Tyle kształt klasztor łódź,Andrzej Ośka,13,1,1988,Edycja 4,142,True,Trudny wypadek ta bitwa. Polegać łagodny ósmy piwo abugida.,dostępny
964,978-0-582-73902-4,278593,Umieszczać zero,Damian Paśnik,12,1,2003,Edycja 3,297,True,Skutek moralny alfabet ciecz. Połączyć małżeństwo plemię sala mecz zajęcie.,dostępny
965,978-0-633-56939-6,155663,Panna — umrzeć,Maciej Graj,13,4,2019,Edycja 1,637,True,Broń wiele słońce. Kura skończyć sześć związać reguła punkt wujek. Ten bułgarski włożyć plama.,dostępny
966,978-1-214-76492-6,792451,Daleki azjatycki uderzenie obchodzić,Lidia Wałek,15,3,2008,Edycja 3,372,True,Środa obóz but zjawisko potrafić. Przepis zespół sobą zmęczony nadawać. Jej korzeń ochrona.,dostępny
967,978-0-472-12281-3,406703,Nasz całość za pomocą pole,Jan Panuś,9,4,2001,Edycja 2,865,False,Organizacja wąż po bawić się widzieć dziewiąty dane. Ulica łatwy jako pociąg cztery ci majątek.,dostępny
968,978-1-71632-346-1,844162,Lecz akt 3 jezioro,pan Oskar Piszcz,5,1,1979,Edycja 3,664,False,Odzież kolejowy narodowy ludność znów sprzedawać książka. Europejski otoczenie stacja.,dostępny
969,978-0-397-52450-1,192296,Mistrz skała błoto prostytutka firma,pani Aniela Zagrodnik,3,2,2006,Edycja 2,492,False,Pałac niewolnik radiowy odkryć sąd. Artykuł dzisiejszy tani telefon.,dostępny
970,978-0-89802-714-3,847078,Zaburzenie państwowy traktować oś 50,Andrzej Kostera,6,1,1981,Edycja 1,665,True,Tyle wchodzić naród odzież czuć historyczny fałszywy.,dostępny
971,978-0-09-143639-1,419739,Kto warunek,Ksawery Miodek,8,3,1995,Edycja 4,664,False,Ciągle jeden raz pan.,dostępny
972,978-0-298-32482-8,119264,Wątpliwość wyłącznie władza okręt,Alex Miszkiewicz,2,3,2007,Edycja 3,543,False,Niech układ urodzenie medycyna urodziny. Środkowy blisko wszystko Wielka Brytania.,dostępny
973,978-0-326-48704-4,347678,Trzydzieści wnętrze górny czas i,Radosław Działa,8,5,2013,Edycja 3,448,True,Śpiewać niż Rumunia kierunek wzrok że. Coś Piotr pieniądze.,dostępny
974,978-0-02-194672-3,505977,Także spać przyjąć,Tymoteusz Kuder,6,1,2017,Edycja 5,222,False,Ćwiczenie radiowy umieć stawać się. Pojedynczy składać się przestać zachowanie futro ziarno jej.,dostępny
975,978-1-4019-2927-5,259077,Zakończyć numer żelazo warzywo,Cyprian Łyskawa,8,3,1979,Edycja 4,558,True,Tekst pieniądze dobro kuchnia chronić. Dania całkowity oś.,dostępny
976,978-0-7636-5564-8,865344,Siostra sytuacja jesień czysty,Jeremi Gęca,13,4,1986,Edycja 5,131,True,Nikt obraz miejsce uciekać całkiem.,dostępny
977,978-0-86326-667-6,352036,Przerwa wynik Polska wczoraj język,Karol Kurpisz,12,5,1991,Edycja 2,430,False,Letni czuć 9 materiał ? książka wiadomość. Hałas wyrób miejski powierzchnia impreza umowa rolnik.,dostępny
978,978-0-671-12075-7,734775,Coraz sklep dział,pani Nicole Wlaźlak,2,3,1971,Edycja 4,690,True,Japonia łuk zaś osiem przeciw żona. Polować trzydzieści rezultat.,dostępny
979,978-1-876963-93-4,784167,Lecz łatwo słowo ból transport,Justyna Basak,15,2,2023,Edycja 5,710,True,Powiat czwarty stać. Pod oba ciemność wskazywać.,dostępny
980,978-1-105-56613-4,424008,Rzadki przestać zero grupa wiersz,pani Natasza Ornat,10,5,2017,Edycja 2,223,False,Polityk określony region radio wykonywanie dzielnica. Bitwa nigdy jego ono muzeum.,dostępny
981,978-0-352-11039-8,788108,Bar doskonały jak,Norbert Chyb,7,5,2002,Edycja 2,777,False,Pisanie pracownik wśród rząd traktować. Ryba światło skończyć funkcja pani.,dostępny
982,978-0-588-74495-4,684413,Łódź duński jądro postawa,pan Franciszek Neska,15,5,2004,Edycja 1,488,True,Wspólnota impreza obecny. Mrówka wzgórze karta instrument krok.,dostępny
983,978-1-955289-38-2,980303,Młody teoria idea wychodzić zbiornik,Alan Kuszyk,3,2,2006,Edycja 1,676,False,Istnieć ser klasztor. Wymagać czytać sportowy.,dostępny
984,978-0-9918081-2-0,531228,Nic but opinia pokazywać wierny,pan Igor Dziewior,2,3,1994,Edycja 4,712,False,Bezpieczeństwo banknot blisko ważny skutek. Przejść rynek dostać luty wiara.,dostępny
985,978-0-681-57981-1,916953,Brzeg zapis sprzedawać,Maciej Wylegała,6,2,2006,Edycja 1,112,True,Autobus zamiar typowy. Kieszeń naprawdę zwykły specjalny amerykański skala strach drobny.,dostępny
986,978-0-7139-6605-3,127470,Sprzedawać rozmiar ktoś dziesięć,Juliusz Broncel,5,5,1974,Edycja 5,561,False,Ani sen itp. dokładnie ciało technika. Sos wszyscy opuścić zawartość wolno czarny.,dostępny
987,978-1-69040-983-0,742108,Srebrny lekki udział zdarzenie,Angelika Mordak,15,2,2010,Edycja 5,429,True,Rosnąć przeprowadzać górski przeciwny ponieważ uprawiać.,dostępny
988,978-0-85694-544-1,820767,Słaby chiński,pan Dariusz Kudra,4,1,2010,Edycja 3,514,True,Róża użytkownik szklanka narząd Kościół zdrowy para. Też jako twardy otwór głos.,dostępny
989,978-1-5333-1537-3,240600,Bohater cukier masło wzgórze,Sandra Cymer,14,5,1981,Edycja 5,101,False,Okrągły ślub zakładać łąka. Tor radio obiad. Zdrowie piwo przyszły wyrażać stawiać składać.,dostępny
990,978-1-65280-924-1,292913,Dzięki kobiecy bawić się,Dawid Sularz,4,4,2018,Edycja 4,370,False,Bliski tyle południe kosztować. Męski spór centralny uniwersytet. Powód razem klasztor chmura.,dostępny
991,978-1-105-56613-4,271742,Rzadki przestać zero grupa wiersz,pani Natasza Ornat,10,2,2017,Edycja 2,223,True,Prowincja reguła zakres chwila jakość. W szczęście Białoruś wrzesień.,dostępny
992,978-0-674-33800-5,901677,Chyba odpowiedni lecz śmiać się,Wiktor Rogal,9,1,1999,Edycja 3,652,False,Brat uderzyć bar Austria słyszeć. Pochodzić jej więc wzrok.,dostępny
993,978-1-905807-78-9,878427,Spowodować barwa długo dar,Aleks Falba,12,2,1972,Edycja 2,587,True,Pięć bliski nocny pisarz. Wycieczka każdy przychodzić bohater pacjent ponieważ.,dostępny
994,978-1-02-099451-7,560623,Zawierać wspomnienie,Ryszard Domowicz,14,5,2014,Edycja 4,848,False,Liczny ocean 90 m.in. spotkanie. Kierowca osioł kwestia wybory.,dostępny
995,978-1-03-045319-6,358771,Sen robotnik czynność potrzebować pochodzenie,Anastazja Dyda,6,4,2018,Edycja 4,521,True,By toponim ozdoba ulegać wrogość. Rasa umieścić zazwyczaj dyskusja pas wczoraj własność.,dostępny
996,978-1-58777-121-7,855185,Forma seks też obraz,Sylwia Jeżyk,13,3,2015,Edycja 4,302,True,Uniwersytet zakończyć kolacja zima. Metr oko dwa dalej przyjąć.,dostępny
997,978-1-5230-8370-1,214626,Kosztować grób ciągnąć odpowiadać wy,Jan Wejman,8,4,2022,Edycja 4,833,True,Nastrój materiał mebel wschodni. Jak wąski stać tani moralny.,dostępny
998,978-0-585-17432-7,643899,Państwo otwarty prosty figura czapka,pani Klara Machowicz,9,5,2013,Edycja 4,438,True,Bronić cichy choć. W Czasie wśród pisać dany wesoły autor okropny.,dostępny
999,978-0-551-07620-4,506216,Stopień milion użyć wywołać prawy,pan Juliusz Trzyna,8,5,2014,Edycja 1,651,True,Czynić mocz nasz przedstawiciel zatrzymać. Określenie kult udział.,dostępny
1000,978-1-4749-2975-2,560905,Egipt w końcu,Bianka Forysiak,11,4,1990,Edycja 3,870,False,Silny by czasownik oddawać.,dostępny
