data_godzina_wejscia,data_godzina_wyjscia,id_filii,id_osoby
2025-09-26T14:59:13,2025-09-26T15:59:13,2,4391
2024-02-15T07:59:24,,10,1185
2024-11-27T23:57:51,2024-11-28T02:57:51,5,48033
2025-07-29T20:38:51,2025-07-30T00:38:51,6,38557
2025-07-31T22:02:48,,8,21098
2024-06-08T09:12:04,2024-06-08T10:12:04,4,20566
2024-05-13T13:23:22,,3,37847
2024-05-25T18:33:33,2024-05-25T21:33:33,1,34406
2024-01-26T19:05:41,,4,37271
2024-07-30T11:04:56,2024-07-30T19:04:56,6,33712
2024-12-06T17:00:11,,6,6067
2025-04-22T12:28:10,2025-04-22T20:28:10,9,16573
2024-03-26T10:03:00,2024-03-26T17:03:00,10,26665
2024-07-04T16:46:18,2024-07-04T17:46:18,1,13853
2025-02-26T10:17:40,,5,45015
2024-05-15T16:51:10,2024-05-16T00:51:10,10,3005
2025-07-21T11:16:33,,7,26507
2024-03-12T10:55:51,2024-03-12T15:55:51,1,7013
2025-06-06T09:53:19,2025-06-06T11:53:19,5,27880
2023-12-26T03:39:30,2023-12-26T09:39:30,3,33076
2024-08-05T15:57:30,2024-08-05T16:57:30,3,22784
2024-04-24T14:20:45,2024-04-24T18:20:45,5,5816
2024-12-08T19:29:12,,6,28211
2024-09-21T07:31:50,,9,16306
2023-11-07T21:11:54,,2,14472
2025-09-17T20:54:55,2025-09-18T01:54:55,1,42607
2024-11-09T04:50:32,,3,14874
2024-06-18T08:34:15,2024-06-18T10:34:15,3,44157
2025-10-15T16:34:24,2025-10-15T17:34:24,3,351
2025-11-02T23:23:47,2025-11-03T06:23:47,7,26206
2024-03-21T16:19:52,,4,15042
2025-06-06T08:37:16,2025-06-06T14:37:16,4,4036
2024-10-08T23:37:32,,2,45119
2025-09-01T19:34:43,2025-09-01T21:34:43,3,9465
2024-07-18T20:40:33,2024-07-18T22:40:33,3,47921
2025-01-29T00:17:24,2025-01-29T01:17:24,10,23310
2025-07-13T00:20:57,2025-07-13T06:20:57,8,27733
2025-01-20T06:34:45,2025-01-20T11:34:45,6,31417
2025-09-26T18:25:04,2025-09-27T02:25:04,6,26141
2024-02-07T05:52:58,,7,2684
2025-01-30T08:08:16,2025-01-30T15:08:16,2,23852
2024-05-01T07:55:45,2024-05-01T09:55:45,2,2161
2025-09-28T06:06:43,2025-09-28T09:06:43,7,49763
2023-12-06T18:35:24,2023-12-06T19:35:24,8,4088
2025-05-12T11:33:08,2025-05-12T12:33:08,4,46806
2025-08-22T11:00:26,,5,15976
2025-02-25T20:41:14,2025-02-26T02:41:14,4,7851
2025-07-27T10:00:29,,4,8881
2024-11-04T10:58:34,2024-11-04T13:58:34,4,15820
2025-04-14T20:52:53,2025-04-15T02:52:53,9,1969
2025-11-06T05:05:50,2025-11-06T08:05:50,4,16681
2024-07-19T05:39:43,2024-07-19T06:39:43,6,12965
2023-11-16T06:01:23,2023-11-16T14:01:23,8,12332
2024-04-20T18:01:16,,7,7875
2024-12-18T07:10:32,2024-12-18T09:10:32,6,10909
2023-12-30T00:22:50,2023-12-30T02:22:50,2,11667
2024-09-14T23:41:40,,9,16362
2024-08-26T04:21:57,2024-08-26T09:21:57,8,47085
2024-09-07T15:23:25,2024-09-07T21:23:25,2,43222
2025-02-01T20:20:07,2025-02-01T21:20:07,2,46927
2025-09-19T09:39:50,2025-09-19T16:39:50,7,4348
2024-09-29T22:47:08,,3,6143
2024-05-22T13:11:53,2024-05-22T19:11:53,6,47971
2024-08-11T21:12:55,,8,16669
2024-09-28T14:39:37,2024-09-28T22:39:37,5,8480
2025-05-24T22:55:27,2025-05-25T06:55:27,8,29456
2024-07-19T01:14:04,2024-07-19T08:14:04,5,37245
2025-05-23T05:59:03,2025-05-23T07:59:03,8,11398
2024-07-13T04:43:11,,10,46817
2024-12-10T01:44:54,2024-12-10T05:44:54,8,13952
2024-09-30T09:00:29,2024-09-30T17:00:29,5,43854
2024-10-20T09:19:49,2024-10-20T10:19:49,9,27857
2025-06-07T23:30:20,2025-06-08T01:30:20,6,47603
2025-04-20T01:00:32,2025-04-20T02:00:32,9,37994
2024-03-13T06:54:40,2024-03-13T09:54:40,5,37410
2025-09-18T07:46:51,,9,35791
2024-05-14T06:43:38,2024-05-14T12:43:38,6,1190
2025-04-16T13:08:19,2025-04-16T16:08:19,6,6390
2025-06-29T07:37:21,2025-06-29T08:37:21,2,32721
2025-01-25T17:57:09,2025-01-25T21:57:09,5,4484
2024-12-23T19:31:34,2024-12-24T00:31:34,5,16202
2025-05-20T11:03:30,2025-05-20T15:03:30,9,44342
2024-12-06T21:05:05,2024-12-07T01:05:05,10,15115
2025-06-03T02:49:07,2025-06-03T07:49:07,9,33172
2024-05-12T18:13:02,2024-05-12T20:13:02,2,16460
2025-02-26T18:59:19,,4,6294
2024-07-07T04:34:09,2024-07-07T06:34:09,9,29651
2024-10-05T17:05:46,2024-10-05T19:05:46,1,30789
2023-12-14T15:53:39,2023-12-14T21:53:39,5,4513
2025-05-05T15:55:13,2025-05-05T18:55:13,5,35871
2024-05-05T22:46:12,2024-05-06T06:46:12,1,28909
2025-02-09T21:20:21,2025-02-09T22:20:21,6,32581
2025-04-05T13:21:57,,6,49156
2024-06-30T23:09:50,2024-07-01T04:09:50,4,37104
2024-05-14T00:12:17,,7,10637
2025-04-10T08:47:05,2025-04-10T12:47:05,8,12782
2024-06-26T07:10:05,,7,36470
2024-11-21T22:47:22,2024-11-22T00:47:22,7,18035
2024-03-23T09:44:02,,8,40666
2025-03-08T16:48:19,2025-03-08T17:48:19,10,36466
2024-06-09T16:32:16,2024-06-10T00:32:16,6,16272
2024-01-13T11:00:11,2024-01-13T13:00:11,10,5825
2024-11-20T22:21:16,2024-11-21T05:21:16,1,7456
2025-05-15T22:45:31,2025-05-16T03:45:31,7,20614
2024-02-03T12:20:28,2024-02-03T13:20:28,9,7166
2025-05-30T00:04:00,2025-05-30T06:04:00,5,30422
2025-01-25T07:50:20,2025-01-25T12:50:20,8,49617
2023-12-18T04:47:52,2023-12-18T10:47:52,10,34302
2024-07-16T03:42:06,2024-07-16T06:42:06,8,13239
2024-06-10T18:38:11,2024-06-10T22:38:11,5,31756
2025-06-27T21:22:00,2025-06-28T03:22:00,9,42311
2025-08-26T09:26:24,,8,43432
2024-12-11T09:43:19,,7,47757
2025-07-10T08:18:16,2025-07-10T14:18:16,9,16652
2024-07-01T00:13:26,,9,42211
2024-09-29T06:23:36,2024-09-29T07:23:36,2,34446
2025-10-12T06:07:18,2025-10-12T12:07:18,10,42872
2025-03-25T20:45:42,2025-03-26T04:45:42,9,48043
2025-06-08T21:04:34,,6,20834
2025-09-01T04:44:47,,9,2374
2024-11-02T21:06:22,2024-11-03T04:06:22,2,40751
2024-03-11T20:31:08,2024-03-12T02:31:08,5,17776
2025-08-22T14:47:25,2025-08-22T19:47:25,8,36210
2025-03-15T22:36:55,,1,43255
2024-07-15T08:31:59,2024-07-15T15:31:59,3,31654
2025-01-23T05:06:54,2025-01-23T06:06:54,10,3340
2024-08-02T20:40:48,2024-08-02T21:40:48,10,17458
2025-02-21T17:28:38,2025-02-22T01:28:38,8,20173
2024-10-01T18:47:55,,6,3372
2024-12-14T07:06:27,2024-12-14T12:06:27,1,11407
2025-02-09T14:01:11,,6,44176
2025-07-28T01:13:23,2025-07-28T04:13:23,6,13242
2024-10-06T21:18:18,2024-10-06T22:18:18,9,6337
2025-03-22T00:04:35,2025-03-22T01:04:35,5,48480
2025-02-24T20:21:47,2025-02-25T03:21:47,2,29042
2024-07-03T04:48:49,,3,12705
2024-12-29T16:57:56,,1,4837
2024-06-16T05:00:27,,10,18164
2024-05-07T01:11:38,2024-05-07T07:11:38,3,4950
2025-03-07T05:19:36,2025-03-07T06:19:36,1,7248
2025-03-23T23:59:06,2025-03-24T00:59:06,2,604
2025-10-24T20:00:39,2025-10-24T23:00:39,7,42852
2024-09-12T09:57:16,,7,38749
2024-06-04T07:01:32,2024-06-04T08:01:32,4,31393
2024-06-29T07:47:32,2024-06-29T15:47:32,7,554
2025-05-20T13:51:17,2025-05-20T15:51:17,1,31940
2024-04-18T08:08:23,2024-04-18T16:08:23,10,49233
2024-09-25T15:03:26,2024-09-25T18:03:26,6,3243
2025-03-20T20:48:40,2025-03-21T03:48:40,7,36399
2024-07-19T06:49:45,2024-07-19T14:49:45,5,19563
2023-11-17T20:28:43,,7,4466
2025-04-20T11:01:16,,8,22509
2024-07-31T18:49:53,2024-07-31T22:49:53,8,1634
2025-08-10T15:44:17,2025-08-10T22:44:17,7,18490
2024-10-27T13:05:00,2024-10-27T19:05:00,9,38111
2024-07-11T20:42:33,2024-07-12T04:42:33,3,9573
2024-07-05T02:25:09,2024-07-05T08:25:09,8,49716
2024-11-10T19:21:33,2024-11-11T00:21:33,8,43347
2025-09-26T10:20:11,2025-09-26T16:20:11,2,7863
2024-06-20T07:23:16,,8,6967
2024-02-22T02:26:59,2024-02-22T05:26:59,5,24341
2025-03-25T03:54:38,2025-03-25T04:54:38,10,10842
2024-11-07T19:36:18,2024-11-07T21:36:18,5,36441
2025-02-17T14:58:55,2025-02-17T21:58:55,4,38246
2025-06-05T16:36:54,2025-06-05T17:36:54,6,44154
2025-10-16T06:34:01,,7,41733
2024-09-14T08:30:55,2024-09-14T15:30:55,3,21790
2024-02-10T07:44:24,2024-02-10T08:44:24,2,1022
2024-01-05T03:45:41,2024-01-05T06:45:41,8,9698
2024-06-01T15:59:19,,7,17010
2024-01-02T09:10:52,2024-01-02T15:10:52,2,24341
2024-11-11T01:08:16,2024-11-11T09:08:16,10,11234
2025-03-31T16:03:45,2025-03-31T22:03:45,1,44193
2025-08-09T14:12:15,2025-08-09T20:12:15,5,7450
2024-08-16T03:34:55,2024-08-16T04:34:55,8,1421
2024-07-06T06:35:12,2024-07-06T11:35:12,1,44877
2024-07-31T07:17:07,2024-07-31T14:17:07,7,20560
2025-08-30T20:33:47,,3,11349
2024-06-19T06:07:42,2024-06-19T07:07:42,6,31439
2023-11-15T04:42:11,2023-11-15T10:42:11,6,20232
2025-05-27T22:44:27,2025-05-28T02:44:27,7,11255
2024-08-23T00:40:30,2024-08-23T07:40:30,7,8774
2025-08-16T12:56:15,2025-08-16T16:56:15,10,11491
2024-08-08T00:30:05,,1,38564
2025-08-25T04:20:13,2025-08-25T12:20:13,10,21791
2025-07-10T05:50:25,,3,33260
2023-11-17T16:31:17,2023-11-18T00:31:17,10,45229
2024-06-29T12:13:00,2024-06-29T19:13:00,3,21552
2024-07-25T23:46:33,2024-07-26T00:46:33,8,29810
2024-09-01T21:06:10,2024-09-01T23:06:10,1,5193
2024-12-29T00:59:08,2024-12-29T06:59:08,10,33508
2023-11-20T01:17:31,,8,32465
2024-09-24T22:37:55,2024-09-25T05:37:55,1,32243
2024-01-30T15:20:49,2024-01-30T20:20:49,7,32705
2025-09-08T21:46:03,,8,48025
2024-09-13T01:27:01,,2,5018
2025-03-15T18:15:35,2025-03-16T02:15:35,9,23347
2024-02-09T09:00:26,2024-02-09T14:00:26,10,8144
2024-05-03T16:19:45,2024-05-03T20:19:45,8,42905
2024-09-16T06:05:14,2024-09-16T10:05:14,6,8624
2024-02-23T23:56:19,2024-02-24T06:56:19,9,26485
2025-01-23T18:04:48,2025-01-24T01:04:48,3,32657
2025-01-11T10:38:20,2025-01-11T12:38:20,5,35463
2024-04-08T09:14:49,2024-04-08T16:14:49,6,39139
2025-06-12T14:45:31,2025-06-12T17:45:31,1,13548
2025-06-06T14:51:27,2025-06-06T20:51:27,10,39684
2024-09-17T02:57:44,2024-09-17T09:57:44,1,43987
2025-09-12T11:22:17,,10,49304
2024-07-30T06:46:32,2024-07-30T10:46:32,10,16191
2025-10-08T02:55:08,2025-10-08T10:55:08,5,18623
2023-12-23T03:55:32,2023-12-23T09:55:32,3,26920
2025-05-22T16:33:14,2025-05-22T18:33:14,1,2736
2024-09-29T12:27:16,2024-09-29T20:27:16,7,21129
2023-11-26T14:14:15,2023-11-26T15:14:15,9,39783
2025-05-06T18:43:53,2025-05-07T00:43:53,2,26928
2025-09-04T19:34:03,,7,18056
2025-02-05T02:07:06,2025-02-05T04:07:06,5,2052
2024-09-30T20:05:34,2024-09-30T21:05:34,7,10322
2025-10-04T07:02:06,2025-10-04T12:02:06,4,23459
2025-04-18T22:17:17,2025-04-19T01:17:17,4,39168
2024-09-21T09:40:43,2024-09-21T17:40:43,4,33998
2024-03-26T04:47:10,,1,20303
2025-03-29T12:35:33,2025-03-29T16:35:33,4,19277
2025-08-11T00:59:48,2025-08-11T06:59:48,6,18979
2024-08-09T09:52:05,2024-08-09T17:52:05,8,17959
2024-06-18T06:13:08,2024-06-18T12:13:08,9,39283
2024-04-14T04:30:34,2024-04-14T11:30:34,1,24577
2025-01-25T03:43:14,2025-01-25T06:43:14,5,38655
2024-05-24T06:54:11,,7,46282
2024-01-21T10:24:13,2024-01-21T12:24:13,10,8313
2024-02-16T12:53:22,2024-02-16T17:53:22,10,37688
2024-04-26T19:45:02,,5,13405
2023-11-24T14:01:13,2023-11-24T16:01:13,3,26721
2024-04-24T23:45:01,2024-04-25T02:45:01,1,11975
2024-05-10T23:28:30,2024-05-11T04:28:30,8,43705
2024-09-18T12:00:31,2024-09-18T19:00:31,6,30443
2025-09-09T07:33:46,2025-09-09T13:33:46,7,22138
2024-09-12T12:59:07,2024-09-12T20:59:07,3,11959
2025-01-03T10:22:08,2025-01-03T18:22:08,7,5936
2025-04-26T06:38:10,2025-04-26T09:38:10,1,42543
2024-10-15T14:17:59,2024-10-15T18:17:59,1,3449
2024-05-31T05:01:27,2024-05-31T09:01:27,4,44680
2025-04-05T09:30:18,2025-04-05T12:30:18,8,40521
2024-03-27T17:13:46,2024-03-28T01:13:46,3,25008
2025-09-06T00:14:39,,3,4410
2025-08-10T12:18:30,2025-08-10T18:18:30,6,15957
2024-06-01T16:17:45,2024-06-01T22:17:45,8,45886
2024-11-23T07:40:19,2024-11-23T15:40:19,1,15269
2024-01-06T18:42:49,2024-01-06T21:42:49,3,11543
2024-05-19T03:27:47,,2,16426
2024-06-11T03:27:53,2024-06-11T06:27:53,6,38479
2024-12-17T02:59:48,,4,21943
2025-09-04T22:00:02,2025-09-05T03:00:02,2,30204
2023-12-23T10:34:39,2023-12-23T15:34:39,9,21562
2025-07-30T23:30:22,2025-07-31T00:30:22,8,10154
2024-01-11T12:42:02,2024-01-11T16:42:02,4,38477
2024-12-16T07:11:48,2024-12-16T13:11:48,5,16236
2025-03-16T11:22:26,2025-03-16T12:22:26,9,13177
2024-02-12T04:19:12,2024-02-12T12:19:12,2,45689
2025-05-02T19:27:39,,1,18691
2024-08-08T15:42:49,2024-08-08T20:42:49,9,18070
2024-05-26T15:21:03,2024-05-26T20:21:03,6,23958
2024-09-18T04:32:28,2024-09-18T06:32:28,2,38305
2025-04-09T19:17:20,,7,18594
2025-06-27T00:12:26,2025-06-27T02:12:26,5,14517
2024-10-16T03:43:48,2024-10-16T09:43:48,10,19550
2025-10-20T09:50:18,,10,6714
2025-10-11T13:03:46,2025-10-11T15:03:46,4,16398
2024-07-14T23:31:00,2024-07-15T00:31:00,8,31982
2025-06-26T06:27:42,2025-06-26T13:27:42,5,4492
2025-04-21T16:09:52,2025-04-21T23:09:52,1,13988
2024-06-02T16:16:22,2024-06-02T17:16:22,9,2071
2024-12-18T22:52:30,,5,15133
2025-01-30T07:10:46,2025-01-30T10:10:46,10,44425
2025-04-04T02:21:39,2025-04-04T07:21:39,10,46987
2024-06-09T06:37:53,,3,27054
2024-03-15T08:13:40,2024-03-15T09:13:40,4,10804
2025-06-09T12:14:14,,7,29240
2024-08-12T10:28:14,2024-08-12T13:28:14,1,24249
2025-02-19T13:44:46,,3,23055
2025-03-04T01:34:25,2025-03-04T02:34:25,6,10096
2024-01-27T12:42:47,2024-01-27T19:42:47,6,6232
2024-07-23T11:31:39,2024-07-23T14:31:39,2,16375
2024-08-13T00:31:46,,3,36683
2025-02-17T20:48:59,2025-02-17T22:48:59,1,33262
2024-12-01T10:17:41,2024-12-01T18:17:41,1,24428
2023-11-12T21:01:40,2023-11-13T00:01:40,2,2740
2024-02-10T11:28:00,2024-02-10T17:28:00,7,37994
2023-12-01T17:33:02,2023-12-02T01:33:02,7,25540
2024-09-12T14:13:43,2024-09-12T22:13:43,9,13670
2024-08-22T02:21:15,2024-08-22T10:21:15,5,7632
2025-07-06T07:43:52,,10,42340
2024-02-28T12:20:36,,9,6210
2025-10-04T13:29:47,2025-10-04T14:29:47,4,48631
2025-03-15T12:58:43,2025-03-15T16:58:43,6,15743
2024-08-18T07:33:27,2024-08-18T09:33:27,7,20263
2024-11-02T03:40:40,2024-11-02T11:40:40,8,16552
2024-10-09T08:23:09,2024-10-09T12:23:09,10,38344
2024-05-20T19:01:23,2024-05-20T22:01:23,10,21865
2024-08-24T11:36:54,2024-08-24T19:36:54,9,1219
2024-07-24T22:53:48,2024-07-24T23:53:48,2,28886
2024-05-08T22:26:19,2024-05-09T03:26:19,2,13084
2025-09-28T18:17:08,2025-09-28T23:17:08,2,22381
2024-04-06T00:04:51,2024-04-06T06:04:51,6,17109
2024-02-29T21:55:19,,6,44116
2024-05-05T21:55:11,2024-05-05T23:55:11,6,23047
2025-10-02T05:26:14,,5,16906
2024-06-08T20:15:00,2024-06-08T22:15:00,2,33941
2025-10-17T07:57:24,2025-10-17T09:57:24,3,7834
2025-10-09T02:03:01,2025-10-09T03:03:01,9,1030
2024-10-15T01:17:18,2024-10-15T06:17:18,3,35880
2025-04-09T05:54:42,2025-04-09T09:54:42,7,27964
2024-06-18T21:46:07,2024-06-19T04:46:07,5,18984
2024-04-03T06:34:26,2024-04-03T11:34:26,9,43803
2024-11-23T12:57:21,2024-11-23T15:57:21,1,14680
2024-12-06T05:20:38,2024-12-06T10:20:38,9,36450
2024-04-18T16:40:26,2024-04-18T22:40:26,8,42588
2025-03-24T22:29:37,2025-03-25T06:29:37,2,15284
2025-08-16T04:45:53,2025-08-16T06:45:53,5,44557
2025-09-06T16:59:07,2025-09-07T00:59:07,10,1678
2024-06-07T21:48:36,,9,29107
2024-12-03T18:58:52,2024-12-03T20:58:52,2,37127
2024-09-04T05:11:03,2024-09-04T08:11:03,6,17565
2025-09-01T04:42:03,2025-09-01T06:42:03,6,36820
2024-06-25T04:16:27,2024-06-25T10:16:27,7,24471
2024-08-12T13:45:13,2024-08-12T21:45:13,5,9283
2025-07-26T08:17:09,2025-07-26T15:17:09,3,19339
2025-07-04T17:51:57,2025-07-05T01:51:57,5,36332
2025-10-05T02:35:49,2025-10-05T03:35:49,6,32202
2025-02-19T07:02:51,2025-02-19T10:02:51,4,231
2025-10-23T02:40:45,,5,37219
2025-07-26T12:07:17,2025-07-26T16:07:17,6,1269
2024-04-16T15:39:42,2024-04-16T21:39:42,9,45072
2025-05-09T10:55:58,2025-05-09T12:55:58,3,18490
2024-01-22T00:58:48,2024-01-22T06:58:48,7,47917
2025-06-17T17:54:42,,9,14022
2024-12-21T06:22:12,2024-12-21T11:22:12,4,37287
2024-10-27T12:36:13,2024-10-27T17:36:13,8,10629
2025-10-26T17:46:10,2025-10-27T01:46:10,3,39196
2025-08-19T07:52:37,2025-08-19T13:52:37,7,32688
2024-07-08T22:01:59,,8,43113
2024-08-03T17:22:41,2024-08-03T20:22:41,6,31521
2024-06-07T21:53:04,,4,22070
2025-06-11T10:06:24,2025-06-11T13:06:24,9,39074
2025-06-09T19:42:33,,9,22313
2024-04-09T20:26:25,,1,10535
2025-06-18T19:48:16,2025-06-19T03:48:16,9,28956
2024-06-08T04:36:11,2024-06-08T07:36:11,2,26827
2024-01-12T05:32:25,2024-01-12T12:32:25,9,33730
2025-03-11T10:41:13,2025-03-11T11:41:13,8,26837
2024-11-28T13:54:19,,1,33150
2024-08-11T13:54:14,2024-08-11T20:54:14,8,17088
2024-08-10T02:53:16,,2,15098
2025-10-10T10:27:41,2025-10-10T14:27:41,8,16020
2025-07-15T16:12:44,2025-07-15T23:12:44,1,3498
2025-05-28T04:44:58,2025-05-28T05:44:58,2,30861
2024-01-02T16:33:56,2024-01-02T23:33:56,4,450
2025-03-19T22:02:37,,1,5085
2024-10-13T08:40:32,2024-10-13T13:40:32,6,32380
2025-01-10T15:45:08,2025-01-10T22:45:08,5,18016
2025-03-30T13:13:51,2025-03-30T20:13:51,8,44001
2025-05-17T22:31:50,2025-05-18T03:31:50,6,24308
2025-03-17T07:11:54,2025-03-17T13:11:54,8,1062
2025-02-12T19:52:32,2025-02-13T03:52:32,6,44896
2025-07-14T08:11:29,,8,727
2025-08-29T21:50:58,2025-08-30T04:50:58,6,15736
2024-03-17T03:22:13,2024-03-17T04:22:13,2,21029
2025-10-30T12:43:00,2025-10-30T14:43:00,9,16777
2025-07-21T21:22:29,2025-07-22T00:22:29,6,42946
2025-04-10T21:12:03,2025-04-11T01:12:03,7,21339
2024-02-04T11:32:55,2024-02-04T14:32:55,10,6330
2025-09-03T17:20:40,2025-09-03T22:20:40,9,15773
2024-02-03T12:38:54,2024-02-03T20:38:54,9,48927
2025-04-16T06:08:25,2025-04-16T07:08:25,8,42966
2025-03-15T12:41:08,2025-03-15T17:41:08,4,14846
2025-09-28T16:01:27,2025-09-29T00:01:27,8,2599
2025-09-09T21:53:03,2025-09-10T04:53:03,6,14805
2024-01-21T20:17:19,2024-01-21T23:17:19,1,9496
2025-05-21T22:49:25,,9,25351
2024-03-02T16:43:12,2024-03-02T21:43:12,5,47121
2025-09-16T21:25:59,2025-09-17T01:25:59,5,40490
2025-08-31T06:52:56,2025-08-31T11:52:56,9,24831
2025-03-17T10:49:02,2025-03-17T15:49:02,10,37859
2025-08-15T02:56:53,2025-08-15T09:56:53,8,18402
2024-02-05T11:20:21,2024-02-05T17:20:21,7,29419
2025-07-24T21:23:16,2025-07-25T04:23:16,10,48481
2023-11-16T14:34:35,2023-11-16T18:34:35,9,12660
2025-05-22T15:16:40,2025-05-22T16:16:40,5,37372
2025-04-19T19:39:43,2025-04-19T22:39:43,3,23841
2025-11-03T16:24:34,2025-11-03T18:24:34,8,5297
2025-05-06T22:29:33,2025-05-07T00:29:33,1,1754
2024-10-21T17:38:48,2024-10-21T21:38:48,5,35669
2025-04-06T23:01:48,2025-04-07T03:01:48,8,29307
2025-03-19T20:31:08,2025-03-20T00:31:08,4,360
2024-06-17T01:27:00,2024-06-17T02:27:00,6,15793
2024-07-27T10:31:38,2024-07-27T11:31:38,1,6908
2025-05-09T04:58:41,2025-05-09T11:58:41,5,24525
2025-08-11T13:49:56,2025-08-11T20:49:56,9,19161
2024-10-14T13:51:35,2024-10-14T18:51:35,10,5211
2025-02-16T21:16:27,2025-02-17T01:16:27,5,3663
2024-04-02T20:45:15,2024-04-03T02:45:15,4,8175
2025-03-21T07:30:41,2025-03-21T11:30:41,9,21180
2024-08-01T19:10:51,2024-08-01T22:10:51,8,40665
2025-02-15T21:20:44,2025-02-16T04:20:44,2,16808
2025-10-03T07:16:04,2025-10-03T12:16:04,3,10622
2024-09-27T16:01:32,2024-09-27T17:01:32,8,41046
2024-06-13T14:26:38,2024-06-13T21:26:38,6,27486
2025-08-13T15:46:28,2025-08-13T17:46:28,2,23240
2025-03-05T08:23:12,,3,7776
2025-02-15T21:00:24,,10,31155
2024-10-30T18:00:20,,1,21485
2024-04-26T15:31:49,,10,29074
2025-04-18T00:14:07,2025-04-18T07:14:07,7,17031
2025-08-04T01:38:27,2025-08-04T08:38:27,2,31514
2024-04-15T04:28:20,,9,28928
2024-03-11T14:12:09,2024-03-11T15:12:09,9,46661
2025-03-27T01:02:42,2025-03-27T02:02:42,5,38431
2025-06-13T03:27:58,2025-06-13T09:27:58,8,36499
2025-04-19T11:09:13,2025-04-19T13:09:13,7,20119
2025-01-30T22:46:50,2025-01-31T02:46:50,8,22409
2024-07-30T13:03:46,2024-07-30T21:03:46,1,34375
2024-02-10T17:17:45,2024-02-10T22:17:45,2,35401
2024-10-13T08:36:57,2024-10-13T09:36:57,9,42370
2024-03-24T11:52:33,,6,17076
2024-08-09T06:38:52,,7,37290
2024-01-07T20:21:13,2024-01-08T02:21:13,7,47075
2025-02-27T16:19:10,2025-02-27T19:19:10,3,34950
2025-08-29T17:37:23,2025-08-29T22:37:23,4,13301
2025-05-18T11:18:27,2025-05-18T12:18:27,5,8423
2025-01-13T13:48:47,2025-01-13T20:48:47,4,16599
2025-08-07T20:26:32,2025-08-08T01:26:32,5,36608
2024-01-21T00:01:45,,6,35516
2025-10-02T16:25:07,2025-10-02T21:25:07,9,27032
2025-01-07T16:18:21,2025-01-07T20:18:21,8,27140
2023-12-24T18:46:13,2023-12-25T01:46:13,2,14756
2024-10-17T05:46:45,,4,41688
2024-01-07T20:05:38,2024-01-07T22:05:38,5,12941
2024-07-20T12:41:44,2024-07-20T14:41:44,7,2775
2025-01-22T07:06:57,,1,1889
2025-06-29T12:01:43,2025-06-29T19:01:43,9,11941
2024-04-11T16:16:20,,8,41142
2025-04-24T12:48:49,,8,6763
2023-12-08T23:56:15,2023-12-09T03:56:15,7,33699
2024-08-07T10:29:23,2024-08-07T12:29:23,4,35823
2023-12-31T02:03:14,2023-12-31T03:03:14,6,26930
2025-07-04T17:37:19,2025-07-05T01:37:19,5,17389
2024-04-26T23:44:45,2024-04-27T07:44:45,10,7597
2024-06-28T07:45:15,,6,11983
2024-11-10T16:17:58,2024-11-11T00:17:58,8,3320
2024-04-14T13:18:15,2024-04-14T17:18:15,9,38072
2025-07-18T10:59:16,2025-07-18T11:59:16,2,41981
2024-06-13T22:07:12,2024-06-14T02:07:12,3,19288
2025-02-07T05:41:10,2025-02-07T07:41:10,3,10791
2024-06-28T13:58:15,,5,16272
2025-06-29T04:39:54,2025-06-29T09:39:54,1,11858
2024-06-13T21:52:57,2024-06-14T01:52:57,9,20039
2025-01-17T02:30:34,,3,1664
2024-04-16T20:56:04,2024-04-17T01:56:04,9,13515
2023-12-17T09:08:24,2023-12-17T15:08:24,4,35306
2025-02-16T11:40:42,2025-02-16T18:40:42,2,30604
2024-08-24T22:56:12,2024-08-24T23:56:12,4,942
2024-08-31T13:28:29,2024-08-31T14:28:29,7,37654
2024-01-09T19:23:10,2024-01-09T21:23:10,6,41878
2024-07-27T18:39:42,2024-07-27T21:39:42,1,36640
2025-07-20T09:30:03,2025-07-20T14:30:03,2,35125
2025-10-06T10:30:13,2025-10-06T11:30:13,6,6202
2025-07-29T17:18:48,2025-07-29T19:18:48,4,15520
2025-01-03T01:29:56,2025-01-03T08:29:56,3,15387
2025-04-30T22:53:49,,5,20802
2024-04-06T09:14:02,2024-04-06T17:14:02,3,41625
2025-03-08T08:38:52,2025-03-08T15:38:52,9,20339
2024-02-06T22:05:08,2024-02-07T02:05:08,2,11817
2024-03-02T10:38:11,2024-03-02T13:38:11,8,3238
2023-12-31T23:44:13,2024-01-01T00:44:13,2,42543
2024-03-30T03:19:46,2024-03-30T09:19:46,5,13191
2025-08-16T06:18:48,2025-08-16T13:18:48,5,24022
2024-04-04T16:57:24,,10,3300
2024-04-19T22:24:53,2024-04-20T05:24:53,8,36668
2025-04-12T06:18:19,2025-04-12T07:18:19,10,43944
2024-05-27T00:00:37,2024-05-27T06:00:37,10,23447
2025-08-12T05:24:48,2025-08-12T11:24:48,10,33224
2024-11-13T00:03:40,,4,2447
2024-10-20T22:38:45,2024-10-21T02:38:45,3,12873
2025-04-07T15:18:54,2025-04-07T16:18:54,7,7065
2025-10-03T08:16:54,2025-10-03T11:16:54,6,30557
2025-10-16T10:58:48,,6,33639
2025-10-23T14:23:14,,5,12142
2024-09-10T01:41:11,2024-09-10T03:41:11,9,24576
2025-04-19T06:22:04,2025-04-19T13:22:04,1,39637
2025-05-08T04:09:58,2025-05-08T09:09:58,4,35408
2025-01-01T05:51:02,2025-01-01T10:51:02,7,22302
2024-04-12T06:02:56,,5,8517
2025-08-20T21:41:49,,4,388
2025-04-23T05:45:16,2025-04-23T13:45:16,10,14618
2025-03-15T17:25:21,2025-03-15T23:25:21,5,8904
2024-05-17T17:16:41,,6,43263
2023-12-08T00:13:16,2023-12-08T01:13:16,6,24356
2025-08-08T17:46:09,2025-08-08T18:46:09,9,18899
2025-03-05T19:43:49,2025-03-06T03:43:49,3,8487
2025-07-03T22:47:22,2025-07-04T04:47:22,6,18899
2025-10-20T18:24:30,2025-10-20T19:24:30,3,25544
2025-08-03T05:37:38,2025-08-03T09:37:38,7,6929
2024-10-24T10:32:11,2024-10-24T16:32:11,8,22221
2025-09-24T04:14:04,,8,8703
2024-04-08T17:25:08,2024-04-08T19:25:08,7,7855
2024-02-07T03:14:51,,4,42733
2024-07-24T02:13:11,,7,38680
2025-02-10T05:40:54,2025-02-10T10:40:54,5,19709
2024-07-07T12:08:26,,3,3996
2024-12-19T06:34:20,2024-12-19T07:34:20,4,23056
2025-05-22T07:10:44,2025-05-22T11:10:44,8,21829
2024-12-23T23:13:43,2024-12-24T03:13:43,3,4388
2024-05-24T12:12:10,2024-05-24T13:12:10,9,17043
2025-08-13T22:15:27,2025-08-14T02:15:27,4,20887
2024-04-27T05:37:51,2024-04-27T08:37:51,5,11518
2024-08-16T13:56:20,2024-08-16T14:56:20,4,8527
2024-08-17T14:58:47,2024-08-17T19:58:47,5,599
2024-04-18T07:06:08,2024-04-18T13:06:08,1,1267
2025-01-18T19:56:36,2025-01-19T03:56:36,1,19911
2024-03-26T09:43:39,2024-03-26T13:43:39,10,41479
2024-02-05T17:25:37,2024-02-05T18:25:37,7,24676
2024-09-23T08:30:20,2024-09-23T09:30:20,10,39183
2024-03-01T04:56:09,2024-03-01T12:56:09,5,47128
2024-09-23T19:10:18,,2,29253
2023-12-17T16:00:14,,4,36322
2024-02-19T06:29:31,2024-02-19T14:29:31,1,13434
2025-03-24T03:15:04,2025-03-24T05:15:04,7,49855
2024-01-10T13:05:18,2024-01-10T21:05:18,7,17239
2024-07-23T17:01:46,2024-07-23T21:01:46,3,49934
2024-09-16T12:14:08,2024-09-16T13:14:08,7,16171
2023-12-29T18:58:12,2023-12-29T19:58:12,7,30780
2023-11-22T10:44:33,2023-11-22T13:44:33,1,3414
2024-09-25T05:00:32,2024-09-25T12:00:32,4,30318
2024-12-13T09:41:57,2024-12-13T10:41:57,4,9350
2024-03-10T23:28:37,2024-03-11T05:28:37,5,36153
2025-09-20T15:02:45,2025-09-20T20:02:45,7,40800
2025-09-07T16:30:15,2025-09-07T22:30:15,10,25042
2023-11-17T22:08:37,2023-11-18T01:08:37,1,11854
2024-09-27T14:49:51,2024-09-27T22:49:51,7,38707
2025-06-20T15:29:40,2025-06-20T18:29:40,1,8397
2024-10-26T11:43:19,2024-10-26T16:43:19,1,41914
2024-08-17T09:08:03,2024-08-17T13:08:03,4,27411
2025-05-18T09:27:40,2025-05-18T11:27:40,2,6920
2024-08-27T15:52:26,2024-08-27T18:52:26,4,36252
2024-02-15T10:48:09,2024-02-15T14:48:09,9,34799
2025-10-22T17:36:05,2025-10-22T21:36:05,3,26535
2023-11-13T01:16:51,2023-11-13T08:16:51,5,7397
2024-01-09T00:10:06,,5,18158
2025-03-08T23:31:03,2025-03-09T00:31:03,2,6527
2024-03-07T19:57:52,2024-03-07T22:57:52,5,22044
2024-07-05T00:29:15,,1,29103
2025-04-11T22:08:28,2025-04-12T05:08:28,4,15492
2025-03-08T13:22:37,2025-03-08T17:22:37,8,34831
2025-03-24T21:17:36,,10,40491
2024-07-31T08:23:55,2024-07-31T15:23:55,9,45372
2024-03-16T15:01:16,2024-03-16T16:01:16,6,31254
2025-10-04T13:21:29,,8,36752
2024-05-10T21:01:16,2024-05-11T04:01:16,8,13100
2025-02-10T15:00:26,2025-02-10T21:00:26,7,39500
2025-05-26T07:06:30,,2,40078
2023-12-20T22:11:39,2023-12-20T23:11:39,1,2826
2025-01-11T18:45:41,2025-01-11T23:45:41,1,49517
2025-03-18T20:01:29,,7,15609
2025-01-03T19:21:54,2025-01-04T00:21:54,8,20158
2024-12-22T04:22:09,2024-12-22T12:22:09,9,44921
2025-03-09T12:33:36,2025-03-09T15:33:36,1,232
2024-07-14T07:46:19,2024-07-14T10:46:19,6,31701
2024-08-04T13:52:03,2024-08-04T18:52:03,10,42860
2024-12-08T22:38:56,2024-12-09T01:38:56,7,41383
2025-11-04T01:44:28,,4,9090
2024-06-28T18:23:30,2024-06-28T22:23:30,7,2734
2025-04-02T18:31:17,2025-04-02T19:31:17,2,21864
2025-01-22T11:39:25,,6,36854
2023-11-21T01:09:45,,2,30996
2025-01-01T04:38:14,,4,18091
2025-10-31T03:33:04,2025-10-31T06:33:04,8,14942
2025-08-06T10:45:25,,5,15126
2024-12-13T06:03:09,2024-12-13T09:03:09,10,1601
2024-05-28T16:38:43,,2,11767
2025-05-19T14:44:11,2025-05-19T19:44:11,7,33897
2023-11-23T23:22:37,2023-11-24T06:22:37,1,18452
2025-10-11T02:35:30,,5,47666
2025-05-24T11:06:44,,8,26021
2025-01-10T04:34:50,,4,30946
2025-05-01T01:13:23,2025-05-01T05:13:23,7,43119
2025-05-20T10:25:50,2025-05-20T14:25:50,10,47055
2024-04-29T01:30:20,2024-04-29T03:30:20,9,38468
2025-01-14T19:19:44,2025-01-14T20:19:44,7,10640
2025-09-20T13:15:39,2025-09-20T21:15:39,8,7326
2025-01-07T14:50:02,2025-01-07T22:50:02,2,49702
2025-06-05T22:05:46,,7,1306
2025-08-30T06:42:37,2025-08-30T08:42:37,1,25318
2024-06-03T05:34:00,2024-06-03T13:34:00,1,45746
2024-12-11T12:52:12,,10,7717
2024-09-02T04:59:13,2024-09-02T12:59:13,4,49469
2024-01-29T22:19:42,2024-01-30T02:19:42,6,20691
2024-02-05T18:14:26,2024-02-05T22:14:26,6,28953
2025-03-04T13:10:36,,6,12783
2024-01-31T08:03:47,2024-01-31T10:03:47,6,3116
2025-08-01T10:47:01,2025-08-01T15:47:01,1,265
2025-05-22T12:31:49,2025-05-22T20:31:49,10,33179
2023-11-28T07:44:10,2023-11-28T08:44:10,3,8343
2024-11-19T05:55:58,2024-11-19T10:55:58,10,11261
2024-11-10T19:13:03,,6,13024
2024-11-21T00:03:17,,3,36237
2024-05-06T01:42:54,2024-05-06T02:42:54,9,27039
2025-03-28T12:44:50,2025-03-28T13:44:50,3,49592
2025-08-16T01:12:40,,6,42246
2023-11-23T12:55:31,2023-11-23T15:55:31,4,42430
2024-08-26T23:42:08,2024-08-27T02:42:08,5,19302
2024-08-13T16:59:30,2024-08-14T00:59:30,7,33420
2024-10-15T21:08:23,2024-10-16T02:08:23,8,30774
2023-12-05T22:00:59,,10,10741
2025-07-30T06:07:20,2025-07-30T14:07:20,4,25930
2023-12-24T16:00:27,2023-12-24T23:00:27,6,3047
2024-05-12T20:05:29,2024-05-12T22:05:29,2,18310
2024-09-23T17:14:40,,8,48015
2025-06-29T22:51:41,,9,10499
2025-07-13T09:31:59,2025-07-13T12:31:59,4,49544
2025-01-01T05:18:48,2025-01-01T11:18:48,4,35804
2025-09-30T03:07:06,,2,7380
2025-05-13T14:33:52,2025-05-13T17:33:52,5,32307
2024-12-25T04:12:39,2024-12-25T09:12:39,9,36268
2024-05-10T12:54:32,,2,43528
2025-07-19T06:02:23,,2,30480
2024-11-07T07:43:15,,8,21140
2025-08-21T23:59:18,2025-08-22T05:59:18,3,21853
2024-08-01T09:37:36,2024-08-01T12:37:36,3,4205
2025-06-23T05:13:59,,9,31467
2023-11-23T04:59:36,2023-11-23T06:59:36,5,36423
2024-04-26T09:30:06,2024-04-26T10:30:06,4,8845
2025-02-07T16:56:41,,5,1127
2024-04-12T17:33:08,,4,35899
2025-05-20T23:40:17,2025-05-21T02:40:17,4,43205
2024-06-11T16:36:04,2024-06-11T20:36:04,8,3719
2025-10-13T15:07:09,,3,20585
2025-04-22T01:19:54,2025-04-22T02:19:54,4,3741
2024-05-13T17:46:45,,9,13182
2024-09-30T11:01:00,2024-09-30T14:01:00,4,4317
2024-08-16T22:46:54,2024-08-17T03:46:54,7,27146
2025-06-16T07:20:03,2025-06-16T13:20:03,4,15745
2025-10-18T20:12:58,,7,37132
2024-07-08T13:44:59,2024-07-08T15:44:59,10,8093
2024-03-03T21:02:37,2024-03-04T05:02:37,2,40330
2024-09-21T10:53:30,2024-09-21T17:53:30,10,38905
2024-12-30T16:10:58,2024-12-30T17:10:58,2,39124
2024-08-02T22:09:54,2024-08-02T23:09:54,4,6822
2025-09-22T23:32:44,,2,37314
2025-08-28T11:40:34,2025-08-28T19:40:34,8,25601
2025-05-31T09:45:08,,3,851
2024-03-31T16:24:50,2024-03-31T23:24:50,9,39539
2024-12-04T23:43:25,2024-12-05T01:43:25,10,48780
2024-01-24T12:07:08,2024-01-24T16:07:08,7,10579
2025-09-28T07:11:34,2025-09-28T09:11:34,2,35401
2025-07-17T12:20:11,2025-07-17T16:20:11,5,10944
2025-08-29T13:58:25,2025-08-29T19:58:25,10,19589
2024-05-01T02:47:33,,3,24339
2024-06-07T15:51:56,2024-06-07T21:51:56,8,14472
2025-05-11T14:55:50,2025-05-11T20:55:50,10,15034
2025-07-09T14:32:58,2025-07-09T19:32:58,5,7122
2025-09-27T11:32:36,2025-09-27T18:32:36,4,37611
2024-03-07T23:01:56,2024-03-08T06:01:56,3,34489
2024-11-30T23:13:10,2024-12-01T00:13:10,1,32579
2024-04-01T07:39:11,2024-04-01T12:39:11,6,13737
2024-12-05T21:16:13,2024-12-06T03:16:13,10,13154
2023-11-21T13:27:06,2023-11-21T18:27:06,9,44148
2023-11-21T17:40:06,2023-11-21T19:40:06,2,15004
2024-10-25T03:11:25,2024-10-25T04:11:25,7,33552
2025-03-28T16:48:45,2025-03-28T17:48:45,4,8092
2025-05-06T09:59:32,2025-05-06T13:59:32,6,19931
2024-08-02T12:11:45,2024-08-02T17:11:45,6,13692
2024-08-15T10:46:09,2024-08-15T11:46:09,1,45620
2025-11-01T13:29:53,2025-11-01T21:29:53,3,41366
2024-10-04T21:44:07,2024-10-04T22:44:07,7,24456
2025-05-16T23:09:56,2025-05-17T05:09:56,10,49016
2025-02-01T04:28:02,,7,12925
2024-02-08T04:47:44,,6,44221
2024-08-07T03:54:37,2024-08-07T08:54:37,8,2913
2025-08-27T14:09:29,2025-08-27T17:09:29,8,18717
2025-08-24T03:53:45,2025-08-24T05:53:45,5,8322
2025-10-18T00:42:09,2025-10-18T08:42:09,4,9005
2024-01-24T22:54:43,2024-01-24T23:54:43,4,7763
2023-12-24T02:04:57,2023-12-24T09:04:57,3,6826
2025-06-27T09:52:47,2025-06-27T15:52:47,8,40678
2025-04-08T07:03:49,,8,5713
2024-07-13T15:01:53,,10,9817
2025-01-20T07:44:54,2025-01-20T15:44:54,10,46303
2025-08-25T22:34:32,,4,49362
2025-05-07T08:42:39,2025-05-07T09:42:39,4,1683
2025-09-19T13:20:58,2025-09-19T15:20:58,3,28862
2024-03-18T21:35:40,2024-03-19T02:35:40,8,16702
2025-04-16T18:15:07,2025-04-16T20:15:07,9,5266
2024-06-28T15:39:18,2024-06-28T16:39:18,7,19449
2023-12-31T12:11:44,2023-12-31T14:11:44,9,2377
2024-08-01T04:12:38,2024-08-01T09:12:38,9,35420
2025-05-13T19:53:27,2025-05-13T21:53:27,6,34118
2024-02-29T13:13:42,2024-02-29T21:13:42,10,47210
2024-08-31T18:06:14,2024-08-31T21:06:14,2,37393
2024-07-27T05:56:31,2024-07-27T10:56:31,7,13305
2024-02-20T22:44:39,2024-02-21T05:44:39,6,16014
2024-01-04T08:40:28,2024-01-04T13:40:28,1,10408
2025-03-01T20:43:19,2025-03-02T02:43:19,8,10154
2025-04-03T14:07:11,,10,36795
2025-01-14T20:50:47,2025-01-14T21:50:47,3,1875
2024-07-07T13:50:00,,2,49262
2025-01-27T08:10:49,2025-01-27T15:10:49,3,35867
2024-07-03T04:04:56,2024-07-03T12:04:56,6,18120
2024-06-29T23:43:12,2024-06-30T06:43:12,7,46693
2025-07-25T20:44:10,2025-07-26T00:44:10,3,21347
2025-06-13T23:27:41,,7,34482
2024-06-28T20:41:20,2024-06-29T01:41:20,8,40628
2024-03-12T10:15:09,,2,29382
2023-12-30T12:30:56,,7,19351
2024-12-16T21:53:17,,5,31965
2025-08-30T13:33:40,2025-08-30T20:33:40,9,32299
2025-05-03T01:11:23,2025-05-03T04:11:23,2,4477
2024-04-21T18:28:35,,10,14549
2024-04-23T13:00:20,,5,17065
2024-12-14T11:23:02,2024-12-14T19:23:02,8,29150
2025-04-25T23:50:13,,10,43654
2024-06-04T11:17:32,2024-06-04T19:17:32,7,36281
2025-01-04T20:26:56,2025-01-04T23:26:56,5,45695
2024-07-28T07:35:59,2024-07-28T10:35:59,2,43890
2025-03-16T17:07:54,2025-03-16T21:07:54,10,39118
2025-05-05T05:04:53,2025-05-05T12:04:53,3,29037
2025-06-21T03:03:37,2025-06-21T09:03:37,1,49701
2025-06-27T17:25:02,2025-06-27T23:25:02,7,30899
2025-03-03T00:29:28,,10,48234
2024-07-06T14:04:25,,5,29370
2024-05-22T18:05:16,2024-05-23T01:05:16,4,46464
2025-09-01T19:01:34,2025-09-01T22:01:34,10,12451
2025-06-12T23:55:50,2025-06-13T00:55:50,10,11973
2025-03-17T01:18:54,2025-03-17T09:18:54,6,36310
2024-12-02T00:36:13,2024-12-02T01:36:13,6,11622
2025-07-29T21:13:27,2025-07-30T04:13:27,3,17028
2025-10-28T15:37:32,2025-10-28T20:37:32,4,32888
2025-06-18T17:26:21,2025-06-18T23:26:21,5,13810
2024-08-04T14:21:45,,4,25086
2025-06-25T15:49:57,,8,25278
2025-07-05T11:01:24,2025-07-05T17:01:24,5,38234
2024-04-04T03:56:58,2024-04-04T08:56:58,2,4761
2025-10-07T01:44:25,2025-10-07T08:44:25,3,31093
2024-06-15T02:01:33,2024-06-15T05:01:33,5,1186
2025-06-16T10:26:47,2025-06-16T15:26:47,9,24960
2024-04-20T13:24:27,2024-04-20T17:24:27,10,12714
2024-02-02T14:03:55,2024-02-02T22:03:55,9,25266
2025-01-08T08:18:13,2025-01-08T13:18:13,7,33262
2025-02-08T07:46:47,2025-02-08T12:46:47,10,18947
2025-06-16T17:12:34,2025-06-17T00:12:34,10,25128
2025-01-10T18:29:19,2025-01-10T19:29:19,4,30012
2023-12-06T08:08:30,2023-12-06T12:08:30,9,45857
2025-02-03T23:51:11,2025-02-04T01:51:11,7,27670
2025-04-27T18:04:56,,10,10643
2023-11-30T17:43:34,2023-11-30T18:43:34,5,27138
2024-09-15T00:47:06,2024-09-15T04:47:06,1,6269
2025-07-17T21:10:54,2025-07-18T02:10:54,5,38635
2024-03-10T12:51:47,,7,21805
2025-02-01T13:21:45,,5,20522
2025-03-16T10:48:36,,1,22595
2025-08-13T00:25:26,2025-08-13T05:25:26,10,1544
2025-03-14T22:51:26,2025-03-15T03:51:26,10,17728
2025-07-09T03:42:28,2025-07-09T05:42:28,2,46868
2025-04-18T00:55:02,2025-04-18T02:55:02,3,38997
2024-07-12T10:45:09,2024-07-12T14:45:09,10,8310
2024-12-15T15:56:46,2024-12-15T19:56:46,8,30100
2025-10-17T01:15:01,2025-10-17T09:15:01,6,14469
2025-05-31T18:43:00,2025-06-01T01:43:00,9,46027
2023-12-05T23:46:03,,3,16405
2024-05-11T22:07:10,2024-05-12T02:07:10,6,23835
2024-06-14T01:05:48,2024-06-14T04:05:48,2,39573
2025-06-14T10:50:18,2025-06-14T14:50:18,8,2761
2024-08-13T01:31:41,2024-08-13T03:31:41,6,37007
2025-09-23T05:20:59,2025-09-23T12:20:59,5,37019
2025-07-23T00:17:47,,5,40059
2023-12-09T10:20:48,2023-12-09T11:20:48,7,15552
2024-07-27T14:36:10,,4,24693
2025-07-24T16:59:19,2025-07-24T23:59:19,7,35167
2024-02-12T05:05:26,2024-02-12T08:05:26,2,39659
2024-01-19T17:37:56,2024-01-19T21:37:56,3,338
2024-12-09T23:30:03,2024-12-10T03:30:03,10,16685
2025-01-25T22:50:26,,9,22443
2024-08-17T17:07:47,2024-08-18T01:07:47,10,32691
2023-11-27T21:03:22,,1,38403
2025-08-01T09:57:40,2025-08-01T11:57:40,9,10746
2024-08-11T15:29:50,,9,48692
2024-05-18T03:15:54,,4,28380
2025-01-05T02:02:06,2025-01-05T09:02:06,7,27831
2024-08-14T04:39:10,2024-08-14T10:39:10,8,12725
2024-11-20T13:35:28,2024-11-20T20:35:28,3,8130
2024-09-02T01:14:28,2024-09-02T05:14:28,10,1113
2024-03-10T01:05:06,,4,3372
2024-12-30T23:54:48,2024-12-31T05:54:48,6,36964
2024-12-14T13:02:13,,4,31101
2025-01-09T17:56:43,2025-01-09T19:56:43,4,44232
2024-03-02T23:26:41,2024-03-03T06:26:41,6,18459
2024-12-07T14:19:00,2024-12-07T22:19:00,4,568
2024-08-16T14:29:34,2024-08-16T16:29:34,6,19792
2024-12-25T15:22:10,,5,49868
2024-11-09T23:42:17,2024-11-10T07:42:17,6,13978
2025-06-15T01:44:40,,6,38962
2024-12-31T03:45:24,2024-12-31T08:45:24,8,6578
2025-03-16T19:09:51,2025-03-16T21:09:51,5,5871
2025-06-30T14:35:19,,2,45676
2025-07-28T07:00:15,2025-07-28T14:00:15,8,45019
2025-08-31T14:45:46,2025-08-31T15:45:46,6,7728
2024-04-11T16:17:14,2024-04-11T17:17:14,1,24711
2025-03-08T01:39:55,2025-03-08T09:39:55,2,6563
2025-11-03T19:12:30,2025-11-03T23:12:30,7,9388
2024-09-14T20:15:21,2024-09-15T04:15:21,5,32741
2024-04-07T14:40:28,2024-04-07T22:40:28,4,21258
2025-09-06T11:57:04,2025-09-06T17:57:04,3,11111
2025-10-12T03:51:57,2025-10-12T05:51:57,6,13974
2025-06-26T17:44:06,,6,14578
2024-06-13T03:40:15,,1,19935
2025-05-18T04:24:16,2025-05-18T09:24:16,5,27714
2023-11-23T19:37:54,2023-11-24T00:37:54,4,8080
2025-03-20T02:33:24,2025-03-20T05:33:24,9,39013
2024-05-20T11:13:49,2024-05-20T15:13:49,3,2958
2025-05-19T20:35:27,2025-05-19T22:35:27,4,35300
2024-12-05T21:31:03,2024-12-05T23:31:03,2,23089
2024-09-13T12:36:07,2024-09-13T19:36:07,8,36320
2024-11-04T00:10:47,,7,21695
2024-10-18T17:21:29,2024-10-18T19:21:29,7,21149
2024-08-24T22:37:31,2024-08-25T04:37:31,2,22931
2023-12-12T09:20:49,2023-12-12T11:20:49,9,23868
2024-06-21T20:37:17,2024-06-22T04:37:17,1,44534
2024-10-15T20:35:36,2024-10-16T01:35:36,7,2905
2024-03-17T07:15:59,2024-03-17T15:15:59,2,46244
2025-09-03T10:55:06,2025-09-03T11:55:06,10,32154
2024-11-06T03:12:40,2024-11-06T11:12:40,7,10122
2025-03-13T10:40:18,2025-03-13T18:40:18,1,10382
2024-12-02T06:41:34,2024-12-02T12:41:34,3,31772
2024-12-17T03:38:48,2024-12-17T04:38:48,4,38552
2024-06-15T01:45:07,2024-06-15T09:45:07,9,41497
2025-10-08T02:55:13,2025-10-08T04:55:13,9,22626
2024-03-05T07:24:24,,2,22912
2025-11-02T10:04:45,2025-11-02T18:04:45,10,15289
2025-06-05T21:08:08,2025-06-06T01:08:08,2,20321
2024-10-17T14:40:14,2024-10-17T22:40:14,10,47073
2025-08-20T02:13:50,2025-08-20T06:13:50,7,32300
2023-12-25T09:00:35,2023-12-25T12:00:35,8,817
2025-02-22T08:10:50,,8,41383
2025-05-25T03:03:02,2025-05-25T09:03:02,9,32443
2024-09-01T13:27:02,2024-09-01T15:27:02,9,45909
2023-11-27T21:05:10,2023-11-28T05:05:10,9,45921
2024-07-16T05:23:04,2024-07-16T11:23:04,8,35169
2025-01-16T06:34:36,2025-01-16T07:34:36,6,2038
2025-06-06T13:12:04,2025-06-06T17:12:04,1,37748
2025-10-04T13:02:51,2025-10-04T15:02:51,4,8435
2024-10-25T01:08:10,2024-10-25T05:08:10,10,47816
2024-09-28T22:06:40,2024-09-29T01:06:40,9,22404
2024-12-30T21:20:56,2024-12-31T05:20:56,6,49330
2025-02-06T10:17:55,2025-02-06T14:17:55,2,5582
2023-11-20T13:16:41,2023-11-20T21:16:41,10,23191
2024-08-28T09:48:20,,2,4254
2025-05-04T15:09:17,2025-05-04T20:09:17,7,24753
2025-09-30T18:27:44,2025-10-01T01:27:44,10,12610
2025-07-19T16:19:44,2025-07-19T17:19:44,1,2126
2023-12-02T04:56:25,2023-12-02T12:56:25,8,1523
2024-02-07T10:20:45,,2,49281
2024-12-24T19:54:54,2024-12-25T00:54:54,9,34244
2024-02-11T10:43:27,2024-02-11T16:43:27,10,29556
2025-06-26T16:44:00,2025-06-27T00:44:00,9,34366
2025-04-13T09:15:24,2025-04-13T17:15:24,1,36505
2024-11-22T13:49:18,2024-11-22T21:49:18,5,17875
2024-10-17T02:24:02,2024-10-17T07:24:02,4,43049
2024-09-03T17:25:16,2024-09-03T23:25:16,5,23075
2024-03-01T16:38:42,,7,25977
2023-12-29T03:32:38,2023-12-29T11:32:38,4,44763
2025-08-01T11:07:21,2025-08-01T13:07:21,5,19498
2025-05-28T07:22:40,2025-05-28T14:22:40,10,39241
2023-12-28T17:08:10,2023-12-29T01:08:10,10,22994
2024-08-26T02:59:17,,7,44992
2024-08-08T04:14:12,,3,41551
2024-04-03T05:11:19,2024-04-03T07:11:19,4,3180
2025-03-12T16:40:44,2025-03-12T22:40:44,7,14231
2024-06-30T19:03:18,2024-06-30T21:03:18,2,36637
2023-12-10T11:22:11,2023-12-10T19:22:11,9,27907
2024-06-10T10:57:34,2024-06-10T12:57:34,9,31472
2024-02-26T22:08:02,2024-02-27T03:08:02,5,39707
2024-05-01T16:12:55,2024-05-01T20:12:55,10,18351
2024-07-08T09:20:09,2024-07-08T15:20:09,4,13562
2024-02-29T17:24:22,,4,10589
2025-07-21T06:51:04,2025-07-21T14:51:04,9,20356
2025-03-01T00:15:49,,5,47503
2024-11-02T06:37:12,2024-11-02T14:37:12,3,31285
2024-03-30T01:16:00,2024-03-30T08:16:00,10,17800
2025-02-14T02:48:16,,8,5160
2023-12-29T01:36:22,2023-12-29T08:36:22,8,29970
2024-04-23T11:00:47,2024-04-23T18:00:47,8,22118
2025-02-03T21:24:35,,10,47756
2024-11-13T07:47:24,2024-11-13T14:47:24,6,33733
2024-08-23T11:10:11,,8,1435
2024-01-05T01:15:42,2024-01-05T04:15:42,9,13943
2025-09-22T23:30:55,2025-09-23T02:30:55,6,30343
2024-10-15T11:03:57,2024-10-15T17:03:57,10,46377
2025-10-31T18:57:21,2025-10-31T23:57:21,6,46012
2025-01-04T08:26:27,,7,44928
2024-01-08T01:16:06,2024-01-08T09:16:06,10,42914
2025-03-02T18:57:12,2025-03-03T02:57:12,8,33382
2025-04-06T19:45:14,2025-04-07T03:45:14,2,25427
2024-05-18T12:21:26,2024-05-18T19:21:26,5,48699
2024-06-03T17:31:12,2024-06-03T23:31:12,4,8911
2025-04-19T07:14:12,2025-04-19T11:14:12,6,35409
2025-02-14T13:55:06,,7,48218
2025-10-05T09:39:08,2025-10-05T10:39:08,4,32284
2024-07-08T04:05:33,2024-07-08T07:05:33,8,21254
2025-06-22T10:49:08,2025-06-22T17:49:08,9,27153
2024-04-04T05:28:40,2024-04-04T11:28:40,5,47460
2024-06-12T08:25:17,2024-06-12T10:25:17,4,18309
2024-04-20T05:39:03,2024-04-20T06:39:03,5,46441
2024-07-25T10:43:57,,10,49959
2024-11-15T03:22:50,2024-11-15T05:22:50,5,4661
2024-01-10T21:44:31,,10,44792
2024-04-21T13:00:52,2024-04-21T19:00:52,10,43388
2025-10-29T18:54:29,2025-10-29T20:54:29,6,28372
2025-02-08T04:12:39,,9,39004
2024-03-12T17:35:12,2024-03-12T19:35:12,8,21667
2024-05-29T22:24:19,2024-05-30T02:24:19,9,8420
2024-11-13T05:15:53,2024-11-13T08:15:53,10,1141
2025-08-11T08:02:13,2025-08-11T12:02:13,7,30994
2024-12-14T15:19:38,2024-12-14T16:19:38,4,5322
2024-10-17T14:19:00,,9,3777
2024-10-07T17:59:19,,8,6624
2025-10-14T02:30:59,2025-10-14T05:30:59,3,40728
2025-01-16T09:19:48,2025-01-16T10:19:48,2,21426
2024-02-28T12:49:54,,10,20786
2024-02-09T18:14:03,2024-02-09T20:14:03,3,22131
2025-04-20T16:46:07,,3,1676
2025-04-11T20:54:46,2025-04-11T22:54:46,7,5890
2023-11-16T18:31:34,2023-11-16T23:31:34,5,45663
2025-01-24T02:57:11,2025-01-24T10:57:11,6,46989
2025-05-24T06:28:01,2025-05-24T08:28:01,2,5333
2024-07-29T17:07:32,2024-07-29T20:07:32,1,15715
2023-12-23T09:09:17,2023-12-23T12:09:17,8,27760
2024-12-29T17:25:58,2024-12-30T01:25:58,1,47649
2025-04-11T20:04:01,,4,6724
2025-06-27T23:40:45,,3,20896
2023-12-17T05:55:14,,6,25457
2024-02-04T15:47:33,,8,11609
2025-03-16T04:51:58,2025-03-16T07:51:58,8,7996
2025-08-02T21:53:38,2025-08-03T03:53:38,2,9336
2024-06-24T15:21:16,,7,47963
2025-02-04T04:01:09,2025-02-04T08:01:09,8,22765
2024-10-27T09:53:14,2024-10-27T17:53:14,2,2664
2024-03-23T12:22:02,2024-03-23T20:22:02,5,40085
2025-08-21T04:48:39,2025-08-21T05:48:39,8,20082
2024-02-19T22:07:32,2024-02-20T00:07:32,5,951
2024-07-20T01:25:09,,7,2660
2025-10-20T19:52:15,2025-10-20T20:52:15,10,47718
2024-11-03T18:32:12,,2,20054
2025-05-04T10:00:33,2025-05-04T12:00:33,8,37394
2025-05-12T04:06:01,2025-05-12T12:06:01,10,45257
2024-01-31T05:23:24,,9,2709
2025-03-17T13:24:05,2025-03-17T16:24:05,6,14333
2024-06-03T03:10:22,2024-06-03T05:10:22,7,534
2024-03-28T09:20:06,2024-03-28T12:20:06,6,47502
2024-04-21T19:22:07,2024-04-21T22:22:07,1,14663
2024-06-13T04:06:16,2024-06-13T08:06:16,4,28112
2024-10-10T01:34:40,2024-10-10T06:34:40,10,47908
2025-10-04T12:34:38,2025-10-04T17:34:38,10,8039
2025-06-28T14:21:25,2025-06-28T17:21:25,2,8352
2024-10-09T04:21:54,2024-10-09T11:21:54,1,22605
2024-08-05T08:49:53,2024-08-05T10:49:53,4,4568
2024-04-19T00:08:30,2024-04-19T03:08:30,2,13658
2024-01-12T17:30:32,2024-01-12T18:30:32,8,15168
2024-03-03T12:34:32,2024-03-03T14:34:32,9,43142
2023-12-01T22:01:50,2023-12-02T03:01:50,4,49684
2025-06-24T16:34:33,2025-06-24T23:34:33,1,19729
2023-11-26T10:11:38,2023-11-26T13:11:38,1,35046
2025-10-01T22:46:47,2025-10-02T00:46:47,2,12518
2025-09-07T11:31:08,2025-09-07T15:31:08,10,13860
2024-04-20T12:07:40,2024-04-20T13:07:40,5,1432
2024-12-17T20:34:11,2024-12-18T04:34:11,7,38543
2024-04-23T20:34:43,2024-04-24T02:34:43,9,27045
2024-06-23T05:31:24,2024-06-23T10:31:24,7,35542
2024-06-30T19:37:37,2024-06-30T20:37:37,7,43182
2023-11-23T04:52:03,,3,11923
2025-02-07T23:12:39,2025-02-08T07:12:39,5,37731
2025-02-12T14:14:11,2025-02-12T19:14:11,5,45451
2025-06-06T10:50:22,2025-06-06T11:50:22,7,26677
2025-10-27T00:39:30,2025-10-27T05:39:30,5,46726
2024-02-15T00:02:04,2024-02-15T03:02:04,9,6679
2024-11-23T21:01:06,2024-11-24T04:01:06,1,38803
2024-02-21T05:00:02,2024-02-21T08:00:02,6,5128
2025-03-15T02:37:50,2025-03-15T06:37:50,1,15740
2024-05-19T09:21:10,2024-05-19T14:21:10,8,42526
2024-09-15T09:41:05,2024-09-15T14:41:05,2,49495
2024-03-16T06:02:24,2024-03-16T08:02:24,6,46674
2025-05-20T15:58:37,,9,34720
2025-08-27T10:45:38,,10,38771
2024-12-29T00:29:45,2024-12-29T06:29:45,5,28954
2024-08-16T00:30:22,2024-08-16T04:30:22,4,31360
2024-09-26T06:06:06,2024-09-26T07:06:06,1,23268
2024-08-12T20:09:41,2024-08-13T01:09:41,4,46124
2024-10-12T06:10:54,2024-10-12T07:10:54,1,46135
2024-07-02T05:18:45,2024-07-02T08:18:45,9,13254
2024-09-28T17:02:53,2024-09-28T19:02:53,5,20949
2024-05-24T12:25:11,2024-05-24T16:25:11,8,28473
2025-02-23T21:13:12,2025-02-24T05:13:12,7,3766
2024-03-30T02:16:27,2024-03-30T07:16:27,9,46079
2024-11-18T18:56:23,2024-11-18T19:56:23,6,3554
2025-10-19T21:25:20,2025-10-20T01:25:20,9,4497
2024-09-30T23:26:54,,6,7564
2025-08-10T06:48:18,2025-08-10T07:48:18,1,23124
2024-07-28T20:46:52,2024-07-29T03:46:52,10,29412
2025-06-10T22:30:03,2025-06-11T05:30:03,4,37094
2025-03-31T12:29:39,2025-03-31T19:29:39,2,37962
2024-05-23T14:03:46,2024-05-23T21:03:46,2,486
2025-08-05T00:09:26,2025-08-05T08:09:26,7,16244
2025-09-24T14:36:57,2025-09-24T21:36:57,10,47898
2024-07-17T16:41:32,2024-07-17T21:41:32,2,26736
2025-01-31T10:29:03,,8,11850
2025-03-27T09:24:16,2025-03-27T17:24:16,2,5128
2024-11-30T21:46:22,2024-12-01T00:46:22,9,34490
2024-06-26T12:39:16,,4,22898
2025-03-31T06:32:16,2025-03-31T14:32:16,6,47677
2025-08-15T08:55:56,2025-08-15T09:55:56,9,23979
2024-11-09T06:11:34,2024-11-09T12:11:34,7,24092
2023-12-22T21:21:11,2023-12-22T22:21:11,8,31220
2025-04-17T02:21:52,,10,31054
2024-10-29T04:12:03,2024-10-29T12:12:03,8,462
2025-07-09T10:35:24,2025-07-09T13:35:24,6,15802
2024-08-28T09:23:35,2024-08-28T15:23:35,3,8241
2024-11-05T06:32:24,,2,22094
2024-08-23T22:05:49,,5,17175
2025-09-11T16:22:32,,6,36790
2025-08-01T02:35:23,,7,5893
2025-03-13T18:22:17,2025-03-13T23:22:17,6,39971
2024-05-08T05:20:21,2024-05-08T08:20:21,6,27505
2024-06-12T20:26:21,,9,21878
2024-01-29T02:47:15,2024-01-29T10:47:15,2,49383
2024-10-24T18:58:17,2024-10-24T19:58:17,10,8270
2025-06-28T12:55:27,,5,13943
2024-03-03T09:42:42,2024-03-03T15:42:42,6,11934
2025-05-09T10:31:35,,7,40773
2025-08-03T05:50:14,2025-08-03T13:50:14,3,9247
2024-07-25T07:38:56,2024-07-25T08:38:56,6,4228
2025-07-15T05:58:44,2025-07-15T08:58:44,2,40497
2024-06-29T04:24:03,2024-06-29T11:24:03,10,48885
2025-01-06T02:28:42,,3,8607
2025-05-08T13:55:47,2025-05-08T21:55:47,8,30161
2024-12-30T04:05:22,2024-12-30T10:05:22,6,10530
2025-10-20T02:25:33,2025-10-20T10:25:33,4,23937
2025-08-29T10:45:02,2025-08-29T17:45:02,10,18272
2024-04-06T08:29:12,2024-04-06T12:29:12,1,30389
2024-03-03T07:32:36,2024-03-03T14:32:36,2,39330
2025-09-25T12:02:00,2025-09-25T19:02:00,2,8790
2024-04-30T07:55:52,2024-04-30T11:55:52,2,46470
2025-05-23T09:55:36,2025-05-23T11:55:36,5,19922
2025-01-04T20:05:18,2025-01-05T04:05:18,1,6815
2025-07-09T11:34:03,2025-07-09T13:34:03,3,15483
2025-10-13T23:24:51,2025-10-14T05:24:51,3,15475
2024-10-22T21:50:09,,5,7354
2024-05-16T10:34:29,2024-05-16T16:34:29,8,22319
2025-09-30T00:03:28,2025-09-30T08:03:28,9,47957
2024-10-12T14:24:59,2024-10-12T18:24:59,6,39405
2025-06-17T15:48:28,2025-06-17T22:48:28,6,27792
2024-03-29T19:44:28,2024-03-30T02:44:28,6,37105
2025-06-11T22:19:31,2025-06-12T06:19:31,2,40857
2024-08-09T12:48:37,2024-08-09T18:48:37,8,255
2025-08-30T02:02:59,2025-08-30T09:02:59,9,471
2025-09-27T07:51:30,2025-09-27T10:51:30,1,45383
2025-09-18T18:19:31,2025-09-19T01:19:31,1,29328
2024-02-06T04:31:46,2024-02-06T11:31:46,10,48300
2024-06-14T13:03:08,2024-06-14T14:03:08,3,27039
2024-03-05T15:27:42,,8,29952
2025-08-28T09:32:01,2025-08-28T14:32:01,3,36121
2025-05-16T03:27:02,2025-05-16T10:27:02,7,49693
2025-03-26T23:17:09,2025-03-27T06:17:09,6,23322
2025-06-19T04:38:41,2025-06-19T09:38:41,6,26056
2025-06-28T10:33:36,2025-06-28T14:33:36,3,45075
2025-02-08T06:12:26,2025-02-08T10:12:26,5,37190
2024-03-03T02:47:43,2024-03-03T10:47:43,7,10200
2025-05-05T05:56:41,2025-05-05T10:56:41,7,48328
2025-03-29T23:02:22,2025-03-30T04:02:22,6,14141
2025-03-23T15:27:06,2025-03-23T21:27:06,7,36682
2024-09-09T15:42:40,2024-09-09T19:42:40,7,22449
2024-09-10T15:40:52,,4,10652
2024-12-19T04:54:59,2024-12-19T05:54:59,4,10432
2025-08-19T07:10:30,2025-08-19T08:10:30,2,20396
2024-09-22T03:28:46,2024-09-22T07:28:46,3,13499
2025-05-11T07:21:00,2025-05-11T11:21:00,3,28250
2025-03-14T01:20:29,2025-03-14T06:20:29,8,12264
2025-10-06T11:48:30,2025-10-06T19:48:30,3,17736
2024-01-10T17:56:31,2024-01-10T23:56:31,9,46084
2024-04-06T23:53:28,2024-04-07T03:53:28,7,35233
2025-10-31T02:52:24,2025-10-31T06:52:24,2,28117
2025-03-07T06:28:31,2025-03-07T10:28:31,7,48214
2025-02-16T04:35:14,2025-02-16T08:35:14,6,36448
2024-12-21T20:43:16,2024-12-22T04:43:16,8,17630
2025-05-15T23:49:47,2025-05-16T06:49:47,2,26075
2025-03-31T23:25:13,2025-04-01T04:25:13,7,46068
2024-08-25T13:14:58,2024-08-25T17:14:58,9,1895
2025-04-08T02:20:36,2025-04-08T04:20:36,6,43417
2025-05-26T14:45:58,,2,8575
2024-01-25T00:51:05,2024-01-25T03:51:05,5,9975
2023-11-13T16:21:14,2023-11-13T21:21:14,8,2773
2024-07-19T00:01:29,2024-07-19T05:01:29,3,29832
2024-08-16T08:53:38,2024-08-16T11:53:38,10,32455
2024-09-07T20:28:08,2024-09-08T04:28:08,8,13228
2025-07-12T07:56:37,2025-07-12T15:56:37,3,39423
2025-01-14T14:29:21,2025-01-14T20:29:21,9,19462
2025-10-31T19:09:46,2025-10-31T21:09:46,5,39556
2023-12-01T06:50:07,2023-12-01T14:50:07,8,33164
2024-06-03T08:47:42,2024-06-03T14:47:42,8,38710
2024-11-04T21:51:36,2024-11-05T02:51:36,8,49663
2023-11-24T16:27:39,2023-11-24T20:27:39,2,28194
2025-11-02T09:04:24,2025-11-02T13:04:24,3,6859
2024-04-05T22:38:01,2024-04-06T06:38:01,5,34075
2024-06-20T09:56:03,2024-06-20T14:56:03,10,12569
2025-03-28T23:58:32,2025-03-29T07:58:32,4,25001
2025-02-06T00:57:36,2025-02-06T05:57:36,2,34029
2024-05-02T17:09:32,2024-05-02T19:09:32,2,24969
2024-06-19T14:30:22,2024-06-19T22:30:22,5,3552
2024-03-17T15:33:00,2024-03-17T19:33:00,6,28930
2025-09-02T15:38:01,2025-09-02T23:38:01,6,37380
2023-11-12T13:35:59,2023-11-12T16:35:59,5,37598
2024-01-29T14:38:30,,8,19978
2024-06-23T03:02:16,2024-06-23T10:02:16,5,19145
2025-08-16T13:53:23,2025-08-16T17:53:23,8,41574
2024-04-04T04:19:00,,6,4976
2024-04-11T16:51:44,2024-04-11T17:51:44,3,24769
2024-06-15T21:46:32,2024-06-16T04:46:32,10,2851
2025-10-06T10:28:10,2025-10-06T13:28:10,9,19045
2025-09-14T14:04:40,2025-09-14T17:04:40,9,36875
2024-09-02T12:41:13,,8,43368
2024-01-22T12:04:08,2024-01-22T13:04:08,3,11854
2023-12-29T13:22:47,2023-12-29T19:22:47,3,9417
2024-04-05T09:26:01,2024-04-05T16:26:01,9,16149
2025-07-27T22:55:43,2025-07-28T02:55:43,10,28886
2025-01-21T02:20:42,2025-01-21T03:20:42,2,31979
2025-11-04T15:13:28,,7,22376
2025-07-22T11:18:10,2025-07-22T18:18:10,4,17766
2025-01-19T02:39:22,2025-01-19T05:39:22,3,16195
2025-07-13T18:29:24,2025-07-14T00:29:24,2,21652
2024-02-22T22:26:03,2024-02-23T02:26:03,5,6289
2024-08-18T10:12:37,2024-08-18T13:12:37,10,13106
2024-04-19T11:35:01,2024-04-19T12:35:01,4,48803
2024-08-14T20:54:47,2024-08-15T02:54:47,8,1172
2025-06-20T15:19:14,2025-06-20T23:19:14,2,20662
2024-10-07T22:55:51,2024-10-08T01:55:51,7,27938
2025-01-22T22:01:15,2025-01-22T23:01:15,5,87
2024-07-13T11:07:28,2024-07-13T19:07:28,4,44555
2024-06-14T01:55:52,2024-06-14T06:55:52,3,14123
2025-05-04T09:08:48,2025-05-04T11:08:48,9,44573
2025-05-16T04:21:49,2025-05-16T08:21:49,7,12702
2024-07-20T05:13:15,2024-07-20T10:13:15,9,42864
2025-01-23T19:35:33,2025-01-24T01:35:33,9,15139
2023-12-28T15:50:03,2023-12-28T20:50:03,5,7236
2025-05-14T08:33:24,2025-05-14T15:33:24,6,6513
2025-03-14T17:54:51,2025-03-15T01:54:51,5,33713
2024-09-05T21:05:12,2024-09-06T04:05:12,1,23574
2023-11-21T12:45:16,2023-11-21T14:45:16,6,44359
2024-01-06T19:58:22,,7,7397
2025-04-15T17:39:25,2025-04-15T22:39:25,1,49761
2025-10-18T17:13:42,,6,16154
2025-05-25T11:21:24,,4,16589
2025-08-10T01:16:51,2025-08-10T07:16:51,1,25957
2024-09-16T01:03:10,2024-09-16T09:03:10,8,28244
2024-06-29T21:05:41,2024-06-30T00:05:41,2,25074
2024-03-15T21:59:22,2024-03-16T03:59:22,4,1042
2024-09-12T11:21:21,2024-09-12T12:21:21,6,31633
2023-11-29T09:50:54,2023-11-29T13:50:54,6,29256
2023-11-29T20:47:40,2023-11-30T03:47:40,9,36792
2025-03-09T19:00:00,2025-03-09T21:00:00,9,37594
2024-10-19T03:20:32,2024-10-19T11:20:32,2,4224
2023-11-15T04:37:38,2023-11-15T07:37:38,4,37699
2024-06-29T11:48:07,2024-06-29T19:48:07,3,35611
2025-05-31T15:53:36,2025-05-31T20:53:36,3,43802
2024-11-29T21:03:41,2024-11-30T00:03:41,1,31216
2024-07-07T09:49:41,2024-07-07T17:49:41,5,25174
2025-06-03T11:52:47,,8,17236
2025-05-26T09:06:04,2025-05-26T12:06:04,4,31454
2025-07-23T09:02:45,2025-07-23T11:02:45,10,43088
2024-08-15T17:46:08,2024-08-15T20:46:08,3,13510
2024-08-10T00:58:13,2024-08-10T08:58:13,1,30676
2025-07-11T23:45:37,2025-07-12T03:45:37,1,46932
2024-11-17T10:53:51,,5,16186
2023-11-20T10:19:31,2023-11-20T11:19:31,3,32722
2024-05-22T09:33:48,2024-05-22T13:33:48,10,9643
2024-05-13T23:12:34,2024-05-14T00:12:34,10,37232
2025-05-31T10:10:04,2025-05-31T13:10:04,2,20772
2024-05-14T23:42:58,2024-05-15T01:42:58,5,38959
2023-11-14T17:23:39,2023-11-15T00:23:39,2,1008
2025-06-27T19:53:23,2025-06-28T00:53:23,4,496
2024-08-10T11:23:42,2024-08-10T14:23:42,3,42304
2024-01-10T16:28:20,,8,16024
2024-06-12T02:06:16,,10,20946
2024-09-28T00:21:02,2024-09-28T01:21:02,1,20268
2025-04-07T20:29:39,2025-04-08T04:29:39,2,19335
2025-08-19T05:05:57,,4,33329
2024-04-17T21:50:52,2024-04-18T01:50:52,7,16180
2024-06-03T14:24:52,,8,9383
2024-06-15T01:59:14,,5,22841
2025-06-16T11:04:11,2025-06-16T19:04:11,8,39934
2025-01-28T13:49:25,,7,47252
2024-05-24T19:40:24,2024-05-25T01:40:24,10,15310
2025-06-12T00:41:59,,8,12980
2024-10-12T09:38:54,2024-10-12T13:38:54,9,32616
2024-11-12T23:05:26,2024-11-13T06:05:26,6,32790
2024-10-20T07:30:04,2024-10-20T10:30:04,7,16748
2024-04-22T03:11:22,2024-04-22T06:11:22,3,39684
2024-07-02T15:20:20,2024-07-02T16:20:20,5,46123
2024-07-23T12:48:45,2024-07-23T18:48:45,7,36725
2025-07-04T09:10:52,2025-07-04T13:10:52,1,43875
2024-11-04T10:09:16,2024-11-04T18:09:16,7,18731
2024-03-26T03:47:35,,6,30024
2025-09-25T15:33:44,,10,4066
2025-06-07T13:53:26,2025-06-07T18:53:26,10,20916
2024-01-25T07:02:54,2024-01-25T14:02:54,6,15053
2025-05-09T19:15:27,2025-05-09T23:15:27,2,32901
2024-09-27T05:24:49,2024-09-27T13:24:49,1,42062
2024-09-24T09:35:10,2024-09-24T12:35:10,9,19293
2025-05-03T19:31:51,2025-05-04T01:31:51,2,1444
2024-03-31T05:37:21,2024-03-31T11:37:21,3,17102
2025-09-11T08:31:14,2025-09-11T13:31:14,10,1138
2024-11-18T11:04:00,2024-11-18T12:04:00,8,1488
2024-07-03T05:28:59,2024-07-03T13:28:59,2,38780
2025-04-29T19:51:19,,3,46259
2025-07-01T01:29:33,2025-07-01T05:29:33,7,6274
2023-12-02T01:18:41,2023-12-02T02:18:41,4,7765
2025-02-22T12:06:10,2025-02-22T14:06:10,3,29359
2024-08-18T20:11:53,2024-08-19T00:11:53,9,15134
2024-07-27T15:55:11,2024-07-27T22:55:11,1,3028
2024-12-13T21:23:01,2024-12-14T00:23:01,4,5781
2025-03-02T00:12:03,2025-03-02T04:12:03,10,27302
2024-04-17T19:31:08,2024-04-18T03:31:08,7,4602
2024-06-29T21:59:39,2024-06-30T01:59:39,8,34919
2024-08-11T13:53:14,2024-08-11T15:53:14,2,12944
2024-03-27T14:33:40,2024-03-27T19:33:40,9,6082
2025-03-17T18:20:01,2025-03-18T02:20:01,8,3713
2024-06-21T08:39:11,2024-06-21T10:39:11,9,30281
2025-01-09T06:18:05,,1,5011
2025-10-12T03:16:08,2025-10-12T06:16:08,10,33278
2023-11-30T11:20:48,,4,15745
2025-05-22T01:24:56,,4,4651
2025-07-22T12:05:24,2025-07-22T16:05:24,4,11828
2024-01-29T16:58:01,2024-01-29T23:58:01,8,15106
2024-05-25T03:04:08,2024-05-25T05:04:08,2,24467
2024-11-22T00:34:37,,2,6506
2024-12-11T01:20:10,2024-12-11T08:20:10,9,33330
2025-11-02T21:13:36,2025-11-03T01:13:36,10,25629
2024-05-26T12:16:57,2024-05-26T19:16:57,2,7712
2025-05-21T20:43:54,2025-05-21T21:43:54,9,16881
2024-01-09T22:28:32,2024-01-09T23:28:32,5,41714
2024-01-15T06:37:17,2024-01-15T10:37:17,8,36480
2025-04-15T09:15:39,2025-04-15T12:15:39,8,34874
2024-09-04T02:16:12,2024-09-04T03:16:12,4,28060
2025-05-07T18:02:04,,3,26968
2024-06-17T18:53:43,2024-06-17T21:53:43,9,9343
2025-05-23T06:51:55,2025-05-23T12:51:55,2,12709
2024-12-21T00:13:44,2024-12-21T02:13:44,3,26752
2025-01-21T05:16:08,2025-01-21T09:16:08,1,45869
2025-04-03T04:51:17,2025-04-03T11:51:17,6,3672
2025-09-10T16:58:12,2025-09-10T18:58:12,10,10737
2023-11-14T05:26:49,2023-11-14T08:26:49,1,37611
2025-10-14T10:31:36,2025-10-14T12:31:36,7,20636
2024-07-18T13:25:08,,8,26485
2024-11-02T07:41:27,2024-11-02T11:41:27,6,9500
2024-06-07T10:47:19,2024-06-07T11:47:19,2,4719
2023-11-22T17:15:03,2023-11-23T01:15:03,5,17130
2024-02-13T20:35:27,2024-02-13T23:35:27,6,42519
2025-02-18T15:38:18,2025-02-18T22:38:18,1,14543
2025-05-29T20:24:20,2025-05-30T02:24:20,10,4484
2023-11-09T10:33:15,2023-11-09T14:33:15,3,22590
2025-01-15T09:05:35,2025-01-15T12:05:35,10,34900
2024-01-26T19:14:21,2024-01-26T23:14:21,10,1982
2024-04-08T06:03:34,2024-04-08T08:03:34,10,36377
2024-03-27T01:10:52,2024-03-27T08:10:52,4,47807
2025-06-28T03:44:52,2025-06-28T06:44:52,1,2672
2025-01-31T19:22:14,2025-02-01T01:22:14,5,28024
2024-04-29T13:31:10,2024-04-29T16:31:10,5,35237
2024-08-19T13:50:04,2024-08-19T21:50:04,6,46755
2024-02-09T18:22:31,2024-02-09T22:22:31,9,43013
2024-04-01T20:22:06,2024-04-01T23:22:06,6,26209
2025-01-28T09:06:37,2025-01-28T17:06:37,2,39825
2025-10-23T19:42:38,2025-10-24T03:42:38,3,42761
2024-10-03T03:18:15,2024-10-03T08:18:15,6,4900
2024-07-25T12:42:43,2024-07-25T19:42:43,5,40564
2025-10-25T14:18:47,2025-10-25T20:18:47,10,5132
2024-03-27T16:31:59,2024-03-27T19:31:59,8,24420
2025-03-09T05:21:57,2025-03-09T08:21:57,2,7593
2025-05-16T13:23:33,2025-05-16T14:23:33,8,7821
2024-08-20T07:38:29,2024-08-20T08:38:29,9,22532
2024-08-31T16:27:27,2024-08-31T20:27:27,4,32879
2025-07-13T23:25:30,2025-07-14T04:25:30,1,44985
2024-08-10T22:48:37,2024-08-11T00:48:37,4,6717
2025-05-02T08:26:38,2025-05-02T12:26:38,4,42529
2024-04-19T12:32:27,2024-04-19T18:32:27,8,38103
2023-12-23T14:02:09,2023-12-23T17:02:09,2,22309
2025-10-16T05:26:12,2025-10-16T08:26:12,5,9232
2025-05-28T00:03:24,2025-05-28T05:03:24,1,27477
2025-06-29T02:19:36,2025-06-29T07:19:36,3,34217
2024-07-05T12:34:14,2024-07-05T20:34:14,3,6981
2024-05-10T18:42:20,2024-05-10T22:42:20,5,44813
2025-06-03T05:01:49,2025-06-03T07:01:49,8,26750
2024-10-26T15:34:28,2024-10-26T19:34:28,7,9899
2024-06-27T19:27:03,2024-06-27T20:27:03,10,34718
2024-01-19T05:56:47,2024-01-19T09:56:47,1,20357
2024-08-13T09:18:46,,9,31632
2024-12-25T15:00:12,2024-12-25T18:00:12,4,27647
2024-02-06T03:23:58,2024-02-06T08:23:58,4,38318
2025-09-19T13:21:52,2025-09-19T14:21:52,4,47188
2025-09-27T16:07:41,2025-09-27T19:07:41,1,39687
2024-01-05T20:32:19,2024-01-05T21:32:19,3,41752
2025-08-02T20:34:23,,7,22533
2024-11-25T15:33:42,2024-11-25T20:33:42,8,38698
2025-03-04T12:36:01,,1,19080
2025-08-11T14:42:45,2025-08-11T22:42:45,3,33930
2025-04-05T00:11:41,2025-04-05T06:11:41,3,45047
2023-12-29T22:48:42,2023-12-30T02:48:42,8,3922
2025-07-08T05:37:32,,2,49435
2025-06-29T02:10:19,2025-06-29T10:10:19,10,15005
2024-02-29T01:23:16,,2,6416
2024-02-10T11:53:16,2024-02-10T19:53:16,4,38094
2024-08-07T12:00:01,2024-08-07T18:00:01,6,35973
2024-06-15T00:56:21,,7,22107
2025-10-07T18:20:08,2025-10-08T02:20:08,8,22467
2025-02-06T06:33:24,2025-02-06T14:33:24,2,33530
2024-12-28T02:17:06,,10,48881
2024-08-01T13:51:59,2024-08-01T21:51:59,9,9192
2024-10-08T21:08:24,2024-10-09T05:08:24,8,46329
2025-04-11T03:06:53,2025-04-11T08:06:53,7,47031
2024-06-30T07:50:01,2024-06-30T14:50:01,7,13952
2025-03-23T02:56:38,2025-03-23T08:56:38,5,35909
2025-03-13T14:27:16,2025-03-13T16:27:16,10,6619
2024-05-15T13:11:26,2024-05-15T14:11:26,4,12293
2025-05-13T08:31:42,2025-05-13T16:31:42,9,27352
2024-12-31T06:32:53,2024-12-31T10:32:53,1,7936
2023-12-21T06:10:31,2023-12-21T09:10:31,6,36997
2025-01-11T03:27:19,2025-01-11T07:27:19,3,9177
2024-11-23T16:15:06,2024-11-23T18:15:06,6,30267
2024-12-15T05:49:21,2024-12-15T07:49:21,9,30578
2025-03-13T02:15:46,2025-03-13T04:15:46,6,7282
2024-08-14T06:32:45,2024-08-14T08:32:45,4,47606
2025-05-03T10:20:25,2025-05-03T12:20:25,5,13421
2023-11-21T17:35:48,2023-11-21T22:35:48,2,17223
2024-01-20T09:05:08,2024-01-20T12:05:08,8,25717
2025-05-09T18:31:34,,9,16621
2024-09-23T17:06:53,,9,11527
2025-10-24T01:00:05,2025-10-24T08:00:05,6,28746
2024-10-04T20:45:43,,4,33826
2025-06-16T05:02:35,2025-06-16T13:02:35,5,5646
2024-03-31T00:21:58,2024-03-31T05:21:58,4,1729
2025-03-09T15:50:54,2025-03-09T22:50:54,8,10635
2023-12-30T10:23:57,2023-12-30T13:23:57,7,30668
2024-10-06T23:43:12,2024-10-07T02:43:12,3,40216
2025-08-30T22:31:01,2025-08-31T06:31:01,4,48141
2024-11-22T03:43:57,2024-11-22T06:43:57,10,41337
2025-02-03T08:52:00,2025-02-03T10:52:00,3,15965
2024-05-08T09:26:40,2024-05-08T16:26:40,3,32607
2024-01-24T17:55:35,2024-01-24T18:55:35,5,18510
2024-05-08T10:33:05,2024-05-08T12:33:05,7,27553
2024-12-09T00:44:19,2024-12-09T06:44:19,5,46122
2025-04-04T03:58:25,2025-04-04T04:58:25,3,2656
2025-09-02T01:29:40,2025-09-02T07:29:40,7,40954
2025-07-27T01:31:36,2025-07-27T02:31:36,1,36898
2024-11-06T01:14:46,,1,27071
2025-07-23T14:58:56,,1,42454
2024-11-28T20:50:56,,1,30818
2025-07-20T23:11:42,2025-07-21T02:11:42,9,8484
2024-10-08T11:26:16,2024-10-08T18:26:16,9,24587
2024-12-09T12:35:36,,5,29305
2023-12-21T02:54:08,2023-12-21T05:54:08,7,34658
2024-07-05T07:26:16,2024-07-05T08:26:16,1,6101
2024-08-16T08:06:23,2024-08-16T16:06:23,6,20286
2024-04-27T08:23:03,2024-04-27T09:23:03,3,35808
2025-05-16T07:38:30,,3,22233
2024-01-03T14:54:53,2024-01-03T19:54:53,4,38084
2024-02-11T21:54:42,2024-02-12T01:54:42,3,48899
2025-10-10T08:13:29,2025-10-10T15:13:29,6,16355
2024-06-16T11:48:57,2024-06-16T19:48:57,4,11548
2025-05-16T07:39:54,,1,45101
2025-08-04T18:05:15,2025-08-05T01:05:15,8,3114
2025-05-21T15:36:26,2025-05-21T23:36:26,9,43937
2025-01-02T21:41:46,2025-01-03T00:41:46,1,40056
2024-07-09T18:28:17,2024-07-09T21:28:17,8,28390
2024-01-03T03:26:05,,2,22326
2025-07-06T06:38:02,2025-07-06T07:38:02,4,15414
2024-01-17T12:52:49,,6,38545
2025-09-01T23:25:14,2025-09-02T07:25:14,2,47052
2025-04-26T20:37:39,2025-04-27T03:37:39,1,46405
2025-01-27T05:32:51,2025-01-27T11:32:51,9,29139
2025-04-28T23:09:48,2025-04-29T01:09:48,9,22987
2024-10-16T22:25:14,2024-10-17T02:25:14,4,47157
2024-02-22T11:52:33,2024-02-22T13:52:33,6,37930
2024-08-18T17:49:48,,6,41601
2024-06-06T02:58:49,2024-06-06T07:58:49,8,2066
2025-05-31T05:10:37,2025-05-31T08:10:37,7,24906
2025-11-06T03:57:27,2025-11-06T10:57:27,1,1902
2024-08-02T05:32:36,2024-08-02T12:32:36,1,36437
2025-08-08T00:32:58,2025-08-08T08:32:58,3,26839
2025-09-28T10:59:00,2025-09-28T13:59:00,3,7485
2025-07-30T15:23:50,2025-07-30T19:23:50,8,34603
2023-12-08T14:29:50,2023-12-08T15:29:50,1,44152
2024-02-22T08:02:37,2024-02-22T12:02:37,2,42507
2025-01-14T15:43:57,2025-01-14T17:43:57,10,28451
2024-10-06T01:51:40,2024-10-06T08:51:40,9,28449
2023-11-23T02:10:30,,5,6138
2024-03-30T19:25:17,2024-03-31T03:25:17,9,33590
2023-11-29T15:22:37,2023-11-29T18:22:37,9,33348
2023-11-10T17:43:48,2023-11-10T19:43:48,1,5149
2025-04-03T13:02:44,2025-04-03T17:02:44,4,4366
2023-11-19T18:00:11,,2,3250
2024-07-24T22:28:33,2024-07-25T03:28:33,3,1790
2024-11-18T02:36:49,2024-11-18T07:36:49,4,17876
2024-06-15T04:39:48,2024-06-15T12:39:48,7,1475
2024-10-27T21:11:03,2024-10-28T04:11:03,4,34599
2024-11-12T01:43:39,2024-11-12T04:43:39,9,20276
2024-11-09T06:53:49,2024-11-09T14:53:49,5,8806
2025-05-07T04:51:57,2025-05-07T12:51:57,5,26507
2025-07-27T02:56:10,,8,48801
2025-08-19T13:56:09,2025-08-19T16:56:09,5,46101
2024-10-09T20:23:16,2024-10-10T03:23:16,3,28522
2025-04-13T23:00:06,2025-04-14T03:00:06,1,3210
2025-11-04T02:38:36,2025-11-04T08:38:36,1,39356
2025-10-09T09:29:59,2025-10-09T10:29:59,3,27688
2024-06-10T15:13:10,,2,27244
2024-05-19T13:25:25,2024-05-19T16:25:25,2,9905
2025-04-25T08:02:51,2025-04-25T09:02:51,6,25521
2023-11-22T10:03:06,2023-11-22T15:03:06,7,12858
2024-02-05T10:39:47,2024-02-05T15:39:47,3,2312
2025-02-25T19:18:18,2025-02-25T23:18:18,5,5761
2024-10-23T04:25:42,2024-10-23T11:25:42,9,11548
2024-02-29T12:31:19,2024-02-29T17:31:19,1,14283
2024-01-10T23:53:00,2024-01-11T00:53:00,10,10824
2024-05-02T07:33:38,2024-05-02T09:33:38,1,38728
2024-09-30T12:23:45,2024-09-30T13:23:45,10,38552
2024-04-23T01:30:37,2024-04-23T02:30:37,7,36692
2025-06-08T12:37:22,,6,18895
2025-04-09T12:40:34,2025-04-09T15:40:34,10,14378
2025-10-14T06:44:39,2025-10-14T07:44:39,9,48635
2025-03-10T09:15:33,,1,37319
2024-03-12T08:13:05,2024-03-12T11:13:05,1,48507
2025-07-04T21:17:51,2025-07-05T02:17:51,5,35509
2025-02-22T07:50:16,2025-02-22T11:50:16,3,2109
2024-01-09T14:07:13,2024-01-09T18:07:13,1,5255
2023-12-08T23:26:17,,9,45796
2025-02-19T13:58:37,,1,32972
2025-09-17T17:54:12,2025-09-17T18:54:12,6,21695
2025-10-16T07:44:09,2025-10-16T11:44:09,2,49227
2024-05-03T05:24:05,,10,29116
2025-02-22T04:59:25,2025-02-22T08:59:25,1,6406
2024-10-07T21:14:53,2024-10-07T23:14:53,3,26146
2024-04-02T04:12:47,,4,11312
2024-07-11T20:24:45,2024-07-12T03:24:45,2,49285
2025-03-23T10:13:34,2025-03-23T15:13:34,6,40560
2024-12-08T01:30:53,,6,2098
2025-06-16T18:22:16,,3,29876
2025-10-07T13:11:21,2025-10-07T14:11:21,1,17455
2024-01-14T21:10:32,2024-01-15T01:10:32,2,16441
2025-07-11T05:29:24,2025-07-11T12:29:24,1,18188
2025-06-16T07:32:11,2025-06-16T15:32:11,9,528
2025-05-15T00:51:35,2025-05-15T06:51:35,1,17186
2024-05-18T05:46:04,2024-05-18T06:46:04,8,19515
2024-10-31T11:39:08,2024-10-31T18:39:08,1,32715
2023-11-27T01:04:18,2023-11-27T05:04:18,8,11878
2024-05-28T14:00:13,2024-05-28T17:00:13,4,30653
2025-09-08T22:38:12,2025-09-09T04:38:12,1,30590
2024-05-05T11:41:19,,3,15189
2025-03-01T18:32:54,2025-03-01T23:32:54,1,11908
2025-05-24T00:54:38,,2,6235
2023-12-08T20:28:08,2023-12-09T04:28:08,4,40385
2024-10-27T03:04:58,2024-10-27T06:04:58,4,12421
2025-08-01T02:45:45,2025-08-01T10:45:45,2,46269
2025-07-16T04:42:16,2025-07-16T11:42:16,10,22464
2024-07-23T02:35:34,2024-07-23T04:35:34,6,24477
2024-04-12T14:33:13,2024-04-12T18:33:13,5,12054
2025-09-05T19:42:30,2025-09-05T23:42:30,5,16966
2025-05-21T03:56:01,2025-05-21T05:56:01,3,10509
2024-02-02T07:52:22,2024-02-02T15:52:22,2,8994
2025-07-06T03:40:16,2025-07-06T10:40:16,9,26484
2025-10-22T05:01:57,2025-10-22T08:01:57,6,23205
2025-01-21T00:41:48,,4,44621
2024-01-02T02:42:00,2024-01-02T09:42:00,10,47816
2025-10-23T06:55:16,2025-10-23T14:55:16,3,739
2024-07-23T05:59:16,2024-07-23T06:59:16,9,48801
2024-10-26T06:15:44,2024-10-26T14:15:44,7,43963
2024-03-29T22:49:37,2024-03-30T03:49:37,8,9079
2025-06-27T02:01:48,2025-06-27T09:01:48,3,13747
2025-06-25T09:11:39,2025-06-25T12:11:39,5,7593
2025-10-06T16:43:01,2025-10-07T00:43:01,2,26877
2025-07-14T05:21:42,,6,48187
2025-04-13T02:16:33,2025-04-13T07:16:33,5,24484
2024-02-20T01:48:42,2024-02-20T09:48:42,3,6657
2025-04-27T03:24:08,,1,22445
2023-12-19T21:37:38,,6,19186
2025-09-25T21:38:24,2025-09-26T01:38:24,9,8921
2025-04-01T22:52:08,2025-04-01T23:52:08,1,34911
2024-10-07T01:36:27,2024-10-07T07:36:27,3,19774
2025-05-24T01:52:37,2025-05-24T05:52:37,5,581
2024-12-18T18:12:52,2024-12-19T00:12:52,6,7829
2025-04-02T21:41:40,2025-04-03T04:41:40,6,20475
2024-07-13T18:14:08,2024-07-13T22:14:08,3,24323
2024-08-07T15:17:14,,7,39366
2025-02-21T12:56:50,2025-02-21T13:56:50,6,5976
2024-03-13T14:06:05,2024-03-13T22:06:05,4,46013
2024-06-16T11:21:51,2024-06-16T12:21:51,3,28215
2023-11-29T00:04:20,,6,19546
2025-10-06T04:20:16,2025-10-06T09:20:16,10,8223
2025-08-25T04:56:45,2025-08-25T06:56:45,4,11403
2025-05-12T09:58:13,,1,42672
2025-02-05T17:43:57,2025-02-05T18:43:57,10,16026
2023-12-11T07:56:25,2023-12-11T09:56:25,1,4234
2024-04-20T09:12:53,2024-04-20T16:12:53,3,25608
2024-04-27T07:13:30,2024-04-27T15:13:30,6,34385
2023-12-24T09:55:07,2023-12-24T12:55:07,1,35099
2025-02-26T16:21:33,2025-02-26T20:21:33,3,43690
2024-09-06T03:54:58,2024-09-06T10:54:58,2,25499
2024-11-12T12:18:48,2024-11-12T18:18:48,3,3683
2025-07-25T04:30:01,2025-07-25T07:30:01,10,44863
2025-01-08T02:21:54,2025-01-08T04:21:54,4,9488
2024-12-13T12:04:08,2024-12-13T18:04:08,4,25329
2024-05-21T04:18:39,2024-05-21T10:18:39,5,11477
2025-07-01T22:26:58,2025-07-02T00:26:58,10,41372
2024-08-13T08:27:02,2024-08-13T09:27:02,5,28547
2024-06-26T23:49:17,,3,5384
2024-10-14T19:57:36,2024-10-14T22:57:36,3,30538
2024-01-26T07:32:47,2024-01-26T08:32:47,4,23942
2025-06-20T12:25:30,2025-06-20T17:25:30,8,47335
2025-04-17T19:03:39,2025-04-17T23:03:39,9,36451
2024-04-21T13:48:02,2024-04-21T14:48:02,8,14445
2025-05-30T23:57:45,2025-05-31T02:57:45,8,45586
2023-12-22T17:36:47,2023-12-23T00:36:47,10,4306
2024-06-09T10:32:06,2024-06-09T16:32:06,4,39868
2025-09-27T08:22:39,,1,30915
2024-07-09T06:05:44,2024-07-09T10:05:44,4,16325
2024-03-28T03:18:08,2024-03-28T08:18:08,6,18214
2024-03-30T17:15:58,,4,22062
2025-06-03T02:48:02,2025-06-03T04:48:02,3,20590
2025-01-13T20:47:30,,7,30536
2024-04-01T12:03:41,2024-04-01T20:03:41,2,25545
2024-01-16T17:08:22,,10,49834
2025-03-22T19:52:14,2025-03-22T23:52:14,8,4234
2024-04-12T18:45:08,2024-04-12T23:45:08,8,24904
2023-11-30T12:20:29,2023-11-30T18:20:29,9,34476
2025-03-27T12:01:05,,7,47850
2025-01-24T05:09:39,2025-01-24T06:09:39,10,42500
2024-12-05T21:55:42,2024-12-05T23:55:42,8,16531
2024-01-30T06:17:41,2024-01-30T08:17:41,8,14124
2025-02-25T02:58:54,2025-02-25T05:58:54,9,37141
2024-06-14T00:49:31,2024-06-14T08:49:31,1,3653
2024-01-20T06:16:22,,2,43179
2025-02-05T05:21:16,2025-02-05T08:21:16,1,29506
2024-01-01T05:51:41,2024-01-01T06:51:41,3,2158
2023-12-02T10:55:16,,5,3326
2024-06-23T04:14:53,2024-06-23T09:14:53,5,39082
2024-05-23T07:04:47,2024-05-23T14:04:47,8,23558
2024-07-25T19:18:42,2024-07-25T20:18:42,4,41087
2024-08-06T05:54:11,2024-08-06T07:54:11,6,16312
2025-02-24T13:03:20,2025-02-24T21:03:20,10,11915
2025-10-04T13:49:36,,2,33592
2025-08-21T17:30:37,2025-08-22T01:30:37,6,41061
2024-09-18T21:49:28,2024-09-19T05:49:28,5,23205
2024-03-29T00:35:52,2024-03-29T04:35:52,9,26458
2024-08-31T16:14:07,2024-08-31T22:14:07,3,43053
2024-06-16T12:35:10,2024-06-16T17:35:10,6,38232
2025-09-08T21:20:02,2025-09-08T23:20:02,3,15106
2025-03-09T07:12:30,2025-03-09T12:12:30,7,10113
2024-06-06T21:30:23,2024-06-07T01:30:23,9,34215
2024-04-06T21:28:41,,3,33858
2025-02-08T09:02:32,2025-02-08T11:02:32,10,29732
2024-04-03T16:50:40,2024-04-03T21:50:40,9,10338
2025-03-30T01:10:51,,10,14089
2025-10-28T07:40:55,2025-10-28T12:40:55,6,32990
2025-02-13T16:18:35,2025-02-13T19:18:35,10,40976
2025-03-28T22:01:10,,5,4333
2025-02-09T12:03:15,2025-02-09T14:03:15,5,18064
2025-09-19T03:34:17,2025-09-19T11:34:17,1,17952
2024-02-25T10:59:41,2024-02-25T12:59:41,10,20910
2024-08-10T01:12:03,,6,3829
2023-12-19T04:51:57,2023-12-19T06:51:57,9,7549
2025-05-07T05:47:52,2025-05-07T11:47:52,3,2909
2025-03-28T23:48:20,2025-03-29T02:48:20,2,34062
2024-07-24T01:54:01,2024-07-24T09:54:01,9,13596
2025-06-22T00:46:48,2025-06-22T02:46:48,9,21134
2024-04-02T10:45:59,,5,48557
2025-07-22T21:47:33,,9,19875
2025-04-08T14:46:49,,3,35676
2025-09-30T09:57:37,2025-09-30T11:57:37,7,13561
2025-10-14T12:28:51,2025-10-14T18:28:51,9,30061
2025-06-14T12:21:13,2025-06-14T18:21:13,5,49240
2024-07-18T16:34:07,,1,33721
2024-07-09T13:56:47,2024-07-09T15:56:47,4,17060
2025-08-29T06:45:10,2025-08-29T12:45:10,4,45324
2023-11-14T07:41:15,,8,46222
2025-01-06T06:48:51,2025-01-06T11:48:51,10,13134
2024-12-03T19:44:45,,4,7046
2024-11-27T04:33:40,2024-11-27T07:33:40,7,41754
2024-05-13T13:36:56,,1,41013
2024-09-05T11:00:36,2024-09-05T18:00:36,10,9283
2025-03-22T14:39:41,2025-03-22T22:39:41,9,13248
2023-12-26T15:46:13,2023-12-26T23:46:13,1,46472
2025-10-18T03:37:14,2025-10-18T06:37:14,8,33855
2024-10-20T15:02:51,2024-10-20T22:02:51,7,6318
2025-11-05T14:17:24,2025-11-05T17:17:24,7,1549
2025-04-17T15:15:21,2025-04-17T18:15:21,9,18999
2025-08-01T10:12:05,2025-08-01T15:12:05,1,36517
2025-03-02T12:17:37,2025-03-02T13:17:37,7,538
2024-02-13T13:41:17,2024-02-13T21:41:17,9,47096
2024-11-12T12:34:05,2024-11-12T20:34:05,8,1497
2025-01-26T04:30:12,2025-01-26T10:30:12,5,2824
2025-06-06T08:02:15,2025-06-06T13:02:15,5,9516
2024-06-22T23:05:31,,1,19815
2025-05-26T17:19:15,,6,46336
2024-11-16T03:35:14,2024-11-16T10:35:14,3,19855
2024-11-23T01:27:39,2024-11-23T03:27:39,8,6295
2025-02-16T07:02:05,2025-02-16T15:02:05,9,48962
2025-02-07T14:31:35,2025-02-07T15:31:35,10,27004
2025-01-19T17:21:38,2025-01-19T19:21:38,9,40029
2024-04-19T05:26:42,2024-04-19T11:26:42,9,15727
2024-08-12T19:03:13,,10,36
2024-04-05T14:38:57,2024-04-05T20:38:57,5,38085
2024-05-25T16:58:40,2024-05-25T20:58:40,4,39292
2024-10-23T01:59:39,2024-10-23T06:59:39,7,30668
2024-05-15T18:04:43,2024-05-16T02:04:43,5,23079
2024-11-22T23:57:07,2024-11-23T06:57:07,9,10231
2024-06-04T17:07:18,2024-06-04T19:07:18,3,24534
2025-10-28T00:42:25,2025-10-28T08:42:25,7,18070
2025-06-03T19:32:14,2025-06-04T00:32:14,7,14317
2024-12-21T04:49:36,2024-12-21T12:49:36,8,5484
2023-11-07T20:09:22,,4,49243
2025-03-08T20:42:42,2025-03-08T23:42:42,6,49963
2024-11-29T08:40:18,2024-11-29T16:40:18,6,44607
2025-04-30T07:12:34,,4,16323
2024-09-26T09:40:15,,10,25301
2025-03-16T19:38:11,2025-03-16T22:38:11,4,41796
2024-06-25T23:38:58,,8,27875
2025-04-20T09:47:43,,4,18727
2024-06-21T08:42:31,2024-06-21T16:42:31,9,3207
2024-12-05T22:14:01,2024-12-06T00:14:01,1,9779
2024-03-27T23:59:47,2024-03-28T00:59:47,4,19638
2024-05-23T15:09:35,2024-05-23T17:09:35,8,17245
2025-04-25T12:55:33,2025-04-25T17:55:33,4,33748
2025-01-12T22:29:24,2025-01-13T04:29:24,9,12716
2024-03-21T10:54:40,,6,38481
2024-04-01T05:20:56,2024-04-01T07:20:56,6,34462
2025-07-27T08:09:24,2025-07-27T12:09:24,10,45963
2025-02-09T02:30:53,,6,28323
2025-06-26T23:01:30,2025-06-27T07:01:30,7,46816
2024-06-22T05:10:36,,4,36280
2024-05-30T02:31:16,2024-05-30T09:31:16,7,1478
2024-08-25T02:34:44,,3,40702
2024-02-24T10:53:54,2024-02-24T16:53:54,8,22167
2024-10-20T01:39:52,,3,12554
2025-08-06T21:30:58,,7,30881
2024-01-20T04:49:05,2024-01-20T06:49:05,2,35880
2025-07-09T07:44:41,2025-07-09T13:44:41,8,45811
2023-11-17T18:36:42,,8,17650
2024-01-13T00:24:55,2024-01-13T06:24:55,5,37089
2024-03-21T07:56:28,,1,32716
2024-11-08T21:21:55,2024-11-08T22:21:55,8,36861
2024-10-10T05:25:19,2024-10-10T12:25:19,3,28619
2024-01-12T07:49:39,2024-01-12T14:49:39,7,27426
2025-02-27T05:31:10,,3,14141
2024-08-22T20:14:56,2024-08-23T00:14:56,5,8530
2025-04-06T04:41:13,,10,938
2025-05-20T11:39:40,2025-05-20T16:39:40,3,31251
2024-01-09T11:01:23,,8,1267
2024-05-24T23:09:29,2024-05-25T04:09:29,10,12432
2024-08-16T06:36:09,2024-08-16T09:36:09,10,32108
2025-05-02T22:14:23,2025-05-03T05:14:23,1,35029
2025-11-01T15:25:32,,2,5253
2024-12-10T20:17:05,2024-12-11T02:17:05,9,40389
2024-11-06T05:15:40,2024-11-06T11:15:40,9,43737
2024-09-07T16:43:15,2024-09-07T18:43:15,8,47017
2025-07-22T19:32:24,2025-07-22T21:32:24,5,9390
2024-10-04T10:31:58,2024-10-04T12:31:58,1,20678
2024-05-03T10:15:09,,10,27106
2024-08-29T16:24:38,2024-08-29T23:24:38,3,48444
2024-12-21T10:00:29,2024-12-21T16:00:29,3,17457
2025-06-13T04:02:21,,1,47465
2024-12-24T02:38:42,2024-12-24T08:38:42,1,3607
2024-09-17T18:30:20,2024-09-17T20:30:20,9,14936
2025-06-25T00:23:39,2025-06-25T08:23:39,10,49315
2024-08-20T11:38:53,2024-08-20T17:38:53,10,41271
2024-10-19T11:09:32,2024-10-19T16:09:32,9,30073
2025-04-15T21:22:18,2025-04-15T22:22:18,4,859
2024-02-24T09:24:52,2024-02-24T17:24:52,5,37861
2025-04-24T18:20:32,2025-04-25T02:20:32,9,41146
2024-01-07T16:14:33,2024-01-07T21:14:33,10,19972
2024-12-11T20:03:52,2024-12-11T23:03:52,8,525
2025-05-15T02:43:35,2025-05-15T07:43:35,10,37027
2025-02-24T22:39:31,2025-02-25T01:39:31,8,42493
2025-08-28T22:01:16,2025-08-29T06:01:16,5,49422
2024-12-10T20:51:25,2024-12-11T02:51:25,3,12709
2024-01-24T10:25:03,2024-01-24T11:25:03,10,4384
2024-11-29T19:11:15,2024-11-29T21:11:15,10,30249
2025-04-27T08:55:09,,7,38445
2024-04-24T15:44:02,,4,20048
2024-03-02T06:01:10,2024-03-02T09:01:10,8,41207
2023-12-07T15:40:53,2023-12-07T20:40:53,2,34722
2023-11-13T10:32:57,2023-11-13T15:32:57,5,45827
2025-05-14T10:01:07,2025-05-14T13:01:07,2,47039
2025-07-25T00:59:29,2025-07-25T02:59:29,3,48801
2025-05-19T19:16:44,2025-05-20T01:16:44,3,31670
2025-01-30T11:19:29,,3,44785
2024-01-30T18:58:47,2024-01-30T22:58:47,4,48482
2024-10-01T11:18:12,2024-10-01T17:18:12,1,28060
2024-04-04T11:54:27,2024-04-04T17:54:27,6,7555
2025-04-22T19:58:06,2025-04-22T22:58:06,4,15422
2024-01-28T13:55:22,2024-01-28T17:55:22,1,11019
2025-01-25T04:59:18,2025-01-25T11:59:18,8,43665
2024-10-21T20:04:20,2024-10-22T02:04:20,8,32423
2024-09-07T08:35:19,2024-09-07T14:35:19,3,48938
2023-12-16T22:33:27,2023-12-17T02:33:27,8,14927
2024-06-13T04:36:30,,10,46954
2024-02-10T01:33:35,2024-02-10T09:33:35,4,5535
2023-12-10T05:37:52,,7,14443
2025-10-30T14:20:30,2025-10-30T16:20:30,1,3655
2025-03-16T12:45:26,2025-03-16T19:45:26,1,25042
2025-02-24T07:01:55,,9,27431
2025-04-15T04:19:22,2025-04-15T09:19:22,7,28430
2025-01-11T01:56:47,,8,13186
2023-11-21T04:47:18,2023-11-21T06:47:18,6,33723
2024-01-21T01:07:37,,7,15913
2025-03-05T20:47:43,2025-03-06T04:47:43,4,29951
2023-12-06T02:04:38,2023-12-06T05:04:38,5,47952
2024-05-17T02:34:42,2024-05-17T06:34:42,8,14713
2025-04-06T02:51:09,2025-04-06T08:51:09,3,47405
2025-08-25T01:45:38,2025-08-25T03:45:38,9,26882
2023-11-30T03:21:16,2023-11-30T09:21:16,7,24468
2025-02-10T18:19:15,2025-02-10T22:19:15,2,3918
2024-12-17T22:56:10,2024-12-17T23:56:10,4,7502
2024-11-07T20:52:44,,4,27305
2025-01-15T21:51:56,,10,14492
2024-08-10T06:58:41,2024-08-10T10:58:41,1,11176
2025-06-15T12:32:24,2025-06-15T19:32:24,7,41694
2023-12-19T13:11:30,2023-12-19T18:11:30,8,26650
2024-09-01T06:54:50,,1,3362
2024-02-29T02:13:57,2024-02-29T09:13:57,8,48454
2025-08-19T09:40:05,,10,42286
2025-11-04T19:07:53,2025-11-04T21:07:53,10,42986
2024-11-25T13:09:12,2024-11-25T21:09:12,8,20536
2024-09-02T21:16:07,2024-09-02T23:16:07,4,1911
2024-11-26T22:19:10,2024-11-27T02:19:10,9,17958
2025-08-26T08:25:42,2025-08-26T13:25:42,2,48100
2025-04-24T15:28:43,2025-04-24T23:28:43,9,6287
2024-10-23T16:14:44,2024-10-23T21:14:44,1,32826
2025-09-11T01:28:27,2025-09-11T02:28:27,2,42692
2025-02-09T06:43:26,2025-02-09T12:43:26,4,13357
2024-12-28T11:02:50,2024-12-28T16:02:50,1,39344
2024-04-30T01:49:43,,3,44411
2024-06-05T05:25:17,2024-06-05T11:25:17,5,39302
2024-01-31T02:47:16,2024-01-31T06:47:16,3,37736
2023-12-31T06:12:17,2023-12-31T08:12:17,6,8349
2025-04-21T03:50:57,2025-04-21T10:50:57,6,33892
2025-06-18T04:54:20,2025-06-18T05:54:20,1,18350
2024-05-09T10:52:32,2024-05-09T18:52:32,3,43784
2025-10-25T15:47:45,,5,21191
2024-02-15T02:40:45,,4,21729
2024-08-03T12:25:15,2024-08-03T20:25:15,10,18971
2024-01-28T11:16:40,2024-01-28T16:16:40,5,46303
2025-03-23T17:53:48,2025-03-23T19:53:48,4,46703
2024-07-11T13:08:06,2024-07-11T20:08:06,1,22396
2024-07-11T00:36:31,2024-07-11T04:36:31,8,45808
2025-02-21T23:44:35,2025-02-22T06:44:35,2,15240
2025-03-07T12:06:10,2025-03-07T17:06:10,9,44725
2024-04-06T07:27:48,2024-04-06T12:27:48,8,44157
2025-06-22T13:56:08,2025-06-22T20:56:08,5,40923
2025-07-28T02:20:28,2025-07-28T09:20:28,8,33098
2025-10-25T19:31:14,2025-10-26T01:31:14,3,13420
2025-04-30T09:05:45,2025-04-30T17:05:45,10,17212
2025-01-25T04:04:50,2025-01-25T10:04:50,8,11841
2025-11-02T23:30:39,2025-11-03T06:30:39,3,26375
2024-03-29T10:14:58,2024-03-29T16:14:58,8,10767
2025-08-01T16:25:56,2025-08-02T00:25:56,4,26889
2025-01-11T13:55:03,,8,3106
2023-12-09T18:38:28,2023-12-10T01:38:28,1,32226
2025-05-13T07:38:53,2025-05-13T14:38:53,9,22911
2024-01-20T04:13:30,,4,23093
2025-03-10T23:54:35,2025-03-11T00:54:35,3,12642
2025-03-25T06:30:04,2025-03-25T10:30:04,6,13834
2024-02-05T23:51:28,2024-02-06T01:51:28,5,4771
2025-10-22T12:05:58,,8,37950
2025-03-21T05:58:50,2025-03-21T07:58:50,6,9198
2024-03-11T18:42:47,2024-03-12T01:42:47,5,41993
2025-03-31T23:18:11,2025-04-01T04:18:11,8,14388
2024-08-24T14:11:51,,9,7929
2024-08-26T11:49:14,2024-08-26T12:49:14,9,44982
2025-09-21T18:21:59,2025-09-21T22:21:59,4,19231
2024-09-23T06:48:03,2024-09-23T11:48:03,8,6644
2024-12-12T20:34:09,2024-12-12T22:34:09,1,36182
2024-10-25T01:10:27,2024-10-25T06:10:27,1,31047
2024-11-10T04:13:55,2024-11-10T09:13:55,1,1293
2024-03-15T04:23:22,,5,18651
2025-07-27T23:13:58,,7,28645
2024-06-16T19:00:32,2024-06-17T01:00:32,1,2115
2025-10-06T12:00:29,2025-10-06T15:00:29,5,1641
2024-06-23T11:12:08,2024-06-23T19:12:08,10,19529
2025-05-04T14:50:37,2025-05-04T18:50:37,4,29683
2024-12-09T05:54:17,2024-12-09T09:54:17,6,36880
2024-12-20T12:05:24,2024-12-20T14:05:24,6,48410
2025-08-20T04:02:00,,7,26271
2025-06-21T13:06:54,2025-06-21T18:06:54,6,18113
2024-09-09T20:28:33,2024-09-10T01:28:33,9,25227
2025-01-20T10:35:07,2025-01-20T16:35:07,8,24777
2024-09-18T06:47:38,2024-09-18T10:47:38,6,8354
2024-09-27T16:27:42,2024-09-28T00:27:42,6,3121
2025-02-26T12:14:26,2025-02-26T18:14:26,7,44981
2025-04-17T16:54:05,2025-04-17T20:54:05,8,7297
2024-08-23T20:21:29,2024-08-23T22:21:29,2,43565
2024-10-07T17:14:58,2024-10-07T20:14:58,3,31667
2025-08-31T22:08:52,2025-09-01T03:08:52,1,34148
2025-01-08T16:59:50,2025-01-08T18:59:50,1,34959
2025-02-20T17:29:27,,9,43787
2023-12-03T08:40:41,2023-12-03T13:40:41,8,33102
2023-12-09T04:06:57,2023-12-09T05:06:57,7,40465
2024-05-26T17:42:22,2024-05-26T18:42:22,1,16502
2024-11-15T14:38:49,,6,29717
2025-07-24T06:48:33,2025-07-24T14:48:33,10,48109
2025-03-11T19:57:31,,3,8352
2025-01-10T07:02:57,2025-01-10T12:02:57,2,28820
2024-04-29T06:14:34,2024-04-29T12:14:34,8,48102
2024-03-20T20:52:07,2024-03-20T22:52:07,6,15096
2025-03-04T12:18:17,2025-03-04T13:18:17,6,33004
2024-09-29T09:10:42,2024-09-29T14:10:42,1,36386
2025-05-10T18:39:20,2025-05-10T20:39:20,6,25542
2023-12-06T00:39:36,,10,18044
2025-02-25T00:16:20,2025-02-25T04:16:20,2,42714
2024-12-10T10:37:11,2024-12-10T18:37:11,5,34127
2024-01-24T23:43:17,2024-01-25T03:43:17,6,12711
2024-02-19T10:01:29,,1,35274
2024-05-12T06:50:07,2024-05-12T14:50:07,6,42548
2024-10-10T21:52:08,2024-10-10T22:52:08,1,24443
2025-09-01T18:10:10,2025-09-02T01:10:10,1,1591
2025-03-19T22:50:25,2025-03-20T04:50:25,1,49431
2025-10-29T08:33:40,,7,21648
2025-03-05T05:39:05,2025-03-05T13:39:05,8,27311
2024-02-09T15:48:38,2024-02-09T22:48:38,2,24932
2025-03-02T09:02:26,,4,30419
2024-10-18T02:44:46,2024-10-18T03:44:46,8,26022
2023-12-03T03:07:00,2023-12-03T10:07:00,2,4320
2025-05-26T19:50:08,2025-05-26T22:50:08,3,190
2025-06-30T14:59:02,2025-06-30T16:59:02,3,23042
2024-03-24T06:03:37,2024-03-24T13:03:37,9,8101
2025-09-22T20:23:38,2025-09-23T02:23:38,5,8887
2024-09-06T03:13:15,2024-09-06T07:13:15,3,26992
2025-09-19T14:48:12,2025-09-19T17:48:12,4,31166
2025-04-07T23:46:45,2025-04-08T05:46:45,2,30032
2024-06-03T20:28:05,2024-06-04T02:28:05,7,13712
2025-08-17T13:42:13,2025-08-17T20:42:13,4,46787
2024-09-06T19:12:42,2024-09-06T21:12:42,10,20403
2025-06-08T22:35:47,2025-06-09T02:35:47,6,6265
2023-12-24T03:25:00,,9,26524
2025-03-05T17:23:14,2025-03-05T19:23:14,8,1053
2024-05-20T22:07:37,,6,27218
2024-01-25T06:54:23,,4,12577
2024-10-05T23:09:46,2024-10-06T00:09:46,9,20015
2024-04-30T22:19:15,2024-04-30T23:19:15,5,48304
2023-11-12T04:58:36,2023-11-12T09:58:36,7,28454
2025-04-27T14:59:06,2025-04-27T22:59:06,6,40622
2025-03-25T03:09:39,,9,11844
2025-03-09T08:19:05,,3,7135
2023-12-13T15:32:21,2023-12-13T18:32:21,3,1165
2023-11-21T03:04:14,2023-11-21T05:04:14,10,20896
2024-02-27T13:32:47,2024-02-27T19:32:47,1,37039
2024-05-06T04:34:14,2024-05-06T08:34:14,5,24230
2025-08-21T23:34:19,2025-08-22T04:34:19,10,11184
2025-01-01T00:55:15,2025-01-01T08:55:15,6,16873
2024-01-22T07:40:25,,7,13484
2025-08-06T15:28:31,2025-08-06T22:28:31,3,45192
2025-04-14T02:46:01,2025-04-14T09:46:01,9,49464
2025-03-24T05:41:06,2025-03-24T06:41:06,10,9839
2023-11-21T12:32:53,,6,38128
2025-06-11T18:14:36,2025-06-12T02:14:36,4,7658
2024-04-02T06:04:42,2024-04-02T08:04:42,7,6486
2023-11-10T08:01:14,2023-11-10T12:01:14,10,39574
2025-07-08T13:10:12,2025-07-08T17:10:12,10,4807
2024-01-25T09:48:24,2024-01-25T10:48:24,3,47097
2024-09-02T23:56:14,2024-09-03T04:56:14,8,25394
2025-10-21T08:57:45,2025-10-21T11:57:45,2,23529
2025-01-14T20:40:58,2025-01-15T00:40:58,1,34151
2023-12-26T08:26:24,2023-12-26T14:26:24,5,44692
2024-01-14T06:06:10,2024-01-14T14:06:10,8,2478
2023-11-22T07:30:17,2023-11-22T10:30:17,2,45576
2024-10-28T10:59:27,2024-10-28T17:59:27,4,26255
2024-03-27T12:20:56,2024-03-27T15:20:56,9,30038
2024-01-30T10:32:27,2024-01-30T13:32:27,7,35220
2024-12-12T16:25:31,2024-12-12T21:25:31,7,41265
2023-11-24T20:04:46,2023-11-25T02:04:46,5,18168
2025-07-02T03:49:56,2025-07-02T08:49:56,8,31265
2025-07-30T00:34:26,2025-07-30T06:34:26,6,15797
2025-02-08T23:33:20,2025-02-09T00:33:20,6,31846
2025-06-01T20:43:42,2025-06-02T02:43:42,1,20509
2023-12-01T07:16:51,2023-12-01T14:16:51,1,29365
2025-05-24T17:12:28,2025-05-25T00:12:28,5,35267
2025-07-15T16:56:08,,5,40975
2024-05-20T08:34:17,2024-05-20T14:34:17,9,36805
2025-01-31T03:53:47,2025-01-31T04:53:47,4,36714
2025-06-30T19:11:35,,9,41462
2024-04-19T15:58:28,,1,2316
2025-08-31T17:28:51,2025-09-01T00:28:51,7,49381
2024-10-21T05:06:37,2024-10-21T13:06:37,2,40732
2025-03-02T08:36:03,2025-03-02T14:36:03,2,1377
2025-01-02T17:20:29,2025-01-02T21:20:29,8,42487
2024-09-08T14:03:29,2024-09-08T18:03:29,6,30360
2024-02-14T15:16:31,2024-02-14T17:16:31,2,10480
2024-01-06T16:56:12,,7,29919
2025-08-22T01:59:15,2025-08-22T07:59:15,7,37550
2025-09-07T04:35:32,,9,31382
2024-09-10T16:49:16,,4,10659
2024-04-08T14:05:44,2024-04-08T15:05:44,8,36894
2025-01-31T17:45:24,2025-02-01T00:45:24,6,38777
2025-11-01T03:49:53,2025-11-01T07:49:53,5,10368
2024-10-08T10:00:05,,2,41091
2025-03-26T12:53:35,2025-03-26T15:53:35,2,26610
2024-10-16T18:00:10,,6,1272
2025-08-19T02:42:24,,10,2073
2025-01-11T23:55:24,2025-01-12T04:55:24,4,1454
2025-09-27T00:35:29,2025-09-27T03:35:29,7,46615
2024-01-31T05:13:37,2024-01-31T06:13:37,10,18711
2025-03-18T02:06:11,2025-03-18T05:06:11,4,25613
2025-04-17T19:32:09,2025-04-17T21:32:09,3,33137
2025-10-16T11:16:07,,8,48065
2024-05-18T12:24:17,2024-05-18T17:24:17,1,11
2025-06-22T18:31:59,2025-06-23T01:31:59,2,6938
2025-04-26T02:20:19,2025-04-26T08:20:19,4,13657
2024-01-08T16:01:30,2024-01-08T17:01:30,5,3284
2024-10-01T12:48:35,2024-10-01T13:48:35,5,12696
2025-09-28T09:07:06,2025-09-28T15:07:06,10,35571
2024-05-23T17:58:05,2024-05-23T21:58:05,6,6488
2024-12-26T00:20:57,2024-12-26T02:20:57,7,22461
2025-03-15T20:08:31,2025-03-15T22:08:31,5,34705
2024-07-01T19:51:43,2024-07-01T20:51:43,7,11864
2024-08-11T00:36:36,2024-08-11T01:36:36,2,39364
2024-12-19T10:29:39,2024-12-19T15:29:39,8,39698
2024-08-26T00:15:49,2024-08-26T08:15:49,7,12834
2025-07-11T19:43:17,2025-07-12T02:43:17,6,6694
2024-12-28T13:07:30,2024-12-28T19:07:30,8,37118
2025-03-12T13:34:23,2025-03-12T20:34:23,1,38698
2024-01-08T12:12:30,2024-01-08T20:12:30,2,32285
2024-09-11T15:07:04,,7,18764
2025-02-11T01:28:50,2025-02-11T02:28:50,10,30414
2024-12-11T14:43:18,,1,19572
2024-06-27T03:29:54,2024-06-27T11:29:54,4,26966
2024-01-13T06:31:38,2024-01-13T13:31:38,2,20557
2024-05-11T11:52:24,2024-05-11T14:52:24,1,43146
2024-11-08T20:25:00,,10,28151
2024-11-07T15:03:57,2024-11-07T18:03:57,8,1108
2024-08-23T03:16:39,,5,20540
2024-12-01T19:51:03,2024-12-01T22:51:03,4,5386
2024-09-08T07:32:50,2024-09-08T10:32:50,4,33076
2024-10-28T04:05:01,2024-10-28T09:05:01,3,14785
2024-04-24T21:17:36,2024-04-25T04:17:36,3,12651
2025-10-09T07:33:45,2025-10-09T08:33:45,5,5462
2024-12-15T05:25:32,2024-12-15T06:25:32,3,19453
2025-02-08T16:54:51,2025-02-08T19:54:51,4,44740
2025-07-09T07:49:38,2025-07-09T11:49:38,2,37591
2024-03-24T01:00:42,,8,9404
2025-06-23T08:51:49,2025-06-23T11:51:49,10,7712
2024-03-17T04:05:13,2024-03-17T08:05:13,2,10950
2025-08-11T22:46:55,2025-08-12T03:46:55,1,3972
2025-01-21T00:55:19,2025-01-21T08:55:19,9,14244
2025-03-07T02:23:12,2025-03-07T04:23:12,8,14064
2025-05-08T16:54:24,2025-05-09T00:54:24,3,3153
2024-04-24T15:07:54,2024-04-24T19:07:54,1,45019
2023-11-08T07:23:49,2023-11-08T09:23:49,6,16347
2025-04-03T09:34:38,2025-04-03T14:34:38,10,29409
2025-05-30T21:06:12,2025-05-31T05:06:12,9,9276
2025-05-28T13:30:40,2025-05-28T17:30:40,4,15948
2025-09-07T20:26:49,2025-09-07T21:26:49,10,30105
2024-02-06T00:48:28,2024-02-06T06:48:28,9,46123
2024-07-24T17:55:25,2024-07-24T20:55:25,9,20736
2024-11-19T02:18:05,2024-11-19T04:18:05,2,45497
2025-03-25T10:43:47,2025-03-25T14:43:47,8,48144
2025-02-09T23:32:02,2025-02-10T07:32:02,1,15441
2024-12-17T20:37:06,2024-12-18T04:37:06,1,19091
2024-01-12T15:11:58,2024-01-12T19:11:58,5,49351
2024-01-04T19:35:48,2024-01-05T03:35:48,7,5188
2023-12-28T10:58:19,,5,39973
2025-09-10T17:52:28,2025-09-10T22:52:28,10,2181
2024-11-12T18:43:02,2024-11-12T22:43:02,9,29991
2025-08-17T07:39:14,2025-08-17T15:39:14,2,5634
2025-04-25T13:05:17,2025-04-25T20:05:17,7,34447
2025-06-11T04:00:35,2025-06-11T09:00:35,4,41298
2024-04-15T21:53:32,2024-04-16T00:53:32,2,23684
2024-12-02T19:46:39,2024-12-02T20:46:39,2,27289
2023-11-20T09:08:30,2023-11-20T10:08:30,4,9865
2025-01-27T17:47:49,,9,31541
2025-08-02T22:45:15,2025-08-03T02:45:15,1,24041
2025-02-20T02:53:20,,3,29695
2025-05-16T17:59:50,2025-05-16T21:59:50,3,5821
2024-10-26T19:32:39,2024-10-27T01:32:39,1,1795
2024-05-19T14:31:24,2024-05-19T20:31:24,9,43376
2023-11-25T22:50:56,2023-11-25T23:50:56,5,41580
2024-02-02T15:15:12,2024-02-02T21:15:12,9,12756
2025-06-23T12:16:20,2025-06-23T15:16:20,8,26189
2024-06-04T07:43:41,2024-06-04T14:43:41,10,21051
2025-01-25T21:41:59,2025-01-26T02:41:59,9,25663
2025-01-05T00:59:38,,3,31282
2024-11-10T04:15:15,2024-11-10T07:15:15,4,49300
2024-11-14T09:36:23,,4,15751
2025-04-14T11:30:39,,7,16517
2024-01-21T04:53:03,2024-01-21T06:53:03,1,39931
2025-01-08T08:35:05,2025-01-08T10:35:05,10,142
2025-07-08T16:36:49,,2,40272
2024-10-18T18:26:00,2024-10-18T21:26:00,7,4541
2025-03-28T13:06:36,2025-03-28T17:06:36,6,42837
2024-03-24T12:06:06,2024-03-24T17:06:06,4,9593
2025-10-31T10:32:28,2025-10-31T12:32:28,9,38888
2025-10-21T08:38:36,2025-10-21T13:38:36,6,46346
2024-08-11T00:14:23,2024-08-11T04:14:23,6,31330
2024-08-24T07:04:58,2024-08-24T13:04:58,10,37366
2024-12-12T16:56:51,2024-12-12T23:56:51,10,9777
2024-05-26T12:48:47,2024-05-26T18:48:47,2,32644
2024-04-06T16:10:53,2024-04-06T17:10:53,1,42155
2025-02-02T16:38:10,,6,26407
2025-04-22T07:15:35,2025-04-22T14:15:35,4,13146
2023-11-10T07:01:51,2023-11-10T09:01:51,6,45357
2024-11-17T03:50:10,2024-11-17T09:50:10,3,1872
2024-04-05T16:52:44,2024-04-05T20:52:44,10,2818
2024-08-16T17:40:03,2024-08-17T00:40:03,1,20944
2023-11-15T23:05:37,,2,3558
2025-07-18T01:44:23,2025-07-18T04:44:23,10,6189
2023-12-11T07:56:41,,9,45076
2024-11-04T01:36:47,2024-11-04T06:36:47,7,6138
2025-02-07T21:43:03,2025-02-08T05:43:03,2,44006
2024-05-30T11:58:41,2024-05-30T16:58:41,8,49345
2025-08-13T22:38:23,2025-08-14T00:38:23,6,44238
2025-08-07T10:44:19,2025-08-07T12:44:19,9,36340
2024-08-17T02:11:34,2024-08-17T10:11:34,8,28551
2024-11-12T16:08:06,2024-11-12T21:08:06,7,40114
2025-06-03T14:19:54,2025-06-03T22:19:54,5,2829
2025-06-20T12:50:48,,3,36841
2024-04-12T06:32:27,2024-04-12T14:32:27,7,39667
2024-04-05T22:49:33,2024-04-05T23:49:33,4,48666
2024-10-10T00:36:50,2024-10-10T06:36:50,10,47195
2025-05-16T01:51:29,2025-05-16T06:51:29,4,21819
2025-04-01T22:27:39,,5,48932
2024-11-29T00:29:32,,5,31590
2025-06-30T14:49:06,2025-06-30T22:49:06,9,23545
2023-11-18T07:47:06,2023-11-18T11:47:06,7,44400
2025-07-19T22:02:11,2025-07-19T23:02:11,5,5834
2023-12-28T19:53:37,2023-12-28T23:53:37,10,44673
2025-10-02T14:39:38,2025-10-02T20:39:38,9,10440
2024-01-22T00:47:52,2024-01-22T07:47:52,6,15821
2024-04-05T18:32:25,,10,27132
2024-11-15T19:50:20,2024-11-16T03:50:20,7,35414
2025-01-04T07:55:18,2025-01-04T11:55:18,2,30252
2024-05-30T18:00:39,2024-05-31T02:00:39,5,33476
2024-02-25T10:12:45,2024-02-25T12:12:45,10,26329
2024-08-13T09:24:18,,9,13189
2025-03-25T07:38:47,,10,34077
2024-10-07T15:10:43,,3,47928
2024-01-18T17:57:06,2024-01-19T01:57:06,4,37273
2024-01-28T22:00:30,,4,9089
2025-01-19T00:20:24,2025-01-19T07:20:24,7,41264
2023-12-10T18:12:39,2023-12-11T02:12:39,6,14922
2023-11-28T04:24:43,2023-11-28T07:24:43,7,19619
2024-07-10T21:52:36,2024-07-11T05:52:36,6,25733
2025-04-02T23:39:11,2025-04-03T04:39:11,8,17806
2025-10-30T15:02:27,2025-10-30T16:02:27,4,11139
2025-01-25T20:29:15,,4,19333
2025-03-31T22:35:53,2025-04-01T03:35:53,6,39997
2024-06-13T21:13:44,,2,22413
2024-03-28T13:06:35,2024-03-28T20:06:35,6,10491
2025-08-28T13:30:32,2025-08-28T19:30:32,7,19811
2025-03-21T07:47:15,2025-03-21T08:47:15,2,49865
2025-02-04T18:42:34,2025-02-04T19:42:34,7,1140
2025-01-21T16:24:24,,2,1014
2024-07-08T23:13:51,2024-07-09T00:13:51,5,6428
2025-01-27T15:12:39,2025-01-27T22:12:39,1,33854
2025-10-14T10:05:49,2025-10-14T16:05:49,1,5037
2025-07-11T03:01:23,2025-07-11T09:01:23,2,43000
2025-05-09T21:04:23,,3,27567
2024-07-04T10:48:11,2024-07-04T16:48:11,6,2168
2023-12-30T07:23:27,2023-12-30T14:23:27,3,9375
2024-06-13T11:56:34,2024-06-13T14:56:34,1,16291
2025-08-25T13:13:30,2025-08-25T15:13:30,6,42185
2025-06-22T23:57:38,2025-06-23T00:57:38,5,12191
2025-04-05T09:16:44,2025-04-05T11:16:44,6,46838
2025-06-25T01:02:01,2025-06-25T05:02:01,8,34565
2025-09-07T21:48:44,2025-09-07T23:48:44,1,36214
2024-02-21T16:20:01,2024-02-21T21:20:01,5,22840
2024-03-30T19:57:38,2024-03-30T21:57:38,7,40055
2025-08-07T19:04:04,,8,32676
2024-03-04T19:51:03,,2,45743
2024-04-04T14:03:28,2024-04-04T20:03:28,10,6508
2024-02-06T13:43:45,2024-02-06T17:43:45,7,38379
2024-12-18T20:31:44,2024-12-18T21:31:44,10,47356
2024-07-16T09:23:28,2024-07-16T11:23:28,1,49986
2024-10-01T15:06:12,2024-10-01T16:06:12,3,9633
2024-03-28T00:07:15,2024-03-28T06:07:15,5,47479
2023-12-13T13:51:21,2023-12-13T15:51:21,7,16364
2024-11-13T00:35:18,2024-11-13T04:35:18,3,27380
2025-04-06T23:29:06,,5,16361
2024-11-23T02:11:09,2024-11-23T04:11:09,3,25477
2025-04-23T02:35:17,2025-04-23T10:35:17,9,17702
2024-05-23T20:38:53,2024-05-24T00:38:53,2,21993
2025-06-28T01:05:20,2025-06-28T05:05:20,4,42496
2025-06-01T16:10:41,2025-06-01T18:10:41,9,35204
2024-03-15T08:21:29,2024-03-15T11:21:29,4,35069
2025-09-18T11:23:05,2025-09-18T15:23:05,3,42753
2025-10-02T05:20:49,2025-10-02T10:20:49,7,45345
2025-08-31T11:51:34,2025-08-31T17:51:34,10,9531
2024-04-30T05:57:33,2024-04-30T08:57:33,2,30932
2024-11-26T06:05:36,2024-11-26T10:05:36,3,47592
2025-08-14T21:23:29,2025-08-14T22:23:29,9,27754
2024-03-23T16:53:17,2024-03-23T22:53:17,6,26186
2025-08-23T23:58:20,2025-08-24T00:58:20,7,49698
2024-10-20T20:58:53,2024-10-20T21:58:53,7,24351
2025-07-11T18:35:29,2025-07-11T22:35:29,2,32179
2025-06-11T03:14:04,2025-06-11T08:14:04,5,11659
2025-08-03T19:44:07,2025-08-03T21:44:07,10,40018
2025-02-19T22:43:50,2025-02-20T03:43:50,4,23697
2025-03-14T02:00:33,2025-03-14T09:00:33,10,18658
2024-09-15T21:49:12,,5,25634
2025-01-13T16:33:15,,6,28350
2025-04-22T01:47:15,,9,26511
2024-06-18T05:42:28,2024-06-18T09:42:28,9,26842
2024-07-23T15:15:55,2024-07-23T18:15:55,7,20362
2024-01-24T16:21:12,2024-01-25T00:21:12,10,38091
2023-11-12T12:39:20,2023-11-12T13:39:20,9,900
2024-09-30T16:16:38,2024-09-30T17:16:38,4,40153
2025-03-07T11:56:32,2025-03-07T14:56:32,5,40586
2025-01-01T07:00:25,2025-01-01T09:00:25,4,17783
2025-09-02T02:35:11,,2,17659
2024-06-20T17:39:40,2024-06-20T22:39:40,3,6375
2025-07-18T09:14:35,2025-07-18T13:14:35,4,39450
2025-10-02T14:18:31,2025-10-02T18:18:31,8,27821
2025-07-20T19:59:48,,3,524
2025-10-27T20:42:10,2025-10-28T02:42:10,10,24894
2025-07-26T08:25:55,2025-07-26T13:25:55,5,23458
2024-11-30T22:44:32,2024-12-01T06:44:32,10,32120
2024-10-22T17:00:19,2024-10-22T21:00:19,5,4319
2025-06-01T00:19:04,2025-06-01T02:19:04,7,13041
2025-02-08T11:11:56,2025-02-08T13:11:56,6,1704
2024-01-11T11:50:37,,9,22164
2024-07-31T12:52:03,2024-07-31T18:52:03,3,26943
2024-03-18T17:10:26,2024-03-19T01:10:26,1,10495
2025-10-15T08:23:33,2025-10-15T10:23:33,6,634
2024-09-13T19:54:32,2024-09-13T20:54:32,5,31105
2024-10-11T11:52:49,2024-10-11T12:52:49,10,26564
2025-08-11T12:14:24,2025-08-11T14:14:24,4,7611
2024-03-01T03:58:07,2024-03-01T07:58:07,7,27374
2025-01-27T02:23:17,2025-01-27T03:23:17,7,13579
2025-03-13T12:22:48,2025-03-13T13:22:48,5,5327
2024-03-09T04:26:12,2024-03-09T06:26:12,8,26164
2025-04-19T06:04:47,2025-04-19T10:04:47,2,8779
2025-08-25T05:39:25,2025-08-25T13:39:25,9,45249
2024-08-23T05:19:51,,1,23953
2025-04-15T22:23:31,2025-04-16T01:23:31,2,23713
2024-12-02T19:42:32,2024-12-02T23:42:32,1,8736
2024-09-05T23:05:57,2024-09-06T04:05:57,9,36511
2025-06-07T16:42:07,,5,11713
2025-01-28T05:32:51,2025-01-28T08:32:51,6,24110
2025-08-08T21:11:29,2025-08-08T23:11:29,1,14293
2024-05-17T00:52:14,2024-05-17T05:52:14,4,26595
2025-01-30T14:45:35,,8,16074
2024-12-24T19:05:26,,9,41559
2024-05-03T09:49:30,2024-05-03T15:49:30,2,15056
2025-08-10T17:00:33,2025-08-10T20:00:33,5,41835
2025-06-14T17:23:19,2025-06-15T00:23:19,7,3597
2025-05-29T15:51:56,2025-05-29T19:51:56,4,857
2024-06-04T23:30:53,,10,36306
2025-11-05T20:16:42,,10,17639
2025-07-07T22:06:07,2025-07-07T23:06:07,9,16542
2025-01-23T07:40:32,,8,38001
2025-09-02T17:27:28,2025-09-02T18:27:28,7,31210
2024-10-05T17:51:13,2024-10-05T21:51:13,4,43796
2025-01-07T02:52:21,2025-01-07T08:52:21,1,43312
2025-07-21T17:27:55,2025-07-22T00:27:55,2,24540
2024-01-27T12:51:08,2024-01-27T18:51:08,9,27807
2025-10-25T06:23:50,2025-10-25T07:23:50,7,12577
2025-05-13T23:46:10,2025-05-14T05:46:10,1,28078
2024-03-28T11:41:05,2024-03-28T15:41:05,3,31928
2025-01-28T13:41:44,2025-01-28T14:41:44,9,48206
2024-09-26T16:19:14,2024-09-26T18:19:14,4,21812
2025-05-26T09:23:37,2025-05-26T14:23:37,7,26737
2024-08-29T02:13:43,,3,44256
2025-09-08T12:29:40,2025-09-08T16:29:40,9,7148
2025-02-02T06:21:33,,8,16705
2024-06-08T02:24:01,2024-06-08T04:24:01,9,3270
2024-09-21T18:12:00,,3,12747
2024-12-15T19:17:48,,10,14554
2024-05-06T02:07:38,2024-05-06T06:07:38,9,48853
2024-11-19T14:30:31,2024-11-19T19:30:31,8,33620
2025-01-28T11:40:14,2025-01-28T16:40:14,6,38212
2024-03-15T20:37:39,,4,43927
2024-12-25T07:03:47,2024-12-25T08:03:47,4,26505
2024-06-11T04:24:39,,7,18499
2024-09-29T17:14:55,2024-09-29T22:14:55,4,26249
2024-11-24T18:31:38,,6,41379
2024-08-17T07:47:53,2024-08-17T11:47:53,4,9758
2025-01-15T17:05:04,2025-01-15T23:05:04,6,37581
2025-02-16T00:35:37,2025-02-16T04:35:37,2,42631
2024-08-15T05:28:41,,10,12730
2024-09-01T20:53:25,2024-09-01T23:53:25,7,40579
2024-08-20T13:19:56,2024-08-20T20:19:56,1,4686
2024-11-21T17:58:47,2024-11-21T19:58:47,7,3524
2024-05-18T06:24:33,2024-05-18T14:24:33,4,1507
2025-07-16T18:26:47,2025-07-16T21:26:47,8,20975
2024-05-18T17:20:16,2024-05-19T00:20:16,1,47975
2024-09-10T01:04:06,2024-09-10T02:04:06,6,16458
2024-03-17T10:38:09,2024-03-17T13:38:09,10,22598
2025-07-23T11:53:24,2025-07-23T15:53:24,6,12988
2024-04-03T08:02:31,2024-04-03T15:02:31,7,9497
2023-11-17T08:57:56,2023-11-17T13:57:56,7,5801
2024-11-16T17:39:16,2024-11-17T00:39:16,2,12355
2024-02-29T08:52:30,2024-02-29T10:52:30,9,10702
2025-07-20T06:48:30,2025-07-20T08:48:30,3,32514
2024-07-28T14:00:36,2024-07-28T20:00:36,9,24392
2025-04-24T10:20:30,,4,1392
2025-10-13T15:20:09,2025-10-13T19:20:09,10,33795
2024-02-15T13:35:00,2024-02-15T18:35:00,6,6303
2025-10-18T13:13:25,2025-10-18T17:13:25,6,31462
2024-05-29T04:42:55,2024-05-29T11:42:55,8,48153
2025-08-01T21:40:27,,5,38660
2025-02-17T05:35:36,,1,27357
2025-02-19T09:02:03,2025-02-19T13:02:03,2,29715
2024-04-14T02:27:48,2024-04-14T09:27:48,5,19224
2025-08-21T08:21:29,2025-08-21T11:21:29,5,25190
2024-04-22T12:58:55,2024-04-22T19:58:55,9,9226
2023-12-01T20:53:44,2023-12-01T21:53:44,7,1760
2025-01-20T13:58:21,2025-01-20T21:58:21,10,11780
2025-03-05T20:47:26,2025-03-05T23:47:26,6,24746
2024-01-16T06:46:19,2024-01-16T10:46:19,6,3181
2025-01-29T12:17:37,2025-01-29T14:17:37,7,34780
2024-08-19T21:10:57,,4,26663
2023-12-24T12:15:16,2023-12-24T20:15:16,9,13560
2025-04-15T17:01:47,2025-04-15T22:01:47,10,26806
2024-11-29T12:45:36,,6,26126
2025-08-25T09:54:58,2025-08-25T10:54:58,8,31467
2025-05-09T02:50:09,2025-05-09T09:50:09,4,46641
2024-08-07T08:10:29,,1,48377
2024-05-01T12:07:32,2024-05-01T16:07:32,3,34260
2023-12-15T01:13:17,2023-12-15T02:13:17,7,15996
2024-01-08T18:18:13,2024-01-08T20:18:13,2,14590
2024-03-11T21:16:34,2024-03-12T01:16:34,6,39760
2025-10-05T11:55:01,2025-10-05T17:55:01,3,18233
2024-08-12T16:58:31,2024-08-13T00:58:31,4,32056
2025-08-18T22:34:41,2025-08-19T06:34:41,8,45632
2024-09-30T13:37:00,2024-09-30T21:37:00,6,28200
2024-03-24T20:29:54,2024-03-25T02:29:54,6,9275
2024-03-29T10:49:22,2024-03-29T11:49:22,5,29459
2024-04-20T05:46:01,2024-04-20T06:46:01,8,35226
2025-03-01T17:48:46,2025-03-01T19:48:46,9,45586
2025-03-09T20:08:20,2025-03-10T02:08:20,9,21917
2025-09-27T05:52:15,,3,27578
2024-11-01T23:06:16,2024-11-02T03:06:16,4,21573
2025-08-27T03:47:04,2025-08-27T08:47:04,1,20216
2024-02-11T13:38:55,2024-02-11T17:38:55,5,20925
2024-08-10T17:50:17,2024-08-10T21:50:17,6,36754
2025-06-09T11:19:18,,5,2896
2024-07-13T20:19:35,2024-07-14T02:19:35,8,16531
2025-08-13T21:01:35,2025-08-14T05:01:35,2,23908
2024-10-17T17:39:07,2024-10-18T01:39:07,10,33449
2025-09-09T18:17:42,2025-09-10T01:17:42,6,3573
2024-11-04T08:48:51,,8,24413
2025-09-28T08:56:55,2025-09-28T12:56:55,3,48246
2024-11-10T05:03:13,2024-11-10T09:03:13,2,23605
2024-06-06T20:08:11,2024-06-06T22:08:11,2,12850
2025-08-11T22:21:36,2025-08-12T03:21:36,2,17487
2024-02-27T17:57:20,2024-02-27T23:57:20,10,6574
2024-08-09T00:35:03,,4,26747
2025-04-14T15:33:39,,9,29879
2024-08-28T13:06:14,,10,9022
2025-10-02T21:25:49,2025-10-03T01:25:49,10,10890
2025-05-30T06:16:35,2025-05-30T12:16:35,10,11704
2024-11-25T20:50:40,2024-11-26T02:50:40,3,39636
2024-02-21T06:22:51,,5,8585
2024-04-25T19:00:00,2024-04-26T01:00:00,9,41397
2024-04-23T12:42:32,2024-04-23T20:42:32,4,26417
2024-05-13T08:25:51,2024-05-13T13:25:51,5,45221
2024-10-26T10:31:20,2024-10-26T11:31:20,5,40555
2025-07-04T03:14:34,2025-07-04T04:14:34,8,39459
2024-12-01T02:19:16,2024-12-01T03:19:16,4,2511
2023-12-04T09:49:14,2023-12-04T16:49:14,7,19774
2024-09-23T17:11:45,2024-09-23T23:11:45,1,41613
2025-10-15T14:47:33,,2,47583
2024-07-09T02:50:41,2024-07-09T06:50:41,8,2230
2025-05-26T15:56:09,,4,26042
2024-03-20T20:47:15,2024-03-20T21:47:15,5,26886
2025-05-15T01:17:48,,10,2030
2024-07-16T04:14:03,2024-07-16T10:14:03,2,18879
2025-06-07T00:40:25,2025-06-07T05:40:25,3,45457
2024-09-20T01:26:13,2024-09-20T07:26:13,7,27165
2024-03-19T12:15:29,2024-03-19T17:15:29,2,46238
2025-05-19T18:34:14,2025-05-20T01:34:14,2,46528
2024-01-27T05:26:51,,9,1858
2024-08-23T01:17:43,2024-08-23T07:17:43,7,30080
2025-06-26T22:29:54,2025-06-27T06:29:54,5,35704
2024-06-23T22:39:18,2024-06-24T01:39:18,8,10613
2024-10-11T06:45:03,2024-10-11T08:45:03,4,20186
2024-02-26T01:53:16,2024-02-26T04:53:16,3,29068
2024-08-06T08:32:00,2024-08-06T10:32:00,9,9430
2024-03-05T07:14:16,2024-03-05T08:14:16,7,13337
2024-04-14T06:06:24,2024-04-14T12:06:24,8,23687
2024-11-06T06:29:59,,1,10812
2024-12-01T21:37:06,2024-12-01T22:37:06,7,8054
2025-01-08T15:00:26,2025-01-08T17:00:26,5,7177
2024-04-02T17:24:30,2024-04-03T00:24:30,4,34933
2025-05-12T10:48:16,,2,46732
2025-03-30T23:26:45,2025-03-31T06:26:45,10,1521
2024-10-16T15:19:42,2024-10-16T18:19:42,7,42083
2024-10-21T13:38:44,2024-10-21T17:38:44,1,18223
2025-07-06T22:13:36,2025-07-07T00:13:36,8,10264
2023-12-30T02:54:16,2023-12-30T08:54:16,3,22916
2024-02-14T09:49:33,2024-02-14T14:49:33,10,37398
2023-12-21T05:39:48,,5,39207
2024-05-03T10:35:42,2024-05-03T14:35:42,2,17157
2024-08-22T04:15:29,2024-08-22T10:15:29,4,5676
2025-10-20T07:41:36,2025-10-20T13:41:36,7,10193
2024-04-22T08:19:46,2024-04-22T10:19:46,5,30842
2023-12-19T06:39:45,,1,37551
2024-09-30T14:28:54,2024-09-30T17:28:54,1,1801
2025-09-30T08:57:33,2025-09-30T16:57:33,3,3143
2025-01-01T12:22:02,,4,25391
2024-08-09T10:07:20,2024-08-09T16:07:20,4,37604
2025-03-09T11:29:05,,9,30800
2025-07-01T21:04:28,2025-07-02T03:04:28,10,41565
2024-11-16T00:03:54,2024-11-16T06:03:54,2,31496
2024-09-28T23:35:22,2024-09-29T02:35:22,4,48475
2023-11-22T09:05:43,2023-11-22T12:05:43,8,1872
2024-05-24T19:03:31,2024-05-24T23:03:31,5,2523
2023-11-20T13:02:37,2023-11-20T16:02:37,3,42688
2024-08-24T16:33:41,2024-08-24T21:33:41,8,30595
2024-12-13T21:45:15,2024-12-14T02:45:15,10,2657
2023-11-18T09:40:20,,3,28336
2025-01-10T18:10:55,,1,5468
2024-01-05T05:59:19,2024-01-05T06:59:19,2,32104
2025-10-25T16:24:12,,8,40228
2024-03-01T21:21:18,2024-03-01T22:21:18,2,12799
2025-10-15T08:14:13,2025-10-15T14:14:13,3,2356
2024-02-15T07:33:16,2024-02-15T08:33:16,5,27530
2025-01-05T12:51:07,2025-01-05T16:51:07,8,35887
2024-10-31T05:57:40,2024-10-31T07:57:40,9,7398
2024-01-11T23:02:17,2024-01-12T01:02:17,3,29225
2025-09-07T22:57:07,2025-09-08T03:57:07,9,39114
2025-04-12T02:17:42,2025-04-12T10:17:42,7,19766
2024-08-01T17:36:18,,9,2333
2024-02-13T10:08:35,2024-02-13T16:08:35,3,8464
2024-07-01T16:44:32,2024-07-01T22:44:32,3,16070
2024-05-27T08:29:05,2024-05-27T14:29:05,7,42591
2024-09-15T05:32:41,,7,34703
2025-04-29T19:19:45,2025-04-29T23:19:45,7,41117
2025-01-18T11:10:02,2025-01-18T15:10:02,4,33227
2024-10-21T12:21:14,2024-10-21T20:21:14,9,47492
2024-01-10T21:16:05,2024-01-11T01:16:05,8,8095
2024-08-28T16:39:17,2024-08-28T17:39:17,2,29154
2025-07-15T00:29:25,,1,42747
2024-03-21T11:31:16,,1,46994
2023-12-17T06:30:36,2023-12-17T10:30:36,4,9551
2025-08-03T07:49:22,2025-08-03T08:49:22,9,37862
2025-06-28T06:12:56,2025-06-28T10:12:56,10,35671
2025-06-11T18:53:36,2025-06-11T21:53:36,4,17181
2024-01-10T21:12:02,2024-01-11T05:12:02,9,36602
2025-03-06T00:58:36,2025-03-06T02:58:36,2,48438
2025-08-23T05:13:47,2025-08-23T12:13:47,1,26400
2023-11-14T18:01:08,2023-11-15T01:01:08,1,28155
2024-04-19T16:24:23,2024-04-19T17:24:23,9,12957
2023-12-21T23:56:37,2023-12-22T00:56:37,4,10073
2024-05-14T16:06:19,2024-05-14T20:06:19,9,11
2024-05-24T17:59:53,2024-05-24T18:59:53,2,48296
2024-12-15T10:45:10,,10,29177
2024-06-12T12:58:55,2024-06-12T13:58:55,6,49382
2024-11-14T22:52:31,2024-11-15T05:52:31,6,24870
2024-04-24T20:33:50,2024-04-25T00:33:50,5,41331
2025-10-18T01:10:00,,1,41813
2024-03-29T21:17:58,,3,18633
2023-11-08T02:19:00,2023-11-08T07:19:00,8,34679
2024-07-21T05:37:32,2024-07-21T08:37:32,4,47771
2024-01-02T17:09:18,2024-01-02T22:09:18,10,7863
2025-09-05T04:16:41,2025-09-05T09:16:41,1,33687
2025-03-06T07:14:57,,10,40218
2025-03-16T02:41:50,2025-03-16T10:41:50,10,35239
2025-11-04T06:57:54,2025-11-04T07:57:54,3,38506
2025-07-30T03:06:26,2025-07-30T07:06:26,8,24906
2025-02-11T22:03:22,,3,28492
2025-09-05T02:05:17,2025-09-05T06:05:17,1,28642
2025-01-12T21:44:18,2025-01-12T23:44:18,5,7253
2024-05-21T06:11:26,,1,5847
2025-03-12T01:44:25,2025-03-12T07:44:25,10,20138
2024-03-15T03:35:52,2024-03-15T10:35:52,3,28876
2024-02-16T11:06:01,2024-02-16T17:06:01,10,27486
2025-01-14T01:22:54,,10,16582
2025-01-30T15:39:21,2025-01-30T19:39:21,7,30544
2024-07-02T02:44:13,2024-07-02T05:44:13,1,22379
2024-01-20T15:49:04,,3,19667
2023-12-06T14:00:38,2023-12-06T20:00:38,10,12984
2025-02-11T01:21:40,2025-02-11T02:21:40,1,38605
2025-05-02T18:11:22,2025-05-02T22:11:22,5,44931
2025-09-05T21:52:11,,10,40740
2024-09-18T12:18:27,2024-09-18T14:18:27,5,33391
2024-07-30T02:15:25,,6,9613
2024-03-13T05:50:47,2024-03-13T07:50:47,7,39126
2025-08-24T03:40:11,2025-08-24T08:40:11,2,33036
2025-08-02T23:03:41,,2,32788
2025-03-07T10:43:54,2025-03-07T12:43:54,3,32683
2024-04-02T15:35:12,2024-04-02T17:35:12,8,5699
2025-09-23T18:18:20,2025-09-24T00:18:20,8,6143
2025-06-01T05:39:57,,8,37157
2025-06-03T11:22:18,2025-06-03T16:22:18,2,46725
2024-06-25T01:08:16,2024-06-25T02:08:16,2,17799
2025-09-12T17:01:04,2025-09-12T20:01:04,2,41949
2023-11-07T21:48:56,2023-11-08T05:48:56,8,21714
2024-05-04T10:41:34,,6,41849
2024-05-19T21:29:50,2024-05-20T05:29:50,7,1754
2024-08-17T02:39:13,2024-08-17T03:39:13,7,3116
2025-09-29T13:02:24,2025-09-29T15:02:24,2,49135
2024-09-19T14:07:43,2024-09-19T20:07:43,3,13997
2025-10-06T07:54:57,2025-10-06T11:54:57,8,27835
2023-12-02T05:17:39,2023-12-02T12:17:39,7,28920
2024-10-11T01:15:11,2024-10-11T08:15:11,7,34006
2024-05-08T12:03:47,2024-05-08T13:03:47,8,26697
2024-02-16T21:15:17,,7,42161
2025-08-06T10:39:56,2025-08-06T11:39:56,7,46472
2025-04-11T10:22:23,2025-04-11T14:22:23,8,36919
2025-09-03T11:25:43,2025-09-03T18:25:43,2,25892
2025-07-15T16:41:45,2025-07-15T17:41:45,1,32789
2025-10-04T08:59:54,,8,33673
2024-12-01T07:45:35,,2,34516
2024-09-04T05:52:30,,8,43202
2024-12-23T17:30:42,2024-12-23T21:30:42,9,39672
2025-03-09T02:36:56,2025-03-09T06:36:56,6,47165
2023-11-20T07:33:04,,4,13704
2025-08-02T20:50:35,2025-08-03T01:50:35,10,941
2024-03-16T11:44:30,2024-03-16T14:44:30,10,2744
2025-08-25T02:50:27,,2,28531
2024-12-28T12:44:41,,2,34286
2025-08-28T06:48:13,,10,41510
2025-05-05T18:33:13,2025-05-05T21:33:13,4,29425
2025-03-23T09:42:45,,7,38883
2025-07-24T16:40:27,2025-07-24T22:40:27,2,42344
2025-09-03T14:22:13,,5,40086
2023-12-19T17:33:00,2023-12-19T23:33:00,9,25362
2023-12-26T09:45:19,2023-12-26T11:45:19,6,15621
2025-01-29T04:15:29,2025-01-29T07:15:29,6,21888
2025-05-02T12:46:26,,5,24400
2024-10-23T12:50:57,2024-10-23T14:50:57,5,22305
2025-07-14T17:56:59,2025-07-15T00:56:59,5,7309
2024-12-02T23:49:00,2024-12-03T01:49:00,9,11938
2024-04-13T23:13:39,2024-04-14T05:13:39,8,21937
2024-09-01T15:36:39,2024-09-01T20:36:39,7,31374
2024-04-03T16:26:10,2024-04-03T21:26:10,1,46253
2024-02-09T15:40:46,,2,25464
2024-07-23T23:44:17,,9,16836
2025-01-26T07:58:16,2025-01-26T13:58:16,4,43910
2025-10-25T01:38:01,,1,35849
2025-10-08T05:35:42,2025-10-08T09:35:42,8,38557
2025-11-01T14:27:55,,6,21704
2024-06-10T00:02:21,2024-06-10T04:02:21,4,4743
2024-09-05T20:01:00,2024-09-05T23:01:00,6,3793
2025-10-24T16:50:01,2025-10-25T00:50:01,5,42430
2025-09-24T04:51:06,,3,15102
2024-09-08T17:47:05,,10,31312
2023-11-13T01:36:19,,6,13301
2024-07-29T08:32:58,2024-07-29T09:32:58,9,27240
2024-07-09T18:57:00,2024-07-09T20:57:00,4,27681
2024-09-02T07:16:10,2024-09-02T10:16:10,4,9293
2024-04-04T18:45:34,,1,45718
2024-09-14T10:19:26,2024-09-14T15:19:26,8,36141
2025-05-20T06:51:31,2025-05-20T13:51:31,10,29306
2025-06-16T07:13:05,2025-06-16T15:13:05,5,28914
2025-10-23T06:49:04,2025-10-23T08:49:04,3,45327
2025-08-09T06:37:05,2025-08-09T11:37:05,6,16795
2023-12-14T00:30:47,2023-12-14T08:30:47,10,88
2024-01-19T01:23:52,2024-01-19T06:23:52,5,27550
2025-10-19T12:02:45,2025-10-19T20:02:45,7,45518
2024-03-17T18:35:12,2024-03-17T23:35:12,1,6903
2024-01-16T18:44:23,2024-01-16T19:44:23,1,43703
2024-10-13T22:37:39,2024-10-14T03:37:39,4,31273
2025-05-08T10:12:21,2025-05-08T14:12:21,2,22194
2025-10-31T08:16:18,2025-10-31T12:16:18,1,45836
2025-02-13T10:16:16,2025-02-13T16:16:16,8,10573
2025-02-15T11:53:29,2025-02-15T14:53:29,9,41741
2023-12-04T17:18:06,2023-12-04T19:18:06,7,24893
2024-11-13T23:45:34,2024-11-14T02:45:34,5,32020
2024-12-15T07:04:43,2024-12-15T11:04:43,7,26647
2025-05-09T11:57:30,2025-05-09T16:57:30,10,47885
2025-08-05T09:28:45,2025-08-05T14:28:45,10,20638
2024-04-12T17:32:52,2024-04-12T23:32:52,3,41667
2024-06-24T02:16:12,2024-06-24T06:16:12,7,19814
2025-10-05T01:33:29,2025-10-05T07:33:29,8,26331
2024-06-23T15:36:26,,5,43494
2024-06-19T06:48:57,2024-06-19T10:48:57,4,17265
2024-02-28T06:29:36,2024-02-28T11:29:36,3,47792
2025-06-14T09:26:38,,1,1958
2025-08-18T06:01:23,2025-08-18T13:01:23,3,36478
2024-03-19T04:14:52,2024-03-19T09:14:52,2,26596
2025-06-16T11:20:31,,3,19173
2025-06-04T02:22:10,2025-06-04T05:22:10,7,38711
2024-11-15T02:47:13,2024-11-15T07:47:13,8,20076
2025-04-14T22:54:59,2025-04-15T03:54:59,2,2787
2024-03-16T12:06:14,2024-03-16T17:06:14,10,12884
2025-04-13T18:59:28,2025-04-13T22:59:28,6,9957
2025-07-30T07:12:22,2025-07-30T09:12:22,10,2076
2024-05-26T09:47:52,2024-05-26T11:47:52,4,4430
2023-12-18T14:25:53,2023-12-18T20:25:53,2,37995
2024-05-05T16:35:14,,1,29235
2025-10-07T22:28:24,2025-10-08T04:28:24,2,12350
2025-04-15T11:59:11,,6,4066
2024-12-05T08:19:17,2024-12-05T11:19:17,1,27459
2024-04-09T18:11:47,,5,35107
2025-02-12T00:44:48,,6,26747
2024-08-09T13:23:05,2024-08-09T21:23:05,8,1866
2024-06-08T18:07:02,2024-06-08T21:07:02,5,765
2025-08-03T19:39:50,,1,36041
2025-03-29T01:04:21,2025-03-29T08:04:21,3,41268
2024-01-09T22:58:56,2024-01-10T06:58:56,9,46625
2025-06-27T09:36:05,2025-06-27T11:36:05,1,43183
2024-11-12T23:25:02,2024-11-13T03:25:02,4,2207
2024-05-22T19:22:45,2024-05-22T20:22:45,6,29032
2024-07-06T23:21:11,2024-07-07T04:21:11,4,6103
2025-09-13T22:26:54,2025-09-14T01:26:54,3,37305
2025-06-19T05:47:23,2025-06-19T06:47:23,8,47243
2024-12-01T10:29:37,2024-12-01T11:29:37,7,16268
2025-04-20T05:00:52,2025-04-20T07:00:52,5,15093
2024-03-19T20:31:58,2024-03-19T21:31:58,7,12492
2024-08-25T09:34:19,2024-08-25T15:34:19,8,46786
2025-05-09T17:25:06,,7,10912
2025-07-01T20:27:16,2025-07-01T21:27:16,7,24133
2023-12-09T02:24:29,2023-12-09T07:24:29,2,11456
2025-08-15T15:30:42,2025-08-15T21:30:42,7,44602
2025-02-25T11:13:43,2025-02-25T13:13:43,3,670
2023-12-10T20:32:36,2023-12-11T00:32:36,7,19568
2024-10-18T11:50:45,,6,18198
2024-07-21T14:37:47,2024-07-21T22:37:47,7,29710
2024-12-29T08:42:08,2024-12-29T16:42:08,4,48648
2023-11-17T10:59:50,2023-11-17T13:59:50,2,40227
2025-07-16T05:56:07,2025-07-16T11:56:07,4,43765
2025-06-25T10:07:18,2025-06-25T16:07:18,7,18229
2025-07-25T03:23:23,2025-07-25T11:23:23,4,22753
2025-01-16T18:26:16,2025-01-16T20:26:16,7,24584
2024-06-27T07:26:25,2024-06-27T15:26:25,5,43638
2025-07-14T02:04:30,2025-07-14T06:04:30,9,20919
2024-03-01T17:31:51,2024-03-01T23:31:51,8,25412
2025-01-21T07:56:38,2025-01-21T11:56:38,4,16071
2023-11-18T07:55:45,2023-11-18T10:55:45,9,1862
2024-12-02T21:49:21,2024-12-03T05:49:21,5,29622
2025-05-28T10:02:35,2025-05-28T14:02:35,6,43023
2025-04-19T22:10:12,2025-04-20T02:10:12,9,43478
2025-11-06T17:52:11,2025-11-06T19:52:11,3,6466
2024-09-28T08:00:42,,4,33962
2024-04-04T10:50:59,2024-04-04T15:50:59,1,19682
2025-03-09T10:33:05,2025-03-09T16:33:05,3,16256
2025-07-05T03:15:48,2025-07-05T09:15:48,10,24048
2024-06-20T02:10:33,2024-06-20T08:10:33,4,42059
2025-05-31T15:48:15,,1,6442
2024-06-12T10:50:23,2024-06-12T17:50:23,5,29238
2025-07-09T02:48:07,2025-07-09T10:48:07,6,46235
2025-09-13T00:17:01,2025-09-13T04:17:01,6,11723
2024-01-13T17:43:20,2024-01-13T18:43:20,8,40324
2024-06-25T09:17:10,2024-06-25T17:17:10,8,40964
2025-01-19T07:00:30,2025-01-19T11:00:30,5,1199
2025-10-06T02:52:09,2025-10-06T03:52:09,2,34906
2024-01-25T17:49:46,,8,21537
2024-11-15T03:41:42,2024-11-15T06:41:42,1,33972
2025-09-24T19:06:27,2025-09-24T23:06:27,5,40502
2024-05-23T21:15:46,2024-05-23T22:15:46,6,13640
2024-09-14T16:14:31,,1,43147
2025-03-08T19:43:21,,10,16849
2024-12-19T04:18:03,2024-12-19T05:18:03,10,14366
2025-09-03T15:21:46,2025-09-03T17:21:46,1,39553
2025-10-10T11:03:40,2025-10-10T12:03:40,10,7462
2025-10-30T05:45:18,,1,43003
2025-02-10T01:18:54,,2,8183
2025-07-17T22:40:41,2025-07-17T23:40:41,1,7962
2024-12-27T19:01:24,2024-12-27T23:01:24,3,8458
2024-01-17T19:44:12,2024-01-17T23:44:12,3,22527
2024-02-25T01:08:08,2024-02-25T09:08:08,3,39720
2025-02-06T05:18:01,2025-02-06T11:18:01,5,22947
2023-12-19T16:06:59,2023-12-19T18:06:59,2,42654
2025-05-09T03:13:19,2025-05-09T09:13:19,3,39226
2025-06-25T21:14:29,2025-06-26T04:14:29,10,26588
2025-10-07T09:44:42,2025-10-07T13:44:42,3,45549
2024-01-17T01:53:17,2024-01-17T09:53:17,10,18999
2023-12-09T23:08:43,2023-12-10T01:08:43,6,9058
2024-07-08T08:12:43,2024-07-08T11:12:43,7,1934
2025-04-13T05:36:31,2025-04-13T13:36:31,8,15104
2024-12-26T06:12:43,2024-12-26T11:12:43,1,23547
2023-11-11T05:00:01,2023-11-11T09:00:01,7,18910
2025-09-14T18:34:03,2025-09-15T01:34:03,8,36102
2025-06-17T15:00:31,2025-06-17T18:00:31,2,8351
2025-10-06T18:59:41,2025-10-06T22:59:41,3,2100
2024-07-23T19:49:20,2024-07-24T00:49:20,2,1189
2025-02-19T00:21:28,2025-02-19T04:21:28,9,24747
2025-06-29T19:53:30,,4,49820
2024-01-18T17:51:35,2024-01-18T22:51:35,3,49087
2023-12-11T16:01:57,2023-12-12T00:01:57,1,36677
2025-05-03T22:49:35,2025-05-04T02:49:35,10,42218
2025-09-05T22:15:55,2025-09-06T04:15:55,1,9273
2024-04-18T11:24:25,2024-04-18T13:24:25,2,25297
2024-07-09T20:13:16,,1,26591
2023-11-19T05:12:58,,2,3073
2025-06-15T20:47:10,,8,46190
2024-11-15T04:28:47,2024-11-15T11:28:47,9,32750
2025-01-25T05:28:29,2025-01-25T12:28:29,6,40492
2024-12-18T12:30:09,2024-12-18T14:30:09,9,510
2024-10-05T12:03:25,2024-10-05T15:03:25,6,49266
2024-09-04T06:55:27,2024-09-04T11:55:27,9,29956
2025-10-08T07:51:09,2025-10-08T14:51:09,7,37904
2025-01-14T18:43:54,2025-01-15T00:43:54,10,5268
2024-07-20T20:57:16,,8,46330
2025-10-06T04:29:05,,10,23871
2024-10-11T10:38:22,2024-10-11T15:38:22,1,3850
2025-05-08T05:32:53,2025-05-08T06:32:53,6,23434
2024-06-17T21:55:12,2024-06-17T23:55:12,5,44949
2025-05-02T17:33:52,2025-05-03T01:33:52,1,27266
2024-03-05T03:45:21,2024-03-05T05:45:21,3,28701
2025-11-01T13:56:35,2025-11-01T21:56:35,5,41474
2024-12-02T03:49:20,2024-12-02T07:49:20,5,38728
2024-10-02T05:33:33,,8,7416
2025-01-27T10:01:16,2025-01-27T18:01:16,9,22731
2023-12-23T18:45:24,,6,3544
2024-08-15T05:31:55,2024-08-15T13:31:55,1,9943
2024-03-01T11:30:57,2024-03-01T13:30:57,2,38031
2024-03-14T07:17:58,,6,21594
2024-06-20T07:18:29,2024-06-20T11:18:29,4,12061
2025-03-14T05:14:29,2025-03-14T08:14:29,9,14146
2024-03-18T03:05:50,2024-03-18T08:05:50,1,2545
2024-07-20T10:19:43,2024-07-20T11:19:43,10,19894
2024-05-02T13:52:02,2024-05-02T18:52:02,4,29890
2024-08-16T00:05:47,2024-08-16T01:05:47,10,43844
2025-05-08T19:24:01,2025-05-09T00:24:01,2,43320
2024-02-20T03:36:52,2024-02-20T08:36:52,2,36179
2025-10-11T10:36:53,,4,25800
2025-01-24T17:36:06,2025-01-25T00:36:06,9,26994
2025-02-26T16:13:04,2025-02-26T19:13:04,8,34032
2024-02-10T05:14:57,2024-02-10T10:14:57,10,40489
2025-02-02T15:20:35,2025-02-02T18:20:35,8,8926
2025-03-15T21:26:14,,9,23804
2025-01-18T05:55:20,2025-01-18T12:55:20,3,6387
2025-05-24T07:43:51,,1,14737
2025-08-20T07:30:16,2025-08-20T11:30:16,5,22652
2025-10-16T00:25:31,2025-10-16T01:25:31,3,47286
2025-07-31T02:26:31,2025-07-31T06:26:31,10,13115
2025-07-23T05:25:56,2025-07-23T11:25:56,8,73
2024-08-12T11:01:21,2024-08-12T16:01:21,1,3993
2023-11-22T22:55:39,2023-11-23T04:55:39,7,14036
2025-06-24T19:39:19,2025-06-25T03:39:19,7,1155
2025-11-01T16:17:51,2025-11-01T21:17:51,8,21637
2025-03-15T07:14:58,,3,38263
2024-01-19T19:46:36,2024-01-20T02:46:36,4,45792
2025-03-13T08:57:16,2025-03-13T11:57:16,4,43199
2025-06-01T18:01:26,2025-06-01T22:01:26,5,49053
2024-08-08T15:56:28,,6,46117
2023-12-07T04:02:09,,7,6419
2025-05-30T00:10:36,2025-05-30T08:10:36,10,3889
2025-10-07T17:15:38,2025-10-07T21:15:38,1,9550
2024-06-08T11:58:43,2024-06-08T13:58:43,3,37256
2024-06-25T05:12:47,2024-06-25T11:12:47,4,35678
2023-11-08T13:23:19,,8,27309
2025-10-18T07:21:35,2025-10-18T13:21:35,9,49541
2025-02-16T12:18:16,2025-02-16T16:18:16,4,32950
2024-02-15T08:30:19,2024-02-15T16:30:19,6,404
2024-02-25T03:36:30,,10,28389
2025-10-04T23:55:35,2025-10-05T03:55:35,6,46805
2025-03-29T19:31:11,2025-03-30T00:31:11,6,49515
2024-10-19T17:12:53,2024-10-19T22:12:53,3,7457
2024-11-21T22:00:42,,3,46333
2024-05-29T06:13:06,2024-05-29T07:13:06,2,27917
2024-08-25T06:45:27,,5,43539
2023-12-31T18:11:48,2024-01-01T00:11:48,2,43811
2025-06-06T08:07:37,2025-06-06T12:07:37,10,39912
2024-09-19T18:54:15,2024-09-20T00:54:15,2,46490
2024-02-17T01:44:52,2024-02-17T02:44:52,10,8314
2024-07-11T09:51:35,2024-07-11T17:51:35,10,31853
2025-05-22T20:00:55,2025-05-23T02:00:55,9,44706
2024-04-10T09:50:02,2024-04-10T15:50:02,6,18127
2024-08-09T13:07:05,2024-08-09T19:07:05,8,28326
2024-02-12T07:42:58,,10,40685
2024-01-22T18:50:06,,4,20953
2024-12-18T05:43:30,2024-12-18T09:43:30,9,42371
2024-10-23T05:06:01,2024-10-23T11:06:01,10,32584
2024-11-27T19:54:50,2024-11-27T20:54:50,9,17981
2025-07-29T21:43:51,2025-07-30T03:43:51,3,9807
2024-05-23T19:02:03,,10,36020
2024-02-18T13:36:05,2024-02-18T14:36:05,10,19538
2025-08-18T06:44:43,,5,14841
2024-03-22T02:03:32,2024-03-22T04:03:32,1,17872
2025-10-18T09:29:00,2025-10-18T14:29:00,4,222
2024-01-12T05:11:02,2024-01-12T11:11:02,9,40425
2025-06-04T20:23:36,2025-06-05T02:23:36,3,37366
2024-05-04T20:50:00,2024-05-05T04:50:00,7,12556
2025-06-20T14:05:37,,3,36178
2024-05-05T03:57:51,2024-05-05T05:57:51,10,11424
2023-12-04T14:31:37,2023-12-04T20:31:37,9,23217
2024-08-28T16:11:52,2024-08-28T18:11:52,3,41207
2023-12-13T08:36:55,,9,2792
2023-11-18T07:08:10,2023-11-18T14:08:10,4,4637
2024-02-16T00:05:16,,6,7981
2024-01-23T05:16:42,2024-01-23T11:16:42,7,35557
2023-12-23T08:35:50,2023-12-23T09:35:50,10,34577
2024-11-13T03:23:46,,5,4300
2024-08-02T19:05:29,2024-08-03T03:05:29,10,8796
2023-11-11T10:22:36,2023-11-11T18:22:36,5,27941
2024-03-28T23:21:45,2024-03-29T05:21:45,9,9795
2025-09-04T07:41:33,2025-09-04T13:41:33,1,8491
2024-02-28T17:18:05,2024-02-28T19:18:05,10,35930
2025-06-04T10:28:53,,5,231
2025-03-28T15:35:00,2025-03-28T18:35:00,2,11626
2024-04-22T23:53:48,2024-04-23T07:53:48,3,43224
2025-06-12T18:33:50,2025-06-12T19:33:50,9,2489
2024-12-16T01:27:39,,2,29292
2024-10-31T07:42:12,2024-10-31T12:42:12,7,44358
2024-12-13T02:55:26,2024-12-13T05:55:26,9,48523
2023-11-28T00:04:30,2023-11-28T01:04:30,5,41989
2023-12-14T00:50:01,2023-12-14T03:50:01,10,15791
2024-08-05T04:53:13,,5,21605
2024-01-22T22:36:12,2024-01-23T04:36:12,10,22164
2025-04-17T15:15:54,2025-04-17T18:15:54,7,36817
2025-10-16T02:07:56,2025-10-16T07:07:56,4,4276
2025-10-17T03:32:11,2025-10-17T09:32:11,8,10121
2024-12-19T08:27:16,2024-12-19T10:27:16,7,38684
2024-05-25T03:12:07,2024-05-25T05:12:07,6,27321
2024-08-13T08:19:49,2024-08-13T15:19:49,9,48256
2024-10-31T16:12:46,2024-11-01T00:12:46,6,2334
2024-09-07T07:13:15,2024-09-07T13:13:15,5,39541
2025-05-09T03:33:18,2025-05-09T06:33:18,4,22417
2024-03-01T16:08:41,2024-03-01T21:08:41,1,32342
2025-08-18T23:28:37,2025-08-19T04:28:37,3,1899
2025-02-25T15:49:33,,7,13783
2024-01-18T07:35:50,,9,27887
2025-02-18T11:12:46,2025-02-18T18:12:46,5,116
2025-03-23T08:52:20,2025-03-23T10:52:20,2,21520
2025-06-20T01:20:41,2025-06-20T06:20:41,6,14892
2024-05-15T09:22:55,2024-05-15T15:22:55,1,19492
2023-12-21T13:09:15,,7,7638
2025-05-28T04:19:28,,1,19161
2025-01-10T04:42:39,2025-01-10T09:42:39,10,3120
2024-10-25T09:14:05,2024-10-25T15:14:05,7,38577
2024-08-08T23:24:28,,1,1036
2025-07-03T01:06:21,2025-07-03T09:06:21,9,18844
2025-02-04T13:45:57,2025-02-04T15:45:57,6,28674
2024-12-29T12:17:06,,6,33715
2024-06-11T15:07:08,2024-06-11T20:07:08,8,14487
2025-07-05T12:16:59,2025-07-05T20:16:59,2,45003
2025-09-06T03:37:11,2025-09-06T10:37:11,1,43727
2023-11-10T22:28:12,2023-11-11T00:28:12,10,6120
2023-12-20T14:07:41,2023-12-20T16:07:41,1,43044
2023-11-18T20:39:15,2023-11-19T00:39:15,9,37785
2025-02-16T10:27:25,2025-02-16T11:27:25,5,35498
2025-07-26T21:35:45,2025-07-27T00:35:45,8,14999
2024-04-06T10:50:11,2024-04-06T17:50:11,9,41052
2025-10-13T13:21:44,2025-10-13T16:21:44,3,4930
2025-06-11T01:29:07,2025-06-11T05:29:07,3,35170
2024-02-28T13:59:05,2024-02-28T16:59:05,8,47100
2024-10-27T20:25:14,2024-10-28T01:25:14,2,43
2024-02-02T04:02:25,2024-02-02T08:02:25,2,3181
2025-06-24T12:33:10,,8,21790
2024-05-07T16:33:41,2024-05-07T21:33:41,8,9939
2024-06-24T02:21:35,2024-06-24T03:21:35,5,40525
2024-07-28T11:28:10,2024-07-28T12:28:10,5,36994
2025-06-09T15:12:49,2025-06-09T22:12:49,10,41149
2024-11-03T08:43:10,2024-11-03T12:43:10,3,42762
2024-05-02T18:38:42,2024-05-02T19:38:42,6,3217
2025-08-04T06:22:17,2025-08-04T09:22:17,10,12526
2025-06-16T13:35:10,,3,15367
2024-05-22T00:29:53,2024-05-22T02:29:53,1,19085
2024-06-28T20:52:01,2024-06-29T00:52:01,8,7498
2024-03-20T20:28:05,2024-03-21T02:28:05,10,11902
2024-10-27T22:15:57,2024-10-28T01:15:57,2,48398
2025-09-15T05:55:37,2025-09-15T11:55:37,1,9537
2024-07-01T16:42:22,2024-07-01T21:42:22,6,25968
2025-10-26T10:29:19,2025-10-26T13:29:19,9,14760
2024-12-10T02:37:48,2024-12-10T04:37:48,2,158
2025-05-05T15:09:39,2025-05-05T22:09:39,7,923
2024-12-22T05:55:33,2024-12-22T08:55:33,5,491
2025-06-07T11:10:40,2025-06-07T12:10:40,3,27604
2025-02-10T00:57:55,2025-02-10T06:57:55,7,13944
2025-11-01T11:30:10,2025-11-01T13:30:10,6,47857
2025-11-02T09:55:57,2025-11-02T14:55:57,1,36832
2024-12-01T19:17:23,2024-12-01T23:17:23,10,10617
2024-03-06T18:24:08,,9,44437
2025-11-06T12:27:32,2025-11-06T17:27:32,10,809
2025-08-01T22:13:30,2025-08-02T05:13:30,8,23504
2024-05-12T03:49:37,2024-05-12T09:49:37,3,19957
2025-04-19T19:18:26,2025-04-19T22:18:26,5,19166
2025-07-15T15:51:40,2025-07-15T17:51:40,3,41846
2024-08-22T15:25:04,2024-08-22T17:25:04,6,38406
2025-06-08T04:54:35,2025-06-08T05:54:35,8,9207
2025-09-19T04:03:11,,4,22125
2025-07-07T04:57:32,2025-07-07T11:57:32,2,22045
2023-12-30T13:49:22,,5,47793
2025-02-25T10:55:19,2025-02-25T13:55:19,7,36295
2025-04-19T11:06:26,2025-04-19T15:06:26,8,13702
2025-10-12T15:03:39,2025-10-12T23:03:39,10,5801
2025-10-30T11:17:12,,5,16740
2024-06-19T05:39:02,2024-06-19T10:39:02,9,23601
2025-03-09T09:36:02,,7,8050
2023-11-20T08:00:17,,8,27961
2024-07-10T07:14:42,2024-07-10T14:14:42,2,13821
2024-05-01T20:53:08,2024-05-01T23:53:08,3,22275
2024-08-04T18:54:42,2024-08-05T02:54:42,1,11603
2024-02-19T15:17:03,2024-02-19T23:17:03,9,19875
2025-08-26T20:12:27,2025-08-27T03:12:27,4,37614
2025-07-01T19:50:51,,6,48046
2024-03-23T07:37:44,2024-03-23T11:37:44,6,3897
2025-01-23T10:26:34,,2,5303
2024-05-25T07:04:56,2024-05-25T09:04:56,3,31446
2025-02-15T17:34:06,2025-02-15T18:34:06,7,41492
2024-11-14T20:42:39,,6,21534
2024-02-15T21:05:27,2024-02-16T05:05:27,2,27305
2025-06-17T08:25:40,2025-06-17T15:25:40,10,41795
2024-04-26T03:46:34,2024-04-26T10:46:34,3,32787
2025-10-27T11:16:25,2025-10-27T19:16:25,8,2206
2024-05-11T16:34:06,2024-05-11T18:34:06,1,37771
2025-05-13T11:06:40,,9,21023
2025-10-24T03:11:05,2025-10-24T08:11:05,5,5369
2024-02-08T22:01:43,,7,48276
2024-11-07T00:20:57,2024-11-07T05:20:57,4,6743
2024-01-01T10:51:52,2024-01-01T17:51:52,7,43852
2024-07-27T11:49:08,,2,12824
2025-09-20T17:37:36,2025-09-20T23:37:36,1,24219
2024-11-01T10:26:29,2024-11-01T11:26:29,3,19663
2024-06-07T12:32:58,2024-06-07T17:32:58,8,20020
2025-06-20T19:14:48,2025-06-20T21:14:48,4,19697
2025-06-25T12:16:05,2025-06-25T18:16:05,3,49021
2025-06-04T00:32:34,2025-06-04T03:32:34,2,18362
2025-03-08T18:26:03,2025-03-08T23:26:03,8,49108
2023-12-24T15:27:13,,5,19805
2024-03-27T12:03:16,2024-03-27T17:03:16,8,18119
2024-03-25T01:42:43,2024-03-25T05:42:43,4,47442
2025-01-25T07:07:22,2025-01-25T12:07:22,6,19589
2025-06-18T21:58:31,2025-06-19T01:58:31,1,38223
2023-11-14T06:31:47,2023-11-14T14:31:47,7,34571
2025-08-13T08:48:43,,4,37945
2024-03-10T07:27:57,2024-03-10T09:27:57,2,659
2024-12-01T18:02:41,2024-12-01T23:02:41,7,34972
2024-10-07T19:02:20,2024-10-07T23:02:20,10,22203
2025-06-23T03:54:00,2025-06-23T04:54:00,8,16484
2025-01-19T03:26:26,2025-01-19T09:26:26,4,19102
2024-03-04T18:48:38,2024-03-04T20:48:38,1,37286
2024-09-30T17:55:20,2024-10-01T01:55:20,3,44261
2023-12-16T02:00:40,2023-12-16T09:00:40,3,8484
2024-09-18T00:18:00,2024-09-18T07:18:00,3,15786
2024-10-29T22:33:47,2024-10-30T05:33:47,5,16448
2025-09-08T04:41:05,2025-09-08T11:41:05,6,9246
2025-01-30T00:34:11,2025-01-30T01:34:11,6,34604
2025-08-13T18:44:58,2025-08-13T23:44:58,2,38944
2024-01-25T08:34:53,,7,1424
2023-12-31T23:16:06,2024-01-01T07:16:06,7,19717
2024-06-29T16:08:34,,6,36193
2024-08-12T21:09:24,2024-08-13T05:09:24,6,22738
2024-12-03T01:36:30,2024-12-03T07:36:30,10,13255
2024-10-17T09:35:34,2024-10-17T15:35:34,10,21840
2025-08-19T20:18:08,,5,20761
2025-09-30T18:42:13,2025-10-01T02:42:13,9,18715
2025-10-13T07:28:00,2025-10-13T13:28:00,7,12991
2024-01-08T18:26:48,2024-01-08T23:26:48,4,5030
2025-06-26T19:21:25,2025-06-27T03:21:25,5,39311
2025-01-04T14:36:45,,9,1642
2024-10-25T20:28:52,2024-10-26T00:28:52,4,12902
2024-11-09T08:10:31,,9,16752
2025-01-16T20:29:37,2025-01-17T02:29:37,1,3184
2024-01-18T06:21:00,,3,10484
2025-07-12T15:24:32,,4,763
2024-04-02T17:16:15,2024-04-03T01:16:15,4,14136
2024-05-11T03:22:24,2024-05-11T06:22:24,4,39048
2025-01-28T07:16:08,,2,26242
2024-11-20T18:31:56,,10,16567
2024-02-07T20:44:09,2024-02-07T22:44:09,9,46747
2024-02-10T10:38:10,,5,38664
2025-02-15T03:34:02,,10,28708
2024-07-20T02:33:23,2024-07-20T10:33:23,9,15450
2024-03-09T19:55:49,2024-03-09T23:55:49,7,44829
2025-08-06T15:22:04,2025-08-06T23:22:04,1,11357
2024-07-23T18:17:12,,8,22109
2024-05-13T12:42:35,2024-05-13T13:42:35,10,17955
2024-08-08T12:00:50,2024-08-08T17:00:50,8,36328
2025-08-21T07:13:06,2025-08-21T13:13:06,4,30016
2024-08-12T04:25:13,,2,36636
2025-10-07T04:31:52,2025-10-07T11:31:52,2,7266
2024-06-07T09:06:00,,8,32802
2025-09-16T21:10:32,2025-09-17T02:10:32,1,18466
2024-10-11T03:58:56,2024-10-11T05:58:56,5,2065
2025-09-06T08:18:04,2025-09-06T14:18:04,5,27235
2025-04-20T17:24:25,2025-04-20T19:24:25,4,32008
2023-11-18T19:38:02,2023-11-19T01:38:02,5,21967
2023-11-15T22:48:34,,8,12129
2024-01-04T19:06:49,,10,15540
2025-06-10T06:00:22,2025-06-10T08:00:22,10,7208
2024-10-06T00:25:34,2024-10-06T06:25:34,7,37003
2025-09-14T03:27:11,2025-09-14T10:27:11,10,16051
2023-12-28T18:58:00,2023-12-28T19:58:00,2,13512
2024-01-26T11:53:07,,10,32115
2024-08-10T11:10:39,2024-08-10T12:10:39,7,2012
2025-04-03T23:30:17,2025-04-04T02:30:17,9,45644
2024-12-08T04:24:50,,8,18510
2023-11-19T04:55:45,2023-11-19T07:55:45,8,27246
2024-10-07T12:39:48,,3,38267
2024-09-05T08:41:42,2024-09-05T15:41:42,4,31830
2024-06-28T09:02:02,2024-06-28T16:02:02,2,22132
2025-01-24T12:00:51,2025-01-24T15:00:51,10,14436
2025-10-15T05:09:20,2025-10-15T11:09:20,8,34436
2024-02-28T21:44:41,2024-02-29T04:44:41,8,22905
2025-02-11T19:33:26,2025-02-12T02:33:26,6,12464
2024-11-10T10:43:30,2024-11-10T12:43:30,2,45848
2025-10-28T01:41:34,,1,15405
2024-11-28T07:32:33,2024-11-28T12:32:33,2,21540
2025-09-26T14:06:32,2025-09-26T18:06:32,4,13896
2025-01-26T04:51:31,,2,28379
2025-08-18T18:02:26,2025-08-18T23:02:26,7,20714
2023-12-04T03:27:28,2023-12-04T04:27:28,10,14575
2024-08-29T20:53:16,2024-08-30T03:53:16,6,1045
2025-07-02T04:53:49,2025-07-02T10:53:49,5,30430
2025-04-19T11:55:47,2025-04-19T12:55:47,5,36014
2024-08-07T00:42:16,2024-08-07T06:42:16,10,49514
2024-03-16T20:42:29,2024-03-17T03:42:29,9,32204
2025-10-18T21:17:28,,9,2018
2025-07-19T14:36:27,2025-07-19T20:36:27,2,47895
2024-06-03T08:33:44,2024-06-03T13:33:44,5,46309
2023-11-21T19:44:31,2023-11-22T01:44:31,10,16660
2024-07-02T17:02:58,,8,46753
2024-12-10T04:12:02,,2,34868
2025-06-17T03:06:48,2025-06-17T10:06:48,1,7907
2024-04-07T19:09:47,2024-04-07T23:09:47,4,42755
2024-08-22T21:10:57,,2,3934
2025-07-09T21:25:26,2025-07-09T22:25:26,6,20521
2024-06-05T02:12:32,2024-06-05T06:12:32,3,8530
2024-03-31T13:09:09,,7,49842
2025-04-10T21:18:03,2025-04-11T00:18:03,2,9165
2025-06-30T22:50:13,2025-06-30T23:50:13,2,44059
2024-01-27T00:22:56,2024-01-27T07:22:56,9,33687
2024-02-22T16:41:18,2024-02-22T17:41:18,9,25083
2025-07-23T22:26:31,2025-07-24T00:26:31,1,6238
2023-11-22T21:36:58,2023-11-22T23:36:58,2,17116
2025-02-12T14:26:34,2025-02-12T17:26:34,8,14665
2024-05-01T14:08:48,2024-05-01T19:08:48,8,39861
2024-10-04T23:57:31,2024-10-05T07:57:31,1,38376
2024-10-23T12:47:37,2024-10-23T17:47:37,10,35565
2024-11-09T23:24:01,2024-11-10T06:24:01,8,41756
2024-01-05T16:16:28,2024-01-05T21:16:28,8,37326
2025-07-02T01:54:05,,6,26226
2023-11-27T08:53:53,2023-11-27T15:53:53,5,5568
2025-08-21T16:58:31,2025-08-21T19:58:31,3,41402
2025-04-17T02:36:10,2025-04-17T10:36:10,7,18742
2025-02-22T11:59:27,,2,41681
2024-03-19T04:05:14,2024-03-19T10:05:14,9,22711
2025-07-14T20:55:24,2025-07-15T00:55:24,8,1298
2024-05-31T23:39:08,2024-06-01T07:39:08,6,11571
2025-09-26T07:51:15,2025-09-26T14:51:15,3,42246
2024-04-24T17:43:19,2024-04-24T22:43:19,7,15683
2024-12-11T17:43:35,2024-12-11T20:43:35,1,49534
2025-04-05T06:53:04,,4,23978
2024-11-24T03:12:26,2024-11-24T11:12:26,3,47825
2025-05-17T03:19:46,2025-05-17T06:19:46,8,36434
2025-03-06T20:45:03,2025-03-07T01:45:03,1,3530
2024-11-18T19:56:56,2024-11-18T21:56:56,1,37011
2024-10-04T00:22:16,,3,11302
2025-03-10T15:32:50,2025-03-10T20:32:50,1,20944
2024-05-06T23:03:45,2024-05-07T00:03:45,3,15875
2024-09-07T13:14:48,2024-09-07T17:14:48,2,39237
2023-11-19T02:19:02,2023-11-19T06:19:02,5,4780
2024-04-25T03:38:54,2024-04-25T08:38:54,3,13074
2025-03-16T16:33:33,,5,180
2025-08-23T07:59:56,2025-08-23T14:59:56,4,2911
2024-10-11T14:13:33,2024-10-11T19:13:33,1,10377
2025-10-19T12:20:59,2025-10-19T18:20:59,3,27198
2025-08-21T18:36:36,2025-08-22T00:36:36,2,5203
2025-10-24T05:16:58,2025-10-24T06:16:58,8,5614
2024-02-26T06:16:01,2024-02-26T14:16:01,7,10964
2025-09-27T01:14:56,2025-09-27T05:14:56,10,32769
2024-03-18T04:00:01,2024-03-18T11:00:01,9,3031
2024-07-17T07:53:14,2024-07-17T10:53:14,10,42179
2025-04-04T12:29:44,2025-04-04T18:29:44,8,26740
2025-01-24T12:42:18,2025-01-24T15:42:18,4,43126
2024-10-26T04:10:22,2024-10-26T12:10:22,5,2717
2025-02-27T13:36:29,2025-02-27T16:36:29,6,16383
2025-06-08T22:27:38,2025-06-09T05:27:38,10,45570
2024-05-12T17:13:36,2024-05-12T23:13:36,1,30329
2025-03-25T08:39:16,2025-03-25T11:39:16,8,27649
2025-05-02T16:22:10,2025-05-02T21:22:10,2,5205
2025-08-26T15:26:08,2025-08-26T21:26:08,7,9725
2025-02-15T01:10:51,2025-02-15T07:10:51,4,15308
2025-02-06T03:39:18,2025-02-06T07:39:18,4,27000
2025-02-14T01:51:30,,10,16623
2023-11-25T13:54:51,2023-11-25T20:54:51,6,33585
2025-01-19T01:59:07,2025-01-19T09:59:07,10,31285
2023-12-26T20:51:26,2023-12-27T02:51:26,8,30387
2025-01-24T03:11:57,2025-01-24T09:11:57,4,39289
2025-01-17T10:06:58,2025-01-17T12:06:58,5,6286
2025-04-30T03:43:42,2025-04-30T05:43:42,3,43139
2025-06-11T06:00:03,2025-06-11T11:00:03,5,3942
2024-12-10T14:09:15,2024-12-10T18:09:15,1,32099
2023-12-07T05:51:36,2023-12-07T12:51:36,4,22606
2025-07-12T01:40:34,2025-07-12T07:40:34,10,41462
2024-12-26T02:36:30,,7,33877
2024-05-09T12:18:43,2024-05-09T13:18:43,10,39881
2025-01-12T06:05:35,2025-01-12T11:05:35,6,31814
2024-06-16T05:56:20,2024-06-16T06:56:20,6,11961
2025-07-21T20:14:53,2025-07-22T01:14:53,8,38979
2025-10-26T10:40:31,2025-10-26T13:40:31,2,31859
2024-02-20T06:53:41,2024-02-20T13:53:41,2,47069
2024-07-03T17:07:01,2024-07-03T20:07:01,7,2234
2025-06-07T01:57:16,,5,14148
2025-07-29T12:12:17,,3,15251
2025-04-07T02:03:48,2025-04-07T04:03:48,5,31538
2024-08-29T02:05:18,2024-08-29T10:05:18,10,24803
2024-05-15T07:46:45,,7,45860
2024-04-08T19:58:10,2024-04-09T03:58:10,1,30165
2023-11-13T02:42:36,2023-11-13T04:42:36,6,44024
2025-04-26T12:35:48,2025-04-26T13:35:48,7,15631
2023-11-21T18:48:52,2023-11-21T19:48:52,6,47970
2025-05-15T08:18:30,2025-05-15T12:18:30,1,47914
2025-09-16T00:04:47,2025-09-16T04:04:47,2,8233
2024-06-27T19:48:07,2024-06-27T21:48:07,7,36757
2025-06-20T02:35:59,,1,1160
2024-06-22T03:37:05,2024-06-22T08:37:05,7,13656
2024-11-02T14:23:10,2024-11-02T20:23:10,5,23794
2024-10-05T02:46:16,,1,25062
2024-09-18T22:31:56,,6,5118
2025-10-19T04:18:30,2025-10-19T06:18:30,2,3115
2024-09-13T06:49:34,2024-09-13T13:49:34,8,8370
2024-05-27T01:24:46,,10,24377
2024-09-02T15:30:17,2024-09-02T22:30:17,9,12813
2025-01-01T19:22:31,2025-01-01T23:22:31,9,25949
2025-09-23T15:39:55,2025-09-23T20:39:55,6,44330
2025-05-30T14:35:49,2025-05-30T15:35:49,1,28687
2024-11-25T03:16:43,2024-11-25T06:16:43,8,33362
2025-02-19T03:01:45,2025-02-19T07:01:45,5,2149
2024-04-05T23:45:33,2024-04-06T00:45:33,10,3814
2024-08-05T02:48:48,,5,27661
2024-01-24T16:22:26,2024-01-24T20:22:26,2,42638
2024-01-09T07:35:35,2024-01-09T12:35:35,7,29616
2024-10-31T11:35:59,2024-10-31T14:35:59,5,34781
2025-04-10T07:46:53,2025-04-10T11:46:53,10,24608
2024-12-13T10:19:57,,5,45430
2024-10-08T19:13:42,2024-10-09T02:13:42,1,26642
2024-08-28T13:16:31,,4,28196
2024-01-22T21:07:52,2024-01-23T00:07:52,2,41464
2024-03-07T03:12:47,,7,35675
2025-06-04T22:36:37,2025-06-05T06:36:37,6,19678
2024-07-27T19:46:36,2024-07-28T02:46:36,1,32439
2024-07-31T18:00:31,2024-08-01T02:00:31,5,32759
2025-04-05T15:44:14,2025-04-05T18:44:14,5,39765
2025-10-27T22:47:55,2025-10-28T04:47:55,9,1237
2024-06-27T05:29:01,2024-06-27T09:29:01,8,17716
2024-10-15T07:21:42,2024-10-15T12:21:42,7,40185
2024-01-15T13:04:05,2024-01-15T19:04:05,5,25930
2025-10-15T16:07:05,2025-10-16T00:07:05,2,15133
2025-08-29T07:17:10,2025-08-29T08:17:10,8,35647
2024-02-03T18:57:38,2024-02-03T22:57:38,7,48235
2024-11-11T23:44:39,2024-11-12T06:44:39,1,32153
2024-03-13T19:28:46,2024-03-13T21:28:46,1,29897
2025-10-26T12:04:26,2025-10-26T16:04:26,9,45135
2024-07-06T02:33:27,2024-07-06T05:33:27,10,21246
2025-04-22T10:14:44,,1,26709
2024-01-10T23:21:59,2024-01-11T06:21:59,1,42754
2024-05-19T03:03:50,,10,46393
2025-01-04T06:24:40,2025-01-04T09:24:40,10,22613
2024-10-27T04:26:20,2024-10-27T07:26:20,7,49424
2024-08-11T04:48:04,,3,18466
2025-11-03T01:40:51,2025-11-03T02:40:51,9,1659
2025-06-03T16:42:46,,1,28016
2025-08-23T14:02:41,2025-08-23T16:02:41,6,26862
2024-09-07T23:22:58,,5,5113
2024-06-09T19:50:18,2024-06-09T20:50:18,1,33774
2024-03-28T18:29:22,2024-03-29T00:29:22,9,34782
2024-02-15T09:23:28,2024-02-15T17:23:28,1,1544
2025-06-02T12:25:21,,8,11907
2023-11-30T13:56:37,2023-11-30T19:56:37,7,38305
2024-04-08T16:58:50,2024-04-08T17:58:50,7,5079
2025-07-06T06:45:14,2025-07-06T08:45:14,6,28737
2024-12-29T22:39:09,2024-12-30T02:39:09,9,11305
2025-09-15T07:32:56,,4,48449
2025-10-26T04:16:51,,4,47820
2024-01-21T19:12:11,2024-01-21T20:12:11,5,37310
2024-08-30T12:19:19,2024-08-30T14:19:19,4,49710
2024-03-15T16:56:51,2024-03-15T22:56:51,5,42499
2025-05-16T14:21:35,2025-05-16T15:21:35,6,6442
2023-11-09T15:37:46,2023-11-09T23:37:46,3,2606
2025-06-23T14:00:44,2025-06-23T18:00:44,6,37767
2025-01-15T21:10:14,2025-01-16T03:10:14,5,44210
2024-06-10T10:53:14,2024-06-10T14:53:14,10,47095
2024-03-15T13:43:42,,2,33698
2025-09-16T21:11:16,2025-09-16T23:11:16,3,29653
2024-06-01T15:29:44,2024-06-01T19:29:44,3,17154
2024-01-31T09:44:30,,10,28926
2025-05-05T11:00:53,2025-05-05T14:00:53,6,3548
2024-07-12T15:58:13,2024-07-12T19:58:13,7,28464
2025-06-05T01:45:09,,4,44223
2024-12-31T22:07:13,2025-01-01T06:07:13,3,30548
2025-11-05T02:18:00,,2,43712
2025-02-14T12:50:44,2025-02-14T20:50:44,3,3542
2025-07-14T01:03:48,2025-07-14T03:03:48,6,18785
2025-07-14T03:57:24,2025-07-14T10:57:24,9,13884
2024-12-24T21:30:29,2024-12-25T03:30:29,5,13228
2024-01-11T04:16:32,2024-01-11T12:16:32,6,16906
2024-11-04T15:17:13,2024-11-04T23:17:13,4,40038
2025-02-24T02:37:33,2025-02-24T09:37:33,6,47809
2023-12-09T03:34:54,2023-12-09T09:34:54,7,44296
2024-01-11T16:37:45,2024-01-11T19:37:45,9,45030
2025-07-14T03:45:37,2025-07-14T06:45:37,3,19375
2025-06-26T23:12:51,2025-06-27T07:12:51,1,26189
2025-02-04T12:20:51,2025-02-04T19:20:51,6,33502
2024-03-16T09:07:44,2024-03-16T16:07:44,9,46768
2024-12-12T22:21:39,2024-12-13T06:21:39,7,46456
2025-01-19T23:58:24,,2,7443
2025-08-13T07:21:35,,5,7752
2025-05-10T10:43:04,2025-05-10T14:43:04,6,31720
2025-04-28T12:23:47,2025-04-28T19:23:47,6,6019
2025-08-20T22:44:43,,1,13903
2025-04-21T11:10:22,2025-04-21T13:10:22,3,38231
2024-01-12T10:46:55,2024-01-12T17:46:55,4,37657
2024-01-18T06:53:40,2024-01-18T09:53:40,1,10873
2023-11-29T09:35:30,2023-11-29T14:35:30,1,10292
2024-03-04T15:38:36,2024-03-04T20:38:36,5,14144
2024-05-09T05:26:25,2024-05-09T08:26:25,2,43885
2024-02-08T01:11:46,2024-02-08T02:11:46,3,12805
2024-11-28T23:41:06,,2,2056
2024-06-18T05:30:40,2024-06-18T12:30:40,1,14140
2025-08-19T02:35:19,2025-08-19T09:35:19,4,48981
2025-07-30T13:54:56,2025-07-30T16:54:56,4,37996
2024-09-02T15:30:05,,5,36738
2024-03-03T05:12:53,2024-03-03T13:12:53,8,44766
2025-09-04T00:58:06,2025-09-04T02:58:06,10,45378
2024-11-28T12:31:13,2024-11-28T13:31:13,9,12426
2024-04-26T09:50:18,2024-04-26T11:50:18,5,25723
2024-03-02T10:06:29,2024-03-02T16:06:29,7,44536
2025-09-28T20:13:35,2025-09-29T03:13:35,4,1499
2025-02-07T23:48:58,2025-02-08T03:48:58,3,9668
2024-05-24T05:07:48,,9,16049
2025-02-22T19:54:24,2025-02-23T03:54:24,9,10077
2025-07-05T06:36:10,2025-07-05T11:36:10,7,14090
2025-06-17T00:17:03,2025-06-17T04:17:03,1,4094
2024-10-11T04:32:10,2024-10-11T07:32:10,7,45874
2025-05-27T02:52:52,2025-05-27T06:52:52,6,18457
2024-05-01T19:03:28,,10,34603
2024-12-21T09:33:49,2024-12-21T13:33:49,8,35992
2025-06-20T09:57:47,2025-06-20T16:57:47,4,42999
2024-11-06T12:19:59,2024-11-06T14:19:59,10,27958
2024-05-23T00:29:21,,7,26980
2025-05-30T19:41:11,2025-05-31T03:41:11,6,36789
2025-05-26T12:55:50,,7,34422
2023-11-26T12:22:37,2023-11-26T14:22:37,6,46192
2023-11-18T07:08:47,2023-11-18T09:08:47,4,34807
2024-03-03T08:57:13,2024-03-03T14:57:13,10,20464
2024-06-20T02:28:04,2024-06-20T03:28:04,5,48205
2024-10-27T14:06:04,2024-10-27T17:06:04,6,5575
2024-08-14T12:22:09,2024-08-14T15:22:09,4,42515
2024-11-24T08:53:09,2024-11-24T15:53:09,3,27043
2024-07-03T15:54:46,2024-07-03T17:54:46,8,4738
2025-08-22T17:58:52,2025-08-22T23:58:52,10,12812
2024-01-04T12:06:18,,6,29299
2025-07-23T15:49:25,2025-07-23T20:49:25,10,25181
2025-09-09T03:29:54,2025-09-09T05:29:54,5,34230
2025-04-23T07:23:30,,8,48636
2024-01-26T16:58:50,2024-01-26T17:58:50,6,47607
2023-12-03T13:54:17,,1,20710
2024-08-22T07:02:07,2024-08-22T14:02:07,5,33864
2024-01-06T03:40:15,2024-01-06T05:40:15,4,24279
2024-12-23T00:37:42,,9,29675
2025-07-20T08:38:30,,7,42982
2025-05-12T22:01:36,,10,47657
2024-03-01T14:56:49,2024-03-01T15:56:49,5,23884
2025-03-13T12:58:20,2025-03-13T15:58:20,6,16195
2025-01-21T04:27:35,2025-01-21T09:27:35,10,47802
2024-10-12T16:03:36,,8,37830
2025-08-06T22:16:17,2025-08-07T01:16:17,10,27350
2025-10-10T11:22:29,2025-10-10T18:22:29,9,38859
2025-04-26T23:57:25,2025-04-27T05:57:25,8,16870
2024-12-15T02:22:42,2024-12-15T05:22:42,4,13457
2024-05-01T17:47:23,2024-05-01T18:47:23,2,41760
2025-08-11T00:31:32,2025-08-11T05:31:32,4,20531
2025-04-26T21:02:44,2025-04-27T02:02:44,2,19922
2025-01-23T09:12:28,2025-01-23T17:12:28,3,47265
2024-10-03T05:45:18,2024-10-03T06:45:18,9,11734
2025-05-14T06:29:07,2025-05-14T07:29:07,1,43138
2025-08-05T21:09:08,2025-08-06T02:09:08,4,9847
2024-03-19T18:09:47,2024-03-20T00:09:47,3,5201
2025-03-26T10:34:01,2025-03-26T13:34:01,8,22371
2024-07-28T02:12:12,2024-07-28T06:12:12,5,1693
2025-08-12T19:36:20,2025-08-12T23:36:20,3,46745
2025-05-24T17:31:18,2025-05-24T21:31:18,5,13981
2025-02-16T17:42:10,2025-02-16T22:42:10,5,23946
2025-06-10T12:53:35,2025-06-10T20:53:35,7,43689
2025-02-28T21:19:55,2025-03-01T04:19:55,6,4501
2024-01-22T17:20:42,,7,22884
2025-02-10T18:25:50,2025-02-10T23:25:50,1,30971
2024-07-23T12:06:28,2024-07-23T17:06:28,8,40399
2025-03-23T05:49:23,2025-03-23T12:49:23,7,48389
2024-04-16T12:56:15,2024-04-16T20:56:15,6,13988
2024-11-14T08:15:28,,6,47255
2025-08-18T23:33:53,2025-08-19T05:33:53,1,14305
2024-08-29T15:55:13,2024-08-29T22:55:13,8,3556
2025-02-15T07:04:04,2025-02-15T08:04:04,9,4933
2024-12-05T19:11:12,2024-12-06T03:11:12,7,42426
2024-03-17T08:16:09,2024-03-17T14:16:09,4,45542
2025-09-22T02:00:03,,3,2161
2025-09-16T13:09:26,2025-09-16T19:09:26,7,26099
2024-01-22T20:50:28,,5,1950
2024-06-05T23:26:40,2024-06-06T00:26:40,10,23382
2025-02-03T15:40:21,2025-02-03T19:40:21,6,21858
2024-03-29T18:44:23,2024-03-30T01:44:23,2,9848
2024-10-01T13:29:08,2024-10-01T21:29:08,2,37218
2023-12-26T01:33:28,2023-12-26T07:33:28,1,13931
2024-10-07T17:08:21,2024-10-07T18:08:21,7,32132
2025-02-16T23:16:47,,7,25010
2024-02-03T14:11:28,2024-02-03T22:11:28,10,37900
2025-10-26T00:07:57,2025-10-26T04:07:57,9,32710
2025-09-09T01:06:11,2025-09-09T07:06:11,6,37661
2024-03-01T13:54:52,2024-03-01T16:54:52,5,32989
2024-07-07T08:55:27,,7,9027
2025-01-06T17:27:36,2025-01-06T18:27:36,2,32581
2025-02-22T01:15:09,,7,42711
2025-10-28T18:21:29,2025-10-28T20:21:29,1,43401
2025-03-02T13:14:17,,5,15012
2024-08-03T09:38:07,2024-08-03T10:38:07,7,14805
2025-03-31T06:49:38,,1,9486
2025-07-25T18:17:57,2025-07-25T23:17:57,4,11652
2025-06-16T22:59:07,,4,20091
2024-06-05T04:53:16,2024-06-05T06:53:16,8,8246
2023-11-17T06:53:32,2023-11-17T08:53:32,9,29133
2024-09-12T12:09:12,2024-09-12T17:09:12,1,11084
2024-12-14T21:59:30,2024-12-14T23:59:30,4,41689
2024-07-03T04:12:10,2024-07-03T09:12:10,10,9459
2025-06-01T10:13:43,2025-06-01T15:13:43,4,2522
2025-10-17T21:29:33,2025-10-18T05:29:33,4,32627
2025-06-25T22:11:59,,10,41949
2025-02-04T08:06:58,2025-02-04T11:06:58,4,19713
2025-05-12T06:15:04,2025-05-12T07:15:04,9,7920
2024-04-03T08:18:14,2024-04-03T10:18:14,1,32396
2025-05-27T21:19:18,,5,44214
2024-04-17T21:05:54,2024-04-18T05:05:54,2,24093
2024-10-07T06:35:31,2024-10-07T12:35:31,1,9083
2024-03-04T00:08:41,2024-03-04T03:08:41,2,12303
2024-01-28T12:45:57,2024-01-28T17:45:57,9,17610
2025-04-18T22:49:11,2025-04-19T04:49:11,10,17528
2025-09-06T14:39:41,2025-09-06T17:39:41,3,47515
2025-02-14T06:03:22,2025-02-14T10:03:22,5,30832
2025-10-22T07:49:48,,4,22123
2024-09-18T21:05:35,2024-09-19T00:05:35,1,46493
2024-11-16T13:14:16,2024-11-16T19:14:16,5,47982
2024-08-15T07:22:24,2024-08-15T13:22:24,6,28740
2025-04-20T03:39:38,2025-04-20T05:39:38,5,14242
2025-07-06T04:23:06,,6,7364
2024-12-19T03:01:54,2024-12-19T10:01:54,7,41166
2024-04-16T17:04:09,,2,43278
2023-12-30T22:50:41,2023-12-31T04:50:41,2,27632
2024-11-09T02:43:53,2024-11-09T04:43:53,4,12483
2023-12-23T04:40:32,2023-12-23T05:40:32,4,5666
2024-10-11T09:56:06,2024-10-11T16:56:06,3,40416
2024-07-06T15:12:27,2024-07-06T16:12:27,9,14295
2025-06-12T13:13:29,2025-06-12T14:13:29,6,25069
2023-12-12T10:09:24,2023-12-12T17:09:24,1,17359
2024-01-08T06:18:50,2024-01-08T10:18:50,3,27678
2025-06-01T01:43:01,2025-06-01T03:43:01,5,24658
2025-03-31T08:09:16,2025-03-31T16:09:16,10,13876
2025-05-01T15:32:34,2025-05-01T17:32:34,10,42632
2024-02-17T13:27:12,2024-02-17T14:27:12,9,33702
2024-09-25T05:42:37,2024-09-25T09:42:37,2,25158
2024-03-20T10:40:06,2024-03-20T13:40:06,3,16529
2024-11-10T12:55:14,2024-11-10T18:55:14,3,42242
2024-11-20T19:35:56,2024-11-21T01:35:56,9,7452
2025-10-30T09:11:40,2025-10-30T13:11:40,4,37997
2023-12-30T14:45:14,2023-12-30T15:45:14,1,35622
2024-01-05T02:54:08,,6,8679
2025-05-22T13:59:55,,6,24003
2024-03-21T14:51:57,,6,35655
2023-12-04T08:28:22,2023-12-04T12:28:22,2,16691
2025-09-01T14:36:34,2025-09-01T16:36:34,3,40083
2024-05-20T07:40:06,2024-05-20T12:40:06,4,16946
2024-01-18T08:32:05,2024-01-18T12:32:05,7,10
2024-10-14T16:59:35,2024-10-14T21:59:35,7,15465
2024-11-29T16:23:04,,1,30250
2025-07-31T15:20:06,,4,38254
2025-03-01T08:17:17,2025-03-01T16:17:17,9,28804
2025-01-26T14:29:59,,3,8443
2024-09-13T17:19:01,,4,41725
2025-04-13T08:22:03,2025-04-13T15:22:03,10,38324
2025-09-08T19:33:36,,9,29802
2024-12-15T01:02:36,2024-12-15T05:02:36,8,15637
2024-06-19T22:32:14,,7,39482
2024-11-14T15:50:20,2024-11-14T18:50:20,8,45718
2024-11-26T19:43:54,2024-11-27T03:43:54,1,5868
2025-08-02T23:41:33,2025-08-03T07:41:33,10,13043
2025-03-26T20:29:52,2025-03-27T00:29:52,10,29494
2025-04-25T15:55:24,,6,28596
2025-09-23T10:07:06,2025-09-23T17:07:06,3,13142
2023-11-11T11:40:43,2023-11-11T14:40:43,8,22142
2024-07-19T18:39:47,2024-07-19T23:39:47,1,39300
2024-11-28T03:02:42,2024-11-28T06:02:42,2,27603
2024-10-10T16:43:49,,10,41632
2024-07-14T12:43:17,2024-07-14T14:43:17,5,36458
2024-11-10T23:47:20,,6,39835
2024-05-07T01:18:03,2024-05-07T04:18:03,2,42430
2025-07-13T09:22:43,2025-07-13T17:22:43,3,24928
2025-10-24T22:16:22,2025-10-25T03:16:22,7,44712
2025-09-28T01:05:19,2025-09-28T05:05:19,3,46777
2024-02-02T13:26:36,2024-02-02T19:26:36,2,48845
2024-12-13T18:53:08,2024-12-14T02:53:08,2,43039
2025-04-13T10:25:25,2025-04-13T18:25:25,7,38454
2023-12-19T07:50:54,,2,45146
2025-10-23T08:44:28,2025-10-23T11:44:28,7,494
2024-01-20T19:38:46,2024-01-21T03:38:46,4,8486
2025-07-25T18:51:29,,7,14285
2025-01-01T09:30:20,,1,36137
2024-03-27T17:25:26,,9,43846
2024-09-18T01:47:16,2024-09-18T07:47:16,7,33929
2024-12-13T14:40:29,2024-12-13T15:40:29,10,26201
2025-02-06T05:42:29,2025-02-06T10:42:29,10,32231
2025-10-19T23:48:40,2025-10-20T03:48:40,4,1163
2023-11-12T18:07:01,,6,3258
2024-04-09T20:50:23,2024-04-10T01:50:23,7,48076
2025-05-16T01:35:26,2025-05-16T09:35:26,2,8869
2025-01-16T17:38:03,2025-01-16T21:38:03,5,13177
2024-12-26T20:59:17,2024-12-27T02:59:17,3,24122
2024-02-17T04:41:20,,5,14273
2024-05-02T22:06:30,2024-05-02T23:06:30,4,32361
2025-05-26T06:59:16,,8,47189
2024-05-05T10:35:26,2024-05-05T14:35:26,7,23578
2025-05-25T11:56:37,,8,43899
2024-02-01T08:53:58,2024-02-01T09:53:58,8,26181
2024-10-13T13:52:17,2024-10-13T20:52:17,2,36828
2025-07-27T00:01:33,2025-07-27T06:01:33,5,18760
2024-07-06T06:10:38,2024-07-06T10:10:38,8,28315
2024-04-10T04:21:10,2024-04-10T12:21:10,2,47254
2024-06-18T12:20:39,,1,32389
2025-08-16T00:38:10,2025-08-16T03:38:10,3,45027
2024-03-12T02:56:43,,9,31551
2024-07-27T16:36:05,,2,16405
2024-11-21T13:45:11,2024-11-21T15:45:11,3,34032
2024-01-29T22:29:19,,6,29935
2024-06-11T23:31:38,2024-06-12T02:31:38,8,28836
2025-01-27T16:36:45,2025-01-27T19:36:45,7,38940
2024-08-10T17:52:55,2024-08-10T18:52:55,4,6064
2024-05-02T18:00:27,2024-05-03T01:00:27,8,39774
2024-06-09T11:44:12,,5,22091
2025-06-13T17:13:16,2025-06-13T18:13:16,7,21835
2025-10-06T02:56:02,,9,28333
2024-09-06T17:50:47,2024-09-07T00:50:47,8,1654
2024-04-03T01:48:22,2024-04-03T09:48:22,2,3546
2024-09-23T17:47:52,2024-09-23T18:47:52,3,12238
2025-09-24T22:07:34,2025-09-25T01:07:34,3,33401
2023-11-23T13:53:50,2023-11-23T21:53:50,10,26573
2025-06-22T10:19:36,2025-06-22T13:19:36,6,49324
2024-07-21T07:03:29,,9,13261
2024-06-14T21:46:57,,10,20294
2023-11-27T10:44:46,2023-11-27T18:44:46,4,22631
2024-04-29T05:36:02,2024-04-29T06:36:02,10,25484
2024-05-14T11:32:55,2024-05-14T14:32:55,5,4635
2024-07-04T19:18:48,2024-07-04T20:18:48,2,23358
2025-09-23T01:25:38,2025-09-23T06:25:38,6,48308
2024-04-15T04:16:42,2024-04-15T07:16:42,1,26620
2024-07-13T04:04:52,2024-07-13T06:04:52,1,33671
2024-04-18T10:28:09,,9,10799
2024-04-30T00:14:16,2024-04-30T08:14:16,4,15070
2024-12-11T03:50:32,2024-12-11T06:50:32,8,1923
2024-07-13T23:20:49,2024-07-14T03:20:49,8,22346
2025-03-24T20:09:34,2025-03-25T04:09:34,9,16518
2024-10-15T22:00:43,2024-10-16T00:00:43,3,18461
2023-12-31T11:40:17,2023-12-31T18:40:17,4,16044
2025-04-01T01:54:58,2025-04-01T09:54:58,9,32619
2025-08-01T08:56:26,2025-08-01T10:56:26,7,7750
2024-12-31T23:56:54,2025-01-01T05:56:54,5,42064
2024-07-09T01:20:41,2024-07-09T09:20:41,5,25092
2025-09-23T14:56:38,2025-09-23T17:56:38,8,45052
2025-07-25T10:59:46,2025-07-25T18:59:46,2,39193
2024-08-01T15:00:58,2024-08-01T19:00:58,8,48062
2024-05-09T14:32:55,2024-05-09T18:32:55,8,48601
2024-12-10T09:06:09,2024-12-10T12:06:09,3,22370
2024-08-02T16:46:24,,10,47360
2025-07-15T13:23:39,,10,25118
2024-05-16T23:28:32,2024-05-17T02:28:32,8,45322
2025-01-31T12:45:15,2025-01-31T18:45:15,4,24221
2024-04-03T23:03:17,2024-04-04T04:03:17,6,12589
2025-08-16T11:19:30,2025-08-16T12:19:30,7,41927
2024-12-16T19:58:04,2024-12-17T02:58:04,6,21286
2023-11-19T14:24:20,,4,46491
2025-05-20T09:36:28,2025-05-20T15:36:28,9,19843
2025-04-23T01:25:07,2025-04-23T09:25:07,10,1887
2024-02-13T06:21:25,2024-02-13T11:21:25,1,32543
2025-03-31T16:12:48,2025-03-31T21:12:48,5,44730
2024-12-24T23:48:36,2024-12-25T04:48:36,1,19425
2025-03-13T23:24:33,2025-03-14T02:24:33,10,30286
2024-04-04T08:45:43,2024-04-04T14:45:43,5,42657
2023-12-06T11:54:33,2023-12-06T14:54:33,6,34481
2023-12-19T20:00:14,2023-12-19T21:00:14,9,26503
2025-07-26T10:47:19,2025-07-26T11:47:19,3,21239
2025-08-24T23:06:55,2025-08-25T05:06:55,4,6099
2024-08-09T17:07:53,2024-08-09T20:07:53,9,23128
2025-04-15T16:09:35,2025-04-15T22:09:35,10,43204
2025-06-06T20:42:17,2025-06-07T04:42:17,10,35412
2025-10-13T07:11:44,2025-10-13T09:11:44,9,6586
2024-04-02T12:14:03,2024-04-02T16:14:03,4,7000
2024-02-20T18:00:42,2024-02-20T21:00:42,10,42909
2024-11-22T19:30:22,2024-11-22T21:30:22,2,23990
2024-09-28T20:49:44,2024-09-29T04:49:44,3,17685
2024-11-18T20:40:38,2024-11-19T04:40:38,9,34774
2024-09-21T22:22:52,2024-09-21T23:22:52,8,44222
2024-08-24T02:52:53,2024-08-24T05:52:53,8,3200
2023-11-20T23:28:39,2023-11-21T06:28:39,8,9206
2025-10-10T11:04:46,2025-10-10T17:04:46,9,34542
2024-01-25T14:22:25,2024-01-25T15:22:25,5,2991
2025-07-01T14:41:27,2025-07-01T21:41:27,2,18939
2025-01-15T06:59:18,2025-01-15T09:59:18,3,40161
2025-08-02T14:02:53,2025-08-02T17:02:53,1,31377
2025-09-03T04:17:01,2025-09-03T07:17:01,3,23481
2024-10-25T13:03:32,2024-10-25T18:03:32,5,25722
2025-06-20T16:49:46,2025-06-20T21:49:46,10,29951
2024-10-03T12:19:10,,1,694
2025-10-08T15:13:35,2025-10-08T17:13:35,10,33772
2025-10-04T11:19:32,2025-10-04T13:19:32,4,17471
2025-09-22T07:54:15,2025-09-22T10:54:15,7,24119
2024-11-09T00:19:13,2024-11-09T07:19:13,8,3664
2024-01-25T01:57:44,2024-01-25T05:57:44,4,21980
2023-12-19T06:48:26,2023-12-19T12:48:26,9,12448
2024-10-14T00:01:58,2024-10-14T03:01:58,8,19639
2025-08-19T18:47:06,2025-08-19T22:47:06,7,7119
2024-02-26T05:25:04,,3,37124
2025-11-02T03:53:57,2025-11-02T05:53:57,3,44735
2025-03-05T20:01:49,2025-03-06T04:01:49,8,13151
2023-12-25T20:36:06,2023-12-26T04:36:06,1,17345
2025-06-03T11:39:48,2025-06-03T14:39:48,8,12477
2025-07-29T16:13:24,,5,36380
2024-01-04T13:57:56,,2,3723
2025-01-13T03:44:41,,9,48865
2025-01-22T10:34:40,2025-01-22T13:34:40,4,20901
2025-01-29T18:35:03,2025-01-30T02:35:03,6,6412
2024-10-06T02:04:40,2024-10-06T08:04:40,10,25519
2024-12-25T20:51:40,2024-12-26T00:51:40,2,41569
2025-08-30T20:13:14,2025-08-30T22:13:14,9,28749
2025-05-14T16:35:07,2025-05-14T19:35:07,5,37576
2024-04-07T03:02:57,2024-04-07T05:02:57,9,19765
2024-03-05T10:16:52,2024-03-05T15:16:52,2,3478
2025-08-27T05:21:10,2025-08-27T12:21:10,1,38207
2024-12-06T15:28:22,,8,5000
2024-07-15T02:27:30,2024-07-15T08:27:30,5,14915
2025-04-09T10:45:18,2025-04-09T11:45:18,6,34997
2024-09-18T17:05:46,2024-09-18T22:05:46,4,47120
2025-05-04T00:56:26,2025-05-04T04:56:26,7,24307
2024-02-05T09:09:34,2024-02-05T16:09:34,5,24174
2023-12-22T10:55:07,2023-12-22T12:55:07,1,33559
2025-06-07T05:29:42,2025-06-07T06:29:42,4,28460
2025-07-04T11:33:37,2025-07-04T12:33:37,2,23733
2024-11-21T08:17:30,,1,19169
2024-07-27T18:58:04,2024-07-27T20:58:04,4,32816
2025-07-05T10:24:05,2025-07-05T16:24:05,9,19319
2025-04-08T22:25:59,2025-04-09T03:25:59,4,39889
2024-08-25T12:22:15,2024-08-25T16:22:15,6,19107
2025-04-24T22:25:19,2025-04-25T05:25:19,4,30484
2024-03-24T00:47:51,2024-03-24T04:47:51,4,44235
2024-09-09T15:25:44,2024-09-09T17:25:44,10,12807
2024-04-17T06:27:05,2024-04-17T07:27:05,1,26090
2024-06-07T21:19:50,2024-06-08T05:19:50,1,5898
2024-05-18T22:06:20,2024-05-19T00:06:20,8,22636
2025-09-18T06:34:32,2025-09-18T13:34:32,9,5808
2024-12-26T00:10:48,2024-12-26T07:10:48,8,19217
2025-02-13T01:30:33,2025-02-13T05:30:33,7,41752
2024-09-12T02:37:40,2024-09-12T04:37:40,1,1670
2024-11-06T15:31:43,2024-11-06T23:31:43,2,29484
2024-03-18T22:21:25,2024-03-19T01:21:25,6,38206
2024-08-18T16:17:07,2024-08-18T17:17:07,4,23756
2025-09-15T22:13:26,2025-09-16T03:13:26,1,33146
2024-01-11T20:26:28,,4,21333
2025-07-20T23:32:31,,6,3812
2025-02-20T15:23:10,,8,40893
2023-12-05T00:52:45,,1,44412
2023-11-26T04:46:39,2023-11-26T07:46:39,9,8909
2024-05-29T19:34:29,2024-05-30T02:34:29,6,20229
2025-08-13T15:14:33,2025-08-13T21:14:33,1,16645
2024-11-27T09:04:24,2024-11-27T13:04:24,3,22783
2024-08-22T02:48:28,2024-08-22T06:48:28,3,6929
2025-04-12T06:38:17,2025-04-12T14:38:17,10,11387
2024-07-28T11:06:28,,2,45265
2024-11-10T23:07:30,2024-11-11T03:07:30,10,37347
2024-05-05T14:16:46,2024-05-05T19:16:46,9,2751
2024-01-16T16:47:07,2024-01-16T19:47:07,10,42804
2024-06-26T20:24:00,2024-06-26T22:24:00,10,5505
2025-06-20T15:08:59,2025-06-20T20:08:59,2,28560
2024-08-13T11:28:32,2024-08-13T14:28:32,7,18008
2024-08-05T13:04:42,2024-08-05T18:04:42,4,48988
2025-08-16T13:08:29,,6,517
2025-01-07T22:17:02,2025-01-08T01:17:02,9,48779
2024-01-14T12:53:35,,1,38579
2024-11-27T05:22:48,2024-11-27T13:22:48,8,46006
2024-03-24T03:52:25,2024-03-24T04:52:25,2,45619
2024-03-02T18:07:05,2024-03-02T23:07:05,10,13234
2024-04-10T15:49:54,2024-04-10T17:49:54,4,7760
2024-02-03T00:54:48,2024-02-03T02:54:48,7,36846
2023-11-22T08:29:14,2023-11-22T14:29:14,7,49825
2025-07-07T13:08:37,,7,28649
2024-08-24T04:16:28,2024-08-24T09:16:28,1,25929
2025-03-31T09:07:37,2025-03-31T14:07:37,10,3132
2024-10-12T16:16:34,2024-10-12T18:16:34,10,29255
2024-11-18T01:51:05,2024-11-18T03:51:05,1,12571
2024-12-09T16:28:16,2024-12-09T23:28:16,5,17827
2024-08-21T21:56:23,,1,38199
2024-03-30T07:36:49,2024-03-30T11:36:49,9,27137
2024-12-24T04:54:39,2024-12-24T08:54:39,7,14333
2025-02-09T19:41:24,2025-02-10T03:41:24,2,18337
2024-10-01T10:36:02,2024-10-01T13:36:02,10,11912
2025-05-19T10:53:33,,8,2707
2024-11-17T21:59:38,,4,35123
2024-08-17T02:23:19,2024-08-17T08:23:19,9,7367
2025-01-18T20:52:47,,7,32528
2025-02-24T22:03:43,,4,31483
2024-10-03T22:52:44,2024-10-04T06:52:44,10,25913
2024-11-16T09:24:44,2024-11-16T13:24:44,5,1975
2025-01-20T05:29:36,2025-01-20T13:29:36,10,14853
2024-02-08T20:11:43,2024-02-09T04:11:43,7,14594
2023-12-01T07:20:53,,7,35269
2025-04-05T21:36:35,,10,29107
2024-04-09T02:18:22,,9,16846
2024-02-01T12:30:23,2024-02-01T16:30:23,7,20964
2024-06-06T05:39:45,2024-06-06T09:39:45,4,2955
2025-08-25T11:12:34,2025-08-25T18:12:34,10,49458
2024-01-12T21:21:36,2024-01-13T01:21:36,1,18369
2024-07-01T06:21:05,2024-07-01T13:21:05,6,49434
2025-01-17T09:13:33,,1,16439
2025-05-04T06:16:32,2025-05-04T14:16:32,4,34285
2024-11-01T16:58:47,2024-11-01T19:58:47,4,34044
2024-02-27T03:32:00,2024-02-27T11:32:00,1,24886
2025-04-21T07:14:09,,6,24294
2025-08-05T05:47:08,2025-08-05T10:47:08,3,26762
2025-10-07T09:32:50,2025-10-07T17:32:50,10,38261
2024-10-13T14:52:03,2024-10-13T15:52:03,4,4836
2024-08-06T22:35:58,2024-08-07T03:35:58,7,31964
2024-12-17T22:09:50,,2,41356
2025-09-03T01:15:59,2025-09-03T02:15:59,9,17177
2023-12-16T23:27:48,2023-12-17T06:27:48,2,2758
2025-08-30T06:26:16,2025-08-30T09:26:16,4,42946
2025-06-16T20:37:37,2025-06-17T01:37:37,2,21232
2024-10-03T02:37:16,2024-10-03T10:37:16,2,26129
2024-02-01T13:56:46,,1,11521
2025-05-22T12:00:03,2025-05-22T15:00:03,2,2516
2024-09-12T18:46:22,2024-09-12T23:46:22,8,36446
2024-07-22T03:15:24,2024-07-22T11:15:24,3,13045
2024-06-25T12:27:15,2024-06-25T15:27:15,6,9599
2024-11-22T16:25:24,2024-11-22T19:25:24,4,28756
2024-04-07T18:56:14,2024-04-07T21:56:14,2,30239
2025-08-12T22:00:03,2025-08-13T05:00:03,4,43882
2025-08-18T05:52:26,2025-08-18T07:52:26,1,8646
2024-06-02T02:43:55,2024-06-02T03:43:55,5,7987
2025-01-25T14:28:56,,5,41473
2025-08-20T13:37:42,2025-08-20T20:37:42,10,5369
2025-10-26T20:31:27,2025-10-26T22:31:27,4,44390
2024-09-09T13:56:32,,10,30860
2025-03-24T19:31:55,2025-03-25T02:31:55,3,43442
2025-08-04T01:33:25,,6,47224
2025-01-16T13:36:11,2025-01-16T15:36:11,7,33771
2025-02-15T13:18:36,2025-02-15T17:18:36,9,42602
2025-07-22T19:26:40,2025-07-23T00:26:40,2,37174
2025-03-06T05:58:43,2025-03-06T10:58:43,7,29085
2024-09-29T01:39:53,2024-09-29T03:39:53,7,42743
2024-03-30T14:01:00,2024-03-30T18:01:00,10,24190
2024-08-07T09:14:43,2024-08-07T11:14:43,9,29974
2025-10-10T16:27:58,2025-10-10T23:27:58,8,5128
2024-01-02T18:56:28,2024-01-02T23:56:28,4,35958
2025-03-16T07:44:41,2025-03-16T14:44:41,10,8909
2024-04-12T00:20:42,2024-04-12T02:20:42,5,20818
2024-03-05T04:49:08,2024-03-05T10:49:08,6,10976
2024-05-21T01:36:42,2024-05-21T09:36:42,8,20545
2024-10-31T12:17:41,2024-10-31T18:17:41,5,13573
2024-04-01T04:29:26,2024-04-01T08:29:26,6,9505
2025-10-12T21:27:37,2025-10-13T04:27:37,6,5591
2024-05-28T14:47:07,2024-05-28T15:47:07,6,36928
2024-06-11T17:06:16,2024-06-12T01:06:16,9,49784
2024-03-09T13:46:04,2024-03-09T15:46:04,4,2647
2024-12-08T21:51:20,,1,3686
2024-09-22T17:03:58,2024-09-22T20:03:58,5,14247
2024-12-08T18:07:55,2024-12-09T01:07:55,7,44659
2025-04-01T02:12:39,,8,14775
2024-07-19T12:40:02,2024-07-19T17:40:02,7,10369
2025-06-19T10:17:26,,9,37030
2025-10-20T00:09:35,2025-10-20T03:09:35,9,20060
2025-03-17T07:46:24,2025-03-17T13:46:24,8,5491
2025-08-21T17:23:07,2025-08-21T21:23:07,8,34746
2025-04-15T12:22:36,,9,3495
2025-01-12T13:10:30,2025-01-12T20:10:30,8,44794
2024-06-20T15:12:44,2024-06-20T23:12:44,7,21695
2024-03-29T07:09:21,2024-03-29T13:09:21,9,3348
2024-05-08T11:42:42,2024-05-08T14:42:42,7,30737
2025-08-03T05:59:32,2025-08-03T07:59:32,4,49953
2025-09-05T20:57:42,2025-09-05T21:57:42,1,27242
2025-04-07T11:36:19,2025-04-07T15:36:19,10,13387
2024-01-12T00:33:00,,7,42557
2025-02-01T04:46:42,,4,20153
2024-10-02T04:12:57,2024-10-02T06:12:57,8,42205
2025-07-10T15:29:22,2025-07-10T21:29:22,3,9423
2024-07-23T02:31:32,2024-07-23T08:31:32,2,33847
2024-09-23T17:57:03,2024-09-23T23:57:03,6,23865
2025-05-20T07:10:11,,2,45876
2025-01-18T15:09:33,2025-01-18T22:09:33,5,39316
2025-01-30T17:40:55,2025-01-30T23:40:55,9,42731
2024-09-16T07:59:05,,5,33128
2024-05-13T10:21:04,2024-05-13T11:21:04,7,37897
2025-06-02T04:03:40,2025-06-02T07:03:40,3,49144
2025-11-06T11:40:57,2025-11-06T19:40:57,1,26637
2025-02-12T12:05:30,2025-02-12T15:05:30,10,17511
2024-11-11T22:14:01,2024-11-12T01:14:01,9,31720
2025-06-28T03:33:19,2025-06-28T10:33:19,1,28558
2025-05-29T14:40:10,2025-05-29T19:40:10,8,15143
2025-04-24T18:36:07,2025-04-24T22:36:07,4,26194
2024-03-05T06:30:06,2024-03-05T11:30:06,5,26595
2024-02-10T10:13:56,2024-02-10T11:13:56,3,43822
2024-06-08T09:10:20,2024-06-08T16:10:20,1,19459
2025-10-01T21:56:09,,3,20670
2024-01-13T07:26:58,2024-01-13T11:26:58,2,33220
2024-01-13T21:10:52,2024-01-13T22:10:52,2,42689
2025-08-16T19:20:48,2025-08-17T02:20:48,10,38659
2025-05-12T21:52:38,2025-05-13T05:52:38,3,26839
2025-01-29T21:16:38,,5,18068
2024-08-16T16:17:50,,7,27489
2024-02-02T02:12:55,2024-02-02T08:12:55,3,48075
2025-10-19T21:45:47,2025-10-20T00:45:47,9,25888
2024-12-28T19:29:59,2024-12-29T01:29:59,7,22983
2024-07-14T10:07:48,2024-07-14T18:07:48,1,42404
2024-10-19T12:13:39,2024-10-19T15:13:39,1,2017
2025-05-19T14:01:27,2025-05-19T20:01:27,4,16857
2024-03-25T19:30:25,2024-03-26T01:30:25,1,20172
2024-12-22T09:16:24,2024-12-22T10:16:24,9,41673
2024-04-29T06:42:45,2024-04-29T14:42:45,1,35952
2024-08-09T00:29:05,2024-08-09T01:29:05,8,15056
2025-04-25T04:26:46,2025-04-25T06:26:46,9,10993
2025-09-16T10:25:19,2025-09-16T17:25:19,7,39583
2025-01-26T19:32:21,,4,35937
2024-03-02T21:18:10,2024-03-03T01:18:10,4,11212
2025-06-11T06:17:39,,2,12438
2024-02-28T05:59:27,2024-02-28T06:59:27,6,25499
2025-02-04T14:01:38,2025-02-04T22:01:38,3,44346
2024-10-03T08:36:03,2024-10-03T10:36:03,7,27261
2024-01-20T15:20:41,,8,3611
2024-10-05T03:11:35,,7,39532
2024-11-02T00:04:42,,3,4870
2024-12-15T09:19:28,2024-12-15T12:19:28,10,40502
2024-05-19T16:33:50,,9,6844
2024-03-01T23:00:45,2024-03-02T06:00:45,2,15759
2024-10-27T11:29:33,2024-10-27T18:29:33,6,47849
2023-12-20T13:21:22,2023-12-20T14:21:22,3,34576
2025-08-30T09:57:00,,6,16251
2024-01-28T21:05:12,2024-01-28T23:05:12,1,34239
2024-08-09T06:00:28,,5,46141
2023-12-20T06:18:36,2023-12-20T07:18:36,5,910
2025-09-13T17:40:48,2025-09-13T18:40:48,10,28498
2025-05-03T23:11:57,2025-05-04T00:11:57,3,43924
2024-10-02T19:17:17,2024-10-02T22:17:17,8,26361
2024-06-26T04:57:37,,3,44769
2024-09-18T22:27:54,,7,22784
2023-12-24T15:32:20,2023-12-24T21:32:20,7,48406
2025-10-13T19:53:38,,3,22192
2024-03-12T19:39:10,,9,20258
2023-11-25T11:58:20,2023-11-25T16:58:20,5,17208
2024-09-10T06:34:49,2024-09-10T09:34:49,2,32293
2025-05-25T22:05:16,2025-05-26T02:05:16,7,49858
2025-09-27T15:28:56,2025-09-27T18:28:56,7,10466
2025-09-17T20:07:04,2025-09-17T21:07:04,3,48816
2025-11-01T21:29:51,2025-11-01T23:29:51,8,32946
2024-06-14T21:07:30,,5,22383
2023-11-14T08:05:49,,1,28945
2023-11-30T07:34:36,2023-11-30T10:34:36,3,25483
2023-12-26T00:36:58,2023-12-26T02:36:58,7,13393
2024-12-28T12:18:47,,1,8488
2024-05-11T13:04:51,,5,48372
2024-03-23T16:50:14,2024-03-23T23:50:14,5,36636
2024-09-25T05:46:37,2024-09-25T09:46:37,1,16069
2025-07-28T10:50:39,2025-07-28T11:50:39,3,28669
2024-03-23T10:07:51,2024-03-23T14:07:51,3,23724
2024-04-02T18:07:11,2024-04-02T19:07:11,9,24916
2024-05-30T02:29:52,2024-05-30T07:29:52,5,15118
2025-04-29T20:11:31,2025-04-30T02:11:31,5,24513
2025-04-26T14:50:52,2025-04-26T15:50:52,6,16409
2025-09-09T04:25:18,2025-09-09T06:25:18,9,27464
2025-04-13T10:50:43,2025-04-13T11:50:43,7,37428
2025-05-10T05:36:43,,1,27877
2024-03-27T02:24:22,2024-03-27T07:24:22,2,45164
2024-05-15T13:28:29,2024-05-15T15:28:29,7,27085
2024-08-13T19:50:19,2024-08-13T22:50:19,9,28548
2024-11-03T01:39:18,2024-11-03T04:39:18,6,4624
2024-05-12T09:00:36,2024-05-12T14:00:36,6,35323
2025-07-23T20:40:31,2025-07-24T01:40:31,9,12578
2024-07-18T06:26:11,2024-07-18T08:26:11,9,46939
2025-06-01T03:55:05,2025-06-01T05:55:05,2,1797
2025-10-19T20:34:17,,1,22695
2024-08-23T00:29:51,2024-08-23T07:29:51,9,30938
2024-12-26T08:07:41,2024-12-26T15:07:41,5,1883
2024-03-15T12:08:05,,7,34084
2024-04-06T15:41:18,2024-04-06T21:41:18,2,18585
2024-02-19T00:18:30,2024-02-19T06:18:30,10,47253
2024-08-09T01:04:41,2024-08-09T08:04:41,4,37455
2024-06-28T12:20:36,,10,36438
2024-03-27T20:01:59,2024-03-28T01:01:59,2,15847
2025-09-30T11:44:03,2025-09-30T19:44:03,9,40925
2025-01-25T12:41:42,,4,25337
2024-08-02T13:50:24,2024-08-02T15:50:24,9,23779
2024-11-13T00:14:16,2024-11-13T04:14:16,2,17010
2024-11-11T15:18:35,2024-11-11T21:18:35,10,15868
2025-10-04T11:16:12,,2,34445
2025-05-01T18:21:48,,7,15729
2025-08-17T09:40:19,2025-08-17T13:40:19,7,39371
2025-03-09T15:02:37,,8,49467
2024-07-15T09:55:07,2024-07-15T11:55:07,3,48614
2025-07-05T06:31:16,2025-07-05T08:31:16,1,42882
2024-11-02T02:06:46,2024-11-02T09:06:46,8,2310
2024-05-07T11:47:53,,4,1746
2025-09-23T11:11:39,,10,11353
2023-12-04T15:43:12,2023-12-04T17:43:12,10,48065
2025-06-24T21:34:14,2025-06-25T04:34:14,5,44710
2025-02-10T04:04:42,2025-02-10T08:04:42,4,14034
2024-10-20T02:34:00,2024-10-20T03:34:00,3,33611
2024-01-31T22:33:02,2024-02-01T00:33:02,3,32507
2024-12-06T09:41:01,2024-12-06T16:41:01,5,24261
2024-07-24T08:50:39,2024-07-24T10:50:39,7,3357
2025-06-20T15:11:13,2025-06-20T18:11:13,6,23107
2024-12-27T14:48:27,2024-12-27T17:48:27,10,26013
2024-01-07T04:31:22,2024-01-07T11:31:22,1,34403
2024-11-06T19:13:49,2024-11-07T03:13:49,6,11718
2025-10-03T09:12:07,,4,45786
2023-11-16T20:11:00,2023-11-17T01:11:00,8,20175
2024-07-14T05:51:56,2024-07-14T06:51:56,3,21563
2025-03-06T03:00:08,,7,19588
2024-10-05T00:48:31,2024-10-05T03:48:31,4,26323
2024-04-03T12:18:34,2024-04-03T19:18:34,1,19442
2024-04-27T19:44:09,2024-04-28T00:44:09,8,5496
2024-07-31T04:07:08,2024-07-31T08:07:08,2,48925
2025-03-20T10:04:32,2025-03-20T17:04:32,8,37316
2024-06-07T03:06:24,,7,23821
2024-01-03T12:20:34,2024-01-03T19:20:34,8,48118
2024-09-10T02:59:38,2024-09-10T09:59:38,4,18979
2025-10-18T06:41:40,2025-10-18T07:41:40,2,48544
2024-12-30T23:07:50,2024-12-31T02:07:50,3,23694
2024-12-25T18:38:49,2024-12-25T19:38:49,5,44913
2025-03-10T07:43:39,,5,15374
2025-02-17T03:23:13,,5,7651
2025-02-22T12:58:38,2025-02-22T19:58:38,2,40734
2024-07-07T01:55:48,2024-07-07T09:55:48,4,4515
2023-11-14T13:10:30,2023-11-14T21:10:30,8,35046
2025-05-08T18:52:44,,7,6753
2024-05-30T13:41:07,2024-05-30T19:41:07,7,47979
2025-03-16T09:41:15,2025-03-16T14:41:15,1,28915
2024-12-21T15:10:15,,8,27400
2025-01-06T15:52:59,,5,21133
2024-02-28T14:13:20,,4,40578
2024-10-27T01:59:18,2024-10-27T02:59:18,5,1265
2025-03-04T10:48:02,2025-03-04T14:48:02,4,45670
2024-05-22T10:02:03,2024-05-22T13:02:03,5,19943
2025-01-31T13:50:50,2025-01-31T18:50:50,5,9326
2024-07-02T15:07:51,2024-07-02T20:07:51,2,15593
2025-09-16T18:25:13,2025-09-17T00:25:13,4,32900
2024-10-07T23:03:32,2024-10-08T04:03:32,8,10292
2024-07-31T04:40:38,2024-07-31T11:40:38,4,13228
2025-01-22T00:17:23,2025-01-22T05:17:23,3,26699
2024-04-18T06:35:50,2024-04-18T07:35:50,3,364
2025-01-16T17:38:52,2025-01-16T23:38:52,10,22075
2024-09-17T09:39:15,2024-09-17T12:39:15,8,17755
2025-08-25T04:08:36,2025-08-25T09:08:36,7,18715
2025-04-14T20:27:23,2025-04-14T23:27:23,6,22056
2025-07-07T19:57:54,2025-07-08T02:57:54,7,27273
2025-10-04T10:38:37,2025-10-04T18:38:37,10,15778
2025-09-01T21:43:38,2025-09-02T00:43:38,4,45979
2024-11-13T21:15:51,2024-11-13T23:15:51,3,46200
2024-07-01T08:40:59,,3,11570
2025-07-15T03:11:47,,2,4193
2025-02-15T23:07:56,2025-02-16T04:07:56,6,1650
2025-10-03T10:19:44,2025-10-03T18:19:44,1,26801
2024-11-28T17:21:51,2024-11-28T19:21:51,9,48519
2025-10-18T23:41:21,2025-10-19T02:41:21,4,34517
2024-03-14T03:30:26,2024-03-14T05:30:26,6,80
2024-12-19T03:06:12,,4,32608
2025-01-07T06:51:46,2025-01-07T12:51:46,3,26455
2024-06-05T12:17:19,2024-06-05T15:17:19,2,20371
2025-10-10T05:40:56,2025-10-10T06:40:56,7,6105
2024-05-03T16:35:37,,10,36875
2025-04-10T11:27:27,2025-04-10T13:27:27,8,19713
2025-04-10T01:31:04,2025-04-10T06:31:04,2,4202
2024-04-17T08:03:00,,4,40523
2024-09-05T15:29:33,2024-09-05T16:29:33,6,29261
2025-07-01T01:32:13,2025-07-01T04:32:13,1,16997
2024-03-15T01:40:18,2024-03-15T08:40:18,9,4661
2025-06-12T19:52:22,2025-06-12T20:52:22,10,5306
2023-12-30T23:21:02,,10,44691
2024-09-17T08:46:18,,4,21678
2024-04-16T22:22:17,2024-04-17T01:22:17,1,9127
2025-02-12T23:57:36,2025-02-13T04:57:36,9,49243
2024-08-07T13:44:42,,5,23666
2024-06-14T05:17:10,2024-06-14T06:17:10,4,7437
2024-09-11T04:04:06,2024-09-11T06:04:06,4,46024
2024-12-07T14:43:27,2024-12-07T19:43:27,3,18541
2024-04-04T22:12:42,2024-04-05T02:12:42,8,6045
2025-06-23T07:08:09,2025-06-23T15:08:09,9,48306
2024-12-02T16:12:44,2024-12-02T18:12:44,3,40779
2024-04-27T08:47:22,2024-04-27T12:47:22,9,25033
2024-06-24T04:02:20,2024-06-24T07:02:20,7,47742
2025-04-30T19:29:26,2025-05-01T01:29:26,7,43217
2024-09-04T09:00:36,2024-09-04T13:00:36,6,37752
2024-06-22T21:13:08,,1,15038
2024-02-27T07:49:10,2024-02-27T10:49:10,10,30216
2024-10-13T07:08:14,2024-10-13T09:08:14,6,38911
2023-11-25T02:40:35,2023-11-25T04:40:35,4,24948
2024-08-09T01:06:06,2024-08-09T03:06:06,3,46667
2025-02-28T09:45:00,2025-02-28T10:45:00,7,44498
2024-11-13T03:43:18,2024-11-13T05:43:18,9,1014
2025-08-07T19:46:16,2025-08-07T23:46:16,10,5036
2024-01-04T00:40:04,2024-01-04T07:40:04,3,6488
2024-03-26T20:47:28,2024-03-27T01:47:28,3,20249
2024-09-04T21:12:25,2024-09-04T23:12:25,3,8972
2024-03-31T18:27:54,2024-04-01T01:27:54,4,1522
2024-05-10T21:21:04,2024-05-11T02:21:04,3,34447
2024-11-16T17:56:59,,2,46686
2024-10-24T22:53:34,,1,43185
2025-03-30T14:42:37,,10,28932
2024-09-02T15:46:53,2024-09-02T16:46:53,10,37732
2024-03-04T07:18:30,2024-03-04T15:18:30,10,46841
2024-03-17T04:17:27,2024-03-17T06:17:27,7,2788
2025-08-07T10:37:30,2025-08-07T14:37:30,8,2014
2025-02-20T16:08:07,,3,10995
2025-04-08T09:41:43,2025-04-08T17:41:43,5,42881
2025-10-29T16:36:43,2025-10-29T17:36:43,7,34450
2023-12-16T00:44:35,2023-12-16T02:44:35,9,32186
2024-02-04T10:35:33,2024-02-04T14:35:33,5,5587
2025-05-08T20:28:00,2025-05-09T03:28:00,6,5669
2024-02-02T03:48:53,2024-02-02T06:48:53,2,9363
2025-01-26T11:46:58,2025-01-26T17:46:58,9,19835
2025-02-06T09:28:17,2025-02-06T15:28:17,9,39541
2024-01-13T13:41:42,2024-01-13T20:41:42,1,42726
2024-12-25T07:04:14,2024-12-25T14:04:14,4,41673
2024-06-01T12:35:34,2024-06-01T15:35:34,6,2031
2024-04-27T08:53:26,2024-04-27T11:53:26,10,48247
2025-08-12T05:10:43,2025-08-12T10:10:43,4,48439
2025-05-30T17:50:18,2025-05-30T20:50:18,2,148
2023-12-22T03:43:44,2023-12-22T06:43:44,9,32479
2024-08-08T07:45:28,2024-08-08T14:45:28,4,17433
2024-09-08T13:02:09,,3,49434
2023-12-16T05:28:15,2023-12-16T09:28:15,1,32550
2024-05-27T21:22:35,2024-05-28T03:22:35,10,3215
2025-03-31T00:13:39,2025-03-31T04:13:39,9,11558
2024-10-31T17:31:18,2024-10-31T21:31:18,6,22592
2025-03-26T11:50:49,2025-03-26T13:50:49,8,37094
2025-04-18T07:25:22,2025-04-18T13:25:22,8,48019
2024-03-15T07:03:48,,6,12190
2024-08-26T10:16:38,2024-08-26T13:16:38,5,1002
2024-11-21T03:03:04,2024-11-21T11:03:04,2,41584
2025-01-18T18:05:42,2025-01-18T21:05:42,10,9573
2025-07-29T13:28:41,,9,26277
2024-08-25T04:01:48,2024-08-25T08:01:48,10,38880
2025-05-03T20:55:14,2025-05-04T04:55:14,6,10066
2023-11-09T20:18:00,2023-11-10T02:18:00,9,6698
2025-02-10T16:19:33,2025-02-10T17:19:33,8,5638
2025-02-28T17:00:46,2025-02-28T18:00:46,4,39233
2025-10-23T06:09:48,2025-10-23T07:09:48,6,36313
2024-08-21T01:39:46,2024-08-21T02:39:46,2,31292
2024-04-05T14:27:48,2024-04-05T16:27:48,9,2852
2024-03-06T14:50:23,2024-03-06T19:50:23,9,1304
2024-02-12T05:35:29,2024-02-12T06:35:29,7,15787
2024-10-18T09:47:20,2024-10-18T16:47:20,7,25997
2025-01-19T10:30:48,2025-01-19T12:30:48,6,40959
2024-03-27T02:43:11,2024-03-27T05:43:11,2,41179
2025-06-30T17:23:47,2025-06-30T20:23:47,2,13493
2024-10-23T11:01:02,2024-10-23T14:01:02,10,2443
2024-07-11T22:21:53,2024-07-12T06:21:53,10,9700
2024-04-15T01:37:20,,3,45032
2024-05-19T14:27:26,2024-05-19T16:27:26,2,40725
2025-01-25T09:56:36,2025-01-25T17:56:36,6,24862
2025-03-28T21:49:23,2025-03-29T00:49:23,7,31591
2024-10-04T10:26:24,2024-10-04T12:26:24,5,43957
2024-04-23T12:50:27,2024-04-23T17:50:27,5,6499
2025-10-28T16:53:51,2025-10-28T22:53:51,8,25085
2025-01-11T08:53:41,,1,28617
2024-08-21T04:05:53,,9,17370
2025-07-19T12:17:04,,2,30658
2024-01-01T02:40:38,,9,23455
2025-07-09T15:00:54,2025-07-09T23:00:54,2,46445
2025-02-23T07:22:45,2025-02-23T12:22:45,1,7397
2025-06-15T00:24:14,2025-06-15T02:24:14,6,41932
2024-12-12T10:24:09,,7,38872
2025-08-10T00:20:04,2025-08-10T05:20:04,2,36875
2025-06-05T10:24:43,2025-06-05T14:24:43,1,35605
2024-03-08T21:11:17,2024-03-08T22:11:17,5,16744
2025-03-29T11:52:50,,5,37447
2024-12-15T10:46:39,,6,36655
2024-03-24T21:11:04,,8,13772
2024-08-20T04:10:06,2024-08-20T06:10:06,8,6474
2025-04-03T21:13:55,2025-04-04T02:13:55,7,19832
2025-05-08T21:36:47,2025-05-08T22:36:47,6,27984
2025-06-08T07:20:00,2025-06-08T14:20:00,10,6358
2024-06-11T13:36:23,2024-06-11T20:36:23,10,15875
2024-02-18T07:48:47,2024-02-18T08:48:47,3,48853
2024-02-14T10:36:06,,8,7921
2024-10-02T10:44:44,2024-10-02T18:44:44,7,18378
2025-08-11T01:19:20,2025-08-11T09:19:20,7,6286
2024-01-14T03:09:17,2024-01-14T07:09:17,4,6760
2025-08-30T06:21:18,,5,46623
2024-07-25T22:41:36,2024-07-25T23:41:36,5,38773
2024-10-23T01:28:52,2024-10-23T06:28:52,4,13315
2025-03-29T21:53:56,2025-03-30T02:53:56,10,16848
2025-05-28T06:14:54,2025-05-28T13:14:54,3,24536
2024-11-26T05:40:51,2024-11-26T06:40:51,6,21381
2024-11-11T12:44:43,2024-11-11T18:44:43,10,3948
2025-07-23T14:55:34,2025-07-23T15:55:34,9,37874
2025-09-18T21:08:28,2025-09-19T05:08:28,6,9682
2025-09-20T11:10:25,2025-09-20T16:10:25,5,7756
2024-04-26T12:26:50,,7,47892
2024-08-12T14:28:18,2024-08-12T19:28:18,2,23450
2025-07-05T18:51:16,,5,28699
2023-12-14T02:56:28,2023-12-14T08:56:28,5,27456
2024-10-19T14:38:27,2024-10-19T21:38:27,9,40921
2025-08-14T04:34:57,2025-08-14T09:34:57,2,28381
2024-01-05T17:36:57,2024-01-05T19:36:57,6,48678
2025-04-09T22:10:18,2025-04-10T02:10:18,5,7283
2025-06-04T12:58:16,,6,15737
2024-07-09T17:31:19,,9,8619
2024-09-29T09:07:59,2024-09-29T13:07:59,3,2602
2025-11-05T22:47:14,,4,9912
2023-12-01T06:47:27,2023-12-01T14:47:27,6,14970
2025-10-24T18:07:55,2025-10-24T20:07:55,6,3394
2024-01-21T02:44:31,2024-01-21T03:44:31,10,27946
2025-02-16T16:05:37,2025-02-16T22:05:37,7,31096
2024-01-31T07:43:35,2024-01-31T10:43:35,6,19227
2024-11-01T14:06:13,2024-11-01T19:06:13,10,5179
2025-08-06T15:36:56,2025-08-06T17:36:56,4,37031
2024-04-28T12:14:26,,1,23264
2025-10-30T02:43:35,2025-10-30T03:43:35,9,17018
2023-12-30T17:00:55,2023-12-30T20:00:55,3,49869
2024-08-17T14:59:13,2024-08-17T19:59:13,1,39567
2024-05-13T05:43:16,2024-05-13T08:43:16,5,12420
2024-02-15T17:26:27,2024-02-15T18:26:27,1,23625
2025-07-14T07:55:04,2025-07-14T15:55:04,2,47723
2024-04-30T16:57:09,2024-04-30T23:57:09,3,13118
2025-01-05T02:34:59,2025-01-05T03:34:59,10,8434
2024-07-27T09:25:30,,8,48787
2024-02-03T01:32:17,2024-02-03T07:32:17,5,11113
2025-10-31T21:46:34,2025-11-01T02:46:34,1,15114
2023-11-20T04:10:19,,8,38058
2024-03-15T14:02:09,2024-03-15T22:02:09,9,13553
2025-10-21T06:25:20,2025-10-21T07:25:20,4,14401
2024-03-11T20:07:41,,7,1655
2023-12-16T09:18:07,2023-12-16T13:18:07,6,44059
2024-12-10T17:35:58,2024-12-10T22:35:58,5,41986
2024-05-19T17:54:16,2024-05-19T23:54:16,10,41940
2024-11-01T13:54:42,2024-11-01T21:54:42,1,38457
2024-03-25T09:56:17,2024-03-25T16:56:17,10,25999
2025-06-17T19:25:36,2025-06-17T20:25:36,1,10739
2024-12-25T18:35:28,2024-12-26T02:35:28,7,25585
2025-03-12T06:32:51,2025-03-12T13:32:51,2,18860
2024-05-11T14:57:13,,9,43018
2024-04-30T17:33:07,,9,7656
2024-03-01T23:20:19,2024-03-02T00:20:19,2,22744
2024-06-16T21:21:22,,1,49141
2025-03-24T09:21:17,2025-03-24T17:21:17,2,19116
2025-07-29T19:55:33,2025-07-30T03:55:33,2,32089
2024-09-19T05:40:41,2024-09-19T09:40:41,10,14295
2024-09-09T22:08:08,,9,46793
2024-06-09T01:05:40,2024-06-09T09:05:40,5,29977
2024-03-11T12:18:06,2024-03-11T15:18:06,1,24966
2025-04-10T19:12:21,2025-04-11T03:12:21,10,49387
2025-09-28T04:35:24,2025-09-28T08:35:24,10,21643
2024-02-14T03:12:31,2024-02-14T05:12:31,9,22374
2024-02-15T21:21:48,2024-02-16T00:21:48,10,11977
2024-07-09T02:49:16,2024-07-09T10:49:16,9,7018
2025-10-20T22:29:00,2025-10-21T06:29:00,2,22433
2025-05-15T05:19:48,,9,47426
2024-06-03T02:29:30,,6,5211
2025-08-15T23:33:30,2025-08-16T07:33:30,7,43927
2024-08-30T21:42:40,2024-08-31T01:42:40,1,41415
2023-11-27T11:05:20,,10,6765
2025-10-30T19:47:18,2025-10-31T01:47:18,6,26700
2024-12-29T01:00:52,2024-12-29T09:00:52,8,49769
2025-04-21T08:39:21,,1,5294
2025-10-30T20:51:19,2025-10-31T02:51:19,6,47236
2024-09-08T02:07:59,2024-09-08T09:07:59,7,15327
2025-10-20T08:36:02,,4,10333
2024-06-24T04:08:40,2024-06-24T05:08:40,1,30769
2025-05-23T05:21:59,2025-05-23T11:21:59,10,7802
2024-02-23T09:34:25,2024-02-23T14:34:25,9,34303
2025-05-21T10:28:36,2025-05-21T16:28:36,2,8256
2024-02-29T07:02:34,2024-02-29T12:02:34,5,33509
2024-09-13T21:05:57,2024-09-14T05:05:57,9,32163
2025-05-20T02:36:45,2025-05-20T10:36:45,8,29615
2025-04-25T15:46:48,2025-04-25T20:46:48,8,24872
2025-05-30T02:47:23,2025-05-30T08:47:23,3,28563
2025-03-22T17:18:15,2025-03-22T18:18:15,7,5033
2025-01-07T15:19:30,2025-01-07T16:19:30,8,30551
2024-10-08T16:05:57,2024-10-08T23:05:57,3,754
2024-03-22T00:09:47,,4,11508
2025-07-31T04:55:23,2025-07-31T08:55:23,4,47821
2025-03-05T17:15:17,2025-03-05T22:15:17,10,20553
2024-08-18T12:02:11,,9,31608
2025-04-18T22:08:14,2025-04-19T04:08:14,3,49554
2024-08-13T21:30:16,,10,39535
2024-10-07T16:04:42,2024-10-08T00:04:42,2,19722
2025-02-24T20:18:53,2025-02-25T01:18:53,10,41719
2024-10-01T14:59:21,2024-10-01T22:59:21,7,33592
2024-05-29T20:13:46,,1,34741
2025-10-18T12:06:24,2025-10-18T19:06:24,4,12577
2025-04-08T16:17:03,2025-04-08T17:17:03,1,31223
2025-05-20T22:36:36,2025-05-20T23:36:36,7,26364
2024-07-21T12:21:40,2024-07-21T19:21:40,5,38116
2025-10-19T06:50:31,2025-10-19T07:50:31,8,47478
2025-05-16T02:48:25,2025-05-16T07:48:25,2,40758
2025-11-05T22:14:01,2025-11-06T03:14:01,2,40105
2025-02-26T21:32:28,2025-02-27T01:32:28,6,6848
2025-02-19T13:47:58,2025-02-19T16:47:58,3,20331
2025-03-12T13:25:42,2025-03-12T18:25:42,7,6726
2025-06-06T06:37:49,2025-06-06T09:37:49,10,1102
2024-11-02T14:54:18,2024-11-02T18:54:18,6,49382
2025-01-24T12:40:56,2025-01-24T14:40:56,8,46664
2025-06-06T21:04:06,2025-06-07T01:04:06,10,27382
2025-08-26T09:41:24,2025-08-26T17:41:24,9,33681
2025-07-09T16:31:18,2025-07-09T20:31:18,5,37960
2023-11-07T17:50:22,2023-11-07T23:50:22,10,46105
2024-12-06T13:37:55,2024-12-06T19:37:55,6,34635
2025-10-08T13:49:00,2025-10-08T15:49:00,1,11710
2025-09-06T09:15:30,,3,34047
2024-04-08T20:03:31,2024-04-09T03:03:31,9,26212
2025-11-06T07:54:15,2025-11-06T14:54:15,6,28247
2025-01-15T22:13:26,2025-01-16T06:13:26,2,39268
2025-06-27T23:29:17,2025-06-28T06:29:17,7,18009
2025-05-03T03:53:25,2025-05-03T10:53:25,2,14145
2023-12-08T16:41:13,,5,7847
2024-12-08T09:34:26,2024-12-08T17:34:26,9,45649
2025-02-14T10:40:49,2025-02-14T16:40:49,9,29801
2024-08-07T07:08:30,,3,44432
2024-03-03T12:27:55,2024-03-03T16:27:55,6,12652
2023-11-26T14:38:06,2023-11-26T16:38:06,9,26027
2024-03-03T01:24:33,2024-03-03T02:24:33,4,16688
2024-04-23T10:31:55,2024-04-23T15:31:55,5,45573
2024-11-05T14:43:24,2024-11-05T20:43:24,8,35962
2025-06-13T18:43:38,2025-06-14T02:43:38,3,42200
2024-06-30T22:48:59,2024-07-01T04:48:59,8,46788
2025-06-25T22:48:13,2025-06-26T03:48:13,9,48991
2025-07-26T04:50:33,2025-07-26T11:50:33,7,44176
2024-12-10T06:25:51,2024-12-10T12:25:51,4,48771
2024-05-25T07:03:36,2024-05-25T08:03:36,5,21051
2025-01-07T18:12:02,2025-01-08T01:12:02,5,35219
2024-04-16T09:11:16,,1,34905
2025-03-04T08:19:14,2025-03-04T16:19:14,6,31771
2025-04-14T01:09:35,2025-04-14T07:09:35,7,16238
2025-11-02T13:31:50,2025-11-02T14:31:50,10,7561
2024-09-24T09:19:45,2024-09-24T13:19:45,9,36061
2025-03-17T09:44:10,2025-03-17T11:44:10,5,24370
2024-01-28T14:40:13,2024-01-28T18:40:13,8,47866
2025-03-07T01:03:04,2025-03-07T08:03:04,1,36509
2024-12-14T22:15:45,,7,45314
2025-07-20T20:04:01,2025-07-20T23:04:01,7,25206
2025-02-26T16:46:59,2025-02-26T22:46:59,4,39706
2025-03-04T03:41:07,,1,19858
2024-11-30T18:20:13,2024-11-30T22:20:13,3,17842
2023-11-17T03:04:44,2023-11-17T11:04:44,2,8903
2024-03-06T01:24:39,2024-03-06T06:24:39,4,16212
2024-10-29T23:22:07,2024-10-30T05:22:07,8,9678
2023-12-03T13:30:46,2023-12-03T16:30:46,8,6695
2024-02-11T03:15:22,2024-02-11T09:15:22,5,28333
2024-01-19T02:53:39,2024-01-19T06:53:39,6,42060
2025-08-03T22:09:20,2025-08-04T01:09:20,3,1132
2023-12-13T22:23:45,2023-12-14T03:23:45,8,21078
2023-12-01T10:15:06,2023-12-01T16:15:06,9,28135
2025-03-04T18:54:10,2025-03-04T19:54:10,9,9747
2023-12-24T07:46:39,2023-12-24T08:46:39,3,16067
2025-09-26T22:25:20,2025-09-27T06:25:20,6,28053
2024-03-08T12:44:51,,10,49992
2024-08-15T10:35:34,2024-08-15T15:35:34,5,19129
2025-06-27T06:04:48,2025-06-27T09:04:48,10,42823
2024-06-17T15:11:47,2024-06-17T16:11:47,7,5496
2025-10-23T14:22:53,2025-10-23T18:22:53,9,21167
2024-02-12T04:56:56,,4,19585
2025-07-28T07:12:02,,3,5035
2023-11-28T17:46:19,2023-11-28T21:46:19,8,14812
2025-08-09T04:06:50,2025-08-09T09:06:50,1,32820
2025-09-04T11:49:01,,1,26185
2023-12-13T19:49:41,2023-12-13T23:49:41,8,13721
2025-03-30T12:05:18,2025-03-30T19:05:18,10,3130
2024-09-18T20:31:29,,6,1084
2025-09-28T13:10:44,2025-09-28T15:10:44,7,27936
2025-07-02T02:57:58,2025-07-02T07:57:58,2,39420
2024-12-29T00:43:05,2024-12-29T04:43:05,5,25541
2024-04-13T18:41:23,2024-04-13T23:41:23,1,25332
2024-12-19T21:01:16,2024-12-20T04:01:16,8,34277
2024-01-10T06:15:15,,4,13257
2024-07-17T02:43:23,2024-07-17T05:43:23,3,16319
2025-10-28T08:55:43,2025-10-28T11:55:43,9,14347
2025-08-09T19:01:21,2025-08-10T00:01:21,3,34469
2025-04-17T16:07:40,2025-04-18T00:07:40,4,7059
2024-11-26T18:01:17,2024-11-26T20:01:17,4,17149
2024-09-02T15:01:15,2024-09-02T17:01:15,7,19315
2025-09-17T13:21:50,2025-09-17T21:21:50,9,17544
2024-08-30T01:55:26,,1,28340
2023-11-26T09:05:10,,8,7513
2024-10-31T02:56:42,2024-10-31T05:56:42,1,5829
2024-12-17T16:58:45,2024-12-17T19:58:45,1,47101
2024-10-02T01:48:59,2024-10-02T03:48:59,6,5556
2024-01-21T07:52:34,,2,38916
2024-04-25T16:57:04,2024-04-25T18:57:04,6,24262
2024-12-15T12:20:46,2024-12-15T18:20:46,4,36011
2024-10-20T10:32:38,,10,33158
2025-03-05T22:40:18,2025-03-06T00:40:18,7,7567
2025-05-08T10:45:33,2025-05-08T12:45:33,7,24952
2024-03-10T10:44:13,,8,21923
2025-05-12T15:42:19,2025-05-12T17:42:19,9,38811
2024-04-01T22:59:03,,4,2627
2023-12-22T14:56:13,,6,15984
2023-11-22T20:06:29,,8,36454
2025-01-17T07:48:51,2025-01-17T13:48:51,2,34432
2024-08-17T08:56:23,2024-08-17T16:56:23,2,1163
2025-04-21T05:31:06,2025-04-21T08:31:06,2,10840
2024-05-24T20:16:40,2024-05-24T23:16:40,10,43335
2025-04-18T17:00:36,2025-04-18T21:00:36,6,40028
2025-05-14T21:41:03,2025-05-15T02:41:03,9,21752
2024-01-21T23:55:25,2024-01-22T02:55:25,6,31472
2025-05-09T18:27:24,2025-05-09T21:27:24,7,34226
2023-11-24T11:22:42,,1,47611
2024-02-10T04:42:43,,7,45661
2024-08-26T03:25:03,2024-08-26T04:25:03,4,977
2024-04-23T01:07:42,2024-04-23T07:07:42,7,22879
2024-06-02T18:42:32,2024-06-02T21:42:32,1,5242
2025-09-13T14:21:43,2025-09-13T19:21:43,7,14531
2024-01-07T20:47:51,2024-01-08T03:47:51,5,43289
2025-10-10T07:17:59,2025-10-10T12:17:59,2,3979
2023-11-11T02:16:07,2023-11-11T09:16:07,10,16379
2025-07-11T12:35:04,,9,8079
2025-01-11T15:20:44,2025-01-11T21:20:44,2,3244
2025-07-05T19:47:12,2025-07-05T23:47:12,6,24108
2025-07-31T17:09:48,2025-07-31T21:09:48,9,5091
2024-08-27T03:43:28,2024-08-27T04:43:28,1,16882
2025-01-17T06:13:20,2025-01-17T09:13:20,4,14270
2025-03-25T16:49:55,2025-03-25T21:49:55,1,33701
2024-08-01T14:53:45,2024-08-01T19:53:45,3,22865
2024-10-08T17:42:02,,7,3092
2025-04-30T17:38:48,,3,18858
2023-11-11T05:26:31,2023-11-11T10:26:31,5,2570
2024-07-15T09:40:35,,3,37764
2025-01-13T15:55:44,2025-01-13T23:55:44,2,34820
2024-02-29T00:10:01,2024-02-29T05:10:01,6,42612
2023-11-12T14:57:36,,10,31916
2024-01-20T22:51:45,2024-01-21T03:51:45,4,33587
2024-08-21T18:23:11,2024-08-21T20:23:11,8,10292
2023-11-12T10:28:02,2023-11-12T13:28:02,3,41892
2025-01-27T17:20:38,2025-01-27T19:20:38,1,49357
2024-08-13T15:12:26,2024-08-13T19:12:26,6,39296
2025-07-25T18:46:14,,8,28429
2024-06-06T11:22:54,2024-06-06T14:22:54,5,18615
2024-12-14T10:39:57,2024-12-14T12:39:57,10,27783
2024-01-03T19:59:33,2024-01-03T20:59:33,9,28379
2025-08-02T10:24:33,2025-08-02T16:24:33,1,4688
2024-03-23T17:52:10,2024-03-24T01:52:10,8,3264
2025-05-20T03:00:06,2025-05-20T04:00:06,8,39981
2025-07-25T23:20:15,2025-07-26T01:20:15,8,9135
2024-02-15T02:28:35,2024-02-15T08:28:35,4,16500
2024-09-28T13:41:25,2024-09-28T21:41:25,1,19440
2024-10-10T00:53:32,2024-10-10T06:53:32,3,47917
2024-02-23T21:25:40,,8,12256
2024-05-10T11:16:34,2024-05-10T19:16:34,7,45501
2024-07-09T09:17:32,2024-07-09T14:17:32,1,18950
2025-03-14T14:51:32,2025-03-14T20:51:32,8,37516
2024-01-04T12:02:10,2024-01-04T16:02:10,1,5176
2024-03-31T00:36:23,,4,38034
2024-10-14T19:33:14,2024-10-14T22:33:14,2,2270
2025-06-01T03:08:42,2025-06-01T11:08:42,2,44283
2024-08-27T03:50:51,,2,42241
2025-06-08T23:40:05,2025-06-09T03:40:05,1,27226
2024-04-30T18:29:01,2024-04-30T21:29:01,7,44557
2025-05-27T20:24:44,2025-05-27T22:24:44,7,9234
2025-03-14T20:26:02,2025-03-14T21:26:02,4,34370
2024-09-08T21:33:19,2024-09-09T04:33:19,7,13292
2024-07-23T15:04:07,,7,46972
2024-09-25T22:09:12,,7,39381
2024-10-18T13:57:30,2024-10-18T15:57:30,8,38903
2024-11-17T01:23:57,2024-11-17T04:23:57,6,15253
2024-07-30T03:51:28,2024-07-30T09:51:28,9,27062
2025-02-07T12:49:30,,9,17346
2023-12-05T22:49:37,2023-12-06T04:49:37,7,45346
2025-05-01T00:38:38,2025-05-01T02:38:38,7,6917
2024-05-19T09:53:38,,7,25041
2024-11-27T22:05:52,2024-11-27T23:05:52,8,34304
2025-04-28T08:03:31,,2,27230
2024-03-31T19:02:32,2024-03-31T20:02:32,5,2657
2025-09-19T13:29:34,2025-09-19T17:29:34,10,10505
2025-01-07T13:03:30,2025-01-07T17:03:30,7,38367
2024-03-03T01:30:35,2024-03-03T02:30:35,7,33088
2023-11-26T00:14:25,2023-11-26T04:14:25,5,15012
2024-08-05T02:57:17,,3,9831
2025-09-02T01:41:10,,9,49055
2025-05-26T12:18:58,2025-05-26T14:18:58,2,17419
2024-04-09T17:34:56,,5,31484
2023-12-16T04:06:38,2023-12-16T06:06:38,1,7719
2025-03-21T23:48:54,2025-03-22T01:48:54,4,28188
2025-03-21T23:33:49,2025-03-22T05:33:49,6,9972
2023-12-24T08:40:35,2023-12-24T15:40:35,5,23065
2025-11-05T05:34:10,,6,11570
2025-08-22T18:44:04,2025-08-23T02:44:04,9,26557
2024-10-09T13:01:19,2024-10-09T20:01:19,1,21898
2024-06-19T17:12:14,2024-06-19T22:12:14,8,18125
2025-02-14T11:24:26,2025-02-14T17:24:26,3,33745
2024-02-26T06:34:00,2024-02-26T14:34:00,10,26569
2025-03-18T04:06:07,2025-03-18T10:06:07,6,26149
2024-11-14T02:49:29,2024-11-14T08:49:29,4,23900
2025-04-16T03:21:16,2025-04-16T06:21:16,7,2587
2024-02-25T04:35:47,2024-02-25T07:35:47,8,7467
2024-01-06T00:34:29,2024-01-06T05:34:29,4,36647
2024-05-10T17:36:18,2024-05-10T18:36:18,2,17521
2024-04-01T00:29:37,2024-04-01T02:29:37,2,33073
2025-07-05T11:34:33,2025-07-05T14:34:33,10,9636
2025-01-01T23:48:45,2025-01-02T01:48:45,6,31376
2024-09-15T17:20:59,2024-09-16T00:20:59,7,13549
2024-02-09T10:23:00,,5,28363
2024-04-09T17:55:56,2024-04-09T19:55:56,1,47027
2024-05-20T06:16:15,2024-05-20T14:16:15,3,34891
2024-10-31T18:14:18,2024-10-31T20:14:18,9,7446
2024-09-11T11:22:13,,2,3205
2025-09-24T12:08:31,2025-09-24T20:08:31,5,39187
2025-09-20T05:42:57,2025-09-20T13:42:57,10,16784
2024-10-30T16:46:23,,7,17263
2025-05-09T23:16:31,2025-05-10T02:16:31,7,37705
2025-09-01T05:17:01,2025-09-01T08:17:01,6,21964
2025-07-15T23:24:56,2025-07-16T02:24:56,6,8437
2025-06-18T11:20:14,,1,28342
2024-11-22T02:11:36,2024-11-22T04:11:36,6,10202
2025-10-03T00:58:37,2025-10-03T02:58:37,8,20637
2025-06-03T15:54:28,2025-06-03T22:54:28,10,26633
2024-06-30T14:42:13,2024-06-30T19:42:13,7,23038
2024-11-27T19:16:54,2024-11-27T22:16:54,1,28280
2023-12-18T00:26:31,2023-12-18T02:26:31,1,47668
2025-03-01T08:35:06,,10,44244
2025-08-13T11:50:28,2025-08-13T19:50:28,8,28346
2025-08-04T10:50:38,2025-08-04T17:50:38,3,34083
2025-08-04T16:47:29,2025-08-04T23:47:29,9,5199
2024-01-21T10:07:10,2024-01-21T11:07:10,5,43484
2023-12-13T16:45:08,2023-12-13T22:45:08,7,14834
2025-04-03T16:35:47,2025-04-03T21:35:47,6,49087
2024-05-19T12:53:22,2024-05-19T14:53:22,4,435
2023-12-05T20:14:37,2023-12-05T23:14:37,5,20300
2024-06-26T09:23:33,2024-06-26T12:23:33,2,47797
2025-01-07T20:44:48,2025-01-08T03:44:48,5,70
2024-01-05T01:55:56,2024-01-05T03:55:56,2,20567
2025-04-11T00:53:34,2025-04-11T06:53:34,3,10183
2025-04-09T22:38:00,2025-04-10T01:38:00,9,9061
2025-01-28T16:32:10,2025-01-28T17:32:10,6,48809
2024-10-04T15:56:55,2024-10-04T16:56:55,2,49658
2024-01-27T09:38:45,2024-01-27T16:38:45,7,21485
2024-11-25T20:00:18,2024-11-26T03:00:18,5,20473
2024-10-11T08:35:20,2024-10-11T10:35:20,6,44827
2024-01-11T20:41:09,2024-01-11T23:41:09,7,11242
2023-12-02T17:49:38,2023-12-02T23:49:38,1,29875
2024-06-21T22:41:59,,5,42781
2025-04-21T21:25:25,2025-04-21T23:25:25,7,16497
2024-07-29T18:44:29,2024-07-30T00:44:29,9,45176
2024-07-07T08:16:44,2024-07-07T09:16:44,3,47643
2025-06-27T14:02:20,2025-06-27T17:02:20,2,27904
2025-03-20T18:37:52,2025-03-21T01:37:52,9,3301
2024-07-27T09:25:05,,8,12875
2025-04-03T16:00:35,2025-04-03T18:00:35,1,13056
2025-07-15T04:27:20,2025-07-15T09:27:20,1,39546
2024-03-16T21:59:26,,8,14055
2025-11-02T15:00:42,2025-11-02T23:00:42,1,27108
2024-07-25T23:49:35,,10,20984
2024-07-01T16:14:46,2024-07-01T22:14:46,5,25501
2025-08-10T17:45:08,2025-08-10T19:45:08,1,28556
2025-10-25T02:37:34,2025-10-25T04:37:34,6,37006
2025-06-17T12:53:31,,8,3754
2024-04-18T05:10:12,2024-04-18T07:10:12,1,48013
2024-01-13T04:46:47,2024-01-13T09:46:47,7,25307
2024-05-29T07:35:35,,6,44848
2024-10-02T17:02:08,2024-10-03T00:02:08,5,34714
2025-03-05T16:01:23,,4,47730
2025-10-16T12:48:05,2025-10-16T13:48:05,2,10220
2024-08-05T03:17:01,2024-08-05T10:17:01,10,23020
2024-08-08T01:28:52,2024-08-08T02:28:52,6,13245
2024-06-16T15:03:24,2024-06-16T21:03:24,5,17886
2024-09-15T22:48:59,2024-09-16T00:48:59,6,32193
2025-03-08T09:57:30,2025-03-08T10:57:30,1,8681
2025-04-14T11:50:18,2025-04-14T12:50:18,8,35891
2025-04-16T02:18:49,2025-04-16T10:18:49,4,44594
2025-03-13T04:47:09,2025-03-13T12:47:09,8,39032
2024-05-07T00:35:28,,5,47586
2025-01-06T10:33:51,2025-01-06T11:33:51,1,23777
2025-06-19T16:29:56,,3,28588
2025-01-03T18:40:43,2025-01-03T21:40:43,2,27533
2024-10-17T18:08:59,2024-10-17T23:08:59,5,31975
2024-10-09T09:57:49,2024-10-09T17:57:49,6,36011
2024-07-19T02:44:38,2024-07-19T05:44:38,2,13229
2024-12-06T10:08:42,2024-12-06T12:08:42,5,21244
2024-02-09T22:58:21,,3,16165
2024-02-18T03:10:05,2024-02-18T08:10:05,3,12948
2024-04-12T01:29:31,2024-04-12T04:29:31,6,32882
2025-09-18T01:22:41,,7,4845
2024-05-02T00:24:59,2024-05-02T08:24:59,7,39352
2025-07-07T16:58:12,2025-07-07T19:58:12,1,36568
2025-06-13T03:44:15,2025-06-13T06:44:15,4,44585
2024-05-12T02:38:01,2024-05-12T10:38:01,5,33589
2025-02-03T05:59:23,,4,31463
2024-09-09T19:51:44,,7,13756
2024-06-03T16:17:53,,9,13297
2024-06-06T01:29:14,2024-06-06T05:29:14,7,40562
2024-11-18T07:05:43,,6,49492
2025-10-29T12:41:05,2025-10-29T15:41:05,8,42065
2024-05-07T02:32:11,2024-05-07T09:32:11,1,4402
2024-05-19T16:31:17,2024-05-19T23:31:17,1,1796
2025-08-07T02:46:11,2025-08-07T04:46:11,8,40712
2024-06-30T08:33:11,2024-06-30T13:33:11,9,45264
2024-02-06T14:49:41,2024-02-06T20:49:41,9,22909
2024-06-09T23:52:51,2024-06-10T03:52:51,9,13573
2024-02-05T15:27:37,2024-02-05T20:27:37,4,20557
2025-05-04T16:39:00,2025-05-05T00:39:00,9,12003
2025-01-26T17:49:11,2025-01-27T01:49:11,3,49789
2024-06-13T08:52:07,2024-06-13T11:52:07,9,30505
2024-01-06T00:19:51,2024-01-06T08:19:51,3,17369
2025-05-10T13:52:16,2025-05-10T21:52:16,4,20066
2023-12-04T02:52:05,2023-12-04T03:52:05,10,25679
2024-08-22T14:46:42,,6,31004
2025-08-08T22:12:14,2025-08-09T01:12:14,8,22566
2025-03-26T21:52:20,2025-03-26T23:52:20,9,32631
2024-05-15T02:09:59,2024-05-15T09:09:59,8,37782
2024-07-24T01:11:25,2024-07-24T04:11:25,9,35323
2025-07-15T11:39:39,2025-07-15T13:39:39,10,22577
2024-06-20T17:18:11,2024-06-20T22:18:11,5,9094
2024-04-30T09:33:19,2024-04-30T14:33:19,2,30741
2024-03-04T18:51:28,,4,1246
2023-12-17T13:26:25,2023-12-17T18:26:25,2,26833
2023-12-22T22:05:09,2023-12-23T04:05:09,5,21062
2025-08-14T01:53:45,2025-08-14T09:53:45,5,16641
2024-06-15T12:31:12,2024-06-15T16:31:12,9,34637
2024-11-02T11:20:23,2024-11-02T15:20:23,1,29245
2025-04-26T23:44:34,2025-04-27T04:44:34,8,13369
2024-01-24T19:11:39,2024-01-24T22:11:39,7,26977
2024-09-18T19:01:35,2024-09-18T20:01:35,7,13825
2024-08-11T18:35:08,2024-08-11T23:35:08,2,27599
2025-03-15T23:11:10,2025-03-16T03:11:10,7,41269
2025-10-26T13:28:06,2025-10-26T15:28:06,7,34653
2025-07-25T23:04:21,2025-07-26T03:04:21,2,15199
2024-12-03T13:32:29,,1,46765
2024-05-22T09:05:38,,6,30011
2025-02-24T10:03:59,,7,45072
2024-08-02T12:00:01,2024-08-02T14:00:01,4,6227
2024-11-16T10:44:30,2024-11-16T11:44:30,2,39393
2025-10-22T14:00:45,2025-10-22T16:00:45,9,48545
2025-03-25T17:30:56,2025-03-25T20:30:56,2,14314
2024-09-06T01:51:43,2024-09-06T04:51:43,5,14488
2024-08-16T13:05:15,,10,34308
2025-04-26T12:01:19,,10,25888
2023-12-30T08:47:09,,10,46609
2025-05-29T11:50:49,2025-05-29T19:50:49,4,39866
2025-09-19T23:49:53,2025-09-20T00:49:53,4,49919
2024-02-13T03:15:11,2024-02-13T11:15:11,3,12814
2025-07-29T10:47:29,2025-07-29T15:47:29,6,31305
2025-02-26T21:23:33,2025-02-26T23:23:33,10,27121
2024-04-11T18:30:59,2024-04-11T23:30:59,9,8028
2024-04-09T16:06:02,2024-04-09T17:06:02,1,12613
2024-07-28T08:03:38,,4,14782
2024-10-01T15:38:06,2024-10-01T23:38:06,4,13814
2024-04-23T08:32:39,2024-04-23T11:32:39,5,46810
2024-06-07T18:11:55,,1,11868
2024-09-30T22:47:58,2024-09-30T23:47:58,8,39343
2025-01-25T00:27:43,2025-01-25T05:27:43,5,18122
2025-08-16T23:19:28,2025-08-17T05:19:28,3,18934
2025-07-28T03:32:22,2025-07-28T07:32:22,8,30524
2024-02-06T18:07:09,,8,9161
2024-12-16T11:24:02,2024-12-16T15:24:02,10,4372
2024-01-04T07:37:22,2024-01-04T12:37:22,6,8423
2024-02-11T11:25:02,2024-02-11T19:25:02,6,31794
2024-10-19T10:58:35,2024-10-19T13:58:35,9,32518
2025-07-15T16:24:44,2025-07-15T19:24:44,9,13602
2024-02-14T01:17:20,2024-02-14T06:17:20,9,34585
2024-01-20T22:30:41,,8,1458
2024-08-25T14:45:16,2024-08-25T18:45:16,1,8593
2025-03-23T07:37:48,2025-03-23T14:37:48,9,48467
2024-07-07T07:13:10,2024-07-07T08:13:10,7,23465
2024-02-25T21:47:21,2024-02-26T00:47:21,9,18535
2024-03-22T17:03:01,2024-03-22T19:03:01,7,11078
2025-02-20T12:11:04,2025-02-20T17:11:04,7,18159
2024-10-25T22:56:36,2024-10-25T23:56:36,5,35623
2024-08-16T14:44:17,2024-08-16T17:44:17,7,24816
2024-10-19T12:19:54,2024-10-19T18:19:54,3,36354
2024-10-04T17:38:53,,4,45752
2025-04-30T01:59:26,2025-04-30T09:59:26,1,30234
2025-10-12T08:40:16,2025-10-12T10:40:16,5,36687
2025-08-16T07:07:18,2025-08-16T12:07:18,1,12288
2024-09-15T04:33:27,2024-09-15T10:33:27,4,26972
2024-08-18T14:16:33,2024-08-18T18:16:33,9,29343
2024-10-04T23:54:33,2024-10-05T04:54:33,6,1544
2024-08-15T10:26:09,2024-08-15T16:26:09,9,2379
2023-11-22T05:21:23,2023-11-22T12:21:23,7,971
2024-04-23T20:12:20,,2,4559
2024-03-14T09:56:37,2024-03-14T12:56:37,2,30863
2024-11-18T09:22:28,,9,9819
2024-12-31T09:27:01,2024-12-31T15:27:01,7,18260
2024-04-20T07:04:49,,1,29644
2024-04-19T00:12:49,,4,4430
2024-03-15T18:55:17,2024-03-15T22:55:17,1,21169
2023-12-27T13:55:18,2023-12-27T18:55:18,8,38850
2025-08-22T22:29:34,2025-08-23T05:29:34,9,18182
2024-02-10T21:32:26,2024-02-11T02:32:26,8,20412
2024-08-27T14:57:05,2024-08-27T19:57:05,5,18949
2023-12-03T01:13:59,2023-12-03T07:13:59,8,10436
2024-04-09T11:21:36,2024-04-09T16:21:36,1,6533
2024-07-23T13:52:54,2024-07-23T21:52:54,4,27653
2025-08-07T07:18:03,2025-08-07T11:18:03,1,19206
2025-07-14T11:08:43,,8,36363
2025-07-18T18:00:15,2025-07-19T00:00:15,7,10468
2025-01-20T20:09:34,2025-01-21T01:09:34,8,22332
2024-12-16T00:59:54,2024-12-16T07:59:54,1,2972
2024-08-27T20:25:27,,10,33518
2024-02-05T04:14:48,2024-02-05T11:14:48,1,17720
2024-02-20T16:06:48,2024-02-20T20:06:48,9,37753
2025-01-22T22:51:37,2025-01-22T23:51:37,9,31140
2025-08-30T09:11:42,2025-08-30T13:11:42,3,28812
2024-12-15T00:07:44,2024-12-15T02:07:44,10,9456
2025-08-07T07:38:18,2025-08-07T09:38:18,5,27400
2025-11-03T23:39:23,2025-11-04T04:39:23,9,14190
2024-11-21T12:27:56,2024-11-21T15:27:56,7,49245
2025-07-23T15:10:07,2025-07-23T22:10:07,9,7312
2024-06-18T19:56:30,,1,15061
2024-02-10T01:57:18,2024-02-10T05:57:18,8,15114
2024-01-05T21:05:21,2024-01-06T03:05:21,10,36958
2025-02-03T15:19:08,2025-02-03T23:19:08,9,47517
2024-07-26T20:22:35,2024-07-27T04:22:35,10,24740
2023-11-17T01:48:31,2023-11-17T03:48:31,10,42710
2024-04-28T10:29:05,2024-04-28T15:29:05,1,31397
2025-02-04T03:36:35,2025-02-04T10:36:35,1,36449
2024-07-03T14:19:36,2024-07-03T22:19:36,2,37133
2024-06-28T20:09:10,2024-06-29T04:09:10,1,18290
2024-11-07T16:21:59,2024-11-07T23:21:59,2,27192
2024-05-06T18:23:52,2024-05-07T02:23:52,2,32353
2025-08-20T09:03:03,2025-08-20T15:03:03,3,6579
2024-03-29T03:01:35,2024-03-29T08:01:35,9,9501
2025-03-23T00:10:51,2025-03-23T03:10:51,7,48731
2023-11-17T14:13:30,2023-11-17T19:13:30,9,4943
2024-08-01T14:01:45,2024-08-01T15:01:45,6,24123
2024-06-05T17:34:03,,7,7056
2024-04-09T16:38:54,2024-04-09T23:38:54,2,10142
2025-10-16T15:31:03,,2,7118
2024-07-18T02:53:50,2024-07-18T06:53:50,8,23245
2025-09-19T16:34:33,2025-09-19T20:34:33,2,39649
2024-02-13T12:52:09,2024-02-13T18:52:09,7,25080
2024-12-12T05:07:37,2024-12-12T10:07:37,1,30663
2025-02-28T13:28:15,,2,44109
2025-10-18T12:25:17,2025-10-18T14:25:17,9,47867
2024-12-16T20:43:39,2024-12-17T03:43:39,3,28408
2025-03-14T02:47:48,2025-03-14T03:47:48,8,36650
2025-08-27T03:08:46,2025-08-27T10:08:46,6,13930
2024-11-07T05:56:47,2024-11-07T07:56:47,7,4085
2025-09-13T05:31:13,2025-09-13T11:31:13,3,42658
2024-09-19T15:30:57,2024-09-19T18:30:57,8,35743
2025-02-28T19:25:50,2025-02-28T20:25:50,6,10224
2024-09-29T23:25:18,2024-09-30T06:25:18,6,48012
2025-06-13T07:25:23,2025-06-13T14:25:23,7,25174
2025-05-04T08:53:31,2025-05-04T10:53:31,8,14349
2024-11-08T11:39:13,,7,9750
2024-07-24T16:51:30,2024-07-24T17:51:30,5,29263
2025-08-06T16:14:01,2025-08-06T18:14:01,4,272
2024-07-02T00:06:55,2024-07-02T08:06:55,9,32186
2024-02-11T08:00:59,2024-02-11T16:00:59,7,28278
2024-12-20T07:37:31,2024-12-20T10:37:31,6,15215
2025-03-15T14:04:43,2025-03-15T18:04:43,7,38841
2023-11-21T20:25:11,,6,2934
2024-07-28T08:44:06,,6,15964
2024-06-06T20:38:27,2024-06-07T00:38:27,7,42990
2025-07-09T02:48:42,2025-07-09T09:48:42,10,20053
2025-04-30T16:45:02,2025-04-30T18:45:02,10,47785
2024-10-22T15:23:48,2024-10-22T17:23:48,7,11393
2025-10-28T06:29:09,,8,23972
2024-02-05T02:09:19,2024-02-05T04:09:19,4,40810
2025-07-20T04:22:41,2025-07-20T09:22:41,9,9086
2024-08-02T18:39:05,2024-08-03T02:39:05,6,2293
2024-03-17T16:10:04,2024-03-17T21:10:04,2,7310
2025-05-20T13:56:21,2025-05-20T18:56:21,5,43401
2025-06-11T06:34:43,,6,20532
2025-06-24T11:28:42,,10,14364
2025-09-01T06:33:23,2025-09-01T07:33:23,7,5493
2024-10-03T22:51:54,,1,24973
2025-09-12T13:53:59,2025-09-12T19:53:59,9,41496
2025-05-05T23:21:51,2025-05-06T04:21:51,1,998
2023-11-23T04:12:56,2023-11-23T06:12:56,4,44875
2023-12-24T01:35:07,,2,27920
2025-08-09T07:57:00,2025-08-09T12:57:00,9,29917
2023-11-21T04:32:34,2023-11-21T09:32:34,3,31004
2024-08-15T01:09:56,2024-08-15T03:09:56,1,49620
2024-06-06T06:15:02,2024-06-06T09:15:02,5,45128
2025-11-04T00:40:15,2025-11-04T03:40:15,4,32139
2024-03-09T20:58:33,2024-03-10T03:58:33,5,43073
2024-12-14T07:09:29,2024-12-14T13:09:29,9,29787
2024-12-21T22:08:56,2024-12-22T06:08:56,5,36816
2024-12-02T22:05:22,2024-12-03T01:05:22,5,48914
2025-05-30T19:06:52,2025-05-30T22:06:52,5,7589
2024-09-03T01:44:05,2024-09-03T09:44:05,9,21036
2023-11-26T00:18:11,2023-11-26T04:18:11,10,4252
2024-08-17T05:42:22,2024-08-17T12:42:22,8,45539
2024-08-06T08:17:44,2024-08-06T13:17:44,3,4769
2024-07-09T20:07:22,2024-07-10T00:07:22,4,26476
2024-09-11T17:58:28,2024-09-11T22:58:28,5,38392
2024-05-30T08:25:35,2024-05-30T10:25:35,10,1852
2025-09-11T03:41:47,2025-09-11T08:41:47,2,13508
2023-12-11T09:17:34,2023-12-11T14:17:34,3,39951
2024-05-28T04:20:29,,6,24410
2024-09-22T06:30:27,2024-09-22T14:30:27,3,15183
2024-12-19T08:20:16,2024-12-19T11:20:16,10,33398
2024-03-01T03:16:45,2024-03-01T04:16:45,8,5843
2025-02-23T22:21:40,2025-02-24T05:21:40,2,35343
2025-05-16T13:13:20,2025-05-16T16:13:20,7,38841
2025-01-30T07:22:39,,3,37372
2024-04-10T12:26:19,2024-04-10T19:26:19,2,8015
2024-04-17T15:51:08,2024-04-17T20:51:08,8,23718
2024-12-28T13:42:43,2024-12-28T20:42:43,9,29347
2024-02-29T10:11:53,2024-02-29T17:11:53,8,41619
2024-04-13T23:45:51,2024-04-14T06:45:51,8,12140
2023-12-09T20:54:58,2023-12-09T22:54:58,3,22316
2025-08-23T22:11:31,2025-08-24T04:11:31,6,36559
2025-05-11T03:25:39,,4,47686
2024-04-30T21:39:38,2024-05-01T02:39:38,8,43274
2024-01-12T20:34:02,2024-01-12T23:34:02,2,45955
2024-10-07T11:44:46,2024-10-07T13:44:46,5,9586
2024-02-20T05:48:12,2024-02-20T10:48:12,7,39719
2024-09-21T22:09:00,2024-09-22T04:09:00,6,31306
2024-11-24T12:15:27,2024-11-24T16:15:27,9,18774
2024-09-17T02:04:30,2024-09-17T03:04:30,2,24976
2024-07-15T23:50:51,,8,30135
2023-12-11T07:26:08,2023-12-11T11:26:08,9,7243
2024-02-24T03:49:55,,8,10974
2025-08-13T21:41:50,2025-08-13T22:41:50,6,38918
2025-10-18T18:09:14,,1,31538
2024-01-09T04:52:07,2024-01-09T07:52:07,3,4888
2024-10-23T01:23:15,,7,13273
2024-09-26T06:15:15,,3,47120
2024-05-27T13:44:47,2024-05-27T16:44:47,9,31946
2025-02-01T12:46:39,2025-02-01T14:46:39,6,3241
2024-02-18T16:26:31,2024-02-19T00:26:31,5,30737
2025-10-10T02:19:54,2025-10-10T10:19:54,10,14932
2025-01-31T22:40:20,2025-02-01T05:40:20,4,34210
2025-09-02T18:36:02,,3,24011
2025-02-19T07:56:54,,6,47324
2024-03-08T09:43:01,2024-03-08T10:43:01,5,25531
2025-09-23T19:33:07,2025-09-23T20:33:07,7,46371
2023-12-31T10:10:55,2023-12-31T12:10:55,10,16225
2025-05-25T14:52:09,2025-05-25T19:52:09,2,1522
2025-08-17T09:17:37,2025-08-17T13:17:37,6,32416
2024-11-02T15:53:25,2024-11-02T19:53:25,9,36391
2025-07-30T19:33:36,2025-07-30T23:33:36,2,2864
2025-02-16T15:43:21,2025-02-16T18:43:21,5,11861
2025-03-27T18:49:39,2025-03-27T22:49:39,7,34419
2025-08-05T05:15:10,,9,29754
2024-12-24T06:19:16,2024-12-24T09:19:16,8,43830
2024-04-23T03:29:17,2024-04-23T06:29:17,4,21014
2024-06-19T06:18:16,2024-06-19T10:18:16,5,9029
2024-02-16T14:00:32,2024-02-16T22:00:32,10,19727
2024-10-24T22:45:27,2024-10-25T05:45:27,5,26486
2025-04-17T20:56:16,,7,26299
2024-02-07T06:53:47,2024-02-07T13:53:47,3,6726
2024-11-20T22:39:59,2024-11-21T02:39:59,6,4761
2025-07-21T23:40:04,2025-07-22T05:40:04,8,18269
2024-10-11T03:08:15,2024-10-11T10:08:15,1,2240
2024-12-25T23:24:08,2024-12-26T05:24:08,7,34468
2025-07-14T08:59:29,2025-07-14T11:59:29,2,21506
2024-06-16T08:01:07,2024-06-16T13:01:07,5,42514
2024-07-02T06:56:34,,3,31822
2025-05-27T23:44:09,,4,7093
2024-03-28T05:15:34,2024-03-28T11:15:34,4,7726
2024-03-24T01:30:03,,6,48555
2024-10-13T05:06:29,,10,35826
2023-11-21T08:34:29,2023-11-21T14:34:29,8,48389
2023-12-26T12:29:38,,5,39376
2025-06-20T09:44:51,,2,44287
2024-01-16T19:29:54,2024-01-16T20:29:54,2,36981
2024-06-24T00:42:15,,9,27802
2024-01-22T10:51:29,2024-01-22T12:51:29,10,17896
2025-04-23T06:18:43,2025-04-23T14:18:43,7,36758
2024-05-14T18:08:02,2024-05-15T02:08:02,9,29496
2025-01-02T02:30:22,2025-01-02T07:30:22,9,37837
2024-08-20T12:52:16,2024-08-20T18:52:16,1,8127
2025-04-08T02:01:35,2025-04-08T04:01:35,6,36775
2024-04-07T14:18:33,2024-04-07T15:18:33,9,21589
2024-08-05T16:58:04,2024-08-05T21:58:04,8,30499
2025-09-21T02:13:05,2025-09-21T06:13:05,5,25278
2024-10-26T07:10:37,2024-10-26T10:10:37,10,22486
2025-10-19T05:05:51,2025-10-19T06:05:51,6,44063
2023-12-25T06:37:11,2023-12-25T14:37:11,5,10390
2025-10-07T21:36:24,2025-10-08T00:36:24,10,39683
2025-09-29T13:14:37,2025-09-29T21:14:37,10,48988
2024-02-22T01:43:27,2024-02-22T05:43:27,4,46658
2025-04-21T18:58:50,2025-04-22T00:58:50,9,42232
2025-02-20T17:01:59,2025-02-20T19:01:59,7,49301
2025-09-18T20:34:08,2025-09-19T03:34:08,4,42426
2025-05-26T07:59:38,2025-05-26T10:59:38,3,46821
2024-05-19T23:38:15,2024-05-20T05:38:15,5,18717
2025-05-02T20:17:20,,4,6991
2025-04-13T21:39:33,2025-04-14T05:39:33,6,28259
2025-06-18T14:15:14,,8,4515
2023-12-26T12:46:29,2023-12-26T16:46:29,6,35988
2025-06-29T16:49:45,,3,255
2024-05-02T01:45:09,2024-05-02T08:45:09,5,49980
2024-01-26T09:16:22,,10,2367
2024-04-25T12:00:24,2024-04-25T13:00:24,1,6293
2023-11-12T02:02:48,2023-11-12T04:02:48,1,41460
2024-04-08T09:49:00,2024-04-08T11:49:00,9,1989
2025-11-01T17:27:05,,1,40635
2025-03-01T22:21:11,2025-03-02T04:21:11,9,20730
2025-10-09T01:48:26,2025-10-09T09:48:26,6,20657
2025-08-16T00:50:43,,4,33387
2024-05-22T23:52:59,2024-05-23T03:52:59,6,44147
2023-11-14T14:25:01,2023-11-14T16:25:01,10,47068
2024-12-16T10:37:13,2024-12-16T15:37:13,4,18832
2025-08-05T13:56:52,2025-08-05T19:56:52,7,7452
2024-01-23T05:06:53,,6,36082
2025-04-07T03:40:06,2025-04-07T09:40:06,9,32242
2024-02-29T13:03:28,2024-02-29T21:03:28,2,1533
2025-01-26T14:07:32,2025-01-26T15:07:32,9,17839
2025-10-01T00:34:46,2025-10-01T03:34:46,5,18905
2025-07-10T19:41:08,2025-07-11T03:41:08,2,34500
2024-08-07T16:54:41,2024-08-07T22:54:41,6,3878
2024-07-02T10:37:02,2024-07-02T12:37:02,9,20416
2024-12-17T11:10:21,,3,20517
2024-07-27T03:23:40,2024-07-27T08:23:40,10,2849
2024-05-08T12:25:17,2024-05-08T17:25:17,10,20093
2024-05-15T08:08:34,2024-05-15T09:08:34,9,11556
2025-02-14T23:01:41,2025-02-15T05:01:41,7,9379
2023-12-15T04:48:17,,5,49381
2023-12-28T22:02:44,2023-12-29T05:02:44,1,23015
2023-12-04T16:25:40,2023-12-05T00:25:40,4,33784
2025-05-07T11:08:22,2025-05-07T13:08:22,2,47402
2023-12-13T01:58:21,2023-12-13T08:58:21,3,9871
2024-12-21T10:06:27,2024-12-21T18:06:27,3,2900
2024-05-01T22:58:58,2024-05-02T05:58:58,1,24336
2024-07-17T20:50:02,,3,13821
2025-02-26T18:24:20,2025-02-27T01:24:20,5,42357
2024-04-30T16:37:29,2024-04-30T21:37:29,2,13296
2025-02-24T16:24:12,2025-02-24T18:24:12,9,5886
2024-12-01T19:10:41,2024-12-01T23:10:41,3,21796
2025-07-26T10:36:25,,10,15156
2025-02-19T11:44:21,2025-02-19T16:44:21,10,37441
2025-06-18T14:39:31,2025-06-18T20:39:31,7,42526
2024-05-14T12:29:19,2024-05-14T17:29:19,5,3288
2024-07-10T01:44:05,2024-07-10T08:44:05,4,14936
2024-04-11T21:27:55,2024-04-12T02:27:55,6,27548
2025-06-07T22:48:10,2025-06-07T23:48:10,10,43292
2025-06-03T15:30:08,2025-06-03T16:30:08,7,5042
2024-05-17T02:44:35,2024-05-17T04:44:35,5,25042
2024-03-11T04:17:34,2024-03-11T10:17:34,9,49282
2025-08-20T15:08:07,,3,15243
2025-09-17T01:37:29,2025-09-17T04:37:29,1,11774
2024-07-03T09:41:09,2024-07-03T14:41:09,5,29881
2025-09-23T09:00:10,2025-09-23T12:00:10,4,14611
2025-03-08T13:16:55,2025-03-08T21:16:55,2,46903
2024-05-01T12:25:22,2024-05-01T20:25:22,5,49813
2023-11-20T22:33:10,2023-11-21T00:33:10,6,44625
2024-11-05T09:16:07,2024-11-05T10:16:07,1,3643
2025-04-17T17:47:49,,4,33458
2025-09-20T01:38:38,2025-09-20T03:38:38,9,10121
2025-10-14T16:48:05,2025-10-14T23:48:05,5,36542
2025-03-17T07:24:17,,8,24279
2025-08-09T00:00:25,,9,8190
2023-12-18T00:00:39,2023-12-18T04:00:39,5,8219
2024-02-18T17:21:37,2024-02-18T21:21:37,6,13467
2025-09-23T21:52:14,2025-09-24T01:52:14,5,19102
2025-05-31T21:34:30,2025-06-01T04:34:30,10,25795
2024-08-23T23:55:45,2024-08-24T00:55:45,10,12154
2025-03-07T18:16:59,2025-03-07T21:16:59,3,5821
2025-06-20T09:36:31,,3,36917
2024-11-12T06:17:34,2024-11-12T13:17:34,10,13463
2025-02-21T23:10:13,2025-02-22T07:10:13,1,25722
2024-02-18T00:46:44,2024-02-18T03:46:44,5,4183
2024-01-26T02:48:08,2024-01-26T08:48:08,2,23319
2023-12-23T00:59:47,2023-12-23T08:59:47,9,27089
2024-07-23T15:35:03,2024-07-23T22:35:03,1,24180
2025-08-06T18:40:47,2025-08-07T00:40:47,6,31116
2024-04-03T13:48:29,2024-04-03T20:48:29,4,11320
2025-07-10T07:38:13,2025-07-10T14:38:13,8,44183
2025-03-22T18:10:00,2025-03-23T00:10:00,2,38173
2024-07-10T08:26:47,2024-07-10T10:26:47,2,27864
2024-11-04T07:23:19,2024-11-04T12:23:19,2,39676
2024-10-03T03:43:42,,4,49853
2025-01-30T13:45:44,2025-01-30T18:45:44,9,15904
2024-10-01T04:17:58,2024-10-01T05:17:58,3,1566
2025-05-23T20:10:36,2025-05-23T23:10:36,9,7531
2024-10-16T20:48:54,2024-10-17T04:48:54,10,39291
2024-05-01T08:19:36,2024-05-01T10:19:36,9,45456
2024-12-15T03:42:28,2024-12-15T09:42:28,7,29703
2024-10-05T23:05:05,2024-10-06T03:05:05,7,38881
2024-12-15T00:30:19,,9,17001
2025-03-30T23:03:52,,7,33416
2025-07-30T01:36:15,,2,5117
2024-04-29T06:27:26,,10,31243
2025-09-05T15:29:07,,10,45536
2025-07-06T12:27:09,2025-07-06T13:27:09,3,2882
2024-09-11T17:58:33,,10,14260
2024-10-24T07:54:15,,8,35253
2025-03-03T17:44:45,2025-03-03T19:44:45,7,7876
2025-04-18T13:11:38,2025-04-18T14:11:38,8,21319
2024-07-04T08:21:02,,9,37756
2025-07-26T01:55:06,2025-07-26T03:55:06,10,836
2024-09-10T16:55:57,,2,12944
2024-06-17T08:37:19,2024-06-17T14:37:19,10,6726
2024-12-15T02:38:00,2024-12-15T06:38:00,9,47194
2025-11-05T02:59:29,2025-11-05T03:59:29,5,45609
2024-04-26T22:40:17,2024-04-27T03:40:17,10,38660
2025-02-02T14:56:42,2025-02-02T20:56:42,5,32464
2024-05-18T21:15:23,2024-05-19T05:15:23,7,18811
2025-08-19T19:35:08,,5,18168
2024-06-20T23:59:50,2024-06-21T05:59:50,8,17787
2025-01-21T04:11:16,2025-01-21T05:11:16,3,834
2025-07-07T11:00:29,,10,7154
2024-07-22T22:35:35,2024-07-23T04:35:35,5,2827
2024-03-04T12:18:04,2024-03-04T14:18:04,2,1988
2024-01-26T03:59:59,2024-01-26T06:59:59,8,36482
2023-12-03T09:36:08,2023-12-03T14:36:08,9,32440
2024-07-04T10:18:47,2024-07-04T16:18:47,8,11216
2025-02-08T03:58:08,2025-02-08T07:58:08,7,27733
2024-10-01T07:59:11,2024-10-01T11:59:11,3,16182
2024-12-27T03:36:11,2024-12-27T04:36:11,1,40212
2024-04-24T23:43:54,2024-04-25T06:43:54,3,15378
2024-07-25T18:36:15,2024-07-25T23:36:15,4,38456
2025-04-03T21:57:05,,7,7377
2025-02-05T17:14:53,2025-02-05T20:14:53,2,29424
2024-08-16T12:19:52,2024-08-16T18:19:52,6,43209
2024-07-25T19:58:43,,6,37626
2023-12-24T04:35:21,2023-12-24T09:35:21,8,4097
2024-02-11T17:09:17,2024-02-11T19:09:17,6,11792
2025-10-18T12:56:49,2025-10-18T14:56:49,9,27649
2024-07-22T07:27:03,2024-07-22T09:27:03,4,31818
2024-05-07T10:14:47,2024-05-07T17:14:47,4,34784
2025-01-27T02:45:24,,4,3798
2025-03-02T17:00:07,2025-03-02T18:00:07,8,41421
2025-04-24T15:54:41,2025-04-24T17:54:41,3,37195
2024-10-30T19:46:45,2024-10-30T23:46:45,7,39597
2025-01-24T18:28:48,2025-01-24T21:28:48,3,18726
2025-04-06T06:31:13,2025-04-06T12:31:13,7,7265
2025-01-29T03:44:34,2025-01-29T09:44:34,8,38016
2024-05-21T10:21:10,,10,47162
2024-02-06T03:44:15,2024-02-06T11:44:15,1,46745
2024-08-01T01:31:28,,3,3144
2024-01-31T06:38:55,2024-01-31T11:38:55,8,27975
2024-07-30T14:02:21,2024-07-30T17:02:21,10,46877
2024-02-12T19:01:51,2024-02-12T21:01:51,5,49505
2024-10-04T12:33:28,2024-10-04T13:33:28,5,49376
2024-11-30T00:13:35,2024-11-30T03:13:35,8,38340
2025-03-25T19:09:38,2025-03-26T03:09:38,9,44492
2025-05-20T12:56:25,,10,19500
2024-05-28T07:41:58,,1,9509
2025-04-25T04:24:28,2025-04-25T12:24:28,6,42682
2025-02-03T18:16:53,2025-02-04T01:16:53,7,29681
2024-06-09T07:23:27,2024-06-09T14:23:27,10,9836
2025-07-04T17:39:00,2025-07-04T18:39:00,9,45340
2025-10-05T12:00:33,2025-10-05T17:00:33,10,8618
2025-09-02T18:50:29,2025-09-02T21:50:29,6,26282
2024-02-28T03:47:41,2024-02-28T04:47:41,8,9874
2025-07-02T16:01:10,2025-07-02T23:01:10,5,47858
2025-03-30T22:33:45,,3,4040
2025-03-13T10:24:56,,4,21784
2025-10-26T07:26:43,2025-10-26T15:26:43,1,4489
2023-12-25T23:47:33,2023-12-26T06:47:33,1,30762
2024-08-21T11:03:18,2024-08-21T19:03:18,2,1877
2025-04-09T07:00:02,,4,31273
2024-08-18T20:02:12,,2,41522
2025-01-10T10:29:28,2025-01-10T18:29:28,9,35670
2024-05-01T03:44:58,2024-05-01T10:44:58,10,6905
2024-04-26T08:37:18,2024-04-26T16:37:18,1,20206
2024-03-29T20:48:13,2024-03-29T21:48:13,1,13908
2024-03-26T00:40:52,2024-03-26T01:40:52,6,45747
2024-11-12T14:30:28,2024-11-12T22:30:28,10,35110
2024-06-09T19:20:21,2024-06-09T20:20:21,10,26932
2025-03-14T18:24:53,2025-03-14T21:24:53,7,16830
2025-02-06T17:35:32,2025-02-06T23:35:32,1,17715
2025-02-26T05:24:33,2025-02-26T10:24:33,1,10989
2024-01-21T03:24:24,,8,5323
2025-09-11T16:32:10,,3,42325
2025-04-29T00:06:26,2025-04-29T06:06:26,7,27184
2025-05-20T08:52:53,2025-05-20T15:52:53,4,42216
2024-02-26T17:34:45,2024-02-26T23:34:45,6,767
2025-10-22T02:38:21,2025-10-22T07:38:21,7,49071
2024-08-12T20:13:50,,8,31741
2024-10-15T05:00:58,,8,42836
2024-04-04T02:04:34,2024-04-04T07:04:34,7,41545
2024-04-26T11:08:50,2024-04-26T18:08:50,5,29781
2025-10-06T00:53:40,2025-10-06T03:53:40,9,28459
2024-01-22T05:06:16,,10,26582
2025-09-10T19:45:37,2025-09-11T00:45:37,2,47597
2025-08-26T20:07:10,2025-08-27T01:07:10,2,42876
2024-05-17T03:39:57,2024-05-17T04:39:57,2,10217
2024-12-12T07:09:13,2024-12-12T13:09:13,9,6106
2024-06-04T20:24:38,2024-06-05T01:24:38,1,504
2024-12-19T17:13:49,2024-12-19T21:13:49,5,10065
2024-10-30T03:11:04,2024-10-30T06:11:04,6,7366
2025-02-17T22:08:05,,1,41949
2024-09-11T02:51:05,2024-09-11T05:51:05,2,288
2024-03-30T05:58:03,2024-03-30T09:58:03,8,24327
2025-02-09T19:44:50,2025-02-10T01:44:50,4,45245
2025-03-08T17:16:41,2025-03-08T21:16:41,9,43979
2025-08-12T09:59:35,2025-08-12T12:59:35,6,3754
2025-05-18T00:49:29,2025-05-18T07:49:29,8,37179
2024-04-10T06:33:19,2024-04-10T11:33:19,8,46886
2025-06-18T06:21:15,2025-06-18T12:21:15,6,4064
2025-10-06T06:27:16,2025-10-06T07:27:16,6,1423
2025-08-02T03:37:43,,8,14519
2024-11-19T04:50:16,2024-11-19T08:50:16,1,1568
2024-03-18T00:05:09,2024-03-18T02:05:09,3,31639
2024-11-16T22:35:06,2024-11-16T23:35:06,2,30245
2025-07-23T15:25:32,,6,12518
2023-11-09T00:28:41,2023-11-09T05:28:41,6,9759
2025-08-01T20:33:41,2025-08-02T03:33:41,4,30043
2023-11-11T12:19:58,2023-11-11T18:19:58,1,26375
2024-11-07T18:43:43,2024-11-08T02:43:43,8,11913
2024-04-20T12:16:51,2024-04-20T16:16:51,6,18717
2024-10-10T18:03:54,2024-10-11T00:03:54,6,6618
2025-04-09T17:52:12,2025-04-09T20:52:12,8,34124
2023-11-28T05:21:11,2023-11-28T10:21:11,8,37918
2025-05-24T10:51:06,2025-05-24T16:51:06,4,24236
2025-07-17T23:32:27,2025-07-18T05:32:27,10,5855
2024-04-01T08:16:09,,5,46203
2023-11-20T00:27:22,2023-11-20T07:27:22,8,36576
2024-08-21T13:17:55,2024-08-21T15:17:55,3,35781
2024-01-11T01:56:51,2024-01-11T04:56:51,10,6346
2023-12-22T04:17:39,2023-12-22T11:17:39,6,29576
2025-10-01T23:20:52,2025-10-02T02:20:52,9,37322
2024-04-15T23:56:55,2024-04-16T05:56:55,10,26308
2024-09-05T08:09:32,,10,29112
2025-04-27T09:55:07,2025-04-27T14:55:07,9,15965
2024-09-16T03:34:28,2024-09-16T10:34:28,1,31964
2024-04-20T21:42:04,2024-04-21T00:42:04,10,31778
2025-07-20T22:27:54,2025-07-21T03:27:54,9,26744
2024-04-24T13:47:48,2024-04-24T18:47:48,5,2680
2025-02-15T02:05:50,,9,19633
2024-03-01T00:48:12,2024-03-01T03:48:12,10,37352
2024-08-01T06:29:09,,8,48366
2025-02-18T16:00:29,2025-02-18T19:00:29,8,43685
2025-03-01T15:59:05,,2,47078
2024-07-25T13:43:38,2024-07-25T14:43:38,5,31833
2024-07-16T04:04:10,,6,8117
2025-06-22T16:01:07,2025-06-22T23:01:07,2,17352
2025-06-12T07:10:12,,2,36265
2025-07-01T16:40:53,2025-07-01T23:40:53,10,35207
2024-06-19T04:55:51,2024-06-19T10:55:51,6,6612
2025-01-03T01:42:58,2025-01-03T08:42:58,9,22091
2024-04-15T18:35:38,2024-04-15T21:35:38,5,25977
2024-01-12T07:22:24,2024-01-12T13:22:24,4,39254
2024-08-20T16:35:49,2024-08-20T23:35:49,3,40369
2023-11-19T04:37:15,2023-11-19T07:37:15,6,41645
2023-12-30T14:35:56,2023-12-30T15:35:56,9,5041
2025-03-28T07:42:02,2025-03-28T14:42:02,3,47824
2025-09-02T10:29:15,2025-09-02T12:29:15,2,14011
2024-08-19T06:14:50,2024-08-19T09:14:50,6,18287
2024-05-27T16:15:37,2024-05-28T00:15:37,2,23044
2023-12-17T09:27:32,2023-12-17T16:27:32,5,37580
2024-06-07T19:24:55,2024-06-08T02:24:55,8,36452
2024-09-20T02:31:26,2024-09-20T08:31:26,2,38878
2025-05-29T21:42:25,2025-05-29T23:42:25,2,19221
2024-02-19T12:46:47,2024-02-19T18:46:47,2,43045
2024-11-25T01:19:24,,9,14273
2024-10-09T08:42:01,2024-10-09T10:42:01,1,16912
2024-12-06T20:29:02,2024-12-07T02:29:02,8,42742
2023-12-23T17:21:31,2023-12-23T21:21:31,3,29135
2025-04-16T21:01:33,,5,40540
2025-03-23T15:11:43,2025-03-23T19:11:43,7,20390
2025-08-06T05:40:17,2025-08-06T12:40:17,8,25419
2024-07-14T03:02:24,2024-07-14T06:02:24,10,42931
2024-12-02T01:02:55,2024-12-02T07:02:55,5,13556
2025-06-17T10:00:23,2025-06-17T18:00:23,1,33437
2025-09-03T20:23:19,,2,39892
2025-07-10T19:27:18,2025-07-11T02:27:18,7,2245
2025-01-04T11:44:06,2025-01-04T18:44:06,1,10091
2025-01-10T12:09:51,,6,27620
2025-07-11T08:14:54,2025-07-11T14:14:54,5,5172
2024-03-09T16:06:16,2024-03-09T23:06:16,8,38582
2024-05-14T11:39:57,2024-05-14T12:39:57,4,48252
2024-12-08T17:55:42,2024-12-09T00:55:42,9,6443
2025-09-25T21:39:17,2025-09-26T00:39:17,2,19503
2024-08-31T02:53:32,,5,13831
2025-03-14T15:21:57,,10,92
2024-10-08T00:43:27,2024-10-08T04:43:27,9,18977
2024-09-07T22:35:37,2024-09-08T03:35:37,5,13586
2024-08-21T23:43:02,2024-08-22T07:43:02,6,32552
2024-06-06T19:24:01,2024-06-06T22:24:01,7,16064
2025-03-01T08:23:29,2025-03-01T12:23:29,4,40114
2025-06-01T00:09:04,2025-06-01T08:09:04,8,45520
2024-10-01T17:30:34,2024-10-01T18:30:34,4,30655
2025-04-02T01:25:30,,7,38535
2024-08-11T15:56:08,2024-08-11T18:56:08,2,42560
2024-10-17T18:53:09,2024-10-17T21:53:09,8,41635
2024-03-07T07:36:02,2024-03-07T11:36:02,8,6714
2024-04-01T19:56:30,2024-04-02T01:56:30,4,30240
2025-05-05T01:47:11,2025-05-05T07:47:11,10,30138
2024-06-10T02:16:33,2024-06-10T10:16:33,9,6340
2024-08-23T22:21:39,,4,49666
2024-05-11T15:46:47,2024-05-11T18:46:47,10,8179
2024-02-20T16:01:09,2024-02-20T20:01:09,7,4724
2025-09-16T00:50:47,2025-09-16T03:50:47,3,861
2025-03-27T10:58:10,2025-03-27T11:58:10,7,22355
2025-09-25T16:04:06,2025-09-25T18:04:06,1,6103
2024-07-20T22:50:37,,6,24623
2023-12-29T19:09:17,2023-12-30T03:09:17,7,21327
2024-08-21T19:03:41,2024-08-21T22:03:41,9,33335
2025-11-06T11:54:11,2025-11-06T13:54:11,9,48183
2024-08-21T12:03:52,2024-08-21T20:03:52,6,30453
2024-08-12T21:16:40,2024-08-13T01:16:40,8,4984
2024-08-03T04:35:40,2024-08-03T09:35:40,7,23184
2024-03-20T18:51:16,2024-03-20T23:51:16,1,22
2024-05-02T03:34:42,2024-05-02T09:34:42,4,39993
2025-10-07T13:32:25,2025-10-07T20:32:25,9,29802
2024-09-10T00:23:13,2024-09-10T02:23:13,3,14516
2024-07-10T02:00:42,,8,28942
2024-01-30T01:54:00,2024-01-30T02:54:00,3,12809
2025-07-27T03:55:27,,6,42182
2024-05-11T20:34:10,,2,263
2025-02-15T23:48:45,2025-02-16T01:48:45,2,26112
2024-08-03T13:49:49,,10,3870
2025-07-27T01:15:15,,8,45969
2025-01-18T00:18:55,2025-01-18T05:18:55,6,38955
2025-07-19T09:30:11,2025-07-19T15:30:11,1,44135
2024-05-22T20:15:21,2024-05-22T22:15:21,4,25163
2025-08-28T10:24:23,2025-08-28T12:24:23,6,36773
2024-12-17T16:20:54,2024-12-18T00:20:54,5,39983
2024-04-22T06:15:17,2024-04-22T07:15:17,4,15012
2025-10-26T14:36:37,2025-10-26T20:36:37,4,20511
2025-01-27T09:30:31,2025-01-27T17:30:31,1,21146
2025-02-27T08:05:12,2025-02-27T16:05:12,5,44152
2024-01-21T23:21:33,2024-01-22T06:21:33,4,45040
2025-02-25T07:40:31,2025-02-25T12:40:31,2,32304
2024-02-20T11:03:37,2024-02-20T19:03:37,3,23000
2025-08-11T12:45:17,2025-08-11T18:45:17,6,20253
2025-05-23T04:34:34,,5,40670
2024-02-27T05:46:12,,1,33089
2025-01-12T12:16:36,,10,37838
2025-10-31T10:46:11,2025-10-31T17:46:11,5,28047
2025-08-17T23:00:07,2025-08-18T06:00:07,10,47933
2025-07-26T22:34:37,2025-07-27T01:34:37,1,21440
2024-11-17T10:47:28,,9,28240
2025-04-20T16:18:31,2025-04-20T19:18:31,6,36061
2025-03-14T05:22:24,2025-03-14T12:22:24,8,44236
2025-01-05T05:36:40,2025-01-05T06:36:40,3,34678
2025-02-28T18:58:34,2025-03-01T02:58:34,5,26240
2024-03-29T15:06:01,2024-03-29T20:06:01,6,37108
2023-12-03T23:05:35,2023-12-04T04:05:35,6,39725
2025-05-24T21:11:54,,8,49169
2025-06-04T22:32:23,2025-06-05T06:32:23,6,36342
2025-01-03T19:25:01,2025-01-04T02:25:01,10,13018
2024-11-02T05:21:28,2024-11-02T07:21:28,8,11311
2025-10-07T21:30:53,2025-10-08T02:30:53,10,24053
2025-01-05T12:29:46,,10,16353
2024-01-26T02:10:25,2024-01-26T05:10:25,2,44678
2025-03-13T03:37:59,2025-03-13T11:37:59,10,15234
2025-01-01T17:07:04,2025-01-02T01:07:04,1,39964
2025-07-23T16:28:07,2025-07-23T21:28:07,2,14310
2023-12-03T13:26:23,2023-12-03T16:26:23,2,5488
2025-10-29T21:29:53,,6,28581
2025-10-13T18:57:42,,5,36716
2024-10-04T21:32:30,2024-10-05T01:32:30,6,17723
2025-07-18T09:09:29,2025-07-18T15:09:29,3,47579
2025-04-17T21:23:24,2025-04-17T23:23:24,3,1637
2025-10-23T06:44:26,2025-10-23T11:44:26,8,22394
2024-01-28T04:54:17,2024-01-28T08:54:17,9,47038
2024-04-27T15:02:14,2024-04-27T18:02:14,6,44939
2024-12-11T21:39:28,2024-12-12T04:39:28,2,32831
2025-06-30T05:19:49,2025-06-30T07:19:49,1,39669
2024-07-24T03:33:48,2024-07-24T08:33:48,7,49106
2023-12-26T09:50:16,2023-12-26T10:50:16,5,16108
2025-05-31T10:38:34,2025-05-31T14:38:34,7,41274
2025-03-11T06:16:41,,7,47094
2024-10-10T02:00:24,2024-10-10T06:00:24,8,4923
2025-05-30T11:07:15,2025-05-30T16:07:15,5,30048
2025-05-05T22:40:49,,6,36238
2024-04-18T19:08:21,2024-04-18T22:08:21,7,4265
2024-10-22T21:34:15,2024-10-22T23:34:15,10,2859
2024-09-12T02:59:33,,6,38592
2024-04-10T15:37:00,2024-04-10T16:37:00,2,20678
2025-08-18T03:03:23,,10,24508
2024-05-01T02:53:42,2024-05-01T04:53:42,10,21596
2024-02-24T17:23:19,2024-02-25T00:23:19,10,44608
2025-05-18T09:55:02,2025-05-18T12:55:02,4,21313
2025-02-11T20:20:26,2025-02-11T22:20:26,3,32033
2024-11-26T22:37:11,2024-11-27T03:37:11,8,17081
2025-09-19T06:36:11,,10,27070
2024-11-10T20:24:01,2024-11-11T04:24:01,8,30583
2025-06-19T07:51:42,2025-06-19T10:51:42,4,17084
2024-11-22T12:18:30,2024-11-22T14:18:30,2,241
2025-10-01T13:35:33,2025-10-01T18:35:33,1,42646
2024-03-20T04:33:27,,9,9293
2024-11-25T15:41:16,2024-11-25T22:41:16,4,15635
2024-06-09T06:52:21,2024-06-09T11:52:21,9,30252
2025-06-17T07:34:40,2025-06-17T15:34:40,3,49290
2025-07-09T11:07:18,2025-07-09T12:07:18,9,33261
2024-09-17T05:59:38,,6,581
2024-06-14T04:02:28,2024-06-14T05:02:28,9,21711
2024-07-07T17:05:34,,6,28374
2024-06-23T22:51:23,,4,26639
2025-10-14T09:22:04,2025-10-14T13:22:04,3,6057
2024-04-20T15:23:42,2024-04-20T22:23:42,9,20132
2025-09-16T22:55:05,2025-09-17T04:55:05,3,22531
2023-12-12T00:17:18,2023-12-12T01:17:18,5,8318
2025-10-25T00:14:52,2025-10-25T07:14:52,10,49614
2023-12-19T07:35:53,2023-12-19T10:35:53,2,34625
2025-01-17T01:54:36,2025-01-17T02:54:36,7,35010
2025-08-30T00:47:15,2025-08-30T05:47:15,3,3223
2024-05-21T08:59:31,2024-05-21T15:59:31,1,26199
2024-10-30T13:00:11,2024-10-30T21:00:11,10,25107
2024-09-25T21:14:52,2024-09-26T00:14:52,9,29358
2024-08-06T15:53:40,,8,20114
2024-03-16T01:23:19,2024-03-16T06:23:19,9,39036
2025-03-07T11:12:56,2025-03-07T12:12:56,1,1684
2025-07-10T06:12:16,2025-07-10T11:12:16,7,49078
2025-09-06T01:44:24,,6,20872
2024-01-18T21:43:47,,10,14844
2025-08-28T21:12:53,2025-08-29T02:12:53,5,19058
2025-08-17T12:00:48,2025-08-17T17:00:48,5,7839
2024-09-06T17:38:34,2024-09-06T23:38:34,7,45630
2025-07-14T08:23:49,2025-07-14T09:23:49,8,48740
2024-07-23T22:37:08,2024-07-23T23:37:08,10,41079
2024-05-01T09:18:40,2024-05-01T15:18:40,7,40412
2024-10-18T21:36:30,2024-10-18T23:36:30,6,23056
2024-07-13T09:29:25,2024-07-13T15:29:25,8,41295
2024-09-15T17:09:21,2024-09-15T22:09:21,2,36946
2025-02-02T21:59:49,2025-02-03T00:59:49,10,18331
2025-09-26T14:41:33,2025-09-26T22:41:33,1,33415
2025-08-25T08:28:35,2025-08-25T13:28:35,7,6745
2025-05-21T18:39:59,2025-05-22T02:39:59,2,35245
2025-06-14T07:36:36,2025-06-14T09:36:36,4,2324
2024-08-14T01:48:54,2024-08-14T06:48:54,1,24077
2024-12-19T14:11:02,2024-12-19T19:11:02,9,48202
2025-09-19T11:26:36,2025-09-19T16:26:36,4,7837
2025-01-21T16:34:05,2025-01-21T19:34:05,4,34786
2025-10-19T06:53:39,2025-10-19T10:53:39,6,46858
2025-06-16T03:46:07,2025-06-16T06:46:07,8,13090
2025-05-06T19:48:21,,9,9883
2024-06-25T07:47:09,2024-06-25T13:47:09,1,32153
2025-05-13T01:22:05,2025-05-13T05:22:05,9,1548
2025-05-19T17:39:33,2025-05-19T21:39:33,7,1235
2023-12-28T03:51:59,2023-12-28T11:51:59,7,47112
2024-04-28T04:18:11,2024-04-28T12:18:11,1,33427
2025-07-28T18:28:00,2025-07-29T02:28:00,4,25744
2025-04-16T17:04:06,2025-04-16T23:04:06,6,16753
2024-10-29T21:18:56,2024-10-29T23:18:56,3,48522
2025-09-26T05:56:34,,9,21677
2025-09-16T10:41:35,2025-09-16T18:41:35,8,22730
2025-04-07T06:24:37,2025-04-07T09:24:37,10,2492
2024-06-11T02:47:12,,6,17350
2024-05-10T02:22:53,2024-05-10T10:22:53,4,4730
2023-11-11T20:31:18,2023-11-11T23:31:18,8,21795
2024-11-27T18:01:50,2024-11-28T01:01:50,4,34325
2024-12-30T12:08:46,2024-12-30T14:08:46,2,25124
2024-04-14T00:50:54,2024-04-14T06:50:54,2,23089
2025-02-01T17:53:23,,7,39705
2023-12-11T20:40:44,2023-12-12T01:40:44,8,42137
2024-08-07T15:00:14,2024-08-07T22:00:14,6,42721
2024-07-20T19:15:42,,8,25916
2025-09-12T22:30:48,2025-09-13T06:30:48,9,42821
2025-04-19T19:30:59,2025-04-19T20:30:59,2,29969
2024-09-18T18:55:10,2024-09-19T01:55:10,3,21630
2025-09-10T06:55:21,2025-09-10T09:55:21,1,23930
2024-11-30T03:26:12,2024-11-30T10:26:12,7,44527
2025-04-30T13:55:23,2025-04-30T18:55:23,2,414
2025-08-20T23:06:25,,2,5658
2024-07-03T14:24:30,2024-07-03T18:24:30,10,8088
2024-08-25T05:23:36,2024-08-25T13:23:36,2,24275
2024-03-27T21:56:25,,7,8883
2025-07-10T15:51:57,2025-07-10T16:51:57,10,35694
2025-01-25T15:19:50,2025-01-25T20:19:50,9,1747
2024-07-19T00:35:14,,3,29447
2024-02-20T02:11:50,2024-02-20T04:11:50,4,42299
2025-09-09T14:10:37,2025-09-09T16:10:37,3,47685
2025-09-20T13:11:13,2025-09-20T19:11:13,2,32072
2024-05-28T00:33:07,2024-05-28T02:33:07,9,15372
2025-10-15T15:07:51,2025-10-15T20:07:51,10,49080
2023-12-06T21:56:33,2023-12-07T02:56:33,3,33137
2025-10-16T07:55:58,2025-10-16T10:55:58,4,26511
2025-09-04T05:37:11,2025-09-04T12:37:11,2,21423
2023-12-09T04:37:59,2023-12-09T07:37:59,9,33255
2024-07-14T21:41:16,2024-07-15T03:41:16,6,21706
2024-12-18T15:59:59,2024-12-18T23:59:59,4,17504
2024-11-30T11:11:46,2024-11-30T16:11:46,8,36992
2025-05-04T07:09:19,2025-05-04T15:09:19,2,42471
2025-03-01T08:04:45,2025-03-01T10:04:45,10,49677
2025-07-12T23:26:14,2025-07-13T00:26:14,7,19148
2025-05-06T14:56:23,2025-05-06T18:56:23,6,40888
2025-10-04T11:34:49,,5,25637
2024-12-13T02:50:43,2024-12-13T04:50:43,4,1878
2025-05-21T15:40:23,2025-05-21T22:40:23,10,18218
2024-11-15T23:49:57,2024-11-16T02:49:57,6,12666
2024-04-09T08:06:57,,2,44922
2024-06-24T02:39:38,2024-06-24T06:39:38,8,34063
2025-02-09T16:20:34,2025-02-09T22:20:34,9,16947
2024-07-23T20:58:53,2024-07-23T22:58:53,1,11677
2025-01-02T03:29:03,2025-01-02T06:29:03,8,3361
2024-06-17T00:26:17,,5,25965
2024-03-18T11:34:44,2024-03-18T12:34:44,9,36070
2024-09-04T06:34:10,2024-09-04T07:34:10,10,16511
2025-08-22T01:13:17,2025-08-22T06:13:17,5,39430
2024-09-01T01:37:14,2024-09-01T09:37:14,9,23735
2025-04-07T15:33:15,,2,7862
2024-11-11T11:18:42,2024-11-11T15:18:42,8,14084
2024-12-08T13:57:35,2024-12-08T19:57:35,9,45972
2025-05-13T20:52:35,,1,39341
2024-11-23T10:39:49,2024-11-23T17:39:49,9,49825
2023-12-17T20:50:47,2023-12-17T23:50:47,10,25160
2025-01-23T07:29:19,2025-01-23T10:29:19,9,10686
2024-01-08T19:10:46,2024-01-08T21:10:46,10,27802
2024-06-02T07:46:53,2024-06-02T10:46:53,10,30311
2025-05-21T07:28:01,2025-05-21T13:28:01,3,24874
2024-08-13T14:09:58,,7,36414
2025-01-07T23:54:23,2025-01-08T07:54:23,2,48014
2024-03-29T00:49:02,,5,18340
2025-08-23T01:20:53,2025-08-23T03:20:53,5,27972
2025-06-18T12:09:37,2025-06-18T17:09:37,2,18422
2024-02-26T17:15:44,2024-02-26T22:15:44,4,19450
2024-09-11T20:50:37,2024-09-12T03:50:37,5,46282
2024-01-25T10:39:17,2024-01-25T16:39:17,10,31126
2025-09-11T14:51:37,2025-09-11T21:51:37,1,16182
2024-12-28T16:48:06,2024-12-29T00:48:06,6,30806
2025-05-10T14:18:19,2025-05-10T17:18:19,8,21014
2025-09-14T03:39:39,2025-09-14T07:39:39,5,26294
2025-05-11T08:24:36,2025-05-11T16:24:36,8,23482
2025-02-06T04:13:57,2025-02-06T09:13:57,5,22223
2023-11-24T04:06:01,2023-11-24T08:06:01,10,24594
2024-01-27T19:14:40,2024-01-28T00:14:40,6,32644
2024-07-12T07:59:01,2024-07-12T09:59:01,6,12966
2025-04-12T16:16:44,2025-04-12T18:16:44,1,10394
2024-02-28T08:24:45,2024-02-28T16:24:45,5,25982
2025-07-06T17:12:11,,10,6039
2024-05-03T21:13:53,2024-05-04T04:13:53,10,39902
2024-03-07T21:21:53,2024-03-08T05:21:53,1,34266
2025-04-11T07:30:28,,9,42493
2024-01-16T13:12:26,,1,26998
2025-01-21T23:55:34,2025-01-22T00:55:34,8,28250
2024-01-28T02:15:40,2024-01-28T05:15:40,10,7988
2024-09-29T15:36:56,2024-09-29T20:36:56,9,24744
2024-02-20T01:28:05,2024-02-20T03:28:05,1,29045
2024-09-09T23:48:21,,9,45680
2024-11-24T07:48:20,2024-11-24T10:48:20,8,30136
2025-03-23T02:00:47,2025-03-23T08:00:47,4,34504
2025-03-18T18:44:44,,10,26714
2025-04-23T12:57:53,2025-04-23T16:57:53,4,31716
2024-03-04T22:59:00,2024-03-05T05:59:00,1,19447
2025-04-22T16:18:52,2025-04-22T18:18:52,2,7593
2024-11-03T03:22:42,2024-11-03T06:22:42,6,27621
2023-11-18T15:24:54,,8,24197
2025-05-25T01:32:40,,10,44
2024-05-27T22:10:30,2024-05-28T00:10:30,8,31727
2025-08-18T19:23:03,,3,7073
2025-02-26T13:42:44,2025-02-26T17:42:44,6,30157
2024-10-13T07:41:04,,10,38068
2024-04-01T01:37:44,,6,22170
2023-11-20T16:04:27,,8,18
2024-07-19T22:56:29,2024-07-20T00:56:29,7,12103
2025-06-13T20:01:40,,2,26315
2024-09-02T02:03:07,2024-09-02T04:03:07,8,14939
2025-05-07T19:01:17,2025-05-08T01:01:17,2,49074
2023-12-16T05:03:24,,7,30160
2024-05-24T03:50:32,2024-05-24T05:50:32,1,18297
2025-04-02T04:41:42,2025-04-02T08:41:42,2,48086
2025-05-18T16:53:40,2025-05-18T22:53:40,9,18777
2025-06-19T10:36:11,2025-06-19T17:36:11,7,36629
2023-11-10T11:19:35,2023-11-10T13:19:35,8,1933
2025-05-21T03:14:22,2025-05-21T11:14:22,1,20079
2025-02-13T06:34:17,,9,47184
2025-08-09T00:14:24,2025-08-09T08:14:24,10,12456
2025-01-25T19:48:51,2025-01-26T02:48:51,2,31984
2024-02-23T01:43:51,2024-02-23T02:43:51,4,44534
2024-04-29T17:21:07,2024-04-30T01:21:07,9,43067
2025-04-26T23:53:38,2025-04-27T03:53:38,2,35436
2025-01-16T20:12:08,2025-01-17T00:12:08,8,41418
2025-05-22T08:24:17,,4,29412
2024-10-12T04:45:43,2024-10-12T05:45:43,6,23982
2024-08-09T20:06:52,2024-08-10T00:06:52,7,4916
2023-11-30T01:50:13,2023-11-30T04:50:13,3,18477
2024-05-11T21:32:16,2024-05-12T00:32:16,2,40163
2024-10-05T04:54:15,2024-10-05T09:54:15,2,23293
2024-06-02T15:02:06,,5,27941
2024-07-20T05:55:42,2024-07-20T11:55:42,5,31334
2024-02-25T21:05:26,2024-02-25T22:05:26,3,4226
2024-05-17T15:22:00,,6,21079
2025-09-25T00:31:31,2025-09-25T05:31:31,8,18607
2024-10-04T06:19:56,2024-10-04T08:19:56,10,20913
2024-09-04T19:46:36,2024-09-04T20:46:36,3,2151
2025-01-21T04:51:52,2025-01-21T09:51:52,3,41500
2025-09-26T07:27:49,2025-09-26T14:27:49,8,47212
2025-10-19T23:07:17,,5,31480
2025-10-12T11:05:17,2025-10-12T18:05:17,3,27599
2025-04-09T14:34:36,2025-04-09T19:34:36,8,31908
2025-10-30T07:08:19,2025-10-30T10:08:19,7,44367
2024-05-13T20:40:21,2024-05-14T02:40:21,3,30360
2024-03-10T19:37:24,2024-03-11T01:37:24,5,28675
2023-12-23T00:44:17,2023-12-23T08:44:17,7,26530
2024-01-05T06:57:36,2024-01-05T11:57:36,7,36471
2024-07-05T19:11:02,2024-07-06T01:11:02,8,4363
2023-12-03T15:09:07,2023-12-03T23:09:07,1,16632
2025-06-11T22:14:56,2025-06-12T01:14:56,6,22942
2024-07-01T12:20:37,2024-07-01T16:20:37,6,40718
2025-07-28T03:12:28,2025-07-28T05:12:28,6,44428
2024-09-04T16:21:31,,6,44802
2024-12-08T18:32:39,2024-12-08T19:32:39,7,34857
2024-08-12T08:16:24,2024-08-12T12:16:24,7,31303
2024-08-24T08:54:14,2024-08-24T12:54:14,7,7162
2025-10-19T01:43:21,2025-10-19T05:43:21,4,49643
2024-08-11T10:33:08,2024-08-11T15:33:08,2,18357
2024-08-01T21:08:30,,4,17984
2024-05-02T03:44:12,,6,15939
2025-07-14T17:36:42,2025-07-14T21:36:42,4,36139
2025-08-26T04:49:07,,9,20251
2025-09-01T22:50:36,2025-09-02T04:50:36,9,49279
2024-12-16T21:39:57,,3,45643
2023-11-15T15:46:08,,7,31251
2024-05-05T11:09:11,2024-05-05T17:09:11,5,22560
2025-10-20T14:54:08,2025-10-20T16:54:08,7,23425
2025-09-13T04:07:19,2025-09-13T06:07:19,7,3761
2025-02-20T00:20:27,2025-02-20T08:20:27,6,13976
2025-01-03T11:53:57,2025-01-03T15:53:57,6,5428
2025-09-24T11:47:48,2025-09-24T15:47:48,4,12095
2024-04-23T08:18:28,,4,40588
2024-12-03T21:26:46,2024-12-03T23:26:46,2,42382
2024-08-11T11:14:46,2024-08-11T13:14:46,3,8214
2025-03-15T06:36:57,2025-03-15T13:36:57,5,16738
2024-03-20T16:03:31,,1,44793
2025-10-22T06:15:41,,5,18544
2024-02-02T09:45:15,2024-02-02T13:45:15,10,33906
2023-12-26T17:31:59,2023-12-26T22:31:59,4,27543
2024-03-21T23:36:24,,1,11851
2024-09-13T20:05:33,2024-09-13T21:05:33,3,10503
2024-11-29T05:02:54,2024-11-29T09:02:54,4,32856
2024-03-19T02:10:54,2024-03-19T07:10:54,2,2157
2025-05-15T14:32:44,2025-05-15T22:32:44,2,1129
2024-08-04T10:27:41,,6,18942
2024-01-11T09:14:57,2024-01-11T10:14:57,10,32021
2024-06-14T19:48:01,2024-06-14T20:48:01,3,19019
2024-08-12T01:59:16,2024-08-12T02:59:16,10,30298
2024-08-30T12:15:57,,6,8765
2025-02-24T01:19:26,2025-02-24T02:19:26,9,49883
2025-02-12T20:29:01,2025-02-13T03:29:01,10,40814
2025-09-02T04:09:51,2025-09-02T10:09:51,1,14110
2024-11-30T12:15:26,2024-11-30T18:15:26,8,19323
2024-08-15T23:39:40,2024-08-16T01:39:40,10,31038
2025-09-05T03:26:10,,3,9393
2024-07-04T21:25:32,2024-07-05T00:25:32,9,5740
2025-06-18T04:59:37,2025-06-18T11:59:37,1,9153
2024-07-24T15:51:39,2024-07-24T17:51:39,3,10769
2025-10-22T06:09:31,,2,117
2025-03-29T16:03:11,2025-03-29T21:03:11,6,34894
2025-01-10T16:23:59,2025-01-10T17:23:59,7,41240
2025-11-05T17:38:12,,2,23114
2025-10-09T07:57:09,2025-10-09T08:57:09,3,25341
2024-07-31T08:20:13,2024-07-31T16:20:13,1,48200
2025-06-12T23:19:10,2025-06-13T07:19:10,9,11919
2025-07-30T05:34:17,2025-07-30T11:34:17,7,20912
2025-02-07T08:42:56,2025-02-07T10:42:56,9,23032
2025-06-26T01:42:43,2025-06-26T04:42:43,8,6167
2025-08-09T05:23:00,2025-08-09T10:23:00,6,8156
2025-02-11T08:11:25,2025-02-11T15:11:25,9,23988
2024-12-10T02:58:08,,5,1130
2024-10-24T13:08:21,2024-10-24T14:08:21,3,5982
2025-03-02T07:26:19,,3,22840
2025-01-01T11:25:34,2025-01-01T18:25:34,10,39529
2023-12-06T08:00:58,,1,24724
2025-07-13T07:42:35,2025-07-13T10:42:35,6,29488
2025-09-23T14:21:22,,7,32372
2025-06-08T14:01:48,2025-06-08T17:01:48,4,21187
2024-10-10T18:59:28,,1,30771
2024-12-25T05:24:32,2024-12-25T12:24:32,7,28646
2024-08-21T02:24:22,2024-08-21T03:24:22,8,4165
2025-05-03T23:28:22,2025-05-04T05:28:22,4,76
2023-11-29T05:54:28,2023-11-29T10:54:28,9,47661
2023-11-29T13:45:40,2023-11-29T19:45:40,8,43366
2025-03-07T15:04:49,,6,15528
2024-09-29T18:51:57,2024-09-30T01:51:57,2,7004
2025-10-11T09:21:17,2025-10-11T17:21:17,9,11284
2023-11-07T16:14:47,2023-11-07T23:14:47,10,37449
2024-12-06T10:35:31,,6,10941
2025-04-03T05:39:54,2025-04-03T09:39:54,9,13466
2025-08-18T04:35:53,2025-08-18T09:35:53,4,14094
2024-01-20T20:11:10,2024-01-21T01:11:10,10,40491
2025-02-16T20:53:15,2025-02-17T04:53:15,10,1196
2025-03-19T12:30:13,,7,29156
2024-11-06T17:41:34,,1,4193
2024-06-22T10:04:39,2024-06-22T15:04:39,8,30820
2024-01-14T04:51:17,2024-01-14T07:51:17,7,1611
2025-08-13T20:43:01,2025-08-14T00:43:01,4,10286
2024-05-17T09:13:55,2024-05-17T13:13:55,5,7202
2025-05-04T22:14:55,2025-05-04T23:14:55,5,5928
2025-10-11T02:38:59,,10,42685
2023-12-25T10:30:44,2023-12-25T18:30:44,2,10349
2025-10-02T01:28:41,2025-10-02T04:28:41,3,19596
2023-11-28T21:20:40,2023-11-29T04:20:40,3,33798
2024-08-25T05:49:14,2024-08-25T12:49:14,9,2905
2025-10-23T05:40:23,2025-10-23T12:40:23,4,20802
2024-01-25T05:10:21,2024-01-25T06:10:21,2,41107
2025-03-06T00:17:01,2025-03-06T05:17:01,10,2240
2024-12-02T12:16:13,2024-12-02T19:16:13,9,10214
2025-09-23T16:45:30,,6,2679
2025-05-31T00:20:17,2025-05-31T01:20:17,5,43664
2024-05-05T17:19:29,,2,15946
2024-05-09T11:20:15,,10,3303
2024-07-30T13:23:48,2024-07-30T17:23:48,6,23513
2024-12-21T05:10:42,2024-12-21T12:10:42,3,1080
2024-12-26T07:42:51,2024-12-26T10:42:51,4,4576
2024-02-15T12:38:30,2024-02-15T16:38:30,8,12913
2025-05-20T14:52:22,2025-05-20T19:52:22,2,28830
2024-05-14T10:41:20,2024-05-14T16:41:20,6,34980
2025-08-19T20:51:14,2025-08-20T02:51:14,10,5945
2025-03-03T18:43:26,,5,19493
2024-12-03T12:28:31,2024-12-03T17:28:31,2,25031
2025-01-06T01:04:24,2025-01-06T03:04:24,6,4828
2023-11-24T01:10:31,2023-11-24T05:10:31,10,16962
2024-05-24T12:52:58,2024-05-24T17:52:58,2,49949
2024-08-09T23:49:46,2024-08-10T07:49:46,8,33962
2023-12-31T09:44:56,2023-12-31T12:44:56,3,24125
2024-10-24T22:10:50,2024-10-25T06:10:50,2,41768
2025-01-06T12:00:44,2025-01-06T17:00:44,8,41660
2023-12-04T03:32:48,2023-12-04T11:32:48,2,33238
2025-09-09T09:56:14,2025-09-09T10:56:14,10,44485
2025-03-20T20:45:23,2025-03-20T22:45:23,10,40465
2025-05-07T09:48:29,2025-05-07T15:48:29,2,40495
2025-10-31T22:11:46,2025-11-01T00:11:46,9,14407
2024-10-20T17:41:47,2024-10-20T23:41:47,10,37185
2025-09-16T08:55:06,2025-09-16T15:55:06,9,23798
2023-12-04T09:10:37,,2,1453
2024-04-14T05:24:03,2024-04-14T07:24:03,6,1709
2024-12-18T00:29:42,2024-12-18T05:29:42,2,33671
2024-01-06T15:26:26,,4,9188
2025-03-31T09:24:02,2025-03-31T15:24:02,9,4363
2024-04-03T13:18:04,,10,22491
2024-08-23T15:23:22,,5,42711
2025-07-22T02:34:35,2025-07-22T06:34:35,3,31980
2025-09-23T13:15:53,2025-09-23T16:15:53,9,18107
2023-11-28T14:28:59,2023-11-28T16:28:59,3,37114
2024-09-19T09:02:48,2024-09-19T10:02:48,8,5553
2025-04-30T07:52:39,2025-04-30T09:52:39,3,15254
2025-09-17T12:07:46,2025-09-17T20:07:46,8,43106
2024-12-29T18:19:11,2024-12-29T19:19:11,8,38332
2023-12-08T04:31:08,2023-12-08T11:31:08,5,39060
2024-12-15T02:05:22,2024-12-15T09:05:22,7,48972
2024-05-10T21:43:13,2024-05-11T03:43:13,8,32246
2025-08-30T03:41:18,2025-08-30T10:41:18,3,11414
2025-09-20T16:19:29,2025-09-21T00:19:29,2,36263
2024-03-02T00:03:01,2024-03-02T03:03:01,2,28523
2024-02-13T07:04:07,2024-02-13T10:04:07,2,17840
2025-09-10T15:32:52,2025-09-10T22:32:52,10,10647
2024-01-25T05:37:23,2024-01-25T10:37:23,2,31345
2024-04-26T13:31:42,2024-04-26T19:31:42,10,14286
2025-01-19T12:56:48,2025-01-19T16:56:48,7,37472
2025-01-08T15:37:44,2025-01-08T22:37:44,8,14001
2024-09-26T02:19:20,,10,18300
2025-06-25T11:30:21,,1,10192
2025-05-27T18:16:03,,10,44431
2025-11-05T01:26:38,2025-11-05T05:26:38,1,6472
2024-05-14T05:40:23,2024-05-14T07:40:23,9,46837
2025-08-21T11:33:42,2025-08-21T16:33:42,1,2548
2024-02-03T02:08:45,2024-02-03T04:08:45,4,30949
2025-07-01T10:41:50,2025-07-01T12:41:50,1,67
2025-08-27T01:37:17,,8,35802
2025-04-19T17:50:55,,4,6431
2023-12-02T06:31:42,2023-12-02T12:31:42,2,16136
2024-11-07T11:50:17,2024-11-07T14:50:17,5,31556
2025-01-17T08:59:42,2025-01-17T16:59:42,5,11889
2024-12-28T14:44:29,2024-12-28T16:44:29,8,12881
2025-10-17T05:41:18,2025-10-17T09:41:18,7,11865
2025-05-16T15:11:18,2025-05-16T19:11:18,10,22120
2024-01-14T16:30:02,,4,33718
2024-02-06T01:27:21,2024-02-06T07:27:21,6,43150
2024-10-17T00:15:25,2024-10-17T03:15:25,5,45758
2023-12-10T17:54:36,2023-12-10T19:54:36,5,17284
2025-04-01T15:32:29,2025-04-01T17:32:29,9,2309
2025-09-02T04:34:27,2025-09-02T08:34:27,10,8232
2024-09-05T14:56:36,2024-09-05T21:56:36,3,11410
2025-03-17T09:11:51,2025-03-17T16:11:51,3,32711
2024-06-03T02:22:49,2024-06-03T03:22:49,5,21135
2024-11-09T16:19:14,,8,37709
2025-01-15T11:18:24,2025-01-15T15:18:24,10,15981
2025-03-15T14:10:58,2025-03-15T21:10:58,5,6093
2025-05-27T07:48:15,,10,13507
2024-05-26T03:11:43,2024-05-26T05:11:43,8,22068
2024-12-16T02:20:43,,4,34767
2024-07-12T10:08:06,2024-07-12T11:08:06,5,22657
2024-06-07T00:08:17,2024-06-07T07:08:17,7,40918
2025-03-17T17:50:34,2025-03-18T00:50:34,3,27040
2024-01-28T12:06:28,,8,4777
2025-07-13T14:06:36,2025-07-13T15:06:36,5,49327
2025-02-24T22:57:17,2025-02-25T05:57:17,7,6489
2024-02-28T12:31:54,,2,41545
2025-07-24T08:16:33,,1,36981
2025-10-03T18:59:04,2025-10-03T23:59:04,4,40360
2024-04-13T04:02:32,2024-04-13T06:02:32,6,47372
2025-06-14T06:45:58,2025-06-14T13:45:58,10,16776
2024-07-25T14:42:23,2024-07-25T17:42:23,7,14700
2024-04-13T09:45:39,,6,16139
2024-10-20T00:43:34,2024-10-20T02:43:34,6,45492
2024-04-19T06:44:01,2024-04-19T10:44:01,1,3345
2024-07-18T19:46:51,,3,43167
2024-12-26T02:02:08,2024-12-26T04:02:08,6,30619
2024-01-01T21:13:30,2024-01-02T01:13:30,1,23092
2024-03-05T07:29:51,2024-03-05T15:29:51,7,14759
2024-02-03T19:12:56,2024-02-04T01:12:56,7,27576
2024-11-10T11:47:38,2024-11-10T15:47:38,6,46231
2025-02-14T08:31:28,2025-02-14T16:31:28,3,15206
2024-01-02T00:28:42,2024-01-02T07:28:42,9,41463
2025-04-01T10:01:31,2025-04-01T12:01:31,5,26616
2024-07-01T18:30:41,2024-07-02T02:30:41,5,39783
2025-09-05T06:38:55,2025-09-05T12:38:55,7,10305
2023-12-12T15:36:28,2023-12-12T21:36:28,8,45403
2025-08-30T05:24:56,2025-08-30T07:24:56,10,41530
2024-04-21T07:23:09,2024-04-21T10:23:09,7,33466
2024-04-13T04:33:57,2024-04-13T05:33:57,7,2533
2024-10-01T20:34:22,2024-10-02T04:34:22,7,35715
2024-02-20T23:25:57,2024-02-21T05:25:57,3,29049
2025-09-25T11:30:34,2025-09-25T12:30:34,4,32025
2024-05-22T02:00:34,2024-05-22T06:00:34,9,24748
2025-02-05T15:07:59,2025-02-05T16:07:59,4,12921
2025-05-09T18:44:33,2025-05-09T21:44:33,1,2219
2024-04-17T03:05:44,2024-04-17T09:05:44,7,6
2025-10-15T04:40:36,2025-10-15T06:40:36,9,2758
2025-09-13T05:12:58,2025-09-13T11:12:58,8,12446
2024-01-08T01:07:02,,1,43573
2025-04-06T04:56:40,2025-04-06T07:56:40,9,39276
2023-11-14T05:20:34,2023-11-14T10:20:34,4,37189
2024-11-25T14:53:35,,2,1925
2025-04-21T10:02:47,,2,28985
2024-05-04T17:12:23,2024-05-05T01:12:23,6,24619
2024-12-14T10:15:04,2024-12-14T16:15:04,5,4818
2024-07-19T16:08:26,,9,45190
2024-12-15T05:48:55,2024-12-15T11:48:55,6,35472
2024-03-27T21:25:11,2024-03-28T05:25:11,3,35755
2024-02-04T15:02:18,2024-02-04T19:02:18,2,16754
2025-04-07T23:28:10,2025-04-08T01:28:10,8,11613
2024-10-04T15:01:23,2024-10-04T21:01:23,8,45054
2024-12-17T14:25:48,2024-12-17T20:25:48,5,17573
2024-05-11T21:05:15,2024-05-12T03:05:15,8,44067
2024-12-19T23:47:34,,7,16738
2025-03-01T01:04:23,2025-03-01T06:04:23,5,17026
2024-06-21T08:28:23,2024-06-21T10:28:23,2,29870
2024-02-17T16:47:37,,2,47428
2025-07-24T00:55:22,2025-07-24T01:55:22,7,17549
2024-06-21T23:28:47,2024-06-22T07:28:47,1,26830
2025-04-29T00:16:12,2025-04-29T06:16:12,7,42325
2025-10-10T16:00:59,2025-10-10T23:00:59,3,40389
2024-01-09T04:11:28,2024-01-09T11:11:28,3,43749
2024-12-30T23:27:23,,5,48674
2024-12-06T21:44:08,2024-12-07T02:44:08,4,38067
2025-01-30T07:35:58,2025-01-30T11:35:58,4,21602
2025-02-20T15:52:41,2025-02-20T16:52:41,2,26181
2024-10-10T19:06:56,2024-10-10T22:06:56,4,12853
2024-06-29T16:10:14,2024-06-29T18:10:14,8,37248
2025-04-20T21:45:22,2025-04-21T02:45:22,4,7720
2025-03-25T01:01:33,,1,8866
2025-10-30T03:47:00,2025-10-30T06:47:00,6,21263
2025-07-31T08:22:38,2025-07-31T16:22:38,4,481
2023-12-09T19:22:41,,7,44970
2024-07-24T08:52:53,2024-07-24T15:52:53,5,34006
2025-02-24T10:57:19,2025-02-24T17:57:19,5,3394
2025-05-22T12:06:50,2025-05-22T18:06:50,9,3853
2024-10-20T04:39:09,2024-10-20T05:39:09,9,48350
2024-10-12T09:14:50,2024-10-12T11:14:50,2,48511
2025-03-04T02:54:41,2025-03-04T08:54:41,6,20024
2025-03-03T03:26:55,2025-03-03T04:26:55,1,40279
2023-11-22T08:42:12,2023-11-22T11:42:12,7,21236
2023-12-22T13:37:01,2023-12-22T18:37:01,9,2671
2024-07-04T11:15:31,2024-07-04T18:15:31,10,3205
2024-04-25T18:55:57,,6,24835
2025-10-12T05:49:16,,7,27952
2025-10-21T03:49:10,2025-10-21T11:49:10,9,11162
2024-09-25T12:50:19,2024-09-25T17:50:19,10,30498
2025-07-11T10:08:51,2025-07-11T15:08:51,10,24525
2024-07-16T17:41:52,2024-07-16T20:41:52,1,34191
2025-01-07T04:48:40,2025-01-07T07:48:40,4,12618
2024-02-04T01:37:19,,9,44885
2025-06-14T15:06:52,,3,2650
2025-04-02T23:50:56,2025-04-03T05:50:56,2,29736
2024-10-30T07:16:05,2024-10-30T13:16:05,9,13387
2024-06-05T00:13:25,,8,3268
2024-12-24T11:11:06,2024-12-24T15:11:06,10,7627
2024-06-24T22:39:36,,3,19954
2025-06-28T01:32:45,2025-06-28T02:32:45,2,21107
2024-01-28T06:46:20,2024-01-28T10:46:20,7,14584
2025-02-25T19:26:36,2025-02-25T22:26:36,4,18859
2025-07-29T17:40:57,2025-07-30T00:40:57,4,26410
2024-01-05T00:36:48,2024-01-05T01:36:48,1,2406
2024-02-21T01:39:31,2024-02-21T03:39:31,1,11378
2024-12-08T21:33:45,,6,45418
2024-04-25T18:20:43,2024-04-25T19:20:43,4,12440
2025-04-06T05:41:26,,9,49900
2024-12-15T23:44:59,2024-12-16T03:44:59,6,32964
2024-03-09T08:26:32,2024-03-09T16:26:32,6,40471
2025-03-26T11:10:48,2025-03-26T13:10:48,2,34090
2024-10-19T22:22:31,2024-10-20T01:22:31,6,28631
2024-04-10T05:42:20,2024-04-10T13:42:20,8,32755
2024-04-16T00:34:48,2024-04-16T02:34:48,6,32273
2025-06-23T12:08:52,2025-06-23T19:08:52,10,42346
2025-05-15T10:50:19,2025-05-15T11:50:19,6,37497
2025-05-27T13:30:29,2025-05-27T21:30:29,4,30525
2025-10-23T03:29:37,2025-10-23T11:29:37,9,20697
2025-10-03T22:38:55,2025-10-04T03:38:55,3,33101
2025-08-05T21:57:52,2025-08-06T00:57:52,1,633
2025-04-21T06:12:13,2025-04-21T11:12:13,6,20223
2024-01-08T19:46:35,2024-01-09T00:46:35,2,14772
2023-12-05T00:14:26,,3,32174
2025-07-24T03:12:39,,5,23376
2025-08-19T21:15:36,,5,23920
2023-12-20T09:07:05,2023-12-20T15:07:05,4,40478
2024-01-28T00:40:30,2024-01-28T06:40:30,2,31322
2025-01-08T13:24:12,2025-01-08T21:24:12,2,14664
2024-08-25T02:36:43,2024-08-25T06:36:43,4,13100
2024-08-06T20:21:34,2024-08-06T23:21:34,3,15497
2024-10-01T04:41:03,2024-10-01T12:41:03,10,11791
2025-01-21T22:25:42,2025-01-22T01:25:42,1,17243
2024-03-23T06:25:32,2024-03-23T08:25:32,1,9640
2024-03-26T22:57:36,2024-03-26T23:57:36,6,10331
2024-01-17T20:48:55,2024-01-17T21:48:55,10,48841
2024-10-06T05:41:11,2024-10-06T09:41:11,9,21383
2024-08-16T04:04:16,2024-08-16T11:04:16,8,15856
2024-04-02T10:15:15,2024-04-02T16:15:15,2,17060
2024-02-06T02:18:23,,9,5776
2025-10-25T02:21:45,,2,13088
2025-07-27T05:50:36,2025-07-27T07:50:36,7,1750
2024-12-04T12:25:15,2024-12-04T13:25:15,4,9765
2024-10-07T13:08:18,2024-10-07T20:08:18,1,18678
2023-12-27T12:54:52,2023-12-27T18:54:52,2,49441
2024-08-27T07:45:32,2024-08-27T15:45:32,2,7624
2024-09-19T00:47:16,2024-09-19T05:47:16,8,12254
2024-10-16T10:27:47,2024-10-16T13:27:47,6,36649
2025-02-14T18:31:46,2025-02-14T23:31:46,10,3981
2024-10-01T02:38:15,2024-10-01T10:38:15,8,18591
2023-12-01T10:17:54,2023-12-01T14:17:54,6,23458
2024-11-01T01:38:11,2024-11-01T08:38:11,6,4049
2024-09-18T21:43:48,2024-09-18T22:43:48,1,7081
2025-05-28T14:20:12,2025-05-28T19:20:12,6,2556
2025-03-03T13:10:13,,4,23619
2024-10-13T09:24:59,2024-10-13T14:24:59,5,26227
2024-06-08T19:33:59,2024-06-08T22:33:59,7,15315
2025-05-12T01:05:47,2025-05-12T08:05:47,4,28168
2025-09-18T21:21:47,2025-09-18T22:21:47,1,38610
2025-07-12T02:30:21,2025-07-12T06:30:21,6,48644
2025-05-05T02:05:19,2025-05-05T04:05:19,4,16501
2025-05-19T10:46:51,2025-05-19T14:46:51,6,43621
2025-03-09T15:53:16,,3,23140
2024-04-26T23:29:50,2024-04-27T02:29:50,5,41220
2024-09-29T18:37:11,2024-09-29T22:37:11,1,48358
2024-11-10T14:33:12,2024-11-10T15:33:12,1,13694
2024-03-10T14:30:43,2024-03-10T15:30:43,7,4874
2023-11-30T22:27:19,,8,21406
2025-07-06T14:52:26,2025-07-06T21:52:26,8,35984
2024-08-16T11:30:30,,4,5387
2025-05-18T03:00:44,2025-05-18T11:00:44,10,49049
2024-12-11T07:29:23,2024-12-11T10:29:23,1,46535
2025-09-01T15:45:53,2025-09-01T16:45:53,9,41854
2024-03-08T16:23:11,2024-03-08T23:23:11,5,6935
2025-01-23T05:26:17,2025-01-23T13:26:17,8,13926
2024-08-24T09:42:13,2024-08-24T12:42:13,6,9509
2024-07-28T04:24:51,,7,3030
2024-05-30T17:51:48,2024-05-30T23:51:48,6,9942
2024-12-22T02:40:54,2024-12-22T09:40:54,8,5184
2025-07-25T23:28:51,2025-07-26T04:28:51,2,48415
2024-11-28T20:13:37,2024-11-29T04:13:37,6,9552
2025-08-15T08:25:21,2025-08-15T09:25:21,1,2148
2024-05-05T00:41:28,2024-05-05T04:41:28,7,40165
2024-01-31T09:03:54,2024-01-31T16:03:54,7,35359
2025-04-29T20:10:20,2025-04-29T22:10:20,8,27945
2025-06-04T04:27:04,2025-06-04T12:27:04,2,12398
2025-02-19T21:58:49,2025-02-19T23:58:49,10,21202
2025-07-31T00:23:56,2025-07-31T06:23:56,5,35870
2024-07-15T14:30:13,2024-07-15T17:30:13,2,6562
2024-01-07T19:35:34,2024-01-07T20:35:34,1,20910
2024-04-22T17:51:58,2024-04-23T01:51:58,8,8117
2024-06-14T14:52:12,2024-06-14T16:52:12,3,35601
2024-11-05T17:11:21,2024-11-06T01:11:21,10,33460
2024-12-18T06:40:58,2024-12-18T09:40:58,4,43057
2024-01-31T07:03:26,2024-01-31T08:03:26,1,5442
2025-02-14T14:22:08,2025-02-14T16:22:08,9,34392
2025-10-05T07:21:14,2025-10-05T14:21:14,2,13356
2024-07-25T19:22:47,2024-07-25T22:22:47,2,20495
2024-11-22T21:30:17,,1,24812
2025-09-06T06:26:32,2025-09-06T09:26:32,3,23510
2025-05-14T03:56:57,,10,40092
2024-01-13T17:03:59,,7,19842
2025-06-21T16:33:32,2025-06-21T19:33:32,8,16939
2025-05-09T07:32:05,2025-05-09T09:32:05,1,46358
2025-07-16T01:49:35,2025-07-16T04:49:35,6,43167
2024-12-21T23:53:38,2024-12-22T00:53:38,4,8879
2024-10-31T05:25:44,2024-10-31T13:25:44,1,44566
2023-11-10T00:50:24,,3,10061
2025-10-17T11:21:22,2025-10-17T19:21:22,4,34360
2024-02-25T19:55:21,2024-02-26T00:55:21,4,45888
2024-10-31T03:35:05,2024-10-31T08:35:05,2,40922
2025-04-21T14:58:48,2025-04-21T22:58:48,6,20855
2023-12-26T17:30:05,2023-12-26T18:30:05,9,48383
2023-12-16T07:40:43,2023-12-16T11:40:43,8,18394
2023-12-24T18:40:17,2023-12-25T00:40:17,10,35728
2025-07-28T06:03:34,2025-07-28T11:03:34,10,15211
2024-11-15T02:05:36,2024-11-15T07:05:36,1,36861
2024-08-03T14:41:45,2024-08-03T18:41:45,9,33355
2024-10-25T01:07:26,,3,36057
2025-05-30T04:16:05,2025-05-30T10:16:05,6,7635
2024-10-13T12:40:15,2024-10-13T17:40:15,4,8600
2024-11-13T12:27:03,2024-11-13T18:27:03,3,36465
2025-06-01T08:25:52,2025-06-01T13:25:52,5,9691
2025-06-30T08:45:06,2025-06-30T16:45:06,10,34662
2024-01-28T02:20:15,2024-01-28T06:20:15,9,34294
2025-09-27T21:06:36,2025-09-28T03:06:36,4,21752
2025-04-30T12:41:01,2025-04-30T16:41:01,8,16368
2024-05-01T04:49:03,2024-05-01T09:49:03,5,1214
2025-05-18T16:33:35,2025-05-18T17:33:35,2,47997
2024-02-21T06:57:50,2024-02-21T07:57:50,2,26233
2025-03-25T07:05:13,2025-03-25T14:05:13,6,22942
2024-06-07T18:39:51,2024-06-07T23:39:51,10,4377
2023-12-13T18:50:14,2023-12-13T19:50:14,1,36646
2024-06-29T09:47:17,2024-06-29T16:47:17,2,30140
2025-11-04T02:40:25,,4,18183
2024-10-21T16:56:57,2024-10-21T17:56:57,3,8159
2024-04-20T00:20:55,2024-04-20T01:20:55,6,20644
2023-11-09T11:42:35,2023-11-09T17:42:35,2,16923
2025-08-05T19:17:51,2025-08-06T02:17:51,1,49256
2024-09-05T17:08:15,2024-09-06T01:08:15,1,17508
2025-03-15T02:25:27,2025-03-15T08:25:27,2,25317
2025-10-10T20:51:54,,2,34471
2025-02-06T17:47:38,,1,40633
2025-08-03T08:40:02,2025-08-03T16:40:02,7,48208
2025-05-18T13:21:09,2025-05-18T21:21:09,9,22857
2024-04-15T19:59:48,2024-04-16T00:59:48,9,12967
2024-04-27T09:33:51,2024-04-27T14:33:51,2,40885
2023-12-04T07:23:49,2023-12-04T11:23:49,1,11516
2024-07-21T03:53:07,2024-07-21T05:53:07,7,14225
2025-03-31T21:18:59,,6,24522
2025-06-04T08:20:52,2025-06-04T12:20:52,2,19989
2024-03-06T13:16:34,2024-03-06T21:16:34,3,8
2025-03-16T01:25:58,2025-03-16T04:25:58,8,3300
2024-12-16T07:05:29,,6,19066
2024-02-09T17:25:54,2024-02-09T20:25:54,2,2522
2025-01-26T20:46:26,2025-01-26T23:46:26,8,33207
2024-05-10T02:21:14,,6,45925
2024-11-04T15:30:20,,9,46007
2024-04-23T22:38:24,2024-04-24T05:38:24,6,4720
2024-12-15T18:35:20,2024-12-16T02:35:20,9,40812
2025-06-28T22:28:51,2025-06-29T06:28:51,3,48855
2024-05-09T04:32:53,2024-05-09T05:32:53,6,15271
2024-10-04T19:41:23,2024-10-05T00:41:23,4,19490
2024-10-10T15:00:33,2024-10-10T18:00:33,2,1051
2024-01-18T20:41:44,2024-01-19T01:41:44,4,26871
2025-08-21T11:27:50,2025-08-21T18:27:50,3,46054
2024-05-25T12:29:14,2024-05-25T18:29:14,8,31422
2024-03-28T04:21:10,2024-03-28T08:21:10,6,10359
2024-07-28T10:18:51,2024-07-28T16:18:51,6,35349
2025-06-18T14:35:55,2025-06-18T19:35:55,8,6268
2024-07-21T20:15:23,2024-07-22T01:15:23,1,10185
2025-07-24T12:50:01,2025-07-24T17:50:01,8,15276
2024-07-31T07:45:52,2024-07-31T13:45:52,8,23765
2023-12-27T22:29:43,2023-12-28T02:29:43,8,28619
2025-08-05T04:32:33,,2,977
2024-12-01T00:46:05,2024-12-01T04:46:05,10,14782
2024-01-27T07:57:07,2024-01-27T14:57:07,1,2222
2023-12-15T03:42:02,,5,15932
2024-03-24T03:51:07,2024-03-24T07:51:07,4,30540
2025-02-13T21:18:15,2025-02-14T03:18:15,6,2249
2024-12-28T22:56:21,2024-12-29T02:56:21,7,11557
2025-05-12T20:21:08,2025-05-12T23:21:08,2,11634
2025-09-20T21:08:35,2025-09-20T23:08:35,5,2236
2023-12-11T19:22:04,2023-12-11T20:22:04,2,28816
2025-08-25T19:18:03,2025-08-26T03:18:03,8,10140
2025-05-07T07:51:47,2025-05-07T08:51:47,8,18125
2024-05-05T12:42:38,,3,400
2025-10-17T22:01:09,,8,10021
2024-09-17T15:15:11,2024-09-17T21:15:11,10,22070
2025-10-29T19:49:56,2025-10-29T21:49:56,8,40465
2024-07-18T02:06:38,2024-07-18T10:06:38,7,22299
2024-09-05T07:51:33,2024-09-05T15:51:33,8,22326
2023-12-26T02:29:57,,5,685
2025-02-08T16:35:50,2025-02-08T20:35:50,8,18521
2024-05-05T12:08:09,,9,45184
2024-11-10T05:55:35,2024-11-10T08:55:35,10,48446
2024-12-01T12:41:32,2024-12-01T16:41:32,2,998
2025-05-13T17:20:28,2025-05-13T21:20:28,8,21931
2024-09-12T00:04:17,2024-09-12T01:04:17,5,21478
2024-03-07T20:29:50,2024-03-07T23:29:50,3,44145
2023-11-12T01:17:25,,1,7524
2025-03-10T15:03:09,2025-03-10T18:03:09,4,18566
2024-11-06T03:19:31,,7,42225
2025-02-14T13:33:39,2025-02-14T17:33:39,7,12941
2025-06-13T19:31:42,2025-06-13T22:31:42,10,41821
2024-07-27T15:19:18,2024-07-27T23:19:18,3,2546
2024-12-30T11:09:47,2024-12-30T16:09:47,9,19024
2024-01-23T21:13:17,2024-01-23T22:13:17,8,4558
2025-08-25T23:03:06,2025-08-26T05:03:06,4,12100
2025-06-27T22:06:46,2025-06-28T04:06:46,7,12865
2025-06-18T13:30:06,2025-06-18T19:30:06,6,25042
2024-04-05T04:33:56,2024-04-05T11:33:56,7,49534
2025-03-04T10:08:08,2025-03-04T15:08:08,3,35428
2025-09-17T00:27:54,2025-09-17T02:27:54,1,25017
2023-11-10T03:38:08,2023-11-10T04:38:08,7,7542
2025-01-18T00:36:07,2025-01-18T06:36:07,9,24865
2025-02-09T12:34:11,2025-02-09T13:34:11,5,41615
2024-12-26T10:02:51,2024-12-26T15:02:51,1,20922
2025-01-04T19:42:42,2025-01-04T21:42:42,5,21288
2023-12-17T00:21:39,,3,28731
2024-04-22T22:00:18,2024-04-23T03:00:18,2,5000
2024-07-11T03:13:41,2024-07-11T04:13:41,5,11467
2025-09-13T09:27:58,2025-09-13T15:27:58,6,43463
2025-01-09T17:17:30,2025-01-09T19:17:30,7,17264
2025-08-11T18:37:04,2025-08-11T20:37:04,8,7967
2025-07-19T03:24:14,2025-07-19T04:24:14,5,20851
2025-07-01T20:32:45,2025-07-02T03:32:45,3,42798
2025-07-08T04:35:49,2025-07-08T05:35:49,1,34168
2025-03-10T07:56:40,2025-03-10T12:56:40,9,24372
2023-11-18T13:36:44,,8,26986
2024-06-13T02:13:22,,2,14930
2025-04-18T15:54:51,2025-04-18T18:54:51,3,44783
2025-02-05T05:18:45,2025-02-05T09:18:45,4,3947
2024-07-28T02:16:54,2024-07-28T10:16:54,8,45663
2024-12-09T01:09:53,,3,4263
2025-02-06T22:31:18,2025-02-07T06:31:18,1,30259
2023-12-05T05:35:23,,8,48256
2024-08-08T08:10:38,2024-08-08T09:10:38,4,44348
2025-09-15T00:18:39,2025-09-15T03:18:39,1,35543
2025-08-19T01:40:28,2025-08-19T06:40:28,9,30670
2025-03-24T20:41:32,2025-03-25T04:41:32,4,17530
2024-07-31T23:21:07,,9,3326
2025-10-27T03:24:35,,6,29612
2024-12-30T23:32:18,,3,47274
2024-04-01T20:53:03,2024-04-02T03:53:03,7,31823
2024-05-29T19:20:24,,7,1938
2024-04-01T05:29:23,2024-04-01T10:29:23,9,22481
2024-07-18T13:29:44,2024-07-18T19:29:44,1,994
2024-07-28T07:01:01,2024-07-28T10:01:01,3,22660
2025-06-04T21:17:07,2025-06-05T05:17:07,5,36205
2025-09-02T23:44:32,2025-09-03T05:44:32,10,42842
2024-10-13T16:20:07,,1,25019
2024-08-17T17:44:00,2024-08-17T20:44:00,8,1607
2024-10-18T06:55:41,2024-10-18T11:55:41,8,42852
2025-09-03T16:03:20,2025-09-03T18:03:20,6,40185
2023-12-08T03:06:24,2023-12-08T11:06:24,2,34637
2024-02-28T10:51:41,2024-02-28T14:51:41,1,2553
2025-05-12T08:03:14,2025-05-12T11:03:14,5,31985
2024-04-20T01:05:00,2024-04-20T07:05:00,6,5524
2025-04-11T14:12:39,2025-04-11T22:12:39,1,25329
2025-01-19T09:18:24,,5,8068
2024-05-17T10:52:08,,1,33434
2024-12-07T17:33:23,2024-12-07T19:33:23,3,24980
2024-12-31T10:59:21,2024-12-31T18:59:21,5,4426
2024-02-29T07:12:30,,10,11669
2025-01-11T23:55:32,2025-01-12T04:55:32,3,35413
2024-07-19T20:45:30,2024-07-19T22:45:30,6,9453
2024-10-20T01:29:16,2024-10-20T03:29:16,6,41209
2025-08-02T18:10:41,,8,28910
2025-04-30T13:09:41,,7,22298
2025-08-21T20:53:31,,3,21630
2025-03-26T12:19:40,,9,18225
2024-10-20T10:37:36,2024-10-20T11:37:36,7,41199
2024-10-08T14:30:13,,4,197
2024-07-09T16:16:41,2024-07-09T22:16:41,7,3465
2024-09-16T14:40:04,2024-09-16T15:40:04,3,8412
2024-08-15T19:07:05,,10,34545
2025-09-05T12:42:12,,1,8172
2024-12-04T20:20:00,2024-12-05T00:20:00,1,18647
2024-04-09T15:13:20,,10,12261
2024-01-21T16:18:16,2024-01-21T20:18:16,5,46642
2024-05-06T23:12:11,,3,43262
2024-11-07T03:19:07,2024-11-07T04:19:07,8,24968
2025-02-01T23:52:02,2025-02-02T04:52:02,6,4395
2024-05-19T14:59:08,2024-05-19T17:59:08,8,41038
2024-06-10T18:50:18,2024-06-10T20:50:18,2,31442
2024-12-04T01:32:15,,1,26352
2025-07-02T08:34:50,2025-07-02T10:34:50,9,28616
2025-07-02T17:00:25,2025-07-02T21:00:25,6,7052
2023-11-23T10:28:52,2023-11-23T14:28:52,9,38719
2024-03-18T03:20:25,,10,776
2025-05-03T13:10:12,2025-05-03T16:10:12,5,8243
2024-03-11T03:53:32,,8,19914
2025-08-24T09:20:07,2025-08-24T16:20:07,8,23327
2024-05-23T00:10:34,2024-05-23T05:10:34,6,43427
2025-02-21T04:25:46,2025-02-21T06:25:46,6,8766
2024-03-24T20:59:16,2024-03-24T22:59:16,7,9811
2023-11-10T08:08:16,2023-11-10T13:08:16,10,11078
2023-11-21T21:09:41,2023-11-21T23:09:41,6,8874
2025-10-11T06:10:03,2025-10-11T14:10:03,1,24430
2025-06-18T07:32:06,2025-06-18T08:32:06,6,11096
2025-09-08T09:02:07,,10,16872
2025-07-13T10:31:49,2025-07-13T12:31:49,1,41267
2025-01-14T16:11:52,,8,47803
2023-11-14T20:40:59,2023-11-15T04:40:59,6,7538
2024-05-02T09:49:21,,4,3123
2024-04-01T04:59:57,2024-04-01T05:59:57,4,32097
2024-07-25T12:16:49,2024-07-25T18:16:49,7,38273
2025-05-27T08:14:14,2025-05-27T12:14:14,5,17335
2024-11-02T22:55:49,,2,43859
2023-12-22T21:00:36,2023-12-23T00:00:36,6,7604
2025-08-11T23:19:50,2025-08-12T01:19:50,3,28792
2024-07-29T22:04:16,2024-07-29T23:04:16,5,38240
2025-05-18T20:02:08,2025-05-18T22:02:08,10,25622
2024-01-05T00:02:08,2024-01-05T07:02:08,8,5575
2024-03-15T17:08:43,2024-03-15T20:08:43,5,34540
2025-02-01T18:16:24,2025-02-02T00:16:24,3,37169
2024-07-21T01:32:15,2024-07-21T08:32:15,2,40844
2024-02-12T00:38:31,2024-02-12T08:38:31,7,1951
2025-10-28T02:09:13,2025-10-28T09:09:13,7,9322
2025-10-23T16:12:12,2025-10-23T18:12:12,4,1864
2024-09-28T15:42:45,2024-09-28T17:42:45,8,46074
2025-09-28T13:53:27,,5,40779
2025-07-26T08:44:42,2025-07-26T10:44:42,9,8053
2025-01-01T23:05:26,2025-01-02T06:05:26,8,29740
2025-10-04T18:04:17,2025-10-04T19:04:17,1,2450
2024-09-09T01:42:36,2024-09-09T07:42:36,8,12525
2025-05-30T02:05:07,2025-05-30T08:05:07,9,18977
2025-04-01T04:41:30,2025-04-01T09:41:30,9,16012
2024-06-21T09:16:38,2024-06-21T12:16:38,8,29715
2025-02-27T13:36:25,2025-02-27T20:36:25,4,29734
2025-10-29T01:02:40,2025-10-29T08:02:40,2,23433
2024-06-20T21:22:28,,6,25318
2024-12-06T04:28:10,2024-12-06T05:28:10,5,24629
2025-08-30T14:19:04,2025-08-30T19:19:04,4,21060
2024-01-28T23:01:34,2024-01-29T02:01:34,10,7113
2024-01-17T01:27:46,2024-01-17T02:27:46,9,31005
2023-12-22T09:48:38,,5,22583
2024-05-15T02:28:21,2024-05-15T04:28:21,10,19426
2024-04-28T20:29:24,2024-04-29T01:29:24,8,28945
2025-10-16T02:07:01,2025-10-16T08:07:01,9,12310
2024-02-03T07:41:07,2024-02-03T12:41:07,10,37317
2024-02-22T04:31:58,2024-02-22T05:31:58,9,21860
2025-02-05T09:25:55,2025-02-05T14:25:55,5,23991
2025-05-23T00:14:11,,1,47129
2025-03-01T16:02:02,2025-03-01T21:02:02,7,9480
2024-03-01T13:21:32,2024-03-01T20:21:32,3,43966
2025-02-09T10:54:17,,4,33462
2025-08-12T01:58:25,2025-08-12T07:58:25,7,44415
2025-05-11T04:25:37,2025-05-11T07:25:37,10,25550
2024-08-11T22:56:19,2024-08-12T00:56:19,4,29670
2024-08-01T04:14:01,,6,21180
2024-09-10T10:52:44,2024-09-10T17:52:44,5,47628
2025-09-23T08:45:03,2025-09-23T10:45:03,1,36139
2025-08-29T03:07:10,,7,49964
2024-12-19T03:49:25,2024-12-19T09:49:25,2,37201
2023-12-01T19:39:59,2023-12-01T22:39:59,6,22119
2024-11-13T21:24:04,,3,32314
2025-09-20T23:43:29,2025-09-21T02:43:29,1,27744
2024-07-05T02:25:44,2024-07-05T04:25:44,2,43732
2025-02-26T08:16:12,2025-02-26T11:16:12,7,29947
2025-04-19T17:22:50,2025-04-19T22:22:50,9,46528
2023-11-27T10:40:55,2023-11-27T11:40:55,9,34786
2025-06-24T11:09:59,2025-06-24T14:09:59,1,9648
2024-09-05T16:50:54,2024-09-05T18:50:54,9,26774
2024-07-20T14:29:25,,3,849
2025-07-05T21:22:43,2025-07-06T02:22:43,2,23028
2024-04-20T21:13:31,2024-04-21T03:13:31,6,7612
2025-02-09T23:34:44,2025-02-10T00:34:44,4,14383
2024-03-27T22:48:33,2024-03-28T03:48:33,7,23666
2024-03-01T01:48:35,2024-03-01T03:48:35,8,903
2024-05-17T14:01:34,2024-05-17T16:01:34,5,47194
2025-08-03T08:40:39,2025-08-03T14:40:39,4,48508
2024-12-04T10:57:46,2024-12-04T18:57:46,5,39169
2024-07-03T12:18:54,2024-07-03T18:18:54,3,21190
2024-12-27T23:12:49,2024-12-28T05:12:49,1,38250
2024-05-11T10:02:48,2024-05-11T15:02:48,9,2691
2024-01-13T11:07:24,2024-01-13T17:07:24,3,7421
2025-02-13T13:47:10,2025-02-13T17:47:10,7,22248
2024-05-02T11:34:23,,3,23975
2024-11-27T17:25:55,2024-11-28T01:25:55,10,36165
2025-11-03T12:31:48,,3,3217
2025-09-16T09:52:40,2025-09-16T17:52:40,10,43304
2025-03-06T00:42:37,2025-03-06T01:42:37,8,7657
2025-01-17T04:25:19,2025-01-17T09:25:19,3,30267
2024-01-02T22:39:09,2024-01-03T01:39:09,8,21573
2024-12-18T19:00:54,,10,1562
2024-12-15T17:16:35,2024-12-15T20:16:35,6,3191
2024-07-14T03:28:08,2024-07-14T07:28:08,8,40724
2025-05-06T11:39:01,2025-05-06T19:39:01,7,10590
2023-12-21T19:57:51,2023-12-21T21:57:51,2,28941
2023-12-06T07:30:26,2023-12-06T12:30:26,3,28848
2024-09-07T17:23:35,2024-09-07T21:23:35,8,25829
2025-09-01T20:03:05,2025-09-01T22:03:05,5,16425
2024-08-02T10:02:15,,3,21991
2024-08-02T09:01:05,2024-08-02T11:01:05,1,47035
2024-02-19T04:45:46,2024-02-19T11:45:46,9,26376
2024-08-10T08:56:10,2024-08-10T14:56:10,9,49032
2024-11-09T02:38:20,2024-11-09T08:38:20,7,35767
2024-10-21T08:21:34,,6,10554
2024-11-09T09:22:08,2024-11-09T13:22:08,3,1207
2024-11-18T15:45:50,2024-11-18T17:45:50,5,22712
2025-08-09T01:41:56,2025-08-09T02:41:56,6,16359
2024-01-24T15:25:56,2024-01-24T19:25:56,1,47440
2025-10-26T07:29:21,2025-10-26T13:29:21,7,38198
2025-05-12T11:54:48,,8,13920
2025-09-20T06:19:55,,7,39375
2024-09-14T07:45:58,2024-09-14T11:45:58,6,8874
2024-05-09T08:21:54,,10,47360
2025-10-11T01:00:36,2025-10-11T02:00:36,1,14813
2024-06-08T20:21:20,2024-06-09T03:21:20,10,43739
2025-04-17T20:44:01,2025-04-18T00:44:01,7,22352
2025-01-17T02:39:13,2025-01-17T09:39:13,6,40676
2024-08-11T14:01:11,2024-08-11T19:01:11,6,20573
2024-07-31T12:47:30,,1,44273
2023-11-13T07:05:53,2023-11-13T09:05:53,2,45759
2025-01-13T20:24:50,2025-01-14T01:24:50,7,43440
2025-10-01T15:48:38,2025-10-01T16:48:38,6,2629
2024-05-30T07:55:08,2024-05-30T13:55:08,4,25673
2024-02-04T07:15:41,2024-02-04T10:15:41,5,20115
2024-01-21T07:43:14,2024-01-21T13:43:14,5,4271
2024-10-16T10:50:59,2024-10-16T15:50:59,10,7733
2025-06-08T10:36:50,2025-06-08T17:36:50,5,36092
2024-12-12T00:36:10,2024-12-12T03:36:10,7,44455
2024-12-03T13:22:15,2024-12-03T19:22:15,8,37053
2024-03-08T12:53:04,2024-03-08T20:53:04,4,1124
2025-10-22T00:38:11,2025-10-22T01:38:11,1,12991
2024-09-18T20:32:34,2024-09-18T21:32:34,8,6237
2024-09-10T23:21:30,2024-09-11T03:21:30,3,43566
2024-05-24T02:05:26,2024-05-24T08:05:26,4,46741
2024-01-20T18:09:28,2024-01-21T01:09:28,1,35479
2025-06-04T08:58:23,2025-06-04T10:58:23,6,2857
2024-04-03T22:46:10,2024-04-04T04:46:10,5,47388
2024-02-10T21:53:16,2024-02-11T05:53:16,2,34419
2025-10-02T09:14:54,2025-10-02T17:14:54,3,39019
2025-10-18T19:53:15,2025-10-19T00:53:15,5,20326
2024-03-15T03:07:27,2024-03-15T10:07:27,1,33760
2025-07-20T09:35:19,2025-07-20T17:35:19,3,17765
2023-11-26T23:06:04,2023-11-27T07:06:04,2,42369
2025-08-22T04:12:50,2025-08-22T09:12:50,4,8889
2024-09-05T03:09:00,2024-09-05T11:09:00,1,29239
2025-05-07T10:57:12,2025-05-07T17:57:12,8,22
2024-04-19T08:37:16,,3,18649
2025-10-12T13:32:52,2025-10-12T15:32:52,3,31048
2025-07-14T14:32:51,2025-07-14T18:32:51,9,37559
2025-02-22T05:12:13,2025-02-22T08:12:13,8,26312
2025-10-12T05:24:24,2025-10-12T12:24:24,2,22630
2025-06-14T04:08:29,2025-06-14T12:08:29,1,33485
2024-01-23T18:44:04,2024-01-23T21:44:04,7,21506
2024-07-31T10:11:37,2024-07-31T13:11:37,6,30681
2024-08-24T05:42:46,2024-08-24T12:42:46,8,40552
2023-12-30T01:25:15,,7,23379
2024-04-06T12:27:45,,8,38981
2024-11-04T21:46:07,2024-11-04T23:46:07,6,33487
2025-01-20T22:31:59,2025-01-20T23:31:59,3,3977
2025-02-08T17:59:22,2025-02-08T19:59:22,3,21114
2024-04-23T18:42:48,2024-04-23T23:42:48,1,4711
2023-11-28T04:33:41,,10,36864
2025-06-29T05:02:59,2025-06-29T10:02:59,1,42245
2024-10-22T10:20:12,2024-10-22T12:20:12,1,45207
2024-02-22T21:09:37,2024-02-23T03:09:37,8,4139
2024-08-26T04:25:03,2024-08-26T12:25:03,9,40621
2025-01-12T03:14:17,,10,19767
2024-12-16T18:31:15,2024-12-16T23:31:15,7,19974
2024-12-10T16:54:26,2024-12-11T00:54:26,10,29596
2024-02-29T23:17:55,2024-03-01T01:17:55,7,23563
2025-02-23T20:17:57,2025-02-24T04:17:57,10,38669
2025-07-14T06:26:12,,8,44944
2024-01-30T18:47:53,2024-01-31T00:47:53,1,6392
2024-07-06T21:22:07,2024-07-06T22:22:07,8,36396
2024-08-01T19:29:06,2024-08-01T20:29:06,5,20730
2024-04-15T06:34:46,,1,15745
2024-11-21T00:22:20,2024-11-21T07:22:20,10,49288
2025-04-20T14:54:37,2025-04-20T22:54:37,8,26375
2024-06-21T14:20:51,2024-06-21T22:20:51,6,49918
2024-02-18T05:20:42,2024-02-18T10:20:42,6,17069
2025-10-15T11:18:54,2025-10-15T18:18:54,9,3968
2024-05-16T19:38:08,2024-05-16T21:38:08,7,1568
2024-10-27T13:03:37,2024-10-27T17:03:37,6,8715
2024-01-13T16:41:21,,8,23236
2023-12-18T02:37:53,2023-12-18T10:37:53,10,9162
2023-12-06T07:24:23,2023-12-06T15:24:23,8,5318
2024-07-03T03:11:34,2024-07-03T06:11:34,1,35634
2024-10-03T08:49:07,2024-10-03T09:49:07,10,33285
2024-03-21T21:59:48,2024-03-22T05:59:48,9,32658
2024-04-15T16:04:20,2024-04-15T19:04:20,7,31623
2023-11-15T05:11:11,,10,9615
2024-04-10T07:29:48,2024-04-10T09:29:48,9,12989
2024-11-14T10:25:39,,7,44268
2024-03-16T04:34:44,2024-03-16T08:34:44,2,34993
2024-09-15T19:47:26,2024-09-15T22:47:26,1,45107
2025-09-05T15:00:04,2025-09-05T17:00:04,2,34960
2024-08-22T21:22:40,2024-08-23T04:22:40,9,42629
2024-04-11T12:02:55,2024-04-11T16:02:55,3,38770
2024-03-28T01:27:04,,4,21318
2025-01-10T20:05:22,2025-01-10T23:05:22,4,6326
2024-11-19T11:06:20,2024-11-19T17:06:20,6,47861
2023-11-15T08:36:48,2023-11-15T11:36:48,9,14653
2024-11-17T09:41:44,2024-11-17T13:41:44,4,23359
2024-07-12T01:09:36,2024-07-12T03:09:36,8,15502
2024-10-11T06:05:45,2024-10-11T09:05:45,9,27578
2023-11-11T19:10:13,2023-11-11T22:10:13,4,32935
2024-06-12T03:39:00,2024-06-12T08:39:00,9,44303
2025-01-17T04:09:25,,8,36822
2024-05-16T15:06:59,2024-05-16T21:06:59,2,16823
2024-01-05T00:45:56,2024-01-05T02:45:56,3,49603
2024-09-11T10:32:37,2024-09-11T14:32:37,5,42094
2024-08-09T00:55:38,2024-08-09T04:55:38,10,29487
2025-03-25T06:44:52,2025-03-25T07:44:52,9,11258
2024-04-29T14:52:17,2024-04-29T21:52:17,10,14273
2025-03-06T06:05:50,,1,33069
2025-02-04T04:49:26,2025-02-04T06:49:26,2,43232
2025-02-03T23:22:10,2025-02-04T05:22:10,1,47158
2025-07-15T18:17:58,2025-07-15T19:17:58,6,24810
2024-06-11T07:14:26,2024-06-11T15:14:26,1,42956
2025-04-20T05:08:45,2025-04-20T12:08:45,1,28835
2024-04-14T20:27:18,,9,28469
2025-10-08T20:08:41,2025-10-09T02:08:41,10,31871
2025-01-20T12:42:19,2025-01-20T19:42:19,8,14478
2025-07-05T21:36:09,2025-07-06T05:36:09,9,28874
2025-01-10T22:09:31,2025-01-11T05:09:31,9,49605
2024-03-26T09:10:20,,4,30486
2024-07-01T19:27:58,2024-07-02T00:27:58,3,46796
2024-11-22T18:47:57,2024-11-22T21:47:57,2,8693
2024-03-08T20:21:02,2024-03-09T01:21:02,2,4068
2025-03-02T08:12:48,2025-03-02T12:12:48,10,11569
2024-01-03T19:58:47,,3,3047
2025-06-10T03:23:09,2025-06-10T05:23:09,10,28892
2025-01-27T00:49:22,2025-01-27T01:49:22,2,31633
2024-09-11T16:06:08,2024-09-11T23:06:08,4,4522
2024-09-24T18:59:12,2024-09-25T00:59:12,9,19182
2024-08-24T21:23:26,2024-08-25T04:23:26,10,35302
2024-11-14T13:27:27,2024-11-14T15:27:27,9,47729
2024-07-31T16:32:34,2024-08-01T00:32:34,8,35569
2025-10-19T00:18:08,,7,7528
2024-03-23T22:52:05,,9,39183
2024-10-29T08:16:57,2024-10-29T09:16:57,10,49617
2025-02-16T02:29:37,2025-02-16T04:29:37,3,25173
2024-02-03T06:36:07,2024-02-03T08:36:07,5,17400
2024-08-26T00:03:38,2024-08-26T04:03:38,2,3196
2024-10-31T02:16:42,2024-10-31T04:16:42,2,39742
2025-06-14T22:52:53,,1,11334
2024-06-30T16:43:16,2024-07-01T00:43:16,2,25096
2024-11-28T17:05:06,2024-11-28T18:05:06,9,45755
2024-09-26T09:26:49,2024-09-26T16:26:49,10,17013
2025-05-11T23:27:47,2025-05-12T01:27:47,5,12095
2025-01-12T12:19:49,2025-01-12T15:19:49,8,21609
2024-07-20T11:23:11,2024-07-20T15:23:11,9,42328
2025-03-23T00:18:44,2025-03-23T02:18:44,7,3914
2024-10-18T18:01:32,2024-10-18T19:01:32,2,38193
2024-03-21T00:55:58,2024-03-21T05:55:58,9,14088
2024-02-11T23:05:14,2024-02-12T04:05:14,1,17980
2024-05-21T05:16:04,2024-05-21T09:16:04,1,23051
2024-06-01T09:43:06,2024-06-01T13:43:06,10,18990
2025-08-05T06:11:32,2025-08-05T07:11:32,2,3161
2024-03-04T23:33:56,2024-03-05T04:33:56,10,35232
2024-11-13T06:58:58,2024-11-13T08:58:58,4,22332
2025-05-30T05:58:06,2025-05-30T10:58:06,9,18465
2025-09-22T09:30:16,2025-09-22T12:30:16,5,49258
2025-01-14T09:54:24,2025-01-14T17:54:24,1,40436
2024-03-09T15:04:08,2024-03-09T17:04:08,10,44654
2023-11-27T09:56:52,2023-11-27T15:56:52,6,25410
2025-05-31T20:55:11,,3,41207
2025-09-21T02:43:52,2025-09-21T07:43:52,8,15290
2025-10-08T04:26:06,2025-10-08T08:26:06,5,6435
2024-02-11T07:38:47,2024-02-11T13:38:47,4,46282
2025-05-24T00:36:18,2025-05-24T07:36:18,2,36544
2024-03-03T16:23:30,2024-03-03T23:23:30,8,42098
2025-02-06T16:42:13,2025-02-07T00:42:13,2,26494
2024-03-04T15:36:38,,4,2790
2025-01-05T00:36:01,2025-01-05T08:36:01,5,13229
2025-09-11T16:28:22,2025-09-11T17:28:22,2,22926
2025-08-20T10:57:07,2025-08-20T12:57:07,2,10716
2024-10-20T11:26:58,2024-10-20T18:26:58,10,37853
2025-06-02T18:05:45,2025-06-02T19:05:45,1,47413
2025-09-19T01:48:18,2025-09-19T09:48:18,1,5032
2024-12-10T17:31:24,,10,268
2024-09-29T16:17:55,2024-09-29T22:17:55,3,34750
2024-04-30T03:36:48,2024-04-30T05:36:48,1,48568
2024-09-25T10:06:25,,6,16133
2024-10-29T05:15:19,2024-10-29T13:15:19,9,18784
2025-02-14T20:47:12,2025-02-15T04:47:12,8,43822
2024-01-31T12:47:09,2024-01-31T16:47:09,8,20492
2024-09-09T23:06:24,2024-09-10T01:06:24,2,4382
2024-04-11T17:03:10,2024-04-11T19:03:10,2,27928
2024-08-21T08:21:06,2024-08-21T10:21:06,6,26188
2024-12-16T23:52:38,2024-12-17T05:52:38,7,37197
2024-06-20T03:57:51,2024-06-20T09:57:51,2,31023
2024-01-01T02:10:36,,8,25150
2025-04-27T13:09:50,2025-04-27T20:09:50,2,14212
2023-12-26T23:56:54,2023-12-27T01:56:54,6,9480
2025-05-28T08:55:47,2025-05-28T16:55:47,9,43532
2024-03-14T09:45:54,2024-03-14T14:45:54,1,13904
2024-02-16T20:18:28,2024-02-16T23:18:28,1,21893
2025-01-07T03:33:03,2025-01-07T06:33:03,6,6502
2024-02-15T11:32:52,2024-02-15T19:32:52,10,30820
2023-11-17T12:48:50,2023-11-17T20:48:50,10,7491
2024-02-16T04:34:04,2024-02-16T10:34:04,2,14015
2025-02-06T14:09:58,2025-02-06T19:09:58,5,18962
2024-01-01T19:17:58,,1,30491
2025-01-22T11:40:13,2025-01-22T18:40:13,9,39281
2025-03-08T19:27:25,2025-03-08T23:27:25,1,6439
2024-04-16T01:42:10,2024-04-16T05:42:10,9,13197
2025-04-29T23:58:34,2025-04-30T01:58:34,6,37164
2024-08-16T00:36:20,2024-08-16T02:36:20,9,38895
2024-11-07T19:01:55,,4,16194
2025-04-14T04:02:54,2025-04-14T05:02:54,10,10936
2024-11-27T22:10:21,2024-11-28T06:10:21,6,2275
2024-08-17T03:42:09,2024-08-17T06:42:09,3,24105
2024-04-02T10:12:36,2024-04-02T18:12:36,5,37878
2024-06-19T17:15:29,2024-06-20T00:15:29,6,13083
2025-10-27T23:10:26,,8,7105
2025-03-15T23:17:20,2025-03-16T00:17:20,2,7040
2024-11-25T19:03:58,2024-11-25T23:03:58,7,34564
2024-08-01T04:15:57,,2,19302
2024-06-08T14:33:01,2024-06-08T17:33:01,6,7005
2023-12-30T21:36:46,2023-12-31T04:36:46,6,25521
2024-02-01T17:18:47,2024-02-02T01:18:47,3,9800
2025-07-27T08:34:51,2025-07-27T14:34:51,9,20902
2024-04-09T16:21:31,,6,7660
2024-12-21T09:17:10,2024-12-21T17:17:10,4,11012
2024-11-07T10:20:10,,4,35705
2025-05-06T20:11:03,2025-05-07T04:11:03,1,24051
2024-01-16T07:49:52,2024-01-16T15:49:52,7,35126
2024-05-09T16:48:43,,10,39371
2024-03-24T08:11:51,2024-03-24T13:11:51,10,31449
2025-02-02T11:34:03,2025-02-02T12:34:03,9,772
2025-05-23T10:17:28,2025-05-23T15:17:28,2,45160
2024-11-03T18:32:38,,3,13875
2024-05-19T20:17:59,2024-05-20T02:17:59,6,497
2023-11-12T12:28:23,2023-11-12T16:28:23,5,30963
2025-06-09T17:14:00,2025-06-09T19:14:00,4,36765
2024-09-06T00:44:30,2024-09-06T03:44:30,7,41720
2024-11-22T18:10:52,2024-11-23T01:10:52,3,41213
2025-08-17T18:18:14,2025-08-18T01:18:14,10,41761
2023-12-19T03:22:44,,2,24542
2024-07-29T22:52:11,2024-07-30T02:52:11,6,19548
2025-10-27T12:14:45,2025-10-27T17:14:45,4,32655
2024-11-28T17:57:40,2024-11-28T20:57:40,8,38683
2025-08-28T08:42:33,2025-08-28T13:42:33,3,23341
2025-08-31T18:47:19,2025-09-01T00:47:19,10,35434
2024-09-10T04:13:14,2024-09-10T11:13:14,9,24666
2024-05-20T21:50:05,2024-05-21T05:50:05,6,3240
2024-12-14T14:21:25,,3,32160
2025-02-03T05:15:43,2025-02-03T11:15:43,8,4067
2024-08-24T21:14:05,,7,39197
2024-11-06T18:51:38,2024-11-07T01:51:38,6,6805
2023-11-27T14:48:13,2023-11-27T16:48:13,8,38426
2025-08-03T19:02:54,2025-08-04T03:02:54,3,11600
2025-02-01T22:43:01,,4,33959
2024-04-03T10:04:51,,3,16955
2024-04-22T21:20:53,2024-04-23T03:20:53,1,40095
2024-01-15T08:29:26,2024-01-15T11:29:26,4,1628
2025-01-05T04:04:50,2025-01-05T08:04:50,3,48886
2025-03-01T09:28:09,2025-03-01T10:28:09,6,6372
2025-06-04T12:40:26,,2,11858
2025-05-25T21:44:24,2025-05-25T22:44:24,4,29070
2025-02-08T16:29:30,,2,25757
2024-02-20T20:33:24,2024-02-21T02:33:24,9,14270
2025-03-08T22:16:34,2025-03-09T01:16:34,10,46175
2025-03-02T23:57:15,2025-03-03T00:57:15,6,4390
2023-12-05T09:49:09,2023-12-05T12:49:09,3,41071
2025-01-05T02:26:40,2025-01-05T03:26:40,5,36631
2023-12-09T14:22:55,2023-12-09T17:22:55,9,39750
2023-12-14T18:10:57,2023-12-14T19:10:57,10,36932
2025-03-29T01:06:45,2025-03-29T08:06:45,7,19577
2025-09-21T18:28:44,,8,49236
2024-05-26T08:51:58,2024-05-26T11:51:58,3,40870
2025-05-28T04:36:17,2025-05-28T11:36:17,7,48405
2024-10-11T07:55:36,,3,15676
2024-01-29T16:55:27,,6,29559
2024-12-23T03:04:29,2024-12-23T11:04:29,6,19876
2024-08-01T07:45:34,2024-08-01T13:45:34,7,21487
2024-07-14T04:20:56,,5,39071
2025-07-25T20:42:32,2025-07-26T01:42:32,9,29319
2025-08-13T21:55:31,2025-08-14T00:55:31,8,18369
2024-10-20T16:38:42,2024-10-21T00:38:42,9,40402
2025-03-12T02:13:14,2025-03-12T08:13:14,5,10491
2025-08-07T03:30:20,2025-08-07T05:30:20,10,6274
2024-11-28T14:33:16,,9,30321
2025-10-23T21:34:47,,5,43595
2024-10-23T11:45:30,2024-10-23T16:45:30,8,34063
2024-04-13T23:52:27,2024-04-14T03:52:27,7,16209
2025-10-17T10:07:40,2025-10-17T18:07:40,1,47261
2024-11-29T04:09:53,2024-11-29T08:09:53,3,17918
2024-11-09T06:04:06,2024-11-09T14:04:06,4,33023
2024-02-15T11:19:41,2024-02-15T12:19:41,10,30348
2025-04-20T09:43:53,2025-04-20T11:43:53,3,15607
2025-10-01T10:57:56,2025-10-01T16:57:56,10,47135
2025-07-30T08:28:24,,9,17149
2024-11-13T22:28:21,2024-11-13T23:28:21,1,27307
2024-12-01T06:40:59,,8,35192
2025-02-18T06:45:40,,2,34925
2024-08-06T16:02:24,2024-08-06T23:02:24,1,9468
2024-04-25T16:04:46,2024-04-25T17:04:46,5,16563
2024-01-06T21:46:45,2024-01-06T22:46:45,2,6011
2025-03-31T15:51:43,,8,26565
2024-11-01T22:58:33,2024-11-01T23:58:33,3,30171
2025-06-26T05:26:25,2025-06-26T12:26:25,4,8221
2025-02-09T02:06:47,,6,21065
2025-02-18T07:03:07,2025-02-18T08:03:07,5,5299
2025-04-02T21:56:52,,7,2161
2024-12-31T03:15:37,2024-12-31T05:15:37,6,40347
2025-04-24T06:47:22,2025-04-24T10:47:22,4,1039
2025-01-06T13:03:57,2025-01-06T16:03:57,1,41901
2024-07-04T20:02:40,2024-07-05T01:02:40,9,49433
2024-11-21T15:08:34,,6,7461
2025-02-14T01:38:12,2025-02-14T05:38:12,7,11801
2024-10-11T17:19:35,2024-10-11T22:19:35,10,36143
2025-04-24T15:24:44,2025-04-24T21:24:44,8,38299
2024-11-13T02:32:02,2024-11-13T03:32:02,2,3085
2024-07-17T13:07:43,2024-07-17T20:07:43,5,30871
2025-08-24T06:06:05,2025-08-24T07:06:05,10,2378
2025-06-17T19:16:23,,7,3915
2024-11-16T19:25:21,2024-11-17T01:25:21,10,20170
2025-08-06T00:21:47,2025-08-06T07:21:47,9,47081
2025-07-12T22:58:43,2025-07-13T02:58:43,6,38199
2024-08-22T01:55:01,2024-08-22T06:55:01,5,16254
2024-02-15T05:23:53,2024-02-15T08:23:53,10,7891
2024-11-11T15:49:24,,9,23622
2025-01-04T23:16:23,2025-01-05T06:16:23,4,6429
2024-08-06T15:21:40,2024-08-06T18:21:40,5,31425
2024-08-18T23:16:32,2024-08-19T04:16:32,4,7407
2024-03-13T03:21:11,2024-03-13T10:21:11,7,40131
2025-02-13T05:39:30,2025-02-13T07:39:30,5,1796
2025-09-18T04:23:18,2025-09-18T07:23:18,2,46990
2025-06-28T12:22:48,2025-06-28T16:22:48,6,43446
2025-10-23T13:17:43,2025-10-23T17:17:43,3,44726
2024-01-22T06:29:17,2024-01-22T13:29:17,5,9203
2025-05-19T07:36:29,,1,33587
2024-01-14T08:30:20,2024-01-14T13:30:20,10,17642
2024-02-23T08:15:39,2024-02-23T15:15:39,6,38198
2025-02-12T05:16:33,2025-02-12T13:16:33,4,35822
2025-02-13T18:46:40,2025-02-14T01:46:40,6,17762
2024-09-05T04:07:19,2024-09-05T10:07:19,10,44293
2025-06-07T04:55:17,2025-06-07T05:55:17,6,4536
2025-08-28T07:46:48,2025-08-28T09:46:48,10,11642
2025-04-25T21:39:51,2025-04-26T01:39:51,7,16668
2024-03-15T20:27:49,2024-03-16T03:27:49,8,21028
2025-04-27T04:35:01,2025-04-27T09:35:01,3,11785
2024-05-05T02:04:54,2024-05-05T08:04:54,2,13919
2024-08-26T03:44:08,,5,9985
2024-05-18T12:29:08,,6,19419
2023-12-04T18:46:16,2023-12-05T02:46:16,1,43719
2025-02-27T09:12:06,2025-02-27T10:12:06,5,29044
2024-08-03T03:42:08,,2,37258
2024-07-30T22:37:05,,6,42367
2024-08-21T06:25:05,2024-08-21T09:25:05,4,43265
2025-08-22T21:38:13,2025-08-23T04:38:13,6,14903
2024-01-04T07:09:34,2024-01-04T13:09:34,9,25362
2024-11-11T13:09:52,2024-11-11T16:09:52,9,38064
2024-05-09T03:35:16,2024-05-09T05:35:16,10,42793
2024-07-29T01:04:05,2024-07-29T04:04:05,9,22399
2024-08-12T15:28:35,,7,2255
2024-11-13T17:01:55,2024-11-13T23:01:55,6,17775
2025-05-01T03:19:05,2025-05-01T07:19:05,10,21965
2024-07-09T16:47:19,,3,29380
2024-01-17T20:55:24,2024-01-18T02:55:24,6,21449
2023-12-08T03:22:13,2023-12-08T08:22:13,5,48611
2024-06-17T08:40:50,2024-06-17T11:40:50,6,45020
2024-09-08T16:48:26,2024-09-08T19:48:26,4,18620
2024-02-08T12:32:06,2024-02-08T16:32:06,7,33497
2025-10-18T09:03:56,2025-10-18T17:03:56,9,16305
2025-10-17T05:39:20,2025-10-17T09:39:20,1,15775
2025-11-03T03:01:03,2025-11-03T10:01:03,1,14739
2024-02-24T16:11:50,,4,39153
2024-01-19T18:28:15,2024-01-20T01:28:15,1,14729
2024-01-24T18:50:40,2024-01-24T19:50:40,3,17736
2024-05-26T23:12:00,2024-05-27T06:12:00,6,25110
2025-02-14T09:25:48,2025-02-14T13:25:48,6,32183
2024-06-23T16:45:46,2024-06-24T00:45:46,9,20020
2025-06-07T07:39:58,2025-06-07T10:39:58,7,17201
2025-01-12T06:28:51,,6,13348
2024-04-11T05:21:12,2024-04-11T11:21:12,4,5148
2025-10-30T22:32:05,2025-10-30T23:32:05,1,21542
2025-06-24T02:51:59,,4,38019
2025-03-14T00:02:45,,1,4035
2025-08-15T13:44:08,2025-08-15T18:44:08,6,3572
2025-07-08T01:20:44,2025-07-08T02:20:44,8,1591
2023-12-20T22:02:17,2023-12-20T23:02:17,4,9803
2024-10-09T10:46:54,2024-10-09T16:46:54,10,25704
2025-05-27T05:51:40,,1,11068
2025-07-26T11:08:38,,5,12328
2024-12-21T12:14:26,2024-12-21T16:14:26,9,3863
2025-01-23T18:01:33,2025-01-23T22:01:33,6,33049
2025-07-31T14:33:11,2025-07-31T19:33:11,8,49002
2024-01-01T08:44:22,2024-01-01T16:44:22,7,11386
2024-11-03T21:32:45,2024-11-03T23:32:45,10,43285
2023-12-15T04:45:04,,3,24828
2025-04-06T01:17:13,2025-04-06T07:17:13,8,4224
2024-06-05T06:54:31,2024-06-05T08:54:31,10,309
2023-11-16T12:35:21,2023-11-16T15:35:21,9,27037
2024-07-08T02:08:24,2024-07-08T03:08:24,1,39018
2025-07-13T02:43:59,2025-07-13T10:43:59,3,48111
2024-09-18T22:20:39,2024-09-19T00:20:39,2,15542
2025-08-20T20:02:15,,7,15577
2024-02-25T18:55:50,2024-02-26T02:55:50,5,17214
2024-05-03T17:01:10,2024-05-03T19:01:10,1,14570
2024-12-26T09:46:26,,9,10328
2023-11-22T23:30:09,2023-11-23T03:30:09,6,12170
2025-04-11T13:45:36,2025-04-11T18:45:36,8,10823
2025-10-19T11:29:59,2025-10-19T14:29:59,6,681
2025-05-09T10:46:13,2025-05-09T13:46:13,10,37505
2024-02-06T15:51:49,2024-02-06T16:51:49,2,19559
2023-11-24T21:21:03,2023-11-25T00:21:03,10,9014
2024-06-06T11:19:33,2024-06-06T16:19:33,8,49434
2025-04-11T19:49:00,,7,10695
2025-06-06T17:23:41,2025-06-06T18:23:41,7,25726
2025-06-15T02:39:35,2025-06-15T03:39:35,8,14276
2024-05-26T20:00:23,2024-05-27T04:00:23,5,2984
2025-04-22T10:36:59,2025-04-22T14:36:59,9,26385
2025-05-15T13:46:46,2025-05-15T14:46:46,6,1356
2024-10-10T07:16:12,2024-10-10T13:16:12,6,27421
2024-04-22T06:43:58,2024-04-22T08:43:58,7,10526
2025-02-02T22:42:26,,4,22554
2024-10-13T06:12:50,,10,14540
2023-12-14T07:02:54,2023-12-14T14:02:54,3,24966
2024-02-03T14:18:31,2024-02-03T16:18:31,10,14950
2024-10-02T20:08:34,2024-10-03T02:08:34,5,28015
2025-01-26T18:14:14,2025-01-27T02:14:14,2,33410
2024-06-09T22:26:28,2024-06-10T05:26:28,6,31581
2024-07-15T01:31:45,2024-07-15T02:31:45,5,12662
2024-09-08T07:11:02,2024-09-08T15:11:02,7,4324
2025-04-20T06:35:37,,4,10683
2025-10-16T16:04:05,2025-10-16T23:04:05,10,49880
2024-02-28T12:58:10,2024-02-28T18:58:10,6,16571
2024-01-08T18:59:43,2024-01-08T23:59:43,1,6600
2025-04-10T12:41:13,2025-04-10T20:41:13,3,7535
2025-01-23T02:11:32,,5,41723
2025-08-04T06:34:10,2025-08-04T12:34:10,8,9949
2025-08-01T05:06:41,2025-08-01T12:06:41,10,20321
2024-02-28T22:32:53,2024-02-28T23:32:53,4,23301
2024-11-15T08:07:28,,10,44142
2025-10-05T21:33:23,2025-10-06T04:33:23,7,26939
2025-01-30T05:30:40,2025-01-30T12:30:40,7,25177
2025-09-18T04:36:08,2025-09-18T12:36:08,2,36406
2025-07-13T13:21:53,,2,40168
2025-04-16T07:01:10,2025-04-16T09:01:10,6,34777
2025-03-27T16:10:17,2025-03-27T18:10:17,4,6459
2025-10-30T03:49:23,2025-10-30T05:49:23,8,7001
2024-09-28T20:15:40,2024-09-29T04:15:40,8,37117
2025-03-11T19:25:29,2025-03-12T01:25:29,2,46213
2025-02-28T01:01:51,2025-02-28T05:01:51,6,4025
2025-01-06T16:28:46,2025-01-06T19:28:46,9,36146
2024-04-22T18:41:04,2024-04-23T01:41:04,4,27104
2025-06-06T16:28:07,2025-06-06T18:28:07,6,41316
2024-07-16T03:07:30,2024-07-16T07:07:30,6,20698
2024-09-06T11:46:34,2024-09-06T18:46:34,7,32750
2025-10-18T09:51:22,2025-10-18T14:51:22,1,49993
2025-05-04T07:24:46,2025-05-04T08:24:46,2,35136
2024-02-10T10:20:24,2024-02-10T17:20:24,9,24332
2024-10-06T05:10:10,2024-10-06T07:10:10,4,45761
2025-10-25T03:38:11,2025-10-25T11:38:11,2,34613
2025-10-06T14:29:40,,9,42313
2024-10-30T22:24:09,2024-10-30T23:24:09,7,1140
2025-10-02T12:53:32,2025-10-02T19:53:32,7,39667
2024-10-09T20:26:57,2024-10-10T00:26:57,3,30688
2024-05-03T20:22:49,2024-05-03T23:22:49,9,28690
2025-04-22T16:35:40,2025-04-22T22:35:40,9,22769
2025-01-31T07:37:30,,4,6744
2024-09-16T09:46:09,2024-09-16T10:46:09,2,37657
2024-07-29T20:04:53,,9,36764
2025-04-07T06:00:53,2025-04-07T13:00:53,9,49897
2023-12-20T22:05:11,,5,3014
2025-08-05T02:46:01,,6,9797
2025-07-27T00:33:35,,5,29950
2024-08-09T00:48:53,2024-08-09T03:48:53,3,13679
2024-06-19T04:58:23,2024-06-19T11:58:23,2,48423
2025-01-25T23:37:21,2025-01-26T07:37:21,2,45162
2024-01-20T17:23:10,2024-01-20T22:23:10,5,8950
2024-05-16T21:50:17,2024-05-16T23:50:17,9,11209
2025-08-18T01:10:53,2025-08-18T02:10:53,3,19516
2023-12-25T21:06:43,,5,32403
2025-04-04T10:15:50,2025-04-04T14:15:50,3,3527
2024-12-17T12:59:35,2024-12-17T13:59:35,2,18906
2025-08-14T21:23:27,2025-08-14T23:23:27,1,6776
2025-08-19T14:14:39,2025-08-19T21:14:39,5,45325
2025-09-11T03:52:21,2025-09-11T07:52:21,6,38939
2025-01-12T04:30:06,2025-01-12T05:30:06,3,7971
2024-09-09T10:56:59,,3,48399
2024-01-25T23:06:55,2024-01-26T03:06:55,5,11738
2024-08-06T04:58:13,2024-08-06T10:58:13,1,42421
2025-09-30T10:41:51,2025-09-30T15:41:51,6,9282
2024-02-13T15:09:29,2024-02-13T19:09:29,10,44597
2025-10-05T01:08:11,,10,35757
2024-08-01T16:07:16,2024-08-02T00:07:16,3,17543
2024-07-16T00:15:02,2024-07-16T05:15:02,5,27925
2025-02-18T03:33:46,2025-02-18T09:33:46,10,1641
2024-11-17T15:27:06,2024-11-17T17:27:06,6,40464
2024-09-06T11:57:09,2024-09-06T17:57:09,2,15091
2024-06-12T08:52:13,2024-06-12T10:52:13,10,2623
2025-04-19T00:25:38,2025-04-19T06:25:38,8,3313
2024-05-10T04:44:01,2024-05-10T12:44:01,3,49024
2025-08-24T06:16:27,2025-08-24T07:16:27,7,23968
2024-03-17T10:59:21,2024-03-17T13:59:21,4,24477
2025-08-08T05:10:14,2025-08-08T13:10:14,1,30096
2024-06-14T11:07:15,2024-06-14T17:07:15,4,49373
2024-11-04T21:01:44,2024-11-05T02:01:44,4,13644
2025-09-05T23:28:40,2025-09-06T07:28:40,4,30173
2024-11-23T10:35:40,2024-11-23T18:35:40,8,24766
2024-12-09T12:37:51,,2,19161
2025-05-16T17:17:35,,3,28507
2025-09-18T04:34:29,,8,40051
2024-02-18T09:40:39,2024-02-18T17:40:39,2,49646
2024-01-25T02:10:09,2024-01-25T03:10:09,6,20064
2024-06-27T09:12:20,2024-06-27T16:12:20,9,22839
2024-10-30T23:38:12,2024-10-31T05:38:12,1,32798
2024-02-27T02:03:20,,1,37349
2024-10-28T07:42:11,2024-10-28T08:42:11,6,45881
2024-07-11T21:54:45,,1,7192
2024-10-07T17:39:55,2024-10-08T00:39:55,6,26638
2024-08-17T19:11:01,2024-08-17T21:11:01,4,14707
2025-02-16T00:39:11,2025-02-16T03:39:11,4,26878
2024-10-02T21:39:45,2024-10-03T01:39:45,1,40726
2025-08-27T14:44:14,2025-08-27T22:44:14,8,20558
2024-03-21T18:25:34,2024-03-21T21:25:34,3,2342
2024-08-24T04:25:31,2024-08-24T05:25:31,1,41747
2024-06-05T20:12:41,,6,10485
2024-05-09T08:50:40,2024-05-09T16:50:40,6,24221
2025-04-18T23:49:27,2025-04-19T03:49:27,10,42922
2025-01-26T05:22:07,2025-01-26T06:22:07,10,42065
2024-04-28T06:16:06,2024-04-28T07:16:06,8,35950
2024-10-29T11:11:15,2024-10-29T19:11:15,9,2785
2024-04-05T07:15:57,2024-04-05T09:15:57,6,38549
2025-02-03T05:44:05,2025-02-03T13:44:05,9,23011
2024-02-17T08:43:31,2024-02-17T15:43:31,9,8260
2025-04-16T03:02:59,,7,11811
2025-03-21T15:05:01,2025-03-21T16:05:01,5,38810
2024-11-29T07:50:26,2024-11-29T10:50:26,10,25927
2024-10-10T15:20:50,2024-10-10T19:20:50,1,16841
2025-01-10T20:35:29,,3,33487
2025-09-20T06:24:22,2025-09-20T11:24:22,9,36585
2024-05-28T02:30:22,2024-05-28T10:30:22,10,12974
2024-01-24T04:55:41,2024-01-24T07:55:41,2,32405
2025-07-31T14:18:33,2025-07-31T22:18:33,9,14578
2025-06-16T12:55:10,,4,38877
2024-10-16T18:38:24,,6,45143
2024-05-12T14:12:55,2024-05-12T19:12:55,7,40410
2024-08-16T23:32:22,2024-08-17T04:32:22,2,25611
2025-03-30T04:28:58,2025-03-30T05:28:58,6,38292
2025-03-25T12:20:18,2025-03-25T18:20:18,2,22742
2024-01-10T16:44:27,2024-01-11T00:44:27,2,6315
2024-03-16T07:17:18,2024-03-16T15:17:18,6,2901
2025-06-11T18:33:15,2025-06-11T22:33:15,7,38677
2025-06-26T21:03:24,2025-06-27T02:03:24,7,40639
2025-03-11T19:54:17,2025-03-11T23:54:17,9,40065
2025-09-19T03:56:49,2025-09-19T06:56:49,8,48665
2024-09-20T23:56:02,2024-09-21T02:56:02,2,24820
2025-04-01T02:56:58,2025-04-01T10:56:58,6,29316
2024-11-12T00:28:55,,7,41964
2024-06-08T07:39:59,2024-06-08T11:39:59,5,1103
2024-03-14T08:05:18,2024-03-14T15:05:18,8,10556
2024-03-12T11:32:35,,1,42455
2024-01-26T18:44:01,2024-01-26T23:44:01,7,10317
2025-02-19T03:47:55,2025-02-19T11:47:55,4,3008
2025-06-02T12:19:09,2025-06-02T18:19:09,7,8984
2025-03-23T10:00:43,,3,26478
2024-12-20T20:33:53,2024-12-21T01:33:53,2,12314
2024-02-20T20:31:18,,10,48085
2025-10-22T01:21:59,2025-10-22T03:21:59,8,17833
2025-06-04T10:22:20,2025-06-04T18:22:20,10,36738
2025-05-20T09:53:32,2025-05-20T10:53:32,6,11599
2024-01-07T21:03:42,2024-01-07T22:03:42,4,21339
2025-06-16T06:47:22,2025-06-16T13:47:22,10,8636
2025-05-13T13:49:11,2025-05-13T15:49:11,1,34918
2025-07-16T16:17:51,2025-07-16T21:17:51,6,4238
2024-10-06T22:31:37,2024-10-07T03:31:37,6,42680
2024-05-03T04:43:40,2024-05-03T11:43:40,1,429
2024-11-14T05:50:48,,10,45523
2023-12-24T07:39:28,,8,31586
2025-09-28T13:47:12,2025-09-28T19:47:12,8,49267
2024-02-04T06:40:03,,6,40949
2025-07-09T16:03:22,2025-07-09T22:03:22,4,18532
2024-12-02T17:55:54,2024-12-02T23:55:54,4,39442
2024-03-02T04:47:18,2024-03-02T12:47:18,7,2035
2023-11-14T14:01:09,2023-11-14T19:01:09,4,24204
2025-10-08T01:26:14,2025-10-08T02:26:14,1,15737
2024-12-05T19:05:24,2024-12-06T00:05:24,2,28575
2024-02-20T04:25:52,,10,29079
2024-08-09T12:28:48,2024-08-09T17:28:48,4,3317
2024-07-11T21:05:53,2024-07-12T05:05:53,3,5048
2024-11-27T04:50:03,2024-11-27T09:50:03,1,38653
2024-02-01T16:17:00,2024-02-01T21:17:00,1,29766
2024-10-30T08:08:04,,9,36380
2024-07-11T05:40:26,2024-07-11T08:40:26,3,47990
2024-10-18T04:51:16,,2,9839
2025-09-15T21:43:11,2025-09-16T01:43:11,7,8525
2024-01-18T20:45:14,,4,15472
2025-08-03T01:00:29,2025-08-03T03:00:29,3,26730
2025-06-07T11:14:17,2025-06-07T12:14:17,2,31636
2025-01-25T19:48:20,2025-01-26T00:48:20,4,7369
2025-04-07T23:16:01,2025-04-08T03:16:01,5,44018
2024-06-01T03:25:44,,1,24520
2024-12-26T22:49:57,2024-12-27T05:49:57,9,49229
2025-05-15T19:01:28,2025-05-16T03:01:28,6,17383
2024-07-26T02:39:42,,7,12435
2025-06-04T02:14:10,2025-06-04T05:14:10,2,22302
2024-12-06T02:16:54,2024-12-06T08:16:54,6,45964
2024-01-01T18:01:50,,2,43521
2025-11-01T01:14:49,2025-11-01T09:14:49,10,13995
2025-10-17T07:53:44,2025-10-17T11:53:44,7,48213
2024-05-28T12:11:44,2024-05-28T18:11:44,1,34494
2025-05-26T16:12:51,2025-05-26T18:12:51,9,47437
2024-09-12T14:07:27,2024-09-12T20:07:27,3,48580
2024-10-15T23:04:32,,10,38796
2024-03-18T23:51:07,2024-03-19T02:51:07,9,30758
2025-07-03T02:45:27,2025-07-03T08:45:27,3,48950
2023-11-13T03:27:30,,10,3970
2025-07-15T20:16:55,,9,6208
2025-10-05T03:49:35,2025-10-05T08:49:35,3,14801
2025-07-10T23:45:15,2025-07-11T05:45:15,10,664
2025-10-01T08:33:08,2025-10-01T10:33:08,8,4627
2024-11-11T14:28:15,2024-11-11T20:28:15,9,29421
2025-05-06T11:07:09,2025-05-06T15:07:09,5,11578
2024-11-15T00:47:55,2024-11-15T08:47:55,10,30163
2025-08-01T17:57:29,,6,26214
2025-06-13T01:24:14,2025-06-13T03:24:14,7,48180
2023-11-08T07:21:23,2023-11-08T14:21:23,7,48758
2025-05-01T13:31:34,2025-05-01T19:31:34,5,46701
2024-08-19T15:39:06,2024-08-19T22:39:06,5,37587
2025-06-30T23:58:55,2025-07-01T04:58:55,6,17633
2025-08-21T20:55:33,,5,16956
2025-06-27T12:44:56,2025-06-27T14:44:56,9,31938
2024-03-17T08:04:28,2024-03-17T09:04:28,1,10167
2024-08-08T20:47:07,2024-08-09T04:47:07,6,22155
2024-07-25T03:59:33,2024-07-25T09:59:33,6,39155
2024-04-25T01:41:56,2024-04-25T08:41:56,6,28969
2024-01-27T09:08:33,2024-01-27T16:08:33,8,27441
2025-01-07T03:40:14,2025-01-07T05:40:14,2,12022
2024-10-31T22:44:09,2024-11-01T03:44:09,3,3750
2024-07-18T04:08:31,,4,35089
2025-08-14T20:54:59,2025-08-14T23:54:59,10,22026
2024-02-10T00:17:20,2024-02-10T03:17:20,5,4283
2025-05-28T15:17:32,2025-05-28T18:17:32,7,3354
2024-05-17T22:35:37,2024-05-18T05:35:37,7,45738
2024-05-12T15:55:50,2024-05-12T18:55:50,8,23875
2024-04-18T16:16:26,2024-04-18T17:16:26,5,37433
2024-10-30T09:15:38,2024-10-30T10:15:38,6,11365
2024-09-24T08:32:48,2024-09-24T11:32:48,10,4410
2025-05-14T23:18:53,2025-05-15T01:18:53,10,8981
2024-01-16T19:01:00,2024-01-16T21:01:00,4,49469
2024-05-01T19:17:56,2024-05-01T22:17:56,2,8846
2024-09-01T23:32:10,2024-09-02T07:32:10,7,33735
2024-12-25T19:50:20,2024-12-26T02:50:20,2,48539
2025-05-03T05:48:18,2025-05-03T07:48:18,8,5847
2024-06-02T03:08:13,2024-06-02T09:08:13,8,2079
2025-09-23T06:25:07,2025-09-23T14:25:07,6,7174
2025-09-02T13:38:24,2025-09-02T19:38:24,8,37115
2025-03-03T16:16:46,2025-03-03T23:16:46,8,9035
2025-10-30T09:30:42,2025-10-30T11:30:42,3,19046
2025-08-10T04:16:05,2025-08-10T12:16:05,9,17653
2024-01-15T21:25:24,2024-01-16T05:25:24,9,25524
2024-12-27T06:17:36,2024-12-27T11:17:36,9,34978
2025-09-07T10:45:29,2025-09-07T17:45:29,1,1981
2025-07-07T14:37:52,2025-07-07T16:37:52,1,43520
2024-10-04T14:45:05,2024-10-04T22:45:05,9,2329
2025-05-02T09:17:33,2025-05-02T17:17:33,10,40495
2023-12-05T00:57:49,2023-12-05T07:57:49,5,41245
2024-06-01T22:01:11,2024-06-02T05:01:11,1,13722
2023-12-18T04:26:06,,8,27097
2024-03-22T17:06:11,2024-03-22T19:06:11,1,41847
2024-05-03T05:09:59,2024-05-03T10:09:59,1,8044
2025-01-07T09:55:18,2025-01-07T12:55:18,2,40273
2024-11-11T22:58:00,2024-11-12T01:58:00,10,20714
2025-09-19T12:53:55,2025-09-19T13:53:55,8,22108
2024-10-16T07:14:44,2024-10-16T08:14:44,5,39555
2025-01-19T23:02:03,2025-01-20T06:02:03,4,22378
2024-02-09T04:55:01,2024-02-09T12:55:01,10,36420
2024-05-16T02:05:48,2024-05-16T04:05:48,3,34310
2024-02-27T08:34:32,2024-02-27T12:34:32,4,38460
2024-05-18T18:44:50,,5,39423
2024-07-04T11:54:52,2024-07-04T15:54:52,10,19980
2025-04-25T18:15:19,2025-04-25T19:15:19,2,14820
2025-07-01T16:34:08,2025-07-01T22:34:08,2,43330
2024-05-20T06:42:21,2024-05-20T12:42:21,7,33460
2025-09-04T10:53:02,2025-09-04T12:53:02,8,43452
2024-07-27T14:01:59,2024-07-27T22:01:59,3,9878
2024-07-06T17:38:49,2024-07-06T21:38:49,1,20573
2024-10-12T19:46:22,2024-10-13T02:46:22,10,12736
2024-11-22T10:55:50,2024-11-22T18:55:50,2,7223
2024-07-20T04:06:29,2024-07-20T08:06:29,4,8225
2024-12-08T04:42:06,2024-12-08T11:42:06,6,27437
2024-01-21T18:42:12,2024-01-21T21:42:12,9,7951
2025-05-23T18:29:28,2025-05-23T20:29:28,3,13374
2025-03-24T12:33:50,2025-03-24T17:33:50,5,22927
2024-11-16T20:47:48,,6,23093
2024-11-05T12:42:34,2024-11-05T14:42:34,1,33601
2023-12-26T23:06:55,2023-12-27T03:06:55,7,13288
2024-06-11T00:57:31,2024-06-11T06:57:31,4,30657
2024-08-30T18:16:08,2024-08-31T01:16:08,8,45274
2025-06-29T00:35:34,2025-06-29T04:35:34,8,46519
2024-11-15T16:08:08,2024-11-15T22:08:08,3,46585
2025-06-26T17:57:36,2025-06-26T22:57:36,5,24243
2025-06-07T11:52:28,,9,21335
2025-01-17T02:01:49,2025-01-17T03:01:49,5,25537
2025-10-22T22:44:51,,9,40714
2025-04-29T00:52:44,2025-04-29T08:52:44,6,31453
2024-11-18T07:47:33,,6,43645
2024-09-28T19:16:33,2024-09-29T02:16:33,7,40878
2025-05-01T04:59:02,2025-05-01T11:59:02,7,27420
2024-02-28T17:01:23,2024-02-28T18:01:23,3,19863
2025-09-20T20:54:25,2025-09-20T23:54:25,8,42131
2025-11-03T16:35:55,,1,46198
2024-12-09T00:27:32,2024-12-09T02:27:32,5,11139
2024-02-29T06:24:09,2024-02-29T09:24:09,4,1498
2024-08-10T09:50:24,2024-08-10T13:50:24,7,12226
2024-04-01T03:44:14,2024-04-01T05:44:14,5,12311
2024-05-15T21:50:52,2024-05-16T05:50:52,9,38925
2025-09-08T03:50:31,2025-09-08T06:50:31,1,7613
2025-08-14T20:45:37,2025-08-15T00:45:37,5,28640
2025-10-28T12:21:59,2025-10-28T16:21:59,3,43286
2025-04-08T22:48:16,2025-04-09T06:48:16,10,2223
2024-03-22T22:02:27,2024-03-23T04:02:27,5,28729
2025-08-21T07:00:55,2025-08-21T11:00:55,6,14899
2024-05-17T07:43:22,2024-05-17T15:43:22,10,87
2023-12-11T20:28:12,2023-12-11T23:28:12,1,27883
2025-11-05T06:04:10,2025-11-05T09:04:10,3,46678
2024-06-09T01:18:56,2024-06-09T04:18:56,2,35012
2025-01-22T08:12:34,2025-01-22T10:12:34,5,108
2024-07-25T01:48:36,2024-07-25T02:48:36,3,30090
2024-10-14T04:27:06,2024-10-14T09:27:06,9,8890
2025-07-01T15:57:32,2025-07-01T23:57:32,7,31327
2024-01-07T00:33:44,2024-01-07T05:33:44,6,13747
2025-08-29T09:24:23,2025-08-29T10:24:23,5,30882
2025-09-09T10:43:09,2025-09-09T15:43:09,5,9206
2025-01-23T14:56:50,2025-01-23T20:56:50,4,19222
2025-01-08T12:19:33,2025-01-08T17:19:33,7,49873
2025-05-15T09:34:55,2025-05-15T11:34:55,3,22445
2025-06-28T14:34:38,2025-06-28T16:34:38,9,48214
2024-10-25T18:35:05,2024-10-25T19:35:05,5,32496
2025-05-27T15:15:19,2025-05-27T18:15:19,10,36956
2025-01-20T19:04:55,2025-01-21T03:04:55,7,14926
2025-05-26T13:46:27,2025-05-26T15:46:27,3,6000
2024-10-01T10:07:19,2024-10-01T17:07:19,8,20689
2024-07-18T20:13:27,2024-07-18T22:13:27,5,36490
2024-03-03T17:30:17,2024-03-03T22:30:17,3,3559
2025-08-30T11:35:23,2025-08-30T19:35:23,9,17570
2024-06-22T21:23:34,2024-06-22T23:23:34,3,9170
2025-05-01T11:35:55,2025-05-01T12:35:55,4,4270
2023-12-20T01:14:41,2023-12-20T08:14:41,4,11248
2024-06-09T02:05:55,2024-06-09T06:05:55,1,25460
2024-07-23T06:58:57,,6,9575
2025-05-06T08:57:28,2025-05-06T09:57:28,7,10481
2024-10-30T19:57:19,2024-10-31T03:57:19,4,32661
2025-05-23T01:34:41,,5,46640
2025-03-05T05:35:06,,9,44010
2024-04-09T08:04:31,,9,15289
2025-10-25T20:08:23,2025-10-26T04:08:23,2,8983
2025-05-26T08:06:25,2025-05-26T16:06:25,10,5569
2024-09-28T02:00:10,2024-09-28T10:00:10,6,3694
2024-07-08T06:41:32,2024-07-08T08:41:32,6,47902
2025-10-11T02:45:39,2025-10-11T03:45:39,10,43753
2025-04-27T16:43:18,2025-04-27T21:43:18,7,28265
2025-02-19T09:46:24,,7,842
2024-09-04T19:10:12,2024-09-05T01:10:12,6,34810
2024-04-30T12:39:44,2024-04-30T16:39:44,6,6202
2025-06-11T21:36:16,,2,35888
2024-08-24T11:01:33,2024-08-24T16:01:33,6,48856
2025-03-04T22:50:03,,7,21818
2024-03-06T10:48:52,2024-03-06T11:48:52,7,11014
2024-11-22T17:26:54,2024-11-22T18:26:54,2,4080
2025-01-20T00:38:22,2025-01-20T03:38:22,3,30149
2024-04-03T00:23:15,2024-04-03T02:23:15,6,28065
2024-09-01T05:25:28,,3,43183
2023-12-01T23:30:25,2023-12-02T04:30:25,1,43433
2025-04-12T11:26:14,2025-04-12T16:26:14,7,25738
2024-01-28T23:56:25,,4,3639
2024-11-18T02:37:58,2024-11-18T09:37:58,4,44625
2024-11-30T21:13:50,2024-12-01T05:13:50,2,7769
2025-06-02T22:30:53,,3,26158
2025-06-12T17:59:18,2025-06-12T20:59:18,10,49875
2024-08-11T14:29:02,2024-08-11T15:29:02,2,19696
2024-11-26T09:49:47,,7,29741
2024-04-23T20:03:01,2024-04-24T02:03:01,10,4892
2024-06-22T11:05:20,2024-06-22T14:05:20,9,39880
2025-07-15T22:00:59,2025-07-16T05:00:59,6,45185
2025-09-06T22:49:58,,7,3045
2024-10-09T16:57:50,2024-10-09T18:57:50,10,48535
2025-08-23T16:10:54,2025-08-23T21:10:54,4,43828
2024-11-14T16:48:48,2024-11-14T18:48:48,2,21622
2025-06-14T08:06:57,2025-06-14T14:06:57,2,14680
2024-05-17T09:27:40,2024-05-17T12:27:40,1,3318
2025-09-03T04:42:17,2025-09-03T09:42:17,10,19027
2024-12-07T09:52:11,2024-12-07T12:52:11,5,46066
2024-09-06T22:44:14,2024-09-07T04:44:14,2,97
2025-04-11T12:25:49,2025-04-11T17:25:49,9,45918
2025-03-07T14:02:36,,8,7859
2024-01-28T13:23:43,2024-01-28T16:23:43,8,1330
2025-09-18T10:04:59,2025-09-18T13:04:59,1,43236
2024-04-07T14:42:35,2024-04-07T19:42:35,4,47569
2025-10-20T12:16:15,2025-10-20T18:16:15,3,506
2025-09-28T15:30:00,2025-09-28T16:30:00,7,32583
2024-01-22T07:46:20,,4,35450
2025-08-23T00:59:40,,1,24952
2025-06-20T14:53:40,2025-06-20T15:53:40,5,23406
2024-09-28T17:38:40,,4,8018
2024-02-03T20:16:10,2024-02-04T04:16:10,2,25972
2025-08-25T10:37:28,2025-08-25T16:37:28,8,8510
2024-06-25T03:32:35,2024-06-25T07:32:35,8,40308
2025-05-22T23:51:52,,1,4634
2024-03-31T02:45:13,,6,1531
2024-01-29T08:03:18,,3,5528
2024-03-26T12:02:21,2024-03-26T13:02:21,6,14469
2025-07-03T02:58:55,2025-07-03T08:58:55,1,46207
2024-11-26T17:45:51,2024-11-26T18:45:51,5,11192
2025-01-04T08:54:05,2025-01-04T14:54:05,5,122
2025-03-08T12:47:27,,9,19986
2024-10-27T22:11:45,2024-10-28T01:11:45,4,27999
2025-09-13T23:43:37,2025-09-14T00:43:37,4,22974
2025-04-07T13:22:48,2025-04-07T21:22:48,3,21037
2025-02-21T13:37:23,2025-02-21T17:37:23,1,5879
2024-06-03T03:13:07,,6,41595
2024-01-08T07:57:38,2024-01-08T13:57:38,5,42224
2024-11-30T23:46:27,2024-12-01T01:46:27,8,15343
2024-04-02T20:22:05,,5,11936
2024-09-07T12:05:09,2024-09-07T14:05:09,4,20261
2024-07-10T20:50:06,2024-07-11T04:50:06,3,4322
2023-12-05T02:37:00,,8,9153
2025-02-26T18:29:20,,10,6428
2024-07-17T17:49:54,2024-07-17T18:49:54,5,36148
2024-10-15T14:36:47,2024-10-15T15:36:47,6,5563
2024-06-02T00:26:46,,1,32438
2023-11-18T00:12:36,2023-11-18T03:12:36,7,39455
2025-05-19T23:02:10,2025-05-20T00:02:10,8,35007
2025-06-27T03:11:33,2025-06-27T06:11:33,1,39513
2024-09-07T13:54:53,2024-09-07T19:54:53,7,2685
2025-03-25T19:50:00,,7,39543
2024-10-23T12:29:52,2024-10-23T18:29:52,10,13899
2024-05-04T00:35:07,2024-05-04T06:35:07,8,43961
2024-01-01T14:57:18,2024-01-01T16:57:18,9,35893
2024-10-28T08:33:27,2024-10-28T09:33:27,3,34306
2025-10-08T16:17:39,,1,33491
2025-02-02T21:13:25,2025-02-03T01:13:25,1,32534
2024-10-18T09:10:50,2024-10-18T12:10:50,5,24021
2024-08-13T04:36:32,2024-08-13T05:36:32,3,9895
2024-05-05T23:27:54,2024-05-06T00:27:54,5,5546
2024-08-09T15:29:58,2024-08-09T16:29:58,5,17217
2023-12-31T13:51:31,2023-12-31T21:51:31,3,45422
2024-08-23T09:56:27,2024-08-23T16:56:27,3,14572
2025-07-30T13:56:19,2025-07-30T15:56:19,4,46168
2024-08-30T19:17:39,,9,27273
2024-01-02T05:46:19,,6,43025
2025-08-12T20:53:33,2025-08-12T21:53:33,3,38648
2024-11-25T05:05:21,2024-11-25T12:05:21,2,37082
2023-12-04T09:04:19,2023-12-04T10:04:19,5,71
2023-11-15T17:06:02,2023-11-16T00:06:02,3,12333
2025-10-21T16:43:44,2025-10-21T17:43:44,3,5842
2024-09-11T10:44:43,,3,13013
2024-11-24T19:34:01,2024-11-24T21:34:01,10,38625
2024-08-14T08:38:07,2024-08-14T11:38:07,7,5836
2023-11-25T23:22:31,,10,18192
2023-11-16T01:40:17,2023-11-16T09:40:17,6,1293
2024-03-23T15:22:30,2024-03-23T23:22:30,1,23474
2024-10-24T12:09:42,,6,49603
2025-01-10T03:27:39,,6,25616
2024-02-05T06:53:38,2024-02-05T14:53:38,7,33190
2025-08-30T20:56:46,,1,8982
2024-07-09T07:53:47,,1,43251
2025-02-16T20:44:14,2025-02-16T23:44:14,6,43305
2025-01-13T02:31:02,,8,42992
2025-09-08T00:35:58,2025-09-08T02:35:58,1,13185
2025-05-24T06:58:18,2025-05-24T11:58:18,7,15445
2024-03-19T06:38:26,2024-03-19T12:38:26,9,38347
2023-12-19T13:16:38,,2,11580
2025-01-07T09:54:59,,8,33934
2025-02-25T11:41:29,2025-02-25T13:41:29,9,7860
2025-10-23T07:53:56,2025-10-23T10:53:56,5,34544
2024-01-31T03:19:55,2024-01-31T07:19:55,4,684
2024-10-19T13:16:21,2024-10-19T20:16:21,10,29262
2024-11-25T20:45:59,2024-11-26T02:45:59,1,43560
2024-08-01T14:56:50,2024-08-01T15:56:50,7,33950
2024-09-21T13:18:18,2024-09-21T14:18:18,7,32144
2025-10-05T04:52:38,2025-10-05T07:52:38,9,12761
2024-03-18T01:24:57,2024-03-18T07:24:57,2,27455
2024-12-17T11:15:03,2024-12-17T15:15:03,9,45623
2024-10-30T23:15:19,2024-10-31T01:15:19,3,2169
2025-02-14T02:54:42,2025-02-14T06:54:42,10,31906
2024-09-11T22:28:52,,1,4827
2023-11-30T21:35:20,2023-12-01T00:35:20,8,23937
2025-04-18T07:20:44,2025-04-18T15:20:44,6,49672
2025-03-20T00:09:00,2025-03-20T04:09:00,7,13257
2025-10-17T20:25:32,,10,38188
2024-02-26T13:27:51,2024-02-26T21:27:51,7,29740
2023-12-29T23:35:55,,2,30503
2023-11-17T22:04:01,2023-11-18T02:04:01,8,18940
2024-12-27T05:42:49,,6,7701
2024-03-14T16:13:12,2024-03-15T00:13:12,9,5752
2025-06-09T16:55:54,2025-06-09T18:55:54,3,20474
2024-08-23T13:43:45,2024-08-23T18:43:45,7,10545
2025-07-02T13:47:14,2025-07-02T20:47:14,9,27882
2025-10-02T18:03:42,2025-10-02T19:03:42,3,32403
2024-11-13T03:24:12,2024-11-13T11:24:12,6,22181
2023-12-26T12:45:46,2023-12-26T20:45:46,7,41821
2024-12-03T13:52:47,2024-12-03T19:52:47,9,42512
2024-04-03T19:40:39,2024-04-04T00:40:39,1,29524
2024-04-23T07:51:16,2024-04-23T12:51:16,4,17158
2024-05-15T09:56:26,,8,42990
2024-09-09T09:30:21,2024-09-09T16:30:21,9,10987
2025-06-25T12:04:26,,1,17886
2025-05-10T14:21:38,2025-05-10T20:21:38,5,15309
2024-05-16T14:53:13,2024-05-16T15:53:13,10,45911
2025-10-25T06:24:47,2025-10-25T09:24:47,10,13419
2024-05-02T19:12:53,2024-05-03T03:12:53,2,21521
2025-10-21T00:33:13,2025-10-21T02:33:13,4,48910
2024-05-19T19:59:15,2024-05-19T21:59:15,6,30679
2025-07-25T15:14:08,,1,26123
2025-07-27T01:56:33,,2,45123
2025-10-21T13:11:17,2025-10-21T21:11:17,2,30876
2024-08-18T03:29:09,2024-08-18T06:29:09,9,6919
2024-10-20T12:43:26,2024-10-20T15:43:26,7,34418
2025-06-11T02:16:51,2025-06-11T04:16:51,8,20960
2025-08-13T23:08:08,2025-08-14T02:08:08,3,2911
2025-07-06T21:09:48,,9,8797
2024-03-18T10:44:47,,4,22621
2024-03-01T14:35:08,2024-03-01T17:35:08,5,6365
2023-11-09T22:11:00,,8,9761
2024-04-27T06:19:12,2024-04-27T14:19:12,5,35264
2025-04-17T20:33:52,2025-04-18T01:33:52,1,10576
2024-02-07T14:01:54,2024-02-07T19:01:54,5,11436
2024-12-07T16:52:24,2024-12-07T22:52:24,1,3878
2025-04-18T20:06:49,2025-04-18T22:06:49,10,35788
2025-07-21T22:35:10,2025-07-22T05:35:10,6,39352
2023-12-22T21:11:12,2023-12-23T00:11:12,2,13900
2025-07-31T10:51:38,2025-07-31T14:51:38,7,37579
2024-01-20T16:26:01,2024-01-20T23:26:01,1,31556
2023-12-28T08:59:49,2023-12-28T16:59:49,10,46407
2024-01-08T20:42:41,2024-01-09T04:42:41,9,33368
2024-10-06T07:50:07,2024-10-06T13:50:07,10,15505
2024-06-26T13:34:02,2024-06-26T17:34:02,1,9388
2024-07-04T12:27:51,2024-07-04T13:27:51,4,47139
2024-05-16T09:03:47,,1,12135
2024-04-03T03:39:18,,2,12751
2024-04-15T09:28:26,2024-04-15T12:28:26,8,45717
2024-03-01T13:14:34,2024-03-01T17:14:34,4,24743
2024-10-13T16:54:23,2024-10-13T18:54:23,7,4910
2024-01-28T11:34:39,2024-01-28T14:34:39,7,29239
2024-11-06T06:30:11,2024-11-06T13:30:11,9,14715
2024-08-09T08:58:07,2024-08-09T14:58:07,4,27782
2025-04-12T20:31:25,2025-04-13T03:31:25,10,48716
2024-05-15T15:55:44,2024-05-15T23:55:44,7,28518
2025-10-07T04:26:09,2025-10-07T07:26:09,7,41054
2025-06-07T06:38:29,2025-06-07T10:38:29,1,39861
2025-08-02T03:25:49,2025-08-02T11:25:49,5,37179
2024-10-23T19:19:03,2024-10-24T03:19:03,5,46728
2025-04-19T07:30:46,2025-04-19T12:30:46,9,47128
2025-05-17T15:49:28,2025-05-17T18:49:28,3,32129
2025-02-28T16:09:38,2025-02-28T20:09:38,6,11508
2024-04-10T18:41:20,2024-04-10T20:41:20,7,35463
2024-03-13T20:03:23,2024-03-14T01:03:23,6,38057
2024-09-08T14:26:29,2024-09-08T16:26:29,2,26680
2025-02-14T07:23:49,2025-02-14T11:23:49,9,17369
2024-01-23T10:05:06,2024-01-23T12:05:06,6,1509
2025-01-14T15:54:59,2025-01-14T20:54:59,5,24332
2024-02-20T15:38:43,2024-02-20T21:38:43,1,34266
2024-07-17T02:33:15,2024-07-17T03:33:15,1,35073
2025-10-28T06:27:34,2025-10-28T10:27:34,2,34975
2025-10-11T05:51:01,2025-10-11T13:51:01,3,22441
2024-02-17T10:28:33,2024-02-17T11:28:33,8,34490
2024-05-01T13:55:11,2024-05-01T16:55:11,4,15982
2025-08-05T17:39:51,2025-08-06T00:39:51,3,20218
2025-02-24T05:17:11,2025-02-24T10:17:11,10,7357
2024-07-15T08:47:38,,3,17700
2025-06-20T04:32:15,,7,1029
2025-09-02T03:38:03,2025-09-02T04:38:03,4,5362
2024-02-12T13:00:20,2024-02-12T14:00:20,4,29171
2024-11-14T13:10:50,2024-11-14T14:10:50,10,49058
2023-12-08T18:20:08,,8,39856
2023-11-08T13:15:38,2023-11-08T21:15:38,9,13819
2024-07-29T15:19:52,2024-07-29T19:19:52,8,11297
2025-06-12T07:57:42,,7,28652
2024-07-02T22:22:51,2024-07-03T04:22:51,1,28532
2024-09-09T21:59:57,2024-09-10T01:59:57,2,49466
2025-06-29T11:30:07,2025-06-29T18:30:07,1,26229
2025-10-28T01:40:58,2025-10-28T03:40:58,4,3401
2025-05-16T18:40:13,2025-05-16T22:40:13,10,32335
2024-04-30T03:14:54,,7,16253
2024-03-12T17:38:54,,2,23837
2025-01-19T22:45:11,2025-01-20T01:45:11,9,7233
2025-03-06T12:57:46,2025-03-06T19:57:46,6,7430
2025-11-02T13:27:53,2025-11-02T20:27:53,10,17489
2024-11-01T17:42:46,2024-11-01T18:42:46,2,36018
2025-07-27T07:52:44,2025-07-27T15:52:44,9,30327
2023-12-27T14:36:06,2023-12-27T19:36:06,5,31081
2025-01-05T06:15:48,2025-01-05T09:15:48,8,48189
2025-04-13T12:31:26,,1,42232
2025-02-03T13:14:31,,2,8468
2024-11-08T23:05:00,2024-11-09T03:05:00,2,38538
2025-09-13T14:43:41,2025-09-13T16:43:41,8,29926
2025-04-29T23:34:49,2025-04-30T01:34:49,3,45369
2025-06-08T05:14:51,2025-06-08T11:14:51,9,3239
2024-03-31T19:39:57,,2,28051
2024-07-18T03:19:02,2024-07-18T05:19:02,8,5861
2025-06-24T05:59:18,2025-06-24T13:59:18,5,42504
2024-05-05T19:53:53,2024-05-05T21:53:53,5,21952
2023-11-30T01:56:05,2023-11-30T07:56:05,3,13274
2024-08-18T01:29:15,2024-08-18T04:29:15,3,15919
2023-12-25T04:19:35,,5,27480
2025-07-10T20:44:37,2025-07-10T23:44:37,6,43466
2025-03-30T17:32:38,,3,26383
2024-09-24T10:13:06,2024-09-24T12:13:06,2,21400
2024-05-05T13:18:19,2024-05-05T19:18:19,1,5871
2024-11-15T05:36:04,,7,42804
2024-06-13T18:50:35,2024-06-14T02:50:35,4,8406
2025-07-17T20:34:54,2025-07-17T21:34:54,6,33638
2025-04-17T23:40:15,,4,26616
2025-01-24T15:28:51,2025-01-24T17:28:51,8,22295
2025-03-23T17:10:17,2025-03-23T19:10:17,6,38004
2023-11-30T12:52:11,2023-11-30T17:52:11,8,45134
2024-01-19T13:19:50,2024-01-19T20:19:50,1,34437
2024-04-02T11:34:13,,2,28716
2025-01-11T06:53:27,2025-01-11T12:53:27,8,48687
2025-06-01T22:19:51,2025-06-02T01:19:51,9,23051
2025-04-21T20:39:39,2025-04-21T21:39:39,2,1354
2025-09-20T21:20:07,,1,7420
2025-04-28T06:12:13,2025-04-28T07:12:13,5,36793
2025-09-14T06:56:51,,3,31306
2025-06-22T04:40:56,2025-06-22T10:40:56,5,37643
2025-10-25T22:06:24,2025-10-26T05:06:24,6,6522
2025-01-09T19:48:49,2025-01-10T01:48:49,1,20589
2025-07-17T17:46:25,2025-07-17T19:46:25,4,16105
2023-12-03T23:59:55,2023-12-04T01:59:55,1,2565
2025-10-03T19:00:58,2025-10-04T00:00:58,5,49621
2023-11-24T22:08:32,,6,46709
2025-07-13T22:51:50,2025-07-14T02:51:50,10,19492
2024-01-17T20:22:24,,6,23295
2024-11-01T10:22:50,2024-11-01T11:22:50,1,37174
2024-12-12T11:45:25,2024-12-12T18:45:25,9,31179
2025-08-08T02:59:47,2025-08-08T06:59:47,9,17788
2025-07-14T18:05:37,,9,4903
2025-07-03T12:01:10,2025-07-03T17:01:10,7,34790
2025-04-07T13:54:29,2025-04-07T21:54:29,9,46809
2025-07-15T19:51:31,2025-07-15T22:51:31,2,13358
2025-03-18T04:34:19,2025-03-18T05:34:19,5,43899
2024-02-25T14:32:33,2024-02-25T21:32:33,4,42574
2025-08-04T03:06:28,2025-08-04T05:06:28,5,29808
2024-12-13T21:27:11,2024-12-14T02:27:11,7,37468
2024-08-16T10:33:35,2024-08-16T15:33:35,5,21598
2024-08-18T16:35:48,2024-08-18T17:35:48,4,2065
2025-04-22T22:27:47,,7,24538
2025-10-24T18:35:29,2025-10-25T01:35:29,8,31304
2023-11-10T21:08:53,,9,12859
2024-08-21T21:51:05,2024-08-22T01:51:05,6,41422
2025-07-10T13:29:09,,6,35385
2025-01-22T06:13:06,,10,47176
2025-06-30T21:31:17,,1,38442
2025-06-12T03:13:55,2025-06-12T08:13:55,7,35322
2024-10-17T06:38:58,2024-10-17T14:38:58,7,123
2025-06-16T11:46:27,,4,9061
2024-11-25T17:20:45,2024-11-25T19:20:45,3,4093
2024-01-22T16:50:14,2024-01-22T22:50:14,7,4166
2023-12-31T15:12:31,,8,5172
2024-02-08T08:29:58,2024-02-08T10:29:58,6,12724
2023-12-05T12:24:59,2023-12-05T14:24:59,2,28360
2025-08-30T09:07:07,2025-08-30T12:07:07,2,17460
2025-04-18T15:09:10,2025-04-18T21:09:10,5,5931
2024-03-27T05:53:34,2024-03-27T13:53:34,1,42993
2024-03-27T02:03:02,,4,45175
2025-08-17T06:53:52,,4,36710
2025-03-29T18:45:28,2025-03-29T23:45:28,10,5682
2023-11-23T16:37:42,,1,23541
2024-03-29T22:25:20,2024-03-30T02:25:20,3,510
2024-02-01T06:06:24,,4,30717
2025-02-09T23:02:53,2025-02-10T06:02:53,3,40368
2025-06-03T08:55:29,2025-06-03T09:55:29,2,20109
2025-02-07T19:46:55,2025-02-07T21:46:55,6,3031
2023-12-18T20:38:39,2023-12-18T21:38:39,9,12048
2025-09-16T04:53:01,,5,29319
2024-06-01T23:52:23,2024-06-02T04:52:23,3,7912
2025-01-19T21:00:23,2025-01-20T02:00:23,5,19106
2025-03-09T08:45:08,,6,44868
2024-09-14T23:38:39,2024-09-15T02:38:39,4,24187
2024-05-29T11:58:32,,2,10435
2023-12-31T01:28:18,2023-12-31T09:28:18,9,2577
2023-11-12T22:44:27,2023-11-13T01:44:27,10,37707
2024-04-25T16:07:34,,5,13897
2025-02-02T15:14:10,2025-02-02T18:14:10,4,33863
2025-06-17T10:23:28,2025-06-17T13:23:28,4,16526
2024-01-25T06:57:58,,1,16262
2024-11-18T09:53:45,2024-11-18T14:53:45,2,7499
2025-04-18T07:16:11,2025-04-18T14:16:11,10,23342
2025-02-04T03:04:33,2025-02-04T09:04:33,2,1352
2024-04-29T17:23:58,2024-04-29T19:23:58,2,45733
2025-06-18T03:06:47,2025-06-18T06:06:47,4,3826
2024-10-05T05:34:44,,6,44006
2024-05-30T10:59:56,2024-05-30T14:59:56,5,11122
2025-09-23T15:48:29,2025-09-23T16:48:29,10,7922
2024-02-29T18:45:56,2024-03-01T01:45:56,6,16663
2023-11-12T06:13:15,2023-11-12T11:13:15,5,30473
2025-03-10T01:02:24,2025-03-10T09:02:24,1,8577
2025-01-03T20:41:56,,3,22374
2024-10-02T13:07:39,2024-10-02T14:07:39,5,9749
2024-09-06T22:18:40,2024-09-07T01:18:40,9,43893
2025-06-20T04:51:47,2025-06-20T06:51:47,7,43948
2025-04-18T21:10:19,2025-04-19T04:10:19,2,2622
2024-09-29T02:37:36,2024-09-29T05:37:36,8,35281
2023-12-11T05:31:13,2023-12-11T09:31:13,2,40475
2025-07-19T18:07:52,,1,20009
2025-04-20T06:43:26,,3,22729
2024-11-20T19:10:53,2024-11-20T23:10:53,4,6828
2025-04-27T07:09:10,2025-04-27T13:09:10,5,17863
2024-02-03T02:54:22,2024-02-03T05:54:22,9,5267
2024-11-30T12:09:20,2024-11-30T16:09:20,9,32897
2024-12-31T03:14:06,2024-12-31T10:14:06,4,16750
2025-08-30T05:33:14,2025-08-30T13:33:14,4,1179
2025-05-22T12:00:35,2025-05-22T15:00:35,8,28505
2025-08-18T22:30:41,,1,47726
2024-07-07T04:01:08,2024-07-07T05:01:08,3,30878
2024-12-27T19:43:54,2024-12-28T02:43:54,1,29978
2024-09-27T14:28:51,2024-09-27T19:28:51,7,49663
2024-04-27T23:21:23,2024-04-28T06:21:23,8,41737
2024-04-22T02:54:47,2024-04-22T05:54:47,10,3474
2025-04-22T17:28:03,2025-04-22T21:28:03,3,42909
2024-01-28T04:39:49,2024-01-28T11:39:49,7,16687
2024-11-11T07:31:26,,5,26368
2024-10-01T15:46:34,2024-10-01T21:46:34,4,24781
2023-11-15T05:49:31,2023-11-15T13:49:31,4,46380
2024-05-06T09:25:37,2024-05-06T17:25:37,8,33312
2024-09-29T02:39:26,2024-09-29T03:39:26,3,17068
2024-11-01T08:02:09,,6,11786
2024-07-18T22:43:27,2024-07-19T06:43:27,9,2901
2025-06-10T00:46:20,2025-06-10T01:46:20,1,23188
2023-12-16T15:20:56,2023-12-16T22:20:56,4,28369
2025-05-14T05:53:25,2025-05-14T09:53:25,10,6737
2024-11-13T02:31:39,,1,19933
2025-07-02T11:37:55,2025-07-02T19:37:55,3,2723
2024-12-06T12:13:27,2024-12-06T14:13:27,6,2866
2025-05-15T03:59:51,2025-05-15T05:59:51,9,1104
2024-04-14T21:20:56,,2,41416
2024-06-26T00:23:27,,10,36758
2025-07-30T00:31:51,2025-07-30T07:31:51,8,48632
2024-04-22T03:19:08,2024-04-22T08:19:08,9,38435
2025-11-01T23:53:40,2025-11-02T00:53:40,6,37815
2025-05-19T12:58:44,,6,26838
2025-10-04T17:22:43,2025-10-04T19:22:43,6,1009
2025-04-11T11:26:55,2025-04-11T14:26:55,10,49602
2025-04-26T06:46:33,2025-04-26T08:46:33,8,24553
2023-11-24T14:37:03,2023-11-24T19:37:03,3,45562
2025-07-04T11:00:59,2025-07-04T15:00:59,8,42211
2024-04-08T23:13:37,2024-04-09T05:13:37,5,42554
2024-08-12T00:09:37,,3,15498
2023-11-20T08:55:13,2023-11-20T13:55:13,9,37240
2023-12-20T14:52:16,,10,8633
2024-08-11T13:09:07,2024-08-11T15:09:07,8,41291
2025-05-31T21:30:32,2025-06-01T01:30:32,7,42186
2025-10-18T03:23:14,2025-10-18T07:23:14,7,15099
2025-10-25T19:28:28,2025-10-25T21:28:28,4,32477
2025-01-14T12:13:59,2025-01-14T13:13:59,10,6597
2024-12-10T01:44:36,2024-12-10T03:44:36,4,35604
2025-02-05T16:51:19,2025-02-05T20:51:19,2,46281
2025-09-13T20:31:20,2025-09-13T23:31:20,5,25913
2024-06-26T23:18:20,2024-06-27T03:18:20,2,31757
2025-07-29T05:10:03,2025-07-29T09:10:03,9,31278
2024-02-19T19:50:20,,1,6067
2024-04-25T03:43:11,,10,46144
2025-01-26T09:54:21,2025-01-26T14:54:21,10,45837
2025-03-31T00:38:16,,9,21720
2024-06-28T13:21:38,2024-06-28T21:21:38,1,28458
2025-04-06T06:14:48,2025-04-06T13:14:48,9,7046
2024-06-27T11:17:59,2024-06-27T12:17:59,5,8964
2024-03-18T19:26:32,2024-03-18T21:26:32,6,27722
2025-01-17T22:31:15,2025-01-18T00:31:15,7,31436
2024-04-14T18:48:49,2024-04-15T00:48:49,6,31174
2025-02-03T05:38:10,,3,9679
2023-11-20T12:19:04,2023-11-20T18:19:04,1,41635
2024-06-10T12:50:54,2024-06-10T20:50:54,4,19667
2024-10-19T02:22:09,2024-10-19T10:22:09,6,32243
2023-11-27T19:37:20,,8,8294
2024-02-07T16:54:10,2024-02-07T19:54:10,1,30995
2024-06-07T19:44:30,2024-06-07T23:44:30,5,25556
2024-11-19T20:35:37,,8,46372
2025-07-02T07:56:04,,4,38626
2024-07-20T06:54:16,2024-07-20T13:54:16,4,23996
2024-10-07T07:42:44,2024-10-07T13:42:44,10,49218
2024-10-22T01:52:43,2024-10-22T07:52:43,2,19697
2025-05-26T13:10:08,2025-05-26T19:10:08,10,39060
2025-01-22T06:25:55,2025-01-22T13:25:55,2,28680
2024-09-12T13:52:03,2024-09-12T18:52:03,9,42911
2024-07-08T00:40:02,2024-07-08T07:40:02,4,41836
2025-03-16T17:00:43,2025-03-16T22:00:43,9,14431
2024-07-02T01:09:41,2024-07-02T04:09:41,2,34692
2023-12-19T09:40:44,2023-12-19T13:40:44,3,1510
2024-09-23T21:49:15,2024-09-24T03:49:15,3,18210
2024-12-13T21:54:28,,5,44306
2024-01-14T11:57:35,2024-01-14T18:57:35,9,35617
2025-01-06T20:28:27,2025-01-07T03:28:27,1,35706
2024-05-18T02:04:55,2024-05-18T04:04:55,10,14846
2025-01-20T12:08:14,,1,47958
2024-12-02T08:51:34,2024-12-02T11:51:34,5,24033
2025-02-02T17:50:50,2025-02-03T00:50:50,5,48381
2025-01-14T07:48:26,2025-01-14T10:48:26,7,46919
2025-06-14T03:54:54,,5,12064
2025-02-16T13:18:22,2025-02-16T17:18:22,6,1313
2024-03-21T03:35:52,2024-03-21T11:35:52,9,23959
2024-01-31T17:16:48,2024-01-31T18:16:48,5,33827
2024-09-03T01:20:10,2024-09-03T07:20:10,9,23877
2025-07-13T03:53:05,2025-07-13T10:53:05,5,27530
2024-12-25T02:17:25,2024-12-25T04:17:25,5,33830
2024-12-20T06:51:50,,8,13689
2025-01-14T11:53:58,,2,27196
2023-12-31T20:35:37,2024-01-01T01:35:37,10,12256
2025-01-02T02:41:43,2025-01-02T04:41:43,10,13330
2024-11-25T01:24:36,2024-11-25T05:24:36,7,3790
2024-02-12T07:03:02,,1,44536
2025-04-30T23:21:46,2025-05-01T03:21:46,3,25353
2025-04-24T08:06:03,2025-04-24T15:06:03,4,12863
2024-04-03T07:21:44,2024-04-03T10:21:44,7,44723
2024-12-12T13:38:03,2024-12-12T15:38:03,9,9804
2025-02-18T00:59:02,2025-02-18T07:59:02,6,1097
2024-12-01T04:50:14,2024-12-01T07:50:14,6,7227
2023-12-25T11:12:40,2023-12-25T15:12:40,2,46930
2024-01-09T12:51:14,2024-01-09T17:51:14,3,48868
2024-01-28T19:05:56,2024-01-28T21:05:56,8,21822
2024-10-01T00:16:23,2024-10-01T03:16:23,3,41949
2024-01-02T05:48:57,,3,25367
2025-04-26T17:20:28,2025-04-26T22:20:28,7,8378
2024-08-01T18:09:43,2024-08-01T22:09:43,3,39372
2025-02-28T22:52:18,2025-03-01T03:52:18,10,26467
2025-02-15T19:05:21,2025-02-15T22:05:21,7,1898
2025-10-25T17:04:05,,6,8991
2024-05-17T11:08:55,,2,29510
2025-05-21T23:10:49,,7,9444
2024-05-03T16:00:45,2024-05-04T00:00:45,3,19492
2025-05-15T17:27:05,2025-05-16T00:27:05,6,32206
2024-06-23T15:47:53,2024-06-23T16:47:53,4,31197
2025-07-26T12:10:57,2025-07-26T16:10:57,8,47310
2025-09-25T23:58:06,2025-09-26T04:58:06,7,40093
2024-07-02T12:35:46,,7,9418
2023-12-15T04:40:12,2023-12-15T11:40:12,1,46838
2025-06-14T23:55:54,2025-06-15T07:55:54,9,1411
2024-12-16T17:29:08,2024-12-16T22:29:08,2,38100
2024-08-16T17:52:03,,1,16683
2024-11-13T11:10:14,2024-11-13T15:10:14,10,6988
2024-01-21T00:30:15,,5,2810
2024-04-22T01:54:27,,8,6534
2025-03-03T14:04:34,2025-03-03T17:04:34,6,49913
2025-06-27T20:33:03,,7,47781
2024-06-21T21:32:51,2024-06-22T05:32:51,2,41926
2024-03-12T17:29:05,2024-03-12T22:29:05,7,4956
2025-03-02T09:50:27,2025-03-02T17:50:27,6,37482
2023-12-01T20:37:21,2023-12-02T01:37:21,9,11550
2025-01-15T09:08:29,,7,30339
2024-03-22T01:03:05,2024-03-22T03:03:05,1,43435
2024-07-22T11:43:51,2024-07-22T16:43:51,1,8923
2025-04-04T09:49:59,,7,4817
2024-04-09T21:35:06,2024-04-10T01:35:06,8,15159
2024-12-05T11:20:53,2024-12-05T13:20:53,3,10537
2025-03-04T23:40:42,2025-03-05T01:40:42,8,23777
2025-10-11T00:42:02,2025-10-11T03:42:02,5,32984
2023-12-27T17:48:24,2023-12-27T23:48:24,3,5120
2023-11-28T11:04:07,2023-11-28T19:04:07,4,22167
2024-01-21T01:07:49,2024-01-21T03:07:49,5,37908
2024-12-01T05:19:16,2024-12-01T07:19:16,10,10815
2024-09-02T14:13:27,2024-09-02T15:13:27,10,31378
2025-06-13T22:26:53,2025-06-14T05:26:53,2,37198
2024-12-28T19:38:27,2024-12-29T00:38:27,4,33234
2024-04-11T07:08:36,2024-04-11T11:08:36,3,3507
2023-12-20T00:23:27,2023-12-20T08:23:27,1,6168
2024-12-26T01:40:34,2024-12-26T07:40:34,5,41700
2024-11-25T12:22:39,2024-11-25T20:22:39,1,26383
2024-11-24T02:40:00,2024-11-24T08:40:00,2,25194
2025-08-17T05:12:40,2025-08-17T12:12:40,6,27869
2024-12-16T07:38:43,2024-12-16T09:38:43,1,40620
2024-09-19T02:42:39,2024-09-19T05:42:39,10,46410
2025-08-10T22:58:26,2025-08-11T04:58:26,9,43764
2025-08-27T00:08:28,2025-08-27T07:08:28,6,29524
2025-01-19T23:18:45,2025-01-20T04:18:45,2,47538
2024-07-25T14:57:37,2024-07-25T16:57:37,9,18469
2025-05-04T08:04:54,2025-05-04T10:04:54,3,8760
2025-01-17T07:57:11,2025-01-17T13:57:11,2,45124
2025-03-13T07:37:18,2025-03-13T12:37:18,7,26631
2025-02-03T16:17:08,2025-02-03T17:17:08,2,25257
2025-01-08T04:47:21,,10,2948
2025-10-05T00:36:32,,1,19823
2024-03-12T23:09:44,2024-03-13T02:09:44,8,49732
2024-08-21T19:32:16,2024-08-22T02:32:16,1,23408
2025-09-19T18:37:38,,5,33428
2024-10-07T13:58:10,2024-10-07T15:58:10,5,36053
2024-11-04T17:00:07,2024-11-04T21:00:07,9,21326
2024-03-27T22:49:01,,6,43057
2024-04-07T23:11:54,2024-04-08T06:11:54,6,47149
2024-01-24T05:08:15,2024-01-24T10:08:15,9,492
2024-11-09T08:43:58,2024-11-09T14:43:58,8,45164
2024-01-05T00:58:34,2024-01-05T04:58:34,9,36844
2024-04-26T05:50:07,,7,47327
2025-10-18T02:44:46,2025-10-18T07:44:46,2,40925
2024-09-11T20:57:16,2024-09-12T00:57:16,1,40702
2025-04-30T04:47:50,2025-04-30T10:47:50,6,21987
2025-04-17T06:46:25,2025-04-17T12:46:25,2,48937
2025-10-04T21:36:16,2025-10-05T05:36:16,1,42382
2024-05-20T11:21:02,2024-05-20T17:21:02,6,29553
2024-05-13T22:02:53,2024-05-14T02:02:53,5,24690
2025-10-25T19:17:14,2025-10-25T23:17:14,2,23414
2025-04-01T02:56:40,2025-04-01T08:56:40,3,24848
2024-04-19T08:38:24,2024-04-19T11:38:24,4,41533
2025-08-06T08:26:24,2025-08-06T09:26:24,1,39296
2024-05-10T19:07:29,2024-05-11T01:07:29,1,27867
2025-08-14T09:34:21,2025-08-14T15:34:21,8,38681
2024-07-20T00:29:56,2024-07-20T08:29:56,2,28593
2024-11-17T04:24:11,2024-11-17T07:24:11,7,40748
2024-08-11T20:02:26,2024-08-11T21:02:26,2,48723
2025-05-16T08:52:50,2025-05-16T14:52:50,4,39757
2023-11-13T04:44:11,2023-11-13T11:44:11,2,35471
2024-02-01T07:35:29,,4,27733
2024-09-14T05:33:53,2024-09-14T12:33:53,7,24178
2024-02-24T10:53:27,2024-02-24T16:53:27,9,6840
2025-08-09T17:32:23,,10,43310
2025-08-14T04:05:21,2025-08-14T08:05:21,8,1095
2024-04-20T20:46:01,2024-04-20T22:46:01,1,1458
2025-06-01T04:01:05,,2,37558
2023-11-08T02:07:07,2023-11-08T06:07:07,5,48141
2024-04-03T10:28:46,2024-04-03T14:28:46,10,33275
2025-09-04T16:09:47,,1,31401
2025-04-12T04:57:26,2025-04-12T09:57:26,1,19366
2025-05-26T03:22:41,2025-05-26T04:22:41,3,37672
2024-07-03T07:10:38,,2,36754
2024-10-28T20:42:57,2024-10-29T02:42:57,5,42442
2025-10-31T14:19:20,2025-10-31T19:19:20,7,21588
2023-11-20T01:13:50,2023-11-20T09:13:50,9,34099
2023-12-21T06:06:46,2023-12-21T13:06:46,5,49776
2025-07-16T20:29:08,2025-07-16T21:29:08,9,712
2024-06-25T01:53:25,2024-06-25T08:53:25,10,6045
2025-10-02T11:49:45,2025-10-02T18:49:45,5,46936
2024-10-17T22:22:51,2024-10-18T01:22:51,5,11914
2024-02-29T20:43:42,2024-03-01T01:43:42,2,5711
2023-12-18T06:05:43,2023-12-18T08:05:43,8,2405
2025-09-15T09:47:35,2025-09-15T12:47:35,10,43101
2025-10-15T09:48:34,2025-10-15T16:48:34,6,7029
2025-10-01T21:26:51,2025-10-02T00:26:51,6,23178
2025-03-29T11:51:03,2025-03-29T12:51:03,10,36732
2024-12-19T21:17:43,,2,3500
2024-08-07T22:34:05,2024-08-08T01:34:05,7,23878
2025-10-28T23:18:23,2025-10-29T07:18:23,2,44860
2024-12-27T08:38:43,,4,20178
2025-04-11T02:22:12,,2,15204
2025-06-20T14:59:38,,2,29507
2024-11-26T03:34:00,2024-11-26T06:34:00,6,29968
2024-02-04T00:00:17,2024-02-04T02:00:17,1,24760
2024-05-19T07:09:07,2024-05-19T10:09:07,3,20822
2024-11-10T05:06:48,2024-11-10T06:06:48,1,42570
2025-10-29T05:23:28,2025-10-29T13:23:28,7,10273
2025-10-08T21:01:07,,7,23487
2023-11-30T02:32:28,,8,19603
2024-03-11T18:33:47,2024-03-12T02:33:47,2,10248
2024-06-05T10:46:25,2024-06-05T12:46:25,6,42169
2025-01-08T11:17:00,2025-01-08T15:17:00,10,23366
2024-05-31T22:14:03,2024-06-01T06:14:03,10,461
2024-11-16T14:29:53,2024-11-16T19:29:53,5,8363
2025-03-01T13:54:05,,7,11424
2023-11-28T05:01:17,2023-11-28T13:01:17,10,37034
2024-04-22T22:56:45,2024-04-22T23:56:45,4,27436
2025-02-14T01:32:32,2025-02-14T04:32:32,10,43707
2025-01-30T00:13:49,2025-01-30T01:13:49,9,3376
2025-09-01T15:44:43,,6,35598
2025-04-02T01:32:09,,10,19495
2025-04-18T05:29:33,2025-04-18T10:29:33,4,23676
2024-02-14T05:49:05,2024-02-14T13:49:05,8,29442
2025-10-16T07:45:31,2025-10-16T14:45:31,6,13803
2025-02-18T17:47:38,2025-02-18T19:47:38,10,7026
2024-05-13T02:55:16,2024-05-13T07:55:16,2,18091
2024-02-10T12:56:38,2024-02-10T14:56:38,2,45825
2025-06-26T11:15:14,2025-06-26T19:15:14,4,19971
2025-01-27T22:12:59,2025-01-28T05:12:59,1,20418
2025-02-03T08:37:53,2025-02-03T13:37:53,2,27087
2025-03-30T15:45:49,2025-03-30T19:45:49,4,22909
2024-08-17T06:54:12,2024-08-17T11:54:12,10,12426
2025-09-23T07:56:11,2025-09-23T08:56:11,4,5105
2024-08-28T11:11:05,2024-08-28T19:11:05,10,48998
2025-06-23T14:49:36,2025-06-23T19:49:36,5,12678
2024-06-13T00:32:37,2024-06-13T05:32:37,9,16407
2024-03-04T19:16:53,2024-03-04T23:16:53,10,22491
2025-06-10T00:33:08,2025-06-10T04:33:08,3,38861
2024-12-05T01:33:43,2024-12-05T06:33:43,4,7425
2025-05-17T09:21:32,2025-05-17T10:21:32,9,4385
2025-10-20T14:01:24,2025-10-20T17:01:24,3,7545
2024-03-01T09:34:40,2024-03-01T12:34:40,8,19088
2024-02-14T10:33:41,2024-02-14T14:33:41,7,34606
2025-05-24T20:57:19,2025-05-24T23:57:19,1,5232
2025-09-13T03:01:24,2025-09-13T07:01:24,2,7854
2024-10-09T18:04:50,2024-10-10T02:04:50,8,18891
2025-02-02T02:20:00,2025-02-02T06:20:00,9,24859
2024-12-15T21:42:51,2024-12-15T23:42:51,5,43916
2024-07-03T20:40:22,2024-07-04T03:40:22,5,28793
2024-01-19T19:26:54,2024-01-19T23:26:54,7,44627
2025-04-30T17:57:51,2025-04-30T19:57:51,8,9485
2024-12-10T16:31:02,2024-12-10T22:31:02,2,46701
2025-09-10T08:15:31,2025-09-10T15:15:31,4,29555
2025-05-13T08:13:11,2025-05-13T11:13:11,9,11180
2024-09-25T16:34:11,2024-09-25T22:34:11,9,30362
2025-08-03T12:59:07,2025-08-03T20:59:07,6,44248
2024-03-27T00:49:59,2024-03-27T03:49:59,8,34242
2025-05-05T03:02:20,2025-05-05T06:02:20,10,6425
2024-06-16T01:22:46,2024-06-16T09:22:46,4,22193
2024-06-03T12:23:07,2024-06-03T13:23:07,1,49162
2024-05-01T11:40:19,2024-05-01T14:40:19,5,39000
2025-03-04T15:26:48,,4,33832
2024-04-30T00:26:29,2024-04-30T05:26:29,4,46062
2025-09-27T02:07:34,,6,24020
2024-04-22T01:17:07,2024-04-22T09:17:07,8,48138
2024-12-23T20:40:51,2024-12-24T01:40:51,3,27460
2023-12-28T17:08:53,2023-12-29T00:08:53,2,18943
2024-07-15T09:32:05,2024-07-15T14:32:05,9,723
2025-07-14T09:50:28,2025-07-14T10:50:28,8,32120
2024-02-26T23:08:04,2024-02-27T04:08:04,2,13550
2024-04-13T10:58:03,,10,19600
2024-03-13T04:54:33,2024-03-13T10:54:33,4,2462
2025-08-19T14:39:47,2025-08-19T19:39:47,6,28521
2025-06-05T20:55:25,2025-06-06T03:55:25,3,28985
2025-03-20T22:43:24,,2,8533
2024-06-30T02:20:07,2024-06-30T06:20:07,10,48619
2024-05-02T07:24:10,2024-05-02T11:24:10,9,20776
2025-03-01T07:49:44,2025-03-01T13:49:44,6,49708
2024-09-24T00:07:54,,5,34027
2024-10-01T01:41:38,,8,35548
2024-03-13T09:12:30,,8,28810
2024-04-26T03:34:15,,10,22489
2024-03-12T14:52:16,,4,24240
2024-01-17T07:57:21,2024-01-17T10:57:21,3,10050
2025-01-26T05:53:20,2025-01-26T06:53:20,5,18823
2025-03-27T16:32:24,2025-03-27T23:32:24,2,17144
2024-02-09T08:27:11,2024-02-09T15:27:11,6,22102
2024-08-03T04:15:41,2024-08-03T06:15:41,3,46499
2025-10-16T19:28:04,,7,40110
2025-09-19T10:39:16,,10,13225
2024-07-25T17:59:48,2024-07-25T19:59:48,2,23425
2025-06-01T17:07:49,,5,4196
2025-07-20T05:52:29,2025-07-20T10:52:29,7,39424
2025-09-25T20:36:50,,1,7639
2025-04-14T18:39:50,2025-04-15T01:39:50,1,46662
2025-01-23T08:41:32,,1,46244
2024-09-19T16:05:54,,1,14460
2025-01-11T11:57:55,2025-01-11T12:57:55,10,38798
2025-01-23T17:20:26,,2,47899
2024-03-20T18:01:20,2024-03-21T01:01:20,2,5610
2025-05-18T12:23:19,2025-05-18T14:23:19,7,48858
2024-05-03T22:31:09,2024-05-04T06:31:09,5,4647
2025-11-05T15:36:01,,5,21566
2024-08-23T04:26:01,2024-08-23T11:26:01,8,5450
2025-05-10T16:52:53,2025-05-10T19:52:53,2,31068
2024-04-22T17:53:27,2024-04-22T23:53:27,6,24374
2025-05-03T05:37:40,2025-05-03T12:37:40,6,18503
2023-12-20T21:47:50,2023-12-20T22:47:50,9,11078
2024-09-15T01:08:53,2024-09-15T07:08:53,6,46663
2025-01-13T01:12:32,2025-01-13T02:12:32,5,31629
2025-05-01T08:47:28,2025-05-01T12:47:28,10,31575
2024-03-07T15:03:28,,5,6174
2025-07-31T14:16:28,2025-07-31T18:16:28,3,4202
2024-07-06T11:59:31,2024-07-06T18:59:31,8,46337
2024-10-18T20:23:31,2024-10-18T22:23:31,10,5582
2023-12-27T05:02:01,2023-12-27T11:02:01,3,41148
2025-03-07T12:46:20,2025-03-07T13:46:20,10,49731
2024-02-15T16:40:46,2024-02-15T18:40:46,3,42675
2025-04-04T02:45:48,2025-04-04T05:45:48,9,24048
2024-01-30T13:16:24,2024-01-30T21:16:24,4,8587
2025-03-28T22:40:32,2025-03-29T00:40:32,7,708
2025-01-09T14:47:58,2025-01-09T17:47:58,6,37440
2025-06-17T20:16:57,2025-06-17T22:16:57,3,3788
2024-07-03T02:40:32,2024-07-03T06:40:32,4,30226
2025-06-28T01:07:25,2025-06-28T06:07:25,9,2793
2023-12-28T09:23:09,2023-12-28T12:23:09,1,20861
2024-12-19T02:20:13,2024-12-19T06:20:13,7,9425
2025-04-29T05:40:08,2025-04-29T07:40:08,3,46983
2024-03-09T13:36:22,,8,46243
2024-11-20T20:44:26,2024-11-20T22:44:26,5,30721
2024-03-14T13:00:55,2024-03-14T14:00:55,10,43802
2025-04-06T03:58:54,2025-04-06T04:58:54,9,20145
2023-12-13T08:34:42,2023-12-13T11:34:42,7,37423
2024-05-03T14:03:28,2024-05-03T16:03:28,4,19098
2024-02-18T04:33:27,2024-02-18T12:33:27,2,10876
2025-09-17T18:44:00,2025-09-17T23:44:00,9,8995
2024-12-23T12:54:39,,5,30169
2025-05-26T11:56:54,2025-05-26T18:56:54,8,22057
2024-03-27T15:54:13,2024-03-27T20:54:13,2,46860
2024-11-14T21:35:51,2024-11-15T02:35:51,3,14117
2025-10-25T12:52:34,2025-10-25T14:52:34,8,44432
2024-11-29T15:04:32,,3,37100
2025-05-13T05:59:15,2025-05-13T11:59:15,10,4746
2024-11-23T10:27:54,,3,37302
2024-06-07T12:12:56,2024-06-07T16:12:56,7,24973
2024-04-05T13:19:36,2024-04-05T19:19:36,7,44714
2024-11-17T04:53:12,2024-11-17T10:53:12,5,9312
2024-10-16T01:20:51,,1,3882
2024-11-20T18:05:39,2024-11-20T22:05:39,7,10180
2025-02-08T20:30:15,2025-02-09T03:30:15,3,33025
2025-10-10T02:21:58,2025-10-10T05:21:58,4,24511
2024-01-08T23:14:03,2024-01-09T02:14:03,7,24895
2025-04-08T16:51:58,2025-04-08T20:51:58,1,26039
2024-08-29T23:28:46,2024-08-30T02:28:46,7,32533
2025-10-21T02:07:39,2025-10-21T06:07:39,10,14043
2025-10-29T19:13:06,2025-10-29T22:13:06,7,48437
2025-02-26T19:30:41,2025-02-26T21:30:41,1,34987
2024-08-04T17:23:26,,4,5420
2025-03-04T18:34:24,2025-03-05T01:34:24,8,37247
2025-08-18T06:35:05,2025-08-18T14:35:05,5,26849
2024-05-14T21:08:16,2024-05-15T02:08:16,1,45967
2024-01-10T09:19:17,2024-01-10T16:19:17,4,7738
2025-09-30T04:38:43,2025-09-30T07:38:43,10,40628
2024-03-13T19:59:03,2024-03-14T03:59:03,9,31993
2025-04-05T20:26:55,2025-04-06T02:26:55,10,401
2025-02-02T12:18:57,2025-02-02T18:18:57,10,11815
2024-09-06T09:42:37,2024-09-06T13:42:37,3,29306
2024-12-01T15:46:17,2024-12-01T17:46:17,5,33834
2025-07-24T14:44:02,2025-07-24T18:44:02,7,19720
2024-02-10T07:15:20,2024-02-10T15:15:20,8,41176
2024-06-29T16:00:17,,5,37336
2025-03-12T22:21:24,2025-03-13T00:21:24,2,39664
2025-06-14T16:38:33,2025-06-14T23:38:33,1,32415
2025-03-22T17:07:02,2025-03-22T18:07:02,1,34623
2024-10-29T04:06:59,2024-10-29T10:06:59,7,13151
2024-06-11T16:14:11,2024-06-12T00:14:11,10,39255
2024-11-08T16:10:54,2024-11-09T00:10:54,1,42375
2023-11-07T20:41:19,2023-11-07T21:41:19,10,26698
2025-11-05T13:27:20,2025-11-05T20:27:20,1,31910
2023-12-03T14:42:46,2023-12-03T18:42:46,4,39710
2024-03-29T13:57:25,2024-03-29T15:57:25,8,40802
2024-09-17T02:18:45,2024-09-17T04:18:45,7,36994
2025-02-27T16:28:27,,9,9953
2024-05-06T04:02:46,2024-05-06T11:02:46,5,14315
2024-12-18T17:36:09,,2,21936
2024-11-06T15:48:06,2024-11-06T18:48:06,5,30911
2024-12-05T21:57:50,2024-12-05T23:57:50,5,45004
2024-05-27T18:02:09,2024-05-28T00:02:09,6,27475
2025-06-14T18:59:43,2025-06-14T23:59:43,6,489
2025-04-29T14:26:29,2025-04-29T18:26:29,9,20779
2025-11-04T13:01:28,2025-11-04T15:01:28,5,23060
2025-09-14T20:36:14,2025-09-15T03:36:14,8,34745
2025-09-15T14:25:19,2025-09-15T19:25:19,3,30556
2023-12-06T15:28:57,2023-12-06T22:28:57,4,16854
2025-01-13T09:50:28,2025-01-13T16:50:28,1,2841
2024-06-22T05:06:09,,9,9884
2024-03-25T18:15:22,,5,10873
2025-07-27T04:02:20,2025-07-27T10:02:20,5,35100
2024-10-25T11:14:16,2024-10-25T17:14:16,9,32200
2024-04-22T05:23:16,2024-04-22T07:23:16,9,44438
2025-02-12T19:24:51,2025-02-12T22:24:51,9,18009
2024-07-06T01:34:34,2024-07-06T09:34:34,3,17814
2024-11-15T18:01:37,2024-11-15T19:01:37,4,2244
2024-03-02T07:37:48,2024-03-02T08:37:48,4,23714
2025-05-17T22:36:35,2025-05-18T05:36:35,8,9629
2025-08-07T00:06:59,2025-08-07T01:06:59,1,22758
2025-02-28T11:29:05,2025-02-28T15:29:05,4,11504
2025-01-23T13:04:42,2025-01-23T14:04:42,5,44277
2024-12-18T04:06:33,,7,48663
2023-12-09T17:14:12,2023-12-10T01:14:12,3,26581
2025-09-08T07:14:35,2025-09-08T09:14:35,8,13792
2025-10-07T15:07:12,2025-10-07T19:07:12,9,48814
2024-08-13T06:51:22,2024-08-13T12:51:22,6,45589
2024-05-18T22:53:30,2024-05-19T00:53:30,2,46610
2024-11-06T04:42:20,,5,37723
2024-05-18T06:41:21,2024-05-18T14:41:21,9,10123
2025-01-23T18:48:57,2025-01-24T02:48:57,2,21265
2024-10-09T09:40:19,2024-10-09T14:40:19,5,35597
2024-09-28T11:47:16,2024-09-28T17:47:16,3,33998
2025-10-07T04:49:52,2025-10-07T07:49:52,2,48982
2024-12-14T03:26:16,,3,23526
2024-07-11T06:15:01,2024-07-11T08:15:01,6,31721
2024-04-03T10:10:47,2024-04-03T18:10:47,7,40938
2024-07-17T13:42:08,2024-07-17T17:42:08,2,31650
2025-05-04T12:20:45,2025-05-04T15:20:45,2,37078
2024-03-28T02:40:34,2024-03-28T05:40:34,10,27341
2025-07-23T21:37:27,2025-07-24T05:37:27,5,23060
2025-04-02T21:36:42,2025-04-03T05:36:42,7,43152
2023-12-28T01:38:51,,9,37968
2025-06-04T03:00:05,2025-06-04T04:00:05,5,33532
2024-01-28T01:56:41,,7,41483
2024-06-22T04:18:13,2024-06-22T11:18:13,8,23
2023-12-23T17:37:50,2023-12-24T01:37:50,7,31772
2023-12-30T19:27:58,2023-12-31T01:27:58,9,45474
2025-05-06T00:27:33,2025-05-06T02:27:33,1,43837
2024-02-29T23:59:48,,1,2997
2024-11-15T19:25:47,2024-11-16T03:25:47,5,21746
2024-10-16T04:03:28,2024-10-16T10:03:28,10,26325
2024-07-31T05:52:10,,3,16517
2024-10-11T12:18:48,2024-10-11T17:18:48,3,41975
2024-12-02T13:02:09,2024-12-02T17:02:09,4,36345
2025-08-18T17:08:06,2025-08-19T00:08:06,8,26680
2025-05-25T02:48:06,2025-05-25T05:48:06,5,39097
2025-08-04T11:33:02,2025-08-04T15:33:02,4,39635
2025-08-24T23:12:43,2025-08-25T06:12:43,6,26428
2025-10-08T12:23:09,2025-10-08T16:23:09,2,3573
2025-06-08T18:10:48,2025-06-08T20:10:48,4,23739
2024-04-01T06:38:59,,10,28465
2023-11-15T04:54:57,2023-11-15T11:54:57,8,42397
2025-09-27T02:51:44,,10,14533
2025-01-29T05:41:55,2025-01-29T07:41:55,4,25626
2024-06-18T07:40:35,2024-06-18T12:40:35,7,38709
2024-01-02T02:58:33,,4,13825
2024-03-24T10:28:11,2024-03-24T16:28:11,7,29903
2025-09-04T18:27:41,2025-09-04T23:27:41,9,49630
2024-09-18T07:18:35,2024-09-18T13:18:35,2,20134
2024-09-19T14:09:06,2024-09-19T15:09:06,6,44892
2025-11-05T13:07:12,2025-11-05T14:07:12,2,6494
2025-04-09T14:30:37,2025-04-09T17:30:37,9,22943
2024-03-21T02:32:16,2024-03-21T04:32:16,9,23855
2025-04-10T18:07:53,,9,7662
2025-06-09T12:49:04,2025-06-09T19:49:04,6,47436
2025-05-18T17:04:26,2025-05-18T23:04:26,2,14409
2025-04-23T08:45:54,2025-04-23T12:45:54,10,46640
2024-07-04T06:34:55,2024-07-04T12:34:55,8,39470
2024-06-07T02:26:26,2024-06-07T04:26:26,5,31944
2024-12-07T22:56:43,2024-12-08T03:56:43,8,13097
2025-09-09T05:18:02,2025-09-09T12:18:02,9,15373
2024-05-04T19:35:49,2024-05-05T02:35:49,1,44790
2025-06-27T22:25:27,,2,6273
2024-06-02T11:56:39,2024-06-02T18:56:39,1,5358
2024-05-25T03:11:14,2024-05-25T09:11:14,1,6548
2024-12-29T04:10:52,2024-12-29T12:10:52,3,40256
2025-06-10T18:40:07,2025-06-10T21:40:07,7,13471
2024-12-25T16:20:40,,5,13096
2024-04-16T22:48:29,2024-04-17T01:48:29,6,17528
2024-01-28T10:25:56,,10,22229
2025-09-07T22:39:02,2025-09-08T04:39:02,7,1744
2024-05-10T19:15:57,2024-05-10T21:15:57,9,5334
2024-09-17T06:12:16,2024-09-17T09:12:16,1,17491
2023-11-29T23:00:29,2023-11-30T04:00:29,2,33534
2025-09-28T19:56:27,2025-09-28T22:56:27,8,9151
2024-08-01T09:01:03,2024-08-01T17:01:03,3,37185
2025-06-23T20:15:49,2025-06-24T04:15:49,1,19807
2025-09-18T09:22:26,,1,10206
2024-10-14T11:48:44,2024-10-14T17:48:44,6,36146
2024-07-05T17:22:47,2024-07-05T18:22:47,3,21233
2024-10-01T04:41:43,2024-10-01T06:41:43,4,14756
2024-05-30T03:17:11,2024-05-30T08:17:11,1,45074
2024-03-16T08:34:54,2024-03-16T16:34:54,3,10482
2025-09-01T07:53:39,,10,115
2024-05-26T03:58:15,2024-05-26T10:58:15,1,29501
2023-12-15T00:48:00,2023-12-15T06:48:00,2,23103
2025-07-26T19:32:18,,5,38919
2024-04-04T05:39:29,2024-04-04T12:39:29,9,9409
2025-05-13T17:50:03,2025-05-13T21:50:03,5,22185
2024-07-14T22:44:49,2024-07-15T04:44:49,8,20201
2025-09-30T14:50:59,2025-09-30T22:50:59,1,23273
2025-04-29T07:13:18,2025-04-29T13:13:18,1,35054
2024-08-28T12:33:28,2024-08-28T19:33:28,7,26878
2025-07-15T16:19:10,2025-07-15T19:19:10,5,18385
2024-08-14T13:01:13,2024-08-14T21:01:13,10,10765
2025-06-30T05:29:22,,2,29208
2025-03-20T22:13:39,,6,28671
2024-12-29T03:38:29,2024-12-29T04:38:29,9,24044
2025-10-31T06:21:11,2025-10-31T10:21:11,4,15559
2024-03-09T02:29:24,,10,24481
2024-10-06T23:09:16,2024-10-07T04:09:16,2,11166
2024-04-16T23:47:26,2024-04-17T02:47:26,7,32709
2024-07-14T05:37:52,,5,12927
2024-04-25T06:06:08,,5,45308
2025-08-20T14:40:24,,10,19809
2025-09-18T17:35:58,,4,45913
2025-10-19T16:07:58,2025-10-19T23:07:58,2,21094
2025-04-25T21:50:26,,3,47833
2025-08-06T20:18:00,2025-08-06T22:18:00,4,5415
2024-09-10T14:36:05,2024-09-10T19:36:05,3,28715
2024-07-17T02:30:58,2024-07-17T07:30:58,9,13987
2025-08-26T23:51:42,2025-08-27T01:51:42,5,31932
2025-05-12T21:34:44,2025-05-13T00:34:44,3,15027
2024-10-31T13:27:58,,5,39524
2024-11-08T02:44:02,2024-11-08T07:44:02,2,36859
2024-06-19T17:36:41,2024-06-19T23:36:41,2,39683
2024-05-29T16:37:33,,7,35402
2023-11-11T22:56:16,2023-11-11T23:56:16,7,36700
2024-03-26T19:40:07,2024-03-27T01:40:07,3,3045
2023-11-22T18:31:08,2023-11-22T20:31:08,4,25460
2025-02-23T21:47:26,2025-02-24T05:47:26,1,21363
2024-12-22T02:21:11,2024-12-22T04:21:11,9,23918
2025-01-23T02:30:10,2025-01-23T05:30:10,2,47901
2025-03-01T01:08:44,2025-03-01T04:08:44,4,21367
2024-02-28T04:57:55,2024-02-28T12:57:55,6,43025
2024-01-18T04:13:00,2024-01-18T05:13:00,9,25188
2025-09-20T04:47:04,,2,42585
2024-10-10T06:03:22,,3,16963
2024-08-28T22:46:13,2024-08-29T02:46:13,1,33796
2024-06-22T05:11:48,2024-06-22T12:11:48,9,39583
2025-08-10T19:17:24,2025-08-10T20:17:24,1,4072
2024-11-26T01:53:29,2024-11-26T09:53:29,8,40123
2023-12-02T02:58:52,,10,23442
2024-02-22T03:08:37,2024-02-22T05:08:37,9,48797
2025-03-02T07:16:48,2025-03-02T14:16:48,2,8095
2024-11-09T01:53:32,,5,44559
2025-10-15T20:05:38,,4,39748
2025-02-23T04:11:15,2025-02-23T07:11:15,2,9366
2025-02-02T00:24:21,2025-02-02T01:24:21,4,5204
2023-11-14T01:47:09,2023-11-14T04:47:09,1,47533
2024-03-24T11:07:10,2024-03-24T14:07:10,7,6858
2025-04-18T05:43:24,2025-04-18T11:43:24,2,38781
2024-11-06T17:33:10,,5,48812
2024-01-13T22:51:22,,9,44139
2024-12-30T11:56:59,2024-12-30T12:56:59,2,44076
2024-03-02T15:28:50,2024-03-02T18:28:50,4,42004
2024-11-22T09:04:46,2024-11-22T13:04:46,8,44014
2024-10-10T23:41:21,2024-10-11T07:41:21,10,1046
2024-02-14T14:05:55,2024-02-14T19:05:55,4,7700
2025-09-24T08:45:10,2025-09-24T12:45:10,9,38129
2025-05-30T15:02:04,,7,28305
2025-03-06T22:30:33,2025-03-07T01:30:33,7,3047
2024-08-20T10:33:26,2024-08-20T13:33:26,3,43577
2023-11-26T07:12:25,2023-11-26T10:12:25,6,24411
2025-07-12T17:27:57,2025-07-12T22:27:57,4,30813
2023-12-17T00:07:33,,9,42579
2024-08-12T18:14:44,,9,31811
2024-09-07T11:11:59,2024-09-07T16:11:59,8,49791
2025-01-10T06:24:39,2025-01-10T11:24:39,3,23407
2025-04-26T10:02:48,,10,30854
2023-12-08T12:30:56,,1,34505
2024-09-17T04:06:01,2024-09-17T05:06:01,4,32587
2024-03-05T10:56:37,2024-03-05T13:56:37,10,9978
2024-08-29T18:57:24,2024-08-30T02:57:24,6,15538
2024-04-08T22:58:12,2024-04-09T02:58:12,5,38257
2025-03-02T02:07:28,2025-03-02T09:07:28,6,36623
2025-06-17T21:09:14,,2,40683
2024-08-14T17:43:00,2024-08-14T23:43:00,2,24421
2025-06-12T20:49:26,,6,11972
2023-12-06T19:20:06,2023-12-07T02:20:06,7,27004
2024-08-20T04:55:21,,5,25296
2024-06-25T13:47:12,2024-06-25T21:47:12,5,4907
2024-12-08T12:23:46,2024-12-08T15:23:46,10,27344
2024-05-24T15:49:29,,2,1566
2024-12-16T15:11:13,2024-12-16T18:11:13,6,41475
2024-07-14T06:32:29,2024-07-14T11:32:29,2,36306
2025-06-30T06:25:45,2025-06-30T09:25:45,8,742
2024-06-13T15:29:19,2024-06-13T19:29:19,7,46063
2023-12-16T13:07:38,,7,40807
2024-05-27T07:28:52,2024-05-27T13:28:52,2,23029
2024-09-26T02:26:59,2024-09-26T07:26:59,2,8422
2024-01-18T05:04:09,2024-01-18T06:04:09,2,14928
2024-01-30T12:53:56,2024-01-30T16:53:56,3,27916
2023-12-21T23:01:06,,9,17238
2025-09-01T12:16:31,2025-09-01T19:16:31,7,45724
2024-07-04T04:02:31,2024-07-04T12:02:31,6,741
2025-01-22T10:53:28,,1,48469
2024-08-05T01:12:16,2024-08-05T08:12:16,7,49785
2023-12-13T14:15:12,2023-12-13T18:15:12,8,32807
2023-11-23T07:48:18,2023-11-23T12:48:18,4,12667
2024-03-15T05:22:33,2024-03-15T07:22:33,4,42858
2025-04-07T16:40:19,2025-04-07T19:40:19,10,10464
2025-08-24T07:29:48,2025-08-24T12:29:48,5,26922
2024-05-12T05:13:40,2024-05-12T13:13:40,9,15603
2023-11-25T18:06:38,2023-11-26T01:06:38,2,11636
2025-11-02T02:49:49,2025-11-02T10:49:49,5,15327
2024-06-28T21:09:24,,5,21781
2024-07-01T13:24:27,2024-07-01T20:24:27,8,3786
2025-08-27T20:56:28,2025-08-27T21:56:28,6,13302
2024-11-23T06:22:00,,7,39492
2024-09-10T03:26:40,2024-09-10T07:26:40,4,40442
2025-03-21T12:14:34,2025-03-21T17:14:34,3,48414
2024-02-21T11:27:29,2024-02-21T13:27:29,3,18343
2025-05-22T12:37:47,,6,19094
2024-11-10T20:50:47,2024-11-11T01:50:47,6,49718
2024-11-17T08:03:46,2024-11-17T09:03:46,4,12971
2024-04-07T19:30:42,2024-04-07T20:30:42,4,17295
2025-06-04T18:43:59,,2,18808
2025-08-25T04:24:42,,10,3178
2024-05-31T07:47:53,2024-05-31T10:47:53,7,10646
2024-05-25T22:27:48,2024-05-26T06:27:48,9,17836
2025-09-16T16:51:34,2025-09-16T21:51:34,3,28540
2023-12-28T11:41:46,2023-12-28T13:41:46,7,45698
2024-07-29T03:23:15,2024-07-29T10:23:15,7,38864
2024-03-02T22:19:57,2024-03-03T06:19:57,1,36431
2024-01-09T16:06:26,,8,19065
2025-08-28T15:42:32,2025-08-28T20:42:32,2,25932
2024-12-16T06:02:25,2024-12-16T12:02:25,7,39801
2025-09-24T23:31:04,2025-09-25T05:31:04,7,32060
2024-01-07T20:20:51,2024-01-07T21:20:51,7,40967
2024-04-22T22:01:48,,7,41940
2024-01-30T18:57:05,2024-01-30T21:57:05,7,40832
2024-07-22T11:21:41,2024-07-22T13:21:41,5,7959
2025-07-31T19:54:45,2025-07-31T22:54:45,3,48644
2025-04-28T02:56:43,,5,19654
2025-08-24T20:04:40,2025-08-24T22:04:40,7,6510
2024-06-05T20:20:13,2024-06-06T04:20:13,4,14789
2025-03-31T06:14:11,2025-03-31T11:14:11,7,48718
2024-12-06T21:19:49,2024-12-07T01:19:49,5,40370
2024-04-05T14:38:35,2024-04-05T16:38:35,3,12146
2025-06-11T20:06:26,2025-06-11T22:06:26,10,29704
2025-03-19T05:44:34,2025-03-19T06:44:34,7,37222
2025-08-21T01:35:36,,4,26364
2025-07-17T01:24:26,2025-07-17T06:24:26,3,46454
2025-03-11T17:42:40,2025-03-11T20:42:40,3,48725
2024-12-16T00:41:24,2024-12-16T01:41:24,3,25471
2025-11-02T22:11:01,2025-11-03T05:11:01,2,13491
2025-04-22T17:13:50,2025-04-22T22:13:50,9,24261
2024-11-08T05:00:27,2024-11-08T11:00:27,6,45819
2025-02-03T01:48:59,2025-02-03T02:48:59,7,45403
2025-02-02T09:34:29,2025-02-02T17:34:29,10,43052
2024-08-15T09:00:53,2024-08-15T11:00:53,8,18146
2024-04-10T23:16:44,2024-04-11T00:16:44,1,15003
2025-03-20T23:53:07,,3,6983
2025-06-18T14:15:51,2025-06-18T17:15:51,2,4401
2025-11-02T18:19:15,2025-11-02T19:19:15,8,49605
2024-12-27T19:07:05,2024-12-27T23:07:05,6,13852
2024-01-02T10:14:56,2024-01-02T12:14:56,8,17780
2024-07-18T13:14:15,2024-07-18T21:14:15,7,39570
2024-02-26T08:42:30,,4,4072
2025-04-04T23:48:09,2025-04-05T01:48:09,5,46913
2025-06-04T18:44:45,2025-06-04T21:44:45,2,30166
2024-11-21T05:48:36,2024-11-21T10:48:36,4,33685
2024-11-13T00:08:34,2024-11-13T06:08:34,4,8053
2024-01-26T09:46:27,2024-01-26T10:46:27,10,47209
2025-09-01T10:40:22,2025-09-01T14:40:22,5,19263
2025-04-24T18:54:31,2025-04-24T19:54:31,4,8028
2024-09-18T02:27:06,2024-09-18T06:27:06,2,33089
2024-03-01T14:20:57,2024-03-01T15:20:57,9,33602
2024-08-10T19:11:36,2024-08-10T20:11:36,6,14992
2024-11-25T06:36:26,2024-11-25T08:36:26,8,31075
2024-06-11T23:43:23,2024-06-12T04:43:23,7,4145
2024-03-04T07:01:58,2024-03-04T11:01:58,7,27633
2024-01-17T05:57:43,2024-01-17T12:57:43,4,47677
2025-10-09T09:36:47,2025-10-09T10:36:47,6,41479
2024-10-20T13:57:17,2024-10-20T21:57:17,7,30268
2024-09-13T21:28:52,2024-09-14T03:28:52,7,44619
2025-07-03T04:52:39,2025-07-03T11:52:39,5,34245
2025-10-21T06:26:13,2025-10-21T08:26:13,10,38450
2025-09-12T02:19:22,2025-09-12T03:19:22,3,45737
2024-09-04T01:52:00,2024-09-04T09:52:00,2,49544
2024-11-28T02:48:51,2024-11-28T07:48:51,3,11060
2024-05-09T10:32:01,2024-05-09T14:32:01,8,20918
2024-06-02T02:01:48,2024-06-02T05:01:48,1,23875
2025-01-10T16:49:15,,7,9260
2023-12-21T06:22:59,2023-12-21T11:22:59,10,45921
2025-08-07T01:48:35,2025-08-07T08:48:35,6,3535
2025-01-10T05:17:56,2025-01-10T10:17:56,7,236
2025-09-22T03:18:23,2025-09-22T05:18:23,7,40448
2024-05-01T02:32:59,2024-05-01T09:32:59,9,20732
2025-02-20T17:41:52,2025-02-20T20:41:52,10,6235
2025-08-25T17:34:21,2025-08-25T23:34:21,7,26643
2024-08-15T20:55:36,2024-08-16T01:55:36,2,24449
2024-08-17T13:56:50,2024-08-17T18:56:50,3,48538
2025-03-07T15:13:33,2025-03-07T22:13:33,10,13310
2024-04-24T09:37:25,2024-04-24T12:37:25,1,36972
2024-03-02T18:43:40,2024-03-03T00:43:40,6,37982
2024-04-25T20:18:29,2024-04-25T21:18:29,6,32647
2024-08-17T22:30:09,2024-08-18T05:30:09,6,15003
2024-07-03T16:56:51,2024-07-04T00:56:51,5,13844
2024-09-14T21:35:45,2024-09-15T02:35:45,5,46086
2025-07-04T14:15:03,2025-07-04T18:15:03,7,22395
2024-02-14T20:10:40,2024-02-15T00:10:40,7,13875
2025-06-01T23:02:07,2025-06-02T00:02:07,7,1339
2024-12-31T04:44:43,2024-12-31T11:44:43,4,21773
2025-06-29T07:00:40,2025-06-29T10:00:40,7,16484
2025-04-06T18:47:24,2025-04-07T02:47:24,5,48959
2024-04-18T09:43:12,2024-04-18T16:43:12,8,23021
2024-10-27T13:27:40,2024-10-27T15:27:40,4,3531
2025-06-12T01:42:23,2025-06-12T07:42:23,2,42277
2023-12-16T13:00:54,2023-12-16T18:00:54,5,7059
2025-07-15T20:08:34,2025-07-15T22:08:34,1,10418
2023-11-22T16:53:44,2023-11-22T20:53:44,3,2049
2024-03-10T19:19:22,2024-03-10T21:19:22,3,4409
2023-11-13T08:51:35,2023-11-13T10:51:35,3,21468
2024-01-22T12:33:00,2024-01-22T18:33:00,10,44849
2024-09-22T18:55:18,2024-09-22T19:55:18,10,7494
2025-02-03T21:06:37,2025-02-04T05:06:37,8,21257
2024-12-12T03:52:14,2024-12-12T11:52:14,9,10423
2023-12-16T18:21:33,2023-12-17T00:21:33,5,7699
2025-08-07T23:37:54,,8,25729
2024-06-02T13:19:04,,4,38390
2025-05-06T04:58:10,2025-05-06T11:58:10,6,13840
2025-05-21T16:08:04,2025-05-21T23:08:04,8,37523
2025-04-12T17:09:46,,4,4600
2024-11-28T15:34:19,2024-11-28T23:34:19,9,43609
2023-11-23T10:56:04,2023-11-23T17:56:04,2,24271
2025-04-16T07:02:32,,5,19823
2024-05-07T07:16:09,2024-05-07T15:16:09,9,7791
2025-08-04T15:10:38,2025-08-04T20:10:38,10,7244
2023-12-19T01:40:07,2023-12-19T03:40:07,7,43434
2024-08-13T21:36:47,,9,27811
2024-05-23T02:18:15,2024-05-23T05:18:15,10,11827
2024-02-21T05:50:59,2024-02-21T09:50:59,3,49126
2025-06-17T04:20:37,2025-06-17T11:20:37,2,4885
2024-08-05T17:29:50,2024-08-05T23:29:50,8,8746
2024-02-23T19:46:56,,9,36571
2025-04-30T02:28:40,2025-04-30T05:28:40,10,35243
2024-11-21T18:17:33,2024-11-22T02:17:33,7,39131
2024-10-29T17:15:11,,6,14111
2024-09-21T05:14:03,2024-09-21T10:14:03,8,964
2023-12-08T06:17:20,,10,49584
2025-01-30T01:47:19,2025-01-30T06:47:19,1,23502
2024-02-01T12:23:33,2024-02-01T19:23:33,7,8693
2023-12-16T04:46:23,2023-12-16T09:46:23,4,2837
2024-10-12T16:17:48,2024-10-12T20:17:48,8,356
2025-01-13T02:32:14,2025-01-13T04:32:14,7,7631
2025-06-24T20:15:12,2025-06-24T23:15:12,5,29378
2024-06-15T13:00:27,2024-06-15T16:00:27,2,15204
2024-01-11T00:16:39,2024-01-11T07:16:39,1,17192
2025-05-02T13:15:13,2025-05-02T17:15:13,2,49724
2024-11-26T11:43:02,2024-11-26T13:43:02,6,10878
2025-06-24T04:32:18,2025-06-24T06:32:18,10,34129
2024-10-30T09:04:13,,10,42524
2024-01-18T00:08:13,2024-01-18T06:08:13,9,7820
2024-03-07T00:34:57,2024-03-07T02:34:57,3,29639
2024-01-14T19:53:30,2024-01-15T00:53:30,3,22263
2024-06-01T13:38:33,2024-06-01T16:38:33,10,6697
2025-07-31T21:58:31,2025-08-01T00:58:31,10,14885
2024-07-28T04:01:59,,10,18583
2024-03-13T02:21:22,2024-03-13T04:21:22,1,6518
2025-08-07T18:46:26,2025-08-08T00:46:26,5,10213
2025-10-02T05:02:55,2025-10-02T09:02:55,9,18059
2024-09-06T19:35:19,,10,9335
2024-11-25T15:13:46,2024-11-25T22:13:46,10,12656
2025-10-26T02:09:35,2025-10-26T03:09:35,8,31539
2025-06-02T13:30:07,,6,45866
2025-08-24T06:10:22,2025-08-24T11:10:22,6,45079
2025-07-19T00:42:43,,10,14653
2024-06-09T16:36:26,2024-06-09T20:36:26,7,26891
2024-07-14T14:29:26,2024-07-14T15:29:26,3,47330
2025-09-27T15:11:38,,2,26650
2025-03-16T02:54:43,,2,33545
2025-07-13T10:08:27,2025-07-13T13:08:27,6,42625
2024-06-29T06:20:44,2024-06-29T14:20:44,8,35651
2023-12-16T16:14:12,,4,13025
2024-11-18T11:24:44,2024-11-18T12:24:44,6,13364
2024-03-08T07:21:52,2024-03-08T11:21:52,9,9808
2025-06-23T11:59:49,2025-06-23T18:59:49,2,6423
2025-05-24T01:47:36,2025-05-24T06:47:36,4,13387
2025-10-03T23:01:14,2025-10-04T04:01:14,6,28027
2024-09-25T14:34:44,2024-09-25T18:34:44,5,12127
2025-05-14T08:10:44,,10,5202
2024-08-04T18:12:56,2024-08-04T19:12:56,3,29039
2025-09-27T17:14:05,2025-09-27T18:14:05,3,29329
2024-09-02T09:47:47,2024-09-02T10:47:47,2,3950
2024-01-02T11:13:12,2024-01-02T13:13:12,4,43830
2023-11-28T16:23:51,2023-11-28T19:23:51,8,21824
2024-11-01T17:54:34,2024-11-02T01:54:34,8,34574
2024-09-22T09:52:47,2024-09-22T13:52:47,6,38053
2025-03-24T14:45:30,2025-03-24T19:45:30,5,10626
2025-02-08T04:00:34,2025-02-08T11:00:34,10,6468
2025-02-18T17:13:43,2025-02-18T23:13:43,3,37644
2024-04-24T09:25:13,2024-04-24T13:25:13,8,20928
2024-05-04T07:35:42,2024-05-04T08:35:42,6,10434
2025-09-23T21:10:14,2025-09-24T00:10:14,6,23744
2024-10-19T04:43:06,2024-10-19T07:43:06,5,14306
2024-08-24T19:02:13,,9,44231
2023-12-26T03:44:13,2023-12-26T04:44:13,8,42336
2024-04-18T23:22:16,2024-04-19T07:22:16,3,24248
2024-08-03T03:55:47,,3,43425
2025-09-13T08:59:17,2025-09-13T12:59:17,7,5327
2024-06-05T00:47:15,2024-06-05T07:47:15,4,36173
2025-03-31T21:01:43,,5,1590
2024-08-11T08:28:15,,5,33346
2023-12-05T23:24:35,,4,5604
2025-03-01T23:25:42,2025-03-02T04:25:42,9,35500
2025-08-21T21:54:59,,9,38308
2025-05-30T15:45:43,,7,34401
2024-05-24T11:11:33,2024-05-24T17:11:33,6,47746
2024-01-26T20:05:36,2024-01-26T21:05:36,10,19252
2024-10-11T00:51:44,2024-10-11T07:51:44,5,5527
2025-04-09T23:07:44,2025-04-10T03:07:44,2,11615
2025-10-05T07:32:23,2025-10-05T11:32:23,4,3554
2024-11-01T09:56:56,2024-11-01T15:56:56,1,49026
2025-05-11T03:04:51,2025-05-11T06:04:51,6,37431
2025-07-27T15:16:05,2025-07-27T22:16:05,8,28445
2024-08-01T02:21:14,2024-08-01T03:21:14,9,12546
2025-02-28T12:30:23,2025-02-28T19:30:23,8,23796
2025-10-21T00:47:10,,3,24661
2025-10-03T19:50:34,2025-10-03T20:50:34,10,24560
2025-02-09T19:27:30,2025-02-10T01:27:30,9,23079
2024-02-18T05:44:45,2024-02-18T08:44:45,4,46036
2024-08-29T19:43:05,2024-08-30T03:43:05,9,34421
2024-12-29T10:06:06,2024-12-29T14:06:06,7,854
2025-07-16T05:01:45,2025-07-16T10:01:45,9,2507
2024-11-17T20:18:48,2024-11-17T23:18:48,4,41855
2023-12-21T16:14:32,2023-12-21T19:14:32,2,44123
2024-01-04T21:03:17,2024-01-04T22:03:17,9,3128
2024-09-09T11:27:16,2024-09-09T15:27:16,1,8513
2024-02-18T22:45:32,2024-02-19T02:45:32,4,48706
2025-10-29T06:34:05,2025-10-29T13:34:05,3,9775
2025-10-18T17:41:00,2025-10-18T20:41:00,5,4176
2024-12-09T09:44:31,2024-12-09T11:44:31,9,35237
2024-09-06T02:23:15,2024-09-06T05:23:15,8,12657
2024-09-30T01:47:28,2024-09-30T08:47:28,1,32958
2025-08-09T14:14:35,,8,7200
2024-10-10T00:41:04,2024-10-10T07:41:04,2,43386
2024-03-06T16:16:46,2024-03-06T23:16:46,3,21736
2024-10-13T15:12:00,2024-10-13T23:12:00,2,33046
2025-06-10T23:04:28,2025-06-11T04:04:28,8,27249
2025-04-16T06:18:49,2025-04-16T14:18:49,9,19338
2025-01-12T01:10:59,2025-01-12T08:10:59,6,30612
2025-07-28T13:50:16,2025-07-28T17:50:16,3,14339
2024-01-14T05:39:54,2024-01-14T12:39:54,7,48038
2024-01-27T01:22:35,,1,41330
2025-10-20T12:39:08,2025-10-20T15:39:08,5,23224
2024-11-04T23:34:05,2024-11-05T00:34:05,9,1794
2024-01-18T02:04:16,2024-01-18T08:04:16,7,40253
2025-05-14T08:27:41,2025-05-14T09:27:41,2,7635
2024-06-25T02:26:18,2024-06-25T10:26:18,7,46248
2025-03-04T03:42:18,2025-03-04T11:42:18,1,42413
2025-02-11T11:35:20,,10,33087
2024-12-21T11:15:37,2024-12-21T19:15:37,10,33826
2024-06-14T08:01:42,2024-06-14T11:01:42,10,39978
2024-11-28T07:45:52,2024-11-28T12:45:52,6,727
2024-01-02T16:28:16,2024-01-03T00:28:16,9,24294
2024-07-09T18:53:51,2024-07-09T20:53:51,7,3285
2025-03-03T07:37:08,2025-03-03T12:37:08,7,13
2025-10-25T10:21:44,2025-10-25T18:21:44,10,16941
2025-05-04T12:26:45,2025-05-04T19:26:45,3,44437
2024-07-22T00:33:06,2024-07-22T05:33:06,7,25141
2025-11-02T06:17:22,2025-11-02T10:17:22,9,48668
2024-04-25T14:46:45,2024-04-25T20:46:45,7,22734
2025-09-05T11:48:10,2025-09-05T12:48:10,2,25907
2024-01-01T06:17:11,2024-01-01T11:17:11,4,1666
2025-02-02T03:32:35,2025-02-02T08:32:35,8,20839
2025-02-22T07:07:29,2025-02-22T09:07:29,9,1463
2024-12-18T09:18:00,2024-12-18T15:18:00,8,46256
2025-07-11T16:31:03,2025-07-11T18:31:03,2,12989
2024-03-02T07:24:10,2024-03-02T09:24:10,10,20171
2024-04-09T18:36:30,2024-04-09T20:36:30,2,17110
2025-08-05T02:34:34,2025-08-05T07:34:34,8,18754
2025-03-25T00:57:51,2025-03-25T02:57:51,9,15843
2025-10-17T18:22:38,,6,38573
2024-05-22T12:27:42,2024-05-22T16:27:42,7,21069
2025-05-06T09:28:40,2025-05-06T16:28:40,10,10262
2024-08-08T08:03:53,2024-08-08T11:03:53,10,31249
2025-04-05T06:49:04,2025-04-05T14:49:04,9,8867
2025-10-04T16:21:09,,9,13983
2024-01-17T04:25:19,2024-01-17T11:25:19,3,47034
2024-04-09T14:03:08,,6,40620
2025-01-30T07:07:06,2025-01-30T09:07:06,8,26728
2024-10-18T04:59:44,,4,40059
2024-04-18T05:02:51,2024-04-18T07:02:51,8,22623
2024-03-15T18:05:01,,3,28646
2025-03-23T13:00:38,2025-03-23T21:00:38,5,37538
2024-04-15T10:56:55,,10,10869
2023-11-09T17:13:24,2023-11-09T22:13:24,8,28264
2025-09-02T06:19:59,,2,31109
2024-02-05T23:09:10,2024-02-06T04:09:10,9,7606
2023-12-12T11:56:12,,6,19384
2024-05-07T13:46:17,2024-05-07T16:46:17,1,42457
2024-07-25T14:44:16,2024-07-25T16:44:16,10,46593
2024-11-22T15:13:26,2024-11-22T18:13:26,5,16013
2024-01-09T05:51:00,2024-01-09T11:51:00,1,20958
2024-05-24T14:37:53,2024-05-24T15:37:53,5,28789
2023-12-09T09:45:28,,3,17504
2023-11-30T05:26:17,,7,17774
2024-05-29T01:20:53,2024-05-29T02:20:53,1,42300
2025-02-09T10:20:17,2025-02-09T18:20:17,5,5435
2024-03-05T16:02:12,2024-03-05T18:02:12,5,686
2023-12-10T09:47:48,2023-12-10T17:47:48,1,2313
2024-10-06T12:13:52,2024-10-06T13:13:52,9,4008
2024-02-24T13:39:55,2024-02-24T16:39:55,7,40845
2024-08-08T18:38:07,2024-08-09T00:38:07,9,49118
2025-06-24T08:55:50,2025-06-24T12:55:50,7,28867
2024-12-21T11:12:51,2024-12-21T19:12:51,4,43161
2024-06-17T06:28:55,2024-06-17T07:28:55,5,16607
2025-06-07T03:29:31,,6,33948
2024-10-24T09:27:58,2024-10-24T10:27:58,7,43991
2024-02-19T23:08:30,2024-02-20T06:08:30,7,3475
2025-03-04T23:42:42,2025-03-05T05:42:42,10,40265
2024-05-18T09:14:37,2024-05-18T11:14:37,2,49656
2024-06-15T05:34:50,2024-06-15T13:34:50,8,39449
2024-08-15T06:59:25,2024-08-15T09:59:25,2,34125
2024-04-16T03:10:31,2024-04-16T09:10:31,9,36371
2023-12-27T13:10:32,2023-12-27T20:10:32,10,9950
2024-10-27T00:20:06,2024-10-27T03:20:06,1,397
2025-07-03T02:12:14,2025-07-03T06:12:14,8,45210
2025-05-11T22:53:10,2025-05-11T23:53:10,8,13563
2025-09-07T00:05:36,2025-09-07T04:05:36,1,1897
2025-02-21T12:59:00,2025-02-21T14:59:00,2,47353
2025-01-19T15:41:11,2025-01-19T18:41:11,8,34139
2025-04-20T06:32:07,2025-04-20T08:32:07,8,11361
2025-01-01T15:19:49,2025-01-01T20:19:49,7,35800
2024-05-04T05:00:56,,2,39537
2024-06-17T02:15:57,,4,7462
2025-02-18T01:18:13,2025-02-18T06:18:13,3,40980
2024-11-09T01:17:13,2024-11-09T05:17:13,3,8125
2024-08-07T22:16:40,2024-08-08T01:16:40,8,12791
2023-12-01T22:30:05,2023-12-02T03:30:05,3,44377
2024-10-10T16:23:18,2024-10-10T17:23:18,6,37821
2024-04-30T03:49:32,2024-04-30T06:49:32,3,10523
2024-02-15T04:00:52,2024-02-15T07:00:52,1,6059
2025-03-17T14:13:21,2025-03-17T21:13:21,3,40325
2025-09-20T21:30:51,2025-09-21T00:30:51,3,18696
2024-03-19T19:08:04,2024-03-20T01:08:04,9,16347
2024-07-12T08:49:27,2024-07-12T15:49:27,9,33998
2025-01-10T11:26:06,,2,2432
2025-10-03T08:31:56,2025-10-03T14:31:56,1,36949
2024-06-18T20:46:09,2024-06-19T04:46:09,6,30995
2024-01-23T15:43:58,,9,36736
2025-07-29T03:37:59,2025-07-29T06:37:59,9,41799
2024-09-27T00:30:54,2024-09-27T01:30:54,2,35045
2024-05-09T08:11:10,2024-05-09T11:11:10,1,18971
2025-02-08T10:46:42,2025-02-08T17:46:42,2,27849
2025-03-18T07:02:55,2025-03-18T12:02:55,5,17275
2025-03-01T22:54:46,2025-03-02T05:54:46,10,27825
2024-01-01T20:50:46,2024-01-02T02:50:46,1,5067
2024-04-11T06:58:19,2024-04-11T13:58:19,7,4702
2023-12-23T02:16:44,2023-12-23T07:16:44,1,48362
2023-11-16T00:18:38,2023-11-16T06:18:38,3,11013
2024-01-18T11:30:24,2024-01-18T17:30:24,2,14246
2025-08-07T03:24:37,2025-08-07T09:24:37,4,29849
2025-09-17T08:13:35,2025-09-17T11:13:35,8,23220
2025-10-18T18:12:52,2025-10-18T20:12:52,8,8794
2024-10-25T09:55:52,,8,6605
2024-03-20T05:31:13,2024-03-20T06:31:13,4,30070
2024-07-17T00:16:48,,7,22469
2024-07-26T08:23:24,,6,42517
2025-02-06T07:02:01,2025-02-06T12:02:01,2,1524
2024-05-19T21:18:51,2024-05-19T23:18:51,4,10385
2025-09-27T03:57:25,2025-09-27T06:57:25,9,10426
2024-11-05T00:13:28,2024-11-05T03:13:28,3,23013
2024-10-04T00:14:49,2024-10-04T05:14:49,6,19244
2025-03-22T00:11:09,2025-03-22T08:11:09,6,20162
2024-07-27T00:53:41,2024-07-27T02:53:41,5,1057
2024-03-30T00:02:40,2024-03-30T01:02:40,3,3562
2024-12-18T01:55:06,,9,48669
2025-09-20T12:34:22,,4,3825
2025-10-17T04:00:58,2025-10-17T08:00:58,9,13864
2024-07-06T20:48:37,2024-07-06T23:48:37,2,15759
2025-05-08T03:00:23,,8,7725
2025-03-08T05:53:58,2025-03-08T10:53:58,5,39761
2024-08-28T04:16:27,2024-08-28T10:16:27,10,33206
2025-10-07T17:20:23,2025-10-08T00:20:23,3,12718
2024-05-07T00:27:45,2024-05-07T06:27:45,10,28639
2023-12-09T20:04:43,,2,22029
2025-09-18T18:03:02,,6,41465
2024-08-02T06:54:39,2024-08-02T09:54:39,2,24661
2025-06-20T10:42:27,2025-06-20T18:42:27,7,46273
2024-07-06T18:40:11,2024-07-07T02:40:11,6,29764
2024-09-22T13:42:27,2024-09-22T21:42:27,9,33630
2024-03-13T10:06:31,2024-03-13T14:06:31,8,7658
2024-09-26T22:54:32,2024-09-27T03:54:32,4,2850
2024-05-25T11:14:16,2024-05-25T18:14:16,6,37654
2025-08-13T12:43:06,2025-08-13T15:43:06,8,44896
2024-03-28T07:47:17,2024-03-28T08:47:17,4,26244
2024-05-12T00:36:01,2024-05-12T01:36:01,2,37746
2024-07-05T22:17:38,2024-07-06T05:17:38,10,19324
2025-03-02T09:47:48,,3,32535
2025-04-05T00:41:24,2025-04-05T04:41:24,2,41152
2025-10-10T22:21:58,2025-10-11T01:21:58,3,5166
2025-01-05T23:47:23,2025-01-06T00:47:23,9,32255
2025-07-31T11:22:51,2025-07-31T14:22:51,9,26401
2024-11-28T11:26:10,,2,1549
2024-04-19T23:37:11,,7,35913
2024-05-05T14:50:51,2024-05-05T19:50:51,4,11073
2024-06-13T16:45:27,2024-06-13T20:45:27,1,16739
2024-08-06T23:37:26,,1,21460
2023-11-26T06:30:31,2023-11-26T14:30:31,9,19501
2024-11-02T05:52:04,2024-11-02T13:52:04,4,38841
2023-12-28T14:57:46,2023-12-28T15:57:46,5,15465
2025-02-09T23:20:40,2025-02-10T07:20:40,9,11281
2024-06-15T02:58:00,2024-06-15T04:58:00,10,13471
2024-03-24T14:38:41,2024-03-24T19:38:41,5,9360
2025-07-04T09:57:59,2025-07-04T16:57:59,7,963
2024-07-09T06:19:07,2024-07-09T07:19:07,2,20394
2025-09-17T16:55:22,2025-09-17T21:55:22,5,46302
2024-04-27T19:56:57,2024-04-28T01:56:57,9,10336
2024-04-27T15:40:47,2024-04-27T22:40:47,6,25940
2024-09-18T22:13:50,2024-09-19T02:13:50,6,27888
2025-02-20T18:23:02,,7,13018
2025-04-16T08:04:18,2025-04-16T16:04:18,6,23664
2025-07-25T15:31:33,2025-07-25T20:31:33,2,26093
2024-10-29T20:35:17,,9,37013
2025-02-25T08:36:58,2025-02-25T10:36:58,8,3712
2025-02-28T05:36:45,2025-02-28T09:36:45,8,10841
2023-11-28T07:03:15,2023-11-28T14:03:15,2,10676
2024-05-22T12:02:20,2024-05-22T19:02:20,6,35035
2025-10-11T04:50:26,,6,27746
2024-05-23T22:37:19,2024-05-24T03:37:19,9,46771
2024-04-22T12:56:02,,9,40798
2024-06-22T13:47:08,2024-06-22T16:47:08,3,48895
2024-08-07T02:47:15,2024-08-07T09:47:15,5,7259
2024-05-17T22:08:41,,5,32498
2024-05-27T18:16:16,2024-05-28T01:16:16,2,13844
2023-11-10T21:09:42,2023-11-10T23:09:42,7,11039
2025-09-13T20:02:37,2025-09-13T23:02:37,7,17701
2024-11-06T16:08:29,2024-11-06T21:08:29,3,15034
2024-08-08T22:28:18,2024-08-09T02:28:18,2,23289
2024-05-05T04:42:30,2024-05-05T07:42:30,6,39817
2024-10-25T12:40:48,2024-10-25T13:40:48,2,9921
2023-11-24T20:05:16,2023-11-24T23:05:16,9,20544
2025-05-17T01:53:03,2025-05-17T06:53:03,4,10156
2024-11-15T10:53:41,2024-11-15T18:53:41,3,16166
2025-02-06T21:00:10,2025-02-07T00:00:10,3,41579
2024-05-19T03:46:23,2024-05-19T11:46:23,2,30724
2025-04-27T23:49:04,2025-04-28T06:49:04,1,7804
2025-02-24T17:19:28,2025-02-24T23:19:28,9,43374
2025-04-19T09:15:59,2025-04-19T16:15:59,6,22635
2025-04-26T03:42:17,2025-04-26T11:42:17,3,40215
2024-04-29T07:45:02,2024-04-29T13:45:02,5,26729
2025-01-30T20:06:41,2025-01-31T01:06:41,6,41203
2025-11-01T14:12:03,2025-11-01T19:12:03,4,23340
2024-10-30T09:56:22,,3,26631
2025-05-07T08:17:32,2025-05-07T15:17:32,3,30914
2024-12-10T10:19:45,,9,15565
2025-05-14T23:25:12,2025-05-15T00:25:12,4,28887
2024-05-12T11:38:13,2024-05-12T17:38:13,5,20390
2025-02-07T11:22:01,2025-02-07T13:22:01,9,9504
2024-12-05T19:14:51,2024-12-05T22:14:51,8,30056
2025-10-27T04:43:16,2025-10-27T05:43:16,10,25841
2024-12-28T21:34:28,2024-12-29T02:34:28,5,44664
2025-09-23T21:47:39,2025-09-23T23:47:39,9,12345
2024-04-12T10:56:38,2024-04-12T14:56:38,8,41779
2024-07-08T15:18:02,2024-07-08T17:18:02,3,2152
2025-10-09T12:12:11,2025-10-09T20:12:11,7,47546
2025-08-08T08:23:51,2025-08-08T11:23:51,1,21552
2024-09-28T09:49:53,2024-09-28T15:49:53,2,14062
2023-12-11T02:18:48,,3,47737
2023-11-08T04:33:48,2023-11-08T07:33:48,1,11722
2024-05-19T17:28:29,,5,49862
2024-02-26T07:24:26,2024-02-26T11:24:26,5,5774
2024-04-05T21:26:13,2024-04-06T01:26:13,8,12504
2024-12-23T02:09:32,2024-12-23T10:09:32,4,37944
2024-05-23T00:14:43,,7,14885
2023-11-21T08:50:06,2023-11-21T09:50:06,7,27355
2025-07-01T15:08:00,2025-07-01T21:08:00,3,19925
2024-09-26T07:19:40,2024-09-26T15:19:40,9,1425
2024-07-31T20:49:41,2024-08-01T00:49:41,1,46175
2025-10-29T03:57:42,2025-10-29T08:57:42,6,34763
2024-11-26T21:56:06,2024-11-27T01:56:06,3,31410
2024-11-07T15:48:15,2024-11-07T20:48:15,8,28097
2025-10-17T13:26:11,2025-10-17T21:26:11,7,43679
2024-08-30T05:53:22,2024-08-30T13:53:22,1,28230
2025-03-12T06:38:59,2025-03-12T08:38:59,6,40329
2025-04-11T16:10:25,2025-04-11T18:10:25,3,1105
2024-12-18T23:33:37,2024-12-19T06:33:37,7,15464
2024-10-11T10:25:36,2024-10-11T11:25:36,6,20006
2024-10-16T02:39:53,2024-10-16T04:39:53,3,1626
2024-05-31T03:28:48,2024-05-31T06:28:48,7,27472
2024-04-07T02:55:06,2024-04-07T06:55:06,7,47838
2025-02-10T03:45:17,2025-02-10T09:45:17,10,9722
2024-05-29T15:38:59,2024-05-29T17:38:59,10,15292
2025-11-01T14:37:59,2025-11-01T18:37:59,5,2378
2025-10-07T00:58:57,2025-10-07T04:58:57,3,41550
2025-10-12T17:04:08,2025-10-12T20:04:08,6,37288
2025-09-03T00:42:42,,4,23811
2024-08-21T05:25:16,2024-08-21T12:25:16,3,29053
2025-10-30T03:17:04,2025-10-30T04:17:04,8,40282
2024-06-22T03:00:34,2024-06-22T05:00:34,8,40861
2024-08-02T08:19:56,2024-08-02T16:19:56,5,45677
2024-05-21T17:25:31,2024-05-21T23:25:31,8,17019
2024-05-09T11:18:48,,5,19594
2023-12-04T12:24:50,2023-12-04T16:24:50,1,30066
2024-03-25T08:14:26,2024-03-25T16:14:26,7,13684
2024-08-31T14:44:44,2024-08-31T18:44:44,2,36365
2024-07-14T16:44:58,2024-07-14T17:44:58,7,22366
2025-07-09T21:58:00,2025-07-10T03:58:00,8,32456
2023-12-01T00:36:29,2023-12-01T03:36:29,8,2850
2024-04-21T00:05:11,2024-04-21T04:05:11,9,36654
2025-07-14T03:33:12,2025-07-14T06:33:12,1,38614
2025-02-08T02:16:14,2025-02-08T08:16:14,7,5803
2024-04-09T08:44:25,,10,38424
2024-08-16T00:52:23,2024-08-16T05:52:23,7,4933
2024-02-15T21:52:39,,7,2113
2024-12-21T09:19:55,2024-12-21T11:19:55,7,5193
2024-06-29T21:11:52,2024-06-30T02:11:52,5,9530
2024-01-22T17:32:57,,6,28788
2025-09-08T13:31:03,2025-09-08T14:31:03,1,31400
2025-03-15T00:13:42,2025-03-15T05:13:42,2,18380
2025-01-02T03:16:44,2025-01-02T06:16:44,9,42222
2025-04-15T19:16:46,2025-04-16T03:16:46,5,46302
2024-08-01T02:31:27,2024-08-01T03:31:27,10,165
2025-07-21T12:37:17,2025-07-21T14:37:17,7,21351
2024-07-19T06:23:23,2024-07-19T07:23:23,4,4201
2025-03-24T01:44:22,,4,21956
2025-03-03T03:26:19,2025-03-03T07:26:19,7,40711
2025-11-03T16:07:04,2025-11-03T20:07:04,1,19074
2025-01-22T19:57:06,2025-01-22T21:57:06,6,24533
2023-11-19T14:06:22,2023-11-19T17:06:22,2,6912
2025-08-31T00:02:07,2025-08-31T05:02:07,6,13589
2024-07-13T08:42:35,2024-07-13T10:42:35,7,32004
2024-03-19T23:35:19,2024-03-20T00:35:19,2,21525
2025-11-01T13:52:12,2025-11-01T19:52:12,3,28185
2024-12-26T23:50:51,2024-12-27T03:50:51,1,40013
2025-01-31T09:49:55,,1,3550
2025-10-05T21:38:58,2025-10-06T03:38:58,5,955
2024-01-29T19:49:57,2024-01-29T22:49:57,2,35313
2024-08-18T22:31:12,2024-08-19T02:31:12,2,11556
2025-01-11T09:36:36,2025-01-11T10:36:36,7,16876
2024-07-02T22:54:32,2024-07-02T23:54:32,7,12304
2023-12-30T13:43:54,2023-12-30T16:43:54,9,36923
2024-02-10T14:56:02,2024-02-10T15:56:02,2,43886
2024-11-04T19:03:44,2024-11-04T22:03:44,10,22257
2024-01-01T12:54:49,,3,34600
2025-05-24T08:12:06,2025-05-24T09:12:06,6,10183
2024-12-12T03:44:50,,5,38674
2024-04-14T17:30:57,,7,33241
2024-08-31T13:45:09,2024-08-31T21:45:09,3,30656
2023-12-05T14:14:10,2023-12-05T18:14:10,1,21265
2025-06-17T16:49:43,,5,5773
2023-12-03T21:55:48,2023-12-03T22:55:48,5,19619
2024-03-28T10:52:07,2024-03-28T17:52:07,7,32912
2024-12-10T06:39:29,2024-12-10T08:39:29,2,45856
2025-03-09T14:45:23,2025-03-09T20:45:23,7,42771
2024-03-16T17:10:09,2024-03-16T20:10:09,5,33265
2025-07-09T14:03:07,2025-07-09T19:03:07,10,22896
2025-03-19T01:56:09,2025-03-19T08:56:09,5,1062
2024-12-03T16:42:08,2024-12-04T00:42:08,1,49478
2025-04-23T05:29:05,2025-04-23T09:29:05,4,49343
2025-06-23T23:01:04,2025-06-24T07:01:04,5,6762
2025-09-18T04:33:46,,9,37804
2024-12-27T13:25:37,2024-12-27T21:25:37,2,19136
2024-10-04T22:07:09,2024-10-05T05:07:09,9,29744
2025-03-25T21:42:46,2025-03-26T02:42:46,6,3806
2025-01-16T19:04:57,2025-01-16T20:04:57,8,3897
2024-11-07T05:04:29,2024-11-07T09:04:29,1,14089
2024-09-11T15:29:14,2024-09-11T23:29:14,2,33986
2024-08-05T01:15:02,2024-08-05T05:15:02,9,7770
2024-03-18T09:16:03,2024-03-18T10:16:03,10,19837
2024-10-01T12:33:47,2024-10-01T20:33:47,9,14568
2024-03-01T15:07:31,2024-03-01T19:07:31,10,31297
2024-06-30T07:47:56,2024-06-30T09:47:56,7,15111
2024-08-12T00:52:27,2024-08-12T05:52:27,4,16656
2024-01-08T13:35:54,,9,16158
2025-01-28T09:06:41,2025-01-28T13:06:41,10,45339
2024-01-05T17:40:03,2024-01-06T00:40:03,2,10669
2023-12-31T17:21:47,,1,41561
2025-08-15T20:07:37,2025-08-16T00:07:37,2,47832
2025-03-14T22:55:08,2025-03-14T23:55:08,5,18490
2024-02-26T18:36:00,2024-02-27T00:36:00,3,28514
2024-12-12T22:38:32,2024-12-13T03:38:32,3,26873
2023-11-15T03:30:56,,5,23384
2024-05-18T18:41:56,2024-05-18T23:41:56,5,400
2025-01-09T17:56:53,2025-01-09T21:56:53,10,5723
2024-03-17T18:45:27,2024-03-18T01:45:27,4,38801
2024-07-15T19:47:48,2024-07-16T00:47:48,10,43929
2025-02-10T07:26:03,2025-02-10T14:26:03,2,37992
2025-04-19T18:53:35,,10,31198
2024-07-08T00:17:03,2024-07-08T01:17:03,8,43057
2024-11-28T22:35:50,,6,46456
2025-09-07T16:59:40,,9,21520
2025-03-13T10:25:44,2025-03-13T11:25:44,8,4691
2024-07-14T04:52:06,2024-07-14T12:52:06,5,15970
2025-03-08T01:06:17,,2,49917
2024-10-19T01:18:26,2024-10-19T02:18:26,2,37556
2024-05-20T20:32:33,2024-05-21T01:32:33,8,39918
2024-04-16T07:56:09,2024-04-16T08:56:09,8,22322
2024-01-18T07:58:24,2024-01-18T13:58:24,2,41201
2025-04-09T12:42:49,2025-04-09T18:42:49,4,2627
2025-07-31T01:38:25,2025-07-31T04:38:25,8,32533
2025-07-21T15:10:28,2025-07-21T18:10:28,2,43386
2024-05-09T20:42:51,2024-05-10T04:42:51,7,14392
2024-08-08T05:43:21,2024-08-08T10:43:21,8,17455
2023-12-12T02:11:45,2023-12-12T05:11:45,5,13738
2025-04-23T09:00:29,,6,31760
2023-11-15T23:55:11,,6,12405
2025-08-21T14:47:38,,1,20225
2024-02-08T14:14:31,2024-02-08T18:14:31,1,13341
2024-09-19T15:30:35,2024-09-19T18:30:35,2,238
2024-04-24T20:07:07,2024-04-24T21:07:07,2,31211
2024-05-20T01:09:20,2024-05-20T09:09:20,4,17241
2024-12-23T04:38:57,2024-12-23T05:38:57,6,26726
2024-03-04T00:10:06,2024-03-04T07:10:06,3,43353
2025-01-24T10:11:44,2025-01-24T16:11:44,1,9525
2025-01-03T22:25:06,,10,24786
2025-09-28T13:27:53,2025-09-28T17:27:53,5,20870
2024-11-28T05:12:15,2024-11-28T06:12:15,3,29262
2024-09-07T03:19:54,2024-09-07T11:19:54,9,42917
2025-03-23T21:47:14,,9,44839
2023-11-22T03:35:45,,5,7512
2024-04-28T11:11:17,2024-04-28T19:11:17,10,4960
2023-11-09T06:26:59,,7,3770
2025-02-14T20:17:32,2025-02-14T22:17:32,8,38323
2024-12-19T16:29:32,2024-12-19T19:29:32,8,3615
2024-05-09T17:30:07,2024-05-09T20:30:07,1,21031
2024-05-09T00:49:30,2024-05-09T02:49:30,7,42391
2025-02-17T18:20:04,2025-02-17T22:20:04,6,18613
2025-02-14T09:28:58,2025-02-14T16:28:58,1,40151
2024-07-31T12:13:52,2024-07-31T16:13:52,1,38
2025-08-17T07:10:59,2025-08-17T12:10:59,6,27439
2024-04-29T19:02:52,2024-04-29T21:02:52,6,36030
2025-10-09T23:04:10,,6,20476
2024-03-22T12:30:45,2024-03-22T16:30:45,8,46488
2025-04-05T03:22:45,,5,27218
2024-03-19T07:30:36,2024-03-19T13:30:36,3,34090
2024-12-06T09:48:04,2024-12-06T17:48:04,10,34379
2024-11-03T21:33:06,2024-11-04T04:33:06,9,29673
2025-07-13T07:59:31,2025-07-13T11:59:31,6,47342
2025-06-16T20:08:11,2025-06-16T23:08:11,6,44068
2025-01-12T02:06:03,,7,13484
2025-09-14T21:31:38,2025-09-15T00:31:38,4,4528
2024-04-29T14:41:11,2024-04-29T18:41:11,6,11721
2024-11-13T03:18:28,2024-11-13T11:18:28,10,33717
2024-08-09T10:47:16,2024-08-09T18:47:16,9,16717
2024-11-28T21:16:40,2024-11-29T00:16:40,3,40882
2023-11-07T20:37:10,2023-11-08T03:37:10,1,29832
2025-07-01T11:47:06,2025-07-01T19:47:06,6,48922
2023-12-25T23:10:18,,4,14028
2024-04-19T16:27:04,2024-04-19T22:27:04,8,675
2024-07-24T21:30:51,,1,21
2024-10-18T14:05:54,,7,41748
2025-07-31T11:00:43,2025-07-31T12:00:43,10,24275
2025-10-17T08:02:58,2025-10-17T13:02:58,4,47088
2024-05-06T05:51:40,2024-05-06T10:51:40,4,3524
2024-12-28T08:27:55,,2,15589
2025-01-23T02:13:22,2025-01-23T08:13:22,7,5491
2025-09-09T10:26:03,2025-09-09T16:26:03,2,23730
2025-05-20T12:10:30,2025-05-20T20:10:30,8,36627
2024-05-09T14:40:37,,8,27857
2025-07-11T16:15:17,2025-07-11T21:15:17,9,7017
2025-07-04T07:40:18,,8,31092
2025-03-10T12:28:28,2025-03-10T20:28:28,4,34530
2024-11-11T23:55:41,2024-11-12T02:55:41,7,8488
2025-01-22T04:43:30,2025-01-22T07:43:30,7,18299
2024-03-12T16:00:56,2024-03-12T17:00:56,10,43569
2024-04-02T12:50:12,,7,34605
2024-04-06T14:03:19,,9,26095
2023-12-12T01:17:45,2023-12-12T06:17:45,4,12365
2024-11-29T14:40:45,2024-11-29T15:40:45,5,10478
2025-09-20T22:38:54,2025-09-21T03:38:54,1,19165
2024-12-22T21:39:34,,8,25107
2025-06-30T22:50:25,2025-06-30T23:50:25,10,47743
2025-01-09T14:48:16,2025-01-09T15:48:16,10,47290
2024-05-16T23:57:41,2024-05-17T03:57:41,2,12911
2024-03-24T03:39:28,2024-03-24T09:39:28,6,48192
2024-08-15T18:20:54,,6,20889
2023-12-28T18:42:49,2023-12-28T23:42:49,9,24178
2024-12-14T15:14:29,,7,18888
2025-05-14T10:04:51,2025-05-14T18:04:51,7,5102
2024-03-06T08:11:53,,4,977
2025-09-27T04:28:27,,5,30281
2024-11-10T13:49:16,2024-11-10T18:49:16,7,45165
2025-05-26T16:15:40,2025-05-26T18:15:40,10,3388
2024-11-29T23:34:20,2024-11-30T01:34:20,1,18924
2025-07-23T01:35:06,,6,46969
2024-06-23T12:04:01,2024-06-23T17:04:01,8,32799
2024-04-08T23:50:28,2024-04-09T05:50:28,8,29953
2024-07-13T04:13:20,2024-07-13T10:13:20,9,43269
2024-02-08T14:40:51,2024-02-08T16:40:51,4,28261
2025-05-05T10:53:35,2025-05-05T18:53:35,10,5384
2025-02-22T04:23:04,2025-02-22T06:23:04,6,11373
2025-07-01T17:40:10,2025-07-01T22:40:10,1,894
2024-12-06T11:54:55,2024-12-06T12:54:55,10,46375
2024-05-25T01:55:26,,1,49258
2024-05-03T09:25:12,2024-05-03T17:25:12,2,49868
2025-06-28T16:49:57,,4,6670
2025-03-19T01:20:52,2025-03-19T02:20:52,5,33588
2024-05-08T06:18:00,2024-05-08T10:18:00,1,1675
2024-01-15T10:59:49,2024-01-15T17:59:49,5,16142
2024-12-24T10:44:23,2024-12-24T13:44:23,10,18538
2024-02-13T02:04:11,,8,10580
2025-09-07T11:04:56,2025-09-07T19:04:56,5,42587
2025-09-05T21:27:14,2025-09-06T04:27:14,9,29618
2025-10-26T08:08:34,2025-10-26T11:08:34,9,998
2024-06-08T15:14:41,2024-06-08T23:14:41,5,47162
2024-12-18T05:50:45,2024-12-18T06:50:45,9,2700
2025-07-04T16:37:45,2025-07-04T17:37:45,5,48306
2024-10-05T10:56:10,2024-10-05T18:56:10,4,20163
2024-05-02T14:16:09,2024-05-02T15:16:09,10,43890
2024-05-08T17:32:43,2024-05-08T19:32:43,6,6806
2024-03-08T04:15:58,,10,23977
2024-02-26T09:46:07,2024-02-26T13:46:07,3,18225
2025-04-12T17:55:59,2025-04-13T01:55:59,3,4573
2025-01-30T18:33:10,2025-01-30T20:33:10,10,27342
2025-01-28T05:29:57,2025-01-28T09:29:57,3,25147
2025-07-16T02:25:07,2025-07-16T03:25:07,5,11035
2025-03-25T04:26:48,2025-03-25T09:26:48,4,22738
2025-05-14T07:37:46,2025-05-14T10:37:46,7,21131
2024-03-10T14:31:55,2024-03-10T18:31:55,4,44968
2025-07-31T14:17:54,2025-07-31T20:17:54,7,33397
2024-07-15T18:13:50,,4,20459
2024-10-22T13:34:08,2024-10-22T14:34:08,10,39811
2025-10-27T11:17:13,2025-10-27T19:17:13,3,24742
2024-08-02T03:44:40,2024-08-02T08:44:40,9,47524
2024-05-10T20:12:30,2024-05-11T00:12:30,9,2768
2024-09-01T10:32:56,2024-09-01T12:32:56,4,17310
2023-12-03T14:21:30,2023-12-03T20:21:30,2,38617
2024-05-13T10:45:36,2024-05-13T12:45:36,7,18145
2025-04-19T05:42:22,2025-04-19T09:42:22,6,29504
2024-07-06T03:02:26,2024-07-06T11:02:26,8,11278
2025-04-20T05:08:34,2025-04-20T12:08:34,10,29001
2024-04-24T12:54:11,2024-04-24T16:54:11,7,11927
2024-03-06T02:12:00,2024-03-06T10:12:00,5,29418
2024-07-19T07:54:35,2024-07-19T13:54:35,1,47359
2024-01-17T19:11:37,,3,46334
2025-01-29T04:00:55,2025-01-29T10:00:55,3,27151
2025-06-01T12:41:43,2025-06-01T14:41:43,8,7149
2024-02-21T00:00:00,,4,7474
2025-10-05T01:09:06,2025-10-05T08:09:06,10,22233
2024-02-14T21:01:57,2024-02-15T01:01:57,3,630
2024-10-05T13:18:52,,6,28002
2025-08-07T22:05:21,2025-08-08T02:05:21,6,31549
2024-11-03T10:49:47,2024-11-03T12:49:47,7,24300
2025-08-18T02:04:39,2025-08-18T06:04:39,9,21139
2024-05-11T09:30:51,,8,29799
2024-07-06T18:38:24,2024-07-06T19:38:24,5,31504
2024-04-06T21:21:20,,1,37093
2025-09-29T19:02:59,2025-09-30T02:02:59,5,29934
2024-07-22T17:52:30,2024-07-23T01:52:30,8,14844
2023-12-11T03:44:43,2023-12-11T08:44:43,9,31959
2023-11-15T14:29:22,2023-11-15T21:29:22,2,43174
2025-01-15T21:27:26,2025-01-16T00:27:26,6,734
2024-05-01T19:00:49,2024-05-02T00:00:49,9,32439
2025-07-08T06:07:42,,8,40392
2025-01-11T00:39:00,,10,41797
2025-05-03T08:50:41,,6,26285
2024-06-16T04:32:31,2024-06-16T05:32:31,3,35859
2025-02-12T23:41:57,2025-02-13T00:41:57,3,42133
2025-09-16T17:13:52,2025-09-16T20:13:52,1,38185
2024-10-09T05:24:57,2024-10-09T09:24:57,10,20986
2024-05-10T05:11:02,,3,9400
2025-02-26T11:03:51,,1,10093
2025-07-05T05:56:33,2025-07-05T09:56:33,9,34011
2025-04-18T11:52:25,2025-04-18T16:52:25,7,26302
2024-07-05T12:48:03,2024-07-05T16:48:03,2,8058
2025-06-15T18:44:01,2025-06-15T22:44:01,3,39868
2025-06-11T06:43:22,2025-06-11T13:43:22,9,28654
2024-07-26T20:45:22,2024-07-27T04:45:22,2,4531
2025-08-25T01:31:35,2025-08-25T06:31:35,7,44135
2024-05-10T18:22:02,2024-05-10T19:22:02,8,39890
2024-08-12T02:25:19,2024-08-12T06:25:19,9,20813
2024-06-03T04:55:15,2024-06-03T08:55:15,2,14881
2025-05-22T13:43:18,2025-05-22T19:43:18,9,30998
2025-01-02T05:36:56,2025-01-02T11:36:56,4,21287
2025-06-03T18:35:34,2025-06-03T20:35:34,7,16283
2023-12-27T16:50:15,2023-12-27T23:50:15,10,33769
2023-12-24T16:59:57,,4,13234
2024-09-07T01:07:31,2024-09-07T02:07:31,4,311
2025-09-05T20:36:16,2025-09-06T01:36:16,3,23744
2024-03-09T22:48:23,,3,34395
2024-04-28T04:10:00,2024-04-28T12:10:00,5,24060
2025-05-24T20:35:35,,4,7275
2025-10-24T13:42:31,2025-10-24T20:42:31,10,1725
2025-05-23T12:11:36,2025-05-23T18:11:36,9,13546
2024-10-09T02:33:30,,7,35840
2025-02-15T20:14:51,2025-02-16T03:14:51,5,31681
2024-01-02T16:46:38,2024-01-02T20:46:38,3,20746
2025-05-29T11:01:49,2025-05-29T14:01:49,9,28036
2024-05-29T00:31:17,,3,47528
2024-07-13T06:00:51,,2,1232
2025-10-12T19:47:17,2025-10-13T01:47:17,9,37599
2025-09-08T22:44:33,2025-09-09T04:44:33,8,18592
2024-05-05T08:23:48,2024-05-05T16:23:48,4,28875
2024-02-14T17:06:54,2024-02-14T18:06:54,9,43365
2024-09-28T12:48:54,2024-09-28T17:48:54,4,29264
2024-09-30T21:53:19,,3,47657
2024-09-06T15:42:30,2024-09-06T17:42:30,4,41220
2024-11-13T22:51:50,,10,46207
2024-12-24T12:16:41,,6,29870
2025-07-11T08:22:09,2025-07-11T14:22:09,8,4878
2023-12-11T13:05:33,,2,41064
2024-11-26T21:06:41,2024-11-27T00:06:41,9,39354
2025-08-23T21:46:30,2025-08-24T00:46:30,2,15464
2024-05-21T08:56:22,2024-05-21T15:56:22,8,46163
2024-03-28T02:56:02,,3,39901
2024-10-27T10:39:54,2024-10-27T18:39:54,3,23961
2024-04-21T11:29:00,2024-04-21T12:29:00,3,35332
2025-10-28T03:02:06,2025-10-28T09:02:06,9,8862
2023-11-19T01:10:28,2023-11-19T04:10:28,1,40116
2024-08-20T17:03:48,2024-08-20T21:03:48,7,16516
2023-12-17T13:20:05,2023-12-17T19:20:05,4,36724
2025-02-15T09:18:25,2025-02-15T14:18:25,5,14074
2024-08-20T07:24:52,2024-08-20T08:24:52,2,5139
2024-11-14T12:24:20,2024-11-14T18:24:20,1,8034
2024-05-15T13:20:34,2024-05-15T18:20:34,7,39134
2024-08-30T13:35:01,,9,5502
2025-08-27T10:09:21,2025-08-27T11:09:21,10,35137
2025-02-14T21:04:38,2025-02-15T04:04:38,7,8581
2024-08-15T17:36:24,2024-08-16T00:36:24,1,21303
2025-02-12T08:18:22,2025-02-12T12:18:22,7,9949
2024-02-10T09:10:56,,1,14151
2024-11-04T20:13:49,2024-11-04T21:13:49,5,16544
2024-04-14T17:16:05,2024-04-14T18:16:05,7,32877
2023-11-10T04:16:42,2023-11-10T10:16:42,4,24399
2024-04-20T10:01:46,2024-04-20T16:01:46,9,41653
2023-12-10T13:32:35,2023-12-10T18:32:35,9,48714
2024-11-21T01:03:46,2024-11-21T03:03:46,7,37053
2025-06-12T15:34:06,2025-06-12T22:34:06,7,37717
2024-07-13T16:49:07,2024-07-13T20:49:07,8,43341
2025-04-20T19:14:07,2025-04-20T22:14:07,9,44665
2023-12-30T03:35:28,,3,21984
2025-01-31T03:52:53,2025-01-31T05:52:53,9,48448
2025-02-19T15:13:21,2025-02-19T16:13:21,10,19061
2024-09-15T16:57:53,,4,30491
2023-12-05T07:03:50,2023-12-05T12:03:50,5,48186
2025-08-27T14:20:57,2025-08-27T16:20:57,3,48590
2024-03-02T08:04:41,2024-03-02T14:04:41,8,27636
2024-07-06T01:05:40,2024-07-06T06:05:40,9,5848
2025-06-23T06:54:16,2025-06-23T10:54:16,2,23704
2024-07-05T03:29:49,2024-07-05T10:29:49,1,16749
2024-11-08T12:47:00,,4,47119
2024-04-24T10:19:30,2024-04-24T15:19:30,6,41972
2025-07-20T05:04:17,2025-07-20T06:04:17,1,3337
2024-09-16T04:13:52,2024-09-16T10:13:52,5,35358
2025-04-27T15:04:24,2025-04-27T17:04:24,8,34831
2024-12-15T09:38:48,2024-12-15T10:38:48,5,321
2025-01-20T22:42:41,2025-01-21T03:42:41,2,43036
2024-12-05T22:29:26,2024-12-05T23:29:26,3,33828
2024-06-16T08:56:52,2024-06-16T09:56:52,3,23927
2024-03-04T16:18:43,2024-03-04T19:18:43,4,30449
2024-01-21T05:48:55,2024-01-21T10:48:55,3,21234
2023-11-18T19:04:12,2023-11-19T01:04:12,2,28962
2025-02-11T22:38:42,2025-02-12T04:38:42,9,42646
2025-07-21T23:00:29,2025-07-22T05:00:29,9,33429
2024-04-27T23:12:12,2024-04-28T01:12:12,8,45669
2025-06-11T11:09:59,2025-06-11T13:09:59,8,12829
2025-04-03T19:47:48,2025-04-04T02:47:48,8,18715
2025-03-31T00:34:54,,1,3602
2024-11-09T18:12:39,,10,9683
2025-05-17T09:42:41,2025-05-17T15:42:41,9,46804
2025-11-02T07:32:17,2025-11-02T08:32:17,2,15132
2024-06-02T09:25:33,2024-06-02T11:25:33,1,1391
2024-11-11T21:23:22,2024-11-12T02:23:22,10,3793
2025-01-29T04:56:24,2025-01-29T08:56:24,3,37614
2025-09-09T13:09:21,,4,49801
2025-10-27T22:01:59,,6,18448
2024-08-06T06:56:10,2024-08-06T09:56:10,2,8128
2024-10-12T13:25:54,,8,30528
2025-01-15T23:52:26,2025-01-16T01:52:26,5,23395
2024-05-18T11:45:51,,10,34684
2024-06-10T17:08:41,2024-06-10T19:08:41,8,15575
2024-07-10T02:13:06,2024-07-10T04:13:06,6,17689
2024-09-26T02:06:08,2024-09-26T08:06:08,6,34495
2025-04-26T11:32:26,2025-04-26T17:32:26,5,15461
2025-09-25T14:22:24,2025-09-25T20:22:24,5,2834
2024-01-10T08:58:54,2024-01-10T15:58:54,9,43842
2024-06-26T07:11:32,2024-06-26T12:11:32,10,28160
2024-02-11T10:26:02,,3,49251
2024-12-24T20:27:28,2024-12-24T23:27:28,5,44639
2023-11-29T21:38:35,2023-11-30T05:38:35,8,21506
2024-08-26T03:12:54,2024-08-26T11:12:54,1,3954
2025-03-11T14:18:36,,3,26416
2025-07-24T23:25:30,2025-07-25T02:25:30,4,9239
2025-04-28T12:49:13,2025-04-28T15:49:13,5,13761
2025-04-06T09:59:17,2025-04-06T17:59:17,4,26701
2025-06-16T16:58:29,2025-06-16T18:58:29,4,48749
2025-02-08T21:23:51,2025-02-09T00:23:51,1,31030
2025-03-22T12:35:19,2025-03-22T19:35:19,9,43456
2025-02-27T23:09:08,2025-02-28T05:09:08,6,37609
2024-01-27T01:49:31,2024-01-27T03:49:31,6,4684
2024-03-29T22:12:25,2024-03-29T23:12:25,6,43254
2024-01-06T05:52:10,2024-01-06T13:52:10,3,35259
2024-12-28T00:04:35,2024-12-28T06:04:35,3,45551
2025-02-25T06:17:32,2025-02-25T10:17:32,10,8606
2025-04-16T19:57:42,2025-04-17T02:57:42,1,35570
2024-03-19T23:11:24,,8,22694
2025-08-15T20:58:56,,2,43489
2025-08-29T22:03:31,2025-08-29T23:03:31,4,564
2025-01-29T06:11:16,2025-01-29T11:11:16,2,26163
2024-04-16T05:42:31,2024-04-16T11:42:31,6,3953
2024-12-03T20:34:26,,10,11351
2025-03-03T10:22:05,2025-03-03T12:22:05,1,43874
2024-10-30T15:41:47,2024-10-30T18:41:47,8,3309
2024-03-04T18:17:31,2024-03-04T22:17:31,4,29152
2024-08-01T11:33:31,2024-08-01T14:33:31,2,49598
2025-08-08T07:58:02,2025-08-08T09:58:02,8,14261
2024-07-11T11:17:07,2024-07-11T18:17:07,3,38132
2024-05-19T20:00:04,2024-05-20T01:00:04,6,15497
2025-10-18T06:43:17,2025-10-18T14:43:17,8,27166
2025-06-27T14:32:33,2025-06-27T15:32:33,5,45450
2024-03-27T10:16:09,2024-03-27T11:16:09,8,1538
2024-11-30T02:07:01,2024-11-30T04:07:01,5,4648
2025-07-31T05:00:20,2025-07-31T07:00:20,3,23039
2024-07-03T14:44:49,,7,8117
2024-04-05T03:51:08,,10,23733
2025-02-05T13:16:58,2025-02-05T17:16:58,7,23657
2024-09-05T09:45:20,2024-09-05T11:45:20,2,47802
2024-09-01T01:55:31,2024-09-01T03:55:31,10,13484
2025-10-06T11:33:19,2025-10-06T12:33:19,5,7057
2023-12-23T05:56:55,2023-12-23T10:56:55,10,46798
2024-11-02T00:02:06,2024-11-02T06:02:06,1,6401
2023-12-12T21:55:54,2023-12-13T02:55:54,8,39584
2025-03-26T13:18:39,2025-03-26T20:18:39,3,29539
2024-03-08T17:14:16,2024-03-08T19:14:16,9,5746
2025-09-27T09:49:57,2025-09-27T15:49:57,1,45950
2024-12-06T20:57:19,2024-12-07T04:57:19,3,12656
2024-02-06T00:56:58,,7,13851
2025-01-06T23:03:01,2025-01-07T03:03:01,1,14731
2025-02-05T14:24:17,2025-02-05T17:24:17,10,43969
2023-12-02T05:13:37,2023-12-02T10:13:37,1,29082
2023-12-14T09:25:27,2023-12-14T10:25:27,7,44212
2024-10-29T05:59:47,,8,33202
2025-09-14T20:55:34,,4,14834
2024-12-29T06:42:49,2024-12-29T11:42:49,7,21555
2025-03-27T10:32:42,2025-03-27T16:32:42,4,30280
2025-05-20T07:07:36,2025-05-20T11:07:36,2,11314
2025-09-01T22:03:44,2025-09-01T23:03:44,8,29408
2025-08-08T13:16:31,2025-08-08T17:16:31,3,8663
2024-07-25T11:09:07,,7,3897
2024-01-06T15:03:06,,10,31154
2024-10-25T18:53:44,2024-10-25T23:53:44,3,24364
2024-12-19T02:23:26,2024-12-19T03:23:26,3,32161
2025-10-10T02:33:23,2025-10-10T09:33:23,5,34686
2024-10-09T00:34:45,2024-10-09T05:34:45,9,9682
2025-08-18T19:29:02,2025-08-18T20:29:02,9,42289
2025-01-02T03:58:49,2025-01-02T08:58:49,7,30311
2024-04-25T06:47:29,2024-04-25T12:47:29,3,36451
2025-09-18T16:35:56,2025-09-18T21:35:56,7,212
2025-01-14T05:50:51,2025-01-14T13:50:51,7,18464
2024-09-12T09:50:56,2024-09-12T10:50:56,5,3434
2025-10-10T16:47:24,2025-10-10T17:47:24,2,24135
2025-09-20T11:38:09,2025-09-20T14:38:09,8,35492
2025-07-17T00:21:29,2025-07-17T01:21:29,8,32874
2024-08-07T22:34:19,2024-08-08T01:34:19,2,40146
2025-07-12T10:43:45,2025-07-12T15:43:45,10,17325
2025-01-21T12:58:07,2025-01-21T16:58:07,6,47566
2024-04-22T20:15:32,2024-04-23T02:15:32,3,19313
2024-01-11T00:51:40,,9,36241
2024-09-06T01:16:52,2024-09-06T06:16:52,10,2995
2024-09-14T06:05:08,,4,11350
2024-04-14T06:18:17,2024-04-14T09:18:17,7,2059
2024-09-05T09:40:36,2024-09-05T12:40:36,2,6144
2024-09-19T05:13:28,,1,49074
2024-02-13T14:35:19,2024-02-13T21:35:19,7,32082
2024-05-18T03:42:58,2024-05-18T11:42:58,9,49004
2023-12-19T18:32:10,2023-12-20T01:32:10,4,46943
2025-07-01T04:34:38,2025-07-01T05:34:38,1,43449
2024-11-30T22:36:31,2024-12-01T00:36:31,8,34796
2024-03-21T14:00:21,2024-03-21T16:00:21,1,15659
2025-01-08T08:47:11,2025-01-08T09:47:11,5,3162
2025-10-12T00:13:51,,4,10457
2024-08-12T21:32:47,,6,6538
2025-09-26T17:49:30,2025-09-26T22:49:30,1,48182
2024-11-19T05:29:17,2024-11-19T08:29:17,5,3640
2023-11-08T00:43:36,2023-11-08T04:43:36,3,20194
2025-10-07T06:12:51,2025-10-07T07:12:51,9,22655
2025-04-23T15:46:01,2025-04-23T20:46:01,9,46016
2025-10-03T23:21:47,2025-10-04T05:21:47,6,12351
2025-10-03T08:40:10,2025-10-03T10:40:10,9,15603
2024-08-02T01:25:40,,8,5210
2024-04-24T12:28:07,2024-04-24T19:28:07,7,8291
2025-05-07T02:06:06,2025-05-07T10:06:06,5,47342
2025-01-30T20:22:46,2025-01-31T04:22:46,5,18860
2024-08-02T14:10:01,2024-08-02T20:10:01,9,45365
2025-01-19T22:19:15,2025-01-20T00:19:15,10,30016
2024-08-27T11:52:44,2024-08-27T14:52:44,5,29063
2025-07-10T04:33:12,2025-07-10T06:33:12,5,11131
2024-11-13T12:23:46,2024-11-13T16:23:46,1,15856
2024-09-19T12:39:21,2024-09-19T19:39:21,3,30804
2024-08-21T12:49:14,2024-08-21T16:49:14,8,46389
2024-06-28T12:19:57,2024-06-28T18:19:57,7,46233
2024-10-14T05:21:16,2024-10-14T10:21:16,1,38499
2025-09-09T02:32:07,,10,33927
2024-04-18T04:59:28,2024-04-18T10:59:28,2,27750
2024-10-04T02:06:04,,10,18912
2024-03-18T07:14:29,2024-03-18T14:14:29,3,20924
2025-02-24T23:28:29,,2,25495
2025-10-22T06:19:03,2025-10-22T12:19:03,7,18458
2025-05-26T22:10:44,2025-05-27T06:10:44,6,47814
2025-02-08T04:11:55,,1,23249
2023-12-13T12:06:04,2023-12-13T20:06:04,4,38134
2024-05-20T22:37:06,,1,14420
2025-02-15T00:02:38,2025-02-15T04:02:38,3,10788
2024-09-15T17:21:55,2024-09-15T18:21:55,9,49789
2025-09-16T04:44:25,2025-09-16T06:44:25,4,17636
2023-12-20T22:27:33,2023-12-21T02:27:33,10,39466
2024-03-06T17:39:06,,9,1882
2024-09-14T00:25:20,2024-09-14T08:25:20,9,38113
2025-01-28T22:07:14,,9,22053
2024-01-02T16:34:10,2024-01-02T17:34:10,3,28163
2025-04-23T05:25:41,2025-04-23T09:25:41,10,44272
2024-06-17T13:30:13,2024-06-17T19:30:13,2,30391
2024-08-09T02:07:08,2024-08-09T06:07:08,6,42246
2025-07-05T05:56:01,2025-07-05T12:56:01,7,43171
2024-06-14T12:31:18,2024-06-14T17:31:18,7,36147
2023-12-14T03:10:48,2023-12-14T10:10:48,2,35198
2024-11-13T04:11:31,2024-11-13T06:11:31,9,23583
2025-10-30T07:18:02,2025-10-30T15:18:02,2,6276
2024-01-11T05:55:25,2024-01-11T10:55:25,6,11169
2024-02-11T01:30:05,2024-02-11T08:30:05,10,49295
2025-01-04T15:07:35,2025-01-04T16:07:35,6,41173
2024-07-10T02:04:16,2024-07-10T07:04:16,10,32680
2024-11-24T23:13:23,2024-11-25T06:13:23,4,15571
2024-12-06T11:53:44,2024-12-06T15:53:44,7,3185
2025-03-20T04:17:58,2025-03-20T07:17:58,6,4707
2025-08-17T08:41:53,2025-08-17T13:41:53,2,29834
2025-09-24T15:35:29,,8,4666
2025-01-01T01:05:04,2025-01-01T06:05:04,8,10315
2024-01-02T07:50:10,2024-01-02T14:50:10,4,24318
2024-07-27T07:17:14,2024-07-27T11:17:14,8,46458
2024-01-01T00:14:24,2024-01-01T08:14:24,8,12208
2024-03-16T00:06:20,2024-03-16T01:06:20,8,10632
2023-11-11T15:25:27,2023-11-11T18:25:27,4,10055
2025-08-31T01:34:27,,5,39374
2025-07-27T07:26:14,,10,9901
2024-07-21T03:08:44,,3,41432
2025-05-09T19:09:57,2025-05-09T23:09:57,2,14284
2024-11-21T17:18:05,2024-11-22T00:18:05,9,34451
2024-11-27T07:31:52,2024-11-27T12:31:52,10,40718
2025-04-06T13:32:34,2025-04-06T16:32:34,8,24556
2024-09-01T01:57:03,2024-09-01T09:57:03,8,18419
2025-05-15T03:01:15,2025-05-15T07:01:15,3,639
2024-06-25T05:58:40,2024-06-25T13:58:40,6,34718
2024-04-19T11:15:58,2024-04-19T14:15:58,1,7790
2024-11-12T06:12:48,2024-11-12T07:12:48,6,7465
2025-02-12T09:38:55,,10,36207
2025-10-13T01:46:08,,2,29914
2025-08-31T23:30:59,,4,35063
2025-08-08T02:42:29,,2,7875
2025-06-22T23:17:34,2025-06-23T05:17:34,5,23353
2024-08-05T16:56:40,2024-08-05T18:56:40,4,24542
2025-07-28T22:52:18,2025-07-29T04:52:18,10,2162
2025-08-31T10:35:16,2025-08-31T17:35:16,10,9958
2025-10-05T08:40:26,2025-10-05T09:40:26,10,6210
2024-10-07T05:47:05,2024-10-07T06:47:05,10,5269
2025-02-07T12:37:06,2025-02-07T20:37:06,1,14732
2025-10-06T13:40:26,2025-10-06T17:40:26,9,45618
2025-06-13T16:32:11,,9,42516
2025-03-13T06:52:57,,2,28541
2025-05-26T21:39:45,2025-05-26T22:39:45,9,11133
2024-04-20T19:12:42,,3,39826
2024-10-23T19:38:00,2024-10-23T22:38:00,2,6742
2024-02-15T06:17:04,2024-02-15T14:17:04,3,3561
2024-07-22T03:51:24,2024-07-22T07:51:24,10,14719
2025-11-02T17:43:29,2025-11-02T19:43:29,9,22294
2025-05-08T17:10:16,2025-05-08T23:10:16,9,23372
2025-10-02T12:07:59,2025-10-02T20:07:59,2,38528
2024-04-20T22:17:25,2024-04-21T00:17:25,6,49995
2025-08-31T01:06:27,2025-08-31T06:06:27,4,15274
2024-04-09T17:25:06,2024-04-10T00:25:06,6,46854
2024-11-21T08:55:46,2024-11-21T09:55:46,7,38410
2024-07-18T22:40:18,2024-07-19T00:40:18,10,5307
2025-06-06T03:21:45,2025-06-06T08:21:45,8,20349
2024-03-28T23:28:25,2024-03-29T00:28:25,3,27529
2025-10-14T11:35:13,2025-10-14T15:35:13,4,35491
2025-04-23T01:23:00,2025-04-23T07:23:00,3,22832
2024-08-24T00:14:54,2024-08-24T04:14:54,7,19811
2024-02-02T10:29:41,2024-02-02T12:29:41,8,8850
2025-01-02T11:50:13,2025-01-02T17:50:13,10,3795
2025-10-18T12:26:28,2025-10-18T16:26:28,10,4579
2025-04-12T14:10:20,2025-04-12T18:10:20,1,12294
2024-03-19T00:30:03,2024-03-19T08:30:03,4,24497
2024-11-02T16:54:38,2024-11-02T20:54:38,8,22659
2024-09-25T23:03:13,2024-09-26T06:03:13,5,21381
2024-01-01T07:13:48,2024-01-01T12:13:48,5,20684
2025-09-03T21:01:27,2025-09-04T03:01:27,5,358
2024-07-15T16:12:01,2024-07-15T20:12:01,6,7683
2024-08-27T23:52:58,2024-08-28T00:52:58,2,16969
2024-05-02T05:55:56,2024-05-02T09:55:56,5,24710
2024-10-29T09:05:40,2024-10-29T17:05:40,3,49718
2024-04-10T09:22:08,2024-04-10T16:22:08,1,7789
2024-02-09T05:33:34,2024-02-09T12:33:34,8,37030
2024-07-28T17:21:30,2024-07-28T19:21:30,4,1105
2024-05-15T05:45:01,2024-05-15T11:45:01,2,48399
2025-06-10T22:32:41,2025-06-11T05:32:41,1,33575
2025-01-15T10:18:51,2025-01-15T16:18:51,9,38979
2025-08-27T01:53:29,2025-08-27T05:53:29,10,29491
2025-05-17T02:10:24,2025-05-17T09:10:24,10,16736
2025-07-14T23:00:49,2025-07-15T01:00:49,1,36214
2025-08-16T23:53:06,2025-08-17T06:53:06,6,48027
2024-12-10T07:03:05,2024-12-10T11:03:05,3,48479
2024-03-10T14:13:08,2024-03-10T21:13:08,2,36894
2024-11-06T02:06:00,2024-11-06T04:06:00,1,32956
2024-08-18T01:37:38,,8,12088
2024-10-12T13:33:42,2024-10-12T15:33:42,2,30026
2024-02-27T03:56:36,2024-02-27T11:56:36,6,19647
2025-07-20T19:59:56,2025-07-20T20:59:56,3,28069
2025-07-27T09:56:30,2025-07-27T13:56:30,9,27091
2024-12-08T22:15:54,2024-12-09T04:15:54,1,31978
2024-12-22T11:32:49,2024-12-22T18:32:49,5,7225
2024-11-07T14:20:07,2024-11-07T22:20:07,8,23166
2025-05-02T02:07:33,2025-05-02T05:07:33,5,4458
2023-11-24T04:58:38,2023-11-24T06:58:38,10,45597
2023-12-05T04:47:24,2023-12-05T08:47:24,3,5690
2025-08-08T02:14:17,2025-08-08T06:14:17,8,34445
2024-08-21T16:16:29,2024-08-21T17:16:29,3,6299
2025-06-11T16:48:29,2025-06-11T23:48:29,6,38706
2024-02-25T14:50:53,,7,47774
2025-02-03T20:25:16,,3,13523
2025-09-30T17:37:54,2025-09-30T18:37:54,7,43019
2024-06-21T14:03:59,2024-06-21T20:03:59,2,1220
2024-03-06T14:46:38,2024-03-06T21:46:38,5,21367
2023-12-12T20:35:29,2023-12-13T00:35:29,10,1499
2023-12-05T11:34:51,2023-12-05T15:34:51,4,30031
2024-03-06T06:42:23,2024-03-06T14:42:23,5,2717
2024-08-05T17:02:27,2024-08-05T19:02:27,4,33530
2025-06-16T14:49:00,2025-06-16T18:49:00,5,6862
2023-12-13T23:46:59,,7,47366
2024-07-05T09:18:18,2024-07-05T14:18:18,8,46916
2024-08-19T05:00:32,2024-08-19T07:00:32,6,43503
2024-10-20T22:55:36,2024-10-21T00:55:36,2,9071
2025-08-17T17:08:52,2025-08-17T18:08:52,10,29366
2024-06-05T13:27:44,2024-06-05T20:27:44,4,32385
2024-12-21T21:35:47,2024-12-22T03:35:47,5,13457
2024-09-05T23:03:36,2024-09-06T05:03:36,7,34066
2023-12-31T18:32:02,,2,12326
2024-04-06T21:34:34,2024-04-06T23:34:34,1,16940
2025-08-23T17:18:35,2025-08-23T23:18:35,2,36778
2024-04-15T13:57:03,2024-04-15T21:57:03,9,5409
2025-04-02T11:06:39,2025-04-02T19:06:39,10,26471
2024-06-17T10:21:05,2024-06-17T12:21:05,8,27882
2025-04-30T14:07:43,2025-04-30T22:07:43,10,35718
2025-05-21T04:06:54,,6,11849
2024-05-15T03:51:21,2024-05-15T05:51:21,6,20201
2025-02-15T08:34:26,2025-02-15T12:34:26,10,27579
2024-05-25T19:11:06,,6,28932
2024-02-08T23:09:20,2024-02-09T02:09:20,5,24316
2024-10-28T17:18:41,,9,46534
2024-12-11T02:36:40,,7,23655
2023-12-18T10:20:33,2023-12-18T12:20:33,4,4242
2024-07-13T12:47:59,2024-07-13T15:47:59,3,35171
2023-12-21T10:51:26,2023-12-21T14:51:26,4,21833
2024-10-14T16:44:27,2024-10-14T19:44:27,10,12923
2025-02-22T09:02:35,2025-02-22T10:02:35,2,49072
2025-05-17T07:34:10,2025-05-17T12:34:10,4,46863
2024-04-13T13:40:57,,2,6282
2025-06-19T15:29:23,,1,5624
2025-04-01T06:57:42,2025-04-01T14:57:42,9,36737
2025-03-19T08:24:04,,1,46570
2024-10-08T10:12:43,2024-10-08T17:12:43,3,41134
2024-07-04T22:56:04,2024-07-05T05:56:04,5,18460
2024-10-16T05:47:33,,6,41413
2024-06-20T01:19:45,2024-06-20T03:19:45,1,45290
2025-05-11T08:01:32,2025-05-11T14:01:32,2,985
2024-04-14T01:04:57,2024-04-14T02:04:57,4,20408
2025-08-29T21:40:42,2025-08-30T02:40:42,5,15440
2025-04-03T01:28:57,2025-04-03T03:28:57,5,25042
2024-10-10T18:09:42,2024-10-10T19:09:42,5,48786
2025-07-24T13:35:12,2025-07-24T15:35:12,5,17230
2023-11-09T18:28:44,2023-11-10T02:28:44,3,43702
2025-11-02T13:12:02,2025-11-02T20:12:02,4,32421
2025-08-25T01:48:28,2025-08-25T04:48:28,1,3961
2024-12-17T12:00:24,2024-12-17T13:00:24,4,23473
2024-06-27T13:53:15,2024-06-27T15:53:15,7,41188
2025-09-30T13:19:27,2025-09-30T21:19:27,7,21751
2025-06-09T06:22:08,,8,40629
2025-06-28T12:16:05,,7,8112
2025-01-12T02:29:10,2025-01-12T09:29:10,1,32776
2025-05-20T20:12:31,2025-05-20T22:12:31,10,8125
2024-11-21T03:31:49,2024-11-21T10:31:49,1,25953
2025-01-08T15:09:08,2025-01-08T18:09:08,7,11491
2024-03-11T18:38:54,2024-03-11T20:38:54,7,43277
2025-09-13T22:53:43,2025-09-14T01:53:43,9,8319
2025-04-08T23:40:59,2025-04-09T05:40:59,2,3811
2024-11-12T09:44:12,2024-11-12T10:44:12,10,36132
2024-04-20T08:41:14,2024-04-20T14:41:14,2,5673
2025-07-03T18:38:24,2025-07-03T22:38:24,6,6510
2024-08-19T17:30:35,,1,27479
2023-11-25T03:16:10,2023-11-25T06:16:10,2,26536
2025-09-03T20:01:57,2025-09-04T02:01:57,9,33064
2025-08-22T17:30:32,2025-08-22T18:30:32,2,29018
2025-01-08T21:33:04,2025-01-08T23:33:04,4,6676
2025-10-09T20:15:55,,1,46528
2024-06-05T04:41:14,2024-06-05T11:41:14,4,32392
2024-06-02T10:13:22,2024-06-02T18:13:22,3,9793
2023-12-19T12:09:08,2023-12-19T15:09:08,8,15383
2025-01-26T13:26:06,2025-01-26T21:26:06,5,21443
2025-11-04T23:07:55,2025-11-05T02:07:55,10,7042
2024-11-22T10:32:05,2024-11-22T17:32:05,3,26235
2024-10-24T16:36:03,2024-10-24T21:36:03,3,44928
2023-12-24T20:45:29,2023-12-24T22:45:29,2,2873
2024-07-06T02:54:18,2024-07-06T04:54:18,1,22069
2025-10-14T21:33:29,2025-10-15T05:33:29,9,26505
2024-04-02T01:04:17,,1,9548
2024-07-30T08:40:28,,2,4167
2024-09-21T21:25:18,2024-09-22T03:25:18,9,42807
2025-02-23T07:51:58,2025-02-23T10:51:58,10,15629
2024-07-06T11:03:52,2024-07-06T14:03:52,9,2518
2024-08-28T19:35:50,2024-08-29T01:35:50,2,23508
2025-10-29T11:57:37,2025-10-29T12:57:37,2,10905
2024-05-17T00:49:58,,1,40960
2024-04-22T02:59:31,2024-04-22T10:59:31,10,35136
2025-10-24T01:17:09,2025-10-24T04:17:09,8,19750
2025-08-25T07:51:33,2025-08-25T15:51:33,1,28441
2025-02-14T13:44:06,2025-02-14T15:44:06,8,49515
2025-10-10T04:44:00,2025-10-10T11:44:00,9,20050
2025-07-11T22:09:44,2025-07-12T03:09:44,6,533
2024-06-03T14:16:32,2024-06-03T20:16:32,4,25487
2023-12-06T13:46:40,,8,35978
2025-04-21T03:36:21,2025-04-21T11:36:21,10,3220
2025-10-27T14:41:28,2025-10-27T19:41:28,4,43943
2024-06-02T12:59:14,2024-06-02T15:59:14,9,18590
2025-07-10T11:29:12,2025-07-10T19:29:12,2,35743
2024-10-14T08:07:14,,4,34005
2025-06-11T17:43:40,2025-06-11T18:43:40,5,10174
2025-07-25T20:35:26,2025-07-26T00:35:26,7,32813
2024-11-04T00:01:47,2024-11-04T05:01:47,4,33483
2025-11-03T10:45:15,2025-11-03T12:45:15,5,1249
2024-05-28T05:40:23,2024-05-28T12:40:23,1,33556
2024-12-16T19:01:14,,6,26660
2025-02-07T22:32:11,2025-02-08T02:32:11,2,32600
2024-01-01T04:48:30,,9,34952
2025-03-10T01:17:16,2025-03-10T09:17:16,8,20097
2025-03-27T02:24:49,2025-03-27T04:24:49,4,33459
2024-12-10T01:20:56,2024-12-10T03:20:56,7,14726
2025-03-14T21:18:46,,9,18327
2023-12-27T19:48:37,2023-12-28T02:48:37,2,32784
2025-04-01T02:56:33,,3,34054
2024-02-29T19:05:01,2024-02-29T23:05:01,3,42408
2023-12-30T12:07:57,2023-12-30T16:07:57,10,28630
2024-03-29T19:50:55,2024-03-30T03:50:55,8,21539
2024-01-23T16:20:28,2024-01-23T21:20:28,9,16175
2024-12-25T19:37:26,,9,41801
2024-09-02T23:55:31,2024-09-03T07:55:31,4,11382
2024-08-26T20:12:52,2024-08-26T21:12:52,3,29569
2025-05-08T14:35:12,2025-05-08T19:35:12,1,3841
2024-10-11T05:11:45,,9,1117
2024-06-17T10:08:39,,2,33672
2024-07-20T00:57:43,,3,42315
2025-08-16T16:33:22,2025-08-16T18:33:22,6,15211
2024-07-30T05:56:35,,8,4814
2025-08-16T02:32:15,2025-08-16T08:32:15,10,49909
2024-10-13T18:33:02,2024-10-13T19:33:02,3,19165
2025-05-24T06:16:00,2025-05-24T12:16:00,9,45859
2025-01-16T03:03:47,2025-01-16T04:03:47,6,4825
2024-01-08T01:03:30,2024-01-08T05:03:30,6,8465
2025-04-30T15:59:53,2025-04-30T19:59:53,8,18981
2024-05-24T00:06:05,2024-05-24T06:06:05,4,14496
2024-07-08T21:57:24,2024-07-09T05:57:24,9,3767
2024-10-07T19:16:45,2024-10-07T23:16:45,7,49047
2024-03-01T20:36:01,2024-03-02T00:36:01,7,13977
2024-03-14T16:32:57,2024-03-14T19:32:57,10,37925
2024-09-16T22:40:37,2024-09-17T06:40:37,4,25947
2025-08-26T19:00:45,2025-08-27T00:00:45,7,26167
2025-01-13T00:00:02,2025-01-13T06:00:02,5,47807
2024-12-04T09:36:41,2024-12-04T13:36:41,2,4746
2024-06-19T04:15:12,2024-06-19T08:15:12,2,3228
2025-09-02T02:05:40,2025-09-02T10:05:40,7,46416
2024-10-09T16:06:06,2024-10-09T20:06:06,9,22842
2024-08-24T17:54:52,2024-08-25T01:54:52,10,18929
2023-12-03T06:22:43,,3,180
2024-10-13T01:27:18,2024-10-13T06:27:18,6,25338
2024-05-30T16:31:41,2024-05-30T20:31:41,7,38673
2025-06-12T20:58:53,2025-06-12T22:58:53,3,12879
2024-10-16T12:23:57,2024-10-16T17:23:57,6,458
2023-12-31T21:27:35,2024-01-01T04:27:35,10,19397
2025-07-21T16:42:18,2025-07-21T23:42:18,9,46813
2025-03-04T20:31:32,2025-03-05T00:31:32,1,25222
2024-05-05T00:50:21,2024-05-05T05:50:21,10,9603
2024-06-15T11:25:37,,2,49395
2025-06-30T19:19:43,2025-06-30T20:19:43,8,38031
2025-09-15T02:44:17,2025-09-15T05:44:17,3,45923
2023-12-31T09:35:24,2023-12-31T17:35:24,2,6571
2025-01-30T03:27:04,2025-01-30T07:27:04,3,17943
2024-06-27T14:18:32,2024-06-27T22:18:32,7,2941
2025-10-13T15:16:03,2025-10-13T22:16:03,6,40922
2024-02-06T01:12:52,2024-02-06T02:12:52,6,27692
2024-03-23T03:28:04,2024-03-23T06:28:04,5,45563
2024-11-30T14:07:40,2024-11-30T17:07:40,6,8515
2025-04-22T17:12:32,2025-04-23T00:12:32,4,14331
2025-04-04T10:27:02,2025-04-04T14:27:02,10,37853
2023-11-20T00:13:26,2023-11-20T03:13:26,9,30249
2024-02-28T19:37:41,2024-02-28T23:37:41,2,33343
2023-12-10T11:47:56,2023-12-10T15:47:56,3,835
2025-04-18T06:52:01,2025-04-18T09:52:01,7,13952
2025-08-29T14:12:27,,10,36112
2025-04-20T00:10:17,2025-04-20T03:10:17,6,49183
2025-02-06T14:56:31,,3,44593
2025-05-28T03:00:14,,8,17290
2024-12-14T02:17:32,,6,23892
2024-10-04T22:30:17,2024-10-05T06:30:17,2,22119
2024-02-01T19:02:35,2024-02-01T21:02:35,2,29250
2025-07-03T19:46:01,2025-07-04T02:46:01,2,23072
2024-07-03T20:03:57,2024-07-04T00:03:57,8,41605
2024-06-07T17:07:37,2024-06-07T19:07:37,1,25641
2025-03-15T04:31:22,2025-03-15T07:31:22,6,14564
2024-12-11T19:31:18,2024-12-11T21:31:18,2,15852
2025-01-01T06:45:13,,5,27132
2025-01-11T07:15:39,,8,23755
2025-09-15T23:38:32,2025-09-16T01:38:32,9,18917
2025-10-27T07:20:41,2025-10-27T11:20:41,9,31568
2024-04-30T11:43:26,2024-04-30T13:43:26,6,46574
2025-05-08T09:21:04,2025-05-08T17:21:04,6,7603
2023-11-12T21:30:24,2023-11-13T05:30:24,7,47620
2025-05-01T14:37:34,2025-05-01T19:37:34,5,10395
2024-01-21T09:26:58,,5,2485
2024-04-15T02:08:43,,3,29895
2024-05-29T23:06:06,2024-05-30T04:06:06,10,26135
2025-10-09T03:31:04,2025-10-09T08:31:04,2,46754
2024-01-01T03:11:55,2024-01-01T07:11:55,9,47821
2025-08-12T03:22:26,2025-08-12T04:22:26,8,47496
2024-05-13T18:52:11,2024-05-14T02:52:11,6,9363
2024-12-24T02:22:24,,6,4096
2024-02-20T08:36:31,2024-02-20T14:36:31,7,12244
2024-11-22T02:23:36,2024-11-22T03:23:36,10,20433
2025-07-14T23:35:48,2025-07-15T07:35:48,4,49553
2024-08-23T20:10:12,2024-08-24T00:10:12,6,7024
2023-11-11T15:05:06,,9,42931
2024-07-24T06:25:38,2024-07-24T09:25:38,5,14055
2024-06-12T03:50:53,2024-06-12T07:50:53,3,42424
2024-11-06T16:09:21,2024-11-06T20:09:21,2,35633
2025-07-15T08:55:45,2025-07-15T14:55:45,5,27048
2025-01-04T02:36:11,2025-01-04T08:36:11,4,10779
2023-12-22T01:18:06,2023-12-22T04:18:06,1,20902
2024-04-17T15:39:44,2024-04-17T18:39:44,4,20518
2024-10-20T19:47:34,2024-10-20T23:47:34,9,23883
2024-05-21T17:45:22,2024-05-21T18:45:22,9,15570
2024-11-12T15:26:52,2024-11-12T16:26:52,8,7993
2025-08-01T20:49:42,2025-08-01T22:49:42,4,43151
2025-08-15T17:52:28,,5,16917
2024-07-21T19:32:58,2024-07-22T00:32:58,5,15634
2024-09-24T22:16:49,2024-09-25T05:16:49,1,38457
2025-07-18T19:25:44,2025-07-18T20:25:44,4,48496
2025-07-03T10:20:07,2025-07-03T13:20:07,3,18805
2025-02-15T19:48:07,2025-02-16T03:48:07,6,14842
2024-06-04T06:51:08,2024-06-04T11:51:08,1,39667
2024-09-05T10:59:50,2024-09-05T14:59:50,8,2141
2024-08-25T09:00:10,2024-08-25T15:00:10,2,36415
2024-02-17T05:50:56,2024-02-17T09:50:56,6,9574
2024-04-23T02:19:08,2024-04-23T09:19:08,7,28737
2024-02-02T02:28:58,,3,6807
2023-12-01T19:49:48,,5,23806
2025-04-23T14:05:05,,1,6907
2024-04-26T23:02:27,2024-04-27T01:02:27,2,14307
2025-08-07T03:20:55,,8,4276
2024-08-01T13:03:52,2024-08-01T20:03:52,6,40910
2024-01-06T03:57:29,2024-01-06T07:57:29,9,43460
2025-09-11T18:44:44,2025-09-12T01:44:44,5,22144
2024-02-04T21:39:00,,7,35162
2025-02-20T13:07:21,2025-02-20T21:07:21,4,8359
2024-11-15T18:12:36,,9,33528
2024-12-02T01:17:26,2024-12-02T04:17:26,6,13276
2025-01-05T15:52:21,2025-01-05T18:52:21,7,24511
2025-09-24T10:02:51,2025-09-24T18:02:51,8,19016
2025-10-02T07:14:51,,9,20558
2025-08-16T04:11:24,2025-08-16T06:11:24,10,31252
2024-07-05T18:49:26,2024-07-06T02:49:26,4,42934
2024-01-08T18:09:03,2024-01-09T01:09:03,1,2753
2025-02-23T09:59:28,2025-02-23T10:59:28,3,46901
2025-03-14T22:36:42,2025-03-15T06:36:42,2,16687
2023-11-09T09:20:44,2023-11-09T12:20:44,4,292
2024-03-05T11:32:54,2024-03-05T16:32:54,3,6853
2024-11-08T10:43:27,2024-11-08T17:43:27,7,17761
2025-03-06T15:37:08,2025-03-06T22:37:08,4,33985
2025-08-25T05:55:11,2025-08-25T13:55:11,1,4850
2025-04-06T06:42:12,2025-04-06T12:42:12,5,34935
2024-01-11T23:37:10,2024-01-12T04:37:10,7,24934
2024-02-12T11:08:52,2024-02-12T12:08:52,1,4945
2025-02-07T13:59:21,2025-02-07T19:59:21,7,38809
2024-04-18T22:30:13,2024-04-19T04:30:13,10,38166
2024-10-07T12:20:33,2024-10-07T16:20:33,1,14158
2024-03-23T08:50:19,,6,37108
2025-08-05T18:06:39,,9,18133
2024-12-27T15:54:30,,4,35152
2025-07-19T12:21:46,2025-07-19T13:21:46,1,29353
2023-11-13T14:52:54,2023-11-13T16:52:54,1,47347
2025-02-16T15:57:54,2025-02-16T21:57:54,3,28862
2025-03-12T04:12:40,2025-03-12T08:12:40,8,37671
2025-03-27T00:38:19,2025-03-27T08:38:19,4,46821
2024-05-05T03:54:22,2024-05-05T06:54:22,5,39536
2025-10-16T03:59:52,2025-10-16T06:59:52,10,22164
2024-10-08T01:30:31,2024-10-08T05:30:31,5,36005
2025-03-25T23:20:04,2025-03-26T02:20:04,6,6720
2024-12-02T04:06:44,2024-12-02T06:06:44,10,45126
2025-01-08T02:05:11,2025-01-08T07:05:11,7,17878
2024-08-09T19:53:33,2024-08-10T01:53:33,5,19504
2025-09-07T15:46:53,2025-09-07T17:46:53,1,15395
2025-08-04T07:53:00,2025-08-04T14:53:00,3,37715
2023-11-28T06:13:40,2023-11-28T14:13:40,1,41176
2025-10-07T10:19:17,2025-10-07T13:19:17,1,25553
2024-07-28T07:25:32,2024-07-28T12:25:32,3,48563
2024-03-19T04:39:48,2024-03-19T06:39:48,2,15109
2025-10-11T00:50:14,2025-10-11T05:50:14,1,26103
2024-12-14T05:12:17,2024-12-14T09:12:17,2,17345
2024-05-30T05:26:20,2024-05-30T06:26:20,6,7668
2024-01-01T14:37:46,2024-01-01T22:37:46,6,40748
2024-10-14T13:46:13,2024-10-14T17:46:13,10,45303
2025-07-13T10:19:27,,2,23822
2025-10-22T11:51:07,2025-10-22T17:51:07,10,30739
2024-05-06T03:48:52,,1,23072
2025-08-21T11:49:23,2025-08-21T15:49:23,5,23971
2025-03-17T17:35:48,2025-03-17T23:35:48,7,9995
2025-10-06T18:55:53,,10,14960
2024-01-30T23:48:18,2024-01-31T03:48:18,1,35909
2025-01-27T15:41:53,,10,20427
2024-10-28T09:40:06,2024-10-28T13:40:06,5,47977
2023-11-22T20:55:01,2023-11-23T03:55:01,10,46492
2024-06-19T19:56:56,2024-06-20T03:56:56,8,22292
2025-09-01T00:38:52,2025-09-01T06:38:52,8,43997
2025-05-04T12:31:56,2025-05-04T15:31:56,1,29934
2024-12-04T05:45:44,,9,49169
2024-04-14T15:58:13,2024-04-14T18:58:13,1,9166
2024-06-26T20:00:37,2024-06-27T01:00:37,6,47273
2025-02-07T00:25:54,,7,39687
2025-09-29T00:56:55,,2,46082
2024-10-16T05:06:42,2024-10-16T11:06:42,8,3090
2024-09-27T12:09:32,2024-09-27T19:09:32,3,10691
2024-12-27T00:46:27,,8,3251
2025-03-18T15:36:22,,3,40492
2025-01-16T09:45:45,,6,32920
2024-11-11T08:21:17,,9,18561
2025-09-20T04:35:31,2025-09-20T06:35:31,8,18176
2023-11-20T02:35:32,,9,4218
2024-06-19T07:55:12,2024-06-19T10:55:12,9,9995
2025-02-12T19:24:44,2025-02-13T03:24:44,8,3943
2024-01-17T12:16:24,2024-01-17T20:16:24,9,10704
2024-12-24T17:32:11,2024-12-24T20:32:11,3,38207
2025-02-20T03:29:48,2025-02-20T11:29:48,5,6951
2025-10-11T18:31:49,2025-10-11T22:31:49,5,14891
2025-06-06T20:04:00,,4,1978
2025-01-14T17:28:03,2025-01-14T21:28:03,1,15039
2024-06-17T17:10:02,2024-06-17T21:10:02,5,24101
2024-09-25T17:23:22,2024-09-25T23:23:22,5,18660
2025-04-11T08:39:47,2025-04-11T16:39:47,3,26185
2024-06-09T23:17:22,2024-06-10T07:17:22,2,11426
2024-03-19T21:35:15,2024-03-19T23:35:15,1,37705
2024-05-27T04:37:13,2024-05-27T07:37:13,4,24052
2023-11-18T12:36:29,2023-11-18T17:36:29,3,35525
2025-06-26T11:13:59,2025-06-26T18:13:59,7,41230
2025-04-17T00:19:14,2025-04-17T03:19:14,10,7768
2025-02-24T21:00:38,2025-02-24T22:00:38,9,33421
2024-07-24T14:52:44,2024-07-24T17:52:44,4,46160
2025-04-01T17:19:08,2025-04-02T00:19:08,8,43662
2025-04-17T00:10:41,2025-04-17T08:10:41,6,3718
2024-01-28T23:01:09,2024-01-29T01:01:09,7,37426
2025-03-04T18:35:38,2025-03-04T19:35:38,3,14546
2024-06-13T04:01:56,,1,44581
2024-04-08T14:35:48,2024-04-08T15:35:48,1,47937
2024-10-02T19:25:47,2024-10-03T03:25:47,2,42113
2024-01-12T07:19:54,2024-01-12T13:19:54,4,817
2025-06-27T07:15:17,2025-06-27T09:15:17,1,23881
2024-10-23T12:42:02,2024-10-23T20:42:02,6,32796
2025-03-25T13:36:27,2025-03-25T19:36:27,6,14670
2024-01-20T16:32:21,2024-01-20T23:32:21,4,14079
2025-03-12T08:44:31,,1,34947
2024-08-07T08:52:47,2024-08-07T09:52:47,2,22875
2024-02-12T21:48:27,,5,35873
2024-10-29T17:56:39,,9,3430
2024-03-07T22:34:31,2024-03-08T01:34:31,6,23265
2025-01-03T10:39:39,2025-01-03T14:39:39,7,38456
2025-01-23T17:30:54,2025-01-24T00:30:54,1,25510
2025-06-09T12:39:05,2025-06-09T15:39:05,1,833
2024-01-10T01:05:44,,1,42808
2025-06-15T09:42:49,2025-06-15T11:42:49,4,34587
2024-10-31T21:03:58,,9,33423
2024-04-21T05:12:36,,6,27658
2024-07-31T01:41:49,2024-07-31T04:41:49,3,25759
2024-08-07T02:35:03,2024-08-07T07:35:03,3,12417
2024-11-11T21:14:44,2024-11-12T04:14:44,9,47831
2025-02-03T12:37:30,,1,38995
2024-12-29T03:48:24,,9,1153
2025-07-30T17:59:49,2025-07-30T23:59:49,10,17108
2024-01-02T18:05:16,2024-01-02T21:05:16,8,36866
2023-11-10T14:37:09,2023-11-10T15:37:09,2,23200
2024-10-27T11:56:01,2024-10-27T16:56:01,2,30965
2024-12-21T03:09:51,2024-12-21T10:09:51,10,30827
2025-08-06T08:47:30,2025-08-06T15:47:30,10,32814
2024-06-15T20:37:45,,9,20821
2024-10-29T18:28:27,,4,12342
2025-04-02T19:12:25,2025-04-03T02:12:25,9,21227
2024-03-30T07:41:03,2024-03-30T08:41:03,10,8887
2025-05-27T09:56:40,,10,43751
2024-01-11T07:37:11,2024-01-11T08:37:11,7,46744
2025-05-17T00:52:21,2025-05-17T08:52:21,10,1542
2025-04-12T03:22:14,2025-04-12T06:22:14,5,35195
2024-03-28T17:45:59,2024-03-28T20:45:59,1,46361
2025-07-25T17:19:44,2025-07-25T22:19:44,8,8849
2025-05-23T09:04:27,2025-05-23T14:04:27,4,22687
2024-01-03T17:13:18,2024-01-03T19:13:18,3,46754
2025-01-29T16:12:39,,6,1131
2024-04-05T21:54:20,,8,25908
2024-02-15T00:40:49,2024-02-15T01:40:49,3,27583
2025-08-28T19:45:09,2025-08-28T23:45:09,6,10061
2025-03-17T01:28:42,2025-03-17T03:28:42,4,9699
2024-02-01T11:31:24,2024-02-01T16:31:24,10,42070
2024-05-06T05:15:20,2024-05-06T13:15:20,2,46110
2023-11-25T10:10:25,2023-11-25T14:10:25,10,35193
2023-12-25T11:54:26,,8,17614
2025-03-16T03:39:07,2025-03-16T10:39:07,1,38598
2025-01-01T15:28:09,2025-01-01T23:28:09,4,4909
2025-05-16T00:47:54,2025-05-16T05:47:54,2,39212
2025-02-25T15:31:18,2025-02-25T23:31:18,9,43873
2024-10-08T17:01:47,2024-10-08T21:01:47,9,39476
2025-08-22T09:42:06,2025-08-22T12:42:06,10,41926
2024-08-26T04:06:30,2024-08-26T09:06:30,8,22074
2025-04-02T08:09:27,,4,27122
2024-12-02T08:08:06,,9,980
2023-12-12T08:56:21,2023-12-12T15:56:21,7,43172
2024-02-05T22:23:46,2024-02-05T23:23:46,5,45556
2025-06-03T12:25:23,2025-06-03T14:25:23,3,8048
2024-09-02T23:45:06,2024-09-03T00:45:06,7,8310
2024-07-08T04:17:30,2024-07-08T10:17:30,4,496
2024-01-16T05:16:59,,9,33060
2024-02-23T19:54:31,2024-02-23T23:54:31,4,28811
2024-10-02T14:15:14,2024-10-02T21:15:14,8,1332
2025-01-26T06:26:15,2025-01-26T11:26:15,2,1866
2024-06-22T13:12:42,2024-06-22T20:12:42,6,3893
2024-02-16T11:40:49,2024-02-16T17:40:49,9,22090
2024-02-13T17:01:53,2024-02-14T00:01:53,5,11722
2024-04-22T21:13:19,2024-04-23T02:13:19,1,23326
2025-02-18T01:01:48,2025-02-18T08:01:48,4,42792
2025-03-04T13:15:18,,4,35326
2024-04-15T19:14:29,2024-04-15T23:14:29,1,16877
2024-11-19T15:24:50,2024-11-19T18:24:50,10,23944
2025-07-15T11:19:23,2025-07-15T14:19:23,7,26247
2024-01-18T10:01:38,2024-01-18T18:01:38,4,27714
2023-12-06T17:31:48,2023-12-06T21:31:48,10,10666
2024-01-03T15:38:44,2024-01-03T22:38:44,10,184
2025-05-06T12:05:39,2025-05-06T14:05:39,2,26551
2025-03-18T12:34:38,,6,30756
2025-04-28T03:03:22,2025-04-28T10:03:22,2,45238
2025-09-04T19:38:28,2025-09-05T01:38:28,9,659
2025-10-07T09:42:23,,2,2268
2025-10-20T19:27:03,2025-10-20T20:27:03,10,31320
2024-07-10T03:19:50,2024-07-10T11:19:50,7,30766
2024-04-05T17:30:44,2024-04-05T22:30:44,4,9943
2024-03-08T22:26:35,2024-03-09T00:26:35,6,15740
2024-12-08T06:57:57,,10,34445
2024-05-13T17:46:51,2024-05-14T01:46:51,10,37510
2025-04-15T07:28:39,2025-04-15T08:28:39,9,29978
2024-04-07T14:55:27,2024-04-07T22:55:27,10,33727
2024-10-20T09:36:04,2024-10-20T11:36:04,8,14761
2024-10-20T19:31:07,2024-10-21T01:31:07,1,10786
2024-02-13T13:57:29,2024-02-13T19:57:29,4,21624
2025-07-01T13:09:39,2025-07-01T17:09:39,1,29167
2023-12-12T20:34:53,,3,45386
2024-09-02T03:20:45,2024-09-02T06:20:45,2,38841
2024-01-07T07:23:08,2024-01-07T09:23:08,3,32343
2025-06-23T11:02:27,2025-06-23T18:02:27,2,22446
2024-09-03T19:57:43,2024-09-03T23:57:43,1,33169
2025-04-24T01:01:04,2025-04-24T04:01:04,3,8003
2025-04-06T08:00:12,2025-04-06T11:00:12,10,24899
2024-12-04T10:29:22,2024-12-04T17:29:22,6,15798
2025-07-09T08:47:14,2025-07-09T11:47:14,1,48830
2025-07-28T23:23:55,2025-07-29T00:23:55,6,36388
2024-05-08T07:09:49,,6,31897
2025-05-01T13:40:53,2025-05-01T20:40:53,6,44828
2025-01-18T11:05:04,2025-01-18T12:05:04,8,9931
2025-02-01T19:26:52,2025-02-01T22:26:52,2,27917
2024-02-16T16:38:51,,4,30213
2024-07-24T01:26:04,,10,9056
2025-01-17T23:33:41,2025-01-18T03:33:41,6,12202
2025-06-05T10:40:30,2025-06-05T13:40:30,8,16253
2024-11-17T07:19:45,2024-11-17T13:19:45,8,12468
2025-05-04T05:23:06,2025-05-04T09:23:06,8,47636
2025-08-11T06:27:43,2025-08-11T13:27:43,1,7806
2024-09-06T23:02:29,2024-09-07T04:02:29,2,36289
2024-11-28T23:29:20,2024-11-29T05:29:20,2,2545
2024-08-09T13:26:08,,4,7753
2025-07-22T12:52:42,,4,16175
2025-10-11T13:02:30,2025-10-11T21:02:30,3,21094
2024-09-19T13:42:45,2024-09-19T18:42:45,8,41919
2024-05-25T20:55:49,,1,10305
2024-05-25T15:19:33,,4,44045
2024-12-23T15:08:54,2024-12-23T18:08:54,1,27768
2024-02-16T18:39:17,2024-02-17T02:39:17,5,33357
2024-03-13T21:26:10,2024-03-13T22:26:10,5,7849
2025-03-30T21:18:18,2025-03-31T05:18:18,4,49977
2024-10-10T15:11:16,2024-10-10T17:11:16,4,31973
2025-09-19T06:49:52,2025-09-19T09:49:52,8,19916
2024-11-08T15:13:12,2024-11-08T17:13:12,8,22504
2025-06-11T23:22:49,2025-06-12T06:22:49,6,9550
2025-07-02T23:43:18,,1,27761
2025-03-12T20:46:41,2025-03-13T00:46:41,2,42987
2024-06-22T21:23:29,2024-06-23T05:23:29,4,702
2024-06-27T00:03:16,2024-06-27T07:03:16,8,26114
2024-02-27T00:24:42,,3,5519
2024-06-29T14:40:05,2024-06-29T18:40:05,6,10720
2024-05-09T12:24:50,,5,22501
2023-11-27T17:47:29,,8,4485
2024-10-05T08:58:40,2024-10-05T13:58:40,1,3537
2025-07-18T15:18:35,2025-07-18T20:18:35,3,40311
2025-04-05T18:28:30,2025-04-06T00:28:30,8,7923
2024-08-07T14:44:44,2024-08-07T22:44:44,1,14683
2025-01-14T05:50:58,2025-01-14T10:50:58,3,11888
2023-12-17T11:48:27,,4,30214
2024-02-28T10:28:45,2024-02-28T16:28:45,7,36413
2024-01-23T14:10:03,2024-01-23T16:10:03,9,16377
2025-02-07T14:45:29,2025-02-07T16:45:29,10,34606
2024-05-04T13:34:09,2024-05-04T17:34:09,1,37031
2024-03-08T15:05:26,2024-03-08T17:05:26,8,13781
2024-09-29T02:53:57,2024-09-29T06:53:57,1,1405
2024-02-14T13:33:04,2024-02-14T15:33:04,2,7799
2025-02-04T16:10:23,2025-02-04T17:10:23,8,8679
2024-06-17T14:55:43,,1,19449
2024-10-27T13:12:54,2024-10-27T16:12:54,3,25920
2024-05-20T20:45:20,2024-05-21T01:45:20,3,10563
2024-11-19T08:56:55,2024-11-19T11:56:55,2,33348
2025-05-21T02:26:36,2025-05-21T06:26:36,7,40635
2024-01-01T00:42:19,2024-01-01T08:42:19,4,32777
2025-09-12T01:50:37,2025-09-12T07:50:37,2,6707
2025-06-03T08:19:30,2025-06-03T10:19:30,6,14847
2025-05-07T11:37:31,2025-05-07T16:37:31,8,2873
2024-02-15T14:05:43,,4,14233
2024-02-19T18:31:46,2024-02-19T23:31:46,5,10841
2024-07-23T06:15:30,2024-07-23T11:15:30,9,48533
2023-12-06T22:07:47,2023-12-07T04:07:47,6,48607
2025-07-26T17:16:13,2025-07-26T22:16:13,6,32281
2025-10-29T15:42:08,2025-10-29T17:42:08,4,14829
2024-05-31T05:35:50,2024-05-31T09:35:50,7,36713
2024-01-23T15:19:58,2024-01-23T21:19:58,6,20302
2024-06-27T17:31:27,2024-06-27T19:31:27,9,30527
2024-11-03T16:31:53,,8,49367
2024-09-24T06:16:58,2024-09-24T14:16:58,8,24326
2024-08-21T20:44:45,,8,19825
2023-12-13T09:41:40,2023-12-13T10:41:40,3,28440
2025-08-16T06:25:51,,1,8389
2024-05-03T15:32:29,2024-05-03T20:32:29,1,42879
2024-12-18T13:15:44,2024-12-18T16:15:44,5,1194
2025-02-21T20:19:21,2025-02-22T04:19:21,4,48851
2024-02-25T08:31:37,,7,29925
2024-05-19T05:25:08,2024-05-19T06:25:08,6,40541
2024-07-12T00:48:43,,3,17793
2024-05-04T05:23:31,2024-05-04T08:23:31,10,20674
2024-04-17T08:38:19,,9,32752
2025-02-15T05:25:30,2025-02-15T10:25:30,5,35550
2025-02-16T22:34:05,,3,26653
2024-11-17T01:44:10,2024-11-17T03:44:10,2,24482
2024-03-03T08:44:00,2024-03-03T09:44:00,9,31963
2024-02-23T23:25:38,2024-02-24T05:25:38,1,16105
2025-03-22T03:18:37,2025-03-22T08:18:37,5,26246
2025-09-01T09:30:11,2025-09-01T16:30:11,10,44963
2025-07-03T12:38:50,2025-07-03T14:38:50,1,32613
2024-12-21T08:10:57,2024-12-21T12:10:57,5,29522
2025-01-15T09:39:49,2025-01-15T16:39:49,3,42204
2025-07-03T19:06:12,2025-07-04T03:06:12,8,24989
2025-10-25T05:37:41,2025-10-25T13:37:41,9,21821
2024-08-22T13:21:24,,5,37750
2024-11-18T12:34:32,2024-11-18T16:34:32,7,37787
2024-11-22T17:43:26,2024-11-22T20:43:26,1,32355
2024-03-21T15:46:11,,5,5173
2025-03-04T06:24:08,2025-03-04T10:24:08,6,7862
2025-10-23T01:30:47,2025-10-23T06:30:47,7,36793
2024-04-17T09:51:00,2024-04-17T13:51:00,3,12568
2025-03-13T10:25:19,,10,15141
2025-01-20T14:11:15,2025-01-20T21:11:15,1,21223
2024-07-09T07:03:27,2024-07-09T08:03:27,3,28110
2024-10-19T16:47:28,2024-10-20T00:47:28,9,4555
2024-08-23T22:05:08,2024-08-24T04:05:08,4,10994
2025-05-14T01:46:44,2025-05-14T07:46:44,10,487
2024-02-27T08:14:35,2024-02-27T14:14:35,9,19898
2024-04-07T15:17:10,2024-04-07T18:17:10,8,26873
2025-02-12T12:09:40,,8,9578
2024-06-18T23:41:37,,10,49990
2025-11-02T12:10:52,2025-11-02T15:10:52,9,28564
2024-09-01T08:50:03,2024-09-01T12:50:03,2,38549
2024-11-15T19:01:58,2024-11-16T02:01:58,8,39193
2025-08-27T02:57:12,2025-08-27T04:57:12,7,9762
2024-09-05T04:06:25,2024-09-05T11:06:25,5,5005
2024-09-07T19:49:15,,4,39361
2024-07-05T17:57:16,2024-07-05T19:57:16,2,7405
2025-01-04T23:18:07,2025-01-05T02:18:07,6,21175
2025-01-02T14:10:48,2025-01-02T16:10:48,5,162
2024-06-24T02:51:13,2024-06-24T03:51:13,8,25971
2025-10-10T10:42:15,2025-10-10T13:42:15,8,39114
2024-08-31T05:12:13,,8,22795
2024-05-01T11:52:56,,6,27940
2024-02-22T08:30:56,,2,48468
2024-09-09T17:30:20,2024-09-09T22:30:20,7,6825
2024-03-08T20:10:55,2024-03-09T01:10:55,9,23371
2025-09-29T20:30:40,2025-09-30T04:30:40,10,35873
2025-10-10T15:31:32,,10,3655
2025-07-16T12:47:39,2025-07-16T13:47:39,3,7964
2025-06-14T21:22:09,2025-06-15T01:22:09,5,33798
2024-03-19T16:53:04,2024-03-19T20:53:04,5,9475
2025-08-27T19:10:52,,6,46132
2024-11-25T08:55:29,2024-11-25T10:55:29,10,38776
2024-05-24T10:22:29,2024-05-24T16:22:29,8,29038
2025-10-25T02:55:20,2025-10-25T08:55:20,1,12060
2024-10-07T19:46:01,,8,25008
2023-12-08T22:17:55,2023-12-09T01:17:55,10,35977
2024-10-19T00:46:00,2024-10-19T01:46:00,4,1577
2024-03-31T11:38:33,2024-03-31T13:38:33,3,44424
2023-12-24T17:18:00,2023-12-25T01:18:00,9,14874
2024-06-02T10:19:13,,4,20404
2025-07-24T19:41:51,2025-07-24T21:41:51,2,44234
2023-12-09T18:28:45,2023-12-10T00:28:45,7,2849
2025-07-06T21:11:12,2025-07-07T03:11:12,4,32858
2025-09-04T11:14:27,,2,7938
2023-11-26T23:58:05,2023-11-27T04:58:05,2,7950
2025-11-03T15:52:30,2025-11-03T21:52:30,3,34725
2025-06-20T05:17:39,2025-06-20T08:17:39,8,15077
2023-12-29T23:18:04,2023-12-30T01:18:04,4,32330
2025-08-24T21:43:00,,4,14772
2025-06-12T14:07:34,2025-06-12T19:07:34,7,32852
2024-05-06T20:04:43,,5,16055
2025-08-19T12:56:31,2025-08-19T14:56:31,9,422
2024-04-10T08:03:39,2024-04-10T11:03:39,6,14871
2023-11-16T00:45:28,,7,1923
2024-04-09T07:55:08,2024-04-09T10:55:08,3,12906
2025-03-14T19:17:14,2025-03-14T23:17:14,5,45147
2025-06-10T20:32:49,2025-06-11T01:32:49,9,33964
2024-07-25T17:11:48,2024-07-25T23:11:48,6,36963
2024-05-22T23:08:36,,8,14973
2024-12-22T16:27:02,2024-12-22T21:27:02,8,42153
2025-01-18T21:16:50,2025-01-18T23:16:50,7,11666
2025-09-14T04:24:02,2025-09-14T08:24:02,10,21794
2025-06-20T04:25:03,2025-06-20T07:25:03,10,31937
2025-10-02T12:42:19,2025-10-02T17:42:19,5,36484
2023-12-19T21:19:41,,7,4236
2025-02-18T19:35:22,2025-02-18T23:35:22,1,2094
2024-10-09T22:06:56,2024-10-10T03:06:56,3,27941
2025-03-07T01:07:49,2025-03-07T08:07:49,8,22716
2025-03-14T00:34:46,2025-03-14T01:34:46,2,37163
2025-08-01T10:18:27,2025-08-01T12:18:27,1,27673
2025-10-14T15:28:45,,6,42642
2024-10-13T05:06:49,,3,44246
2025-08-07T09:57:29,,2,31638
2024-12-29T05:27:52,2024-12-29T12:27:52,10,44961
2025-03-14T20:46:05,2025-03-14T23:46:05,1,36262
2025-04-15T12:16:24,,8,34025
2025-08-01T10:27:16,2025-08-01T12:27:16,7,47359
2024-06-05T21:12:58,2024-06-06T02:12:58,8,25364
2024-06-05T15:46:59,2024-06-05T19:46:59,9,12893
2025-04-16T18:03:30,2025-04-16T20:03:30,6,37148
2025-06-26T23:43:20,2025-06-27T06:43:20,9,23038
2025-05-01T10:15:35,2025-05-01T11:15:35,8,39880
2024-08-03T18:50:48,,8,8763
2025-06-06T11:00:27,2025-06-06T13:00:27,4,40978
2025-03-09T18:47:40,2025-03-09T21:47:40,7,12229
2023-11-20T20:48:47,,7,26016
2024-06-22T19:59:49,2024-06-22T23:59:49,1,37682
2025-09-03T21:20:28,2025-09-04T00:20:28,10,25291
2024-11-18T12:36:27,2024-11-18T15:36:27,4,15610
2024-07-03T06:26:01,2024-07-03T09:26:01,2,24972
2024-01-03T17:16:34,2024-01-03T23:16:34,4,30392
2025-06-03T22:34:57,2025-06-04T00:34:57,8,44895
2024-03-28T22:39:08,2024-03-29T02:39:08,10,36327
2024-08-16T17:59:57,,5,38223
2025-08-07T16:13:24,2025-08-07T21:13:24,4,36737
2024-11-11T05:21:12,,2,39835
2024-03-23T05:13:00,2024-03-23T06:13:00,10,25939
2025-01-22T16:32:09,2025-01-22T19:32:09,7,46607
2024-01-24T20:05:14,,9,34805
2024-02-12T22:29:33,2024-02-13T05:29:33,8,49144
2025-04-29T23:22:05,2025-04-30T02:22:05,5,711
2023-11-23T09:30:19,2023-11-23T14:30:19,3,20879
2024-06-22T06:45:25,,2,18502
2024-04-16T23:17:14,,5,33267
2024-03-17T00:05:16,2024-03-17T07:05:16,1,40212
2025-10-29T17:52:55,,2,10591
2025-02-16T16:06:14,2025-02-16T23:06:14,7,30899
2024-04-16T05:25:50,2024-04-16T07:25:50,6,41326
2024-11-18T00:57:38,,6,28848
2025-05-15T08:41:15,,2,35753
2024-08-13T07:30:26,2024-08-13T15:30:26,1,28111
2024-10-03T07:11:20,2024-10-03T10:11:20,2,40361
2025-04-16T19:16:14,,6,39812
2024-11-12T10:12:59,2024-11-12T15:12:59,9,33383
2024-12-24T19:37:57,2024-12-25T03:37:57,2,21484
2025-07-18T11:53:35,2025-07-18T19:53:35,2,38005
2024-03-22T23:29:47,,3,43864
2024-12-11T13:33:59,,2,29377
2023-12-13T18:20:02,2023-12-13T23:20:02,6,32041
2025-01-23T06:16:50,2025-01-23T07:16:50,3,1144
2024-06-19T17:51:58,2024-06-20T00:51:58,3,16979
2024-02-15T09:53:22,2024-02-15T15:53:22,1,28791
2024-12-17T13:27:35,2024-12-17T20:27:35,3,18927
2025-08-18T12:26:34,2025-08-18T17:26:34,10,28672
2025-06-30T11:14:16,2025-06-30T12:14:16,5,7129
2024-10-23T01:04:50,,6,14570
2025-07-08T00:03:00,2025-07-08T01:03:00,10,34603
2024-03-01T20:35:30,2024-03-02T03:35:30,6,44677
2024-07-05T23:57:17,2024-07-06T04:57:17,8,31689
2025-02-09T01:08:09,,4,9971
2023-12-31T10:57:44,,8,10051
2024-02-06T06:49:32,2024-02-06T09:49:32,10,26703
2024-04-16T01:56:04,2024-04-16T02:56:04,5,35415
2025-07-30T20:46:57,2025-07-30T21:46:57,10,25661
2024-12-08T19:25:24,2024-12-08T20:25:24,7,12803
2024-10-19T00:45:58,2024-10-19T04:45:58,5,11254
2025-06-12T15:20:32,2025-06-12T22:20:32,5,18999
2025-04-08T03:14:45,2025-04-08T05:14:45,6,11754
2025-06-23T16:03:18,,4,18437
2025-06-16T23:49:18,2025-06-17T04:49:18,6,49572
2023-11-15T23:07:59,,1,11680
2025-09-26T14:59:39,,1,4174
2024-06-27T21:11:50,,2,37349
2023-12-26T10:09:03,2023-12-26T12:09:03,2,5966
2024-09-27T08:30:12,2024-09-27T10:30:12,6,25555
2024-03-25T13:16:59,2024-03-25T15:16:59,2,10226
2024-02-10T15:15:41,2024-02-10T18:15:41,7,6189
2025-09-14T18:27:23,2025-09-15T00:27:23,1,47085
2025-09-07T15:49:06,2025-09-07T21:49:06,7,11339
2025-10-23T20:18:43,2025-10-24T00:18:43,10,38654
2023-11-07T15:16:32,2023-11-07T21:16:32,7,35616
2024-10-26T06:52:56,2024-10-26T12:52:56,1,1475
2024-07-29T18:20:01,2024-07-30T01:20:01,5,47749
2024-05-19T06:19:37,2024-05-19T10:19:37,2,12409
2025-10-13T13:07:21,2025-10-13T21:07:21,5,31842
2025-06-30T00:38:08,2025-06-30T01:38:08,10,340
2023-11-23T02:34:47,2023-11-23T09:34:47,7,36785
2025-06-01T05:33:41,2025-06-01T06:33:41,2,11108
2025-10-06T00:28:28,2025-10-06T04:28:28,7,46380
2025-07-17T14:23:15,,6,48783
2024-04-26T18:46:17,,10,29612
2024-03-05T11:21:09,2024-03-05T15:21:09,10,41913
2024-04-03T01:52:16,2024-04-03T03:52:16,10,1867
2025-08-31T18:17:30,,8,20371
2025-02-21T13:01:53,2025-02-21T16:01:53,4,32290
2025-08-09T04:51:01,2025-08-09T09:51:01,5,17166
2024-02-12T13:38:50,2024-02-12T20:38:50,5,10679
2024-12-30T22:15:19,2024-12-30T23:15:19,2,32373
2025-07-02T19:37:45,2025-07-03T03:37:45,6,12105
2023-12-18T06:51:14,2023-12-18T08:51:14,9,7291
2024-11-13T05:32:31,2024-11-13T07:32:31,5,4751
2024-01-07T14:43:31,,7,30805
2024-11-28T09:10:30,2024-11-28T12:10:30,4,4131
2024-12-23T11:28:47,2024-12-23T15:28:47,8,33766
2025-04-23T15:29:03,,3,4179
2024-11-13T07:56:07,2024-11-13T08:56:07,8,17153
2025-06-05T17:02:12,,9,43380
2024-05-08T18:31:06,2024-05-08T19:31:06,7,45352
2023-12-07T12:21:37,2023-12-07T17:21:37,8,7730
2025-08-10T13:53:49,2025-08-10T14:53:49,3,5690
2024-04-16T13:26:08,2024-04-16T19:26:08,10,9116
2025-04-03T20:57:29,2025-04-03T22:57:29,1,39201
2024-02-14T03:09:06,2024-02-14T06:09:06,4,42854
2024-08-04T10:00:31,2024-08-04T17:00:31,3,24005
2024-01-17T22:17:46,2024-01-18T05:17:46,7,21415
2025-02-28T10:28:39,2025-02-28T18:28:39,3,2441
2025-03-11T09:14:34,2025-03-11T13:14:34,9,1962
2025-04-14T07:54:26,,9,45423
2024-03-07T16:06:11,2024-03-07T22:06:11,5,11323
2024-09-08T01:38:53,2024-09-08T09:38:53,3,48153
2024-12-07T17:12:33,,1,49369
2023-12-17T14:56:15,2023-12-17T21:56:15,9,5183
2024-11-20T18:00:16,2024-11-21T00:00:16,3,39545
2025-06-01T20:07:42,2025-06-01T23:07:42,2,15534
2023-11-26T03:11:20,,9,11367
2025-04-23T22:20:32,,9,19815
2025-10-03T06:53:17,,3,3322
2024-07-19T04:18:16,2024-07-19T07:18:16,6,36769
2025-01-07T13:02:20,2025-01-07T15:02:20,6,12942
2024-08-23T09:12:07,2024-08-23T11:12:07,9,16996
2025-02-07T14:30:56,2025-02-07T19:30:56,9,45113
2024-08-27T10:00:28,2024-08-27T16:00:28,1,23077
2024-01-17T02:33:08,2024-01-17T07:33:08,10,39498
2025-05-14T16:19:51,2025-05-14T21:19:51,5,8461
2024-11-09T18:07:18,2024-11-10T00:07:18,10,21269
2025-03-27T03:35:10,2025-03-27T09:35:10,5,47271
2025-09-28T20:35:05,,9,34985
2024-03-03T11:44:02,2024-03-03T17:44:02,7,8893
2025-04-20T19:20:20,,9,46110
2025-05-05T08:42:21,2025-05-05T13:42:21,6,45716
2024-03-05T04:58:23,,2,3134
2024-06-05T15:22:31,2024-06-05T22:22:31,6,32992
2024-01-06T14:37:21,2024-01-06T19:37:21,8,25092
2024-04-11T20:56:49,,6,43294
2024-12-21T05:37:18,2024-12-21T12:37:18,3,35276
2024-09-27T11:56:37,2024-09-27T14:56:37,6,4877
2024-05-12T16:04:33,2024-05-13T00:04:33,1,15157
2025-01-05T04:38:55,2025-01-05T10:38:55,1,37475
2024-01-08T03:44:36,2024-01-08T08:44:36,6,47038
2024-01-02T09:40:13,,10,4451
2024-12-10T08:50:33,2024-12-10T16:50:33,1,1193
2025-04-09T14:05:58,2025-04-09T19:05:58,5,29281
2025-08-05T21:00:34,2025-08-06T03:00:34,9,17925
2025-08-13T01:26:53,2025-08-13T04:26:53,5,15685
2025-02-19T04:51:03,,9,46929
2024-08-24T01:23:06,2024-08-24T03:23:06,2,32013
2025-03-11T21:39:59,,3,31403
2023-12-13T10:36:51,2023-12-13T12:36:51,10,5027
2024-01-14T19:10:13,2024-01-15T00:10:13,6,4653
2025-03-14T07:12:45,2025-03-14T14:12:45,4,37191
2024-04-23T13:05:54,2024-04-23T19:05:54,5,39046
2024-02-26T00:17:12,2024-02-26T02:17:12,9,42147
2024-01-26T14:29:33,2024-01-26T16:29:33,4,1081
2025-06-15T04:08:18,2025-06-15T12:08:18,7,24798
2024-04-11T19:53:26,2024-04-12T00:53:26,2,39127
2024-09-17T21:32:08,2024-09-18T00:32:08,10,49870
2024-09-27T15:55:51,2024-09-27T19:55:51,8,36544
2024-08-21T19:30:44,,2,16330
2024-01-13T09:23:43,2024-01-13T13:23:43,6,22245
2025-07-27T10:02:23,2025-07-27T15:02:23,5,34130
2025-03-10T20:12:26,,10,34862
2025-08-06T16:28:26,2025-08-06T20:28:26,2,9913
2024-01-11T22:45:30,2024-01-12T04:45:30,2,26268
2023-11-18T16:07:56,2023-11-18T19:07:56,4,44443
2024-11-17T04:08:52,2024-11-17T10:08:52,3,24657
2024-11-17T20:06:49,2024-11-18T02:06:49,2,15283
2025-07-24T10:44:49,,1,34968
2025-09-21T16:15:01,2025-09-21T17:15:01,9,40722
2024-04-17T18:53:00,2024-04-18T01:53:00,4,42393
2024-08-25T07:27:14,,4,24584
2025-07-27T14:08:05,2025-07-27T15:08:05,8,40612
2024-05-13T08:10:17,2024-05-13T11:10:17,4,7918
2025-02-06T23:04:25,2025-02-07T07:04:25,6,32245
2025-05-04T23:47:08,,8,49834
2023-11-16T00:43:41,2023-11-16T04:43:41,7,24739
2023-11-08T03:09:01,2023-11-08T05:09:01,3,7701
2024-09-29T10:30:53,2024-09-29T15:30:53,10,8909
2025-01-30T13:46:27,2025-01-30T16:46:27,6,6346
2025-02-22T23:06:07,2025-02-23T05:06:07,6,32575
2025-10-25T10:24:33,2025-10-25T15:24:33,5,6301
2025-10-03T08:52:46,2025-10-03T11:52:46,2,49420
2025-01-14T05:35:18,2025-01-14T06:35:18,5,10487
2024-10-26T11:02:01,2024-10-26T16:02:01,2,2764
2024-09-13T18:51:14,2024-09-13T21:51:14,9,21635
2024-08-12T06:44:14,2024-08-12T12:44:14,9,8253
2024-12-25T06:51:45,2024-12-25T11:51:45,6,49281
2024-10-14T00:35:08,2024-10-14T01:35:08,1,26680
2025-02-02T00:46:47,2025-02-02T02:46:47,8,5373
2024-02-07T06:10:02,,3,6201
2024-05-10T09:25:02,2024-05-10T14:25:02,4,34990
2024-06-27T20:07:21,2024-06-28T02:07:21,3,32968
2024-08-27T03:27:46,2024-08-27T04:27:46,3,14262
2025-09-07T14:22:01,2025-09-07T16:22:01,9,34822
2025-01-25T17:16:30,2025-01-25T20:16:30,3,33693
2024-08-18T15:39:10,2024-08-18T23:39:10,1,31868
2024-05-02T08:18:01,2024-05-02T13:18:01,7,48541
2024-03-04T02:48:44,2024-03-04T06:48:44,1,34802
2025-04-19T03:51:57,2025-04-19T10:51:57,9,14328
2024-05-21T18:46:03,2024-05-22T00:46:03,6,594
2025-02-13T16:24:48,2025-02-13T22:24:48,3,16630
2024-04-01T07:37:30,2024-04-01T11:37:30,9,20903
2024-12-29T23:22:16,2024-12-30T01:22:16,10,43203
2025-05-22T13:41:43,2025-05-22T18:41:43,8,45777
2024-03-30T15:13:54,2024-03-30T23:13:54,5,40564
2025-08-04T12:59:33,,10,19473
2025-07-13T02:18:54,2025-07-13T05:18:54,3,10757
2024-06-11T13:18:00,2024-06-11T15:18:00,6,24198
2024-07-27T05:00:23,2024-07-27T13:00:23,10,4091
2025-10-16T17:55:52,,3,30454
2024-10-26T01:08:12,2024-10-26T08:08:12,1,48363
2023-12-23T11:22:21,2023-12-23T18:22:21,1,21661
2025-07-03T10:37:10,,2,17376
2025-03-02T06:15:44,2025-03-02T13:15:44,10,42693
2024-04-19T10:16:15,,6,19869
2025-02-06T17:27:21,2025-02-06T20:27:21,2,45542
2025-10-21T11:55:45,2025-10-21T15:55:45,2,40408
2023-12-03T08:10:48,2023-12-03T12:10:48,10,3827
2025-01-17T15:22:51,2025-01-17T19:22:51,10,3836
2025-04-26T03:56:05,2025-04-26T04:56:05,9,25828
2025-07-02T15:45:02,2025-07-02T19:45:02,10,10540
2025-07-06T08:44:53,,7,30057
2025-06-12T05:17:46,2025-06-12T07:17:46,5,2662
2024-06-11T14:14:10,2024-06-11T21:14:10,3,3715
2025-09-02T18:55:28,,3,38416
2024-02-07T00:39:06,2024-02-07T07:39:06,7,3859
2025-01-25T02:57:41,,2,14026
2024-06-05T03:00:29,,1,21381
2024-07-07T02:32:48,,9,21683
2024-10-24T04:16:41,2024-10-24T06:16:41,7,36043
2025-05-27T23:10:09,2025-05-28T07:10:09,5,38467
2025-05-31T14:55:01,2025-05-31T22:55:01,4,21462
2024-06-09T09:39:54,,9,19700
2024-05-13T18:09:27,2024-05-14T01:09:27,2,30944
2024-03-11T13:43:14,2024-03-11T18:43:14,2,11390
2024-10-14T10:22:14,2024-10-14T16:22:14,6,19539
2025-11-01T02:49:07,2025-11-01T08:49:07,7,25070
2024-11-28T20:47:50,2024-11-29T03:47:50,8,29072
2025-02-15T21:47:27,2025-02-16T02:47:27,1,9286
2024-08-28T13:38:02,,6,36482
2025-08-17T08:04:36,2025-08-17T09:04:36,3,32134
2024-11-08T03:48:25,2024-11-08T04:48:25,1,23651
2025-05-20T04:42:11,2025-05-20T12:42:11,5,3455
2025-06-06T13:38:23,2025-06-06T16:38:23,5,8843
2025-10-28T01:22:55,,9,33096
2025-07-09T05:46:50,2025-07-09T13:46:50,6,12450
2024-10-15T20:28:27,2024-10-15T23:28:27,3,49005
2024-12-23T01:32:38,,9,4301
2025-05-10T16:28:23,2025-05-11T00:28:23,7,14283
2024-11-20T14:03:33,2024-11-20T19:03:33,9,12719
2024-12-09T19:27:18,2024-12-09T22:27:18,5,3423
2024-06-17T15:05:17,2024-06-17T17:05:17,10,31276
2025-07-10T14:51:24,2025-07-10T18:51:24,1,22009
2024-06-24T07:47:52,2024-06-24T14:47:52,3,29124
2025-03-05T20:10:20,2025-03-05T21:10:20,3,2721
2025-10-25T16:54:05,2025-10-25T20:54:05,6,13176
2025-04-08T17:46:19,2025-04-08T20:46:19,5,746
2025-03-17T03:52:44,2025-03-17T08:52:44,3,14590
2024-02-04T21:52:23,2024-02-04T23:52:23,5,9858
2024-10-17T21:26:25,,8,47109
2024-09-22T13:49:49,,4,12378
2024-09-14T10:41:02,2024-09-14T13:41:02,10,1378
2025-02-12T22:33:54,2025-02-13T03:33:54,4,4303
2024-12-31T23:15:34,2025-01-01T00:15:34,3,5216
2025-10-13T14:16:44,2025-10-13T18:16:44,8,41791
2025-10-05T15:50:56,,7,31148
2024-07-20T07:59:15,,1,20165
2025-01-13T15:40:33,2025-01-13T18:40:33,4,19887
2024-05-19T09:22:40,2024-05-19T14:22:40,3,11236
2023-11-22T09:56:11,2023-11-22T11:56:11,6,545
2025-07-19T03:19:34,2025-07-19T06:19:34,4,3993
2025-11-02T18:39:31,2025-11-02T22:39:31,7,7180
2024-09-22T20:23:06,2024-09-23T04:23:06,8,36651
2025-07-05T19:58:40,2025-07-06T00:58:40,6,4600
2024-02-12T05:10:28,,6,422
2023-11-07T16:36:33,2023-11-07T23:36:33,6,5079
2024-10-14T10:58:10,2024-10-14T13:58:10,7,24182
2025-02-10T18:38:43,2025-02-10T20:38:43,8,17126
2025-05-22T13:44:38,2025-05-22T15:44:38,8,17388
2025-08-21T03:05:09,2025-08-21T08:05:09,1,48740
2024-05-29T02:01:56,2024-05-29T07:01:56,1,47090
2025-04-30T06:50:16,2025-04-30T09:50:16,3,11252
2025-10-10T05:06:27,2025-10-10T10:06:27,8,20490
2025-01-13T18:33:51,2025-01-13T23:33:51,6,49125
2025-10-28T15:42:57,,5,39699
2025-01-07T15:01:14,2025-01-07T19:01:14,2,3808
2024-06-25T14:53:01,2024-06-25T15:53:01,10,31012
2023-12-30T07:29:52,2023-12-30T11:29:52,2,37586
2024-04-05T05:30:48,2024-04-05T07:30:48,8,22716
2025-01-09T09:32:23,,1,33058
2025-05-12T00:34:30,,9,6431
2024-03-20T04:35:32,2024-03-20T09:35:32,4,33986
2024-11-08T21:37:25,2024-11-08T22:37:25,1,35412
2024-01-03T18:22:37,,10,34128
2024-01-02T21:44:47,,4,12156
2025-07-09T14:08:02,2025-07-09T17:08:02,3,2582
2024-12-19T14:21:04,2024-12-19T21:21:04,6,30749
2024-06-04T04:34:09,2024-06-04T08:34:09,4,24464
2024-02-24T11:03:19,2024-02-24T16:03:19,2,28001
2024-01-15T01:53:22,2024-01-15T07:53:22,4,49088
2024-11-19T02:18:12,2024-11-19T07:18:12,10,22506
2024-08-28T20:56:39,2024-08-28T22:56:39,4,19025
2024-05-11T11:51:26,2024-05-11T13:51:26,6,10947
2025-09-13T19:21:01,2025-09-13T22:21:01,8,40762
2024-03-05T05:56:59,,9,36968
2025-07-15T22:22:25,2025-07-16T02:22:25,6,28147
2024-05-11T04:14:21,2024-05-11T10:14:21,2,19582
2024-11-06T11:45:38,2024-11-06T17:45:38,7,36716
2024-02-03T07:15:06,,1,47106
2024-08-13T13:41:49,,2,23229
2025-09-19T17:12:54,2025-09-20T01:12:54,7,39796
2025-07-05T21:48:25,2025-07-06T03:48:25,3,34351
2024-01-06T07:11:32,,8,2080
2024-11-06T15:22:00,2024-11-06T20:22:00,9,2030
2024-11-03T06:03:52,2024-11-03T08:03:52,10,27442
2024-09-08T00:22:17,2024-09-08T05:22:17,9,5920
2023-12-15T11:24:01,2023-12-15T19:24:01,3,26907
2024-05-31T06:50:34,2024-05-31T14:50:34,1,25890
2024-09-02T20:01:16,2024-09-02T23:01:16,3,14503
2023-12-09T14:08:19,2023-12-09T22:08:19,5,16577
2025-07-06T11:12:17,2025-07-06T19:12:17,4,43854
2025-02-19T02:12:13,2025-02-19T10:12:13,2,22331
2023-11-14T09:35:07,2023-11-14T16:35:07,2,24825
2024-11-16T12:42:17,2024-11-16T20:42:17,1,24748
2024-11-14T17:49:31,,10,49512
2024-07-13T10:37:37,2024-07-13T12:37:37,9,33847
2025-01-15T00:50:40,2025-01-15T02:50:40,9,39754
2024-06-08T13:34:47,2024-06-08T19:34:47,7,34896
2025-05-03T05:39:55,2025-05-03T13:39:55,6,18172
2025-05-23T00:05:15,2025-05-23T06:05:15,6,44224
2025-06-16T10:03:04,2025-06-16T14:03:04,5,45222
2025-07-24T09:19:43,2025-07-24T12:19:43,1,941
2024-08-27T03:59:34,2024-08-27T07:59:34,4,46050
2025-11-02T11:39:38,2025-11-02T14:39:38,2,38391
2025-07-23T14:32:17,,5,28131
2025-05-12T05:26:36,2025-05-12T08:26:36,4,18298
2025-07-02T14:23:08,2025-07-02T19:23:08,7,32708
2025-01-29T04:07:54,2025-01-29T08:07:54,2,26768
2024-07-22T16:51:14,2024-07-22T19:51:14,7,6070
2024-06-24T00:47:22,2024-06-24T01:47:22,10,18431
2025-08-13T07:00:17,,7,2851
2024-01-27T13:23:06,2024-01-27T15:23:06,7,1890
2023-12-10T01:40:54,2023-12-10T04:40:54,1,26886
2024-02-21T07:31:04,2024-02-21T15:31:04,4,27910
2025-01-22T01:02:33,,1,41200
2024-03-16T17:54:20,2024-03-16T21:54:20,2,41790
2024-04-25T00:43:27,2024-04-25T04:43:27,7,11770
2024-05-10T18:36:24,2024-05-10T19:36:24,4,20104
2025-07-05T11:55:28,,2,26595
2025-02-25T06:18:33,2025-02-25T07:18:33,5,32138
2024-05-28T01:00:04,,1,22448
2025-10-03T11:14:59,,4,40566
2024-04-13T09:58:47,2024-04-13T13:58:47,2,47918
2024-06-02T12:29:38,2024-06-02T18:29:38,4,49642
2023-12-21T15:13:18,,6,42723
2025-05-17T12:43:47,,5,3082
2025-07-15T10:33:28,2025-07-15T14:33:28,8,25658
2024-12-18T05:32:31,2024-12-18T11:32:31,9,28660
2025-05-11T22:21:24,2025-05-12T05:21:24,3,14404
2024-03-29T09:25:12,,7,3415
2025-10-19T22:23:24,2025-10-20T05:23:24,5,43278
2025-10-20T23:01:52,,1,32479
2024-09-13T23:17:31,2024-09-14T06:17:31,10,4847
2024-04-11T21:28:14,2024-04-12T00:28:14,3,25511
2024-08-01T16:18:39,2024-08-01T18:18:39,10,23112
2023-11-28T10:52:31,,3,34387
2023-12-07T06:23:18,2023-12-07T09:23:18,1,15500
2024-07-15T09:33:05,2024-07-15T13:33:05,2,26040
2023-12-09T22:19:28,2023-12-10T06:19:28,8,43286
2025-04-17T12:15:33,,2,11119
2023-12-20T05:03:56,2023-12-20T10:03:56,2,39144
2024-02-23T00:38:31,2024-02-23T04:38:31,2,15136
2025-09-22T19:31:21,2025-09-23T00:31:21,4,49506
2023-11-10T18:58:21,,4,35042
2024-12-18T21:59:08,,10,32586
2025-05-28T10:19:59,2025-05-28T17:19:59,10,11841
2024-11-20T04:13:51,2024-11-20T12:13:51,1,33131
2025-02-27T18:23:49,2025-02-28T01:23:49,4,28507
2025-06-23T14:19:15,2025-06-23T16:19:15,10,35575
2025-05-10T22:13:55,,9,17929
2024-01-02T20:41:07,2024-01-03T04:41:07,4,47494
2025-05-02T18:40:54,,7,4488
2025-03-11T08:28:58,2025-03-11T11:28:58,7,11529
2025-03-24T07:33:42,2025-03-24T12:33:42,1,21322
2025-09-03T17:55:06,2025-09-03T22:55:06,9,38581
2024-08-05T17:02:53,2024-08-06T00:02:53,5,23110
2025-03-02T05:07:22,,1,5766
2023-12-15T15:07:34,2023-12-15T21:07:34,4,6262
2024-11-05T19:31:42,2024-11-06T02:31:42,2,41476
2024-02-12T20:21:18,2024-02-12T22:21:18,7,38889
2024-06-02T13:07:25,2024-06-02T21:07:25,10,9695
2025-03-28T01:38:23,2025-03-28T02:38:23,2,9220
2024-11-16T12:23:22,2024-11-16T17:23:22,8,18301
2024-06-23T10:07:16,2024-06-23T17:07:16,8,49789
2024-04-17T11:45:29,2024-04-17T18:45:29,6,18375
2024-09-18T08:42:10,2024-09-18T12:42:10,9,22247
2025-08-06T11:53:35,,6,45474
2025-09-27T19:46:08,,4,44218
2025-02-07T13:34:28,2025-02-07T20:34:28,5,23132
2023-12-16T04:32:58,2023-12-16T05:32:58,3,12639
2025-05-05T21:48:34,2025-05-06T02:48:34,6,14265
2024-09-12T11:39:59,2024-09-12T19:39:59,10,36006
2024-01-24T00:41:02,,2,34524
2024-11-12T14:28:49,2024-11-12T22:28:49,10,20597
2025-03-11T20:43:02,2025-03-12T04:43:02,3,8735
2023-12-24T01:15:18,2023-12-24T05:15:18,7,13516
2025-06-17T18:11:16,,4,24378
2023-12-03T03:50:57,,8,18321
2024-06-05T21:09:49,2024-06-06T02:09:49,4,6629
2025-09-16T16:12:46,2025-09-16T23:12:46,10,28795
2024-10-30T08:26:56,2024-10-30T15:26:56,9,20439
2025-02-21T08:02:33,2025-02-21T12:02:33,2,4618
2024-06-04T15:06:59,2024-06-04T16:06:59,10,47673
2024-01-06T12:35:07,,7,323
2024-03-25T01:23:17,2024-03-25T03:23:17,10,7092
2024-08-30T17:40:29,2024-08-30T20:40:29,9,40182
2025-10-19T08:13:23,2025-10-19T09:13:23,4,22879
2025-01-13T10:45:04,,9,16681
2025-07-25T22:52:09,2025-07-26T06:52:09,8,11607
2024-11-07T09:38:08,2024-11-07T17:38:08,6,9818
2025-03-23T08:31:54,2025-03-23T15:31:54,1,21940
2024-03-25T13:03:25,2024-03-25T14:03:25,4,28598
2025-06-06T09:58:40,,3,9800
2024-02-21T20:13:20,2024-02-22T00:13:20,5,40155
2025-02-09T12:34:03,2025-02-09T20:34:03,1,23779
2025-09-26T23:12:06,2025-09-27T04:12:06,6,34389
2025-06-23T06:14:19,,2,31036
2024-12-18T07:41:57,2024-12-18T09:41:57,5,585
2025-08-26T14:24:06,2025-08-26T16:24:06,3,16204
2024-01-25T01:38:27,2024-01-25T05:38:27,6,19878
2024-09-16T15:40:40,,2,575
2025-01-31T12:37:21,2025-01-31T19:37:21,9,26067
2024-11-21T20:29:21,2024-11-21T22:29:21,4,49937
2024-07-20T07:42:09,2024-07-20T09:42:09,7,25469
2024-07-13T02:17:13,2024-07-13T08:17:13,9,21813
2024-08-30T10:43:54,2024-08-30T18:43:54,2,17889
2024-03-13T13:04:37,2024-03-13T20:04:37,9,18587
2025-03-03T19:19:00,2025-03-03T21:19:00,7,43454
2025-11-03T14:59:31,2025-11-03T17:59:31,2,7351
2024-12-04T09:09:11,,1,33012
2025-03-23T23:46:00,2025-03-24T06:46:00,2,29418
2024-09-27T13:42:00,,6,28551
2024-03-29T19:42:31,2024-03-29T22:42:31,8,49390
2025-04-03T09:17:38,,10,43999
2025-06-16T18:10:03,2025-06-16T19:10:03,6,21699
2025-06-30T23:06:29,2025-07-01T02:06:29,7,46293
2023-11-08T00:41:42,2023-11-08T01:41:42,5,23528
2024-01-06T21:23:41,2024-01-07T01:23:41,8,22427
2025-02-25T18:02:48,2025-02-25T22:02:48,2,36644
2024-07-25T19:20:49,,1,14967
2024-02-27T15:30:58,2024-02-27T18:30:58,10,17654
2025-05-24T18:47:01,2025-05-24T21:47:01,10,48836
2025-07-02T09:23:09,2025-07-02T17:23:09,4,31883
2024-06-11T23:48:33,,8,41809
2025-07-24T17:14:13,2025-07-24T20:14:13,1,19870
2025-06-11T07:18:17,2025-06-11T08:18:17,10,11085
2024-01-10T19:20:56,2024-01-10T20:20:56,6,28888
2025-04-26T10:37:26,2025-04-26T13:37:26,3,41900
2024-07-18T21:02:02,2024-07-19T05:02:02,3,42578
2025-07-21T10:01:45,2025-07-21T18:01:45,1,8246
2025-04-03T09:11:41,2025-04-03T13:11:41,4,31342
2024-09-28T13:26:36,,1,13506
2024-04-23T04:04:24,2024-04-23T05:04:24,3,845
2025-04-13T10:26:40,2025-04-13T14:26:40,5,6875
2025-05-16T10:35:54,2025-05-16T12:35:54,4,46071
2025-05-16T22:28:52,2025-05-17T02:28:52,7,22798
2025-02-16T13:33:55,,9,15320
2023-12-18T18:53:27,2023-12-18T23:53:27,5,27636
2024-02-20T12:36:26,2024-02-20T13:36:26,4,23585
2024-11-02T11:53:08,2024-11-02T16:53:08,8,36507
2025-05-01T07:20:06,2025-05-01T15:20:06,2,10092
2025-02-02T11:35:57,,10,11061
2024-08-22T16:13:56,2024-08-22T17:13:56,4,40529
2025-03-29T13:51:20,2025-03-29T18:51:20,10,11281
2024-08-01T05:14:12,2024-08-01T08:14:12,10,22242
2025-10-07T17:06:09,2025-10-07T21:06:09,5,46081
2024-05-27T21:06:44,2024-05-27T22:06:44,9,5274
2025-05-07T12:44:41,2025-05-07T14:44:41,7,28444
2025-08-14T05:31:34,2025-08-14T07:31:34,2,6590
2024-10-27T22:36:21,2024-10-28T05:36:21,2,37440
2024-06-08T05:40:34,2024-06-08T07:40:34,1,9668
2025-01-10T03:57:29,2025-01-10T04:57:29,5,1797
2025-10-10T23:46:58,2025-10-11T01:46:58,9,37118
2024-01-10T17:19:47,,9,20891
2024-11-21T06:12:41,2024-11-21T12:12:41,4,41212
2023-12-11T07:31:04,2023-12-11T08:31:04,5,48154
2024-11-09T10:47:08,2024-11-09T17:47:08,1,49099
2025-02-25T23:52:26,2025-02-26T03:52:26,5,45527
2024-05-02T07:13:37,2024-05-02T08:13:37,10,49733
2024-07-29T10:35:55,2024-07-29T16:35:55,5,22626
2024-11-23T14:54:56,2024-11-23T19:54:56,10,41039
2025-01-10T21:38:08,2025-01-11T03:38:08,4,15313
2025-06-08T21:28:28,2025-06-09T01:28:28,10,30692
2024-09-18T07:54:55,2024-09-18T14:54:55,5,465
2025-08-07T01:11:56,2025-08-07T03:11:56,4,19347
2025-05-31T08:37:31,2025-05-31T15:37:31,5,16094
2025-07-15T21:58:32,2025-07-16T03:58:32,3,10115
2025-09-22T05:26:17,2025-09-22T12:26:17,3,42680
2024-02-09T13:21:22,2024-02-09T15:21:22,5,36645
2025-08-20T07:39:59,2025-08-20T15:39:59,6,48122
2025-09-20T13:20:50,,2,13608
2023-11-28T10:45:20,2023-11-28T12:45:20,6,6309
2024-09-02T07:59:48,2024-09-02T13:59:48,10,19770
2025-09-07T08:14:09,2025-09-07T12:14:09,1,10474
2025-09-22T06:52:21,2025-09-22T08:52:21,10,20635
2025-04-18T03:11:23,,1,39692
2025-05-06T08:13:45,2025-05-06T14:13:45,9,22913
2024-06-29T21:26:23,2024-06-30T02:26:23,5,39462
2025-02-26T21:32:16,,5,1910
2025-06-02T12:01:34,,4,24829
2024-02-29T15:20:04,2024-02-29T23:20:04,7,44467
2024-02-04T09:02:59,,4,15280
2025-10-23T04:59:13,2025-10-23T12:59:13,6,18468
2024-05-24T13:01:10,2024-05-24T17:01:10,10,26543
2024-12-14T10:39:21,2024-12-14T17:39:21,1,12188
2025-06-20T09:15:01,2025-06-20T11:15:01,3,16705
2024-02-09T23:28:12,2024-02-10T01:28:12,3,5776
2023-11-16T08:40:00,2023-11-16T14:40:00,10,26911
2025-10-05T06:03:06,2025-10-05T14:03:06,6,36494
2025-05-11T17:34:29,2025-05-12T00:34:29,1,24166
2025-04-09T11:15:20,2025-04-09T13:15:20,2,32669
2025-08-11T22:37:52,2025-08-12T06:37:52,9,8400
2025-06-16T12:07:21,2025-06-16T14:07:21,6,37427
2025-09-24T15:47:46,2025-09-24T19:47:46,10,36052
2025-03-01T09:33:52,2025-03-01T12:33:52,2,15143
2023-11-08T11:56:48,,9,36593
2025-08-04T15:40:46,,9,32496
2025-07-06T03:49:56,2025-07-06T06:49:56,3,9896
2024-06-14T06:04:16,2024-06-14T11:04:16,2,31702
2025-07-11T05:10:06,2025-07-11T11:10:06,9,34021
2025-07-31T04:51:53,2025-07-31T09:51:53,3,41366
2025-09-01T11:29:42,2025-09-01T13:29:42,5,11121
2024-08-27T17:50:30,2024-08-27T19:50:30,7,18481
2025-03-12T11:13:43,2025-03-12T18:13:43,1,20941
2025-04-06T10:34:48,,4,8982
2024-03-07T01:36:12,2024-03-07T07:36:12,4,40993
2024-12-26T19:32:55,2024-12-26T22:32:55,10,38107
2025-02-09T03:41:07,2025-02-09T08:41:07,3,40068
2024-04-23T19:26:02,2024-04-23T21:26:02,7,32129
2024-03-30T14:04:28,2024-03-30T18:04:28,2,18231
2025-07-10T01:09:10,2025-07-10T06:09:10,9,19512
2023-12-06T11:07:39,2023-12-06T13:07:39,2,12074
2025-03-22T09:40:37,2025-03-22T12:40:37,2,6
2023-12-17T23:14:11,2023-12-18T02:14:11,4,4896
2024-04-14T14:00:38,2024-04-14T17:00:38,1,20493
2025-06-23T11:48:35,2025-06-23T13:48:35,3,38682
2024-02-19T15:04:03,,3,13756
2024-12-09T10:38:22,,10,6163
2025-10-01T09:10:00,2025-10-01T12:10:00,8,24373
2025-07-01T12:18:03,,6,48905
2025-07-20T22:01:46,2025-07-21T05:01:46,9,49718
2024-12-08T18:56:01,2024-12-08T20:56:01,10,20622
2025-01-13T00:22:55,,5,38458
2024-11-15T00:01:04,,1,27842
2025-03-12T21:33:40,2025-03-13T04:33:40,1,23027
2024-12-30T05:58:39,2024-12-30T11:58:39,2,34754
2024-10-15T17:14:35,,8,23322
2025-03-06T11:43:29,2025-03-06T17:43:29,7,5401
2024-03-24T13:53:48,2024-03-24T17:53:48,3,30003
2025-02-12T18:03:25,2025-02-12T19:03:25,9,22174
2024-11-29T08:36:32,2024-11-29T15:36:32,2,16185
2023-11-16T21:54:17,,6,13689
2025-02-11T20:30:28,,4,30748
2023-12-30T20:48:10,,4,8836
2025-08-20T11:42:08,2025-08-20T19:42:08,7,7140
2025-08-15T14:44:36,2025-08-15T16:44:36,10,16757
2024-02-08T06:50:19,2024-02-08T08:50:19,10,2094
2024-04-20T12:35:17,2024-04-20T16:35:17,3,586
2024-12-23T02:48:16,2024-12-23T08:48:16,5,26968
2025-05-19T17:44:12,2025-05-19T22:44:12,6,26689
2025-05-02T16:43:29,2025-05-02T22:43:29,10,8468
2024-07-30T01:17:19,2024-07-30T06:17:19,3,18898
2024-11-19T01:22:28,,7,38787
2024-11-28T01:56:56,2024-11-28T06:56:56,6,16968
2024-02-09T05:32:43,2024-02-09T06:32:43,9,16401
2024-03-31T21:16:27,,8,48137
2024-11-10T19:44:59,2024-11-11T02:44:59,10,27024
2025-05-18T21:33:39,2025-05-19T02:33:39,9,16681
2025-06-02T23:26:58,2025-06-03T06:26:58,9,14204
2025-02-11T02:09:43,,3,49359
2025-09-08T19:15:45,2025-09-09T03:15:45,8,3317
2025-02-26T11:39:00,2025-02-26T13:39:00,8,28156
2024-10-17T05:50:55,,5,34499
2024-07-28T12:07:01,2024-07-28T16:07:01,9,40173
2025-01-05T13:15:47,2025-01-05T19:15:47,4,23713
2025-04-13T22:32:43,2025-04-14T02:32:43,5,39203
2025-10-11T15:51:48,2025-10-11T18:51:48,3,3462
2024-09-13T10:23:42,2024-09-13T14:23:42,4,40777
2024-05-12T10:46:41,2024-05-12T18:46:41,9,8337
2025-10-11T21:12:24,2025-10-12T04:12:24,6,40198
2025-01-31T20:47:21,2025-01-31T23:47:21,2,8825
2024-06-03T07:04:54,2024-06-03T09:04:54,6,45388
2025-09-06T17:22:56,2025-09-06T21:22:56,4,26820
2024-12-13T17:07:37,2024-12-14T01:07:37,4,9315
2025-08-14T11:24:33,2025-08-14T14:24:33,2,34214
2024-05-27T18:20:06,2024-05-27T19:20:06,8,25317
2024-06-05T17:28:46,2024-06-06T00:28:46,10,17889
2024-07-29T08:27:23,2024-07-29T12:27:23,8,8632
2025-05-13T05:15:56,2025-05-13T06:15:56,4,17204
2024-05-29T17:14:06,2024-05-30T01:14:06,9,15522
2025-11-03T17:20:00,2025-11-04T01:20:00,10,28522
2024-08-26T18:33:48,,3,157
2024-05-10T00:58:16,2024-05-10T04:58:16,10,13861
2025-04-12T19:11:23,2025-04-13T00:11:23,7,30906
2023-11-18T16:07:42,2023-11-18T21:07:42,8,45191
2024-12-03T05:46:02,2024-12-03T07:46:02,9,29104
2024-06-03T01:06:38,2024-06-03T05:06:38,4,33806
2024-01-23T18:07:31,,7,30176
2024-04-16T17:51:21,2024-04-17T00:51:21,5,409
2024-05-10T19:37:19,,5,16686
2024-11-12T10:31:37,2024-11-12T12:31:37,2,34845
2024-04-11T14:19:30,,8,26277
2023-11-11T09:40:32,2023-11-11T12:40:32,6,1347
2025-04-27T19:51:53,2025-04-27T20:51:53,8,6046
2025-01-03T10:56:08,2025-01-03T13:56:08,6,11089
2024-04-01T18:53:13,2024-04-02T00:53:13,10,15900
2024-06-27T07:18:24,2024-06-27T08:18:24,4,42597
2025-03-01T03:45:14,2025-03-01T06:45:14,4,15519
2025-06-29T21:30:33,2025-06-29T22:30:33,7,17083
2025-01-22T11:30:25,,7,22824
2024-02-16T07:37:32,2024-02-16T08:37:32,5,32381
2024-05-30T04:01:55,2024-05-30T10:01:55,5,46955
2024-10-19T09:09:09,2024-10-19T14:09:09,9,12017
2024-03-03T11:10:59,,6,14540
2024-09-11T06:28:30,2024-09-11T08:28:30,9,19901
2024-01-06T07:15:18,2024-01-06T13:15:18,6,23951
2024-04-08T13:34:07,2024-04-08T19:34:07,2,37905
2025-04-04T07:07:02,,3,13471
2024-12-28T03:35:50,,7,2562
2024-07-08T01:14:15,2024-07-08T07:14:15,9,5609
2025-09-25T11:45:39,,10,42958
2025-09-19T11:00:44,2025-09-19T19:00:44,2,27544
2024-02-21T17:37:21,2024-02-21T23:37:21,9,37355
2024-08-10T01:27:46,2024-08-10T09:27:46,8,22792
2024-08-11T21:49:06,,5,38333
2024-07-01T00:57:57,,5,46475
2024-10-30T16:12:48,,8,14150
2024-08-28T21:22:45,2024-08-29T02:22:45,5,35815
2023-12-29T17:51:41,,7,13761
2024-08-20T09:07:20,2024-08-20T16:07:20,10,29638
2023-12-07T16:44:47,2023-12-07T23:44:47,8,41021
2023-12-15T07:37:14,2023-12-15T10:37:14,2,6519
2024-07-01T00:12:44,2024-07-01T05:12:44,4,8714
2025-01-29T17:28:19,2025-01-29T23:28:19,7,38741
2024-08-26T20:24:11,2024-08-26T22:24:11,7,10040
2025-06-13T13:57:21,2025-06-13T15:57:21,8,23217
2025-10-17T20:21:18,2025-10-17T22:21:18,5,3742
2025-04-10T09:58:54,,7,22171
2024-11-04T20:52:18,2024-11-04T21:52:18,4,33415
2025-05-05T15:04:13,2025-05-05T16:04:13,2,31408
2024-03-10T18:09:29,2024-03-10T22:09:29,6,47580
2024-06-11T06:52:31,2024-06-11T13:52:31,4,33357
2025-07-10T08:29:06,2025-07-10T12:29:06,8,35749
2024-06-27T04:29:25,2024-06-27T11:29:25,9,37436
2024-12-01T17:58:10,,8,42763
2025-04-21T07:47:19,,2,25567
2024-07-20T16:30:25,2024-07-20T23:30:25,2,26785
2025-01-20T12:13:48,,7,37338
2025-05-06T21:18:29,2025-05-07T03:18:29,1,18912
2025-10-27T17:24:56,2025-10-27T21:24:56,3,16178
2025-04-01T08:53:07,,2,16642
2023-12-16T13:57:50,2023-12-16T16:57:50,7,17880
2024-07-16T01:12:03,2024-07-16T04:12:03,8,39256
2024-06-07T23:32:03,,5,15404
2024-04-24T17:06:43,,2,12430
2025-11-01T19:45:09,,7,5389
2024-08-20T16:15:04,2024-08-20T20:15:04,10,31260
2024-09-19T21:13:36,2024-09-19T23:13:36,5,26905
2025-08-28T11:41:19,,10,13436
2023-12-18T09:21:33,,9,40406
2025-04-02T06:40:14,2025-04-02T09:40:14,4,30493
2025-04-20T23:44:05,2025-04-21T06:44:05,6,21695
2024-02-01T23:26:22,,4,46072
2024-07-07T14:32:54,,4,15298
2025-08-11T02:03:41,,7,18525
2024-04-13T04:43:53,,8,24742
2025-09-20T08:47:10,2025-09-20T13:47:10,10,37091
2025-10-18T12:36:40,,1,339
2024-07-08T07:47:32,,6,33974
2024-05-05T17:54:13,2024-05-05T20:54:13,2,10351
2025-01-20T18:18:35,2025-01-21T01:18:35,8,25731
2025-06-04T11:44:15,2025-06-04T12:44:15,10,46433
2025-03-02T00:54:44,2025-03-02T08:54:44,4,34963
2024-02-17T12:29:29,2024-02-17T15:29:29,6,25591
2025-05-19T02:59:22,2025-05-19T06:59:22,10,31748
2023-11-09T23:16:44,2023-11-10T03:16:44,7,15780
2024-06-09T20:02:00,2024-06-10T02:02:00,2,46458
2025-08-27T10:39:27,2025-08-27T11:39:27,7,49922
