id_osoby,id_ksiazki,data_wypozyczenia
32013,11442,2025-09-14T00:11:55
17758,2945,2025-01-13T05:27:12
30272,39231,2024-12-21T11:23:36
34580,42511,2025-03-02T10:56:07
26785,23128,2024-12-27T15:56:10
28801,48251,2024-11-18T06:39:06
30836,67969,2024-12-24T00:56:08
32530,11846,2025-03-31T17:59:55
8823,49081,2025-06-21T20:08:30
5037,72779,2025-08-02T05:35:43
7622,31818,2025-10-31T14:17:22
2232,56828,2024-11-11T16:08:03
30508,16828,2025-01-17T07:21:44
26092,62268,2025-10-19T02:23:23
7218,4946,2025-09-28T10:42:52
43649,76145,2025-09-14T17:07:42
22212,3756,2025-10-15T17:20:23
45200,49154,2025-07-21T02:46:08
32471,52509,2025-01-15T15:27:48
44190,94830,2025-04-07T08:51:28
43363,86897,2024-11-19T23:44:36
9515,55639,2024-12-19T12:12:53
44161,7850,2025-11-02T16:43:21
37778,50973,2025-11-05T14:15:05
18941,36766,2025-07-15T16:35:28
45108,59424,2024-12-30T23:01:51
17796,86025,2025-05-13T16:39:51
19850,43902,2025-02-02T12:36:07
33013,32725,2025-07-09T23:08:43
42752,67245,2024-11-15T15:31:16
19865,98268,2025-04-21T12:58:04
3341,93046,2025-06-20T22:01:28
1225,49125,2024-12-12T05:07:27
47132,50118,2024-11-12T02:55:56
4907,40476,2025-07-15T07:22:38
23105,86536,2025-06-25T10:31:20
46562,54027,2024-11-26T03:39:05
14700,64663,2025-04-25T15:28:46
35122,6483,2025-01-08T21:54:36
23244,4282,2025-05-03T08:24:37
15878,68193,2025-03-18T22:26:34
20914,51786,2025-02-18T09:28:59
16805,40154,2024-11-20T10:06:45
797,24161,2025-04-06T09:58:40
26102,60012,2025-11-01T21:41:52
49463,89943,2025-10-07T11:17:31
22272,15564,2024-12-22T13:16:54
16569,54123,2025-07-18T00:25:36
17763,5928,2025-05-25T03:26:11
9664,73951,2025-05-31T14:34:14
31463,88585,2025-06-15T09:04:14
32022,90582,2025-08-06T22:50:26
3400,9645,2024-12-11T08:09:20
40159,10466,2025-04-28T23:11:39
8017,45445,2025-01-20T15:36:53
28292,94748,2025-10-03T00:00:52
27346,59939,2025-06-02T11:31:53
47652,47737,2025-04-10T00:39:30
21316,10430,2025-04-10T20:42:13
42127,94979,2025-11-04T03:52:41
9929,9637,2024-11-21T09:16:54
341,60420,2025-01-26T01:40:07
1042,63973,2025-06-09T10:52:25
23316,12180,2024-12-24T22:50:42
25790,28380,2025-02-08T06:05:14
17466,74381,2025-06-09T15:47:19
46504,71886,2024-11-22T23:43:22
9773,65688,2025-09-05T00:47:02
44558,94475,2025-08-12T01:40:11
9222,73192,2025-05-07T14:04:20
19422,31710,2025-03-06T01:25:21
47866,93414,2025-04-14T07:55:08
456,90354,2025-05-01T04:06:30
42900,64076,2024-11-14T07:15:29
33386,7383,2025-05-15T15:30:09
30908,97885,2024-12-01T15:00:09
951,69996,2025-01-10T22:03:04
11557,41168,2025-04-27T02:17:22
11926,33169,2025-09-18T23:22:28
45267,15911,2025-04-22T00:22:29
49817,46613,2025-10-20T02:19:05
11874,26454,2024-11-13T16:47:04
20823,3876,2025-08-14T09:23:02
29886,76662,2025-01-04T21:06:43
45932,58870,2025-04-09T11:24:12
47340,53295,2024-12-30T15:28:18
46197,31159,2024-12-17T09:40:59
41190,658,2025-07-05T17:12:06
21928,36292,2025-04-16T00:58:21
27732,82168,2024-12-24T02:59:12
39160,26359,2025-02-24T21:11:26
27351,32283,2025-10-27T23:48:50
42207,40965,2025-05-26T06:44:17
37758,23275,2025-05-29T04:43:11
31419,35765,2025-02-09T06:41:25
12843,90955,2025-06-24T21:23:38
30116,22231,2025-04-15T12:12:07
25672,22379,2025-08-09T05:28:00
6534,25054,2025-06-06T17:37:46
43090,27726,2025-02-04T11:57:55
21350,7809,2025-07-12T14:58:19
4510,27088,2025-01-29T12:38:50
8803,14392,2025-11-06T18:30:22
20622,75665,2024-12-05T02:19:16
8961,98517,2025-07-23T07:11:34
37056,13361,2025-05-16T17:12:30
3329,54296,2025-06-15T15:03:09
26226,15590,2025-08-08T12:16:56
12687,81638,2025-04-27T20:17:42
33064,64729,2025-04-28T18:10:14
16573,22283,2025-04-08T09:27:58
30716,73680,2025-11-01T14:18:56
22074,7662,2025-05-28T17:28:11
6943,27555,2024-12-09T18:52:08
43095,5964,2025-11-01T10:43:01
48680,6396,2025-07-13T10:24:59
16734,77144,2025-11-01T15:05:01
41150,30463,2025-03-06T04:20:00
26224,6042,2025-07-26T16:55:02
13153,56543,2025-10-23T03:36:14
34668,83773,2025-08-06T11:24:01
39441,34342,2025-05-17T06:38:02
19568,17825,2025-01-19T07:05:40
26922,62866,2025-08-17T07:56:34
34557,27473,2025-07-12T20:01:23
5668,30668,2025-04-23T01:47:50
39984,17805,2025-07-02T04:26:00
43169,1747,2024-12-26T16:01:17
26169,50470,2025-06-01T09:10:36
33831,97226,2024-12-10T07:20:33
39589,71401,2025-08-26T17:46:12
29607,74339,2025-01-30T00:26:18
575,39787,2025-03-09T11:54:13
9629,37277,2024-11-28T00:53:03
26347,55704,2025-01-19T19:17:18
10632,21983,2025-07-05T09:12:49
31413,7534,2025-07-09T13:45:54
46763,97942,2025-04-08T01:40:33
7139,87228,2025-07-11T02:48:51
7360,8065,2025-08-27T22:32:36
43478,42978,2025-10-17T14:00:52
18653,19953,2025-10-05T05:56:52
5592,52743,2025-08-24T15:33:54
17123,30763,2025-10-03T03:36:34
28648,67214,2025-01-07T06:51:48
3223,35544,2024-11-26T14:55:30
36220,33136,2025-07-28T12:35:30
35420,40202,2025-06-18T23:57:00
8826,34606,2025-02-10T15:32:25
15632,59051,2025-08-23T23:37:35
45241,94929,2025-04-14T02:58:16
27680,36675,2025-05-21T07:01:27
5749,5913,2025-08-18T10:45:25
35621,96756,2025-02-26T14:08:08
7963,81732,2025-01-26T12:32:43
9722,12712,2024-11-30T08:13:47
10754,49026,2025-01-23T06:09:27
31562,70586,2025-08-30T07:41:52
43832,25022,2025-07-18T18:22:55
13589,55944,2025-01-20T10:33:35
47004,20855,2025-08-01T02:09:14
4013,78569,2025-11-05T16:36:53
20533,80160,2025-04-27T15:23:55
35084,38566,2025-06-14T13:19:16
33051,42640,2025-03-22T20:20:44
18326,62305,2025-02-05T20:39:55
11879,5197,2025-01-08T13:00:27
29664,37859,2025-04-22T00:39:12
39536,77883,2025-06-04T09:07:34
44021,85381,2025-04-29T07:03:48
33849,55923,2025-07-10T06:27:11
26754,44239,2025-03-08T14:33:45
13870,75105,2025-10-31T23:19:08
5837,37672,2025-03-22T21:27:22
34652,62548,2025-06-04T08:48:27
38734,32049,2024-12-22T03:31:19
39531,781,2025-10-12T23:30:07
41049,11422,2025-08-17T22:13:19
14148,99101,2025-02-04T20:02:53
39291,12954,2024-11-09T11:54:10
19856,66053,2025-07-14T09:37:50
27121,40798,2024-12-29T03:46:07
44077,71381,2024-12-05T14:31:10
44593,82910,2025-10-21T02:58:30
22774,60703,2024-11-08T09:01:58
10238,41778,2025-03-12T14:09:10
12639,11361,2025-03-18T19:33:59
633,6114,2025-01-11T23:02:56
2480,39868,2025-04-04T06:10:38
24463,93428,2025-05-14T16:24:36
43066,11883,2025-04-07T09:29:16
12538,33779,2025-08-22T17:23:44
3354,5042,2025-08-07T05:31:16
45758,10077,2025-08-22T04:12:50
29059,35129,2025-09-05T00:18:35
32909,27517,2025-04-03T04:18:08
32948,22438,2024-12-23T04:52:53
17946,64809,2025-08-07T18:44:13
8275,14691,2025-06-23T11:31:27
43903,32511,2025-10-09T11:07:55
36153,15975,2025-01-23T10:19:09
40809,4528,2025-09-30T13:48:09
27467,52422,2025-02-22T09:18:47
11445,50042,2025-07-19T01:07:07
39799,90438,2025-06-27T15:08:01
13389,60899,2025-06-18T03:34:11
4319,95998,2025-07-12T12:04:38
31493,42797,2025-07-15T14:07:39
35904,8041,2025-06-04T21:19:45
23294,49917,2024-12-10T18:21:40
38428,81657,2025-10-27T00:59:45
23550,48887,2025-01-22T23:48:43
7310,18722,2025-01-29T05:26:14
36485,1807,2025-10-10T13:38:11
14349,99538,2025-03-19T17:07:27
46667,9868,2025-08-21T12:51:02
11826,6468,2024-12-01T12:28:23
5111,91545,2025-05-21T01:59:22
45243,96931,2025-07-27T23:52:13
13303,71217,2024-12-07T05:29:35
32725,72415,2025-03-19T16:02:02
28043,16581,2025-06-04T12:52:06
37744,46286,2025-03-31T15:26:15
48760,94238,2025-10-11T12:20:06
48817,38548,2025-05-29T03:37:44
32652,47986,2025-08-10T19:58:33
34538,20619,2025-09-08T15:57:13
22360,23842,2025-10-14T03:55:40
26996,4132,2024-11-14T03:12:57
33570,56982,2025-10-13T07:22:35
47692,96597,2024-11-07T06:04:01
2092,2350,2025-08-20T00:35:10
4716,21711,2025-08-24T16:17:31
6007,81452,2025-10-16T15:53:54
23793,20428,2025-03-26T13:27:25
842,9748,2025-07-16T12:25:07
37513,95539,2025-01-26T00:16:36
39023,14334,2025-04-09T02:24:57
36063,80981,2025-02-02T21:39:30
20352,15771,2025-03-19T22:12:25
5896,92808,2025-01-21T11:58:15
45278,48450,2025-10-21T17:20:03
4034,31548,2025-07-28T15:00:53
48256,75008,2025-01-18T00:20:44
3737,13519,2025-05-05T13:38:35
19643,62126,2024-12-27T23:39:12
25115,5530,2024-12-25T10:34:44
4558,11441,2024-12-16T00:35:41
11670,93021,2025-09-22T20:31:37
42236,96306,2025-04-05T08:39:31
49293,42288,2025-02-04T10:30:13
4989,90274,2025-07-26T12:59:35
48684,9031,2025-08-31T13:26:47
409,19947,2025-01-17T15:43:54
18547,89111,2025-01-15T06:14:22
16151,92255,2025-01-31T13:16:45
42760,59412,2025-04-17T10:20:42
47022,99952,2025-07-09T06:07:31
48602,57298,2025-10-13T16:59:55
40986,8550,2025-05-08T21:30:01
27057,21347,2024-11-24T17:59:12
35197,8276,2025-02-04T12:23:03
39302,66029,2025-07-17T01:17:45
29797,66873,2025-01-27T14:35:48
42801,72009,2025-03-15T07:01:18
5620,5014,2025-08-31T00:45:14
49952,85517,2025-08-12T19:44:07
15248,3742,2025-03-28T12:03:37
18607,38599,2025-02-26T12:27:02
46295,30005,2024-11-18T22:47:19
3224,37928,2025-09-26T07:57:24
26171,9120,2025-09-07T23:55:26
26865,93965,2025-01-01T21:16:55
21082,25078,2025-01-09T08:26:11
24550,26764,2025-05-22T00:04:46
43878,27595,2025-04-05T23:11:29
37562,82468,2025-10-19T14:19:49
22356,11370,2025-06-28T11:36:50
24940,66634,2025-05-21T23:00:48
696,36005,2024-12-21T17:04:30
46413,35055,2025-05-07T01:06:22
34448,82810,2025-05-22T18:59:13
40766,51092,2024-12-26T00:24:26
5054,8007,2025-06-17T20:51:32
16139,72248,2025-09-19T17:11:52
2911,4895,2025-02-10T18:43:31
24095,80204,2025-10-16T18:47:06
16244,91149,2025-08-05T02:40:38
49210,20298,2025-04-25T06:08:32
555,30078,2025-04-28T02:53:25
11708,59006,2025-10-31T17:52:18
12825,44460,2025-07-30T23:39:26
33785,95197,2025-03-07T15:42:33
43331,1529,2025-06-01T00:26:45
27368,18561,2025-02-11T19:45:23
42911,28789,2025-02-11T01:48:19
36271,36956,2025-06-23T17:10:52
1842,70077,2025-07-14T07:13:38
2928,74841,2024-12-24T03:04:03
13906,67257,2025-07-31T00:16:03
36089,8516,2024-11-07T11:40:03
22485,40111,2024-11-09T15:28:10
10930,71143,2025-08-09T23:51:20
10497,46386,2025-03-28T20:50:13
11546,25278,2025-04-18T11:19:18
36847,86339,2025-04-13T10:47:19
45852,59691,2025-07-03T19:32:14
43098,36200,2025-08-04T20:44:02
34026,4375,2024-11-22T21:24:49
46756,99121,2024-11-24T08:15:03
41285,95065,2025-03-13T01:25:57
13475,7437,2025-03-23T22:22:11
34844,26509,2025-02-27T16:20:25
46102,66548,2025-08-05T12:29:18
16674,71611,2025-05-23T04:22:08
7445,33340,2025-07-02T01:20:35
13598,5771,2025-04-05T21:02:45
8456,47836,2025-08-06T20:15:30
27789,13439,2024-11-25T23:34:54
33075,5073,2024-12-04T20:29:52
10009,52111,2025-07-11T15:31:10
26609,7604,2025-10-29T13:36:15
30629,406,2025-03-31T11:04:48
28457,77581,2025-10-31T16:09:15
21102,68907,2025-03-10T13:41:04
24324,99795,2025-05-28T21:17:19
11634,84533,2025-07-01T19:29:00
46804,66732,2024-11-20T06:25:36
14561,65706,2025-07-07T19:02:37
33920,20428,2024-11-16T08:39:25
45725,28179,2025-10-25T07:55:41
11317,65995,2025-07-05T06:07:09
32224,7962,2025-09-29T09:24:20
4312,63821,2024-12-29T16:20:59
40523,41775,2025-06-23T22:56:28
4047,72259,2025-01-04T13:22:15
7725,84825,2025-09-07T19:35:44
9244,58309,2024-11-27T07:46:01
22832,142,2025-05-18T23:14:21
28837,58953,2025-01-31T03:15:45
1598,5829,2025-03-31T17:21:05
36835,3760,2025-10-10T03:43:36
42645,2855,2025-02-15T21:57:08
30173,76591,2024-11-17T04:56:34
31901,61246,2025-05-22T14:41:24
24592,49493,2025-03-27T11:19:45
13124,965,2025-02-23T23:14:18
1164,67917,2025-02-27T17:52:05
19022,86353,2025-03-14T18:46:16
32549,3704,2025-07-27T07:38:19
25830,57314,2025-06-24T01:34:50
18221,32549,2025-01-29T11:33:30
45419,51972,2025-06-28T07:31:28
16201,74186,2025-08-12T23:23:37
28256,3885,2025-10-05T14:58:24
22858,46071,2025-02-02T03:10:11
25361,5306,2025-11-06T11:32:46
28310,17133,2024-12-11T22:30:27
40979,22921,2025-07-31T01:38:26
42334,87908,2025-06-15T06:18:00
16543,88102,2025-03-17T02:56:24
10665,85216,2025-06-10T19:57:39
6653,44439,2025-03-20T06:17:10
33751,67125,2025-08-08T03:05:11
32078,3160,2025-09-09T21:27:38
9808,90098,2025-07-01T20:27:32
33393,11506,2024-12-28T22:13:50
473,30120,2025-09-25T04:13:13
7316,10146,2025-06-02T20:09:42
36788,2651,2025-05-21T01:19:43
1765,82043,2025-04-21T09:36:52
32694,77357,2025-02-26T04:16:10
49869,7159,2025-10-08T21:03:13
2581,17613,2024-11-12T15:20:03
24519,42855,2025-07-29T18:46:52
10267,34815,2025-05-01T02:17:56
31903,13537,2025-06-08T08:12:44
6103,50151,2024-12-31T11:35:02
12665,78705,2025-01-16T06:23:57
953,57002,2025-03-25T00:55:42
25006,40484,2025-05-05T01:23:16
49103,52018,2024-12-05T20:56:44
47116,54165,2025-09-19T21:01:14
25069,46486,2024-12-25T02:18:54
11745,70619,2025-07-12T07:56:25
3346,66724,2025-07-23T04:25:59
34919,59194,2025-03-31T00:09:00
29903,30727,2025-07-22T17:57:27
42937,49593,2025-06-11T00:19:28
47121,93318,2025-06-12T03:17:56
37108,99548,2025-01-17T01:00:21
34290,9429,2024-12-02T09:54:18
22990,72134,2024-11-13T16:08:23
33831,46987,2025-01-25T01:52:21
13601,92162,2025-09-21T08:57:51
33334,32775,2025-09-23T20:18:04
17240,63244,2025-06-01T01:04:49
17480,53090,2025-09-01T00:19:06
33889,55188,2025-06-25T02:22:03
29239,78700,2025-04-06T22:33:28
38417,13288,2025-03-31T21:35:20
46039,63067,2025-05-15T16:32:05
15916,5802,2025-09-17T21:51:58
21257,47591,2024-12-05T20:16:01
30763,76385,2025-07-05T19:36:41
20199,5382,2025-01-14T07:09:57
28380,47906,2025-04-22T05:29:39
45405,76041,2025-05-29T10:02:53
41147,4008,2025-02-19T11:37:09
908,41685,2025-09-29T17:20:12
46832,56663,2025-02-24T23:05:36
18361,82202,2025-10-18T07:20:27
38584,58787,2025-01-04T06:45:43
38308,27634,2025-07-18T12:15:31
41659,49373,2025-03-04T14:35:13
40156,59789,2024-12-28T08:55:07
42697,15979,2025-04-13T20:34:56
9521,24596,2025-02-18T12:13:50
7229,52002,2024-12-06T04:47:35
48902,5273,2025-10-22T03:11:11
5718,55513,2025-09-19T16:13:09
44560,59531,2025-07-15T10:00:28
33426,88420,2025-10-04T07:22:45
43936,35993,2025-11-03T21:43:04
43483,5138,2024-12-13T14:46:25
41152,36689,2025-07-24T05:18:52
34717,22328,2024-11-09T23:16:15
23815,23981,2025-01-06T08:47:48
2793,23169,2025-07-04T22:35:47
47580,86734,2025-08-10T19:08:30
35883,44187,2025-05-17T22:55:18
44715,25639,2024-12-02T08:10:59
21804,99862,2025-06-23T10:38:23
45579,33665,2025-08-27T02:11:16
19164,52570,2025-04-17T06:39:32
28078,21368,2025-07-04T03:07:10
33309,51371,2025-07-19T19:08:53
39800,66611,2025-04-14T06:58:59
27740,15568,2024-12-21T13:33:40
37160,54701,2025-01-04T23:29:28
25578,11256,2025-10-02T00:14:00
7180,79614,2025-03-15T23:15:33
18855,11508,2025-02-15T09:34:03
3144,27950,2025-03-21T21:50:54
17225,37690,2024-12-25T01:56:09
39040,31599,2024-11-10T22:53:33
13624,3159,2025-10-08T00:39:11
10204,57348,2025-10-25T23:26:24
49015,96560,2024-12-30T07:43:45
24334,94369,2025-05-09T11:54:00
12335,65497,2025-08-28T02:34:43
27039,12938,2025-05-08T08:41:28
11535,94736,2025-08-29T15:56:31
40479,61159,2025-07-19T22:38:40
19424,67614,2025-02-24T07:47:57
7313,13428,2025-10-23T01:41:09
21021,7126,2025-03-07T21:14:20
10589,22969,2025-07-17T14:12:19
30536,76529,2025-03-05T06:55:03
12699,28781,2025-06-09T21:56:20
43995,75582,2025-05-24T05:09:34
4276,57840,2024-12-17T17:07:15
40278,54400,2025-07-20T12:10:18
29511,98290,2025-04-02T13:32:42
8442,5972,2025-02-03T18:51:36
24229,77741,2025-07-09T13:33:13
11299,87948,2025-02-09T09:12:00
39039,59602,2024-11-08T12:46:13
24099,32546,2025-02-24T15:19:26
27328,1859,2025-02-22T01:26:20
19748,68672,2025-09-25T05:23:25
36852,68532,2025-07-07T02:02:41
8417,52211,2025-10-10T21:24:06
20725,97081,2025-10-14T00:09:27
42467,28237,2025-01-13T22:01:53
22099,38486,2025-02-21T10:42:09
38621,72694,2025-04-15T19:37:14
2432,73188,2025-07-13T07:22:36
32364,50444,2025-05-11T02:24:34
30345,6406,2025-05-30T07:40:45
12032,90088,2024-11-30T04:01:34
22943,80188,2024-12-13T14:46:38
20791,75450,2025-09-12T18:09:47
4707,87676,2025-10-07T23:02:16
12320,16601,2025-10-10T17:02:16
30773,21668,2025-03-28T12:44:18
39459,15770,2025-06-27T13:16:01
79,16354,2025-09-24T17:23:27
25304,50542,2025-03-22T18:34:41
44038,17487,2025-05-05T12:54:42
41430,68362,2025-04-13T11:10:50
45641,68223,2025-04-03T11:36:24
11090,87425,2025-01-05T06:51:39
10413,24190,2025-07-30T14:43:07
11671,7329,2025-03-23T17:24:47
13003,60319,2025-07-29T15:10:43
9172,6646,2025-10-07T02:20:12
26635,34456,2025-04-21T10:43:06
16186,68575,2025-06-03T09:08:48
42149,84323,2025-01-09T16:38:41
31745,82967,2025-03-18T19:12:40
36353,68451,2025-01-16T19:59:30
13754,65941,2024-11-29T06:25:48
38867,33327,2025-06-25T00:38:41
47051,32248,2025-03-02T09:04:36
28933,47903,2025-04-28T15:57:17
4019,25752,2024-11-26T18:30:10
25783,33953,2024-12-16T21:40:00
4691,28891,2024-11-28T01:56:24
23704,45400,2024-11-20T06:59:05
48769,34962,2025-10-04T14:31:07
43801,43807,2025-10-23T18:14:11
26375,19481,2025-09-12T08:29:34
42810,25027,2025-03-31T13:55:04
12951,520,2025-06-06T01:40:20
33486,25437,2025-09-10T12:18:14
105,2121,2025-03-12T14:55:09
7800,86713,2025-05-01T07:23:21
28977,49872,2025-02-14T23:36:40
48511,14284,2025-03-09T02:23:24
631,10303,2025-03-08T13:27:37
44968,15695,2025-05-16T02:14:33
33914,57538,2025-08-18T04:35:51
34927,59969,2025-08-04T19:32:06
48573,83530,2025-10-30T07:23:20
22672,12861,2025-11-05T23:41:53
18109,80959,2025-03-24T08:40:41
20144,72949,2025-09-04T16:45:08
38198,62355,2025-09-02T21:16:16
6925,2925,2025-05-15T01:06:18
23988,3083,2025-09-11T03:12:42
22089,31238,2024-12-15T19:56:34
12110,16822,2025-02-18T21:45:31
27681,73589,2025-07-28T18:53:03
28446,38588,2025-10-18T16:04:16
1760,4078,2025-05-04T02:33:25
35607,21544,2025-10-20T06:35:53
33822,77291,2025-05-11T23:06:37
5697,83190,2025-06-08T11:13:42
15959,47349,2025-06-09T23:17:43
4355,65614,2024-12-01T17:31:47
45344,99271,2024-12-01T23:54:39
41806,70948,2025-03-25T00:01:03
13661,69089,2025-09-18T07:20:12
25800,73812,2025-04-30T18:59:08
40340,8878,2025-04-18T03:21:41
33252,35039,2025-10-14T14:25:33
34641,27660,2025-10-25T07:10:03
39659,65831,2025-06-23T00:53:09
33194,73355,2025-09-22T12:35:58
25135,25318,2025-04-06T02:22:00
15821,51856,2025-08-05T17:22:01
49902,67265,2025-04-19T06:14:13
40194,71351,2025-09-22T09:31:24
22315,3418,2025-04-24T12:33:00
23638,82790,2025-09-14T02:41:04
14274,86995,2025-04-01T02:22:16
25289,80398,2025-02-07T00:30:19
18725,93131,2025-09-25T05:21:25
16082,82078,2025-03-31T03:25:26
4812,63514,2024-12-25T06:13:41
4684,77927,2025-04-06T06:40:49
37992,48283,2025-04-30T13:10:37
38251,97751,2025-08-09T23:31:50
46800,2111,2025-07-30T13:15:42
39404,17049,2025-08-06T05:18:14
47553,63374,2025-02-06T02:19:04
48832,54800,2025-02-17T20:16:06
44806,92231,2024-11-26T02:43:07
49402,59886,2025-10-26T22:53:52
2237,52459,2025-07-25T14:00:48
26873,90128,2024-12-01T19:59:59
2384,8542,2025-07-01T05:27:50
32590,14944,2025-09-09T03:32:10
35161,18192,2025-10-16T22:03:07
14472,53861,2025-01-23T20:26:11
7591,11396,2025-05-11T06:14:03
7605,81756,2025-08-24T20:09:47
33424,10626,2025-05-04T00:05:27
18997,37551,2025-10-18T05:44:24
12738,89752,2024-12-19T22:44:27
17950,68636,2025-03-05T02:12:28
11647,18540,2025-07-29T04:24:21
10098,82352,2025-07-30T21:10:03
37209,1273,2025-07-26T06:17:23
608,32463,2025-01-15T08:45:54
722,25074,2025-02-09T00:46:13
15001,39186,2025-07-08T23:07:51
45643,51196,2025-06-01T06:20:08
24816,36933,2025-04-08T19:41:57
10356,7054,2025-10-28T17:24:17
8664,5069,2025-05-08T10:36:03
29873,72701,2025-01-21T13:18:45
14520,1577,2025-01-01T16:58:42
16238,43498,2025-02-08T18:31:42
3995,80889,2025-10-09T15:45:11
11957,99787,2025-06-09T10:21:38
16342,27577,2025-08-15T04:45:31
49357,72181,2025-05-28T23:47:54
31002,64495,2025-09-28T20:29:56
3966,46442,2025-08-28T03:42:05
10223,95454,2025-04-05T20:03:02
13872,46135,2024-12-16T21:11:52
32242,87225,2025-01-01T03:15:05
18300,18188,2025-07-06T02:44:53
20165,90356,2024-11-10T05:00:38
43758,78487,2025-09-09T16:57:38
42175,40313,2025-04-17T20:23:53
13679,59036,2024-12-12T01:19:54
26980,84198,2025-09-14T21:51:19
41687,91118,2025-04-23T06:16:42
8335,35032,2025-06-21T09:03:39
27028,23923,2025-04-26T09:33:41
37230,43043,2025-09-28T17:51:19
11059,50309,2025-09-17T13:21:54
22332,71681,2025-10-29T15:34:26
25599,29649,2025-02-17T07:21:57
36344,34907,2025-03-30T14:51:17
40125,15735,2025-08-19T11:52:23
47039,69936,2025-01-08T10:27:45
49724,55260,2025-06-05T01:29:55
10801,4105,2025-03-19T07:10:06
29448,69055,2025-02-03T15:00:31
49306,5679,2025-02-26T12:56:43
15778,85921,2025-11-02T14:05:09
27836,39715,2025-11-02T02:55:35
42628,5144,2025-07-02T00:35:34
7294,21518,2025-06-23T19:38:35
19866,19576,2025-09-21T08:36:10
39793,27474,2024-12-03T19:21:37
26023,33233,2025-03-25T14:33:44
47244,556,2025-04-10T20:48:21
48339,83492,2024-11-10T21:37:32
17324,23513,2025-08-23T18:18:31
36247,84687,2025-06-20T05:47:43
45340,22262,2024-12-06T22:36:19
49085,60023,2024-11-17T08:15:58
16707,57407,2025-06-07T11:47:41
364,19825,2025-10-12T16:45:22
18231,90438,2025-01-27T17:04:48
17296,88661,2024-11-13T02:22:28
8697,81077,2025-07-07T10:39:50
41220,54924,2025-08-29T05:45:45
598,75831,2025-06-18T07:34:24
29917,94139,2024-12-20T23:36:30
26465,27842,2025-04-04T09:34:55
39969,90202,2025-06-27T03:19:32
20754,48703,2025-03-29T23:52:34
49600,1995,2025-07-26T13:54:39
25509,85621,2024-11-16T07:36:31
7998,58956,2025-02-04T00:00:59
17675,42194,2025-01-15T23:51:21
17899,20673,2025-08-28T06:35:48
28946,49185,2025-09-01T03:40:31
1746,83454,2024-12-11T12:27:39
3625,81465,2025-07-10T15:33:16
20068,82681,2025-10-03T11:26:08
25818,62605,2025-09-04T00:31:51
21706,40731,2025-01-24T15:02:00
20212,59577,2024-12-02T03:23:59
38668,56792,2025-03-01T04:40:04
36350,12063,2024-12-16T01:41:46
38748,64763,2025-02-01T04:46:39
46494,39958,2025-05-07T07:46:03
23187,68983,2025-01-23T05:54:04
41753,82126,2025-10-17T20:00:03
7070,81530,2025-04-25T18:07:41
15012,53146,2025-10-29T09:21:42
7295,2016,2024-12-16T22:12:05
43975,9311,2025-11-04T03:15:01
45322,82428,2025-10-11T08:19:26
21811,25341,2025-03-05T00:00:08
42289,75536,2025-05-19T17:58:47
8067,77451,2025-02-21T14:38:40
17353,28103,2025-05-24T16:46:11
47347,55203,2025-05-08T19:09:13
18637,66777,2025-10-03T20:10:44
3632,59027,2024-11-19T09:11:16
19900,49366,2025-03-18T11:09:30
8348,35835,2025-06-08T02:01:58
38693,92253,2025-06-02T05:47:43
31008,71121,2024-12-29T16:54:29
4874,37876,2025-05-26T15:54:02
4809,91717,2025-07-05T04:19:03
43816,15579,2025-10-24T20:52:13
8620,84660,2025-06-02T15:36:21
44951,94079,2025-01-19T13:00:11
25624,28517,2025-03-15T12:11:30
25004,34556,2025-09-29T19:24:34
18488,2136,2025-10-14T12:21:53
38386,96679,2025-01-24T17:36:23
27202,3077,2025-04-01T10:39:26
39740,36461,2025-05-20T19:27:24
22307,86383,2025-03-21T13:02:54
23681,41308,2025-07-13T22:38:37
10098,72195,2025-07-04T19:58:06
35785,25204,2025-10-01T17:56:20
38201,26535,2025-05-14T08:53:49
37392,87110,2025-01-19T23:44:45
2612,6366,2025-03-01T12:40:20
10583,58377,2025-05-02T03:46:10
24019,31995,2025-01-12T08:56:37
42762,82616,2025-09-19T14:03:24
47785,16065,2025-08-20T04:42:22
35089,91024,2025-05-17T01:58:44
32702,95270,2025-07-17T17:30:40
43376,61928,2024-11-26T10:49:29
33226,79826,2025-07-01T03:09:25
49883,21764,2025-08-23T17:34:04
36447,56063,2025-05-01T17:58:39
4126,69390,2025-01-24T12:18:06
18944,10629,2025-07-21T10:00:42
37081,70369,2025-10-04T02:26:38
37845,34734,2025-01-06T18:29:20
37956,36428,2025-09-09T04:41:30
37990,85312,2025-07-16T16:47:32
13211,99271,2025-08-10T14:19:38
36335,34073,2025-09-27T20:59:13
16367,49494,2025-08-12T07:43:48
28731,67932,2024-11-24T04:56:59
1333,91578,2025-10-06T21:17:56
38121,71756,2024-12-14T17:39:34
49058,86982,2025-01-20T04:07:49
16390,51477,2025-09-08T18:33:29
20735,34088,2024-12-08T21:54:25
30669,21571,2025-07-21T18:47:15
48398,37167,2025-06-10T18:04:14
33329,86274,2025-07-08T10:42:10
7629,62631,2024-11-09T10:31:02
16901,39975,2025-05-13T22:38:33
9378,87453,2025-09-21T07:18:02
20170,97488,2024-11-28T20:32:14
12675,28465,2024-12-31T13:30:54
28998,22450,2025-07-25T20:27:20
30836,46055,2025-05-26T10:51:38
40078,81626,2024-11-25T00:39:03
39950,28710,2025-05-06T02:14:24
49046,35806,2025-07-08T04:34:12
13014,22108,2025-06-01T00:06:34
45924,71717,2025-09-13T05:26:49
28715,58417,2025-08-09T01:29:31
30919,65709,2025-11-02T15:15:01
30729,11582,2024-11-23T07:26:54
5262,87238,2025-02-25T17:42:34
45871,26929,2025-01-11T06:42:00
2978,93367,2025-03-20T21:18:12
33563,49072,2024-12-02T12:01:13
45995,29860,2025-07-12T12:22:15
16459,90464,2025-10-22T05:58:53
27214,63161,2025-08-28T02:37:42
20417,79783,2025-07-06T20:20:37
11557,18578,2025-09-18T09:09:35
8968,51089,2025-02-18T18:31:15
47665,52178,2025-03-24T19:48:09
34958,85029,2025-03-10T18:26:29
40132,44862,2025-02-23T20:02:47
49583,30353,2025-07-09T15:09:31
48151,96896,2025-04-29T18:50:11
16011,13555,2025-05-15T04:31:25
19012,47611,2024-11-29T21:39:06
21326,89155,2025-06-28T23:55:54
48802,78849,2025-05-20T13:29:19
27337,32932,2025-09-04T17:34:24
25827,57036,2025-07-30T19:38:22
18028,28078,2024-11-26T17:57:07
39559,80335,2025-07-18T13:55:40
13714,2647,2025-10-24T06:40:03
24189,5242,2025-03-02T12:18:31
47247,76390,2025-05-04T05:26:02
37198,25198,2025-07-30T16:24:46
27595,33737,2025-02-19T14:34:40
21985,77657,2025-11-02T19:13:58
42872,9022,2025-09-24T18:57:37
21041,67364,2025-07-10T16:20:28
47682,89435,2025-06-08T04:17:02
37727,63152,2024-11-14T10:24:17
18008,68473,2025-01-02T04:12:31
11314,96,2025-08-05T16:05:17
3549,50245,2025-02-19T02:11:40
28756,92567,2025-08-21T20:45:57
42445,87610,2025-10-22T20:10:25
6475,41049,2025-06-06T11:13:22
20364,8494,2024-12-02T11:15:06
21983,26599,2025-03-10T13:10:10
24361,73472,2025-09-23T13:43:37
20601,38702,2025-07-03T02:29:55
31762,30171,2025-06-11T13:31:36
44160,67282,2025-05-02T10:25:59
45252,98688,2024-12-13T05:59:05
44830,15462,2025-08-11T07:58:35
41227,92036,2025-10-20T01:24:45
14646,69584,2025-05-06T15:18:28
42915,37175,2025-08-13T06:27:33
43800,5245,2024-12-29T06:39:34
29700,17327,2025-03-03T00:45:47
27166,33558,2024-11-24T18:12:10
45972,7194,2025-09-24T21:03:55
44670,77880,2024-12-11T19:21:38
33965,55249,2025-10-17T19:39:53
32123,49376,2025-07-21T06:06:24
49984,97681,2025-09-23T04:47:06
6605,1025,2024-12-09T21:39:39
41823,5351,2025-07-10T03:32:52
35409,48913,2025-05-01T19:58:55
27813,84068,2025-09-25T00:46:57
49964,14732,2025-02-27T07:27:42
14998,89676,2025-02-04T15:11:18
16454,64120,2025-09-30T23:15:57
7190,14612,2025-06-11T06:31:20
37890,92481,2025-10-19T03:48:21
12072,98444,2024-11-12T11:22:09
21455,8874,2025-02-12T19:43:24
46078,43090,2025-03-31T06:28:25
34126,84167,2024-11-20T16:57:02
41695,39222,2024-12-20T02:27:07
28145,9148,2025-07-03T08:26:09
48683,69608,2025-07-18T22:07:53
35415,30868,2025-10-16T12:30:01
26376,5688,2025-09-16T18:45:01
13901,42767,2025-06-02T06:07:39
33710,53482,2025-06-26T08:44:59
49011,56977,2025-02-18T17:56:02
38518,30969,2024-11-15T13:43:32
5086,61807,2025-05-12T23:02:53
48459,41151,2024-12-20T04:36:06
46430,40942,2025-03-18T03:04:06
19519,42822,2025-10-03T08:02:46
47679,47720,2024-12-15T17:57:54
13052,80827,2025-01-30T13:46:56
25948,95571,2025-02-03T23:22:22
39468,31825,2025-10-19T20:29:26
12335,52892,2024-11-20T08:11:42
4260,98000,2025-02-18T01:43:45
32226,74974,2025-05-08T07:56:53
46292,19839,2025-09-20T08:20:54
4035,99266,2024-11-09T16:51:09
28594,74916,2025-05-01T21:33:03
19238,54899,2025-01-07T19:44:09
862,64715,2025-08-19T16:40:41
49897,61039,2025-09-21T09:58:44
22244,83479,2025-03-03T23:14:34
38972,21204,2025-05-26T17:45:01
25966,81635,2025-05-22T02:28:38
13324,76942,2025-07-26T04:51:54
33959,26072,2025-07-05T15:59:29
32654,57900,2025-02-04T01:54:05
38291,10949,2025-07-11T04:12:11
20359,83621,2025-06-03T00:45:13
5604,84739,2025-06-19T10:55:59
18966,83318,2025-04-25T07:21:24
18387,1293,2025-05-15T22:25:54
27076,96386,2025-04-17T02:02:32
6988,89526,2025-09-02T14:28:33
1228,41675,2025-02-01T04:06:57
41553,87830,2025-09-02T18:10:16
46629,84901,2025-04-13T14:24:07
14151,32340,2025-10-07T17:57:46
44418,58241,2025-03-17T16:04:03
47631,96527,2025-08-12T14:55:15
46167,76953,2025-08-16T18:00:16
34244,9204,2025-05-06T23:37:35
7677,64957,2025-05-20T00:36:15
7925,68023,2025-08-31T16:51:37
31964,28604,2025-07-13T21:37:37
44594,72868,2025-05-16T12:33:23
10748,8668,2025-02-17T09:03:45
26607,13432,2025-09-14T23:06:50
20473,87877,2025-05-31T14:00:35
33117,77717,2025-05-10T09:15:05
17582,83579,2025-05-14T10:54:21
48001,86003,2025-05-17T20:48:14
37215,35779,2025-04-02T22:08:08
29559,65196,2025-05-16T14:27:41
36308,63427,2025-06-10T01:54:01
21045,52565,2025-05-12T22:47:22
35422,25574,2025-07-13T02:02:47
45573,27011,2025-11-01T03:49:37
31353,52951,2025-08-18T06:34:40
40134,31899,2025-03-26T17:26:43
26410,49246,2024-11-23T01:45:39
33084,66787,2025-05-08T11:08:16
19159,93385,2025-02-15T21:22:51
2735,2399,2025-05-25T21:29:00
14759,42580,2025-04-03T18:42:12
36735,78220,2025-04-08T20:47:05
22926,18695,2025-10-29T07:34:44
28234,20548,2025-09-08T03:46:35
11993,9739,2025-02-10T04:34:29
45024,18374,2025-08-12T14:08:18
41481,85399,2025-04-06T17:45:47
15760,15226,2024-11-28T19:46:35
48836,61541,2025-03-10T22:30:32
21099,22081,2025-04-26T04:42:17
39390,56692,2025-03-07T21:12:27
27661,35998,2025-09-07T09:49:30
49011,23394,2025-03-12T07:44:42
49950,39353,2025-09-20T09:08:25
31511,80783,2025-04-06T17:07:55
48588,66130,2025-08-02T10:33:36
46298,50838,2025-03-16T16:49:34
14969,8366,2025-03-16T04:25:03
47390,85055,2025-08-14T17:12:26
48379,25800,2025-02-11T19:46:35
38025,27959,2025-03-25T02:39:05
16276,27801,2025-07-24T01:46:25
35308,599,2025-10-09T18:04:28
9796,45588,2025-09-25T21:34:41
2727,64677,2024-11-29T05:41:10
44470,86422,2024-12-11T22:23:55
23048,80477,2025-03-07T05:45:24
41588,97968,2025-02-05T10:09:10
17611,65228,2025-08-25T22:35:00
20003,82824,2024-12-19T09:53:39
33215,54317,2025-06-25T09:10:34
41340,9906,2025-01-19T23:01:58
45863,44210,2025-02-24T04:34:57
43750,782,2025-03-11T07:49:30
38896,84552,2025-07-01T23:23:01
20695,83815,2025-09-04T03:10:35
4258,6494,2025-08-01T17:08:38
449,22537,2025-05-11T02:41:21
42056,42807,2025-05-18T22:51:04
13408,44592,2024-11-17T16:12:42
5949,38720,2025-09-07T20:17:14
12766,56128,2025-10-13T01:48:43
14532,24875,2025-01-04T15:23:07
23387,48684,2025-08-25T21:51:46
22243,15784,2025-08-28T20:59:27
24839,63685,2025-04-17T02:53:17
12842,3180,2025-06-18T04:28:23
8954,72322,2025-07-11T20:21:09
37557,76570,2025-09-27T18:14:17
41203,27711,2024-11-27T23:36:16
19826,14366,2025-03-20T08:33:32
27910,29437,2025-02-09T09:27:28
22411,60310,2025-05-11T21:05:22
3324,12317,2025-01-26T16:41:07
19888,95894,2025-04-13T05:38:14
38618,83909,2025-08-29T11:51:24
6538,27757,2025-08-10T16:35:42
7997,55177,2025-04-30T01:23:30
9981,57672,2025-07-26T00:14:07
6700,72521,2024-11-25T14:24:19
47735,46793,2025-06-30T19:11:52
31716,28791,2025-07-19T15:37:49
27942,52293,2025-02-19T11:31:57
26324,481,2025-03-23T14:18:52
197,20547,2025-04-06T22:14:50
31096,19879,2025-03-23T09:37:01
31237,85802,2025-10-04T13:32:21
35866,79539,2025-11-06T05:39:03
23057,65464,2025-04-23T23:02:26
38036,82322,2025-02-27T12:42:41
6257,81248,2024-12-14T11:12:35
18160,38350,2025-03-11T15:19:09
34385,90722,2025-10-28T21:04:17
34945,46340,2024-12-09T00:07:21
15485,56196,2025-06-12T10:28:12
35110,93238,2025-05-08T15:57:01
13608,46150,2025-09-09T18:46:43
21328,46658,2025-07-21T23:55:35
1142,67970,2025-10-20T20:08:33
32580,33081,2025-01-22T14:24:57
46121,53420,2025-06-15T21:56:36
27002,28735,2024-12-28T10:14:43
40930,62255,2025-09-04T02:57:19
42218,68292,2025-02-05T07:06:12
31799,50638,2025-08-24T12:08:10
30424,5509,2025-07-10T19:57:11
27076,36038,2025-10-28T00:44:14
20735,43694,2025-03-10T09:02:39
32990,22924,2025-04-03T05:30:24
25664,20814,2025-06-23T16:49:50
25,58994,2025-05-21T03:09:14
48493,51343,2025-02-07T12:12:04
2908,57621,2025-08-12T18:09:52
15070,78931,2025-06-18T11:06:01
25102,58398,2025-09-28T11:07:17
8320,39110,2025-07-03T23:55:04
48460,66869,2025-03-30T19:09:57
10669,46158,2024-12-09T20:28:25
19637,57521,2025-08-04T04:54:01
16335,33493,2025-04-23T21:18:05
41404,6838,2025-08-14T10:04:45
38038,44131,2025-10-12T19:54:59
19727,39645,2025-05-16T05:36:48
7596,57487,2025-04-18T22:27:27
29243,10323,2024-12-09T21:02:40
28083,28955,2025-06-25T22:23:55
4902,90222,2025-09-11T15:41:53
1416,62829,2025-08-18T04:30:28
5784,78770,2025-05-25T01:00:12
38255,13596,2025-10-05T16:28:54
8923,28547,2024-12-02T12:30:49
27923,83496,2024-12-20T02:02:19
19272,68493,2025-02-03T06:06:12
4368,80405,2025-10-29T07:55:38
6112,186,2025-09-09T23:49:26
40878,58892,2025-08-16T13:23:46
46977,4369,2025-11-02T14:36:04
20833,64721,2025-10-11T21:42:31
46043,45771,2024-11-28T15:21:01
33334,52853,2025-09-06T07:05:25
17280,15653,2025-08-10T07:11:49
13715,72146,2024-12-19T08:05:03
4964,31479,2025-10-16T19:00:23
14343,96206,2024-12-19T04:46:40
26027,94911,2025-09-08T12:02:06
9835,28420,2025-06-24T15:01:24
6144,36649,2025-06-17T08:32:50
2489,5533,2025-01-12T09:21:25
31875,92278,2025-08-23T13:33:44
32391,48606,2025-07-29T02:01:12
37215,20897,2025-01-24T23:04:31
23082,94646,2024-12-11T03:05:45
47600,39599,2025-04-03T00:36:54
12406,99097,2025-04-09T17:59:50
48317,7611,2025-07-31T13:34:06
8583,58627,2025-07-02T18:50:15
31256,95196,2025-07-02T03:31:52
43197,97164,2025-07-30T11:34:12
12445,70411,2025-05-27T22:09:05
46859,87734,2025-08-29T02:07:43
37878,99161,2025-10-01T07:42:32
44187,877,2025-07-27T06:05:49
3771,75132,2025-08-11T07:34:15
11463,93663,2024-12-02T19:40:12
42479,38806,2025-05-30T10:02:39
39846,29048,2025-08-17T20:34:07
34037,52313,2025-10-30T16:25:33
22279,41418,2025-01-27T10:34:50
38233,99400,2025-11-02T16:35:41
13185,77489,2025-02-26T17:01:41
13650,30495,2025-04-12T03:10:01
8285,28671,2025-09-07T01:24:17
37664,20410,2025-04-18T23:32:40
34734,52307,2024-11-23T14:48:12
30810,87753,2025-08-16T11:38:12
6813,35335,2024-12-15T23:09:05
34783,40631,2025-03-31T13:08:48
8646,41029,2025-07-22T19:14:42
10349,87493,2025-02-07T19:32:14
45334,37001,2025-02-05T20:41:45
13590,13556,2025-09-05T08:13:46
24022,8806,2025-09-20T00:13:32
35970,62555,2025-03-13T07:11:42
36311,63159,2025-09-17T02:54:09
15309,45424,2025-07-23T21:51:36
24779,6947,2024-11-21T09:06:21
7423,51095,2025-04-03T10:59:26
31842,95035,2025-10-07T11:01:23
6095,64424,2024-12-30T14:25:01
28400,73726,2025-03-31T15:20:28
8269,69135,2025-03-15T07:11:57
9728,17321,2025-03-12T20:08:56
30589,20963,2024-12-19T15:03:36
14401,81329,2025-02-13T11:17:51
5397,5640,2024-11-23T19:25:44
34891,38281,2025-02-17T02:54:27
33151,43678,2024-12-28T14:16:33
39891,34978,2024-12-24T23:34:48
7687,19060,2025-08-25T14:44:06
9623,4258,2025-10-04T03:53:46
12769,44270,2025-10-02T16:31:54
25618,19537,2025-07-31T02:54:00
11993,48482,2025-01-20T09:12:48
43869,22235,2024-11-10T07:39:09
5676,16931,2025-08-03T13:49:35
14564,2160,2025-06-06T23:46:09
39915,28134,2025-02-28T23:01:00
37229,55577,2025-07-25T03:27:16
14262,84475,2025-01-26T11:54:10
45679,59448,2025-06-05T22:06:57
17660,34596,2025-05-16T13:46:49
49006,41592,2025-04-08T16:11:44
37947,15898,2025-01-01T22:31:55
14198,54458,2025-10-26T01:37:58
16326,5858,2025-08-14T01:23:00
15147,60870,2025-01-17T13:18:04
18541,58874,2025-07-14T03:05:12
22254,81311,2025-04-04T16:25:13
48455,29619,2025-08-27T07:55:32
31418,70822,2025-07-06T15:38:19
29283,11893,2025-01-22T01:28:30
38856,57263,2025-10-30T18:36:49
28226,99926,2025-09-28T09:00:14
38444,65460,2025-01-29T14:32:14
22810,82052,2025-07-18T22:27:51
30023,44168,2025-03-05T10:20:07
24781,8691,2025-11-06T13:24:24
30768,80134,2025-06-30T06:39:07
30131,26342,2025-10-16T22:23:41
785,9890,2025-09-05T21:37:48
1442,5640,2025-01-25T08:12:05
17108,78090,2024-11-25T10:48:02
18815,25870,2025-10-18T14:42:38
44801,88918,2025-02-11T18:15:55
14160,21619,2024-11-19T19:25:42
48563,64085,2025-09-24T00:51:56
32432,71433,2024-12-30T07:14:04
43964,76953,2024-11-21T07:58:11
37392,13960,2025-04-07T19:47:44
14601,22854,2025-04-30T18:55:25
24245,22226,2024-11-10T03:06:19
5564,55813,2025-02-08T14:27:01
12176,32254,2025-01-23T04:18:02
42145,59559,2025-11-03T23:10:02
44811,81325,2024-12-23T11:07:37
32018,17271,2025-10-07T03:03:13
36381,35071,2025-10-14T03:57:01
6218,37673,2025-06-10T03:12:56
29053,87084,2025-05-28T15:45:56
32950,72015,2025-02-03T11:57:38
39082,64332,2025-10-22T13:31:51
5506,60362,2025-07-17T13:16:29
26554,34777,2025-02-14T00:24:34
44005,80623,2025-05-27T23:10:39
28170,61265,2025-09-25T00:33:10
10169,57677,2025-04-13T20:20:50
40915,76645,2025-06-26T01:53:00
8498,17033,2025-03-17T10:17:05
46930,58344,2024-11-25T22:37:51
11660,97,2025-10-29T17:45:12
22048,97340,2025-06-29T00:49:41
13896,97858,2025-07-29T16:31:51
38326,41850,2025-09-18T09:54:26
28567,45615,2025-04-04T19:39:55
27222,15897,2025-06-23T21:09:54
18934,93547,2025-10-04T11:06:11
48931,77903,2025-06-11T01:14:41
4128,55824,2025-08-22T22:34:03
23914,58909,2025-10-07T20:49:49
3590,66069,2025-03-12T13:26:37
44560,79646,2025-10-29T03:55:01
31249,28702,2024-11-28T00:46:28
11657,19549,2025-10-03T19:52:56
28136,50421,2024-12-20T18:54:12
8039,18172,2025-03-13T06:10:26
30385,54393,2025-01-15T09:30:44
24982,89264,2025-10-07T09:57:42
26802,93972,2025-10-24T07:54:06
39858,71986,2025-09-27T04:00:54
7065,58942,2025-10-16T03:39:27
917,2081,2025-08-04T04:52:52
29804,75075,2025-10-16T04:49:46
829,7141,2025-04-21T16:56:31
271,84136,2025-01-25T07:26:44
16219,21484,2025-03-13T12:19:37
15093,9672,2024-11-27T08:29:50
40695,54761,2025-07-10T07:18:33
7759,36495,2025-08-18T01:26:00
30918,25412,2025-01-17T19:22:13
47626,76712,2025-08-01T14:24:44
31792,47939,2025-01-12T05:30:26
36997,19659,2025-02-24T01:15:35
28075,23778,2024-11-10T23:35:03
20418,97402,2025-10-15T07:00:55
26345,26749,2025-09-08T20:22:14
21120,64497,2024-12-12T00:09:20
30323,39166,2025-01-23T14:34:35
40746,27621,2025-09-19T12:32:52
6248,21243,2025-06-12T14:16:30
18581,39578,2025-03-11T10:58:24
30631,3427,2025-02-02T04:01:32
15135,6157,2025-03-12T09:36:46
17915,99039,2025-04-27T20:52:15
23402,10614,2025-05-07T06:51:49
22630,74369,2024-12-30T17:58:25
27079,85393,2025-03-04T10:46:51
46490,78332,2025-01-22T13:48:11
8130,44146,2025-05-30T07:03:24
4780,5963,2025-08-11T19:53:06
10876,51134,2024-12-01T16:47:12
19332,10741,2025-10-04T00:55:16
42515,13112,2024-12-30T12:23:24
40459,48656,2024-11-29T19:36:34
15635,17076,2025-04-18T18:51:03
11243,80080,2025-09-06T09:40:43
37463,59324,2025-03-04T21:00:03
12411,86987,2025-09-15T08:21:01
25571,76653,2025-02-24T13:23:22
44400,91368,2025-05-27T22:28:35
11684,12270,2025-04-22T00:16:33
33738,44598,2024-12-19T15:26:32
40416,28165,2025-01-01T16:03:58
18859,79726,2025-10-05T17:10:37
2618,64930,2025-07-20T06:25:59
12704,7783,2025-08-21T00:37:27
365,96904,2025-10-03T23:35:53
43083,21001,2025-06-21T01:30:17
44264,17354,2025-01-24T20:29:02
2395,57441,2025-09-15T09:15:59
15470,80384,2025-03-11T17:00:01
42082,55761,2025-09-10T06:44:28
3611,11003,2025-01-19T09:12:51
41261,55593,2025-08-14T20:05:55
41549,56741,2025-10-13T04:33:16
23538,24213,2025-07-13T02:07:44
47458,95576,2025-03-18T00:23:14
44206,1882,2024-12-14T15:13:29
6747,77900,2025-07-31T22:08:36
9902,92535,2025-03-24T18:56:40
8110,61094,2025-04-29T18:43:51
25688,66095,2025-05-23T07:11:28
24803,81530,2024-12-12T10:51:03
35356,57570,2025-03-26T04:41:50
28566,18157,2024-12-30T08:27:28
24163,78084,2025-04-14T17:29:51
39018,18526,2025-06-22T22:29:32
33652,56984,2025-01-13T05:58:20
6422,36513,2025-07-26T21:43:37
30529,74756,2025-01-08T19:01:29
34734,72485,2025-05-23T09:49:04
45861,1046,2024-11-10T20:46:30
25362,92645,2025-02-11T05:26:40
39109,20552,2025-11-03T16:30:11
37042,17103,2025-02-24T20:12:05
22799,30988,2025-09-25T00:09:04
20419,42755,2025-03-15T07:45:45
19995,59497,2024-12-07T01:23:36
9042,7752,2025-09-17T18:39:00
4976,3623,2025-03-16T04:32:51
32021,48725,2025-10-10T17:07:12
373,25274,2025-02-14T16:39:58
44980,43199,2025-08-17T14:31:00
5915,96541,2025-01-07T07:28:32
40672,77361,2025-01-31T09:41:22
7732,34179,2025-10-18T01:30:00
40618,26697,2025-05-18T16:40:45
28214,68318,2025-10-31T22:15:34
19400,25546,2025-02-04T08:23:54
3840,7482,2024-11-26T06:37:44
6479,7791,2024-11-25T08:16:54
49253,15884,2025-05-09T09:33:06
44804,68016,2024-11-08T16:20:42
27930,20393,2025-06-12T19:49:36
43628,80245,2025-01-08T07:12:39
26629,502,2025-10-17T09:57:13
7567,66460,2025-09-28T09:46:19
24652,32888,2025-10-16T19:47:07
3797,62315,2024-11-16T07:46:12
45267,84145,2024-11-27T18:15:00
14927,40483,2025-09-21T21:26:07
2580,72062,2025-01-10T03:53:49
14054,10873,2024-11-17T05:04:43
38042,37524,2025-01-18T07:28:12
19290,86385,2025-09-25T17:00:31
16314,72909,2025-09-13T07:47:58
31346,56342,2025-05-06T16:50:18
33966,60963,2025-01-17T05:38:39
42674,72794,2025-10-21T05:04:43
21150,44798,2025-04-03T17:09:12
31906,13178,2025-03-15T03:03:12
26123,19609,2025-04-30T06:50:27
35627,86380,2025-03-30T09:16:22
37084,23981,2025-09-16T17:47:43
36980,68027,2024-12-24T06:29:25
7543,81965,2025-08-12T04:08:54
30715,50543,2025-07-30T09:22:38
25359,13642,2025-08-27T14:21:50
36387,9394,2025-10-14T10:31:04
43780,53415,2025-03-06T11:41:42
6147,49052,2024-11-21T02:36:04
13663,49609,2025-06-18T11:38:32
13804,75800,2025-07-17T18:31:51
37434,61316,2025-02-27T02:43:13
1044,59263,2025-05-09T03:41:49
37534,30055,2024-12-10T11:07:10
32252,46592,2025-01-12T00:41:13
42638,61708,2024-12-17T20:51:03
23167,16746,2025-07-08T15:16:50
1237,63358,2025-06-16T00:34:53
38750,1131,2025-09-22T20:08:40
47801,10187,2025-10-24T01:06:42
16489,27076,2025-03-29T17:43:30
15437,46998,2025-02-04T06:02:25
9598,92210,2025-02-25T12:37:55
29639,55108,2025-05-13T06:00:40
45295,71109,2025-05-08T01:12:53
37238,37771,2025-01-26T04:44:03
27892,27944,2025-09-16T09:53:43
44289,57954,2025-02-09T08:05:44
8633,76069,2024-12-21T13:38:38
7065,16785,2025-04-20T16:37:39
24703,56318,2025-03-30T12:58:57
9022,83828,2024-12-20T18:55:06
22601,65039,2025-08-20T04:23:42
42771,19825,2025-02-09T05:25:43
43081,70042,2025-10-22T07:30:18
43617,75582,2024-11-12T00:49:13
47815,92591,2025-07-11T18:30:03
13025,1617,2025-06-22T20:32:56
34634,85250,2025-05-31T12:35:14
34949,8003,2025-03-12T01:06:44
24517,45522,2024-12-14T07:14:47
25136,35647,2025-04-16T16:37:39
28451,43644,2025-07-11T05:12:13
16845,9094,2025-07-02T07:58:53
24323,67760,2025-01-18T17:20:47
18433,46629,2025-05-06T10:44:29
39710,67090,2025-01-30T13:52:47
24930,28737,2025-02-25T03:37:47
27126,78691,2025-10-23T13:06:53
39381,52318,2025-04-05T05:16:46
27426,87948,2025-06-19T03:13:11
6747,83636,2025-08-23T22:57:43
21111,77892,2025-05-30T12:36:21
16445,89593,2025-04-24T10:56:39
8802,55197,2024-12-18T13:34:33
13376,6235,2025-11-04T01:27:27
1780,64065,2025-04-18T07:31:26
29753,93525,2025-05-29T03:37:50
28187,29553,2025-06-15T06:02:56
23236,74099,2025-08-29T06:30:16
9069,77200,2024-11-21T07:03:22
6901,87858,2025-09-22T10:09:22
18525,16628,2025-04-02T20:56:01
44782,60937,2025-06-14T20:34:53
28328,47611,2025-03-18T17:12:52
40625,95809,2025-03-06T10:28:20
20101,40501,2025-01-29T18:48:23
22881,45494,2025-01-07T15:55:46
34081,76978,2025-01-01T17:18:54
20760,45560,2025-07-23T02:13:55
49407,54362,2024-11-23T23:26:37
11801,51543,2025-05-29T17:39:56
2763,8577,2024-11-23T18:50:55
4762,15764,2025-06-03T12:28:58
13400,79131,2025-05-28T18:04:44
9628,52970,2025-02-20T10:19:43
17785,46931,2024-11-24T13:30:26
24409,25460,2025-04-11T02:44:21
44885,9082,2024-11-22T10:49:31
18745,68106,2025-07-04T18:02:57
4217,71729,2024-11-12T07:55:45
18856,10032,2025-09-28T07:07:56
49869,88626,2025-04-09T09:20:47
30080,78347,2025-03-10T14:51:42
31235,52363,2025-01-20T17:43:15
43909,65269,2025-08-19T12:39:24
12907,38417,2025-08-11T03:48:16
10153,18553,2024-12-14T21:53:08
7733,80423,2025-08-17T19:43:11
2713,5518,2024-12-14T05:32:42
12945,23912,2025-07-13T12:21:21
1020,75891,2025-06-04T13:06:32
13636,6367,2024-11-15T18:01:47
35363,9795,2025-09-16T22:25:20
13931,83494,2025-01-31T18:31:11
15229,7017,2025-07-30T06:26:54
13487,84291,2025-05-15T22:21:10
7218,83444,2025-04-02T23:27:33
43268,86488,2025-06-08T12:58:16
8805,11772,2025-09-23T23:02:16
30812,15022,2025-06-18T01:12:27
3480,95925,2025-09-29T12:51:25
48472,98351,2025-04-02T22:58:50
46801,3014,2025-02-19T15:57:12
7344,69392,2025-01-21T08:55:20
4215,49052,2024-12-12T19:06:25
28289,49426,2025-03-10T02:00:58
40092,77801,2025-08-09T09:16:48
16302,26776,2024-11-12T14:14:52
4545,46176,2025-07-26T16:37:21
11730,32458,2025-03-26T19:53:23
48967,29511,2025-08-31T22:54:29
42274,17023,2025-07-18T23:26:01
25035,96408,2025-10-07T18:18:03
14535,67523,2025-08-21T05:18:33
482,88656,2025-05-22T23:50:26
3512,42292,2025-08-17T03:02:18
38199,35048,2025-01-07T15:34:40
39558,27104,2025-09-05T11:16:26
39057,29801,2025-04-30T14:16:01
34022,54117,2025-05-10T19:55:01
49281,91900,2025-07-27T20:34:44
28585,68647,2025-07-13T12:12:05
29945,40064,2025-03-27T12:21:42
39794,78320,2025-04-21T05:41:06
12999,67711,2025-08-20T07:50:40
9019,37406,2025-09-29T03:11:11
24288,85432,2025-03-06T17:34:52
31574,97572,2025-02-04T20:25:45
7690,24040,2025-04-04T18:40:53
10135,86880,2025-01-08T04:39:21
23578,65345,2025-01-31T00:28:35
28625,65319,2025-10-11T16:34:33
14400,41818,2024-12-13T16:58:28
41735,19851,2025-06-04T15:17:32
23481,53733,2025-01-24T20:25:21
46173,16319,2025-10-23T11:42:30
26686,9088,2025-11-01T15:23:03
11907,17348,2025-05-13T08:52:56
2517,71066,2024-12-20T02:18:10
32234,74556,2025-04-27T10:15:38
13973,66793,2024-11-11T23:13:19
6832,64939,2025-01-29T01:08:53
27863,68315,2024-12-30T08:45:15
40109,74843,2025-04-14T09:34:34
9132,38329,2025-02-11T08:03:21
16332,47385,2025-04-14T17:08:13
11260,9433,2025-01-18T21:21:06
44448,93470,2024-12-18T07:10:54
31178,72798,2025-05-07T14:54:56
35230,27928,2025-09-23T01:06:13
47573,44610,2025-09-01T21:43:07
13041,59226,2025-05-14T03:25:45
14127,48065,2025-07-16T16:57:13
44452,99076,2024-12-15T10:36:27
10410,51494,2025-05-01T00:19:51
4278,9368,2024-12-29T02:11:10
3413,73313,2024-12-30T03:25:17
48112,17652,2025-04-28T21:20:29
9951,56125,2025-09-14T21:29:27
12915,76559,2025-06-10T09:56:51
6011,5278,2025-03-19T00:27:20
41506,90561,2025-08-12T08:51:15
7214,49222,2025-06-07T08:39:49
24536,12574,2025-02-05T05:27:45
18403,1353,2025-10-12T06:28:29
39575,58576,2025-03-03T22:51:39
30403,24862,2025-03-29T23:40:24
16254,97047,2025-07-20T02:13:20
31724,95244,2024-12-01T07:43:39
15138,25248,2025-06-15T20:20:56
19719,27380,2025-02-13T06:43:53
3851,31593,2025-01-05T23:00:08
39381,66081,2025-09-28T16:24:19
31445,23034,2025-07-18T14:23:25
46662,47042,2025-09-17T23:27:31
6597,86744,2025-03-27T22:52:25
5144,63283,2025-07-18T19:21:28
8641,57740,2025-10-09T06:13:47
35578,21496,2025-07-13T10:30:10
41640,50263,2025-06-03T22:56:30
34699,61667,2025-09-29T23:21:19
32240,63886,2025-02-25T05:02:00
42413,83691,2025-05-11T04:46:38
34718,81018,2025-03-05T00:35:49
43396,89217,2025-07-01T21:47:22
47794,50628,2025-03-02T06:12:32
13512,13550,2025-05-09T07:32:17
38384,17190,2025-10-31T15:56:10
27221,69125,2025-01-25T01:57:18
11009,35055,2025-03-16T12:38:22
18863,79451,2025-01-26T16:33:42
8891,96123,2025-09-06T13:57:29
30100,96676,2024-12-02T23:00:57
49770,9824,2025-07-07T16:30:31
45531,67484,2025-05-19T03:03:45
44310,72545,2025-08-17T11:52:33
48691,11165,2025-06-13T03:11:03
30300,55692,2025-09-01T04:50:55
8913,37831,2025-02-15T17:15:31
2896,73,2025-01-20T15:38:04
27974,80867,2025-06-26T22:07:23
12886,87503,2025-02-05T23:30:52
13374,58985,2025-05-02T02:32:28
28942,89650,2025-05-31T01:29:36
6324,8492,2025-01-24T05:34:15
13251,85116,2025-03-12T12:48:11
18503,4164,2025-08-13T08:39:03
1428,79014,2025-09-24T13:50:09
36036,32290,2025-08-18T11:53:21
9354,232,2025-07-14T17:10:05
20990,50575,2025-08-09T17:08:30
31910,92057,2025-04-04T07:48:10
34569,63018,2024-12-10T03:00:29
21248,81905,2025-09-20T06:13:54
743,46763,2024-11-24T05:54:38
20172,42608,2025-10-09T05:30:45
44037,65923,2025-11-05T10:10:41
48320,95337,2025-01-05T16:51:01
4850,32480,2024-12-26T11:42:30
35941,21537,2025-08-03T16:34:07
26436,91391,2025-08-19T04:15:13
43788,44685,2025-06-30T19:45:51
29315,55000,2025-02-21T22:28:24
17352,21495,2024-12-01T19:10:21
1466,37511,2025-09-01T23:30:32
6706,35099,2025-02-26T06:12:36
14300,88553,2025-06-01T02:15:35
23341,77453,2025-01-14T20:02:59
21128,12538,2025-11-06T14:31:41
33396,93973,2024-11-14T04:16:24
10147,43551,2025-07-05T23:57:42
45623,47671,2025-02-23T00:07:37
44747,33292,2025-04-15T10:29:53
41052,61172,2025-04-18T14:19:43
43476,54543,2025-05-06T06:10:21
42397,83742,2025-08-16T17:34:34
23449,57683,2025-10-12T06:44:40
40365,23101,2025-05-12T20:50:02
2426,93417,2024-11-30T04:42:32
13895,74828,2025-11-04T05:17:36
6286,26917,2025-06-20T14:23:02
7084,61698,2025-05-23T01:25:27
38432,77900,2025-07-18T02:26:09
885,80928,2025-06-27T03:40:47
47903,50771,2025-10-09T15:33:10
41911,63442,2024-11-09T06:07:04
27861,20820,2025-07-24T06:32:06
18524,45821,2025-04-02T17:14:35
25831,67507,2025-11-03T14:32:02
2541,23012,2025-03-22T01:04:33
417,33398,2025-10-08T07:41:41
24298,18399,2024-12-18T21:35:42
33337,18163,2025-05-23T19:35:15
20547,4560,2025-10-23T00:11:43
13320,23833,2025-01-07T02:08:27
34457,58002,2025-10-05T05:17:24
24184,90305,2025-09-13T03:56:36
33356,13615,2025-06-11T23:38:50
43478,63733,2025-11-02T02:18:43
24438,91603,2024-12-11T03:36:25
43601,12514,2025-04-05T13:13:21
11334,66641,2024-11-23T06:12:11
45728,26901,2025-01-25T06:50:34
27341,97768,2025-04-06T04:59:26
20363,81726,2025-01-24T00:46:36
5832,12743,2025-09-06T10:39:59
48636,62579,2025-04-27T04:59:06
26389,15416,2025-10-16T16:45:26
43948,19344,2024-12-30T07:21:46
29232,29874,2025-04-02T20:43:54
43082,81948,2024-11-19T09:53:35
8041,45312,2025-03-07T02:49:07
43367,5323,2025-08-15T21:18:03
19143,45741,2025-03-18T22:34:09
23903,26639,2025-06-06T12:33:46
36174,89888,2025-01-29T15:39:16
2283,45272,2025-08-29T19:50:47
3451,69882,2025-01-05T00:15:53
48589,19112,2025-02-26T19:15:31
9131,92812,2025-03-30T01:09:56
901,20352,2025-09-12T20:40:41
13355,97084,2025-08-07T20:41:22
12028,16141,2025-07-19T05:56:19
4322,58384,2024-11-10T11:01:27
15613,44684,2025-05-28T09:46:35
10472,89683,2025-03-03T09:17:35
2445,66946,2025-05-17T15:24:06
44710,36848,2025-10-16T05:35:25
46393,69062,2025-06-24T19:14:02
42781,32000,2025-06-11T20:44:54
47805,88998,2025-01-22T03:48:46
13903,1481,2025-06-02T08:12:38
39328,11045,2025-09-06T04:49:04
43875,47101,2025-07-03T07:08:33
14797,68705,2025-05-22T09:15:04
9067,7960,2025-06-27T11:37:45
13867,73775,2025-08-10T07:59:41
6737,5039,2025-10-03T04:29:21
44269,9845,2025-05-30T19:59:45
43393,25,2025-04-30T17:14:35
49140,70119,2025-03-10T17:09:17
27868,18443,2025-01-17T19:59:51
43270,38489,2025-05-15T03:45:26
38981,46710,2024-12-03T18:51:28
937,33158,2025-08-25T00:50:10
40939,72911,2025-05-09T01:13:18
18276,18949,2025-05-18T07:38:56
19243,54604,2025-10-26T09:28:42
5265,46779,2025-02-15T22:14:21
8391,8375,2025-08-26T08:36:11
25547,35488,2025-03-07T00:06:23
37982,5301,2025-06-01T12:47:03
34829,22104,2025-03-27T23:30:20
48272,63228,2025-03-29T09:11:08
41512,78008,2025-07-30T22:19:14
49158,53091,2025-08-31T06:19:40
31142,16995,2025-06-27T15:06:53
36329,48378,2025-04-02T06:34:44
36418,82848,2025-04-19T11:23:44
4380,83638,2025-01-04T17:40:16
8560,85590,2025-02-27T00:13:14
12007,41867,2025-04-11T12:52:25
27096,74111,2025-10-13T05:09:10
39664,19003,2025-04-28T22:49:58
32237,54761,2025-10-18T12:26:37
20796,60513,2025-04-22T15:36:01
18960,54683,2025-01-16T12:28:59
11497,11743,2025-06-06T03:39:23
37599,95204,2025-06-15T14:46:35
46846,37505,2024-12-12T10:28:25
10641,12552,2025-06-14T07:49:32
46428,66141,2025-05-15T20:26:22
12060,75036,2025-02-07T15:41:42
32976,79000,2025-07-13T16:05:39
32449,16281,2025-04-16T15:53:11
2450,36307,2025-03-29T20:16:55
48057,69125,2024-12-21T05:46:27
19210,64134,2025-10-10T22:26:47
28366,95305,2024-12-13T06:14:33
35464,79921,2025-07-19T06:56:25
2513,30100,2025-01-28T00:27:48
24037,7618,2025-10-16T06:19:16
36222,4519,2025-09-14T10:12:15
44928,80932,2025-08-21T14:48:34
47117,59543,2025-03-25T21:23:00
14742,21245,2025-10-02T09:20:16
44792,83936,2025-05-30T05:54:05
42233,78608,2025-07-27T21:31:30
21017,54030,2025-02-27T22:50:29
3175,97952,2025-09-06T18:23:19
5424,95198,2025-07-01T12:23:09
44547,99066,2025-02-22T21:36:08
2962,99573,2025-02-28T13:56:45
42595,574,2025-06-17T01:43:34
7314,64034,2025-04-04T08:03:57
30110,3817,2025-08-22T01:16:53
18484,97207,2025-05-14T01:52:53
13425,95175,2025-08-26T22:44:18
24144,15101,2025-02-22T04:54:58
43916,45815,2025-05-26T08:20:52
24289,400,2025-09-25T06:45:52
28007,25914,2025-04-15T11:40:01
28528,98555,2025-01-12T19:37:12
44955,55651,2024-12-03T05:01:13
41496,18828,2025-09-25T05:52:59
15894,99891,2025-11-06T07:59:42
46485,18364,2025-03-09T12:34:38
28151,53262,2025-09-26T11:00:49
18188,13209,2025-04-12T18:25:49
46747,63742,2025-04-15T03:47:21
42328,24195,2024-11-07T04:48:21
31219,25403,2025-06-24T05:05:55
2891,7492,2025-09-05T09:09:57
36725,65052,2025-10-21T16:54:29
31625,28704,2025-07-07T00:58:35
28972,96054,2025-05-30T05:49:38
14089,34078,2025-02-27T02:18:44
29333,73842,2025-06-19T10:38:53
15678,7932,2025-10-06T22:08:13
42169,70457,2025-07-03T22:50:27
47443,13542,2025-06-27T17:06:02
16007,31157,2025-02-10T12:44:22
21253,39619,2024-12-10T14:04:15
49874,57292,2025-08-12T00:11:10
27571,63714,2024-11-20T10:20:03
4465,60487,2025-10-12T11:54:45
25814,82299,2024-12-11T22:40:44
15555,61337,2024-12-06T02:48:13
4132,77630,2025-10-01T16:46:16
9079,58973,2025-08-05T22:58:27
48056,47195,2025-02-02T05:37:50
43300,82814,2025-09-17T09:22:50
4259,62857,2025-08-05T00:49:09
32406,87877,2025-08-08T02:14:05
19738,99780,2025-08-02T23:56:41
27998,74045,2024-12-17T06:34:26
19697,43600,2024-11-18T07:34:23
47046,48427,2025-05-04T20:29:41
11051,65688,2025-03-14T01:48:51
30298,67806,2025-09-28T10:12:09
39347,27376,2025-04-16T09:30:11
46194,43239,2025-02-09T19:24:10
41201,78116,2025-08-10T17:39:07
37053,58093,2025-07-15T16:09:57
33109,52097,2025-08-31T15:17:05
1581,31073,2025-08-24T01:59:00
35909,92636,2025-02-25T11:40:24
39079,95630,2025-07-25T07:25:07
29531,44321,2025-09-14T14:25:26
26096,27034,2025-09-23T22:10:54
11068,10529,2025-02-19T04:38:24
36714,95606,2025-04-14T15:29:09
16193,88084,2025-09-26T01:49:32
8646,45053,2025-07-23T20:37:05
38963,62641,2024-12-28T10:59:35
27562,81138,2025-05-17T16:03:08
6200,33043,2025-05-18T00:29:28
27121,46832,2025-06-12T11:54:17
13843,6618,2025-10-17T14:15:13
40402,75230,2024-12-18T18:45:18
15902,70523,2025-09-12T20:19:52
41091,26779,2025-04-10T03:29:22
40058,36019,2025-01-22T10:51:39
43595,17405,2025-05-12T20:48:51
45039,66417,2025-09-08T05:32:37
38085,99157,2024-11-06T21:33:14
45551,59340,2025-01-23T21:26:58
15348,96822,2025-10-24T16:09:47
39580,74293,2024-12-17T12:05:47
20745,28997,2025-10-01T15:42:29
6077,47297,2024-12-04T05:17:29
34220,7154,2025-04-18T02:27:37
30948,51822,2025-06-24T06:35:45
48388,49389,2025-08-09T22:36:59
46118,59237,2025-03-19T04:30:40
3344,89489,2024-11-09T13:02:03
28196,21771,2025-02-14T06:50:54
997,79302,2025-10-11T13:01:20
46331,44646,2025-07-24T21:26:51
6194,63084,2025-07-26T22:22:31
25898,98792,2024-12-25T14:31:56
26571,8122,2025-03-06T01:21:53
40174,51382,2025-09-26T20:11:08
36675,81002,2024-12-06T01:56:57
31566,179,2025-10-07T02:02:11
36076,65552,2025-01-22T13:41:57
49640,80677,2025-09-20T18:13:05
23290,11670,2025-06-08T21:14:00
31560,67732,2025-09-01T14:49:01
46216,73632,2025-02-01T18:06:08
39554,59427,2024-12-03T03:34:16
40210,95930,2025-01-10T04:52:20
21992,30328,2025-03-13T16:22:22
20418,90975,2024-11-08T20:43:11
40838,79537,2025-10-28T10:40:51
1367,98977,2025-07-18T19:03:51
3918,20841,2025-05-02T15:17:19
47924,17809,2025-03-24T19:46:28
18062,93540,2025-05-08T21:08:15
12505,5396,2025-02-14T17:29:34
26468,62831,2025-02-16T15:25:26
6574,35210,2025-08-04T01:15:53
9855,21177,2025-10-02T05:13:27
41819,70976,2025-04-24T10:09:19
10331,50582,2025-05-07T23:28:31
34419,21835,2025-03-01T01:17:19
31079,63894,2025-07-13T11:05:27
96,50014,2025-08-18T05:27:49
37877,56469,2025-01-21T09:40:42
33067,49020,2025-08-13T06:33:12
26179,3860,2025-02-12T05:00:23
32246,99692,2024-11-07T02:37:45
10219,93922,2025-09-19T19:01:24
25586,21702,2025-05-12T05:23:49
33041,6666,2025-01-16T16:54:31
48048,71636,2025-09-27T21:16:17
41026,70997,2024-12-24T08:28:12
18275,24929,2025-02-02T22:26:20
21686,91198,2025-09-21T16:35:16
41970,5503,2025-10-01T23:14:46
40653,90588,2025-05-15T19:27:03
3530,69685,2025-02-13T10:31:01
27291,64061,2025-09-09T10:59:52
26272,69968,2025-07-24T22:35:54
6165,15476,2024-11-26T15:00:45
18994,91726,2025-08-14T10:34:32
36239,52481,2025-09-05T11:53:22
32783,15963,2025-03-21T15:31:24
33675,96023,2025-08-20T19:53:59
14165,2241,2025-03-06T14:49:07
27465,56807,2025-05-15T17:46:46
25631,94801,2025-03-05T19:12:58
29806,83225,2025-01-18T12:56:57
3378,30830,2025-09-03T19:34:42
34,95708,2025-08-23T14:49:15
32038,90151,2025-10-13T03:12:56
17140,65893,2025-10-11T06:55:04
7805,12327,2024-11-18T22:09:43
31721,60635,2025-07-20T06:33:12
12310,76801,2025-07-17T04:50:36
1815,32687,2025-10-13T17:05:06
4638,7570,2025-02-04T06:03:05
48520,56932,2025-02-16T10:48:23
34799,289,2025-05-06T22:55:02
29037,48875,2025-05-01T13:16:54
35215,5591,2025-03-04T14:17:10
37189,33107,2024-12-14T23:44:12
42758,90309,2025-05-03T20:31:56
6263,8964,2024-12-12T17:14:11
10275,5733,2025-04-14T15:47:37
5987,89582,2025-10-31T18:59:37
36755,86093,2024-12-14T14:55:49
24104,32054,2024-12-28T02:09:59
47178,48910,2025-09-02T13:45:12
4753,98093,2025-08-23T18:07:59
10566,65184,2025-05-07T20:27:13
47857,73241,2025-10-31T18:13:21
26955,20604,2025-06-11T20:35:15
4912,98914,2025-08-19T00:44:06
16674,29818,2025-10-26T18:00:23
2409,41032,2025-09-15T14:42:11
39442,52368,2025-05-09T16:03:49
3683,19694,2025-06-09T19:26:21
35603,28648,2025-02-28T10:06:35
25889,38262,2025-05-22T06:45:03
34278,79557,2025-07-10T04:33:30
24197,69746,2025-10-17T13:42:26
42187,49412,2025-05-15T07:20:16
16573,71108,2025-06-22T14:53:09
1452,79132,2025-01-05T12:38:01
5414,75364,2025-08-30T11:50:18
27661,26225,2025-01-20T02:03:33
38840,79473,2025-05-01T11:21:48
6064,32751,2025-10-15T16:00:28
26630,75908,2025-08-31T12:13:03
44847,66239,2025-09-15T00:08:38
9033,10532,2025-06-04T05:20:22
17595,60785,2025-04-19T10:44:22
17999,60465,2025-05-20T01:07:44
34070,18281,2025-03-07T03:22:10
41138,52922,2025-10-13T15:53:45
23485,95613,2025-02-05T08:53:18
22953,38472,2025-03-08T08:20:16
23219,34458,2024-12-04T19:20:33
22409,64315,2025-07-05T12:07:03
21707,34272,2025-04-14T20:04:44
20656,28505,2025-01-24T21:59:33
49209,13230,2025-04-18T17:42:43
5401,8847,2025-09-08T14:57:25
14113,310,2025-02-19T03:53:23
40721,20435,2025-10-11T16:39:22
27532,26247,2025-09-01T18:59:53
37959,73282,2025-10-18T00:56:59
40727,35861,2025-11-06T08:22:34
4640,37109,2025-03-04T13:52:06
33421,58035,2024-11-20T15:03:36
22982,27330,2025-06-05T14:00:10
43620,87129,2025-11-03T10:42:03
24941,41063,2025-03-16T05:02:44
47708,9801,2025-01-31T15:45:19
26049,47084,2025-05-11T03:17:17
35923,70234,2025-08-11T19:56:01
45857,8336,2024-12-29T13:19:31
1758,78786,2025-09-21T19:29:15
6215,42377,2025-06-08T02:49:35
9382,95312,2025-10-02T07:15:14
33259,16854,2025-06-08T23:12:25
4237,38789,2025-09-02T12:42:02
14839,15561,2025-06-03T22:40:33
48931,97868,2025-05-19T07:52:22
7498,64801,2025-04-05T02:52:05
48704,23379,2024-12-14T08:02:06
6946,86278,2025-02-25T05:55:24
26539,25490,2025-04-19T00:00:14
2304,55641,2025-04-05T17:48:23
4322,46526,2025-06-25T12:23:09
6523,43077,2025-01-01T15:04:31
11630,2120,2025-04-01T20:17:35
48909,58848,2024-12-27T08:08:03
45370,16716,2025-07-14T21:06:37
6098,28867,2025-06-14T01:38:13
9934,3199,2025-06-11T19:39:43
21058,3085,2025-05-25T06:15:25
34456,66826,2025-07-04T14:57:01
20129,1494,2025-08-24T05:57:25
10403,72365,2025-08-25T01:17:18
20795,9479,2025-05-19T15:54:01
26736,4869,2024-11-13T15:35:46
43340,3359,2025-07-22T14:14:53
16176,52757,2025-10-04T06:43:47
21602,93025,2025-06-18T12:07:36
48864,39000,2025-07-07T10:08:20
10623,93494,2025-10-11T05:40:51
42905,13372,2024-12-27T14:47:58
29302,51593,2024-11-07T04:26:50
42638,2077,2025-05-06T00:09:27
37643,59471,2025-06-06T10:31:50
10701,75702,2024-12-31T09:54:51
19187,97442,2025-05-02T20:11:40
32866,96956,2025-10-17T08:59:43
47212,52168,2025-05-04T02:02:15
24040,52557,2025-08-10T05:16:56
39924,65685,2025-10-16T00:41:19
10825,19919,2025-03-19T01:37:51
39714,76999,2025-04-11T22:34:53
3579,47697,2025-03-27T21:08:22
2820,85762,2025-10-28T07:36:06
2829,33888,2025-05-08T05:14:08
16349,89352,2025-10-16T08:23:46
19309,84119,2025-07-13T02:12:28
26207,56078,2025-10-08T02:39:46
18279,41469,2025-10-05T22:52:47
8389,88064,2024-11-24T13:11:41
17809,52348,2025-06-28T04:17:22
15221,94283,2025-06-13T06:43:18
29148,73542,2025-10-16T18:08:54
7846,6628,2024-11-28T19:04:13
22864,22978,2025-09-11T05:49:06
28905,68741,2025-04-10T02:15:26
10498,53161,2025-06-08T09:14:24
25160,8954,2024-11-29T08:24:37
16958,70777,2024-11-13T17:09:21
43199,41069,2025-06-07T05:19:01
1577,78680,2025-06-09T15:55:08
17211,61691,2024-12-11T09:22:26
30850,84280,2024-12-27T19:27:57
33922,80415,2025-07-15T02:43:25
10,50355,2025-08-14T14:32:39
20511,90074,2025-06-11T00:48:57
30697,69462,2025-01-03T02:11:19
47495,60734,2025-03-08T18:06:49
23016,25956,2025-03-18T11:53:43
33089,49042,2025-09-24T06:40:18
27994,32945,2025-03-18T14:01:55
23870,47850,2025-06-04T18:54:13
46960,55673,2025-03-14T06:56:55
49240,82324,2025-01-03T17:09:39
34621,23742,2025-02-04T07:38:33
47443,50714,2025-03-30T01:37:12
3440,78973,2025-04-26T13:36:11
45729,78234,2025-08-16T10:20:12
14418,7907,2025-02-26T20:13:56
21746,21773,2025-06-24T15:31:05
49873,20045,2024-12-04T18:01:13
49070,41416,2025-09-15T09:59:53
22336,11315,2025-06-07T20:45:01
47668,18367,2025-08-03T12:16:00
27081,53307,2025-05-19T08:58:16
28000,32099,2025-06-20T16:17:58
9405,29358,2025-10-07T02:58:59
22842,74081,2025-06-04T14:50:07
40411,88508,2025-07-18T12:28:32
48515,69126,2025-07-19T20:18:05
39687,84963,2025-08-06T10:06:29
7121,89834,2025-03-14T23:30:59
284,32186,2025-07-12T11:43:14
46392,94706,2025-07-14T19:45:35
17266,80497,2025-10-02T19:32:45
9207,60457,2025-08-11T14:51:27
33227,67315,2025-05-31T00:33:03
23167,79364,2025-09-02T01:48:34
16596,15231,2025-11-04T03:52:11
38535,47070,2025-09-18T15:14:53
20657,34450,2025-07-05T08:13:48
34247,3206,2025-01-23T17:17:26
29009,73049,2025-08-20T07:40:31
13279,42898,2025-09-26T16:21:03
24520,13501,2025-06-05T07:50:39
7474,85377,2025-09-30T22:49:52
39213,23360,2025-10-23T20:06:47
22804,71512,2025-11-05T03:38:49
47201,77845,2025-06-10T21:11:39
18769,75216,2025-08-27T10:33:57
39257,66537,2025-07-19T16:48:41
28290,65828,2025-06-24T05:24:55
9895,78821,2025-07-07T11:50:36
13997,13478,2025-03-04T03:24:56
497,38730,2025-01-11T00:22:05
12216,30211,2024-12-13T11:47:47
26981,92426,2025-07-14T11:29:25
23478,78202,2025-03-30T03:28:34
43575,98377,2025-09-18T05:20:57
30707,89892,2025-05-14T18:57:06
11995,91639,2025-11-05T08:32:35
33371,8993,2025-05-23T16:19:24
42818,77992,2024-12-20T07:00:18
45944,89027,2025-06-09T01:50:36
3336,82821,2025-04-22T14:38:40
15945,1387,2025-04-23T20:23:44
2707,72044,2025-07-17T00:04:36
2076,63853,2025-06-25T18:21:43
49034,83375,2025-05-28T06:34:00
44776,23606,2025-03-17T04:20:31
38525,84829,2025-07-01T11:32:13
9474,74482,2025-01-26T13:10:24
35769,95639,2025-02-03T05:22:51
5130,95988,2025-05-28T04:33:09
35398,54352,2025-08-05T23:41:59
32478,40763,2025-10-20T01:32:21
3230,99444,2025-06-26T13:08:09
30628,35349,2025-01-24T17:51:29
2899,58083,2025-05-25T02:23:41
5502,53641,2025-03-30T22:55:11
36278,13384,2025-02-07T17:18:16
34190,57897,2024-11-13T20:59:28
17243,75446,2025-05-18T01:14:53
22518,69257,2025-06-29T17:32:24
37495,85926,2025-03-09T02:53:28
1309,65931,2025-06-30T21:15:17
29359,79481,2025-01-31T03:19:35
20417,52691,2025-06-25T16:48:03
18271,94099,2025-09-02T21:43:13
24000,90032,2025-03-14T23:28:28
35098,62502,2025-07-20T01:21:41
12500,81431,2025-07-07T02:31:00
29217,52275,2025-09-18T05:32:28
7268,41905,2025-07-14T14:40:36
5328,67437,2025-07-05T00:39:54
41824,27527,2025-01-01T23:21:58
37375,80310,2025-04-01T18:59:35
32386,25431,2025-08-19T21:03:06
46077,81719,2025-01-28T09:48:29
12896,11726,2025-01-24T03:33:38
21112,94184,2025-01-11T19:07:04
11215,85606,2025-09-27T17:51:07
39034,76336,2025-08-18T02:53:22
28848,82939,2025-08-11T19:22:15
48937,90716,2025-02-05T13:09:20
13743,32579,2025-03-30T08:52:02
41185,57049,2025-09-12T23:12:44
13563,98414,2025-01-29T08:30:31
11164,43663,2025-08-07T06:02:32
29127,53600,2025-08-06T19:06:25
17119,95877,2025-10-08T23:16:05
33360,63046,2025-02-03T08:36:43
15135,91241,2025-10-26T13:24:27
33055,59719,2025-03-27T20:30:01
25069,39879,2024-11-25T06:28:11
23028,56764,2025-01-15T11:55:13
10522,75102,2025-02-26T23:09:04
5258,54165,2025-06-11T22:02:32
47759,70950,2025-08-25T00:00:21
19028,47407,2025-06-22T19:07:30
48972,59510,2024-11-23T15:07:19
44207,96216,2025-01-12T09:12:23
49431,28052,2025-06-30T00:16:20
38895,71440,2025-08-31T06:52:42
4762,57198,2025-05-31T04:38:54
40122,55771,2025-05-09T21:33:19
11801,40586,2025-04-18T02:59:02
26503,51649,2025-09-11T12:22:39
46878,9490,2025-07-08T06:20:57
40438,46785,2025-01-13T14:38:18
26406,19874,2025-10-12T13:20:56
25821,33925,2024-11-24T14:13:45
32786,65693,2025-01-19T22:45:18
512,97120,2025-10-09T12:19:39
39315,61644,2025-07-22T20:55:01
2153,65057,2025-04-23T12:40:55
20585,91910,2025-02-22T20:20:15
25585,73310,2025-10-10T13:28:00
3216,20635,2024-12-27T02:53:01
32428,73110,2025-04-30T06:10:04
46956,67898,2025-02-08T15:11:25
10405,34073,2025-03-18T18:26:43
38375,24299,2025-09-13T03:23:07
9788,12482,2025-08-08T18:29:24
4730,32649,2025-06-15T05:52:19
35988,3848,2025-04-15T11:31:30
49331,54853,2025-09-23T07:40:10
2963,25676,2025-06-27T22:33:25
2699,76720,2025-11-02T04:29:18
12296,54596,2025-09-04T02:40:35
5342,6147,2025-09-24T17:23:44
30158,91709,2025-10-30T18:51:21
34029,28974,2025-03-16T01:24:10
27688,99497,2024-11-10T11:27:26
24250,51808,2025-10-24T06:45:51
49724,15570,2025-03-12T13:18:11
34381,67217,2025-04-27T02:13:40
27326,63911,2025-07-08T14:35:10
38761,60271,2025-02-05T09:28:43
32981,75845,2024-12-10T23:09:49
14837,31526,2024-12-14T22:38:09
37826,20189,2024-11-21T20:55:33
14886,80585,2025-01-28T12:25:48
38146,97458,2025-10-24T07:43:01
13573,50660,2025-10-16T00:20:22
3790,43912,2025-05-29T10:05:40
39505,21840,2025-08-21T01:49:37
27730,16483,2025-05-03T16:39:42
32578,90546,2025-07-19T06:02:19
12361,69917,2025-10-22T03:57:11
24976,2108,2025-06-21T02:05:06
21847,67743,2025-01-21T12:03:48
17714,5905,2025-06-26T07:11:16
30736,33328,2025-09-18T03:54:07
13201,19484,2025-08-30T09:59:44
13243,46096,2025-07-06T14:37:17
24320,46704,2025-01-04T02:47:04
7521,24839,2025-10-11T02:58:37
3266,14315,2025-08-24T07:38:16
1198,3965,2025-06-02T22:21:10
1558,26475,2025-09-19T20:16:32
4911,3714,2025-02-02T13:15:32
34926,92686,2025-07-23T15:51:51
46567,4986,2024-11-24T13:47:43
31129,2159,2025-03-31T05:43:04
43112,92977,2024-11-10T22:21:57
9763,90450,2025-03-07T09:11:56
15592,99258,2025-08-09T11:54:31
44536,41793,2025-05-28T16:20:42
16388,54123,2024-12-15T03:29:34
26483,66834,2024-12-04T19:10:46
18904,99465,2025-09-14T15:30:46
18220,49574,2025-01-11T23:49:33
38882,39402,2025-09-04T14:17:25
19446,23343,2024-11-14T06:31:42
36452,18836,2025-05-29T01:43:43
26299,1634,2025-03-05T13:14:04
29547,83566,2025-01-21T21:52:08
3948,26286,2024-12-03T13:21:17
33201,35455,2025-02-21T08:24:23
16448,76358,2025-02-17T18:08:20
16524,58981,2025-10-25T02:16:41
30727,99908,2024-11-10T00:24:42
24882,64173,2025-11-03T04:41:30
36142,37430,2024-12-28T19:34:36
4203,15540,2025-03-18T23:27:32
20429,21785,2025-04-02T19:17:00
39933,84372,2025-01-11T09:01:12
28753,38822,2025-08-11T10:41:48
43278,71538,2025-01-08T01:03:19
47541,80700,2024-12-25T22:49:25
24989,79110,2025-08-20T15:05:59
11078,33861,2025-10-06T17:44:25
9395,2445,2025-08-28T17:48:21
2533,41933,2025-01-01T00:05:59
10471,8401,2025-03-08T05:46:54
25509,50040,2024-11-18T05:41:14
2839,88784,2024-11-10T12:01:57
48925,14295,2025-03-29T22:06:42
34915,11587,2025-10-05T09:04:56
4716,86708,2025-05-20T23:27:06
35837,34400,2025-10-25T20:50:50
23608,4617,2024-12-07T14:46:32
7389,25097,2025-09-22T03:41:02
25080,26343,2025-02-05T15:38:52
6997,26135,2025-08-02T15:22:22
14693,89604,2025-11-02T18:00:57
23997,6462,2025-04-28T12:52:03
18303,81469,2025-05-12T14:52:23
38192,52989,2025-06-19T09:05:16
48348,75821,2025-10-23T20:53:33
8952,16995,2025-05-14T03:54:03
6125,22752,2025-07-26T17:18:54
8291,98495,2025-05-28T08:46:10
15625,82860,2024-11-30T06:19:28
43665,69088,2025-05-06T20:47:07
8385,71579,2025-07-31T05:22:55
19090,77298,2025-04-16T08:09:27
34134,2309,2024-12-27T02:01:10
6564,90071,2024-12-16T09:43:00
13369,19293,2025-09-26T15:09:08
38417,94141,2025-03-07T02:44:14
1727,17495,2025-10-24T05:54:40
6433,54975,2025-09-22T06:37:10
48950,6242,2025-05-08T15:28:54
47662,64251,2025-08-16T06:23:49
24686,36030,2025-06-18T15:32:38
19329,41447,2025-10-15T23:50:01
22618,20578,2025-01-26T02:06:21
42648,42360,2024-11-26T17:09:41
35861,90941,2025-09-01T04:23:23
20020,52073,2024-11-13T16:17:35
40260,55157,2025-10-01T08:53:44
28861,98579,2024-12-14T10:12:25
15068,26778,2025-06-14T02:23:06
19970,91753,2025-04-24T10:49:02
45783,87890,2025-05-09T19:38:37
1162,4018,2025-01-30T05:12:59
3268,71477,2024-11-18T03:46:36
32019,41922,2025-08-08T11:50:31
27404,58826,2025-07-22T11:47:48
31104,24138,2025-04-24T10:19:30
3378,56829,2025-04-20T00:30:36
575,11805,2025-04-17T12:04:40
13869,15237,2024-12-20T09:35:44
5312,71260,2025-05-15T16:35:15
11201,48895,2025-01-27T02:38:21
3077,30442,2025-09-22T15:00:08
48785,64331,2025-04-02T16:49:20
28517,14406,2024-12-16T02:14:57
26647,55378,2025-09-23T20:52:19
4882,18570,2025-05-18T03:53:39
39738,59047,2025-07-25T00:10:04
8903,43774,2025-02-08T05:31:41
10249,87670,2025-09-16T08:36:53
31115,68931,2025-06-27T05:31:17
22971,29026,2025-01-27T18:24:22
36316,92089,2025-02-04T09:35:47
29267,38802,2025-02-10T11:15:35
27385,65575,2025-07-06T13:56:51
39094,4588,2024-11-19T07:53:33
39814,40517,2025-09-01T03:29:11
15182,85592,2025-08-31T13:24:03
13932,63271,2025-05-06T08:00:33
10154,2443,2025-04-03T21:25:05
27450,96466,2025-01-16T23:28:29
18713,18815,2025-09-26T03:02:40
32836,57552,2025-01-24T14:40:25
49243,42578,2025-01-16T00:37:39
16294,8101,2025-01-08T02:58:24
6604,88380,2025-10-03T05:34:19
28055,77234,2025-01-25T16:46:01
335,1086,2025-02-06T10:22:21
7158,36877,2025-04-26T23:58:14
26620,28405,2025-06-15T00:54:36
23647,31077,2025-09-27T17:03:36
26637,48562,2025-02-12T21:04:07
37258,57513,2025-02-14T05:42:08
21935,63348,2025-08-04T23:11:45
8423,82304,2024-12-29T08:19:43
18745,85035,2025-08-20T15:13:36
12463,27599,2025-05-29T06:50:02
27486,87188,2025-05-22T15:47:22
25864,38398,2025-07-07T22:17:43
45342,19,2024-11-22T15:34:18
26515,91732,2025-03-07T13:25:30
48088,16363,2025-07-01T03:54:24
13804,65328,2025-10-28T06:13:53
30077,37260,2025-01-15T20:04:00
46249,14421,2025-01-24T03:25:52
43518,45444,2025-09-19T00:01:31
40871,59405,2025-01-28T18:38:13
33253,92346,2025-07-02T20:02:44
23061,95071,2025-10-03T14:54:48
37584,46956,2024-12-02T22:15:42
30403,24287,2025-02-05T22:54:14
33581,48025,2025-06-06T22:49:14
31327,46198,2025-05-13T20:00:50
6878,57384,2025-05-14T12:58:37
13310,960,2025-01-27T02:00:48
19735,35568,2025-06-27T04:39:54
19662,52744,2025-09-11T03:09:12
14206,63437,2025-08-21T12:06:23
8032,37132,2025-03-01T15:13:57
8321,2419,2025-04-25T18:07:45
14820,88925,2025-06-17T06:17:57
28535,89821,2025-03-21T08:31:23
29432,66824,2025-07-17T04:49:49
43521,1370,2025-06-08T21:23:21
28781,70364,2025-03-11T23:23:44
37267,72886,2025-04-22T07:03:59
31518,9206,2025-08-07T07:43:29
8357,33434,2025-10-18T00:36:21
4707,73048,2025-11-02T12:48:32
24269,59662,2024-12-20T23:01:42
40645,45446,2024-11-30T17:56:49
47224,92056,2025-05-17T08:01:28
995,99616,2025-06-15T05:13:55
35676,2935,2024-12-18T21:25:14
44537,93829,2025-09-29T22:51:51
49255,79318,2024-11-07T14:01:51
48251,18747,2025-05-02T07:41:30
22426,13981,2025-05-16T16:28:22
15357,81332,2025-01-16T11:10:40
17508,7692,2025-07-25T11:24:39
16930,19945,2025-02-06T13:38:14
49622,30672,2025-05-06T00:21:52
2925,86244,2025-01-12T08:00:39
18717,94768,2025-06-13T10:34:30
28473,90755,2024-11-11T10:26:44
25275,50816,2024-12-25T19:22:22
28732,19163,2024-12-14T07:22:22
49049,36158,2025-10-19T14:29:35
28691,99689,2025-02-21T14:18:15
45226,28263,2025-05-08T19:06:37
19355,64683,2025-09-17T22:29:53
32052,51278,2024-11-16T05:27:45
9924,96314,2024-12-13T19:49:03
45638,50705,2025-08-04T10:18:17
14358,5550,2025-07-02T07:16:45
31893,99956,2025-04-05T23:42:30
44255,74778,2025-02-10T03:03:53
47959,15701,2025-03-20T20:13:20
28851,38485,2025-07-29T23:50:20
26414,11051,2025-05-31T12:40:34
18716,69673,2025-01-26T10:36:01
38465,53888,2025-08-12T16:10:28
19793,20175,2025-10-09T17:06:42
49362,9357,2024-12-16T17:03:28
22176,93059,2025-05-05T11:10:27
45603,5594,2024-11-10T18:12:39
47435,99398,2025-02-12T16:33:31
37955,19304,2025-09-09T04:58:22
19574,44345,2025-02-23T05:22:48
24850,95006,2025-11-05T01:48:45
27738,33002,2024-12-10T23:21:59
28681,28569,2025-01-06T21:34:59
2395,75106,2025-04-23T23:45:09
27948,13317,2024-12-10T20:29:18
580,60517,2025-01-18T02:57:49
24838,96408,2025-08-09T18:33:43
28285,19652,2025-09-01T11:20:37
556,40270,2024-12-12T22:45:01
9172,47460,2024-12-06T15:55:26
44745,65258,2025-01-01T08:49:20
12853,38394,2025-09-03T00:13:11
28820,50882,2025-08-23T10:10:21
41312,60293,2025-04-30T02:49:10
11919,81999,2025-05-04T15:16:35
46378,21777,2025-10-30T08:34:25
14692,35802,2024-12-12T16:52:05
37128,22197,2025-04-23T06:15:14
31812,59244,2025-10-25T22:02:00
26586,56311,2025-08-05T18:30:40
7102,44294,2025-04-12T03:30:58
27702,63620,2025-03-20T07:45:22
45016,67074,2025-03-03T03:43:26
45496,82621,2024-11-22T16:45:21
23718,24815,2024-11-19T09:39:30
2355,54034,2024-11-17T05:45:13
21854,18022,2024-12-11T10:25:57
25605,85339,2025-04-21T22:54:37
230,47390,2025-04-19T15:53:23
45940,79201,2025-10-10T20:17:54
15013,80201,2025-03-07T02:02:30
10526,12536,2025-06-03T23:57:31
47033,20190,2025-06-06T11:34:04
21760,3717,2025-10-07T09:59:57
18771,23333,2024-11-24T23:46:16
39147,70635,2025-02-14T23:34:05
45410,25846,2025-08-07T23:19:52
25283,58291,2025-10-23T18:44:59
28510,27127,2025-04-05T21:49:11
14554,91540,2025-10-08T21:13:27
19281,30341,2025-09-13T08:15:23
29968,24548,2025-07-03T11:19:38
49715,51326,2024-12-06T09:49:46
40083,91994,2025-01-31T00:19:13
8412,37911,2025-01-13T08:39:54
20576,38530,2025-08-28T15:49:11
44009,69881,2024-11-22T00:40:51
34240,65908,2025-04-10T17:56:42
48832,66525,2025-02-09T23:43:05
12710,28822,2024-11-11T00:35:01
40763,62212,2025-05-17T15:24:27
14252,59693,2024-12-05T11:55:11
36826,83308,2025-05-13T07:34:28
15598,29826,2025-02-09T20:19:20
6204,44906,2025-03-20T12:31:21
47884,41859,2025-10-18T01:36:06
248,79503,2025-09-19T11:50:27
17586,65543,2025-02-24T07:58:27
44708,92552,2025-02-24T15:58:38
36237,17178,2025-07-30T10:11:21
29777,69243,2025-03-29T04:57:34
22611,73886,2025-06-12T11:39:20
48304,45737,2025-04-15T08:20:35
3708,94344,2025-04-24T09:13:15
16372,53941,2025-05-31T18:52:45
46887,24354,2025-05-24T02:14:43
24587,80647,2025-06-09T14:54:48
38644,63948,2025-10-12T06:48:44
3583,40433,2024-12-19T18:38:38
9887,96190,2024-12-23T02:05:33
44920,74716,2025-02-06T22:53:09
39043,66147,2024-11-19T10:04:34
1425,3044,2025-07-14T17:20:11
28300,8143,2025-05-10T11:05:05
29534,55985,2024-12-08T02:07:49
32216,62909,2025-09-29T03:24:08
11145,17184,2025-03-04T16:54:18
41858,72024,2025-04-19T10:44:00
41344,8956,2025-09-25T12:19:08
49568,28051,2025-04-15T18:56:18
10546,72700,2025-06-19T09:55:45
47691,30160,2025-07-09T22:39:11
1636,20326,2024-12-31T21:58:53
44412,53797,2025-02-10T00:10:21
24419,13990,2025-05-26T20:05:02
17525,17495,2025-02-01T19:46:15
16092,1891,2025-03-06T14:53:45
21796,16722,2024-12-29T15:32:26
39554,29471,2024-12-06T14:32:52
16245,35782,2025-08-03T02:42:53
42582,33029,2025-05-12T02:43:41
21524,52640,2025-10-23T22:45:41
37640,5020,2025-04-03T09:33:06
12530,59988,2025-03-31T18:17:35
30349,58138,2025-05-21T16:34:36
16247,7827,2025-11-06T19:53:05
2097,29467,2025-07-30T02:02:28
45890,15140,2024-12-28T17:55:37
25008,79580,2025-03-22T11:13:28
5682,25128,2025-05-21T14:47:40
23367,44350,2025-05-16T19:16:14
4723,37954,2025-10-10T04:13:13
15080,68924,2025-05-15T04:07:00
7621,83662,2025-08-27T07:52:47
29811,28236,2024-11-08T13:00:24
37772,35359,2025-07-12T15:48:35
42212,97785,2025-10-01T13:56:37
10218,56733,2025-07-26T17:06:23
27177,61195,2025-05-09T11:04:51
28829,59844,2025-02-09T05:47:44
34209,66936,2025-05-17T15:06:51
44059,56368,2025-04-21T12:36:05
16306,44228,2025-03-14T18:23:34
28902,69269,2025-07-06T18:10:05
16860,57087,2025-05-30T04:17:26
15105,80350,2025-07-13T14:33:26
44138,70884,2025-01-19T14:39:04
39478,33071,2025-02-01T09:55:00
10207,8437,2025-02-25T04:12:43
6065,74274,2025-10-05T07:58:45
38369,26994,2025-02-02T10:26:50
17758,90623,2025-10-16T23:27:46
26195,83968,2025-04-29T10:53:10
45198,51131,2025-10-07T01:39:02
38089,93717,2025-03-02T09:23:23
17811,81279,2025-02-04T20:20:46
31630,99995,2025-10-19T10:27:06
6101,49356,2024-11-18T13:22:01
13693,974,2025-05-22T17:13:28
40688,70684,2025-02-25T14:16:14
46587,54645,2025-04-16T19:08:00
48041,78970,2025-01-19T23:40:24
7125,11118,2025-06-03T03:16:49
11866,44107,2025-07-07T13:57:59
39836,78687,2025-02-02T14:22:58
34225,76196,2025-03-04T19:11:05
39307,92433,2025-06-22T11:05:31
30381,80967,2025-10-09T13:24:52
4848,79674,2025-08-06T02:49:53
40310,11527,2025-10-23T12:30:42
25277,56592,2025-10-04T21:53:21
37069,45968,2025-02-15T02:41:19
17349,51015,2025-03-11T06:24:40
48273,75673,2025-01-28T05:46:44
2211,17733,2025-04-12T13:36:27
1177,19400,2025-01-21T07:28:08
2513,56389,2025-01-21T21:24:12
10790,74639,2025-01-13T00:52:16
19613,48374,2025-08-04T02:39:54
12166,88165,2025-02-11T16:43:00
32628,40231,2025-01-18T21:06:51
6681,67908,2025-08-19T11:11:37
29400,99764,2025-07-23T01:22:10
4428,50612,2025-04-03T03:34:01
33231,9006,2025-08-09T04:28:44
26078,59096,2025-03-14T16:32:38
34849,21610,2025-08-16T10:14:24
1666,44359,2025-08-04T08:10:53
16886,76518,2025-09-22T04:05:33
8420,9984,2025-06-25T07:08:20
26591,93780,2025-08-04T18:33:41
20506,58723,2025-02-25T00:12:25
7520,57993,2024-11-14T14:54:28
8280,33595,2025-01-19T18:20:35
38424,9728,2025-05-16T19:10:19
36467,80261,2025-08-22T19:25:16
40692,96774,2025-10-24T22:26:10
45005,48701,2024-12-23T03:17:29
12334,76400,2025-01-22T01:00:35
16647,23760,2024-12-28T05:45:21
46723,65945,2025-01-21T04:40:42
5849,17266,2025-06-03T08:14:08
24464,26805,2025-08-26T20:50:02
2493,80467,2024-11-29T16:39:32
47679,93647,2025-02-17T09:18:48
24255,55247,2024-11-18T03:52:14
27161,89950,2025-01-13T01:41:05
649,69084,2024-11-13T13:21:03
44728,59863,2025-01-23T15:11:50
3205,28651,2025-09-11T11:24:49
36915,68460,2025-04-25T21:42:16
27318,59691,2025-03-01T06:00:36
31503,17663,2025-05-12T03:40:58
24259,87540,2025-07-13T08:54:18
26248,62125,2025-08-12T09:05:42
20878,31756,2025-08-13T06:43:20
27782,44014,2025-02-11T03:18:32
46118,74659,2025-03-02T22:59:03
12971,74409,2025-01-18T08:59:59
44853,46231,2025-01-12T15:54:50
14939,73996,2025-10-24T14:59:31
33655,33071,2025-03-28T22:39:20
29498,69798,2025-09-25T11:37:11
18439,85493,2025-04-09T11:34:37
11635,67748,2024-12-11T10:38:07
36448,50156,2025-09-06T16:15:54
14075,58212,2025-10-10T01:49:16
4079,90433,2025-05-16T00:52:13
24080,22074,2025-08-08T06:54:43
47844,67491,2025-04-16T22:52:12
15821,6919,2025-05-28T17:42:40
42309,92262,2024-11-23T11:34:07
22502,25189,2025-04-16T02:53:33
7127,69481,2025-06-17T10:54:39
25269,99965,2025-10-10T00:05:30
5018,88105,2025-03-19T03:29:34
30212,25709,2025-05-11T02:44:49
29655,86476,2025-10-14T13:08:31
9718,59801,2025-05-13T01:10:27
48111,55680,2025-04-09T02:56:51
35236,14709,2025-07-08T11:41:03
41254,28034,2025-07-02T04:45:07
17244,46712,2025-03-24T05:05:04
15323,8677,2025-10-02T03:02:21
19188,67468,2025-06-06T10:41:12
19017,20320,2025-04-18T22:36:36
39713,19262,2025-09-23T21:54:38
20772,88758,2025-08-05T01:45:12
29369,74216,2025-02-09T19:56:23
28129,2831,2025-09-14T15:17:06
19982,19775,2025-06-10T05:29:11
26412,10462,2025-06-25T14:37:03
48753,28543,2024-12-30T22:23:05
47088,92369,2025-01-28T03:33:00
11202,21154,2025-02-04T06:41:23
20032,12740,2025-09-17T02:26:01
29671,34539,2025-06-03T03:17:50
15906,90811,2025-07-22T00:57:58
27629,37212,2024-12-09T20:11:01
47494,59415,2024-12-10T22:00:45
45384,95785,2025-01-11T02:44:29
41875,11235,2024-12-16T09:44:26
49766,38443,2025-04-27T18:42:35
34713,53926,2025-01-29T00:48:41
18639,16399,2025-09-23T02:02:26
18793,79481,2025-09-03T08:42:34
43707,93209,2025-07-17T13:57:27
22284,54208,2025-07-02T02:07:38
15992,92045,2025-01-23T17:59:14
17324,90382,2025-02-14T04:41:08
39089,54092,2025-11-06T09:03:41
17533,8538,2025-08-12T01:15:24
7732,84707,2025-04-28T20:11:24
15192,32078,2024-12-07T18:20:48
16079,21926,2025-04-30T12:56:37
48820,58897,2025-03-25T03:01:49
6211,15592,2025-09-15T07:49:23
8346,54822,2025-05-21T18:03:30
43344,73009,2025-07-09T15:12:54
34255,21982,2025-03-12T22:30:43
30479,99472,2025-03-14T12:50:26
10133,22068,2025-03-14T04:40:35
15048,25727,2025-10-02T20:37:48
19278,51054,2025-02-04T11:21:40
14077,66077,2025-04-06T21:09:46
2957,77582,2025-06-19T04:14:54
44892,64737,2025-10-30T23:45:14
49110,68931,2025-10-30T20:45:46
34972,78213,2024-12-27T17:34:08
47910,84358,2025-09-03T19:38:02
32492,15201,2025-02-26T13:40:53
30013,44205,2025-06-01T21:48:23
33147,17730,2025-02-21T11:28:13
7799,52555,2024-12-01T08:02:03
32582,16771,2025-07-25T21:32:38
33442,689,2025-08-10T09:48:30
35387,72282,2024-11-29T01:20:12
13908,83866,2025-03-17T05:01:07
29184,48041,2025-10-15T15:10:51
38594,1809,2025-06-24T12:56:18
17003,30434,2025-10-04T08:40:04
7297,8930,2025-08-19T22:54:18
41359,63588,2025-02-09T07:31:14
26366,23541,2025-02-10T22:47:18
16677,72290,2025-01-19T19:36:35
47119,68275,2024-12-13T22:36:51
37552,36602,2025-02-25T18:03:27
16296,83925,2025-01-23T13:16:12
27950,68226,2025-10-13T04:28:35
9247,72719,2025-08-21T22:19:06
10099,44156,2025-11-06T05:50:35
45835,98054,2025-06-02T08:25:00
35378,85843,2025-02-05T20:52:12
9303,55613,2025-01-01T09:00:55
9167,76815,2025-10-15T07:10:19
15103,16554,2024-11-12T02:15:44
28158,77937,2025-10-19T15:02:32
16119,40708,2025-10-20T22:58:03
11750,85449,2025-06-21T20:47:55
14361,80736,2025-09-07T13:26:20
16762,81290,2025-06-11T20:08:34
18468,52735,2025-09-28T15:26:43
7370,87670,2025-02-11T21:19:47
39487,47764,2025-09-08T00:44:05
42259,50160,2024-12-30T14:15:25
2174,43838,2024-12-09T05:51:11
41386,41392,2024-12-16T07:26:25
7426,99643,2025-10-08T06:58:23
48049,2956,2025-05-28T18:30:58
8253,69962,2025-05-26T13:00:25
3203,56831,2025-06-02T16:54:29
49672,29872,2025-10-06T09:46:25
47973,50013,2025-02-11T08:39:08
40907,88108,2025-04-02T01:04:03
26353,2657,2025-06-06T03:22:09
18059,71315,2025-07-29T19:02:23
45610,15038,2025-05-21T18:28:41
33032,95898,2025-09-14T18:32:09
2331,74254,2025-01-21T00:48:37
15801,13744,2025-03-11T11:21:39
35806,86759,2024-11-30T12:42:10
28821,64809,2024-11-20T14:00:58
24195,7698,2025-04-24T19:48:25
4916,42302,2025-04-06T16:10:00
38708,53401,2025-08-30T07:27:08
19195,59647,2024-12-02T06:48:42
461,43068,2024-11-21T09:54:12
13042,11181,2025-06-08T09:39:17
5731,81781,2025-06-16T19:06:05
39975,81787,2025-06-14T03:46:29
25138,49395,2025-01-19T06:59:29
11353,74055,2025-03-04T10:42:22
18181,6445,2024-11-23T11:38:40
30463,9032,2024-12-12T19:11:05
17141,72356,2025-06-10T23:10:52
14525,98710,2025-09-27T23:37:58
36790,97588,2025-02-27T10:19:57
22782,65803,2025-07-16T06:33:55
23661,21819,2025-08-22T11:39:17
39463,60144,2025-07-26T11:57:51
31184,97407,2025-05-06T08:53:37
37695,62998,2025-06-01T21:24:39
2399,59914,2025-05-06T19:57:25
250,91185,2025-06-22T08:38:03
20267,78826,2024-12-07T18:45:09
16736,89929,2025-04-11T17:04:22
48187,78916,2025-07-14T16:01:25
44378,54702,2025-03-18T01:13:04
36800,67384,2025-09-13T21:51:21
9753,88752,2025-01-22T07:20:01
41943,10656,2025-08-13T04:45:07
20605,71425,2025-02-19T18:58:04
44582,62835,2025-03-27T00:17:40
47670,79243,2025-01-18T04:56:16
42155,57108,2025-04-01T17:23:51
32139,47320,2025-07-25T03:48:37
45358,49799,2025-03-06T05:36:19
19235,19745,2025-04-14T23:25:05
5776,17250,2025-07-28T06:53:50
15256,88922,2025-01-29T22:16:31
46341,73019,2024-12-27T03:19:21
49550,4678,2025-02-14T11:01:37
23556,90111,2025-08-27T17:50:20
19699,47467,2025-07-28T03:36:58
29096,51977,2025-05-27T14:21:56
42817,38749,2024-11-16T15:06:57
26159,72281,2025-06-22T11:42:46
4975,55991,2025-03-05T06:25:36
3590,36590,2025-05-31T12:34:35
8301,95312,2025-05-01T11:42:29
15825,4752,2024-12-10T16:11:45
36827,72513,2025-09-24T19:11:58
45378,83563,2025-02-11T05:01:52
34751,68397,2025-06-28T11:43:35
37005,45562,2024-11-11T19:48:14
19834,65533,2025-01-05T11:24:18
45908,7550,2025-09-04T02:35:46
37410,97173,2025-10-15T09:32:14
39614,44343,2025-03-05T07:00:20
7093,32034,2025-09-17T09:29:51
48537,35547,2025-09-28T15:38:19
48311,62069,2025-10-06T23:09:55
34352,80066,2025-10-24T22:05:34
29247,65015,2025-08-27T17:26:15
40247,85196,2025-05-15T00:57:12
33760,77592,2025-08-01T04:36:19
44408,96574,2025-04-09T05:02:06
34013,52681,2024-11-24T18:38:35
16902,57396,2025-05-22T07:58:02
12864,69798,2025-06-17T12:11:51
35442,2731,2025-04-16T00:04:25
33104,92259,2024-12-09T00:33:51
18430,99667,2024-12-15T12:22:45
38421,36059,2025-03-25T02:55:39
23495,76975,2025-05-16T02:34:11
17149,4436,2024-11-14T08:23:14
40485,2361,2025-09-23T02:16:41
25,26637,2024-11-27T21:27:00
3168,32140,2025-07-31T06:27:53
1929,88277,2025-06-28T20:33:19
4650,82529,2025-03-24T12:51:13
1481,91291,2025-02-02T14:40:20
19044,50506,2025-05-20T16:06:00
15414,23084,2024-12-09T13:44:09
10430,36244,2025-02-26T18:35:13
38994,57269,2024-12-18T23:25:50
26637,57276,2025-09-06T07:58:55
27141,55369,2025-05-25T17:00:45
46931,46618,2025-07-31T05:28:29
40048,87652,2025-07-15T11:07:19
4122,37513,2025-06-07T22:23:18
39891,7281,2025-08-24T22:50:45
1530,90293,2025-03-08T01:44:10
29538,34331,2025-08-06T09:19:12
49891,17877,2025-11-04T19:22:08
20733,93033,2024-11-18T09:25:56
191,77705,2025-01-30T22:06:34
14851,27998,2025-01-18T20:15:16
22720,60280,2025-02-08T21:24:02
20987,79270,2025-10-08T18:49:21
35262,22435,2025-06-28T19:51:01
38393,65782,2025-08-05T08:00:26
43053,5210,2025-02-09T12:42:35
30194,1849,2025-03-24T05:06:40
44085,80515,2025-06-19T14:57:43
44944,31951,2024-11-12T08:40:01
1032,72322,2025-04-22T06:58:39
12499,39895,2025-06-13T23:58:11
764,98204,2025-09-21T06:48:04
18836,82132,2025-02-07T12:51:18
37684,41079,2025-08-15T18:20:41
28434,94447,2025-06-08T16:45:06
1720,57844,2025-06-18T16:56:40
38113,81066,2025-01-18T03:27:15
9104,80226,2025-05-16T22:08:06
10643,34489,2025-02-16T13:30:35
16740,15772,2025-05-11T12:57:24
20477,68310,2025-05-16T09:38:39
19437,34268,2025-03-19T11:41:53
34136,66089,2025-02-27T10:12:54
10175,88469,2025-06-18T09:00:23
7263,71298,2025-08-25T08:52:47
5573,15059,2024-11-30T10:36:55
45463,60329,2025-02-26T15:30:19
23597,95190,2024-11-25T04:30:24
29617,49039,2025-03-07T22:28:55
39694,9020,2025-09-17T01:55:46
47982,97597,2025-09-21T05:56:01
16533,31020,2025-06-11T22:15:12
40527,167,2025-05-08T13:23:49
8000,35921,2024-12-20T02:50:19
30010,34441,2025-05-16T10:40:49
42318,39139,2025-02-19T20:57:37
3804,23046,2025-03-27T03:02:41
19545,97523,2025-11-01T02:59:54
14572,84564,2025-06-23T06:59:54
44740,51995,2025-09-12T15:35:15
23355,68142,2025-07-08T01:45:47
11200,15417,2025-02-21T02:48:30
33935,24160,2025-04-04T22:22:05
45432,37351,2025-10-28T19:59:18
3706,12502,2025-04-19T16:45:25
47018,35498,2025-09-17T09:03:09
11904,49998,2025-02-02T23:53:37
29119,81145,2024-11-14T20:15:55
13254,58564,2025-06-14T11:31:16
36969,37705,2025-03-09T09:59:58
37336,84456,2025-10-10T12:20:17
25987,5804,2025-08-31T16:05:05
14551,29512,2025-09-17T23:20:13
36820,80429,2024-12-17T22:52:35
25006,93536,2025-05-27T11:43:32
39910,7086,2025-01-22T02:31:45
34377,89823,2025-04-11T19:09:49
7961,35097,2025-04-22T17:32:32
18243,10411,2025-09-02T15:09:50
30852,61450,2025-05-20T10:07:57
27159,18819,2024-12-11T16:13:18
36593,63,2025-04-06T22:23:13
34450,7905,2025-03-12T06:43:56
30928,47945,2025-04-16T05:39:36
13092,60839,2025-09-25T21:32:43
48575,56780,2025-05-15T18:45:59
11703,85242,2025-05-07T15:47:05
15851,37003,2024-12-17T10:15:24
7019,8707,2025-01-22T20:11:12
30506,59924,2025-08-20T17:16:26
11949,93985,2025-08-24T23:22:21
17245,29615,2025-09-03T00:07:01
35757,86292,2025-06-15T18:30:18
47068,634,2024-12-26T09:00:55
48277,93943,2025-01-01T20:23:27
26248,97263,2025-01-25T03:40:08
1802,77466,2025-03-11T11:49:03
1085,63397,2025-04-28T05:43:04
36967,28960,2025-01-13T00:56:23
27818,35530,2025-08-12T01:23:39
44214,33740,2025-10-05T02:37:00
10796,92532,2025-09-11T16:08:45
35418,91108,2024-11-21T22:18:00
13228,99495,2025-01-13T08:27:20
3013,49331,2024-11-29T14:06:04
15523,15409,2025-09-10T04:21:51
10896,45067,2024-11-20T17:34:33
45373,49676,2025-05-20T15:00:10
7206,3178,2025-07-27T06:29:21
39258,61685,2025-08-29T05:24:10
19967,97745,2025-10-29T09:28:15
14274,40451,2025-01-30T07:24:51
22500,83333,2025-05-13T10:01:02
27820,97547,2025-11-06T13:22:47
8554,58911,2025-06-22T14:59:09
2602,71250,2025-09-19T18:14:16
37722,78706,2025-08-11T09:29:30
4601,22991,2025-09-10T09:21:05
25588,85984,2025-03-21T06:44:14
38903,64505,2025-06-30T23:41:47
44392,23216,2024-12-21T02:52:52
31878,19235,2025-10-04T19:15:02
39081,98871,2024-11-26T16:04:38
40299,8951,2025-07-06T19:15:28
37991,38037,2025-08-04T11:07:55
15618,95088,2025-01-19T17:13:28
35761,40952,2025-09-12T15:24:34
39932,86338,2025-07-28T15:07:33
8778,40378,2025-06-04T14:26:17
35121,27379,2025-03-08T22:50:22
21462,90704,2025-06-16T13:56:08
8632,3780,2025-03-31T02:01:21
48563,13531,2025-01-04T07:27:01
47403,77945,2025-09-11T13:19:54
24727,18618,2024-12-16T17:16:42
35634,2634,2025-10-22T18:28:23
24270,67643,2025-05-13T18:34:50
43871,46561,2024-11-30T21:05:42
31348,62980,2025-04-01T13:51:56
38014,33331,2024-11-08T23:44:35
25763,98582,2025-08-28T15:35:19
22772,37991,2025-08-01T16:52:41
17035,93095,2025-07-26T07:24:46
13415,97716,2025-03-29T18:31:16
2087,82115,2025-04-05T06:39:19
38930,52195,2025-04-14T12:41:39
19158,42919,2024-11-22T04:22:26
5986,8873,2025-07-20T21:39:30
32146,85937,2025-04-12T01:53:53
33311,16515,2025-08-06T11:32:19
1282,44394,2025-06-19T15:21:40
4853,37820,2025-02-08T00:10:21
13788,46998,2025-02-19T11:45:42
32812,78734,2025-01-24T22:39:26
18446,19048,2025-06-04T00:27:11
7024,77782,2025-06-13T10:18:57
7209,68957,2025-06-22T17:50:44
15824,86037,2025-02-10T08:35:48
23195,72708,2025-04-02T22:30:57
33383,63449,2025-10-23T07:28:27
6941,67565,2025-06-21T09:17:20
27965,10464,2025-08-17T15:41:18
37249,99269,2025-03-12T13:13:48
48098,44138,2025-07-17T03:33:47
31400,9275,2025-02-04T23:16:53
21620,40576,2025-07-20T15:14:00
48463,7615,2024-12-06T10:15:45
46404,62485,2025-09-03T10:49:54
44722,37223,2025-10-13T18:41:21
33011,92520,2024-11-21T04:52:23
24411,53890,2025-09-21T02:21:04
22700,22715,2025-04-04T17:30:40
31607,78748,2024-12-19T11:50:22
2553,48218,2025-06-16T03:04:33
27887,63635,2025-09-09T06:22:36
2738,98937,2025-07-15T20:07:18
8251,52184,2024-11-07T16:30:03
33089,33554,2025-05-23T07:44:32
26792,96216,2025-11-02T18:24:38
9550,76642,2025-07-23T23:11:33
41320,79209,2024-12-29T07:41:51
7373,9884,2025-01-27T15:41:19
31930,80009,2025-10-21T06:44:55
28720,62162,2024-12-13T01:24:57
42166,58201,2025-08-09T05:26:48
25051,21642,2024-12-08T10:08:21
35142,18530,2025-01-12T14:35:15
14598,19421,2025-10-20T01:24:07
11630,72094,2025-06-21T05:21:00
42039,10100,2025-07-01T16:07:26
20356,26586,2025-01-22T08:30:29
8257,31596,2025-06-13T22:59:20
12178,17101,2025-05-14T11:44:12
47994,31685,2025-10-15T09:58:29
8021,79979,2025-05-30T18:20:39
4987,61032,2025-01-26T07:15:24
38093,44821,2025-07-07T12:27:40
2754,23597,2025-10-12T23:17:34
31376,62682,2025-08-23T17:29:47
17280,19903,2024-12-06T10:08:24
342,98285,2025-01-02T00:56:34
48743,76216,2025-05-15T09:09:55
47415,51118,2025-07-04T00:30:10
4731,54676,2025-04-21T19:27:58
9825,36460,2024-12-31T13:34:45
26857,14412,2025-01-29T03:21:38
458,55552,2025-02-15T19:44:28
7423,34243,2025-03-28T13:36:17
22329,83459,2025-10-22T16:32:11
47902,25296,2024-12-12T00:01:33
18871,4134,2025-09-01T04:16:52
4858,42843,2025-01-15T20:41:31
17169,55260,2025-04-24T01:19:22
2561,39054,2025-05-30T12:54:01
4074,51043,2025-10-18T21:01:28
3091,20751,2025-07-31T15:34:26
3639,35385,2025-04-20T12:21:45
5152,4722,2024-12-02T17:06:51
26720,72474,2025-08-17T20:48:37
17445,6746,2024-12-01T01:16:08
6249,18470,2025-01-19T19:13:51
18119,61531,2024-11-26T17:28:47
27783,19739,2025-01-21T17:47:49
11967,94846,2024-12-03T00:29:17
12852,18627,2025-09-02T07:20:34
35767,85170,2024-12-17T03:19:40
43857,60507,2025-10-09T10:07:10
4033,87026,2024-12-27T06:00:52
27157,30166,2024-12-05T10:09:55
19607,55374,2025-06-25T18:42:02
44603,53671,2025-03-03T19:26:12
40364,59571,2024-12-27T15:26:01
7736,39179,2025-05-18T22:53:12
18355,11717,2025-04-11T23:18:13
21862,78633,2025-01-12T07:27:10
11218,77637,2025-05-14T00:59:10
8444,45695,2025-01-07T19:54:33
6847,31828,2025-04-16T06:48:46
38780,32419,2024-11-16T12:11:39
5651,37429,2025-05-20T22:28:38
34562,48422,2024-12-15T04:54:55
18223,92026,2024-12-14T04:00:39
40644,6676,2025-03-26T03:22:49
41581,16842,2025-09-20T11:46:11
36224,19155,2025-06-15T18:49:08
41734,83071,2024-11-27T08:55:36
18454,11781,2024-12-04T16:21:54
11037,62694,2024-12-04T01:09:08
29292,26457,2025-09-12T19:18:36
47652,59355,2025-08-03T18:14:55
25349,49099,2025-06-29T02:18:07
34869,23613,2025-06-14T02:05:29
41423,53266,2025-09-08T11:01:17
8570,64456,2025-01-10T22:24:10
11294,15164,2025-05-29T17:12:01
23081,14509,2025-07-04T12:16:20
39672,12455,2024-12-29T10:50:19
4045,15148,2025-08-14T13:58:24
20480,3154,2024-12-05T23:11:01
39173,67065,2025-09-05T16:25:31
18410,90156,2025-01-07T23:55:02
48869,28783,2025-10-22T00:48:42
6998,33945,2025-08-15T02:32:38
26106,42413,2025-05-05T05:36:27
15998,34198,2025-08-10T23:02:53
47322,98172,2025-05-11T06:58:46
43615,78964,2025-03-02T15:12:27
4895,18775,2025-03-01T14:18:05
38911,72598,2025-07-27T05:50:55
40825,24471,2024-11-23T12:24:55
32819,8872,2024-12-13T20:12:33
37416,35629,2025-08-05T16:30:17
35973,77547,2025-09-30T02:50:15
46263,16092,2025-03-14T21:58:55
48021,92368,2025-04-14T21:58:54
42482,61601,2025-01-10T12:02:25
19524,89776,2025-01-20T18:47:22
17118,3190,2025-10-29T20:56:35
23213,69087,2025-01-21T18:11:18
2308,63614,2025-04-22T22:32:14
19846,39387,2025-10-09T09:38:02
1681,51359,2025-03-18T06:11:55
22758,68639,2024-11-20T10:50:51
7543,27690,2025-03-18T02:30:52
24073,81188,2025-06-15T22:57:41
24576,94420,2025-08-22T12:20:06
36738,42763,2025-09-18T13:17:24
20312,29968,2025-01-31T07:29:46
27352,24532,2025-05-04T10:26:09
3984,87614,2025-05-10T12:01:21
17781,27954,2025-02-08T09:07:46
33816,86680,2025-01-10T07:40:08
27188,88447,2025-02-09T09:32:56
30641,3653,2025-09-16T07:43:52
22217,41416,2025-06-18T20:00:16
24244,21213,2025-09-23T16:53:16
46486,1510,2024-12-01T13:44:36
39917,39723,2024-12-09T02:16:31
46564,40415,2025-06-04T01:12:26
9554,49335,2025-01-30T00:03:13
26245,27929,2025-07-01T23:25:15
24521,30239,2025-04-23T06:15:01
10245,71408,2024-11-10T12:41:35
48215,30862,2025-02-02T00:39:50
29335,90992,2025-04-25T02:31:07
49242,25773,2025-09-25T17:22:06
44342,96519,2025-05-04T12:51:32
9962,82108,2025-03-25T22:08:51
46529,55814,2025-04-11T04:51:12
8936,4569,2025-01-22T17:19:53
35060,40438,2025-09-10T22:24:29
36999,9679,2024-12-17T12:08:43
4308,70844,2025-09-29T02:05:03
18329,15900,2024-12-01T00:43:58
39697,71662,2025-07-08T03:38:30
26162,11944,2025-01-11T01:22:32
1017,6969,2025-03-22T19:06:06
20272,60497,2025-05-30T23:34:53
14420,11974,2025-06-30T15:27:18
31320,59088,2025-02-09T19:05:53
28733,36456,2025-01-22T05:11:23
34666,70350,2025-05-13T12:20:01
18631,18754,2025-03-31T19:57:05
15524,2969,2025-03-29T20:14:46
5222,67919,2025-04-20T13:19:56
18235,87655,2024-12-25T16:36:11
43921,80514,2025-01-19T07:10:04
13529,23011,2025-05-19T16:15:59
14058,94144,2025-10-15T10:38:07
25876,94512,2025-06-01T09:58:44
44152,21546,2025-08-12T05:00:53
11967,24189,2025-05-25T17:52:07
21658,28919,2024-12-30T09:23:12
14831,40863,2025-09-20T05:56:16
17097,28864,2025-03-13T11:38:38
41217,11023,2025-01-04T01:11:57
21971,38925,2025-08-30T17:32:28
38796,93504,2025-07-17T06:29:21
23808,13097,2025-08-25T20:37:44
29714,70552,2024-12-29T01:20:41
15018,67111,2025-03-24T06:28:09
3411,25505,2025-08-14T15:11:20
5989,54018,2025-02-13T04:19:12
44813,83519,2025-11-01T15:10:41
26943,90337,2025-02-10T07:12:29
11211,95005,2025-01-13T14:42:33
26683,88356,2025-03-05T07:28:04
1842,13467,2025-03-08T04:35:30
16669,63890,2025-08-16T19:39:27
7265,38708,2025-01-25T12:36:43
34216,89045,2025-09-07T16:23:35
11965,81306,2025-07-31T07:04:20
14280,36995,2024-11-11T00:07:14
7990,24237,2025-07-07T12:36:12
39967,43783,2024-11-27T08:34:48
14399,31907,2025-01-08T04:41:58
33906,74582,2025-02-02T19:36:46
23852,53473,2025-10-26T12:41:35
46449,74404,2024-12-06T23:27:23
4660,76720,2025-10-23T04:29:32
21577,66902,2025-07-02T07:51:46
16319,14749,2025-07-12T06:37:36
24083,53609,2025-01-07T12:16:18
10865,25958,2024-11-21T14:01:39
14536,71746,2025-08-29T11:10:57
37093,30501,2025-05-03T07:44:17
19744,65763,2025-07-31T19:50:47
22966,49884,2025-03-07T06:57:16
1809,49572,2025-05-18T06:47:32
24199,31582,2025-10-28T22:05:46
40557,14270,2025-01-01T18:17:51
48688,23815,2025-07-22T15:38:15
19631,44833,2025-06-02T00:55:59
6020,44750,2024-12-06T06:11:46
30093,83930,2025-01-28T06:47:33
12147,27315,2025-06-02T12:14:13
44445,16746,2025-08-08T11:14:20
27826,147,2025-08-13T02:17:59
30053,25824,2025-08-23T06:23:26
28639,4457,2024-12-30T18:06:18
19372,55298,2025-03-17T03:09:57
34373,31096,2024-11-22T09:52:59
46439,5597,2025-01-29T05:59:46
20852,10490,2025-04-08T02:11:46
43727,7186,2024-11-28T18:06:24
40511,890,2025-08-13T14:41:37
1133,29192,2025-07-09T03:29:54
8005,48782,2025-03-04T08:26:48
10494,41920,2025-10-17T14:40:10
3978,91514,2025-01-28T11:50:58
32807,39228,2025-06-03T20:22:47
9259,78998,2025-07-05T22:12:37
7239,2873,2025-10-13T08:21:37
32518,37878,2025-09-04T21:06:50
35623,61110,2025-03-21T13:43:22
20108,79050,2025-06-27T00:29:52
14998,98172,2024-12-09T18:01:11
38229,40574,2025-03-21T19:30:37
22045,16209,2025-10-12T02:32:15
7674,51779,2025-04-11T18:52:16
23467,60539,2025-09-30T09:05:35
26290,92900,2025-11-05T20:18:33
20645,85724,2025-07-04T07:04:54
17938,93943,2025-10-29T14:47:36
3420,27320,2025-05-03T19:52:19
9445,83912,2024-12-21T12:27:39
35841,72630,2025-05-10T15:07:54
21963,83242,2025-06-16T20:02:17
31349,20460,2025-04-26T17:24:18
17170,34387,2025-09-30T04:48:31
48093,74117,2025-08-31T22:18:07
8897,96346,2025-04-06T11:25:33
30204,10874,2025-10-01T12:37:23
23385,6864,2025-08-22T07:51:03
7217,36763,2025-08-31T13:23:53
44213,24125,2025-10-21T20:19:56
34560,30912,2025-05-13T08:43:44
17741,50883,2025-03-20T06:36:51
13624,72637,2025-10-24T05:29:33
22087,90699,2025-04-15T10:32:44
38132,80463,2025-04-08T16:03:02
41991,56492,2024-12-02T03:23:57
35520,16408,2025-04-28T06:24:19
34382,67951,2025-06-18T09:37:32
33176,77794,2025-01-26T00:40:41
14688,86967,2025-03-30T21:27:03
8794,15947,2025-08-18T12:15:50
1708,52297,2025-03-07T10:45:09
41942,19266,2025-03-18T09:47:29
3309,1282,2025-09-11T05:05:53
31877,43348,2025-06-06T15:49:28
23158,90576,2025-03-18T13:01:36
38928,93389,2025-11-03T04:13:49
14437,7868,2025-07-24T00:41:52
32728,48900,2025-05-30T02:29:38
21518,23411,2024-11-13T12:04:44
8,71318,2024-12-14T09:18:13
18807,70984,2025-07-01T02:01:19
42881,58968,2025-10-06T07:46:50
48267,14965,2024-11-23T02:56:24
46693,30424,2025-09-29T20:28:43
22300,34312,2025-10-28T08:07:17
45001,23044,2025-09-17T17:55:29
3463,40666,2025-04-17T03:00:16
40044,89354,2025-09-16T10:28:41
8898,2210,2025-08-18T16:29:36
28943,1973,2025-09-28T19:48:15
7558,9969,2025-06-27T08:45:25
49331,26452,2024-12-25T12:38:24
35803,7956,2025-07-24T00:42:30
3463,38085,2025-02-12T23:26:46
11447,53085,2025-08-08T12:55:10
46760,39745,2024-11-08T12:49:52
12265,64800,2025-05-15T17:58:42
46652,67473,2025-02-19T12:38:09
1551,52287,2025-06-05T06:22:26
47506,96871,2025-03-16T18:50:20
49209,95213,2024-12-14T23:14:54
25885,55862,2025-01-28T20:16:20
32373,77320,2025-11-04T23:40:45
35952,80952,2025-08-27T13:32:51
18241,10020,2025-01-06T20:24:47
23212,48562,2025-09-27T05:15:13
38783,22950,2025-10-28T00:53:13
12367,53483,2025-10-26T13:12:13
43400,53041,2024-11-15T17:15:10
8310,81317,2025-07-31T04:13:55
2591,80742,2025-02-15T18:15:30
28568,25871,2025-06-05T01:27:43
25761,32291,2024-12-20T12:15:00
42555,63129,2025-04-25T21:42:31
27063,78706,2025-09-20T15:05:17
16330,91510,2025-03-25T22:26:08
47400,93081,2025-03-13T18:24:42
41783,48843,2025-04-13T00:00:46
24019,77821,2025-11-01T19:28:16
32266,72123,2024-11-11T01:20:29
36478,98864,2025-08-01T22:21:44
27303,92809,2025-02-18T20:09:58
29390,53834,2025-04-05T00:54:43
31213,3006,2025-03-10T04:04:52
4724,31452,2025-09-06T03:05:54
43924,65998,2025-06-04T21:09:49
39522,55669,2025-10-05T01:21:39
46486,87832,2025-09-25T08:33:21
5643,14329,2025-07-30T12:18:08
49467,71742,2025-08-11T18:12:51
36847,44168,2025-10-16T14:39:12
29122,25383,2025-03-29T07:08:57
14880,5104,2025-02-03T20:21:45
19401,41168,2025-07-30T00:10:40
47508,46835,2025-08-10T04:48:00
35104,49914,2025-02-12T10:18:46
22511,41882,2025-10-15T17:15:04
41522,35829,2025-02-23T15:30:08
36731,6082,2025-01-16T23:59:30
6024,98967,2025-05-01T14:36:23
46474,89137,2025-06-25T01:14:06
45734,3994,2025-11-05T12:36:36
27582,86431,2025-03-01T08:29:37
36289,34633,2025-01-30T14:07:53
3155,87015,2025-10-13T15:41:05
42839,29583,2025-01-11T04:48:43
2828,18017,2024-12-03T08:25:34
16319,17950,2024-11-15T17:06:41
17338,17579,2025-02-20T02:03:43
2720,21186,2025-07-22T03:43:31
20941,114,2025-10-16T16:21:16
14603,82929,2025-04-17T17:55:26
336,38836,2025-09-04T09:29:09
21225,11463,2025-02-03T05:08:56
35817,70004,2025-06-10T21:36:23
7226,91971,2025-04-20T04:12:39
27553,26201,2025-02-08T14:00:23
33977,78529,2025-03-14T22:13:45
23409,43985,2025-05-30T13:53:25
10238,58837,2025-08-06T00:52:38
35286,33720,2025-09-19T11:24:38
2646,57603,2025-08-02T17:29:49
16353,68686,2025-06-11T10:40:20
47825,77593,2025-01-01T02:58:25
48066,24052,2025-10-03T01:10:05
1174,47775,2025-10-20T22:41:11
16336,96453,2024-12-09T23:48:31
40161,11212,2025-10-06T10:08:29
20899,93754,2025-06-10T20:24:14
14123,5984,2025-09-23T08:02:50
18120,45893,2025-07-12T11:32:44
5449,43891,2025-08-22T09:35:41
686,38762,2025-09-13T18:10:38
48295,93526,2025-01-22T08:29:45
23825,48599,2025-01-21T22:35:24
5720,52310,2025-07-18T05:56:53
35700,65214,2025-05-29T17:07:49
40512,55480,2025-10-24T21:30:47
40382,77442,2025-04-29T10:31:08
9294,3128,2024-12-09T08:31:26
30752,58033,2025-05-15T20:32:52
14369,15534,2025-10-10T05:00:07
8075,44677,2025-02-18T12:44:06
29453,56320,2025-06-27T03:56:55
40501,9193,2025-08-25T05:32:23
8514,55556,2025-02-02T03:16:29
49316,90668,2024-12-29T08:48:18
18857,51819,2024-12-13T18:46:42
13260,87956,2025-09-03T16:39:14
9224,75946,2025-05-25T02:22:53
41539,37998,2025-01-08T17:52:10
27656,33009,2025-10-11T13:14:17
5301,17676,2025-07-15T02:44:08
39168,7709,2025-03-08T16:36:41
11116,14616,2025-06-07T20:01:15
49396,26541,2024-12-29T17:00:10
21038,2768,2024-11-07T22:29:46
22693,66773,2024-11-18T06:10:06
30318,91830,2025-08-18T23:36:24
14936,99805,2025-03-28T13:16:46
41859,76688,2024-11-12T06:53:57
23830,73107,2025-09-04T10:00:42
1209,84078,2025-08-18T13:31:45
16755,38527,2024-12-04T07:11:25
40488,48912,2025-09-17T02:55:01
41682,65460,2025-01-28T14:34:44
45532,93520,2025-02-14T02:17:50
42342,257,2025-10-11T21:24:01
31019,98,2025-05-20T04:22:13
4407,82114,2024-11-23T12:32:06
14388,79807,2024-11-09T06:27:14
46501,28028,2024-12-18T06:57:00
38880,67207,2025-10-18T00:03:40
43361,80327,2025-03-02T08:15:14
1535,80318,2025-04-09T23:43:01
37479,23522,2025-02-07T17:49:49
18905,82983,2025-05-02T10:03:00
20995,80119,2025-01-04T15:24:09
49449,42197,2025-08-25T14:46:33
15972,21452,2025-09-04T02:40:02
17784,4271,2025-03-02T20:15:59
30930,60756,2024-12-03T07:17:17
35501,71426,2025-08-20T17:19:13
40412,5022,2025-11-04T06:20:11
46787,63784,2025-08-29T05:55:37
28220,43581,2025-06-16T18:15:12
33271,95422,2025-06-10T19:47:02
37559,20409,2025-10-09T12:08:46
8754,96095,2025-11-06T16:13:17
18752,3972,2025-05-04T01:53:05
21009,63257,2025-04-07T18:47:28
45978,43374,2025-06-24T10:56:38
14003,95689,2025-03-28T12:41:51
24081,40017,2025-06-12T09:54:28
23163,28716,2024-11-11T04:22:23
34035,85012,2025-03-30T16:36:43
34308,66880,2024-12-28T02:14:14
32936,22312,2025-07-07T13:55:30
8604,5384,2025-10-30T01:48:26
309,49012,2025-05-27T13:01:00
2487,59503,2025-01-20T14:15:16
14628,34319,2025-08-22T08:36:09
25694,1341,2025-06-16T15:12:00
26826,37619,2025-11-03T14:00:10
17710,93787,2025-10-07T10:47:23
20115,20536,2025-10-26T03:02:19
23948,85001,2025-08-03T04:21:49
47471,55461,2025-02-28T18:23:51
9340,41762,2025-02-17T08:11:50
19511,40680,2025-06-04T06:46:26
31975,1189,2025-02-27T00:07:42
33123,54286,2024-12-02T18:13:00
3085,17445,2025-04-11T06:47:03
46945,65847,2024-11-18T03:02:45
37815,52659,2024-12-12T07:47:19
17145,46376,2025-01-25T02:25:46
49218,59060,2025-05-19T11:19:51
17351,39974,2025-10-15T13:43:58
658,46687,2025-01-10T06:58:32
31314,38148,2025-10-15T03:31:58
34768,28376,2025-11-03T10:49:53
21702,91224,2025-03-04T15:58:25
9172,72529,2024-11-20T03:42:16
36480,74290,2025-07-17T20:28:58
29493,77314,2025-07-02T11:14:15
40704,73892,2025-02-02T18:10:23
36104,88850,2024-12-14T21:53:51
39247,71402,2024-11-20T18:15:31
26868,1913,2025-05-22T17:48:46
37559,64168,2025-01-27T14:23:58
1639,91760,2025-10-04T16:21:21
49933,21005,2025-04-05T11:08:42
34699,23698,2025-06-07T11:38:16
40765,73573,2025-07-09T18:40:25
4014,81785,2025-05-13T03:04:09
24005,76047,2024-12-23T19:37:58
18817,87188,2025-02-21T10:44:08
13166,21436,2025-08-09T23:08:41
38786,67330,2025-03-23T09:43:14
8931,89082,2025-02-09T07:33:34
15219,11244,2024-12-09T00:59:44
42998,69345,2025-01-28T19:22:47
21008,87740,2025-02-16T19:15:25
25172,47037,2025-06-11T16:17:07
10380,20144,2024-11-23T17:25:25
3263,7413,2025-04-27T04:48:57
43409,64763,2025-02-21T09:44:18
2312,11521,2025-05-11T20:19:53
18437,70213,2025-05-24T09:16:54
24159,62770,2025-07-12T12:49:28
37614,26016,2025-02-04T01:12:45
7727,68173,2025-07-09T04:53:40
12435,46661,2024-11-25T11:07:10
28793,48615,2025-02-16T17:18:51
25038,42355,2025-07-31T07:30:20
10800,54721,2025-04-08T04:35:51
35283,76027,2025-01-28T04:49:30
4178,84106,2025-08-06T22:08:36
875,38634,2025-10-11T12:17:52
24231,76518,2025-11-01T15:06:45
31463,2627,2024-12-05T14:48:19
41877,15740,2024-11-07T03:21:00
30206,43661,2025-01-29T04:29:43
16725,888,2025-09-29T22:17:45
30459,71048,2025-09-24T01:14:51
45296,44114,2025-06-25T03:17:53
30030,5287,2025-03-24T12:11:37
44645,81483,2024-12-21T12:47:25
34558,29984,2025-05-25T23:19:39
16968,89347,2025-08-30T12:24:26
8946,98042,2025-06-19T08:48:01
23409,35763,2025-05-13T10:19:22
48086,29406,2025-06-23T12:17:37
18168,50749,2025-09-16T00:18:52
15978,64514,2025-09-16T00:28:40
40328,81605,2024-11-26T20:33:08
42302,38350,2025-06-10T08:22:02
17992,66676,2025-10-03T04:31:28
28296,59397,2025-01-07T00:08:30
48053,91752,2025-08-25T15:52:37
11669,52920,2025-03-04T14:29:32
10506,74243,2025-09-24T10:00:03
14756,43454,2025-03-17T03:25:06
39638,56734,2024-12-15T14:47:34
26414,29975,2024-12-21T06:48:01
8601,61131,2025-03-09T09:26:39
33500,42597,2025-05-18T15:24:41
43951,98781,2025-08-07T20:27:20
24951,23121,2024-12-06T13:27:04
14080,64367,2025-03-22T02:25:20
885,99152,2024-11-24T10:02:04
47599,11033,2025-04-02T22:28:34
31246,84921,2025-08-18T16:57:19
38981,41585,2025-01-22T01:47:24
5001,6114,2025-04-05T12:19:33
3385,70311,2025-02-11T12:05:15
41041,50662,2025-09-21T14:14:38
42141,4028,2025-09-29T23:58:16
45973,16842,2025-08-04T12:38:31
21225,37205,2025-05-23T05:01:26
36494,63801,2025-11-05T18:50:22
4249,28275,2024-12-16T08:11:05
16959,40684,2025-07-24T00:22:55
41295,40165,2025-01-01T22:45:52
21404,58669,2025-08-11T18:16:11
40702,58634,2025-06-07T04:09:05
12759,10642,2024-11-22T19:21:10
14382,21153,2025-05-15T05:57:20
14870,44916,2025-11-05T04:26:03
44679,50259,2025-09-02T16:53:36
20321,47970,2024-11-07T02:38:49
31032,58926,2025-05-01T06:24:51
8501,41487,2024-12-23T06:43:56
30959,98760,2025-05-19T00:28:03
6842,91881,2025-02-22T01:42:30
5928,55881,2025-01-01T20:07:41
18503,68840,2025-04-05T12:50:22
44376,33366,2025-03-29T04:33:24
26847,23458,2025-03-24T02:40:47
5966,83341,2025-02-11T04:09:44
26825,74528,2025-04-01T17:48:28
11517,72734,2025-10-13T15:41:39
47144,88023,2025-01-22T22:40:14
13076,40172,2025-03-27T17:18:01
38392,24746,2025-02-05T04:27:42
8819,19840,2025-03-19T16:13:59
42464,27353,2024-11-09T12:54:25
9204,42047,2024-12-27T11:42:17
291,35167,2025-06-24T03:11:55
23349,1184,2025-08-26T04:01:05
35743,32998,2025-01-02T05:28:09
9259,74024,2025-01-18T11:29:30
44685,25460,2025-02-25T15:59:32
44405,42097,2025-10-27T15:44:04
19150,29552,2025-02-10T03:53:40
34139,50888,2025-05-03T21:10:30
29696,72954,2024-12-08T16:09:27
32470,61129,2025-08-21T13:19:54
29900,35841,2025-08-22T07:43:35
20895,27318,2025-11-03T05:27:39
25117,16930,2025-01-07T09:36:57
4738,53708,2025-04-02T15:19:02
29155,22335,2024-12-17T03:14:16
28258,45735,2025-10-17T18:15:54
49349,58269,2024-11-12T13:55:53
31735,65848,2025-10-04T12:29:46
29423,59856,2025-07-26T20:46:41
3862,10912,2025-09-04T21:22:19
16826,81563,2025-02-25T04:33:32
8038,76953,2025-04-13T16:39:00
32354,84412,2025-06-15T09:40:50
31212,34793,2024-12-20T19:17:00
35920,26653,2025-02-08T12:46:16
13106,539,2024-11-16T04:35:51
44266,58798,2024-12-14T15:17:03
7964,87409,2025-03-03T06:19:03
22804,48745,2024-12-30T23:06:41
2983,47757,2025-03-10T17:04:54
8400,22489,2025-04-10T21:02:54
48798,88258,2025-08-09T00:00:59
48758,86894,2025-03-18T02:55:07
13336,41689,2025-01-30T00:59:11
23631,68012,2025-02-09T12:53:02
20095,72623,2025-06-17T09:04:11
30516,97107,2024-12-01T21:55:37
14513,42682,2025-01-14T05:39:41
22292,80258,2025-07-21T12:15:51
3342,98326,2025-02-20T12:19:28
46000,10041,2025-06-22T06:25:06
5638,20604,2025-04-23T14:51:23
37805,80955,2024-12-06T17:09:36
10340,30358,2025-05-19T01:21:29
6265,38562,2025-10-24T18:04:35
41001,55453,2025-05-18T10:17:04
39152,51759,2025-02-28T22:09:16
2614,77972,2025-08-31T05:11:36
6297,26004,2025-01-01T01:41:56
15611,50692,2025-11-06T19:08:48
11334,98710,2025-07-10T12:21:40
4696,43809,2025-06-01T03:55:39
35634,41238,2025-08-20T04:33:47
47855,86306,2025-01-03T09:58:08
5014,56251,2025-07-01T01:32:56
36291,11575,2025-03-26T23:14:22
30323,63990,2025-07-02T07:02:11
27635,90351,2025-08-17T17:02:44
17059,71585,2025-08-30T12:07:34
12867,67434,2025-06-02T01:31:05
49663,37220,2025-02-01T02:37:32
16637,41459,2024-11-09T23:14:22
17991,79521,2025-11-06T03:01:44
25065,97604,2024-12-14T09:51:09
14806,110,2025-07-02T13:36:55
35588,85467,2025-10-21T22:08:29
43412,79257,2024-11-21T12:35:52
40148,45394,2025-09-30T00:44:33
2532,64590,2025-07-28T15:54:04
9698,43957,2025-10-02T04:11:04
15840,19121,2025-05-06T19:22:28
24340,45187,2025-08-11T05:59:11
11332,74350,2024-12-09T07:30:12
32229,81291,2025-01-16T06:45:58
5216,80832,2024-11-10T20:08:26
13626,67297,2025-04-29T23:28:56
27383,75114,2025-08-24T23:59:33
28381,47497,2025-08-09T11:01:40
18851,66167,2025-06-01T23:28:00
2805,90510,2025-03-14T01:04:59
7077,43078,2025-08-21T18:17:33
49868,28012,2025-04-27T03:28:02
25405,81512,2025-05-06T18:24:33
33935,42383,2025-10-31T23:37:07
16404,84209,2025-04-23T00:08:14
40429,65572,2025-06-19T23:38:58
43676,56130,2025-10-30T15:56:03
36921,96118,2025-10-27T10:31:50
46212,9715,2024-11-16T16:18:03
45694,18324,2024-12-07T08:52:35
41222,84849,2025-03-08T01:22:24
35028,74893,2025-10-16T15:23:47
27379,26543,2025-02-24T19:51:30
47365,58224,2025-08-10T19:03:19
29994,9013,2025-02-26T14:59:48
16446,51730,2025-04-26T04:46:00
34281,7908,2025-02-19T16:17:34
34373,79466,2025-09-25T02:37:15
21736,86010,2025-01-10T05:01:03
15199,434,2024-12-15T21:30:32
39337,52624,2025-09-02T14:18:15
22612,11773,2024-12-29T23:21:48
28536,28608,2025-02-10T10:24:01
29171,37632,2025-05-14T13:26:40
33654,31047,2024-11-22T20:38:42
15298,87850,2025-08-11T15:38:36
38833,18734,2025-02-13T00:52:11
28847,17685,2025-06-11T09:05:01
156,66478,2024-12-23T00:58:50
10829,92064,2025-02-07T07:15:24
6457,76591,2025-08-21T22:44:28
33982,72827,2025-07-05T13:50:35
22759,20750,2025-08-03T23:01:31
18741,67023,2024-12-28T23:02:14
33591,84068,2024-12-05T18:06:17
8368,69716,2024-12-25T06:34:04
29056,14359,2024-12-14T09:15:38
19740,54867,2025-06-28T18:10:40
46086,27906,2025-03-16T06:19:06
15166,96612,2024-12-07T22:22:21
38922,2768,2025-05-07T21:36:21
30459,89738,2025-06-16T13:56:31
31237,55000,2024-11-10T20:17:28
23132,98094,2025-07-04T00:31:02
23200,4903,2025-06-20T14:27:09
20876,62888,2025-02-12T13:44:20
42098,90036,2025-08-27T05:27:44
23403,11544,2025-08-03T03:44:31
42454,29426,2025-11-01T14:16:14
13720,14080,2025-03-18T16:37:14
96,69479,2025-10-16T02:30:35
38983,89316,2025-07-26T10:50:33
45099,99201,2025-03-30T20:50:51
10431,97969,2025-07-20T00:30:27
27197,39216,2024-11-29T13:33:04
48886,91055,2025-10-27T02:25:17
19473,7095,2025-10-26T22:46:09
43031,88778,2025-10-23T04:06:42
44907,59738,2025-06-16T03:53:22
33780,45010,2024-11-21T09:38:37
31207,19133,2025-02-28T08:09:29
39128,39581,2025-06-03T09:41:44
39919,46105,2025-05-13T00:33:37
36149,89440,2025-10-20T12:55:59
7452,60664,2025-09-28T18:48:28
41599,75543,2025-07-05T02:42:50
22719,3279,2025-07-28T10:38:24
5705,46873,2025-11-05T19:42:17
41982,32764,2025-04-20T14:02:21
41531,69264,2025-07-19T00:46:13
31337,39158,2025-06-08T04:55:02
8208,97181,2025-10-04T00:48:09
1561,20537,2025-04-09T12:29:14
32034,56816,2025-09-27T13:13:46
6986,50723,2024-12-07T09:28:07
8877,13049,2025-10-11T16:47:39
31875,13062,2025-10-06T08:19:53
19698,25954,2025-10-04T23:09:00
25531,11567,2025-01-08T11:36:49
38376,49019,2024-12-03T19:40:24
41859,51105,2025-05-05T21:04:27
45101,2658,2025-09-22T22:37:13
4451,12466,2025-03-26T05:11:08
41467,91617,2025-03-02T08:05:56
5183,90368,2025-04-05T17:57:29
49050,16118,2025-02-28T22:20:26
40994,87271,2025-07-08T15:11:59
380,4813,2025-07-30T09:43:17
37306,24359,2025-04-09T12:30:45
4502,68842,2025-05-20T03:50:49
1319,32392,2025-10-18T04:52:52
8985,37635,2025-03-09T06:27:43
2684,59527,2025-02-18T09:07:58
48432,33696,2025-02-15T23:39:12
49769,84631,2025-02-15T12:17:25
11977,63315,2025-01-03T15:05:01
26680,1118,2024-11-07T22:03:13
2683,82613,2024-12-22T04:26:23
47703,36668,2025-08-23T02:17:52
41585,32126,2025-10-03T19:00:02
18734,99815,2025-05-21T18:45:45
48955,15042,2024-11-07T20:16:43
2315,76378,2025-11-01T11:28:59
17759,53729,2025-07-16T03:58:05
39757,73003,2025-03-08T08:15:24
3103,84386,2024-11-24T21:54:02
33380,6995,2025-07-09T19:50:29
5576,38245,2025-09-27T15:46:22
23817,98157,2025-05-08T13:09:22
13962,10252,2025-05-31T00:24:44
17467,80977,2025-08-01T15:51:17
402,12383,2024-12-18T03:12:07
31911,34512,2025-06-03T09:06:58
46610,83436,2025-07-15T18:10:30
48382,89355,2025-07-28T20:38:23
31384,39534,2025-03-14T10:16:49
3010,18607,2025-05-02T02:04:51
14656,93018,2025-05-14T18:45:02
3240,70697,2024-12-09T18:29:51
42340,73107,2025-07-04T14:05:46
28719,72257,2025-02-08T01:36:56
26857,99219,2025-10-30T15:01:36
48098,78458,2025-06-20T12:52:49
15355,22523,2025-06-17T00:15:29
8735,55750,2025-05-31T13:06:52
43080,19432,2024-12-30T04:58:39
26636,7887,2025-09-25T12:05:43
25575,46256,2025-05-10T04:12:27
44816,45219,2025-06-12T07:35:38
28413,84281,2025-04-04T02:05:57
5537,89866,2025-07-18T21:12:42
38544,3469,2025-09-10T22:33:53
41489,91622,2025-01-17T10:04:34
17601,10737,2025-06-30T13:38:22
5182,74945,2024-12-08T07:45:24
13421,74400,2025-05-06T08:02:04
6480,96895,2025-05-06T01:55:42
13009,24796,2025-03-17T10:00:11
16777,25116,2025-06-03T14:58:17
29295,50648,2025-03-05T04:38:44
7405,15383,2025-02-18T07:08:54
46996,39481,2024-11-08T08:27:02
4505,81432,2025-09-28T06:51:22
17151,35274,2025-03-08T02:16:46
46999,4976,2025-04-10T11:40:40
3407,43433,2025-02-16T11:30:32
1628,86590,2025-03-21T08:27:06
12435,47094,2024-12-14T17:35:47
31479,15430,2025-08-26T09:59:31
5428,95232,2025-03-31T07:18:03
11712,72811,2025-09-02T00:26:57
20773,61390,2025-08-06T10:53:26
3939,91583,2025-01-26T09:54:31
12411,14250,2024-11-07T15:58:27
40640,23448,2025-05-19T00:25:31
22135,75705,2025-03-27T12:07:34
9928,73260,2025-05-27T04:38:49
29861,68620,2024-12-16T09:38:46
34284,49962,2025-09-25T12:16:38
26327,52181,2025-11-06T07:15:46
30964,55794,2024-11-10T02:22:01
22872,25132,2025-09-22T13:46:17
9257,27286,2025-07-23T00:43:42
48155,27008,2024-11-18T09:36:10
27291,62115,2025-04-04T19:15:55
20023,28531,2025-10-08T05:45:17
46338,97547,2025-05-15T06:10:13
34958,51740,2025-02-26T20:07:24
45236,84497,2025-04-18T16:59:08
9310,16018,2025-03-04T20:57:32
33965,93474,2025-05-30T00:42:17
22329,99689,2025-06-21T20:45:12
48297,17582,2025-05-30T04:35:15
27361,43025,2025-08-15T07:12:53
34222,58440,2025-09-23T12:41:15
46752,22226,2025-02-25T07:29:33
10908,33153,2025-05-01T05:12:15
39063,88004,2025-07-04T16:09:57
14876,9913,2025-09-06T17:44:07
3142,40169,2025-03-17T13:12:27
46189,13318,2025-04-03T08:14:15
28255,91100,2025-04-30T05:19:57
35502,26832,2025-07-15T16:21:04
34397,65767,2025-03-02T09:43:11
46920,90915,2025-04-15T04:41:41
26689,8059,2025-01-06T23:04:59
19192,18826,2025-09-14T01:28:21
17487,43389,2025-10-10T17:19:04
20047,14476,2025-10-05T01:49:23
46094,33878,2025-01-17T13:52:15
2239,2753,2024-12-24T16:48:21
45158,6392,2025-08-15T20:11:32
35129,8510,2025-04-10T11:12:01
13433,86291,2024-11-10T03:11:53
42244,43634,2025-02-16T10:54:07
16013,82101,2025-05-02T01:34:15
33575,89483,2025-07-13T07:44:49
38739,11551,2025-06-09T08:46:01
42747,16659,2025-03-07T03:29:35
29676,65441,2025-01-20T11:29:53
11616,37551,2025-01-04T05:45:07
31289,36353,2025-10-16T11:02:38
42592,13606,2024-12-27T01:47:31
30748,90977,2025-03-18T17:01:12
31229,96835,2025-08-27T06:53:36
31430,62223,2025-06-09T07:11:22
17749,94284,2025-01-27T12:00:51
3840,68025,2024-12-29T10:20:23
35169,35378,2025-03-26T21:56:32
26955,93757,2025-02-05T09:16:18
34535,26525,2025-06-15T12:18:45
16033,58763,2024-11-29T15:57:24
13335,65072,2025-04-12T17:53:06
33453,28349,2024-12-19T11:44:20
25739,6339,2025-10-22T20:46:39
42041,95353,2024-12-23T08:10:19
30306,9423,2025-06-05T04:04:32
40686,21789,2024-12-05T10:54:24
45911,50955,2025-02-02T08:36:32
26812,41103,2024-12-26T10:14:56
7536,79694,2025-06-16T08:55:06
29797,69653,2025-07-15T18:24:00
15633,20028,2025-09-28T23:59:11
38063,97247,2024-12-31T10:48:44
14616,13558,2025-07-04T20:04:22
29769,26037,2025-05-24T01:03:57
15392,71772,2025-10-29T02:03:28
18535,57414,2025-02-16T18:48:19
15434,41696,2025-09-27T23:51:28
40547,29904,2025-09-09T13:23:09
3304,87881,2025-11-01T04:40:34
1555,9800,2025-08-12T14:59:50
17861,76264,2025-08-28T12:06:47
20464,56039,2025-08-31T14:07:22
36992,22227,2025-06-27T19:20:55
14748,28952,2025-04-14T00:45:44
1614,19994,2025-04-14T22:15:28
15359,40724,2025-05-06T00:59:52
29836,58737,2024-11-11T22:27:33
19460,34538,2025-10-10T07:35:26
18559,71124,2024-11-30T08:51:09
22978,8521,2025-07-24T20:29:01
20666,24093,2025-07-05T18:00:29
7691,96682,2025-10-25T14:10:49
21439,94888,2025-07-08T07:16:53
13363,95996,2025-07-13T06:33:29
31701,55450,2025-03-26T18:35:52
38973,84719,2025-07-28T12:36:46
22482,75291,2025-10-26T21:43:48
19906,61334,2024-12-01T03:03:27
37889,6064,2025-04-07T14:13:12
16131,38535,2025-04-12T04:36:58
15011,5831,2025-06-28T05:32:42
4633,55992,2025-01-21T02:48:37
3002,25082,2024-12-06T06:56:03
48476,90238,2025-10-15T08:34:08
47400,11271,2024-11-24T01:15:30
36821,28278,2025-02-13T13:19:12
5664,76811,2025-06-11T12:58:15
43905,94880,2025-01-23T18:39:00
9734,37979,2025-05-22T09:15:23
47820,16074,2025-07-19T12:33:54
42754,1830,2025-05-25T23:01:48
15510,23423,2025-08-22T22:53:49
30002,26079,2025-02-06T00:49:51
16907,80939,2025-01-14T05:31:10
14153,63825,2025-10-15T04:50:01
12360,41810,2025-05-24T10:17:18
3458,72095,2025-06-06T14:48:45
6881,97479,2024-12-04T03:28:49
32291,58211,2024-12-27T12:22:18
36487,88833,2025-06-24T19:37:40
46852,56585,2025-07-23T21:39:48
28500,21855,2025-06-11T08:03:30
26723,30748,2025-10-21T05:11:36
40896,41495,2025-11-05T07:06:39
10829,81325,2025-07-13T23:21:13
5559,28313,2025-07-21T00:19:09
36416,10416,2025-09-30T08:10:41
16922,31579,2025-09-27T16:21:38
42316,54502,2025-01-19T01:00:16
4964,75743,2025-05-15T16:18:10
2675,23797,2025-06-17T00:57:39
8037,11004,2024-12-10T11:33:18
44749,40184,2025-09-27T04:37:12
14296,59697,2025-11-06T18:34:04
49706,79424,2025-06-27T19:03:07
13261,97145,2025-05-27T10:27:57
8028,94749,2024-12-22T12:32:58
6671,83414,2025-07-16T05:28:58
22339,39428,2024-11-27T14:55:44
34733,49805,2025-03-19T00:54:23
33714,44788,2025-03-16T14:15:02
49925,8228,2024-11-21T10:49:33
6699,19606,2024-11-14T04:28:31
27601,66950,2025-01-11T05:15:30
16572,65760,2025-09-11T20:16:07
718,7007,2025-01-20T18:57:17
41404,69064,2025-03-18T03:51:19
25165,77407,2025-08-19T18:27:51
30023,40947,2025-10-05T05:20:42
34712,45098,2025-07-27T16:24:23
37101,25617,2024-11-13T19:02:59
7195,20993,2025-07-16T13:51:51
9652,69063,2025-09-24T00:28:20
41922,92237,2025-09-12T17:25:57
34133,94789,2025-05-22T11:59:46
35144,66294,2024-12-18T06:04:57
11675,65162,2025-07-18T23:45:34
45276,82853,2025-07-02T06:39:57
17636,11706,2025-03-13T13:16:29
48629,15679,2024-12-25T21:27:47
16087,73502,2025-02-01T20:58:25
38829,44774,2024-11-12T08:31:15
12544,70084,2025-01-13T09:26:15
46073,23567,2024-12-14T10:08:39
23662,27270,2025-09-18T00:35:53
37496,62023,2025-05-11T21:18:42
46343,92837,2024-11-13T17:37:09
26749,23934,2025-04-01T18:10:15
45038,18968,2025-06-21T04:32:01
36358,58237,2025-06-16T10:05:54
31350,43117,2024-11-24T00:02:27
6420,88010,2025-10-15T05:13:46
29371,15996,2025-06-25T10:17:24
48495,96411,2024-12-15T16:15:36
17356,69494,2025-09-06T08:16:45
111,94470,2025-07-24T10:42:38
21984,62286,2025-08-10T14:03:59
2790,2260,2025-09-21T01:12:50
29106,5032,2025-01-18T03:03:15
341,91608,2025-09-17T23:55:28
12425,45421,2025-05-02T00:17:27
5168,79946,2025-10-03T02:59:48
13366,10359,2025-10-18T11:41:55
36805,66854,2024-12-30T04:24:45
13041,61477,2025-04-03T20:34:17
5907,25808,2025-04-16T05:24:27
25730,6987,2025-01-24T19:22:32
44436,3535,2025-04-24T14:12:56
4999,42540,2025-06-19T20:51:19
14766,93421,2025-01-12T04:10:54
3794,56016,2025-09-23T04:19:46
5219,67669,2025-03-26T05:26:46
34856,4788,2025-01-27T16:42:52
24973,98863,2025-10-14T00:17:50
38805,55730,2025-06-11T22:40:57
22190,47462,2025-10-12T14:00:08
11871,23102,2024-11-17T21:26:49
16678,4396,2025-08-24T16:22:42
26343,36171,2025-05-04T02:06:20
27921,87442,2025-02-04T18:04:56
37420,34400,2025-02-23T04:50:23
19519,21861,2025-01-25T04:11:57
26159,45525,2025-05-02T04:37:38
20125,7528,2025-08-19T21:47:00
11671,1241,2025-11-06T21:38:50
26659,33310,2025-08-29T16:25:45
48034,8619,2025-10-08T18:20:18
6807,93728,2025-05-23T16:22:13
19072,49280,2025-06-19T12:24:53
5945,11496,2025-07-18T05:07:19
48607,4016,2025-05-25T22:23:47
38313,68901,2024-11-21T15:54:41
45977,57222,2025-10-02T09:23:43
41195,5064,2025-05-10T22:35:49
897,54113,2025-01-25T04:05:12
29876,12328,2025-10-08T04:19:43
47763,53607,2025-01-29T14:55:27
29960,77161,2025-08-09T12:07:15
1222,33511,2025-09-13T16:44:26
32239,51271,2025-07-07T08:04:38
48893,26017,2025-06-05T03:55:19
39221,73286,2025-08-11T08:39:53
32725,67796,2025-09-01T04:54:15
13673,1753,2025-05-21T04:18:37
38127,59371,2025-07-18T07:12:59
49507,38453,2025-11-01T01:48:22
30748,83690,2025-07-21T22:55:51
7689,99970,2024-12-09T03:19:26
46013,44003,2024-12-23T22:37:42
29578,7422,2025-05-15T23:13:48
3372,25510,2024-12-23T13:27:14
38623,87586,2025-03-18T01:53:27
49737,62273,2024-12-22T22:19:06
29858,63247,2025-01-16T04:06:48
5532,30172,2025-09-05T13:41:49
47831,90572,2024-12-01T05:31:44
32273,61571,2025-03-17T04:03:37
20778,39287,2025-10-29T00:07:36
45242,30462,2025-03-24T19:27:28
38049,92733,2025-01-08T14:01:53
5347,53346,2024-12-29T11:31:58
27267,52633,2025-06-26T01:00:12
25819,83791,2025-04-11T12:44:54
7340,45723,2025-01-25T04:57:30
37681,83770,2025-07-04T18:58:14
13720,41983,2025-02-05T10:03:22
199,94139,2025-03-25T02:47:53
26651,65159,2025-08-02T02:31:53
5878,64084,2025-08-20T06:16:44
8477,61701,2025-05-06T19:55:01
23080,88787,2025-10-03T04:17:32
18681,38240,2025-03-07T20:30:31
1496,24730,2025-02-16T21:53:36
46544,59592,2025-03-25T00:14:44
42748,63300,2024-12-06T22:51:33
37890,19982,2025-02-26T17:52:25
5909,89780,2025-04-20T02:20:03
16473,1120,2025-04-10T07:56:17
36691,94917,2025-01-15T08:20:17
38944,59938,2025-10-10T06:54:33
10526,42611,2025-02-25T05:50:24
4818,30658,2024-12-24T11:54:00
29203,84916,2025-11-02T21:18:28
28579,66583,2025-03-08T04:45:21
9505,83399,2025-06-07T16:14:06
13770,770,2025-07-26T10:06:33
37119,84674,2025-05-03T17:35:09
48640,50091,2025-04-28T05:27:30
42633,25124,2025-06-09T00:59:16
26403,12059,2025-06-19T17:26:31
17823,34019,2025-07-16T09:06:43
48517,10179,2025-07-13T13:15:31
12120,50895,2024-12-31T23:33:55
36486,78453,2025-04-29T13:32:22
37755,39316,2025-04-30T07:18:43
16466,45402,2024-12-27T14:22:39
20407,70189,2025-10-04T17:38:46
35658,77610,2025-07-22T03:44:35
34937,34577,2025-06-25T05:58:59
47851,23319,2025-06-12T21:55:09
13298,71618,2025-06-15T11:08:41
34441,33559,2025-08-26T10:54:09
38523,68644,2025-01-12T16:59:28
9006,99488,2025-06-27T18:37:22
49625,44899,2025-03-05T22:50:26
36818,30672,2024-11-26T16:59:29
30131,85188,2025-04-27T12:50:56
37403,34952,2025-09-18T05:33:48
15068,78828,2025-05-01T01:42:32
6024,6631,2025-10-26T18:38:00
22952,38597,2025-09-21T08:23:52
35899,74309,2025-10-30T10:11:44
20989,7846,2025-10-05T03:00:49
2843,13625,2025-05-03T21:33:07
15821,53333,2025-11-01T17:03:50
668,10234,2025-11-02T04:43:16
27349,74887,2025-06-02T03:21:57
24141,3447,2025-07-27T15:24:32
3698,85339,2024-12-25T20:38:50
14623,64371,2025-09-22T00:17:57
47358,52701,2025-06-27T13:37:36
20109,90816,2024-12-10T01:28:25
39292,35925,2025-04-20T13:45:03
19536,64856,2025-04-10T10:38:09
30735,34643,2025-01-08T00:29:08
5086,64210,2025-10-27T23:45:00
44255,85433,2024-12-07T00:33:34
18643,26600,2025-05-12T04:58:52
22220,1461,2025-02-26T13:42:26
35930,71142,2024-12-27T08:31:04
34449,32618,2025-07-15T00:05:14
8177,68944,2025-02-14T19:34:39
26362,36721,2025-09-30T03:32:59
17144,72797,2024-11-09T16:39:39
38621,42877,2025-08-08T23:15:49
13915,9849,2025-06-05T16:35:16
6137,35833,2025-09-01T09:41:00
28012,88448,2025-01-01T14:48:58
30166,56762,2025-07-02T01:46:21
43957,48781,2025-01-12T21:48:09
27732,57633,2025-05-03T17:12:10
184,5164,2024-11-19T16:52:40
41549,73139,2025-08-01T05:51:57
34041,80922,2025-03-11T22:04:53
9550,89591,2024-11-13T15:29:20
8352,27345,2025-04-21T19:23:52
10727,59830,2025-07-19T05:30:13
48526,25994,2025-05-29T17:06:43
46205,71920,2025-08-16T06:51:43
37661,28535,2024-12-11T00:55:42
45030,52246,2025-09-07T21:16:33
29753,9716,2024-12-09T12:14:23
41495,6665,2025-03-24T06:43:25
23280,65970,2025-08-04T11:13:47
28301,12659,2025-04-22T13:07:41
37178,69227,2025-03-15T16:34:28
11551,57608,2025-10-29T10:35:05
45067,39807,2025-04-07T17:05:12
37400,66459,2024-11-14T15:40:14
14703,42988,2025-01-28T03:41:38
37994,78724,2024-12-21T19:28:46
31703,34627,2025-08-31T02:18:11
47633,11836,2025-08-10T15:49:00
49483,86513,2025-09-20T17:45:38
13434,83638,2025-04-27T14:23:46
35598,55334,2025-04-15T15:39:11
17402,92368,2025-02-24T10:03:23
983,61881,2025-02-17T00:44:22
43186,77006,2025-10-09T02:00:59
32632,96436,2025-09-13T18:33:29
7369,84168,2025-09-15T06:03:42
41687,87793,2025-10-12T03:30:52
17123,42919,2024-12-26T14:51:37
39498,6197,2025-01-18T16:27:40
48253,17666,2025-02-23T11:28:08
544,49232,2025-05-10T03:14:07
7897,37890,2025-09-06T10:35:36
11671,3241,2025-08-30T04:35:35
14867,79159,2025-09-15T21:16:00
24615,37947,2024-12-05T11:58:31
24440,85533,2025-07-28T12:04:25
19686,22086,2025-02-06T11:42:18
35249,38007,2025-01-19T16:50:45
46557,94736,2025-09-18T16:54:17
42884,7148,2025-11-05T01:33:17
44526,88548,2025-03-29T05:16:37
49996,12602,2025-09-08T19:16:49
44615,50787,2024-12-21T09:28:10
28097,57641,2025-07-10T16:23:37
6073,31186,2025-09-21T15:50:21
28956,39796,2025-08-29T20:10:42
7599,40299,2025-11-03T10:07:37
36232,24561,2024-12-02T05:47:48
24255,89442,2025-08-17T23:34:58
17990,63597,2025-06-25T20:34:05
31738,47812,2025-05-18T00:01:31
12826,74543,2025-08-19T10:09:38
38033,77218,2025-07-26T01:14:39
40751,20347,2025-09-12T14:36:14
34989,49443,2025-07-19T09:34:43
27734,74763,2025-08-11T14:50:32
18789,86148,2024-11-21T18:19:54
41222,20545,2025-07-15T16:17:58
32464,77552,2025-08-25T14:50:33
22526,14461,2025-02-28T06:02:01
22540,7045,2025-04-28T11:51:17
2648,60170,2025-06-14T14:29:57
3879,62597,2025-07-08T04:55:51
7984,47109,2025-02-20T22:35:47
38940,78969,2025-06-06T08:32:28
43090,61641,2025-03-07T02:51:03
43832,59733,2025-10-10T20:22:45
43303,48310,2025-02-05T19:52:31
16724,66728,2025-10-24T19:37:25
27033,28637,2025-01-19T04:59:08
19766,88407,2025-02-11T13:04:46
49352,27564,2024-11-09T20:32:52
49093,4780,2025-05-29T02:06:24
45116,80000,2024-11-11T20:25:59
48319,36124,2025-07-03T17:34:00
21793,43151,2024-12-10T12:18:31
34509,6934,2025-01-18T00:15:09
39594,19475,2024-12-25T05:55:00
3005,40987,2024-11-08T08:27:14
40209,56274,2025-10-08T14:05:09
38587,33943,2024-12-26T11:38:05
49335,49571,2025-05-03T19:57:51
47933,9899,2025-08-20T18:51:34
33139,17814,2025-09-28T04:49:49
10875,85762,2025-09-20T22:19:01
38268,89797,2025-02-13T02:12:04
19443,24055,2025-03-16T04:27:44
25672,27822,2024-11-09T04:07:44
8952,16445,2024-11-15T16:00:57
47070,78343,2025-06-14T02:04:14
26101,71015,2025-11-01T22:13:52
13003,46371,2025-07-24T06:58:19
2926,22471,2025-07-02T15:03:20
23595,71222,2024-12-14T05:33:47
48442,12627,2024-12-28T02:27:03
23564,67066,2025-09-13T07:52:37
42685,67761,2025-04-09T10:12:08
41108,57892,2025-09-24T13:56:40
9987,4819,2025-09-04T08:54:38
46715,24760,2025-01-10T08:44:18
30036,85912,2025-10-09T18:03:13
35200,55716,2025-03-19T04:22:38
36647,31103,2024-12-12T13:09:05
24599,59968,2025-08-13T12:28:16
41378,77431,2024-11-10T05:08:56
13130,15815,2025-10-05T15:16:02
45267,77345,2025-06-30T14:18:34
26063,98782,2025-10-21T22:53:27
22402,19755,2025-02-13T02:19:02
17567,40442,2025-03-16T21:04:29
37047,96273,2025-06-19T18:42:00
49287,52590,2025-10-18T02:37:16
4113,61919,2025-08-27T16:39:10
39616,44773,2024-12-24T12:00:33
35181,87467,2025-04-16T17:49:21
27180,21395,2025-06-27T14:34:47
17444,25037,2025-06-26T15:06:50
38529,30697,2025-09-05T08:03:23
29121,21021,2025-02-23T20:51:56
41952,60961,2025-04-19T04:23:20
27379,79579,2025-09-19T16:45:48
49603,52310,2024-12-24T04:38:58
37389,65180,2025-06-05T05:24:44
19370,59802,2025-03-18T23:35:19
46035,16514,2025-05-03T07:44:48
40704,45252,2025-10-11T15:52:06
47192,22024,2025-07-11T11:10:12
28160,16784,2025-03-11T06:28:21
46209,38462,2025-09-16T01:12:18
26277,69379,2025-03-10T16:11:52
9319,70070,2025-02-05T04:46:14
11199,47198,2024-12-16T14:51:15
8114,56651,2025-02-14T06:07:58
2825,25938,2025-09-01T00:55:39
44633,7588,2025-08-17T20:53:26
2501,68313,2025-01-08T00:04:47
41090,20663,2025-03-23T20:47:48
22586,67864,2024-12-04T04:09:20
4783,92676,2025-08-25T04:12:51
40895,84972,2025-02-15T13:44:06
34862,14593,2025-10-13T21:05:45
10090,9066,2025-08-15T17:37:36
19847,42931,2025-02-19T14:25:51
49275,55160,2025-10-15T22:28:37
34303,78138,2025-10-15T12:59:01
22267,38384,2025-01-27T03:44:18
26312,70178,2024-12-25T01:30:42
12811,23007,2025-08-22T22:47:45
20437,95249,2025-06-03T19:40:43
5406,88646,2025-01-13T17:53:55
16690,14250,2025-01-31T22:04:36
9901,33431,2025-08-18T04:11:03
9679,45934,2025-10-12T12:55:40
31676,78940,2025-09-27T04:17:05
11993,86205,2025-02-05T01:44:35
20130,7552,2025-07-07T19:53:49
6067,64265,2024-11-13T13:38:16
3331,43372,2025-03-06T02:44:37
33362,50493,2024-12-03T21:10:22
47105,87282,2024-12-04T10:46:02
3065,54736,2025-10-30T01:58:55
17143,8496,2025-03-23T21:30:54
1288,70411,2025-08-25T22:11:33
7042,18322,2025-04-16T09:01:47
5225,14673,2024-11-14T19:47:35
25256,59161,2025-08-23T14:06:45
25238,41720,2025-03-13T22:20:06
38624,41389,2024-12-09T21:20:54
39528,68716,2024-12-04T12:37:50
28305,75330,2025-02-27T00:50:46
13178,38986,2025-01-02T00:00:45
23047,84084,2025-07-31T14:41:30
23584,34090,2025-01-28T08:50:01
29461,76906,2025-02-13T05:02:00
43147,69815,2025-03-21T09:37:44
27368,37045,2025-01-20T09:33:43
31512,25445,2025-01-16T08:39:10
14739,43942,2025-06-30T23:21:58
47168,36840,2025-08-21T20:08:18
26431,81871,2025-10-12T07:54:28
17183,21672,2025-07-17T07:15:14
28417,13514,2025-10-13T17:00:21
1093,79251,2025-07-16T13:01:52
16626,66749,2025-10-05T18:17:03
49731,98453,2025-10-29T16:13:58
1005,1046,2025-08-03T15:18:21
15436,22336,2024-12-29T11:09:49
12101,77125,2025-07-25T18:13:51
2134,3536,2025-02-01T01:56:14
23221,70604,2025-07-16T00:40:12
14287,86676,2025-05-12T13:00:29
4926,39886,2025-09-05T17:12:42
6897,53384,2025-04-09T22:46:45
10850,83157,2025-08-22T18:21:41
19224,53989,2025-07-18T10:36:36
29877,88965,2024-11-08T04:02:49
11831,71605,2024-12-16T04:26:05
24835,97225,2024-11-15T06:14:09
2517,31386,2025-05-13T10:01:53
8468,12642,2025-04-30T23:21:03
9253,34956,2025-08-26T20:27:14
39967,79506,2025-06-15T05:33:09
46028,67745,2025-09-13T22:11:15
45699,39026,2025-08-28T03:55:08
20467,10556,2025-10-21T14:35:28
35701,22163,2025-09-07T03:32:45
49632,30312,2025-07-14T13:03:21
5598,61095,2025-02-25T01:39:07
32122,71500,2025-07-31T00:14:22
30273,48920,2025-09-10T04:00:27
29685,53492,2024-12-29T03:56:15
2164,85025,2024-11-29T01:28:29
774,60176,2025-08-07T16:01:23
20450,86725,2025-02-28T16:54:50
17659,32958,2025-06-10T01:59:18
47970,42652,2025-05-29T12:13:13
41834,67768,2025-11-03T02:23:32
14060,31519,2025-04-21T14:56:46
43337,19201,2025-06-17T11:39:59
28739,97991,2025-02-18T17:35:33
21683,75883,2024-11-24T18:45:04
38167,96361,2025-04-02T09:55:39
45465,15185,2025-05-07T15:54:13
14428,99849,2025-04-08T22:15:17
17984,51246,2025-05-17T06:03:17
39771,68112,2024-11-22T06:59:11
15348,89120,2025-08-20T03:21:19
44433,17179,2025-06-03T01:25:06
1504,94572,2025-03-12T18:02:20
46537,87414,2025-03-02T05:35:54
33928,56562,2024-11-25T10:38:25
21301,86873,2024-12-18T17:21:11
17091,48508,2025-07-08T10:33:36
18684,38766,2025-02-19T01:48:35
2559,36636,2024-11-07T18:33:28
17381,629,2025-03-09T10:28:02
46483,98554,2025-03-12T14:02:50
37152,91434,2025-07-10T07:34:15
19821,15782,2025-10-17T04:01:11
4140,2896,2025-07-20T15:50:50
21073,89715,2025-02-12T05:59:08
31758,55928,2024-12-15T17:08:01
30879,65776,2025-09-09T00:16:10
44403,45422,2025-08-11T18:22:48
4307,89194,2025-01-03T08:27:41
22825,14952,2025-03-07T08:57:20
36135,42131,2024-12-01T06:07:45
35128,76927,2025-06-26T04:17:22
3223,75607,2025-05-13T22:14:05
1725,67079,2025-06-26T13:04:45
19919,30681,2025-03-23T08:26:15
4774,32657,2025-07-16T16:39:35
9653,17697,2025-04-23T20:34:38
22306,90142,2025-09-08T11:16:39
24411,47683,2025-08-21T21:36:40
1930,88959,2024-12-16T14:43:37
41422,25853,2024-11-10T22:55:25
39757,83353,2025-07-01T23:12:42
8495,84465,2025-03-28T18:44:51
29381,70673,2025-07-26T00:22:46
20937,40356,2025-10-23T22:27:57
5613,70850,2025-06-19T06:02:17
40466,21861,2025-09-21T03:06:10
24169,53164,2024-12-01T03:23:37
8969,28841,2025-04-15T22:02:49
41050,35443,2025-01-01T17:58:45
27342,85852,2025-08-25T07:52:03
1020,83292,2025-05-18T14:38:08
19695,75776,2024-12-29T07:02:27
27976,96636,2025-01-07T04:24:46
37876,68163,2025-05-09T11:16:50
13946,45013,2025-03-30T21:37:02
46869,70799,2024-11-26T22:37:02
3745,88799,2024-12-02T04:24:21
29688,92302,2025-05-03T20:33:04
30082,59351,2024-11-07T19:27:38
15354,90189,2025-07-15T00:04:20
44264,97033,2025-07-06T01:09:41
32789,89954,2025-07-09T21:08:06
15556,55698,2025-07-18T04:36:53
34484,53067,2024-12-01T18:08:00
13350,77119,2025-02-18T20:09:11
13545,43711,2025-09-25T21:04:35
25446,25152,2025-05-27T02:38:54
32375,94434,2025-03-21T16:58:34
7192,64777,2025-08-07T19:37:25
8817,7344,2024-11-27T13:17:57
5922,2822,2025-06-10T21:57:03
35127,22692,2025-03-15T16:24:15
26719,39380,2025-02-05T08:26:44
31849,1057,2025-08-28T08:30:34
4469,52892,2025-08-01T10:46:47
24495,56096,2024-12-20T21:24:00
20314,64568,2025-01-10T00:27:51
3774,12256,2024-11-28T02:08:34
28520,71354,2025-08-27T02:57:52
21462,36353,2025-06-13T14:58:28
22977,72353,2025-04-26T02:43:23
10465,32917,2025-10-18T01:27:47
21509,16691,2025-03-21T21:46:02
46531,29051,2025-09-15T04:53:51
5148,98072,2025-02-16T19:57:43
33680,93634,2025-10-16T15:21:55
26319,8012,2024-12-06T17:58:26
40639,92307,2025-05-10T04:26:32
49938,12821,2025-05-19T18:34:51
10549,72542,2025-10-28T06:36:14
43179,88928,2025-01-30T02:04:01
19841,72695,2024-12-21T15:13:20
45878,5042,2025-04-08T16:53:24
14600,28446,2024-12-18T18:16:47
16274,28380,2025-07-15T12:25:22
15500,59836,2025-01-17T06:42:48
24277,37178,2025-02-16T17:41:36
18270,91420,2025-05-30T07:15:32
44481,71650,2025-05-31T08:42:34
23911,42109,2025-06-26T09:52:04
20732,5355,2025-08-23T16:03:26
19405,56571,2025-09-21T15:04:29
48339,19251,2025-07-26T01:43:01
6894,47634,2025-07-31T10:49:22
40952,27560,2025-05-29T21:15:36
30199,17904,2025-07-02T22:03:28
24166,70369,2025-05-14T12:37:21
19609,91001,2024-12-05T02:51:40
28793,1037,2025-10-21T09:19:59
46419,17886,2025-03-11T04:00:12
38366,36972,2025-07-23T03:07:11
29361,71053,2025-05-13T22:11:39
23786,13292,2025-09-14T03:57:01
40412,75547,2025-01-08T11:17:04
18893,5024,2025-01-13T15:17:53
17017,15225,2025-07-18T02:46:57
31173,94180,2025-10-30T23:13:08
38127,86175,2025-09-02T17:52:32
41932,10219,2025-09-10T14:52:23
40028,58088,2025-01-25T12:57:26
47108,35220,2025-05-11T21:53:53
8611,47811,2025-08-24T19:55:41
37817,45140,2025-07-19T01:54:28
26709,93612,2025-05-10T20:40:57
18897,76499,2025-08-02T02:00:16
5811,97486,2025-08-26T08:21:28
46033,56584,2025-05-06T07:40:15
38373,91830,2025-04-16T16:58:58
20701,2739,2025-08-12T12:24:19
47479,16562,2024-11-25T08:54:45
13485,85895,2025-05-29T17:16:35
45049,13322,2025-09-06T13:09:00
14356,72240,2025-10-21T15:09:25
34143,79701,2025-02-20T14:24:23
15784,38094,2025-03-19T22:26:24
43408,10683,2025-08-20T09:29:20
18061,45750,2025-03-04T21:06:17
1309,25508,2025-02-19T11:48:23
36385,49317,2025-07-15T22:20:01
6497,9764,2024-12-09T10:00:17
33798,14706,2025-09-27T23:18:09
30279,30083,2025-11-01T07:47:06
13728,40657,2024-12-25T16:06:06
24702,83156,2025-09-29T17:40:53
25849,50154,2025-02-08T15:32:50
17346,78237,2025-03-08T09:15:18
33129,26541,2025-02-07T05:55:30
22263,34022,2025-06-05T21:27:55
44244,30355,2025-04-15T10:02:43
19778,40700,2024-12-25T03:54:23
39828,74360,2025-02-04T05:00:14
36799,49928,2025-03-23T08:38:51
10179,8270,2025-04-14T16:22:33
37954,35768,2025-02-24T16:51:24
15998,21460,2025-02-11T03:47:07
27128,1357,2025-10-25T11:08:36
11105,6735,2024-11-09T12:27:51
38208,79353,2025-04-21T17:32:42
17185,20508,2025-01-16T07:04:27
42778,92715,2024-12-28T16:20:13
27396,7303,2025-01-07T02:53:27
28623,2196,2025-01-07T14:27:54
32528,68557,2024-12-09T13:50:05
7933,66292,2025-09-14T23:05:33
15953,12081,2025-06-03T17:36:45
42818,97898,2025-02-04T13:30:45
38632,8683,2025-09-28T02:45:35
966,52349,2025-03-22T12:36:57
36951,83461,2025-06-26T04:38:49
46862,46867,2024-11-13T08:48:24
19220,40170,2025-02-19T07:40:51
47555,8286,2025-06-14T23:09:25
7214,96383,2025-01-29T21:01:46
42330,81106,2025-03-29T05:52:22
7093,18726,2024-11-08T19:58:40
11526,35119,2025-10-07T00:41:27
47751,89390,2025-10-31T23:21:18
3857,25385,2025-01-02T14:36:17
46067,97129,2025-06-09T12:03:57
46140,87852,2025-07-12T23:26:21
18193,85024,2025-09-15T20:07:44
46021,95045,2025-05-05T03:28:52
36579,74372,2025-04-04T17:10:45
39699,80513,2025-03-04T02:27:48
39790,83649,2025-01-04T05:25:57
3753,62685,2025-10-04T23:02:00
15130,13024,2024-12-19T03:30:02
7094,37450,2025-09-09T10:53:44
17580,1735,2025-05-22T18:37:06
36905,83832,2025-02-12T10:17:33
13017,82253,2025-08-06T06:54:57
34287,47186,2025-04-20T04:54:55
16497,9590,2025-06-17T18:52:21
16571,42047,2025-03-16T17:52:22
5562,53073,2025-03-04T03:56:09
48265,23009,2025-08-19T23:50:41
192,77599,2025-02-22T08:49:58
46081,1076,2025-01-09T03:21:38
23340,71578,2025-10-16T23:18:42
3286,96141,2024-12-24T08:00:46
43209,82374,2024-11-13T19:49:35
9288,96682,2025-05-18T23:45:47
48314,97365,2025-05-14T08:20:19
32835,11600,2024-12-20T06:07:37
4353,38642,2025-11-02T10:47:07
16765,97450,2025-10-01T10:41:18
48433,56695,2025-01-21T21:34:48
19937,55351,2024-11-11T13:57:39
13475,12,2024-11-30T17:22:09
43365,57546,2025-04-04T11:05:16
11777,92427,2024-12-07T15:49:12
23516,32875,2025-01-13T20:36:26
22859,84413,2025-04-07T08:48:18
13959,7979,2025-03-26T12:00:28
24201,98540,2025-10-27T02:14:42
16829,71450,2025-04-13T10:10:35
40766,42539,2025-03-06T00:51:27
20846,5041,2025-04-21T17:33:16
43432,1842,2025-05-26T09:04:08
12385,37127,2025-01-01T05:15:52
30425,48712,2025-03-25T00:18:18
4358,59968,2025-08-23T01:49:05
36312,41896,2025-05-19T22:33:50
48312,1250,2025-01-01T06:33:17
42787,89968,2025-09-12T16:51:41
28683,24049,2024-12-07T08:48:05
36695,30284,2025-08-14T09:20:12
10354,60618,2024-12-06T18:29:33
32919,8160,2025-01-19T21:55:49
43001,10859,2025-09-28T09:43:14
28994,74762,2025-01-01T15:49:38
48239,33621,2025-10-01T22:47:07
33639,45151,2025-07-06T09:20:15
49986,73358,2025-01-05T08:00:39
39588,80264,2025-01-14T00:50:37
12631,18902,2025-02-21T07:55:49
44540,4546,2025-03-31T14:51:39
38382,20889,2025-05-09T22:57:25
31755,26485,2025-04-18T11:42:01
38911,47694,2025-03-20T03:54:23
2521,57899,2025-02-26T20:35:30
22776,11419,2025-08-08T12:17:24
7815,75714,2024-11-23T22:58:16
5357,56501,2025-09-16T00:21:54
43284,37709,2025-07-11T11:16:20
18173,53383,2025-02-04T13:53:46
18546,28643,2025-01-10T21:41:08
38665,21328,2024-12-04T20:10:59
6625,35978,2025-10-12T11:42:57
12392,45894,2025-08-26T05:04:02
34488,56740,2024-11-13T10:57:10
22678,16057,2024-12-06T09:39:18
14449,62421,2025-11-05T02:07:29
36302,55442,2025-03-03T22:46:59
37605,83567,2025-05-29T23:11:39
49624,94058,2024-12-12T19:35:38
16795,27592,2025-07-07T04:51:51
20077,20965,2025-01-10T12:57:58
39934,93484,2025-07-29T06:09:28
40737,73704,2025-03-27T22:14:32
34858,4071,2024-12-13T07:39:26
8622,17402,2025-01-27T10:07:04
26658,10645,2024-12-19T23:16:13
18940,19308,2025-07-24T09:14:33
923,1752,2025-04-04T17:38:31
24128,16198,2025-05-14T19:07:41
8514,75294,2024-12-30T03:22:25
32534,18484,2025-01-26T07:56:59
44745,42932,2025-09-13T11:24:35
5252,7698,2025-08-29T05:11:38
2863,14100,2024-12-28T04:18:49
18342,45687,2025-08-22T10:55:12
30540,99409,2025-08-31T23:26:44
2832,73242,2025-02-21T04:19:25
47695,31921,2025-09-08T11:21:14
38784,11412,2024-11-23T19:05:41
32285,64187,2025-06-26T22:03:32
40930,76447,2025-09-04T02:32:42
31028,60378,2025-08-29T01:16:52
2336,90041,2025-04-28T09:50:03
5812,75087,2025-05-02T22:55:14
43622,34452,2025-10-24T02:26:02
33753,53912,2024-12-28T10:06:07
11660,7405,2024-11-29T19:10:45
37362,49557,2025-03-05T09:32:06
34150,96775,2025-10-24T08:37:15
19307,21793,2024-12-25T04:22:37
8406,30290,2025-08-20T01:36:33
20785,48001,2025-04-12T00:34:13
37528,88746,2025-06-16T01:07:14
21129,37487,2025-02-07T08:08:43
36627,59838,2025-09-26T02:42:20
12779,55529,2025-04-14T12:26:30
20258,22754,2025-06-16T04:09:12
41680,22400,2025-08-26T08:31:56
14670,78209,2025-08-12T18:36:23
27099,11239,2025-05-05T00:49:24
10771,54469,2025-07-12T13:35:29
6425,35060,2025-04-01T23:49:20
29161,43726,2025-06-24T19:46:15
10491,58741,2025-05-30T02:48:49
41097,49664,2024-12-14T17:30:00
38590,6784,2024-12-27T15:25:52
49091,57253,2025-05-21T08:51:30
38386,12143,2024-11-06T22:40:11
45562,22415,2025-06-11T21:03:49
8870,27536,2025-03-08T15:37:35
82,51347,2025-10-05T19:44:12
48221,52188,2024-11-16T23:33:10
14011,11939,2025-01-27T02:52:24
12754,97790,2025-04-14T07:22:19
14125,14693,2024-12-26T03:11:34
39328,90906,2025-01-05T08:41:46
47405,74530,2025-09-28T18:54:38
39856,28847,2025-04-21T12:29:00
9825,26530,2025-01-25T19:10:27
25932,65038,2025-11-01T04:12:16
23635,98422,2025-01-01T04:32:02
49101,69132,2025-08-24T16:59:44
33961,69229,2025-01-04T06:43:20
32874,18686,2024-12-28T09:55:43
25190,5257,2024-12-28T13:01:32
46378,3221,2025-07-22T11:05:35
15416,89222,2025-07-22T10:56:46
37990,83093,2025-09-14T21:33:15
31424,76097,2025-04-09T11:54:51
1598,18904,2025-03-02T17:31:31
32331,71770,2025-01-08T19:49:02
12707,38539,2025-07-21T19:36:08
16273,27969,2025-04-23T01:24:35
27684,98759,2025-06-14T17:53:07
24360,62541,2025-11-02T12:32:40
44342,23723,2025-02-15T11:08:31
7428,97757,2025-07-13T06:16:31
7779,55462,2025-06-27T06:58:02
2646,44034,2025-03-04T02:10:44
43915,96468,2025-10-22T01:57:11
48430,49175,2025-02-23T01:39:42
5634,38852,2025-03-27T05:19:38
26222,97944,2025-08-07T16:34:20
28029,30980,2025-01-13T06:19:47
31804,67553,2025-10-11T13:11:36
9097,37394,2024-12-20T20:30:36
33426,91248,2024-11-20T21:55:18
14990,8362,2025-07-30T18:52:52
7586,10483,2025-05-05T05:13:21
19588,65983,2025-01-08T21:02:24
2615,38355,2025-07-30T01:56:15
27344,56123,2025-02-16T16:51:37
23278,33219,2025-04-01T05:58:16
24728,3881,2025-08-16T09:47:59
20445,6691,2025-09-23T16:07:09
35540,7343,2025-03-12T06:45:31
6388,22566,2025-07-16T13:56:08
21490,69446,2025-01-07T05:32:02
42380,52213,2024-12-08T18:06:27
10149,9725,2025-04-13T01:35:25
29261,54804,2025-01-19T07:58:15
38254,50651,2025-07-23T10:25:53
49565,14047,2025-03-14T08:13:35
11117,84116,2025-05-15T15:39:09
28838,63357,2025-02-13T08:02:57
19548,31934,2025-02-13T07:47:01
43652,18580,2025-11-05T21:51:08
41472,60928,2025-01-28T05:22:03
40394,9150,2025-09-10T23:28:31
4310,75785,2025-11-04T07:04:41
16469,52126,2025-01-21T19:53:59
38115,43917,2025-08-24T01:43:28
11701,69560,2025-10-18T17:41:02
2506,14633,2025-10-21T14:30:55
25278,47490,2025-09-13T19:56:48
26185,934,2025-09-08T16:36:44
27669,62487,2024-12-17T01:08:09
4224,78716,2025-03-17T07:02:13
22948,95881,2025-10-18T09:39:33
15363,31007,2025-07-29T19:54:30
44761,35545,2025-10-28T18:18:55
3582,81027,2025-09-23T15:19:43
45706,93346,2025-05-04T05:40:05
3943,9024,2025-10-15T02:47:22
34855,59595,2025-06-07T15:05:33
42147,69053,2025-05-14T16:03:19
10050,93946,2025-06-22T04:27:23
46988,53636,2024-11-10T17:38:22
13787,82204,2024-11-19T16:58:51
6483,86671,2025-07-09T23:09:09
28839,68940,2025-09-03T22:59:18
29878,37091,2025-08-08T19:11:57
2174,43265,2025-09-15T17:23:23
1164,69704,2025-07-10T13:13:53
16793,28913,2025-04-17T09:26:12
3059,88979,2024-12-17T03:58:07
38327,92284,2025-05-14T07:39:45
25014,45796,2025-09-27T04:49:25
17791,54255,2025-03-29T23:14:49
30722,14000,2025-10-22T18:50:30
3732,82535,2025-06-22T04:32:44
36411,69742,2025-03-07T17:50:52
46554,19689,2025-04-17T11:15:53
5562,80218,2025-09-01T07:42:03
38571,27824,2025-09-13T14:41:38
1014,92047,2025-03-19T07:18:38
29786,59007,2024-11-10T05:32:23
2247,1880,2025-05-10T07:14:11
44250,78681,2025-07-21T22:19:16
42042,13392,2025-03-15T04:38:56
34455,70057,2025-05-17T12:21:37
29164,15453,2025-09-07T03:49:52
40484,65723,2025-03-21T10:06:25
1797,33638,2025-09-24T01:29:37
22722,270,2025-03-16T05:09:51
28381,96593,2025-03-08T06:14:02
33658,80412,2025-01-03T06:12:47
29997,89688,2025-07-30T18:04:23
7762,45265,2025-09-25T07:41:39
14215,66496,2024-12-15T23:40:36
28290,8009,2025-05-21T06:07:50
11329,85266,2024-11-25T17:12:34
5057,68932,2025-04-20T14:41:37
17716,21599,2025-08-20T04:02:28
28749,11875,2025-02-20T10:22:59
14289,7750,2025-03-21T03:35:22
41032,73642,2025-08-01T05:59:41
38183,57448,2025-07-08T19:46:29
11024,53231,2025-01-14T21:49:46
30398,990,2025-05-08T08:23:41
16277,40900,2025-05-14T11:36:41
25729,78088,2025-04-04T02:52:31
30396,59720,2025-05-03T13:22:41
49549,43723,2024-11-10T00:07:48
41787,93487,2024-12-06T23:48:08
34556,23364,2025-08-27T01:09:09
24887,20230,2025-11-03T07:34:27
40784,11564,2025-08-26T10:41:55
43120,60347,2025-10-17T13:49:18
16828,17839,2025-06-18T23:02:06
44389,26327,2025-07-21T11:55:42
5910,99814,2025-08-29T13:12:06
41618,40284,2025-10-17T11:21:22
48777,74855,2025-08-01T12:45:58
1137,38308,2025-03-04T15:47:37
10913,44425,2025-08-03T11:29:37
4773,10240,2025-04-17T01:51:27
28578,60279,2025-04-13T06:36:08
18555,73987,2025-08-06T04:37:45
15123,23380,2025-02-05T13:54:38
30522,23423,2025-10-24T04:57:45
40707,99559,2025-01-12T13:25:51
15132,53790,2025-03-25T15:17:05
25819,41,2025-02-24T15:10:38
37458,26863,2024-12-13T00:25:28
41520,48446,2025-03-30T15:20:59
47181,64134,2025-07-24T17:26:37
33224,56326,2025-08-20T20:14:59
48855,98221,2025-09-29T16:18:52
10824,93,2025-05-20T03:07:56
45566,95461,2024-12-11T18:58:31
4942,8204,2025-05-26T04:15:33
27736,14122,2025-01-06T13:56:49
43821,55221,2025-08-27T14:00:41
46019,84737,2025-09-27T02:33:41
34173,66111,2025-06-06T02:53:02
31532,70344,2025-01-23T20:15:59
49080,66683,2024-12-03T09:51:52
2929,36889,2024-11-20T07:09:43
20673,26848,2024-11-19T03:20:45
45985,84243,2025-09-10T23:20:14
31721,38682,2025-10-10T18:55:10
30464,84169,2025-09-11T04:21:37
39114,37027,2025-05-18T09:25:30
41599,10366,2024-12-08T21:38:29
19023,34667,2024-12-26T13:40:40
9231,87887,2025-04-04T08:39:08
35408,1497,2025-09-01T16:41:25
12869,29935,2025-06-22T10:15:27
16295,93523,2025-10-05T13:21:14
32322,32657,2025-09-21T17:36:05
18460,13356,2025-01-05T20:00:59
48122,23455,2024-11-07T20:46:11
834,45148,2025-10-20T18:21:37
37953,98873,2025-10-21T02:32:32
21022,75448,2025-04-16T01:07:31
38650,64779,2025-03-04T10:48:27
23332,6187,2024-12-07T08:34:50
9655,98719,2025-07-31T21:04:01
36762,86500,2025-03-10T02:08:37
31802,77985,2025-01-23T02:00:49
5606,6967,2025-01-01T21:18:47
34287,4003,2025-06-23T17:22:23
6837,50383,2025-09-20T21:07:06
3813,36466,2025-08-23T11:35:08
41207,59479,2025-03-20T16:43:54
48925,25248,2024-11-26T10:40:14
37165,13664,2025-06-25T06:20:42
4801,79583,2025-02-18T02:38:17
31576,96854,2025-07-06T10:24:02
42602,867,2025-04-03T07:54:10
35223,74909,2025-08-14T02:43:42
46669,8164,2025-04-29T11:54:55
41836,3064,2025-02-21T19:53:06
46961,39722,2025-10-09T16:30:16
5140,39746,2025-03-30T02:58:15
1540,45307,2025-02-27T11:09:52
13167,25393,2025-10-24T13:27:52
7530,38167,2025-09-18T15:58:50
31533,48181,2025-02-05T08:28:16
749,45504,2025-09-08T23:09:46
7197,68974,2025-07-27T03:01:50
48364,42530,2024-12-26T02:59:47
37805,73005,2025-07-22T14:50:52
33322,325,2025-04-04T08:45:27
1352,540,2025-05-02T05:17:23
19134,17867,2025-10-01T21:52:35
26114,26812,2025-03-24T08:03:44
5639,85107,2024-12-13T12:50:13
41162,97621,2025-10-05T21:06:16
19163,95200,2025-08-30T07:20:43
48386,66696,2025-10-28T03:05:27
8566,61041,2025-09-01T18:06:26
661,77871,2025-06-23T13:55:26
17657,14181,2025-03-05T08:11:26
15851,35147,2025-04-20T20:17:45
37915,44690,2025-09-11T04:39:51
21806,28870,2025-04-25T15:53:14
8376,45236,2025-03-05T16:46:33
21930,11302,2024-11-28T18:40:41
27343,7438,2025-02-28T12:02:56
30699,48030,2025-01-15T19:34:31
43163,72406,2025-03-04T10:35:22
39629,96905,2025-08-27T03:49:01
35248,40060,2025-04-30T02:09:11
13069,11051,2025-04-24T18:29:03
14111,96909,2025-01-11T14:18:21
20749,17991,2025-07-20T16:07:21
20824,42253,2025-06-24T09:01:59
25790,76122,2025-04-07T02:43:50
21319,45986,2025-02-15T16:19:48
48729,87487,2025-06-07T01:23:16
11445,97905,2024-12-29T19:45:44
34174,32648,2025-04-14T11:37:49
23351,31886,2025-06-19T03:47:47
20064,1372,2025-05-21T05:49:14
41465,55208,2025-09-22T15:08:54
38721,82568,2025-04-24T11:44:20
8727,4937,2025-02-11T10:39:30
43595,59325,2025-03-10T13:26:58
29808,90878,2025-06-11T22:49:15
20048,43710,2025-10-23T14:20:09
13949,74368,2025-04-03T12:39:45
15106,56687,2025-04-15T07:41:46
12711,75156,2025-07-21T16:38:40
10567,52269,2024-12-23T17:39:15
34522,75953,2025-08-29T04:59:39
48729,55507,2025-09-04T04:36:06
4128,25598,2025-04-22T19:51:51
49811,36401,2025-07-27T13:30:23
47397,13908,2024-12-22T17:56:34
25685,27211,2025-03-06T03:09:33
24773,34034,2025-05-28T13:28:23
20951,64713,2025-08-01T14:06:57
49193,32245,2025-09-01T13:12:17
17399,73755,2025-02-15T15:29:44
9629,63172,2025-09-25T01:47:04
3857,64918,2025-04-09T01:56:40
14732,38990,2025-08-29T14:25:53
36098,45817,2025-04-09T16:42:34
25526,25005,2024-12-20T20:59:14
14724,69899,2024-11-24T16:11:23
22910,98758,2025-06-26T02:38:13
10314,95443,2025-10-03T05:50:38
42136,11714,2025-05-22T12:59:58
20665,28295,2025-07-01T03:34:59
29331,31042,2025-08-05T20:51:36
20157,48774,2025-05-22T17:11:28
17666,81205,2024-11-17T11:14:04
23529,27050,2025-06-03T05:31:33
21404,18036,2025-04-02T15:46:19
46332,11456,2025-08-14T20:22:45
43502,95338,2025-10-05T13:30:07
35819,47940,2025-06-13T20:38:20
753,30101,2025-01-16T01:14:19
44937,18173,2024-11-21T00:05:04
2359,41861,2025-01-10T17:48:55
9905,88694,2024-11-23T09:50:58
1192,86279,2025-04-25T12:31:43
29839,35432,2025-08-13T20:36:25
32169,36299,2025-02-21T01:19:07
25939,77568,2025-02-02T13:12:58
45717,50494,2025-01-19T19:02:27
20827,47044,2025-05-30T13:30:20
29745,71401,2025-10-08T06:23:03
35383,92038,2024-12-22T14:27:56
26506,83371,2025-01-17T09:04:00
16827,2187,2025-03-31T21:52:13
25739,34805,2024-11-18T02:23:26
34481,47662,2025-01-26T01:15:17
21415,14406,2025-10-03T00:15:20
31270,2230,2025-02-12T22:41:09
28623,42047,2025-04-27T13:02:48
34062,21833,2025-04-04T00:22:27
33353,80171,2025-04-21T01:07:29
34000,78191,2024-11-15T03:57:24
16441,17181,2025-01-30T23:55:49
6252,32863,2025-04-11T18:52:56
2615,6568,2024-12-15T19:06:36
8400,87560,2024-12-20T10:40:04
2655,42509,2025-05-12T15:36:40
41211,90790,2025-10-10T15:33:19
20408,29942,2025-07-15T07:54:30
11540,74718,2024-12-12T09:00:36
33095,18151,2025-06-12T19:02:34
33124,9902,2025-09-03T02:08:06
16472,41591,2024-11-27T23:38:15
33691,6664,2024-11-18T09:49:47
31108,97451,2025-02-04T03:07:15
394,73934,2024-11-26T20:09:44
19116,25724,2025-08-17T07:54:29
49689,4712,2025-08-03T13:17:04
11612,42499,2025-03-24T20:20:26
46195,48783,2025-07-24T11:14:39
25161,38790,2025-10-14T23:24:27
47551,65691,2025-08-13T07:04:33
20156,82952,2025-08-06T21:17:32
32084,84422,2025-02-26T05:49:39
14421,73370,2025-05-23T02:27:31
27434,87196,2025-08-04T21:52:06
47535,28914,2025-08-11T02:27:49
19567,36084,2025-06-02T07:02:48
36539,51269,2025-07-20T05:59:44
25460,71302,2024-12-01T04:34:02
40130,48746,2025-03-15T02:35:09
27381,88804,2025-06-12T14:56:00
36283,52864,2025-05-22T20:54:44
41581,53644,2025-02-03T12:17:23
40952,47859,2025-01-25T20:15:39
5958,47324,2025-10-06T21:24:07
7383,2625,2025-11-01T18:10:24
22358,27387,2025-01-10T06:00:51
41736,61747,2025-02-03T08:29:13
21873,63714,2025-09-26T10:22:36
19205,43176,2025-01-13T08:42:48
4641,48174,2025-06-15T23:46:12
40244,84202,2025-04-25T04:54:51
8938,25321,2025-02-08T09:32:45
28066,54557,2025-05-05T17:18:29
30150,28366,2025-04-29T16:10:05
28145,42200,2025-06-27T00:31:34
9745,74182,2025-06-17T07:48:38
41856,34126,2025-07-18T19:09:02
24350,38033,2024-12-05T07:44:46
39148,28252,2024-12-13T16:18:06
32009,57695,2025-11-02T21:14:09
45569,23346,2025-08-19T14:42:47
45992,74486,2024-12-21T18:33:18
26868,91541,2025-03-10T19:30:50
19161,19408,2024-11-23T18:38:28
34049,19358,2025-07-10T22:54:14
21087,37608,2024-12-04T01:03:25
17596,79397,2025-06-17T17:25:46
10999,6260,2025-06-01T10:40:00
15315,67928,2025-10-10T06:46:09
8462,82936,2025-05-05T04:01:03
20937,18095,2025-08-18T18:11:32
41419,83734,2025-01-08T23:22:23
28440,62798,2025-10-18T01:06:58
3455,24932,2024-12-10T10:33:40
19329,61624,2025-10-10T13:10:21
39027,48139,2025-10-21T05:13:23
21941,42208,2025-03-10T17:36:07
33021,90105,2025-04-09T03:59:56
15771,96839,2025-06-03T06:13:56
8598,93080,2024-12-16T01:38:15
22337,96784,2025-05-30T23:56:39
13702,45100,2024-12-26T03:46:05
49788,70685,2025-11-05T17:33:52
612,55555,2025-02-28T18:55:53
45747,7835,2025-04-11T12:55:56
11527,48013,2025-02-06T10:30:54
24689,29266,2025-09-27T13:27:52
281,91503,2025-10-31T12:03:26
18010,57585,2025-10-16T15:42:26
26114,17229,2025-07-13T18:56:22
34692,35116,2025-07-17T11:51:19
26096,76884,2025-04-02T09:08:12
636,43989,2025-10-24T17:28:17
460,83554,2025-02-19T00:10:11
41579,72183,2025-09-22T09:22:08
312,6864,2025-10-15T03:40:56
24756,79705,2025-04-02T23:56:21
44104,56856,2025-03-30T08:44:19
30887,41398,2025-01-31T21:17:57
495,7913,2025-02-11T18:47:41
26309,32728,2025-04-13T17:18:28
19979,58906,2024-11-21T23:26:55
136,29099,2025-02-13T14:39:09
30802,94985,2024-11-20T04:08:13
17915,28916,2025-07-21T19:09:04
40139,92465,2025-01-03T04:41:07
20910,11375,2025-03-29T05:50:54
10764,47500,2024-12-19T21:04:01
1040,68542,2025-01-11T15:29:52
11398,72066,2025-09-14T15:00:21
6192,17596,2025-08-02T07:02:05
15918,66243,2025-03-13T02:18:12
8024,13438,2025-08-27T03:09:27
35454,10016,2025-01-24T20:28:23
21623,61694,2025-05-09T10:52:32
44327,33402,2024-11-11T04:25:00
11837,77049,2024-11-22T03:00:15
33369,42974,2025-08-02T23:40:43
34316,51167,2025-07-10T04:23:40
18855,39723,2024-11-26T03:00:16
27090,32533,2025-02-18T20:26:13
37483,35885,2025-02-22T01:46:07
46144,76064,2025-03-01T12:18:28
34783,81419,2025-03-03T05:50:58
47138,96665,2025-09-14T13:06:09
40261,3053,2024-12-22T23:11:33
6641,83281,2025-01-29T13:13:04
28907,16330,2025-01-17T21:02:24
19130,4743,2025-03-14T04:45:51
7703,38102,2025-01-21T03:33:54
7999,39682,2025-08-30T12:26:00
16923,49136,2025-01-09T23:03:29
547,87222,2025-03-05T15:52:54
39648,46420,2024-11-23T22:52:09
37477,55285,2025-07-04T21:25:39
33959,58308,2025-01-13T19:25:00
19079,48869,2025-08-13T01:35:51
28144,33421,2025-02-04T08:09:07
7663,58828,2025-10-01T12:55:38
7121,75869,2025-11-01T12:45:11
2905,75053,2025-06-19T01:42:42
31161,42931,2025-03-20T09:44:12
3516,94140,2025-10-04T12:42:38
22817,75401,2025-10-20T20:26:49
30831,30402,2025-07-19T11:22:29
1420,52239,2025-03-19T23:47:26
11825,10793,2025-02-06T19:18:04
15832,76612,2025-05-18T16:40:52
26560,19001,2025-08-31T10:51:58
47064,96846,2025-04-08T09:22:33
34539,95236,2025-08-01T04:13:41
15295,35666,2025-10-29T03:53:57
10765,50501,2025-09-24T21:52:53
27497,25257,2025-09-26T20:30:32
30773,27190,2025-05-16T20:06:52
15824,49921,2025-06-25T09:47:58
4632,45410,2024-11-19T00:14:18
3886,58678,2024-11-28T02:07:22
29575,73111,2025-02-01T15:09:32
18910,57538,2025-07-10T21:59:36
6933,63030,2024-11-22T00:30:54
13278,54280,2025-03-24T16:59:20
21194,62084,2025-03-13T01:35:52
44180,79238,2025-08-15T13:41:13
38410,59282,2025-05-27T13:29:03
3729,89076,2025-10-04T22:17:25
46135,52646,2025-04-20T12:30:46
40379,67734,2025-02-06T23:28:03
13043,33197,2025-04-12T09:04:59
25091,37378,2025-07-04T19:08:22
8721,92417,2025-02-14T20:33:56
39882,58942,2025-08-05T03:16:09
47101,75090,2025-04-29T21:34:10
1587,66999,2025-04-29T19:07:54
14940,54909,2024-11-12T13:37:02
40204,74136,2025-03-20T20:06:00
22134,77696,2024-11-27T12:42:13
39228,43301,2025-04-16T22:08:08
35715,28935,2025-07-08T14:05:12
39219,76542,2025-05-05T00:52:56
1385,8258,2025-02-13T17:04:16
15404,88843,2025-05-14T02:39:41
6127,65826,2025-09-18T09:27:21
35144,31627,2025-02-22T10:31:24
9608,63049,2025-04-03T01:00:42
3549,37276,2025-10-27T09:06:40
30508,39078,2025-07-22T21:25:09
3393,51092,2025-02-17T17:57:39
11175,6708,2025-11-03T04:02:34
2528,76647,2025-07-10T20:28:13
11966,21800,2025-03-22T17:20:24
36612,98838,2025-09-23T15:34:20
21892,94320,2025-02-06T10:21:45
26118,20757,2025-09-11T12:50:49
22979,10806,2025-09-29T05:31:25
3552,23749,2025-03-11T01:27:36
29399,68965,2025-06-28T23:07:32
42301,30840,2025-07-25T13:19:23
8032,26126,2024-12-12T22:49:10
37685,2542,2024-12-05T15:41:12
36662,28475,2025-03-29T08:47:09
9993,92414,2025-01-03T17:33:38
773,74890,2024-11-15T18:24:56
28794,33892,2025-02-12T11:41:42
26344,14376,2025-05-12T20:21:52
18637,57338,2024-12-19T04:29:27
1137,95323,2025-06-09T14:19:44
19405,13291,2025-10-24T17:30:56
33978,17659,2025-06-21T14:22:55
14157,88348,2025-02-21T14:10:30
10905,58486,2025-06-28T07:33:29
19054,44294,2025-06-20T04:54:36
37057,28396,2025-03-29T00:01:24
5702,1066,2025-06-09T04:18:32
48498,22093,2025-08-10T08:48:06
28684,67422,2025-08-01T15:35:17
16495,19814,2025-10-04T16:09:01
49345,82070,2025-01-26T05:59:25
19098,99592,2025-05-15T14:27:33
41076,27651,2024-11-07T01:11:12
43208,49027,2025-08-28T09:20:10
20820,65110,2025-01-16T04:03:19
24196,64044,2025-09-25T22:47:19
11933,67494,2024-12-23T07:45:22
7615,15819,2025-02-23T21:22:10
22344,22241,2025-10-11T04:23:10
34607,70512,2025-06-19T18:34:30
4474,46305,2025-03-07T16:18:06
11595,8404,2025-09-03T17:59:26
10835,2945,2025-02-04T02:42:14
33125,43479,2025-08-23T00:36:11
45368,42845,2025-01-27T06:46:47
23228,67563,2025-08-16T07:13:39
44059,29811,2025-04-16T21:09:17
24316,56448,2025-06-13T13:30:12
14294,64355,2024-11-14T08:23:05
38234,49390,2025-02-22T03:38:41
43965,12907,2025-10-18T17:33:53
40431,52203,2025-09-20T06:58:18
27480,21699,2025-02-21T20:20:25
42974,60417,2025-03-31T12:48:37
17848,12739,2025-05-21T22:43:07
20448,51085,2024-11-06T18:48:42
47543,29404,2025-09-02T20:06:44
13638,73252,2024-12-20T20:17:01
46011,31798,2025-06-20T21:50:48
19802,8377,2025-05-01T07:45:37
23614,51477,2025-07-29T09:50:17
30165,31170,2025-06-01T10:18:10
35489,24008,2025-04-17T03:33:55
11970,61637,2025-04-04T16:35:06
8875,39174,2025-01-10T01:02:45
18986,70635,2025-05-04T12:59:27
9177,99200,2025-09-02T00:27:41
34817,6427,2025-05-28T09:57:29
42906,30868,2025-07-19T17:28:48
20112,58632,2025-08-26T18:55:49
11344,23869,2025-03-04T08:42:37
27467,15665,2024-12-07T18:17:45
1316,66106,2024-12-04T08:56:23
40830,25157,2025-08-06T09:41:42
30912,10818,2025-09-03T21:04:32
45616,71901,2025-06-16T09:32:38
35221,70137,2025-07-07T09:57:51
2683,17196,2025-08-05T15:54:00
23784,10207,2025-07-02T23:09:03
28612,39977,2025-06-04T23:52:45
28304,38813,2025-07-16T05:46:00
12300,62555,2025-05-29T20:44:01
27926,20720,2025-02-04T16:24:32
43052,70441,2024-12-01T22:37:27
40033,66979,2025-08-03T23:31:56
38785,68164,2025-05-26T10:59:43
41684,31756,2024-12-19T16:17:50
2117,60909,2025-07-28T06:30:12
28535,93378,2025-06-15T06:00:24
33357,89378,2025-08-28T23:04:30
27746,21787,2025-09-08T02:57:04
10889,72570,2024-11-28T10:54:18
34770,96342,2025-08-23T23:22:57
8304,87867,2025-05-15T18:15:53
45003,25711,2024-11-29T00:04:40
48122,50334,2025-06-19T11:54:08
43446,93456,2025-02-10T09:05:08
47391,65468,2025-07-28T17:33:59
27651,53059,2025-09-19T04:48:42
48701,97897,2024-11-18T08:12:53
9101,37665,2025-08-12T07:40:17
7247,78710,2025-09-28T03:04:56
18374,93109,2025-08-22T12:27:09
44721,57202,2025-08-23T22:21:04
22829,93924,2025-09-15T00:20:58
33851,73565,2025-07-30T22:21:00
33755,90093,2025-08-27T01:56:05
9958,13660,2025-03-14T00:10:08
4368,94077,2024-12-23T09:04:33
43590,39492,2024-12-29T08:13:21
18399,20883,2025-02-10T16:04:04
19872,88443,2025-11-05T09:29:54
21713,82670,2024-11-27T12:19:54
5923,28837,2025-02-24T09:44:12
6443,38697,2025-08-31T19:17:46
49499,34994,2025-08-27T20:58:03
30164,3103,2025-07-29T10:58:22
33311,80528,2025-10-12T19:58:42
30585,77938,2025-02-26T22:55:10
4261,49732,2025-08-30T03:39:52
9991,76739,2024-12-19T06:35:33
6026,99436,2025-06-23T18:31:14
37265,70031,2025-07-10T07:39:18
37443,2688,2025-10-13T21:38:18
16478,73405,2025-03-17T04:37:13
43301,15416,2025-08-24T21:49:59
2948,17928,2025-04-13T02:47:22
35447,45760,2025-01-25T05:03:51
45448,11105,2025-04-11T10:14:46
13494,45591,2024-12-21T11:48:21
5883,37195,2025-07-29T23:42:13
21728,25432,2024-12-28T10:59:57
3123,12307,2025-01-07T08:01:40
9518,23180,2025-10-05T15:30:41
45424,49986,2025-04-29T19:06:47
18201,3759,2025-05-06T23:43:03
49415,77418,2025-08-22T19:26:18
45721,19199,2025-07-02T14:07:35
30685,11952,2025-07-06T19:52:38
24212,30274,2025-08-03T23:38:56
5025,51761,2024-12-02T17:08:11
24026,96344,2025-02-09T03:17:01
45529,94871,2025-03-21T16:56:45
44733,51909,2024-12-18T22:17:48
45964,21806,2025-01-26T10:21:06
25896,65613,2025-07-28T10:41:39
5989,81202,2025-03-17T11:16:45
17657,65983,2025-08-19T03:40:38
28107,92506,2025-08-30T00:51:53
34979,74097,2024-11-20T10:40:41
44254,97174,2025-08-02T03:41:44
2516,72669,2025-05-07T15:58:01
2104,9224,2025-01-30T07:42:14
31079,43804,2025-10-07T10:43:56
17354,3457,2025-08-29T09:16:58
19597,21940,2025-08-02T15:19:15
12477,17750,2025-04-05T09:31:53
34507,40543,2025-08-04T05:37:48
24248,53674,2025-06-09T23:17:36
43890,75603,2025-01-22T14:08:10
15007,41600,2025-10-13T23:42:33
38473,53055,2025-01-21T07:13:43
12283,11353,2025-05-24T22:25:16
654,83058,2025-05-16T02:36:13
41161,71856,2025-01-30T13:07:18
46102,97532,2024-12-02T12:13:36
17877,44645,2025-08-28T07:18:36
47385,43382,2025-07-15T04:11:45
43942,36,2025-05-19T18:05:11
23777,41815,2025-01-11T08:28:44
31819,20460,2025-01-20T02:31:25
4199,51946,2025-08-11T05:32:54
39758,48238,2025-08-03T11:59:02
25248,72375,2024-11-16T05:33:35
15544,38156,2025-02-20T04:12:50
31769,87037,2025-05-14T12:16:15
1312,64432,2025-06-06T04:02:50
48592,82688,2025-10-24T01:43:53
12403,92855,2025-02-27T00:33:28
46669,76656,2025-08-09T08:53:16
46050,28295,2025-06-12T06:48:38
32362,19185,2025-08-03T23:32:30
47057,9024,2024-12-31T09:19:09
24400,55039,2024-12-24T23:55:27
1093,13,2025-02-06T11:36:08
26755,63372,2025-09-14T03:11:36
35673,84967,2025-10-14T10:04:05
29809,90328,2025-04-26T15:04:25
12521,21202,2025-07-24T23:05:09
14681,75336,2024-11-18T10:58:10
13951,74265,2025-04-07T07:52:09
22330,70062,2025-03-27T05:37:06
43618,50075,2025-04-03T17:10:16
43572,75682,2024-12-07T16:55:15
40260,90056,2025-07-22T05:23:53
14540,73927,2025-03-01T19:59:09
3959,35433,2025-04-29T23:57:44
30407,38050,2025-02-09T21:27:18
6596,42112,2025-01-23T11:50:39
39653,20330,2025-06-23T14:19:35
26300,44667,2025-10-27T17:22:28
43974,95130,2024-12-01T23:32:43
377,61656,2025-02-09T13:21:30
34472,87149,2025-03-26T13:34:03
48310,11298,2024-12-07T12:11:20
5301,48903,2025-09-03T05:49:49
42061,29787,2025-06-26T23:49:57
46922,45300,2025-08-09T09:37:03
4218,77768,2025-10-04T16:21:28
7450,40489,2025-06-03T03:59:36
28754,89994,2025-10-28T08:51:40
15076,27777,2025-08-12T03:58:37
1577,29584,2024-12-19T18:34:53
34500,46999,2025-05-05T05:49:32
17411,79941,2025-07-02T20:02:31
49939,58547,2025-09-26T00:04:32
22928,41574,2025-08-03T16:43:27
31367,26381,2025-08-31T20:58:22
16685,12464,2025-10-22T03:28:58
19428,35442,2025-09-19T19:57:52
20370,25141,2025-01-18T23:01:25
35585,26297,2025-04-24T18:38:56
14192,62836,2025-07-16T22:49:36
36081,46265,2024-11-29T18:16:12
25776,22230,2025-04-06T17:14:16
33732,97974,2024-12-08T18:47:31
20404,3615,2025-03-19T21:17:25
31648,9304,2025-01-21T00:10:41
43971,6366,2025-10-28T11:13:55
15093,96866,2025-08-01T18:02:28
6785,33616,2025-08-29T22:06:26
37396,56430,2025-03-25T12:23:09
48869,39388,2025-02-05T15:57:32
45013,12709,2025-10-26T21:44:00
4211,82923,2024-11-23T03:36:36
34162,83600,2025-04-25T11:18:28
25534,31337,2024-11-10T15:25:14
28302,83154,2025-01-27T09:08:02
7663,80702,2025-01-26T02:32:19
11535,26032,2025-10-31T21:46:37
6571,43949,2025-04-11T03:34:27
25810,17250,2025-10-22T20:40:56
15260,815,2025-01-05T17:38:54
18128,51022,2025-06-03T12:33:53
8291,1357,2025-08-10T09:02:39
44577,75334,2025-08-16T02:00:19
20046,24170,2025-04-26T11:15:25
35905,76408,2025-04-05T08:47:30
49494,45537,2024-12-08T11:15:47
21665,6985,2025-08-17T22:33:24
35941,46983,2025-02-14T19:46:49
46950,89020,2025-02-11T23:45:29
12281,27586,2025-09-14T13:04:56
13175,82569,2025-03-16T18:43:45
19932,6753,2025-05-24T18:10:04
3024,2548,2025-05-06T14:01:48
30327,61291,2025-02-12T13:07:17
49798,66165,2025-01-23T13:50:11
40508,68591,2025-02-13T20:00:08
5141,9959,2024-12-20T11:15:07
47778,97974,2025-06-06T04:41:07
39900,26878,2025-08-14T23:44:20
44337,52353,2025-08-14T13:25:15
49056,14406,2025-08-20T08:48:08
26577,33941,2025-06-17T11:28:28
5851,63098,2025-03-21T01:35:40
8588,24403,2025-07-20T13:29:56
359,41179,2025-01-18T23:51:01
16353,62036,2025-03-27T05:36:56
5236,98245,2024-12-04T07:33:20
39055,80195,2025-01-13T22:48:08
26239,73319,2025-04-01T11:51:05
23040,98971,2025-08-23T13:38:20
45772,10549,2025-07-10T01:38:26
42931,28445,2025-01-31T10:34:55
6523,26741,2025-06-16T11:38:07
34644,76016,2024-11-20T07:18:50
47700,22339,2024-11-24T10:42:11
45572,84169,2025-09-10T03:55:21
28474,80938,2025-08-19T21:54:47
22152,35493,2025-09-25T19:49:56
47437,63959,2025-04-28T02:22:22
36548,2287,2025-01-21T17:07:56
15328,54105,2025-09-21T19:00:14
10699,43311,2025-10-08T00:52:03
15130,36236,2025-10-13T22:06:15
45186,49292,2025-04-20T22:25:43
21935,73744,2024-11-09T09:36:23
33440,46673,2025-06-22T20:01:36
47157,98405,2025-01-22T01:26:25
29482,11557,2025-03-04T10:52:23
30890,19858,2025-02-05T00:30:10
1721,43736,2025-05-06T00:26:09
711,70613,2024-12-02T19:02:19
31030,57607,2025-01-22T11:49:42
6254,71147,2025-07-29T20:36:09
4054,71251,2025-10-23T22:04:15
19530,55599,2024-12-15T13:23:06
30664,13541,2024-12-20T23:48:26
22908,54083,2025-09-24T14:39:25
14652,4164,2025-04-21T05:53:36
2979,74935,2025-04-26T10:34:02
48349,14887,2025-02-01T07:37:12
4222,50555,2025-10-04T01:28:25
30335,80252,2025-10-09T07:43:09
40542,97181,2025-08-10T17:09:47
37002,7827,2025-04-20T06:33:51
26169,54151,2025-09-30T18:03:20
6011,7500,2025-06-23T22:21:47
15439,75523,2025-02-09T07:33:28
39533,11124,2024-11-27T15:04:38
12504,40093,2024-11-09T01:47:47
36999,43618,2025-02-25T21:07:56
1485,1327,2025-07-07T04:50:44
707,19167,2025-05-28T23:51:26
16202,78990,2025-08-12T22:26:03
13769,97081,2024-12-02T16:55:07
17684,10430,2025-06-30T05:31:30
2503,78104,2025-09-01T10:59:43
25747,34153,2025-08-08T14:03:35
42020,89231,2025-06-21T15:22:46
33265,85090,2025-04-19T09:07:57
25653,50212,2025-08-29T01:45:16
17626,20504,2024-12-24T22:28:00
11469,70829,2025-07-10T03:44:16
42972,91608,2025-03-11T02:50:14
14734,6535,2025-11-04T10:52:05
45140,60745,2025-06-04T15:11:52
17125,93684,2025-05-19T17:03:53
10003,38897,2025-07-04T14:48:58
24666,50084,2025-06-22T19:44:29
48381,60195,2025-10-29T15:14:20
42374,92867,2024-12-17T04:51:44
45341,82051,2025-01-30T03:45:34
20883,3319,2025-03-23T01:16:41
9888,51854,2025-03-12T18:31:36
18096,18389,2025-08-10T07:18:17
36939,38540,2024-12-23T11:07:31
36486,74666,2025-07-30T14:43:42
48245,97026,2025-03-25T23:03:53
19533,53791,2025-03-18T10:14:27
3230,54883,2025-06-01T20:13:02
18623,93951,2025-05-25T19:39:12
23494,54846,2025-01-23T22:00:39
32189,48914,2025-08-28T17:47:16
24811,56056,2025-03-25T20:47:50
34748,90710,2025-10-21T03:32:49
12744,7491,2025-03-18T22:08:56
29885,12300,2025-03-26T19:25:32
9549,97790,2025-09-29T00:14:30
14937,83966,2024-11-16T17:58:02
22762,62444,2024-12-13T13:34:14
4571,38922,2025-06-19T16:47:05
3306,66665,2025-04-19T09:20:01
47138,70975,2025-01-01T15:03:42
23103,92042,2025-04-23T09:14:48
36690,10805,2025-10-18T03:09:02
45788,19406,2025-06-19T20:07:44
21380,92347,2025-02-05T03:46:56
4143,70724,2024-11-15T20:38:08
13865,61084,2025-10-19T10:41:33
18532,12466,2025-03-07T09:10:02
31789,81725,2025-08-30T14:03:55
47629,19044,2025-05-28T14:40:48
14510,34892,2025-02-19T01:34:23
38081,53041,2025-08-12T04:09:22
30556,67045,2024-12-21T02:23:39
32496,65379,2025-03-26T17:25:39
45824,62125,2025-05-15T09:32:32
24074,99054,2025-04-11T17:40:25
43854,74879,2024-12-11T19:58:29
27328,49836,2025-04-02T15:36:17
14957,49454,2025-05-22T06:47:07
22735,71197,2025-02-28T00:04:34
37048,34360,2025-03-01T23:58:15
40854,82831,2025-01-09T14:14:11
45576,62495,2024-12-20T21:04:58
29779,11864,2024-11-18T12:36:30
41655,62211,2025-08-03T15:33:20
40095,74853,2025-10-25T01:53:31
20567,38230,2025-04-23T22:28:33
10654,20815,2025-01-09T23:13:37
47008,43521,2025-05-14T00:43:44
34377,29756,2025-08-30T03:23:24
49863,96141,2025-05-16T18:33:02
39673,91276,2025-07-27T03:38:30
16208,43320,2025-05-29T06:35:14
16632,97657,2025-09-13T07:25:47
43421,57519,2025-02-25T08:40:54
41053,38899,2025-05-18T02:09:01
46735,35752,2025-07-22T21:16:08
37172,75437,2025-04-15T13:29:01
25630,73049,2025-03-26T19:16:00
41898,89041,2025-06-08T02:45:07
32950,37003,2025-09-28T01:06:34
22176,96579,2025-07-03T23:56:47
27744,86743,2025-06-06T02:24:18
32660,26830,2025-07-19T06:48:55
92,65855,2025-03-03T05:03:32
43220,13046,2025-10-07T05:24:58
31211,82112,2025-03-13T02:36:52
8863,99380,2025-02-23T00:02:55
48146,2031,2024-12-22T13:45:48
46828,36501,2025-08-14T19:15:39
19567,70015,2025-02-03T19:40:05
1295,7445,2025-05-21T03:07:30
47778,30942,2024-12-31T01:39:20
21951,60185,2025-10-16T17:40:00
14976,42868,2025-09-05T01:15:38
21824,49133,2024-12-29T02:39:41
28895,59416,2025-04-08T22:32:28
46353,3429,2025-02-22T16:54:59
3358,30462,2025-02-09T23:56:16
37662,86186,2025-10-23T00:42:09
43327,40621,2025-09-29T23:31:06
30273,60658,2025-06-02T07:42:06
6912,49717,2025-01-23T03:19:14
19745,74777,2025-07-27T00:04:01
1801,641,2025-05-05T15:34:01
21289,11123,2025-03-10T16:45:13
1284,49211,2025-03-28T19:08:56
39044,32997,2025-06-20T05:35:16
23086,29394,2025-09-03T19:26:01
49854,67709,2025-01-16T12:25:17
2179,82067,2025-03-30T05:53:18
22556,743,2024-11-29T03:15:51
33675,94630,2025-09-30T01:13:20
9014,9922,2025-05-05T06:28:24
8224,97548,2025-01-08T19:03:21
34751,38807,2024-12-13T07:32:28
49125,15653,2025-10-23T03:00:58
8811,72208,2025-07-13T19:47:01
47801,97261,2024-11-11T04:22:21
27099,81701,2025-02-15T09:42:44
27055,55389,2025-01-11T09:06:32
17595,3624,2025-08-22T11:08:33
41026,22249,2025-02-06T12:32:28
47098,19875,2025-06-24T15:48:28
13635,69231,2025-10-25T08:53:44
21940,92357,2025-09-10T13:34:25
30750,93710,2024-12-26T12:27:13
32948,113,2025-10-30T09:45:19
22573,48007,2025-11-04T17:14:50
49181,34754,2025-10-13T20:08:24
12525,53768,2025-05-13T09:16:05
3535,56488,2025-08-09T10:45:53
3234,41039,2025-04-18T20:02:47
4174,74603,2025-05-19T08:10:03
6929,74392,2025-06-20T18:13:41
48033,46758,2025-02-23T18:45:21
39591,24542,2025-02-01T18:43:32
11931,35713,2025-05-08T11:22:26
12092,40489,2025-05-31T13:34:03
33962,23120,2024-11-15T00:53:17
38371,95966,2024-11-26T20:21:24
13448,35254,2025-03-11T14:19:21
47858,50715,2025-05-30T02:49:04
17639,39856,2025-09-08T04:17:23
7688,61989,2024-12-31T17:14:22
32218,9442,2024-12-25T13:56:41
12280,23906,2025-06-14T01:58:53
31027,95206,2025-09-16T23:29:23
18220,73656,2024-11-08T21:25:46
16987,34389,2025-02-02T22:48:34
29943,18011,2025-05-15T01:19:06
39674,95333,2024-12-14T23:48:06
11430,22988,2025-09-12T15:27:29
27985,91516,2024-12-18T18:06:13
40849,89965,2024-12-27T07:35:12
11846,78423,2025-09-26T03:30:17
40743,83629,2025-02-24T21:06:36
20002,19391,2025-05-06T16:59:11
28364,64265,2025-10-03T12:04:49
15166,50822,2025-09-15T16:23:26
42137,4032,2024-11-28T11:08:13
45470,4812,2025-03-15T05:00:14
6253,14865,2025-10-28T04:25:07
24974,89485,2025-07-22T03:53:11
30527,9653,2025-10-18T22:16:24
36054,20485,2025-01-05T18:45:50
45165,12024,2025-06-09T16:29:50
38798,58555,2025-10-09T06:03:31
16126,67318,2024-11-17T08:36:01
31707,32230,2025-10-24T12:55:02
31009,17040,2025-05-27T14:46:14
9393,35590,2025-05-26T16:57:23
30268,91319,2025-01-06T14:13:46
19574,80465,2025-07-23T20:04:49
37009,77521,2024-12-22T23:33:04
25528,86666,2025-08-24T04:37:06
34082,13912,2025-01-15T17:45:52
40991,20762,2025-01-12T13:51:17
20631,20976,2025-11-01T10:28:38
30992,18496,2025-04-07T02:29:42
21670,95814,2025-02-11T02:29:44
29875,51603,2025-04-01T02:32:48
18713,29366,2025-10-05T14:52:54
39311,25662,2025-05-07T09:47:02
20374,9282,2025-04-24T01:49:05
2276,70827,2025-04-23T23:18:19
27833,41144,2025-02-07T01:40:10
8529,42786,2025-05-16T22:41:03
2845,85057,2025-07-14T04:04:44
18191,27928,2025-07-05T13:00:05
41518,60087,2024-12-01T09:31:33
14150,13031,2025-06-09T06:49:20
43747,19850,2025-04-27T20:48:30
1239,60874,2025-03-24T04:59:45
41648,21538,2025-05-21T02:14:45
35232,50387,2025-03-12T13:26:42
17059,98122,2025-07-27T12:55:35
47112,70330,2025-10-16T10:29:40
48105,5093,2025-01-22T15:48:51
14525,92502,2025-04-18T03:06:46
13294,76875,2025-03-27T23:05:28
12071,54202,2025-05-29T04:55:25
18972,97948,2025-02-26T10:42:52
8067,87150,2025-08-25T08:08:54
7675,4146,2024-11-07T14:27:07
26536,41575,2025-08-11T06:17:37
30353,29805,2025-02-18T10:19:24
48345,17043,2025-03-26T09:31:18
30134,43703,2024-11-11T18:08:15
2286,69723,2025-03-23T08:51:00
32181,27989,2025-01-31T22:28:04
11048,56106,2025-09-04T12:34:55
43492,38403,2025-01-10T01:28:08
11484,2704,2025-10-28T05:00:23
20528,50621,2025-01-29T07:20:49
13755,29709,2025-02-13T07:39:17
20380,44759,2025-07-02T08:41:46
27137,90979,2024-11-24T08:18:46
24034,69374,2025-03-28T21:56:28
43019,80793,2025-04-01T04:57:36
27509,59624,2025-09-04T13:21:52
36440,92033,2025-09-08T08:30:18
29934,61217,2025-08-21T13:27:23
25641,15289,2025-07-15T07:56:33
10356,30542,2025-07-30T16:17:06
3125,2043,2025-04-19T01:22:34
22017,87191,2025-02-24T12:24:25
15095,76240,2025-07-15T20:27:06
19042,22189,2025-10-02T00:17:00
48853,1289,2024-12-18T06:15:47
20182,86875,2025-08-02T20:56:54
9909,26343,2025-08-16T18:57:15
35868,9209,2025-05-27T06:22:44
15146,79878,2025-02-18T22:43:05
6993,50742,2025-02-05T20:07:17
12034,92738,2025-03-27T15:34:39
41852,26722,2025-06-21T01:54:58
20183,42978,2024-12-02T21:30:07
14345,60274,2025-10-22T19:50:41
35617,26001,2024-11-23T19:26:32
12456,74910,2025-02-10T11:17:44
38688,62099,2025-04-07T15:13:55
19207,42784,2024-12-20T03:43:30
43131,50577,2025-07-21T06:39:44
42469,91083,2025-02-12T20:57:41
36323,53381,2025-09-24T09:34:45
42992,5477,2025-08-17T05:22:29
9032,26481,2025-01-23T22:51:42
17623,81845,2025-10-17T08:05:28
19924,21858,2025-05-19T11:52:23
16003,74062,2024-12-23T21:41:51
45254,46181,2025-02-24T12:22:42
2376,35605,2025-04-27T14:44:11
21527,3708,2025-02-27T14:53:08
31334,55617,2025-07-22T02:03:43
2572,37686,2024-12-03T21:06:28
17108,57680,2025-03-01T16:28:44
15592,96928,2025-06-09T07:21:54
24811,62000,2025-02-04T12:54:02
38454,39533,2025-02-05T02:06:19
26323,61259,2025-08-26T23:07:51
37609,6529,2025-07-16T02:41:34
17686,75774,2025-10-07T01:26:57
2154,31809,2024-12-21T07:36:05
1757,28910,2025-04-14T12:16:46
31444,44241,2025-05-01T16:26:05
40191,17852,2024-12-02T06:36:02
13314,25521,2025-08-09T04:21:09
45504,89220,2025-03-12T07:12:49
13385,57265,2025-09-12T04:36:13
34969,3588,2025-05-24T16:17:55
44421,91825,2025-09-30T08:13:48
45147,64021,2025-08-11T17:01:35
24320,34997,2025-07-01T03:35:59
26254,21242,2025-01-08T10:13:40
33020,156,2025-08-25T21:23:00
21424,53046,2025-05-16T05:29:42
421,82145,2025-08-28T02:12:06
16592,19817,2025-01-21T09:29:05
2664,99225,2025-05-28T09:18:33
39698,53578,2025-05-31T03:55:58
40963,76358,2025-04-04T17:32:49
39443,14446,2025-09-02T11:30:52
4867,38859,2024-12-02T19:09:35
26409,67412,2025-05-25T19:22:02
12403,56107,2025-02-17T22:24:05
36053,46358,2024-11-21T16:29:55
41934,16892,2025-07-29T16:56:26
21552,7722,2025-10-09T14:09:38
22427,30293,2024-12-20T00:42:19
11467,52453,2025-06-19T23:29:08
26435,89933,2025-02-25T23:29:31
49278,75473,2025-09-25T06:51:44
29456,18208,2025-10-18T05:34:11
34899,15812,2025-05-19T02:52:13
16278,86968,2025-07-03T14:04:53
5093,50690,2025-06-25T00:36:33
4875,75250,2025-10-20T12:09:34
49288,41546,2025-10-03T21:55:10
48751,52789,2025-05-27T13:21:14
40209,95984,2025-04-13T02:07:54
6807,15889,2025-04-01T06:34:12
35000,42755,2025-02-24T17:57:02
19277,82073,2024-12-20T13:15:17
13995,61816,2025-04-10T12:11:10
24325,64417,2025-04-19T22:12:42
27442,60908,2025-04-06T00:52:07
35541,2475,2025-08-14T07:26:02
35531,63099,2025-03-21T22:53:29
36099,20440,2025-06-29T11:13:18
23795,98848,2025-06-06T14:38:53
4017,67964,2025-07-01T19:02:29
7370,28283,2025-06-13T04:20:52
45097,41518,2025-02-10T02:30:57
995,10403,2024-12-27T09:28:05
4328,61083,2024-11-14T20:24:48
35391,66930,2024-11-19T12:46:01
9500,37625,2025-07-19T14:17:14
45546,177,2025-09-18T07:30:04
38983,33478,2025-03-15T14:05:32
2663,21233,2025-08-07T13:52:38
42866,69355,2025-10-26T09:58:03
29654,34385,2025-10-06T01:59:45
45309,85908,2025-09-22T23:40:01
41347,20207,2025-03-12T13:26:27
39926,44514,2025-04-20T12:21:03
43369,21444,2025-02-25T09:04:44
12418,63472,2025-08-26T23:30:54
32458,3109,2025-10-06T20:37:26
46718,7254,2024-11-28T21:29:06
38543,94341,2025-03-29T14:08:18
35820,82071,2025-08-20T06:41:14
12292,79000,2025-05-24T13:23:13
38944,53503,2025-06-05T13:31:55
40930,93199,2025-02-23T18:51:55
22997,72198,2025-04-08T05:50:03
1826,28008,2025-09-23T09:06:29
35109,81996,2025-10-20T15:26:01
38423,16100,2024-11-12T04:15:33
15868,42267,2024-12-01T21:23:02
12657,46117,2025-09-14T18:59:15
28016,59002,2024-11-13T19:51:19
35305,65562,2025-07-28T18:25:17
42037,15533,2024-11-18T18:47:52
7517,91688,2025-10-28T05:21:29
7688,36874,2025-08-21T06:36:42
36030,61204,2025-06-13T18:29:13
41406,37190,2025-07-15T10:21:19
41667,85137,2025-02-19T15:44:29
21546,58894,2025-01-09T05:35:53
25411,74587,2025-04-02T03:42:40
41866,90983,2025-08-14T21:18:43
11697,78972,2024-11-18T08:47:20
34159,21466,2025-10-02T15:30:20
47853,44257,2025-02-06T16:22:34
47550,43744,2025-05-03T17:33:31
49780,67923,2025-05-01T11:49:35
22875,73027,2025-05-10T20:53:52
25037,17269,2025-03-16T09:40:06
29746,28344,2025-04-11T04:34:31
27863,22758,2025-04-27T03:44:40
19698,41297,2025-01-27T21:06:58
49265,34181,2025-08-07T21:21:25
15502,83293,2025-09-03T07:17:03
33075,14945,2025-08-18T17:45:36
27022,3213,2025-08-13T12:24:18
32203,84145,2025-08-30T21:04:57
15524,60285,2024-12-13T23:18:24
38141,876,2025-10-21T23:48:58
20774,17282,2025-01-27T07:03:00
5795,50527,2024-12-21T05:20:29
49394,17918,2025-10-29T14:06:51
41526,34950,2025-04-13T15:20:59
48619,63809,2025-07-08T03:56:17
14199,4163,2025-10-09T12:03:12
35119,10307,2025-01-15T01:52:47
26595,43481,2025-08-10T02:22:55
47614,87760,2025-08-18T17:54:23
11585,2763,2025-04-12T08:17:33
48307,74061,2025-08-14T21:44:12
38682,72245,2025-07-30T20:04:45
37925,93523,2025-07-06T09:45:42
8828,96595,2025-06-10T23:24:48
6650,67148,2024-12-23T19:16:34
36171,71068,2024-12-19T21:34:16
30892,67978,2025-02-19T02:13:29
14572,47491,2025-02-23T23:06:09
49295,74047,2025-07-21T20:05:49
30044,7627,2025-03-22T22:58:16
19105,56480,2025-06-10T14:18:26
20721,67503,2025-01-29T18:01:17
42664,7507,2025-07-31T05:48:38
48085,37797,2025-05-06T12:34:08
31857,70038,2025-08-16T09:16:31
25705,63294,2025-02-26T04:17:13
42022,68741,2025-02-07T05:19:17
11670,74129,2025-08-15T03:42:39
23651,55123,2024-12-26T14:55:12
49404,21699,2025-07-04T04:17:40
27104,26683,2025-05-14T09:54:22
13247,78633,2025-02-08T15:04:35
3069,7471,2025-08-22T00:57:29
1707,34641,2025-02-09T00:43:12
9982,19297,2024-11-07T07:48:42
22050,63241,2025-06-01T12:19:11
21000,12912,2024-11-11T06:49:42
23689,11788,2025-07-26T04:40:15
7405,70450,2025-03-07T21:25:17
43611,64032,2025-02-18T11:08:06
18210,39318,2025-10-10T13:25:28
27564,3857,2025-01-11T23:24:35
9856,15286,2025-01-01T14:18:41
33602,36345,2025-01-26T19:59:05
29209,68864,2025-04-10T03:15:29
10217,37497,2025-03-07T14:06:15
14308,97898,2025-10-03T21:44:14
10113,62745,2025-09-01T08:18:51
27860,23559,2024-11-07T15:40:40
24149,33894,2025-06-29T10:12:27
31121,53108,2025-10-17T13:38:15
19488,89590,2025-07-13T01:54:02
1938,37558,2025-05-11T12:35:30
17130,79032,2025-05-31T23:12:36
29643,35450,2025-10-28T06:55:07
713,58041,2025-02-04T13:59:17
5502,13775,2025-04-29T14:24:00
3860,15632,2025-06-23T00:10:40
28797,2113,2025-07-11T09:38:34
2585,143,2025-04-22T21:16:21
29054,86022,2024-11-27T00:02:15
9642,21393,2025-03-29T15:10:22
29574,31163,2025-03-21T03:34:50
44049,17488,2025-07-21T16:37:29
12155,40805,2025-06-27T05:20:53
13577,70921,2025-01-28T14:39:33
45074,21311,2025-03-24T20:40:56
23039,99886,2025-01-28T14:48:52
13493,66007,2025-11-01T21:25:37
22943,65390,2025-04-17T16:45:38
20580,96829,2025-08-15T17:11:57
1843,80538,2025-01-02T18:08:47
33483,98600,2025-02-16T10:39:28
11692,19481,2024-12-11T13:58:08
22977,39241,2025-04-22T00:13:07
7602,2283,2024-12-02T17:44:46
5653,99627,2025-09-12T20:52:58
38265,56297,2025-06-24T15:30:03
42057,71701,2025-10-22T04:17:21
30899,79447,2025-04-16T20:01:40
4841,22059,2025-03-13T09:58:19
37250,67236,2025-07-11T03:10:27
17378,59759,2024-12-12T04:55:07
10431,17046,2025-02-17T07:15:37
36799,96681,2025-10-13T03:54:04
5248,85337,2025-04-14T21:44:33
22724,82236,2025-08-08T16:53:32
21198,92003,2025-06-20T10:45:09
5551,98292,2025-02-18T21:38:17
9039,42876,2025-05-14T06:31:32
11175,17888,2025-03-19T01:07:54
17141,74828,2025-09-25T22:31:56
36396,69400,2024-11-23T14:11:54
26218,89969,2025-04-02T11:03:55
6684,49733,2025-05-21T14:42:09
19826,20465,2024-12-01T22:33:21
46140,44350,2025-06-08T15:56:25
12562,12202,2025-04-14T14:10:04
7822,81123,2025-04-13T13:30:46
27739,78740,2025-10-13T10:01:26
6102,93581,2025-03-25T20:33:57
16743,98451,2024-12-06T18:49:28
7350,8621,2024-12-27T16:16:46
18480,9610,2024-12-28T00:29:46
4260,25229,2025-08-05T17:40:38
13017,40730,2024-12-28T17:57:57
31894,54072,2025-05-21T12:44:09
45071,41648,2025-08-07T19:53:14
38499,60189,2025-07-11T04:38:26
39896,14565,2025-06-25T23:19:17
44178,98374,2025-02-09T20:25:41
3162,20894,2025-06-27T20:54:31
7638,2025,2025-03-24T14:04:38
18172,88056,2025-03-18T14:10:04
44041,66846,2025-05-31T18:49:09
12203,77803,2025-04-20T01:06:59
12670,94638,2025-09-10T02:31:10
4239,62252,2025-07-08T02:58:35
49145,57978,2025-01-19T08:19:58
20430,59093,2024-12-17T11:01:31
49372,54438,2025-05-18T03:28:02
5550,79306,2025-01-09T15:50:35
14078,77992,2025-05-11T22:12:54
9831,43878,2025-06-01T10:08:15
8918,62178,2025-07-22T03:38:05
19383,7152,2025-09-21T11:09:45
43592,24916,2025-10-10T10:42:05
14046,57440,2025-09-19T03:41:57
11492,87219,2025-02-17T19:46:06
973,90753,2025-08-06T13:54:37
28471,77071,2025-03-29T21:56:56
29199,67561,2025-03-14T21:58:31
48173,34694,2025-08-04T02:22:51
6043,54740,2024-12-12T00:00:04
5214,6837,2025-09-27T01:36:18
41053,31421,2025-07-10T17:48:41
17097,90650,2025-05-31T15:44:55
10113,98149,2024-12-05T14:08:52
36546,81699,2025-01-26T22:56:22
26734,85561,2025-01-24T03:41:51
19880,75017,2025-09-10T04:01:30
23925,35589,2025-08-08T00:03:02
7939,99570,2025-01-30T10:51:55
15153,20268,2025-07-12T03:25:32
805,49935,2025-08-30T12:43:38
26576,53769,2025-02-07T15:13:18
29358,21587,2025-07-10T22:42:58
11647,45497,2025-03-23T19:29:58
22810,99614,2024-12-28T19:04:49
43362,6070,2025-07-19T04:19:22
42628,4598,2025-06-22T02:36:44
37430,7250,2025-04-24T07:42:11
6650,40522,2025-09-07T16:12:54
22255,41498,2025-07-30T04:21:15
25469,5646,2024-12-26T01:34:05
34240,65221,2025-08-07T08:10:56
3525,67154,2025-10-17T17:44:33
41059,94699,2025-02-23T04:41:12
19641,89604,2025-03-17T14:00:19
47581,4202,2024-12-16T10:21:40
34417,65421,2025-04-05T15:07:18
1604,44582,2025-10-11T02:25:11
44076,99890,2025-01-15T20:14:25
30309,75533,2025-07-27T02:43:57
18261,59783,2025-02-07T06:27:41
29025,45976,2025-04-14T03:12:01
20113,38039,2025-08-22T23:00:00
45211,4921,2024-12-27T20:29:12
40899,64096,2025-10-10T19:43:11
7260,23722,2025-02-27T21:44:51
8617,43794,2025-05-16T09:09:58
40542,19496,2025-07-06T06:27:43
20740,83621,2025-01-30T23:49:22
48154,76116,2025-06-01T08:40:31
1187,55341,2025-08-13T05:35:12
1507,79141,2025-06-23T23:49:40
43029,69095,2025-09-28T04:14:59
738,93302,2025-10-02T08:53:06
42021,67799,2025-02-21T20:16:45
7369,10761,2025-02-23T13:32:12
9155,84355,2025-06-26T07:09:51
31828,94940,2025-08-06T19:46:43
16675,26927,2025-02-25T08:01:53
4652,21888,2024-11-19T18:32:20
40342,7930,2025-06-06T12:17:00
35199,73617,2025-10-05T10:19:11
10114,347,2025-04-01T22:03:15
10534,11499,2025-08-18T12:54:08
44329,57733,2025-09-12T11:56:48
1451,88870,2025-09-18T22:41:10
3919,21833,2025-01-21T07:13:13
41368,32260,2025-05-16T04:54:53
11709,37706,2025-04-18T19:59:47
23655,16470,2025-08-09T10:15:18
23108,2026,2025-07-22T20:24:35
19293,84381,2024-12-21T15:13:14
1807,84246,2024-11-20T18:05:39
27175,15720,2024-11-18T11:19:08
41318,83676,2024-12-31T03:26:14
44047,14413,2025-11-05T18:44:15
24463,81614,2025-07-16T20:46:28
24640,39827,2025-10-01T02:09:00
3472,54780,2024-12-04T02:33:22
32023,42959,2025-04-08T02:47:34
10791,65402,2025-01-14T19:59:37
40794,28598,2025-01-08T00:08:17
25692,563,2024-11-21T20:31:58
4135,61368,2025-03-15T04:58:45
39822,93001,2024-12-17T21:51:48
6884,8053,2025-05-28T08:46:15
14199,73228,2025-06-28T06:37:05
27052,69652,2025-02-21T12:00:04
20306,17018,2025-05-25T02:09:20
15933,76279,2025-01-02T11:23:00
16604,915,2025-02-21T15:03:27
19957,582,2025-07-01T11:04:20
49251,44281,2025-08-28T08:15:25
14284,45927,2025-01-16T09:49:58
1407,73832,2025-03-28T03:06:02
46320,6467,2024-12-05T04:49:16
9587,21611,2025-01-07T22:48:06
23815,82634,2024-11-20T03:48:15
27458,77756,2025-06-19T08:33:52
15467,84018,2025-08-03T11:32:47
4773,99310,2025-07-21T14:05:57
28313,52069,2025-06-26T03:54:25
25171,35618,2025-08-30T14:11:27
17101,17158,2025-09-25T23:34:22
11961,87519,2025-06-19T16:52:45
5683,17138,2025-08-10T02:22:36
32188,56671,2024-11-11T05:52:29
48311,12287,2025-07-25T08:53:33
18088,18390,2025-09-14T11:07:23
305,24578,2025-02-20T18:53:48
38856,72713,2025-09-25T07:31:53
31945,38707,2025-01-14T23:11:22
29318,42565,2025-04-03T08:01:04
19843,75581,2025-01-15T14:00:29
3501,91667,2025-09-23T21:38:59
46431,78521,2025-01-20T05:21:31
31657,52220,2025-03-01T13:15:02
2950,1511,2025-10-09T04:02:52
27498,72172,2025-03-28T23:51:55
42833,48054,2025-03-22T17:22:35
5831,96238,2024-11-21T23:33:17
41437,88436,2024-11-10T14:04:36
17225,33334,2024-12-30T04:44:52
41112,48000,2025-08-23T08:15:24
2686,71302,2025-03-18T22:41:22
28580,76306,2025-03-21T08:24:10
5201,31523,2025-01-17T10:45:04
20626,85718,2025-02-03T17:26:38
19952,49762,2025-02-24T03:01:54
30587,3239,2025-06-24T13:56:11
8851,84048,2025-03-12T12:24:39
8811,10493,2024-11-12T13:39:50
47587,78854,2025-10-31T12:07:11
21608,30844,2025-09-23T03:19:38
20449,17304,2025-04-29T03:12:19
22754,54913,2025-05-18T11:45:39
37910,98428,2025-05-06T12:07:51
45071,6119,2025-05-12T15:58:02
39130,91434,2025-04-18T21:01:23
21238,42831,2025-06-02T03:45:45
38678,45568,2025-09-08T23:39:16
20412,41812,2025-07-03T17:40:07
19548,52762,2025-05-17T11:04:52
29597,16524,2025-05-15T21:45:20
1841,85382,2025-01-18T18:54:50
31274,19698,2025-10-24T12:34:09
46684,77798,2025-05-18T15:40:46
13569,66829,2024-11-23T21:08:22
19142,70733,2025-05-06T12:39:26
31982,70023,2024-11-10T02:52:05
40463,28307,2025-07-23T18:02:49
42448,71762,2025-08-20T23:04:46
32031,19156,2025-07-18T11:40:17
41954,11591,2025-03-13T06:03:31
5581,43580,2025-09-06T01:45:20
19271,24353,2025-02-28T17:13:13
17870,12776,2025-08-19T16:28:32
5962,19724,2025-03-07T23:20:45
49391,22499,2025-10-15T00:15:11
17864,25907,2025-09-29T03:55:47
2611,20696,2024-11-09T19:51:36
2313,85903,2025-01-11T18:38:10
28045,75950,2025-09-07T07:56:50
43945,27899,2025-08-13T13:06:52
19949,16079,2025-01-15T15:48:24
31330,2761,2025-08-26T03:23:09
12693,82073,2024-11-11T19:29:21
30545,1448,2025-01-31T19:23:46
31343,58806,2025-05-26T01:02:58
27065,35405,2025-07-16T11:24:19
46683,82102,2025-02-25T21:50:54
33634,40481,2024-12-09T22:47:26
3468,17425,2025-07-20T07:04:54
3044,1352,2024-11-17T19:02:03
31680,84585,2025-05-02T05:51:29
26989,11179,2025-04-25T01:39:59
28927,87643,2024-12-16T13:29:03
20309,26491,2025-05-11T15:35:06
25052,4587,2025-03-22T03:20:23
24114,6681,2025-05-09T16:36:14
6384,43453,2025-08-08T13:40:23
7683,82794,2024-12-10T04:03:35
45887,40822,2025-07-20T23:38:29
1937,58829,2025-07-08T00:25:18
22473,24897,2024-12-19T07:45:52
26356,47499,2025-03-06T03:12:39
19525,31385,2025-04-15T02:29:00
2029,29423,2025-03-17T18:40:54
23819,46173,2025-07-05T22:04:54
41959,63852,2025-08-08T02:09:19
1317,14051,2025-04-15T09:03:03
25265,53052,2025-04-18T20:32:34
21386,12461,2025-06-03T09:39:44
44649,69168,2025-08-22T21:16:38
22507,3818,2025-07-08T19:37:21
11583,89475,2024-11-08T05:40:05
36096,83567,2025-08-06T04:49:59
13922,79377,2025-05-25T17:18:42
6443,95591,2025-06-11T22:18:14
38201,75210,2024-12-03T13:42:23
225,4605,2025-02-17T23:57:10
3130,646,2025-07-19T23:08:44
6014,34746,2025-04-18T15:01:00
10045,5564,2025-10-02T12:14:53
31156,70482,2025-06-15T10:32:17
22950,96786,2025-01-16T11:56:00
5378,49069,2025-04-22T21:15:27
1896,97205,2025-03-29T10:46:54
19883,14742,2025-05-15T14:08:56
35590,87488,2025-07-26T11:29:16
26949,12730,2025-06-30T16:42:11
36893,98998,2025-08-09T20:00:50
15494,5228,2025-08-04T09:36:40
19405,68741,2024-12-14T06:07:56
35766,48825,2025-10-08T10:47:13
20856,39552,2025-10-20T13:13:58
27206,58482,2025-09-12T09:12:04
12743,57325,2024-11-29T20:09:37
44059,65472,2024-11-29T20:22:20
26552,2920,2025-09-15T19:55:32
39632,30760,2025-02-24T16:08:17
29716,87654,2025-04-02T20:21:38
45567,35452,2025-03-15T05:35:17
23358,55535,2025-05-07T13:14:51
44478,95257,2025-01-14T19:16:06
17434,78794,2024-11-18T04:15:03
26418,23419,2025-01-31T15:30:15
1786,31614,2024-11-30T03:59:14
32483,69284,2025-01-14T01:42:44
36114,9107,2025-02-03T21:47:44
2801,9557,2025-06-17T12:53:24
28996,57720,2024-11-09T03:34:44
3162,44678,2025-02-25T09:50:11
45627,66142,2025-08-13T22:33:46
32061,78742,2025-11-03T06:58:55
32985,67439,2024-11-17T00:44:31
30521,45091,2024-12-28T17:04:51
1912,92698,2024-12-18T02:19:51
20119,21059,2025-05-12T11:11:12
2136,67773,2025-10-21T16:21:55
3661,11830,2025-05-18T09:03:34
14263,78322,2024-12-09T18:56:23
47047,20725,2025-04-29T17:39:08
8043,47564,2025-08-15T08:37:20
47222,71036,2025-04-30T09:47:22
48084,84046,2025-07-08T11:19:08
6267,19476,2024-12-06T05:03:18
43125,91608,2025-08-26T01:35:51
6272,68511,2025-02-02T19:03:53
13097,78042,2025-09-21T05:32:17
38576,37336,2025-08-23T12:08:17
49338,44912,2025-10-15T07:03:20
45438,35527,2025-05-29T14:57:24
18305,25827,2025-04-16T14:12:49
9734,80873,2025-04-07T01:58:58
43508,31236,2025-03-05T15:37:32
43026,34916,2025-10-31T09:32:28
10512,56323,2025-06-16T06:21:30
40111,6736,2024-12-01T08:54:09
13302,90685,2025-01-23T08:30:13
28870,90568,2025-05-30T21:57:26
31417,90264,2024-11-07T18:43:17
33745,13077,2024-12-29T04:59:38
46838,70571,2025-04-08T16:53:52
46807,98917,2025-08-11T05:13:13
2020,81074,2025-07-02T09:28:43
49845,42957,2025-05-14T19:34:30
33432,86879,2024-11-16T10:09:08
23923,48388,2025-06-12T04:00:39
33361,74250,2025-02-15T12:54:39
44252,28782,2025-01-09T07:08:07
36775,19968,2025-04-13T19:17:16
15660,20677,2025-04-30T21:32:13
12953,975,2025-06-02T16:37:13
20652,67912,2024-11-26T13:00:35
47179,17930,2025-03-03T03:31:13
23792,65335,2025-02-17T12:12:20
38552,77015,2025-05-20T14:54:04
8167,80055,2025-06-29T18:51:27
12469,85224,2025-10-17T23:14:49
11727,34717,2025-08-30T03:35:08
26866,34230,2025-05-31T02:40:20
16058,72990,2025-08-26T17:59:58
24431,75438,2025-09-13T23:50:57
12705,45415,2024-12-31T13:54:04
42989,57836,2024-11-24T01:23:00
4241,46087,2025-06-19T01:54:34
43911,80685,2025-02-12T05:50:43
40868,59091,2025-03-11T22:35:22
48358,6988,2025-11-03T01:22:37
16686,57074,2025-05-02T00:40:32
31296,58682,2025-04-18T19:22:41
44595,17266,2025-05-27T10:59:10
21257,55204,2025-03-01T09:01:06
16270,78506,2025-08-10T02:53:52
15390,93042,2025-03-23T00:22:25
8013,98959,2025-04-07T18:08:55
7407,13006,2025-03-30T06:54:40
26074,30167,2024-12-05T09:17:53
25987,32196,2025-08-30T07:10:01
29654,90588,2024-12-11T13:34:26
11168,4242,2024-11-21T01:30:53
43150,93184,2024-12-03T10:09:45
29332,10131,2025-01-27T04:03:34
39511,60917,2025-10-09T11:02:47
21005,55838,2025-05-26T08:36:18
30246,59131,2025-07-18T04:23:03
28183,16690,2025-05-23T02:46:14
14145,98866,2025-09-03T11:51:31
44433,45251,2025-04-01T21:48:18
31443,40227,2025-03-27T18:13:28
48942,79001,2025-02-14T07:46:56
7238,50274,2025-06-17T17:47:02
2270,57594,2025-06-23T07:29:44
21132,34395,2025-06-08T19:14:46
43068,14254,2025-07-26T22:42:43
16223,66241,2025-06-22T08:55:56
29398,22143,2025-02-11T17:25:01
22403,38269,2024-11-22T17:43:01
30044,27155,2025-08-15T07:52:24
29309,70507,2025-03-25T11:34:52
35367,75070,2025-05-14T15:29:23
42184,97118,2024-12-31T12:01:12
22763,53987,2025-07-06T13:49:54
12325,68784,2024-11-14T15:57:43
37523,29631,2024-11-25T19:11:51
32948,20402,2025-10-09T07:55:03
21127,20420,2025-06-28T06:46:02
14780,46136,2025-06-18T08:10:20
43845,70420,2024-12-21T22:23:01
13559,42526,2025-03-18T16:30:29
32105,73576,2025-03-08T12:14:53
30973,75912,2024-12-27T23:29:36
45705,33096,2025-04-06T18:07:16
31350,14594,2025-01-07T17:53:21
34427,45223,2025-01-08T01:53:32
32520,92176,2025-02-04T02:34:20
32846,83418,2024-12-18T22:41:22
39873,50204,2025-05-14T03:35:29
31235,11369,2025-07-31T17:52:17
44441,43301,2025-03-26T15:38:16
40556,14468,2025-11-06T17:49:55
12894,79202,2025-05-03T20:41:19
2577,71425,2025-05-19T16:48:02
18696,17638,2025-09-16T17:18:15
22862,33234,2025-09-26T05:11:22
8847,87130,2025-07-26T05:45:59
22838,33847,2024-12-14T19:55:15
31356,62043,2025-06-08T10:56:50
38751,99608,2025-01-02T05:49:59
40328,18375,2025-05-18T12:52:28
12164,55526,2024-11-26T13:27:24
17417,84897,2025-07-07T10:01:24
40728,71479,2025-05-06T23:13:06
54,45404,2025-03-21T02:19:47
32883,37686,2025-06-17T10:17:44
36665,90049,2025-03-16T15:28:01
4518,63086,2025-06-01T00:14:12
48111,71391,2025-06-25T23:46:43
39270,68989,2025-03-04T19:56:24
778,9773,2025-02-28T06:35:50
26430,6166,2025-10-24T11:47:32
815,24850,2025-05-14T23:33:22
24583,39348,2025-07-08T04:02:05
18153,73552,2025-01-21T22:32:28
1079,74882,2025-07-15T21:40:31
45253,69857,2025-07-13T22:27:39
3297,67034,2024-12-27T08:40:05
24907,91944,2025-06-05T05:41:15
31496,78333,2025-06-29T01:25:50
6806,32220,2024-11-08T23:39:13
12905,96705,2025-05-09T23:20:47
14522,69815,2024-12-14T14:15:48
49150,87764,2025-01-04T10:33:54
9216,92441,2025-04-08T02:46:50
26136,71959,2024-11-26T22:10:55
37014,40071,2025-08-28T16:12:57
11834,91135,2025-09-10T01:37:37
37167,14399,2025-01-25T09:53:28
18207,89561,2025-08-05T19:52:30
3427,69509,2025-10-23T06:24:15
44124,78961,2025-02-16T06:52:37
21301,59053,2025-07-25T17:53:52
12088,24912,2025-04-30T10:47:50
4643,67141,2025-11-01T16:05:34
3791,40179,2025-05-04T15:05:07
35517,12280,2025-02-23T08:53:00
40958,15049,2025-04-12T23:59:31
27885,82363,2025-08-30T22:39:34
2275,42062,2025-03-12T02:18:18
29960,44934,2025-08-25T00:55:13
14403,81555,2025-08-25T13:42:07
38587,10003,2025-08-27T18:05:01
14158,86645,2025-06-18T08:39:38
3151,89517,2025-05-29T02:35:27
46477,28830,2025-01-03T15:38:21
27874,53976,2025-02-16T09:18:41
11035,47321,2025-01-15T19:16:21
16330,62209,2025-05-03T22:24:41
47056,75064,2025-10-13T21:06:18
21166,36235,2025-03-22T06:16:11
26754,52531,2025-01-08T03:47:45
41646,67520,2025-06-29T23:03:07
16288,8601,2025-09-04T12:39:51
23453,91467,2025-04-18T04:05:29
47546,50056,2025-10-25T11:18:26
11624,34591,2025-03-29T02:21:09
727,79079,2024-11-27T18:44:59
28237,99857,2025-01-24T15:41:38
30117,58888,2024-11-30T01:56:11
33119,77721,2024-12-30T03:34:36
21533,10246,2025-02-13T05:36:04
28436,18071,2025-11-06T02:13:20
21967,28213,2025-03-15T03:50:56
30211,84874,2025-05-18T16:45:06
2473,67696,2025-01-19T01:08:31
8592,20112,2025-05-31T03:50:18
31484,97012,2025-08-24T06:24:04
720,91088,2025-01-31T14:03:02
22515,95057,2025-04-20T12:51:12
19964,20732,2025-08-02T20:59:05
47373,52216,2024-12-14T12:18:04
39472,7114,2025-06-10T00:48:14
40903,8032,2025-10-07T18:39:43
24849,23551,2025-02-01T21:19:47
27289,14981,2025-08-09T11:34:09
15184,46250,2025-05-27T20:32:48
37450,20128,2025-10-03T00:49:30
30529,4985,2024-12-02T08:34:44
4652,95693,2025-01-05T07:44:23
18522,95340,2025-01-03T12:32:10
1881,46698,2024-11-21T15:58:23
43488,45037,2025-02-03T01:55:28
43924,69055,2025-09-11T08:36:58
34282,29471,2025-01-09T06:55:24
38559,70095,2025-09-18T16:07:50
41906,87451,2025-04-24T02:19:32
22792,55697,2025-08-15T18:06:03
31364,17091,2025-04-24T10:53:49
32222,23476,2025-05-30T00:53:36
41924,73124,2025-04-28T18:20:10
47883,23921,2025-04-27T04:10:03
48727,82419,2025-03-19T05:05:16
33723,97037,2025-01-29T06:54:43
2704,50463,2025-09-19T06:37:35
11457,42107,2025-11-04T09:50:59
10790,30182,2025-01-06T18:00:01
14931,86260,2025-04-05T11:19:05
25365,37450,2025-03-29T11:17:47
36924,8881,2024-12-09T20:40:45
40802,14864,2025-05-24T14:16:59
5228,27807,2025-11-01T23:47:32
4304,41486,2025-01-10T08:33:07
36918,55879,2025-06-16T15:44:03
1542,38896,2025-03-09T17:45:06
45701,20163,2025-02-04T11:37:37
48484,27631,2025-01-25T05:11:22
9805,20115,2024-12-20T04:48:28
12504,52520,2024-11-21T20:44:21
8214,68578,2025-04-23T01:17:33
40018,71296,2025-04-11T14:22:44
26880,73825,2025-08-03T12:36:13
38107,69418,2025-10-31T23:24:50
23188,71533,2025-04-07T04:35:00
33263,24143,2025-09-17T11:12:00
41606,96514,2025-08-15T10:22:10
6076,73361,2025-01-03T17:56:30
43256,14675,2025-10-30T12:08:37
14091,907,2025-07-25T04:53:43
3675,67515,2025-05-17T05:21:48
42753,54272,2025-08-24T10:20:12
46657,37287,2025-08-01T05:07:46
4017,37653,2024-11-13T16:45:37
46659,51817,2024-11-18T12:31:05
44684,57202,2025-04-27T10:46:27
25547,83781,2025-07-07T19:24:33
44032,56048,2025-08-06T11:51:02
11114,81957,2025-06-10T00:43:15
26334,69089,2025-09-04T12:24:48
12388,71692,2025-01-17T22:00:54
29410,81076,2025-03-01T22:35:19
31570,49578,2024-11-21T15:11:21
46731,40146,2025-11-02T10:55:36
33521,14877,2025-07-09T23:07:57
32532,25241,2025-03-19T11:16:27
21576,52372,2024-12-08T11:19:16
38658,57930,2025-10-17T09:35:52
28827,22269,2025-10-20T14:52:11
17541,32858,2025-04-29T23:18:23
2313,24817,2025-10-25T09:46:47
21342,87195,2025-07-17T08:36:15
28303,66579,2025-02-22T03:41:39
5736,3200,2025-04-06T01:27:53
41649,86406,2025-09-19T10:07:52
378,82953,2025-05-01T14:40:26
29789,18923,2025-06-23T22:41:10
19658,85988,2025-10-26T17:09:42
46800,55681,2025-09-18T02:34:48
32745,62835,2025-08-09T01:05:11
48161,43639,2025-08-04T07:59:02
4082,58115,2025-08-09T09:17:03
42855,7290,2025-01-18T12:04:47
10537,63657,2024-11-21T02:19:29
12847,94578,2025-02-10T23:49:00
19662,56715,2025-02-11T23:43:12
38596,28040,2025-07-14T04:19:39
30948,17401,2025-09-10T02:02:27
46886,66214,2024-12-02T00:02:33
40517,7300,2024-11-23T23:08:47
45762,24861,2025-02-27T18:24:33
18890,83250,2025-04-19T23:46:55
19280,10084,2025-07-03T19:07:15
24017,78568,2025-02-09T18:13:31
29967,12094,2025-07-29T20:50:53
9528,82755,2024-12-12T13:05:32
45506,54230,2025-03-31T16:15:24
34736,9502,2025-07-10T05:41:28
34802,57040,2024-11-08T09:53:05
4429,41526,2025-10-18T11:13:47
25048,71912,2025-07-27T21:42:39
35756,60155,2025-04-28T15:29:13
31995,83252,2025-05-09T23:07:54
45860,36445,2025-04-14T22:27:11
40278,27011,2025-06-10T07:32:14
44203,91092,2025-02-09T01:29:56
34685,38547,2025-07-17T19:21:06
35328,87336,2025-11-03T13:25:37
24130,10542,2025-03-29T03:15:39
38559,16966,2025-02-17T19:40:39
28868,87447,2025-10-07T01:25:59
2270,25234,2025-03-28T00:46:00
45335,35795,2025-05-23T17:29:22
1383,64145,2025-03-30T21:13:59
9101,11183,2025-05-19T04:09:43
36418,31254,2025-02-05T05:01:32
26653,13836,2025-05-13T15:02:52
17246,78791,2025-03-05T13:33:55
37072,59586,2025-07-01T23:37:03
5703,54769,2025-02-04T14:36:27
31444,3591,2025-01-23T07:56:09
33349,97717,2024-12-21T04:47:51
12360,33233,2025-01-23T20:38:38
30014,86052,2025-03-02T03:11:31
25929,95068,2024-11-28T14:44:05
45527,68099,2025-06-22T17:22:57
24049,19692,2025-06-12T10:31:51
38273,312,2025-04-06T17:14:40
46179,46539,2025-09-08T01:46:26
21234,69244,2025-07-30T11:54:42
27425,6103,2024-11-21T22:04:15
8496,38036,2025-06-17T19:21:54
17320,60497,2025-05-31T02:13:10
7155,67335,2025-11-03T00:39:19
9734,12323,2025-02-10T02:55:37
32222,99209,2025-05-25T06:01:48
5046,82408,2025-08-19T08:53:49
30062,67427,2024-12-10T05:49:10
12714,59251,2025-03-03T02:33:13
30233,86956,2025-10-30T02:50:02
48301,47294,2025-08-12T02:27:45
38844,25842,2024-11-24T22:59:24
32220,38153,2025-07-08T23:16:06
5470,35873,2025-08-16T04:47:58
49378,44283,2025-04-25T08:52:34
14281,18272,2025-06-23T20:52:30
10665,69613,2025-10-14T23:03:25
28265,43403,2025-04-10T06:55:30
1874,45830,2025-04-29T21:18:26
37410,55476,2025-05-18T08:54:34
26793,45656,2024-11-21T12:11:22
46669,20574,2025-02-03T18:52:46
16831,68301,2025-03-27T17:06:42
12800,702,2025-06-15T09:28:43
19714,15484,2025-10-02T15:07:55
15929,20577,2025-05-25T06:59:25
17015,68665,2025-09-12T20:52:36
24645,77746,2025-08-11T08:55:31
31574,23521,2025-07-09T06:38:34
45994,28386,2025-01-29T04:31:29
21896,53760,2025-04-12T00:16:32
14244,26177,2025-01-13T06:34:08
3027,39261,2025-07-20T05:01:48
39333,38511,2025-10-17T14:49:09
47768,25271,2024-12-04T12:01:57
47853,69109,2025-03-22T01:12:48
12282,36797,2025-06-25T13:08:30
44129,50085,2025-05-09T14:58:04
23003,9877,2025-03-26T08:46:22
24240,72686,2025-06-17T16:57:26
24894,34780,2025-09-05T14:07:38
3572,41216,2024-12-18T17:30:29
1511,78301,2025-05-23T14:56:19
33900,98479,2025-09-16T11:27:24
29525,40426,2025-08-30T19:30:03
18490,37725,2024-12-07T12:03:17
49250,65200,2025-08-06T01:54:12
40503,57018,2024-12-19T22:56:26
13603,83945,2025-09-02T15:40:17
3242,24654,2025-03-04T15:07:54
11974,72990,2025-04-04T01:15:40
20494,3358,2024-12-16T08:07:45
45583,72293,2025-10-25T00:45:07
24110,95362,2025-09-18T09:04:43
7269,88722,2025-03-29T07:07:20
5992,84868,2025-01-13T14:58:55
28145,6158,2025-10-29T21:08:09
34290,30729,2025-04-26T20:22:21
13550,47356,2025-06-07T20:04:51
25135,54940,2025-07-18T08:24:40
40888,31564,2025-10-03T22:09:18
31559,88568,2025-08-31T03:17:55
40086,75447,2025-07-17T17:36:42
31535,34541,2024-11-09T19:28:38
48422,2171,2024-12-14T06:49:17
40218,88558,2025-05-16T12:47:33
18113,14034,2025-09-20T07:40:03
38835,18943,2024-11-20T02:58:21
31451,55654,2025-03-26T10:40:10
36390,73594,2025-03-22T03:32:29
31833,98821,2025-01-27T16:50:55
6398,21511,2025-04-02T05:23:51
35290,39104,2025-05-13T03:39:41
30833,2202,2025-03-03T10:26:39
43503,52370,2025-09-12T21:24:01
18692,10846,2025-01-12T19:55:30
15321,1903,2024-12-15T13:13:17
43379,77677,2025-06-15T01:03:10
47803,7524,2025-10-10T21:21:45
34257,44356,2025-06-25T11:22:51
5474,59643,2024-11-23T12:05:17
29307,31219,2024-12-05T12:06:18
43923,62447,2025-06-23T22:19:48
42365,201,2025-01-14T07:52:55
25062,22150,2024-12-23T09:24:36
40576,78828,2025-03-06T19:41:09
20516,98881,2025-08-12T02:55:45
49148,34857,2025-05-06T04:21:57
30035,30079,2025-04-09T11:46:26
16356,37801,2025-10-18T03:00:01
22116,81226,2024-12-15T20:15:17
5546,90526,2025-04-03T03:42:46
12508,3796,2024-12-24T09:26:34
39505,46495,2025-03-06T15:20:21
5137,56212,2025-03-26T16:45:41
32244,14647,2025-01-31T03:19:09
42228,13459,2024-12-14T10:49:17
16644,39382,2025-08-02T03:06:45
6219,26069,2025-06-10T23:43:45
3502,5153,2025-01-23T08:30:43
46399,97041,2025-04-17T14:05:04
9316,3275,2025-09-03T18:31:18
38388,24248,2025-05-28T03:47:06
10591,63974,2025-06-12T15:09:12
28101,73395,2025-06-27T20:53:09
8368,61256,2024-12-03T04:03:05
13522,92898,2025-04-03T02:10:56
48934,99083,2025-08-03T07:13:09
36535,7791,2025-02-15T02:39:26
21797,41378,2025-10-13T14:18:02
42145,88574,2025-01-27T18:44:17
34896,42794,2025-05-27T17:00:57
8083,29368,2025-05-10T07:40:10
38319,31787,2024-12-12T08:43:34
12463,4799,2025-01-06T22:05:04
23533,99789,2025-05-12T20:31:35
21301,41424,2025-05-08T11:19:34
24603,9439,2025-07-08T12:43:47
15388,45630,2025-05-30T09:27:05
10100,62189,2025-04-01T00:24:12
29358,70571,2025-08-30T02:35:05
10466,41778,2025-08-18T03:42:23
30110,52674,2025-09-26T04:45:33
33198,36569,2025-01-29T12:55:11
1562,6637,2024-12-15T02:37:18
41555,14907,2025-05-27T18:00:34
15917,65321,2025-02-08T04:32:55
36776,85139,2024-11-22T05:38:02
35759,88447,2025-09-01T00:10:39
296,12730,2025-07-25T08:18:00
39191,79441,2024-11-08T10:39:56
3548,49431,2025-05-30T00:15:43
40413,88655,2025-01-02T19:49:10
22126,45115,2025-06-02T00:29:47
682,6535,2025-09-02T10:13:13
8556,36685,2025-03-12T05:56:49
33576,70552,2025-10-20T08:52:35
14551,37808,2025-05-25T12:28:45
35604,78664,2025-04-02T01:33:31
18945,24171,2025-08-31T16:52:58
32377,40976,2025-03-28T10:22:17
8934,51325,2025-06-04T14:58:27
11384,64221,2025-10-25T21:43:33
31728,58917,2025-02-02T11:51:56
35036,46394,2024-12-18T11:25:31
26822,77506,2025-10-08T03:15:14
15543,32596,2025-03-26T04:15:41
29236,43204,2025-08-30T05:03:22
31190,462,2025-06-06T06:18:28
37456,53520,2025-02-06T08:43:47
5290,10828,2025-01-03T18:53:23
24361,88018,2025-09-27T02:11:03
36056,27021,2025-07-01T12:13:58
35908,76225,2025-07-13T02:02:18
41968,90016,2025-10-12T17:46:44
42672,36016,2025-10-01T18:44:01
48987,11652,2025-10-26T22:05:27
27275,54141,2025-05-28T18:29:35
17088,61287,2025-06-17T15:36:36
31926,3535,2025-02-24T13:31:11
48054,31291,2025-10-30T09:35:02
27800,75368,2024-11-12T01:22:38
10510,51717,2024-11-24T12:31:47
29643,67545,2024-11-18T23:31:27
44212,17183,2025-03-11T06:20:06
37471,18328,2025-10-30T22:32:55
22710,43221,2025-02-24T03:00:23
21676,2893,2025-03-24T16:24:03
3343,83537,2025-02-02T09:13:39
43431,35550,2025-02-22T20:39:48
47888,18925,2025-09-10T08:39:31
31248,80791,2025-03-09T08:57:24
27339,5058,2025-07-27T13:24:42
2717,6954,2024-11-22T18:25:03
23810,19855,2025-09-28T16:28:11
8380,27431,2025-10-27T06:08:16
25318,51466,2025-05-24T19:27:32
34386,16811,2025-01-24T22:41:52
24767,61218,2025-06-20T23:39:41
43153,4129,2025-03-08T09:04:46
25377,66117,2025-08-30T09:20:48
37615,15411,2025-07-09T13:19:22
39011,80145,2025-03-23T03:42:45
44659,50585,2025-06-19T16:57:28
45822,74383,2025-01-12T12:39:43
28290,860,2025-02-11T21:24:42
29964,61941,2025-08-28T23:53:35
26865,15040,2025-04-08T11:18:57
40247,98749,2024-11-20T02:49:55
4547,34081,2024-12-13T13:22:16
137,94431,2025-05-12T18:08:28
29100,12111,2025-02-24T01:01:54
8758,15002,2024-11-16T01:48:00
26010,24184,2025-05-19T03:05:56
8362,65646,2025-05-13T18:14:57
5065,88226,2025-05-13T03:03:39
48330,14210,2025-01-19T12:30:11
37037,84908,2025-05-21T02:16:26
35037,94878,2024-12-03T14:48:21
43036,6386,2025-01-31T21:00:06
21584,64876,2025-09-06T03:09:48
22933,55097,2025-05-22T20:57:12
36380,71099,2024-11-29T08:55:17
7301,91892,2025-08-25T04:24:40
49663,49986,2025-06-15T06:25:25
21526,18504,2025-06-13T09:01:58
8674,99841,2025-05-25T06:42:19
6488,46094,2025-03-13T08:38:34
45514,67352,2025-05-29T04:25:15
16783,88816,2025-10-09T19:49:04
29488,16724,2025-08-28T17:44:23
49519,22432,2025-04-28T23:28:24
9391,15764,2025-05-23T19:01:36
29772,21681,2025-06-20T21:37:44
4038,80855,2025-04-02T13:52:10
36386,30599,2024-12-31T00:19:45
3702,63634,2025-04-10T14:21:47
9826,24175,2025-05-01T23:58:16
11808,1309,2025-02-04T21:29:19
9278,66019,2025-04-14T09:21:14
34680,48272,2024-11-16T07:31:17
33578,73234,2025-06-22T21:26:13
23748,37940,2025-06-10T14:59:25
18601,73694,2025-07-02T11:51:27
18633,55797,2025-01-19T17:41:48
31149,39453,2025-01-24T19:09:11
10711,11558,2025-10-19T18:08:20
12176,59157,2025-04-16T04:31:16
48992,43799,2024-11-12T09:56:34
8366,47991,2025-04-28T22:11:08
23156,49858,2024-12-18T23:38:54
6673,82275,2025-09-27T03:15:22
37743,76764,2025-05-27T16:27:41
10918,98740,2025-07-05T19:29:00
5223,46714,2025-06-09T01:17:46
7058,91098,2025-08-21T11:28:46
43372,84181,2025-05-20T06:25:57
29428,92380,2025-05-06T22:54:01
30390,2989,2025-03-18T14:23:13
1979,59206,2025-02-25T22:39:57
28084,45732,2025-02-13T14:34:22
8760,13894,2025-05-09T04:51:55
21959,77535,2025-04-26T14:50:11
10992,68407,2025-04-16T08:10:19
6790,2760,2025-07-17T23:14:56
36800,64794,2025-03-28T18:29:27
41989,73497,2025-04-26T18:50:55
112,72788,2025-09-28T07:28:46
45737,49583,2025-07-22T17:37:02
31977,88044,2025-03-13T04:43:18
49354,77157,2025-01-05T08:45:50
13216,94314,2025-01-18T01:31:39
30605,64255,2025-06-10T18:42:46
29369,78595,2025-03-29T02:19:16
23620,35299,2025-10-24T06:38:44
46742,86389,2025-05-02T07:23:14
3703,82071,2025-01-09T08:00:52
9897,22418,2025-04-17T12:02:04
23692,76863,2025-07-05T23:27:28
428,25877,2025-03-15T07:20:26
6805,13303,2025-08-23T01:09:44
18522,77493,2025-03-23T13:26:28
37248,96347,2025-08-31T22:52:30
23814,58267,2025-04-24T21:36:56
33941,94472,2024-12-21T23:50:09
19923,20320,2025-06-01T18:36:19
4996,75413,2024-11-27T20:17:58
22995,66730,2025-10-05T18:59:32
1311,45550,2025-04-22T12:37:18
47731,23188,2025-08-18T18:53:58
4149,59843,2025-03-10T00:56:35
42197,26496,2025-05-05T02:57:13
31907,75724,2025-06-29T03:52:02
35546,82389,2024-11-07T08:34:35
23084,62299,2025-05-10T02:42:08
41473,57278,2025-05-21T06:09:05
2600,48185,2025-03-09T12:03:06
12886,71367,2025-06-10T18:55:45
27228,83846,2025-08-06T16:59:25
38346,27564,2025-07-18T04:23:46
47018,57072,2025-03-25T21:35:12
6228,47816,2025-03-08T02:57:17
4458,65252,2025-06-25T12:29:40
33419,923,2025-02-23T19:31:07
31589,74472,2025-02-14T15:26:15
27188,45871,2025-03-22T00:50:30
46363,73899,2025-06-08T12:55:52
34545,52324,2025-03-23T20:21:56
26695,98711,2025-09-03T14:21:23
8106,20222,2025-05-17T19:04:45
13421,9695,2024-11-12T23:39:03
48466,87363,2025-03-09T16:29:34
44521,42254,2025-05-07T06:10:31
32907,18518,2025-06-01T16:07:16
26034,6745,2024-11-20T01:43:05
24288,62197,2025-06-18T06:30:23
17349,80099,2025-03-03T15:12:09
42816,75958,2024-12-12T13:16:21
5217,42483,2025-10-23T00:04:19
14660,95387,2024-12-13T07:26:00
29412,72317,2025-09-23T11:47:35
24075,34194,2025-01-05T02:49:43
31738,79249,2025-02-10T23:47:35
22073,42876,2024-11-28T14:06:23
41939,80186,2025-02-09T12:47:22
38936,65906,2025-10-03T07:49:57
31441,20271,2025-02-28T01:57:50
40577,7189,2025-04-23T14:09:24
35712,19135,2025-07-19T11:19:22
4418,50304,2024-11-16T01:04:38
49982,47251,2025-05-29T21:05:00
26685,17860,2025-06-02T05:04:46
46216,83570,2025-08-17T14:25:24
3390,81434,2025-06-09T06:06:11
41152,55011,2025-07-27T01:59:16
28775,75900,2025-04-15T21:54:19
19163,40907,2024-11-28T03:13:03
22310,75450,2024-12-07T04:36:07
14598,1657,2025-06-26T05:36:47
25892,36044,2024-12-17T08:11:06
39514,78093,2025-08-05T07:28:58
22821,46736,2025-05-26T08:21:37
18730,91819,2024-11-17T18:27:08
9734,4570,2025-05-03T22:09:25
30629,975,2024-12-03T18:05:50
10394,23439,2025-07-24T16:51:42
34123,5833,2025-08-04T06:07:40
39917,85402,2024-12-06T23:24:54
24406,74581,2025-04-23T12:32:18
35067,64972,2025-10-07T08:25:38
11759,35024,2024-11-26T04:15:03
23731,21498,2025-04-30T19:18:02
42484,55267,2024-12-26T14:57:11
43166,86177,2024-12-10T09:09:13
28004,96253,2025-07-11T11:00:06
23593,29291,2025-02-05T16:11:45
27289,37163,2025-01-12T00:56:28
3338,27534,2025-03-06T23:45:34
3076,91332,2024-12-12T04:41:27
40640,58284,2025-10-07T19:31:18
32543,19084,2025-03-19T18:49:01
38357,43840,2024-11-15T22:36:06
47868,80771,2025-03-13T13:54:09
31511,82876,2025-10-11T10:03:45
48942,68117,2025-05-16T12:25:16
20035,98650,2025-10-25T01:42:40
25344,98130,2025-08-11T08:43:15
15333,2155,2025-09-14T07:42:44
41459,81428,2025-03-12T04:18:34
19666,72070,2025-09-23T22:13:53
29633,75906,2025-01-26T14:26:09
1205,82164,2025-06-21T23:43:31
37212,80794,2025-05-15T05:34:12
450,3803,2024-12-07T16:50:46
4332,42939,2025-01-28T22:25:33
41123,46447,2025-08-30T21:14:58
48913,74405,2025-06-06T20:23:03
8409,79719,2025-08-15T18:42:44
23885,40817,2024-12-11T20:20:26
48650,55196,2025-03-17T03:46:49
25532,33009,2025-02-12T17:56:04
7057,82814,2024-11-09T02:12:45
24326,26405,2025-03-17T20:18:49
14576,45954,2025-08-18T00:18:35
26296,72688,2025-04-15T14:25:10
4880,23780,2025-08-02T02:00:29
3860,80276,2025-06-27T22:58:11
13014,8142,2025-04-13T03:01:37
47270,56149,2025-11-05T21:43:46
4035,99127,2025-01-14T08:13:32
46004,49561,2025-05-13T21:57:07
17524,55138,2025-07-13T10:42:30
28226,69105,2025-02-26T22:14:05
7561,26621,2024-12-02T19:15:10
21057,56417,2025-09-04T01:03:08
15059,10373,2025-02-03T17:25:46
45898,49009,2025-07-28T16:56:55
35042,85745,2025-05-03T08:32:38
5085,20401,2025-03-21T13:15:04
26243,14216,2025-03-31T23:17:02
14713,94572,2025-10-17T02:00:57
10841,86187,2024-11-19T07:47:24
9995,9827,2025-01-16T19:32:02
30971,44061,2025-10-12T14:06:36
44499,48620,2025-05-22T23:47:23
8051,3978,2025-06-06T11:54:34
21926,2297,2024-12-10T02:42:46
6108,81362,2025-06-13T12:35:50
9122,38014,2025-06-21T23:46:13
13323,85600,2025-10-26T03:28:10
23175,45798,2024-11-12T00:01:50
5018,98247,2025-09-18T22:12:16
15074,78854,2025-06-23T20:32:22
48989,83751,2025-03-20T18:43:34
49291,73394,2025-07-05T04:36:37
20851,26995,2025-07-07T01:57:45
33665,79490,2025-04-29T21:47:51
33877,6811,2025-07-01T12:23:41
35030,94870,2025-08-23T13:21:18
31538,15215,2025-04-13T17:36:31
33686,57533,2025-09-14T11:07:11
42463,48224,2025-07-05T02:12:24
43706,85669,2024-11-09T07:23:14
31383,43004,2025-03-31T10:15:43
30643,47760,2025-02-27T09:01:03
21042,77268,2025-08-14T09:16:00
36378,88258,2024-11-08T13:10:45
11589,5146,2024-12-11T17:50:14
12401,65543,2024-11-19T11:00:59
36527,46822,2025-03-27T20:07:04
18974,61958,2025-10-16T13:53:08
16278,22273,2025-01-13T18:15:27
8957,51905,2025-05-14T08:57:56
14507,26977,2025-08-28T20:02:22
23969,12911,2025-05-17T15:44:40
23350,57328,2025-09-25T07:31:41
19372,33577,2025-01-01T12:12:48
1140,44666,2025-06-14T11:25:05
18798,35983,2025-08-28T17:33:11
49420,50987,2025-08-31T07:42:39
35914,16676,2025-02-20T13:10:27
10529,36875,2024-12-08T15:57:09
3793,83450,2025-06-12T05:29:47
48975,49060,2025-07-20T17:50:24
14599,96553,2025-03-31T13:58:34
8840,48684,2025-05-30T12:44:19
26536,45503,2025-06-19T13:11:09
7004,67718,2025-08-27T19:07:47
31642,83932,2025-01-12T00:17:20
47392,1961,2025-05-25T05:18:07
232,17511,2025-04-26T18:09:42
7697,16884,2025-05-27T05:41:19
31421,20103,2025-06-01T00:05:51
3117,15151,2025-05-13T02:06:00
48070,38031,2025-08-20T09:45:30
734,7715,2025-08-10T07:12:00
42972,99572,2025-03-22T20:52:15
108,82071,2025-09-09T21:41:50
21323,95174,2024-11-24T11:12:00
11567,90311,2025-04-20T19:56:59
25983,51813,2024-12-15T00:14:48
5764,98272,2025-03-17T07:49:06
44107,25348,2025-05-25T02:52:25
10250,38983,2025-11-05T04:07:54
7220,5193,2025-05-26T10:12:48
35589,10688,2024-12-27T02:05:41
23986,91700,2025-01-03T10:37:56
6969,54693,2025-03-08T01:39:31
17016,28542,2025-06-22T02:53:58
16182,62346,2025-10-20T10:13:43
36030,85547,2025-02-19T19:50:08
26789,65487,2025-02-07T11:21:26
41217,28292,2024-11-21T20:10:49
45308,6239,2025-03-22T06:01:49
31544,30229,2025-02-28T11:56:44
12041,52708,2025-09-01T16:15:25
38128,779,2025-04-28T06:52:22
33490,14644,2025-02-10T20:12:49
13160,27275,2024-12-29T23:09:24
356,16145,2024-12-22T02:08:01
49852,90302,2025-10-06T06:14:52
32046,9227,2025-04-16T12:33:36
16265,98087,2025-10-12T19:26:12
520,51546,2025-05-20T06:51:50
28009,63795,2025-09-17T03:38:35
28322,65948,2025-08-09T02:54:06
13792,92167,2024-12-19T07:55:08
12297,35221,2025-09-21T05:28:39
10780,17235,2025-02-08T08:34:49
31390,42248,2025-10-28T06:49:12
20990,70799,2025-06-26T08:36:49
28026,31575,2025-03-20T04:18:03
41309,50407,2025-06-13T13:53:45
7315,11463,2025-03-29T12:42:26
35784,15281,2025-06-15T13:29:07
42828,95079,2025-03-08T09:12:34
31732,19132,2025-04-10T07:59:08
3967,62961,2025-10-05T07:24:30
46259,79391,2025-07-28T08:48:31
42387,95118,2025-03-16T20:09:09
43966,90241,2025-02-10T23:27:25
29939,96484,2025-09-28T00:39:15
25144,52690,2025-06-06T23:39:33
20848,40729,2024-12-27T23:43:20
6468,26888,2025-02-04T04:50:14
31220,92080,2025-09-27T06:06:58
10652,51102,2025-03-22T12:28:05
8020,59356,2024-11-15T09:53:54
4054,56068,2025-06-15T17:36:18
20654,43927,2025-02-01T08:15:06
33953,1399,2025-04-20T10:40:10
5697,54049,2025-03-14T06:43:15
33673,12587,2025-07-14T13:04:33
48934,18980,2025-05-13T20:04:30
37906,83762,2025-06-20T15:25:28
1199,34961,2025-04-03T23:47:26
31403,93921,2025-10-20T12:56:57
20363,25745,2025-05-18T17:14:25
5991,77281,2025-07-04T02:25:31
1523,98082,2025-02-19T10:50:21
23191,42327,2025-08-07T00:48:20
40051,93137,2024-11-24T13:02:14
38565,20435,2024-12-17T20:17:13
28094,83838,2025-03-14T16:22:41
3816,68777,2025-01-11T03:24:36
49747,36899,2025-08-01T09:26:54
48143,64887,2025-06-17T22:56:24
37203,95455,2024-12-19T03:21:13
722,88810,2025-03-05T12:26:20
23897,78718,2025-07-16T11:10:21
6824,29319,2025-01-19T11:42:34
39501,13915,2024-11-10T06:48:36
20124,431,2025-07-08T19:18:38
34849,67616,2025-05-26T08:48:12
6656,24628,2025-05-22T17:51:35
16309,78817,2025-03-02T16:19:14
1451,90913,2025-10-19T13:44:49
44793,96865,2025-04-11T20:27:22
16183,4509,2025-07-03T19:41:54
17165,31540,2025-06-22T16:09:18
26720,63945,2025-07-11T09:50:44
20724,83922,2025-04-16T07:13:45
46960,41854,2025-01-24T00:19:27
16922,28142,2025-07-15T00:32:35
26778,12073,2025-01-28T16:08:49
37955,25421,2025-10-15T07:59:14
47360,84898,2025-01-28T22:20:25
4321,83500,2025-02-03T13:12:11
41165,34433,2024-11-13T21:22:30
5464,38176,2025-07-12T01:24:51
14818,53834,2025-05-10T14:52:20
20601,60867,2025-02-11T11:32:38
5174,37614,2025-01-19T17:27:55
15696,55283,2025-08-05T17:43:42
21877,61154,2025-05-05T14:37:58
42681,99485,2025-08-30T00:26:17
8659,76195,2024-11-10T06:15:19
9204,48775,2025-08-16T04:51:49
21711,10958,2025-05-24T08:22:47
25730,2674,2025-03-28T15:25:32
16784,43496,2025-02-19T15:09:45
45053,48947,2025-06-13T07:43:24
22134,53524,2025-02-03T19:52:33
16391,15257,2025-06-01T12:00:54
44578,88963,2025-06-11T08:41:03
17275,64680,2025-09-24T19:39:31
38061,86894,2025-03-21T04:23:39
12371,36691,2025-05-31T18:52:25
570,46659,2025-05-15T16:57:37
35953,36056,2025-02-23T20:33:36
29662,82423,2025-03-12T04:40:46
46911,57459,2025-02-28T10:48:44
12453,43467,2025-03-10T19:23:05
45812,69742,2025-08-11T02:57:53
2293,32479,2025-07-29T02:37:29
2418,6477,2025-06-10T16:48:46
2328,2277,2025-02-25T04:11:20
23165,61481,2025-08-08T07:57:25
20606,85621,2025-10-03T01:27:15
23468,99948,2025-04-18T01:39:59
28108,21354,2025-10-09T07:53:34
35221,92935,2025-05-24T02:44:32
43423,20056,2025-10-08T11:59:15
16568,30468,2025-08-21T08:01:21
5891,22407,2025-07-31T20:28:20
2388,61756,2025-04-21T09:15:03
5592,27416,2025-03-05T10:15:14
28298,62526,2025-03-05T13:04:23
48849,7401,2025-07-29T03:11:00
37067,27644,2024-11-15T03:06:35
34696,99495,2025-02-09T00:06:38
12423,98456,2025-05-31T18:17:29
14603,89288,2025-04-22T01:37:09
37609,60057,2024-12-27T23:11:55
48117,47876,2024-11-08T04:24:59
40143,65591,2025-07-10T15:48:45
36782,51786,2025-10-22T23:51:38
3095,40823,2025-08-16T04:20:26
45808,90633,2025-05-13T07:49:05
27031,84117,2025-02-09T04:53:54
18885,52747,2024-12-03T22:39:26
42641,65503,2025-02-03T17:36:06
41070,64715,2025-03-02T19:14:26
17537,9376,2025-09-18T10:36:01
17550,87699,2025-04-07T12:40:03
36160,61595,2025-02-04T04:15:39
14207,54155,2025-05-31T09:08:33
3294,88437,2025-05-18T00:05:55
48787,18539,2025-05-31T23:52:05
6552,75290,2025-09-25T10:51:15
48168,21068,2024-11-26T18:29:07
33475,41288,2025-06-16T22:17:57
452,99247,2025-03-05T20:26:44
31647,65430,2025-03-02T19:06:24
26834,99518,2025-09-05T07:50:57
14604,78874,2025-10-01T16:49:38
28259,77182,2025-02-14T07:01:13
9950,88674,2025-05-07T13:30:57
31339,60117,2025-03-09T01:29:36
27097,99087,2024-12-28T22:15:40
32573,93525,2025-06-08T07:57:48
34845,2537,2025-08-26T08:00:16
32908,916,2025-09-19T00:33:16
18835,48988,2025-10-15T11:37:05
24969,79749,2025-04-01T01:37:54
46191,9551,2025-08-23T17:01:13
3042,55839,2024-11-17T08:58:24
37624,23622,2025-10-03T19:42:40
39483,6904,2025-03-24T14:43:03
48468,2023,2025-09-04T12:58:02
44483,6979,2025-03-04T00:09:36
28652,87154,2025-03-08T04:07:47
25880,21263,2025-09-23T17:27:19
19172,39708,2025-09-29T00:30:38
26947,10995,2025-05-27T07:55:17
22560,62868,2025-02-09T00:15:35
27307,33240,2025-06-13T21:36:53
43144,9959,2025-08-29T02:59:57
17765,38829,2025-06-18T17:24:58
20712,27200,2025-03-12T07:46:09
3122,63112,2025-02-07T15:54:48
21549,40310,2025-06-25T09:36:26
46721,46823,2025-07-01T01:48:03
27173,29570,2025-06-05T23:40:05
49893,97787,2025-03-22T19:49:36
7289,61425,2025-10-25T04:10:18
19302,36919,2024-12-18T16:53:43
17914,61037,2025-02-19T13:57:04
19901,65838,2025-01-08T23:17:41
172,68053,2025-07-22T19:46:05
36297,19576,2025-03-19T09:52:08
25994,31435,2024-12-19T20:40:33
13287,37219,2025-03-09T20:16:24
19449,6386,2024-11-16T00:36:57
7622,97137,2025-04-27T21:21:52
26753,22528,2025-05-17T02:34:14
27247,3266,2025-06-07T01:02:17
48346,66690,2025-04-15T04:09:10
1611,95500,2025-01-16T15:55:18
46911,82216,2025-09-28T23:00:58
28659,61277,2025-06-26T19:40:46
20745,4949,2025-06-07T12:31:52
21343,92596,2024-12-08T14:40:40
12033,53338,2025-10-03T00:04:35
20278,81446,2025-01-08T00:09:51
27265,90737,2025-07-01T15:42:39
43288,35169,2025-03-03T10:27:05
42949,57573,2025-03-07T22:09:37
48882,7977,2025-05-24T06:59:22
44118,66652,2025-06-14T08:55:36
47893,11529,2025-10-01T00:55:06
11507,16684,2025-02-10T05:57:39
41787,74624,2025-03-15T05:13:19
26103,88016,2025-03-10T22:38:12
11630,53523,2025-03-31T14:58:59
47205,84866,2025-02-21T16:08:45
44822,35191,2025-11-06T09:23:36
2860,14492,2025-06-18T00:03:27
39838,70137,2025-07-30T09:54:00
24395,28913,2025-09-19T17:27:06
47651,50418,2025-07-09T11:04:36
17078,33208,2025-06-22T19:20:30
15227,42804,2025-07-18T08:19:38
489,37572,2025-10-17T19:31:28
17173,10860,2024-12-26T05:41:54
21978,48298,2025-06-30T09:55:42
13062,88622,2025-02-04T03:06:38
5595,51068,2025-09-23T06:25:30
24934,74936,2025-01-21T14:46:13
47207,6046,2025-09-05T18:21:47
49487,76941,2025-10-13T18:57:17
7304,9274,2025-11-02T09:03:26
1590,82505,2025-09-06T07:36:07
27036,18009,2025-02-20T12:51:10
46316,53161,2025-08-19T12:49:18
19726,55425,2024-11-15T18:39:14
19352,27696,2024-12-17T22:32:43
16359,85457,2025-06-18T01:42:38
43668,57552,2025-10-30T11:00:20
43516,31681,2025-06-12T02:59:12
23611,58807,2025-04-11T20:45:33
24235,91786,2025-01-08T23:42:07
18668,1810,2025-10-13T22:50:27
7207,72907,2025-02-23T04:44:48
41661,32993,2025-07-28T04:35:45
28940,9706,2025-06-17T00:58:21
35490,25660,2025-04-08T14:53:16
27682,70942,2024-12-13T03:28:28
36477,15492,2025-01-07T14:15:28
32776,44412,2025-03-04T02:17:40
34023,81935,2024-12-13T08:50:49
13369,16083,2024-11-17T14:25:19
21044,9884,2025-10-27T17:20:02
28449,61837,2024-11-11T15:23:44
13779,43643,2025-04-26T09:55:14
19147,3063,2025-01-08T12:12:36
43010,91953,2025-02-18T09:19:55
35666,45109,2025-10-29T18:06:04
31945,29331,2025-02-21T18:03:28
27280,4190,2025-10-05T15:32:29
42123,79652,2025-08-29T05:26:28
44843,34146,2025-01-14T01:12:31
19957,46516,2025-08-26T03:24:35
26296,97152,2025-05-09T12:11:52
37479,27058,2025-11-05T20:53:10
14150,2236,2025-04-16T19:43:43
19312,1441,2025-10-01T07:36:33
10152,25449,2025-04-26T03:12:58
19531,89445,2025-08-31T23:41:53
47532,83441,2025-10-11T04:53:17
47676,20309,2025-07-15T04:10:10
12379,80978,2025-08-20T19:29:02
19521,89477,2025-09-28T01:01:05
44358,73688,2025-05-07T12:58:21
2206,74461,2025-10-14T12:54:39
38938,30269,2025-04-16T15:30:36
26808,62903,2025-09-29T01:09:29
29936,93019,2025-06-26T22:03:46
21431,96501,2025-05-12T18:03:25
36698,33161,2024-11-13T03:41:20
47609,12821,2025-01-13T17:41:12
36361,38562,2025-04-17T08:22:33
633,98538,2025-04-17T00:27:46
2998,38337,2025-08-12T13:53:39
31693,25132,2024-12-12T18:41:29
31931,10861,2024-12-20T21:06:34
17831,30718,2025-06-22T15:50:57
49157,43969,2025-09-20T05:21:24
39867,51775,2025-08-06T22:40:03
15599,53470,2025-01-26T19:50:51
34285,326,2025-08-17T02:25:44
4200,23648,2024-12-28T01:36:13
7974,94212,2025-10-06T08:15:18
11105,8894,2025-09-23T13:38:27
21724,13145,2025-05-21T01:27:19
2837,78971,2025-10-26T20:31:13
25910,25845,2025-10-29T10:38:59
12280,32251,2025-09-14T13:06:50
18085,86780,2025-05-21T04:33:49
27908,81517,2025-02-10T11:25:24
36210,8338,2025-04-06T17:47:39
44913,21094,2025-05-03T00:55:38
14550,55552,2025-05-16T09:53:51
7624,79941,2025-03-27T09:24:18
45491,7792,2024-12-19T03:08:34
3079,64038,2024-12-12T11:01:45
12047,86621,2024-12-24T09:08:25
32001,58348,2024-11-27T03:30:55
26020,15198,2025-06-14T15:16:50
464,44762,2025-02-13T05:31:54
31813,45453,2025-03-14T02:24:59
6780,99012,2025-08-11T15:38:44
46638,58988,2025-04-17T15:47:58
2445,28918,2025-06-18T23:36:10
25642,98943,2025-10-07T07:47:56
5659,33121,2024-12-21T17:06:27
25237,88982,2025-01-17T05:42:09
24664,45565,2025-04-12T11:10:31
43240,53842,2025-07-24T20:50:59
49165,96189,2025-08-22T06:20:54
29702,18152,2025-08-16T04:49:43
49188,35466,2025-08-04T01:08:31
37371,6172,2024-12-26T03:00:07
14314,99555,2025-01-02T14:36:08
17948,30732,2025-02-22T12:11:54
8275,14754,2025-09-10T07:49:11
46283,59798,2025-01-20T16:32:31
32282,2718,2025-02-27T15:30:25
27349,55117,2025-05-08T14:25:47
38354,38897,2025-01-16T09:20:24
46221,62184,2025-07-15T11:32:57
3783,89556,2025-02-18T20:35:48
15829,68410,2025-09-12T17:43:25
10571,59855,2025-01-15T20:56:14
26329,7697,2025-06-25T12:38:44
11960,62565,2025-01-30T11:58:00
40036,61974,2024-11-20T19:30:48
2730,17580,2025-01-31T17:11:38
31881,37780,2025-09-09T06:34:15
48969,91410,2025-07-05T18:27:33
5374,88542,2025-09-22T01:31:00
41523,60408,2025-09-29T04:48:34
202,39801,2025-10-20T14:39:20
20925,45273,2024-12-28T04:53:33
17221,29129,2025-01-11T12:12:36
7500,61276,2025-05-30T05:47:14
38766,51132,2025-01-16T04:31:44
6705,88112,2025-08-12T06:02:55
4332,38985,2025-04-22T16:03:50
15810,2520,2025-06-02T15:17:45
12374,8272,2025-04-02T04:11:41
502,24864,2024-12-09T15:30:34
46309,15731,2025-05-02T09:08:54
37661,15702,2025-02-21T07:45:52
19127,71787,2024-11-30T21:47:15
23046,36559,2025-01-04T06:00:53
39255,51088,2025-08-22T10:51:43
14146,71063,2025-07-27T18:40:58
22659,9070,2025-07-28T21:15:08
9976,97078,2025-05-29T12:08:09
28286,13989,2025-07-02T20:37:59
18023,36660,2025-10-15T06:38:50
35551,88343,2025-02-15T14:01:12
41369,48421,2025-10-02T08:36:08
15752,46982,2025-01-03T11:31:36
7126,25394,2024-11-13T22:29:15
380,78696,2025-03-01T07:57:22
16833,40500,2025-07-29T08:08:03
32241,71521,2025-06-03T04:47:40
42163,80636,2025-01-05T18:20:42
6466,66895,2025-10-10T17:24:11
44953,2415,2025-08-28T00:13:15
33499,91001,2025-08-05T01:27:26
34400,61182,2024-12-27T01:40:53
30794,25832,2024-12-22T14:40:20
33470,88025,2025-06-22T00:18:23
25322,26553,2025-10-08T06:45:02
38129,9296,2024-11-19T23:57:06
48078,12156,2025-05-21T23:07:10
23361,11843,2025-08-22T11:46:55
7019,87851,2025-11-03T05:06:09
40486,29138,2025-10-12T18:59:23
223,63227,2025-04-11T10:04:17
16528,63466,2024-11-22T23:47:18
26093,58616,2025-03-29T04:12:38
4900,56709,2025-05-24T03:06:20
36558,26575,2025-07-02T19:23:32
6224,32179,2024-12-18T12:56:10
33702,61948,2025-08-20T06:45:44
36366,79998,2025-08-31T22:04:36
9347,88872,2025-09-21T08:22:33
48624,44052,2025-04-19T22:16:08
15695,48369,2025-10-08T15:26:54
4738,74164,2025-01-28T07:36:29
18283,24655,2025-08-16T16:28:22
25035,32161,2025-11-02T11:17:07
48931,86914,2025-01-13T19:35:57
36631,50753,2025-02-20T23:07:28
39461,68017,2025-09-30T21:44:11
37894,48334,2025-01-31T21:10:10
6864,66044,2025-09-22T04:28:38
42403,58838,2025-10-08T22:47:42
7037,60486,2025-07-20T10:22:04
36105,10644,2025-07-23T23:05:29
9551,20685,2025-09-10T22:31:12
6587,88570,2024-11-24T19:16:05
13163,8993,2025-01-19T20:16:52
26302,53096,2025-06-11T07:37:29
34366,72466,2024-11-08T21:00:04
6078,66515,2025-05-16T21:06:14
3160,67134,2025-10-13T02:29:47
40493,38750,2025-01-26T11:38:27
11051,42904,2025-03-07T20:36:55
11295,3825,2025-06-07T21:56:03
45747,56281,2025-03-24T04:14:33
29708,3935,2025-10-22T11:01:19
5967,34445,2025-03-16T05:06:39
22837,62038,2025-10-03T00:22:55
4714,30277,2025-04-05T13:04:52
12612,2860,2025-01-01T11:44:51
33588,85060,2025-01-31T09:50:06
37784,42137,2025-04-20T02:26:28
23101,5030,2025-06-02T19:24:28
47035,21002,2025-07-15T06:59:27
49670,52896,2025-03-13T09:47:07
11402,30246,2025-05-18T01:58:46
46487,22196,2025-05-19T11:57:40
11040,81448,2025-07-17T06:31:21
31339,69837,2025-04-24T22:38:04
21288,41562,2025-01-06T05:03:15
30804,74341,2025-05-12T11:17:31
40332,23944,2025-02-19T11:19:51
2283,76922,2025-01-10T03:45:58
17681,48662,2025-09-02T17:51:49
19861,76153,2025-06-01T02:26:57
40153,75813,2025-09-30T22:31:02
30931,69784,2025-03-02T13:48:54
27621,8954,2025-10-10T05:15:25
28400,37782,2025-10-12T10:40:57
39692,36528,2025-05-23T05:41:26
43751,17472,2025-09-23T11:06:21
46410,29586,2025-05-07T03:20:43
12659,96462,2025-05-15T17:34:38
31976,54225,2025-08-23T15:35:22
24900,77537,2025-01-19T20:30:43
39221,16414,2025-04-10T20:30:48
15549,77186,2025-10-09T21:28:55
21743,20542,2024-11-09T19:56:54
6804,2603,2025-02-02T12:19:05
4700,89477,2025-02-09T11:52:57
35906,35973,2025-07-14T13:54:46
3182,19879,2025-03-08T11:41:08
35255,65519,2025-09-08T03:47:41
35342,83078,2025-02-15T09:14:59
21504,96068,2025-07-21T21:53:43
28596,31683,2025-01-13T17:37:02
39279,36301,2025-02-23T14:43:39
37607,78839,2025-09-27T18:25:05
16095,97620,2025-08-25T15:24:28
17021,69613,2025-03-13T14:02:24
48043,97504,2025-03-09T10:32:40
40960,43438,2025-03-17T19:22:10
26938,73997,2025-06-20T23:16:20
6855,82627,2025-03-10T06:30:21
32115,17726,2024-12-10T23:18:37
38100,16984,2024-11-12T16:12:51
33629,31691,2025-03-04T19:58:57
8971,26537,2025-08-05T10:52:37
439,52966,2025-07-03T05:05:58
17889,11232,2025-08-06T03:24:17
44720,26938,2025-08-12T18:43:12
23578,7242,2025-08-18T14:56:32
32535,33328,2025-06-25T04:21:13
34098,48629,2025-07-31T08:47:49
5610,48108,2025-04-16T22:55:22
16596,15697,2025-02-26T09:19:03
42611,93782,2025-05-16T12:43:47
41297,95156,2024-11-13T21:00:02
7959,2981,2025-02-03T01:03:03
6966,52379,2025-08-21T18:34:41
24147,1271,2025-10-25T07:44:12
5826,10030,2025-03-13T04:11:42
31646,46297,2025-02-18T10:15:02
23031,28374,2025-09-17T16:54:48
31616,86245,2025-02-23T23:26:21
14643,81962,2025-04-20T00:16:32
16965,77615,2025-09-09T04:34:09
2488,19957,2025-10-28T18:45:32
49087,68972,2025-05-22T12:07:17
22694,16835,2025-05-01T10:19:30
39465,49471,2025-05-08T02:02:35
21614,58594,2025-03-08T10:54:40
282,61708,2025-02-24T21:55:19
2856,50519,2025-11-06T21:08:52
9948,84668,2025-07-24T22:55:13
9593,53300,2025-07-12T11:40:12
17995,41979,2025-01-02T02:00:19
27447,71017,2025-03-29T19:31:40
46634,64102,2025-09-02T19:05:03
43340,50519,2025-05-30T10:05:26
43081,72737,2025-09-12T22:46:25
48607,24039,2025-04-03T21:25:55
3674,99179,2025-07-24T00:31:25
34475,28028,2025-05-02T14:44:40
38853,87009,2025-02-28T02:30:19
31577,33936,2025-09-10T19:43:46
16031,67590,2025-04-12T14:05:21
6835,63946,2025-07-29T06:48:51
10911,34809,2024-12-24T06:08:56
17368,73987,2025-07-08T06:04:25
17622,22984,2024-12-16T00:23:17
4985,20218,2025-03-04T19:13:01
40863,38612,2025-01-09T11:45:42
49128,78133,2025-10-10T20:16:40
16494,53022,2025-08-16T18:24:02
30519,80312,2025-06-13T03:06:47
6013,62784,2025-02-13T07:56:33
20051,11272,2025-05-27T08:03:29
10691,47506,2025-03-19T08:15:03
34322,23217,2025-11-03T16:03:05
19027,55413,2025-06-15T12:59:42
33371,82911,2025-04-09T06:57:05
13902,63530,2025-09-15T05:55:27
40221,54274,2025-08-08T11:07:23
32606,76025,2025-04-11T20:46:03
46815,59677,2024-12-11T20:52:31
38218,13410,2025-07-31T07:50:14
21009,89653,2025-10-05T21:39:47
2375,79932,2025-06-13T20:42:01
48806,97841,2025-05-07T14:37:02
4640,93671,2025-01-17T00:30:54
31058,56452,2025-01-07T21:38:11
19764,46076,2025-03-27T03:07:58
44328,31232,2025-09-21T00:47:12
18013,28031,2025-05-08T04:11:20
22699,3976,2024-11-19T22:28:23
6496,95750,2025-03-30T22:59:13
29030,66076,2025-05-03T05:55:33
25979,56755,2025-07-24T09:40:53
18791,8939,2025-01-19T01:15:48
33280,39058,2025-09-04T23:47:59
39548,26483,2025-06-24T08:53:30
8835,59757,2025-08-13T17:01:23
46543,11060,2025-01-26T05:18:48
44694,37165,2024-12-31T14:14:31
39955,58306,2025-01-24T02:21:19
32718,76050,2025-07-24T13:23:15
37794,94528,2025-02-06T06:40:21
31289,2453,2025-03-18T19:49:18
22879,61647,2025-02-21T23:48:14
35402,82399,2024-11-22T04:34:54
17582,34446,2025-01-10T22:56:40
17810,56828,2025-08-09T02:54:46
20505,60488,2025-11-05T19:30:53
39445,47789,2025-01-27T18:39:53
46034,832,2025-06-18T10:46:57
4460,80991,2025-05-03T00:07:55
29548,11719,2024-11-18T16:06:20
18143,26507,2025-05-31T07:27:53
27493,338,2025-04-30T19:26:27
32134,36994,2025-04-26T20:25:24
49339,656,2025-09-26T13:09:46
13250,34587,2025-10-23T22:48:42
30968,59544,2025-04-01T13:02:02
41242,21941,2025-03-09T13:31:19
5694,39587,2025-07-11T08:21:32
2045,1972,2025-10-12T03:51:28
11621,16830,2025-04-27T14:26:03
38046,16822,2025-03-19T19:18:34
32144,27837,2025-01-17T22:06:06
14191,85625,2024-12-13T04:03:20
8432,96766,2025-09-13T15:05:35
10506,19449,2025-03-06T07:41:04
39845,10076,2025-06-07T13:36:00
28736,45744,2025-01-24T06:01:14
11577,33309,2025-05-10T16:09:28
33220,32206,2025-02-20T13:34:22
14598,38579,2025-03-26T19:08:00
45545,8556,2025-09-18T02:21:34
12173,80543,2025-09-29T08:47:31
16914,9816,2025-05-31T23:16:26
10084,87965,2025-07-11T14:46:32
38885,78932,2025-04-01T03:14:24
40562,51079,2024-11-11T12:48:05
45611,77503,2025-08-12T06:59:04
29546,90459,2025-02-11T21:29:22
37750,23614,2025-05-30T00:04:37
8340,8833,2025-10-19T16:18:15
17312,87972,2025-04-19T07:07:37
21403,5885,2025-06-03T20:01:39
40739,1298,2024-11-13T21:50:21
43457,79670,2024-11-14T22:43:13
18941,35103,2025-04-30T04:20:06
6275,61086,2025-11-03T07:37:27
731,71566,2025-03-23T10:21:52
14578,59784,2025-02-07T21:58:45
10429,3241,2025-02-15T12:13:55
47005,38989,2025-02-22T06:26:42
46118,57216,2025-08-14T18:11:02
7705,87120,2025-02-11T03:32:43
39183,17312,2025-09-01T08:54:19
41572,32600,2025-07-13T10:00:31
41819,69456,2025-04-01T14:14:40
8739,66487,2025-04-19T23:54:26
26287,41681,2025-09-09T07:02:50
24016,90610,2025-01-01T07:25:46
13568,80710,2025-02-21T14:15:40
1057,28260,2025-08-14T14:35:00
30985,52057,2025-03-22T20:29:28
4215,83468,2025-07-03T18:04:04
42933,63250,2025-01-02T11:57:35
22051,85142,2025-05-25T20:33:57
44576,97235,2025-05-13T20:09:45
35834,67775,2025-05-04T11:58:14
3657,83949,2025-08-03T12:28:10
27158,56056,2025-04-04T04:28:49
25348,35463,2025-03-11T22:09:51
7126,20754,2025-06-11T06:17:40
14959,57165,2024-11-28T12:27:56
18972,91624,2025-02-13T15:20:17
45437,40482,2025-10-30T21:30:43
556,87042,2025-07-12T14:50:46
23424,45550,2025-11-06T13:27:33
38184,70320,2025-05-09T00:34:44
37598,78493,2025-10-06T13:03:28
11183,81194,2025-08-10T22:53:36
39337,11778,2025-02-28T04:32:05
31765,88821,2025-03-11T22:33:10
27318,60745,2025-04-13T10:01:06
15555,92427,2025-07-14T06:46:42
3409,96578,2025-07-17T09:48:46
11429,64411,2025-10-02T19:09:21
4639,67724,2025-06-21T10:50:27
21184,90111,2025-03-02T04:47:01
29726,49544,2025-01-06T14:46:22
32673,6629,2025-01-13T03:56:49
44752,97033,2025-02-10T17:05:43
31528,22640,2025-04-20T08:54:21
47779,84563,2025-05-19T17:52:49
45762,88522,2024-12-25T12:35:10
6137,72894,2025-04-07T08:17:11
80,73316,2024-11-23T14:00:34
8686,65963,2025-08-31T15:00:17
7127,1513,2025-07-04T10:49:36
9525,23160,2025-03-05T13:06:18
44608,26822,2025-03-08T15:04:29
8433,19766,2024-11-09T16:32:36
49635,21601,2025-07-07T12:31:30
31747,67748,2025-03-31T22:53:34
29133,62013,2025-05-28T19:16:47
42816,71550,2025-03-21T15:09:04
16148,91748,2024-12-01T15:51:19
21724,42904,2025-09-01T10:44:52
22,93633,2025-11-04T14:13:32
10956,37703,2025-01-31T04:46:18
45490,53940,2025-02-09T22:45:06
20441,16436,2025-10-20T06:35:53
22257,23290,2025-10-12T12:38:06
26346,49729,2025-07-18T07:36:19
23049,13377,2024-12-24T14:46:31
6329,15614,2025-06-20T03:13:17
9120,68694,2025-10-21T14:16:05
25714,69294,2024-12-19T11:40:26
3080,41943,2025-02-18T09:31:21
36651,54995,2025-10-21T06:00:30
35327,93603,2025-04-12T18:28:35
29747,48665,2025-07-02T01:05:23
13435,43030,2025-10-26T17:35:13
39053,19858,2025-04-26T03:11:09
39503,53037,2025-04-21T12:48:19
6679,31116,2025-07-11T03:23:08
23972,66445,2024-12-09T17:27:44
18136,51530,2024-12-29T22:14:15
28143,76960,2025-06-10T13:30:44
12035,76540,2025-07-25T08:35:01
8833,95069,2025-06-26T20:54:17
41364,23608,2025-05-17T04:38:54
11508,9423,2025-02-04T16:52:01
31780,12728,2025-10-21T13:04:38
49848,3909,2025-10-28T11:18:10
7218,33526,2025-10-25T00:36:32
27043,86417,2025-01-31T15:04:17
8787,61539,2025-10-12T20:18:39
99,74967,2025-05-28T17:53:09
27525,94860,2025-06-12T09:53:48
41603,23322,2025-08-12T19:20:18
14588,15012,2025-06-03T20:23:28
31835,83090,2025-10-26T00:09:32
42876,7640,2025-06-03T20:15:20
15930,98867,2025-07-19T03:02:05
22055,88358,2025-02-20T23:35:08
48086,43260,2025-03-01T16:27:33
7937,91845,2024-12-10T02:14:12
18046,79005,2025-05-25T12:56:42
38306,89557,2025-04-16T13:45:01
40523,8814,2025-02-11T10:12:08
29727,21503,2025-08-19T21:35:28
34418,47878,2025-03-27T08:36:08
26819,91436,2025-09-30T22:15:40
28104,28877,2025-09-21T10:25:29
37807,81481,2025-02-14T06:27:09
40888,5372,2025-06-20T15:24:43
39692,96960,2025-02-15T07:37:22
26096,73151,2025-04-15T23:34:33
28249,70318,2024-12-16T17:45:33
27092,98984,2024-11-14T03:58:52
46612,16236,2025-09-11T18:36:18
19124,59724,2025-05-23T11:10:56
20503,32335,2025-04-25T08:51:45
6990,65409,2024-12-07T05:43:49
45868,78314,2025-04-13T07:41:24
8832,39434,2025-03-23T14:42:39
18769,62095,2025-01-02T05:05:42
40446,3114,2025-05-03T18:31:54
11834,36161,2025-01-16T17:09:06
39107,78180,2024-12-21T15:16:59
8129,54662,2025-09-02T17:15:32
44136,22973,2025-09-20T23:16:12
41998,54380,2025-02-09T23:22:03
32379,12151,2025-07-09T04:13:16
39287,12970,2024-12-06T00:54:24
41463,38418,2025-02-26T14:02:30
38403,26347,2024-11-21T19:31:20
2963,89926,2025-01-17T09:31:27
23674,76145,2025-02-26T19:18:51
8861,92954,2025-05-18T20:59:10
3058,57954,2025-01-04T05:33:26
25423,65110,2025-02-15T13:58:54
48097,53941,2025-08-21T02:23:55
48806,56904,2025-04-05T11:49:49
7558,69332,2025-08-31T17:03:49
14350,87755,2025-08-26T16:54:10
21885,38606,2025-08-01T03:05:28
24276,5417,2025-09-09T05:10:29
17480,49807,2025-01-20T01:49:31
43952,67739,2025-06-09T22:00:41
1365,57975,2025-07-09T17:59:02
5335,7841,2025-01-07T15:53:30
3642,40502,2025-08-20T12:50:51
12821,10280,2025-08-04T06:18:09
5204,3772,2025-05-26T03:08:06
17677,43306,2025-06-19T21:28:38
30932,12951,2025-09-08T01:42:43
37076,85007,2024-12-22T00:24:08
16479,50571,2025-07-20T14:56:00
18775,70507,2025-01-25T08:53:14
8234,41549,2025-10-19T04:11:20
23444,93845,2025-06-12T07:59:50
1081,59675,2025-04-13T14:04:35
39174,77072,2025-08-23T08:02:44
935,5746,2025-06-19T18:38:53
4143,28273,2025-10-19T18:17:49
25019,75230,2025-01-15T03:11:23
42592,16745,2025-02-26T14:28:44
27818,8401,2025-10-30T22:09:27
26690,84798,2025-04-25T17:19:44
14144,92725,2025-08-12T17:11:25
14859,40676,2024-12-28T22:14:09
10129,51094,2025-03-27T13:55:04
10491,8378,2025-02-18T05:15:23
18908,57072,2025-06-22T13:41:58
34464,61120,2025-06-25T09:41:10
7422,48947,2025-09-11T12:38:17
40123,10118,2025-05-24T16:42:48
46202,28213,2025-11-03T07:54:11
20332,76850,2024-11-20T22:24:39
5786,38365,2025-05-06T13:32:49
43831,15704,2025-05-10T22:21:22
36626,2914,2024-12-09T21:29:01
4373,85003,2024-11-14T14:51:05
4922,96357,2025-10-22T08:55:30
13373,73552,2025-01-28T01:48:05
48390,73437,2024-12-22T12:38:42
43895,44297,2025-07-20T07:18:53
16289,92529,2025-02-04T04:22:18
36484,3196,2025-07-11T23:50:08
22377,36118,2025-05-24T13:51:16
40714,96825,2025-07-09T13:00:19
2285,5706,2025-04-09T13:18:11
27073,27155,2024-11-22T19:49:46
44289,12277,2025-03-30T21:54:55
49855,40241,2025-10-21T04:44:38
41219,4041,2025-06-20T00:15:19
37161,97475,2025-10-16T03:17:32
14881,33199,2025-03-23T12:10:04
6072,33057,2025-07-27T10:03:48
23994,95948,2024-11-20T01:28:53
2534,72124,2025-09-05T05:45:48
7698,12123,2025-09-14T18:39:53
3888,46733,2025-07-30T14:30:26
476,13088,2025-08-30T19:00:39
34562,85790,2024-11-23T11:55:40
30403,7974,2025-10-13T17:45:11
40442,50351,2025-03-22T06:34:59
20994,7367,2025-06-15T15:30:59
3313,77651,2024-12-17T07:30:29
41261,34719,2025-06-18T14:09:33
11933,54715,2025-07-06T06:45:24
13248,71115,2024-12-05T07:08:17
5942,18288,2025-05-18T05:43:54
40594,17168,2025-07-19T18:30:38
7759,9675,2024-12-01T16:28:16
9618,45257,2025-08-07T10:38:21
25990,86885,2025-03-02T19:05:29
3530,92782,2025-02-15T17:08:14
45180,21673,2025-02-01T18:56:21
44760,23095,2025-07-07T15:07:50
37296,88531,2025-02-04T08:24:44
48287,52606,2025-03-28T05:00:09
16752,75618,2025-01-27T13:57:12
25618,16458,2024-11-21T06:05:24
23300,73847,2025-06-07T15:09:22
49490,62809,2024-11-26T06:49:21
46201,11693,2024-11-12T00:44:40
26755,15488,2025-06-17T07:47:39
15778,74344,2025-09-17T18:04:06
49508,67388,2025-02-17T03:47:26
9644,69977,2025-06-20T12:12:36
13197,76476,2025-04-14T09:49:55
44774,51033,2025-08-10T02:08:02
44481,3358,2025-02-17T00:58:56
46658,22153,2025-03-25T16:57:14
16679,49734,2025-05-12T07:05:44
35696,18970,2025-06-04T05:12:07
7485,16403,2025-03-09T19:22:31
32854,83250,2025-08-13T11:54:05
44220,19503,2024-11-09T03:09:19
12402,38057,2025-10-25T09:53:37
40606,64227,2025-02-17T18:27:21
7896,56204,2025-03-10T11:39:38
7295,26431,2025-09-17T05:36:40
28917,6186,2025-10-02T05:50:17
39592,77823,2025-09-06T10:36:49
7223,10584,2025-08-15T15:27:29
2179,85571,2025-08-17T06:47:24
47784,69632,2025-08-12T17:13:16
28305,16387,2025-04-22T22:21:54
45719,83535,2025-08-29T01:02:17
45060,32811,2024-11-12T18:50:54
7347,60555,2025-01-18T01:29:47
26983,87368,2025-01-01T09:41:33
39110,74140,2025-05-25T09:15:48
19661,2753,2025-08-24T23:42:43
47721,76464,2024-11-30T18:06:17
41703,81605,2024-12-10T03:01:53
3082,49301,2025-09-25T02:46:00
1435,24872,2025-01-10T00:34:04
36554,94656,2025-10-18T10:01:44
46653,87861,2025-03-16T05:48:39
24805,75086,2025-10-15T11:40:21
48162,77052,2025-01-28T07:31:57
32940,28505,2025-01-19T22:22:41
12882,73236,2025-05-27T18:45:52
3908,67799,2024-12-11T05:12:49
20041,1054,2025-06-02T20:19:07
6159,34202,2025-02-24T21:08:14
1610,14256,2025-09-15T09:26:30
8115,88635,2025-07-31T17:50:32
32084,30129,2024-11-28T20:37:31
35349,36109,2025-02-10T23:07:50
35250,13376,2025-09-05T20:27:19
6393,85331,2025-08-22T16:03:56
48008,66633,2024-12-26T02:20:44
5243,11793,2025-09-23T00:49:17
8194,58762,2024-12-22T18:44:39
23433,28742,2025-01-31T21:51:51
8102,41079,2024-11-23T01:20:58
22941,54218,2025-01-31T07:15:05
47547,25220,2024-11-25T22:33:00
9179,90163,2025-10-09T23:50:24
32311,11112,2025-08-09T16:11:12
10201,99611,2025-01-05T23:19:56
14948,86974,2025-01-20T03:55:00
31554,3510,2025-05-05T14:54:24
7739,96533,2025-03-10T04:08:42
25093,54490,2025-02-14T01:48:59
36688,81823,2025-02-14T19:49:15
36463,22372,2025-05-26T00:11:03
9540,71088,2025-02-06T03:34:06
26798,72583,2025-08-17T00:51:24
39076,32084,2025-06-14T15:32:05
15384,70166,2025-07-11T19:49:34
4408,11221,2025-08-05T22:41:19
37092,58896,2025-05-01T07:30:28
493,69915,2024-11-30T21:13:56
36700,35061,2024-12-20T14:50:13
36868,98954,2025-01-25T03:26:58
46435,15631,2025-05-05T22:29:19
36404,8540,2024-11-25T14:59:13
36438,21598,2025-08-06T17:20:13
9713,55733,2025-07-24T19:40:30
46345,87375,2025-09-18T06:57:14
27882,33697,2025-11-04T02:22:03
9216,61379,2025-08-23T04:38:11
7971,72187,2025-04-26T16:15:15
47159,62228,2025-07-21T07:51:55
32447,88829,2025-06-11T20:21:18
41905,48802,2025-07-04T15:03:24
4681,39026,2025-07-07T12:47:59
42757,5448,2025-10-13T13:04:21
25978,6295,2025-02-17T09:37:26
27995,14157,2025-05-27T11:36:15
4217,77602,2025-03-10T03:07:09
25642,4050,2025-05-02T22:49:32
44391,34238,2025-09-23T07:28:53
39241,83834,2025-05-13T08:21:05
6871,4124,2025-05-28T00:08:06
6676,41394,2025-10-08T11:04:41
3883,92924,2025-07-13T07:03:39
9983,7742,2024-12-22T11:47:44
26493,64050,2025-02-27T16:19:32
36410,58024,2025-09-12T06:17:36
8346,44172,2025-10-10T22:33:42
35752,25152,2025-05-19T20:52:11
8849,49878,2025-04-23T02:08:27
22758,2486,2025-07-16T06:19:50
24626,73569,2025-01-08T01:41:43
8476,71203,2025-08-13T06:25:05
49488,55558,2024-11-25T08:55:55
28375,86865,2024-12-18T09:55:43
30728,40615,2025-10-01T04:12:12
35685,82283,2025-05-14T17:20:24
48134,89252,2025-05-09T14:12:33
48276,93037,2025-09-21T11:42:01
17144,69873,2024-12-08T19:58:44
29546,5778,2025-10-14T15:09:21
42313,64035,2025-05-08T01:09:13
8760,33453,2025-06-19T18:16:30
8402,65314,2025-05-21T19:00:37
27049,58501,2025-05-17T22:15:33
17651,33280,2025-04-20T07:27:40
22706,41164,2025-01-27T18:33:21
30547,54562,2025-02-13T22:34:35
34415,92532,2025-09-14T04:09:53
31575,16498,2025-04-19T02:26:18
33136,72568,2025-09-26T21:29:20
9053,44312,2025-02-24T10:39:31
49962,62170,2025-04-15T17:17:55
31492,78039,2024-12-31T11:24:11
43890,93915,2025-04-14T04:25:14
4238,7125,2025-04-17T09:13:53
42974,98597,2025-07-09T13:19:47
13948,27371,2025-02-21T12:19:44
9902,60312,2025-10-06T20:44:20
18655,44387,2025-04-20T22:21:11
478,39733,2025-09-09T01:33:20
12926,19316,2024-11-14T22:43:49
20113,13593,2025-04-13T16:48:22
14231,45838,2025-08-21T16:49:13
20892,98015,2025-04-18T19:09:47
9471,68205,2025-08-18T06:15:44
36174,40115,2024-12-24T10:26:45
12757,284,2025-04-27T17:55:02
28057,8687,2025-08-12T09:21:44
10679,68325,2025-11-03T17:51:28
1588,59818,2025-04-03T02:28:30
9627,31771,2025-02-02T20:58:23
35881,40620,2024-11-21T19:55:48
47083,2106,2024-12-09T16:32:57
29719,71326,2025-07-14T10:00:44
5780,43171,2025-03-10T15:06:28
43356,33491,2025-02-19T04:15:30
5549,72430,2025-02-15T09:20:19
12666,90518,2025-06-03T01:27:31
48922,61136,2025-01-22T08:22:33
24509,6133,2025-04-21T12:26:07
13826,17046,2025-09-02T18:42:02
13439,77620,2025-04-14T19:54:14
21690,36565,2024-11-17T03:12:54
1855,76386,2025-04-12T07:33:35
15855,17120,2025-09-03T07:50:46
12536,41378,2025-02-02T07:07:39
41649,42046,2025-01-09T19:52:05
47005,32631,2025-05-01T08:44:12
14399,21252,2024-12-05T03:22:08
44384,42316,2025-07-15T00:51:14
2460,61664,2024-12-22T17:28:56
20474,581,2025-10-20T10:50:32
11894,27725,2025-03-26T08:43:54
30085,84937,2025-07-27T10:47:53
25104,13674,2025-06-10T15:52:54
45275,24963,2025-03-06T14:50:18
22652,19572,2025-09-20T08:06:45
1485,13851,2025-03-09T22:59:48
27589,31394,2025-06-09T03:10:50
47134,81283,2024-11-20T08:46:34
3966,97810,2025-04-12T20:41:50
33511,59511,2024-12-11T02:17:26
31442,66737,2025-03-02T15:51:20
6949,83338,2025-09-09T12:17:45
33740,8134,2025-08-20T18:55:31
36495,88586,2025-07-07T20:55:26
13189,6275,2025-08-28T19:06:14
26593,22238,2025-06-15T13:57:52
12017,22259,2025-01-27T15:31:42
44134,2181,2025-04-29T07:13:04
32538,84807,2025-06-13T17:04:30
48473,47594,2025-10-17T15:21:16
41235,82059,2025-05-31T11:27:43
43134,99762,2024-11-18T02:38:15
26916,34157,2025-10-01T04:56:13
19674,81092,2024-11-20T18:14:19
44238,59610,2025-05-10T16:54:24
28028,59744,2025-06-06T04:57:54
4040,73969,2025-07-03T03:29:52
16970,64899,2025-07-15T18:30:06
21305,39224,2025-07-12T18:28:47
16885,66411,2025-06-19T04:17:29
42036,83657,2025-09-07T01:45:23
39957,63573,2025-09-02T14:26:44
26469,45888,2025-02-05T01:25:47
38026,18015,2025-05-25T10:34:35
25619,83283,2025-08-12T14:38:16
46753,69937,2025-10-28T02:13:47
31230,26010,2025-05-02T06:57:13
28123,23505,2025-10-28T22:06:27
32791,54195,2025-06-16T06:11:55
32754,69446,2025-09-29T17:03:08
15512,22126,2025-11-06T09:07:38
17291,77064,2025-08-09T23:51:09
8298,27945,2025-10-20T07:22:21
33524,58385,2024-11-14T14:21:38
24980,15070,2025-10-27T17:14:41
13901,64998,2025-08-19T10:32:54
17269,22064,2024-12-15T16:24:29
10636,21868,2025-08-14T18:10:41
42676,36749,2025-08-05T02:04:47
20827,14242,2025-03-20T05:13:27
36405,31123,2025-01-17T18:36:39
28259,73938,2024-12-05T00:06:24
19693,182,2025-09-11T11:17:34
21819,89765,2025-03-10T19:53:27
13621,11202,2025-10-19T20:22:01
35634,92200,2025-03-01T06:32:32
37261,76316,2025-07-20T10:02:54
42805,97110,2025-03-29T07:10:35
23910,7516,2025-09-21T16:10:16
14319,29177,2025-02-12T03:29:53
7068,94584,2025-05-16T22:19:48
15444,61924,2025-09-29T17:42:10
3709,71042,2025-04-08T02:49:58
23071,27569,2025-02-19T21:41:32
43580,96022,2025-04-27T15:55:37
31308,81435,2025-03-30T20:43:15
30969,99754,2025-07-18T03:27:01
32208,1182,2024-11-16T09:25:49
48187,56904,2025-05-01T09:48:54
2356,70545,2024-11-23T03:57:57
3364,34646,2025-06-18T14:06:57
27577,87583,2025-05-10T04:58:41
39990,94332,2025-05-20T14:30:01
32179,81657,2025-07-13T11:45:23
12534,7421,2025-07-03T15:20:12
46721,20424,2024-12-31T17:46:50
45021,1085,2025-07-05T09:26:16
24505,57913,2025-07-25T07:15:19
20050,87686,2025-02-01T22:41:16
864,84521,2025-08-20T04:33:11
36853,21906,2024-11-10T18:31:22
28057,62477,2025-07-15T00:05:10
16939,32109,2025-02-08T22:33:12
24980,62403,2025-04-12T01:33:08
8300,76141,2024-11-08T23:37:14
14992,95612,2025-09-25T00:43:18
42533,41961,2024-11-07T18:53:09
8980,73900,2025-01-29T12:01:48
49171,10307,2025-01-25T09:58:44
27147,93031,2025-03-23T20:07:17
27561,41776,2025-02-15T12:43:35
21379,4673,2025-03-18T09:12:35
14258,71869,2025-08-13T13:26:08
40941,38266,2025-03-07T20:32:46
728,98991,2025-07-30T06:40:22
40563,64806,2025-06-17T03:35:10
47404,68426,2025-07-23T12:35:00
42929,84706,2025-07-18T08:42:33
33984,89765,2025-02-08T09:57:53
26807,82112,2025-11-01T05:46:06
47163,29936,2025-08-31T09:59:58
8891,54308,2024-12-14T03:05:37
45749,78767,2025-05-20T10:02:46
7233,98135,2025-04-10T02:53:15
22089,20927,2025-09-10T17:23:11
19101,78566,2025-03-01T17:37:38
29634,90041,2025-10-11T21:00:59
28235,48573,2025-04-10T17:26:49
46000,59591,2025-11-02T21:00:41
41283,5592,2025-03-20T11:28:39
25482,76586,2025-08-25T03:08:49
32328,17837,2025-03-15T02:54:45
15579,69164,2025-09-12T02:45:26
46515,25979,2025-06-10T02:53:29
15455,60755,2025-09-01T04:16:20
32804,74540,2025-10-19T21:07:12
33315,86748,2025-07-05T16:14:51
47657,24420,2025-05-15T02:19:00
27345,4128,2025-09-11T16:58:40
10062,57961,2025-05-18T06:55:33
6272,54933,2024-12-26T01:26:27
24121,91603,2025-01-31T03:08:01
38454,11742,2025-02-19T15:58:49
30336,87300,2025-01-15T05:22:28
4141,75565,2024-12-15T13:17:01
33645,62393,2025-07-05T05:35:23
30263,18803,2025-01-03T01:31:26
49388,38832,2024-11-29T03:08:50
33764,84576,2025-02-02T05:24:53
33960,77132,2025-10-06T10:35:12
17473,56061,2025-05-29T16:11:07
33188,7522,2025-06-29T09:11:42
31005,45548,2025-04-04T01:29:01
14357,6683,2025-06-21T19:42:52
41125,90621,2025-07-29T23:19:47
43157,80615,2024-12-15T05:17:18
9567,80533,2025-09-13T03:21:28
10174,34000,2024-11-08T19:40:53
18979,509,2025-05-24T16:21:37
22836,99992,2025-03-09T17:28:59
26672,13006,2025-08-28T23:48:45
23262,78555,2024-11-28T00:31:09
12558,91537,2025-09-22T20:01:13
46332,63260,2025-07-06T13:13:04
30347,4111,2025-09-01T07:34:01
35907,51851,2024-11-07T05:12:17
29243,87390,2025-10-03T03:33:43
30895,63160,2025-06-13T06:20:40
41999,841,2024-11-08T03:06:40
48463,67986,2025-07-02T12:48:53
12299,77807,2025-01-23T19:29:32
10319,8862,2025-10-08T07:14:47
8092,32831,2025-04-09T07:35:12
34217,15425,2025-09-22T04:02:55
21897,70747,2025-08-08T11:33:37
19947,9864,2025-08-17T04:28:39
41682,62186,2025-09-29T04:27:12
40802,73069,2024-11-22T15:07:12
48431,35508,2025-04-10T10:00:47
13463,79327,2025-09-20T10:15:00
855,86901,2025-04-24T09:35:47
47161,27043,2025-06-16T04:25:31
19654,35819,2025-05-06T08:01:46
18743,81097,2025-08-04T14:13:46
49582,96930,2025-07-10T12:41:04
28488,24612,2024-12-24T02:26:25
8210,14147,2025-02-21T10:36:13
31164,80229,2025-02-23T11:04:16
38134,81037,2024-11-18T23:58:43
19674,90030,2025-08-10T10:54:55
45370,18934,2025-05-25T13:23:19
8486,5865,2025-02-20T03:57:57
39762,12065,2025-09-06T20:58:56
35815,49924,2025-10-12T23:36:30
666,37416,2024-11-15T07:20:07
27203,17728,2025-05-18T00:49:58
9421,27179,2025-04-08T00:12:08
45928,68873,2025-04-14T12:27:40
37891,84003,2024-12-06T16:39:47
25417,19750,2025-02-27T12:18:12
5467,48140,2025-05-05T06:20:38
22871,69095,2025-07-12T11:32:05
7477,21045,2025-03-23T19:45:39
19209,14305,2025-09-13T01:12:37
23857,27145,2025-10-21T20:42:10
3107,51335,2025-10-12T04:54:19
10272,88103,2025-03-09T07:19:18
34419,95130,2025-04-30T16:13:30
35453,25617,2025-04-03T13:58:05
22826,17913,2025-09-06T23:02:28
42526,70176,2025-08-04T06:46:38
35825,62643,2025-06-26T03:08:03
35429,89060,2025-09-07T21:05:36
14002,91048,2025-06-11T22:41:32
22227,48523,2025-02-03T19:27:10
19399,81736,2025-07-30T21:15:33
18087,13075,2025-08-08T19:38:00
12587,21789,2024-11-25T15:23:34
49783,91344,2025-07-02T11:38:05
6722,75946,2025-06-23T03:18:30
46286,41637,2025-10-24T10:51:25
28474,48047,2024-12-28T15:36:43
355,19034,2025-04-20T12:03:47
27513,22244,2024-12-26T15:36:55
24420,31151,2025-04-01T23:20:11
4985,19107,2025-07-03T12:28:48
22873,10812,2025-04-12T09:54:12
12316,74209,2025-10-24T20:06:41
47640,23393,2025-08-13T02:44:40
35237,43305,2025-01-19T11:58:35
27513,92115,2025-08-28T16:22:55
9336,95878,2025-06-07T15:27:21
17610,24386,2025-09-23T17:42:47
30722,91686,2025-05-27T15:55:15
28287,77138,2024-12-07T16:27:54
11714,27315,2025-04-08T12:00:43
13911,96793,2025-10-05T12:01:39
39295,20939,2025-09-24T06:15:34
17909,20550,2025-09-07T11:03:07
49865,404,2025-01-28T16:13:43
4732,64970,2025-07-11T15:51:52
805,65744,2024-12-29T04:08:01
1785,83732,2024-12-03T19:27:19
26204,79569,2024-12-16T06:57:27
4853,67883,2025-09-15T00:32:37
11554,75942,2025-06-25T20:35:00
7701,10129,2025-10-01T14:45:02
6318,84522,2025-03-22T13:02:32
17238,5920,2025-03-06T07:07:18
42391,35155,2025-08-08T19:45:19
29108,97996,2024-11-16T02:51:43
12576,49369,2025-07-23T16:51:57
15546,54176,2025-07-21T18:16:34
14761,18646,2024-12-10T16:22:38
18871,2930,2025-10-11T02:52:52
11526,87531,2025-10-14T16:42:59
24048,73621,2025-10-20T15:07:58
33855,50152,2025-02-01T01:58:28
6643,31425,2024-11-17T22:59:39
18518,78947,2024-11-25T13:24:08
24516,16526,2025-06-13T02:55:00
5778,44029,2025-08-09T19:44:01
41980,69150,2025-11-05T04:50:20
17842,47368,2025-09-18T10:36:33
31910,38082,2025-07-05T19:40:39
4499,64834,2025-06-16T13:22:17
14935,57726,2025-04-20T22:56:59
41570,1230,2024-11-23T01:57:25
18990,32568,2025-09-01T04:51:01
10825,12623,2025-07-14T16:18:30
29977,38138,2024-11-12T10:57:59
46606,84606,2025-11-03T18:34:38
2574,46583,2025-07-28T02:27:04
40413,37681,2025-08-04T09:58:21
31341,94360,2025-03-10T14:08:41
160,33414,2025-08-15T02:51:48
39703,64834,2025-09-20T09:26:00
69,90181,2025-01-01T14:30:35
20265,71568,2025-01-15T19:10:36
25147,83652,2024-12-19T06:03:15
25913,46226,2025-07-14T07:42:55
13908,10963,2025-02-04T21:07:34
41469,26377,2024-11-10T01:38:44
26860,96200,2025-04-04T07:48:32
13803,4580,2025-08-01T04:57:05
27234,79913,2025-05-03T17:01:32
438,59700,2025-10-28T16:16:13
21551,96349,2025-03-29T14:26:17
7146,85240,2025-04-10T01:59:42
36085,88176,2025-10-03T14:48:32
33953,37891,2025-07-06T10:21:29
8864,95495,2025-10-23T18:55:51
40523,57706,2025-05-20T00:02:32
41988,25296,2025-07-31T14:36:53
44567,34048,2025-07-25T05:12:16
15642,46051,2025-05-09T16:41:01
10705,86150,2025-04-28T05:38:54
7133,94148,2025-04-05T21:49:49
32595,97870,2025-05-17T19:16:03
37338,37440,2025-02-10T16:16:52
48898,88448,2025-10-08T11:13:39
17695,52974,2025-06-29T14:31:10
6534,3073,2025-01-01T02:01:47
30233,35264,2025-06-30T01:25:39
9547,84499,2025-09-18T02:16:49
25196,27480,2025-09-25T00:09:32
33661,61619,2025-06-13T18:49:00
2761,26298,2025-06-15T05:43:46
45722,92057,2025-01-27T04:34:23
17434,19521,2025-04-23T22:51:01
22086,95942,2025-06-21T12:12:06
2669,18036,2025-05-11T13:46:22
16997,50999,2025-10-30T09:40:59
7117,72438,2025-01-06T10:07:02
9606,13254,2025-10-28T19:54:29
47362,39181,2025-08-23T20:17:54
35368,30442,2024-12-05T03:56:38
5042,67687,2025-05-14T07:16:23
6831,33017,2025-05-04T14:54:07
17287,18247,2025-05-22T13:50:48
2563,13220,2025-10-30T04:23:11
30549,15695,2024-11-17T10:21:40
18680,63520,2025-11-01T09:38:54
11851,57419,2025-06-08T16:12:44
40736,283,2024-12-27T10:12:28
14881,82475,2025-05-19T09:56:34
19301,82137,2025-07-12T09:37:43
18127,7390,2025-06-13T12:49:18
24021,58837,2025-06-12T10:42:16
13578,96526,2024-12-02T21:15:14
49246,89341,2025-03-02T08:50:08
29471,30609,2025-02-25T13:16:04
40915,86504,2025-08-21T04:09:48
9667,54244,2024-12-21T13:01:49
11762,65167,2024-12-23T07:52:05
535,83016,2025-08-10T18:14:08
21660,61170,2025-05-01T18:51:00
31696,56157,2025-03-20T12:01:18
19873,81667,2025-08-13T20:52:48
46365,19743,2025-11-03T13:13:03
1936,63458,2025-10-15T23:44:25
46875,21111,2025-08-29T21:52:48
48990,8554,2025-05-02T04:02:14
40216,61399,2025-10-05T10:11:15
4345,12405,2025-02-26T13:19:49
6390,30991,2025-05-29T01:17:11
3430,39561,2025-06-19T07:36:44
19394,59081,2025-08-27T22:24:29
36252,67704,2025-06-09T20:35:06
37825,9121,2025-08-28T22:38:09
22618,55747,2025-02-02T19:29:37
46954,5209,2025-03-21T03:47:13
30307,41313,2025-08-16T08:53:02
40621,98839,2025-09-02T21:17:58
46823,16240,2025-02-10T12:03:37
45462,61144,2025-07-24T06:26:22
24709,76007,2025-04-26T06:49:29
32970,52148,2025-01-02T12:40:55
41856,50555,2025-07-23T05:34:28
49184,93116,2025-07-31T13:41:06
33149,25246,2025-01-05T07:40:58
10892,82135,2025-11-06T08:10:38
25450,52185,2025-03-25T13:27:43
37615,7272,2025-08-07T08:51:38
24347,47022,2025-02-08T11:03:01
27101,92455,2025-08-17T18:25:38
23546,13739,2025-02-24T14:40:23
1340,4675,2024-12-17T20:41:07
26524,15381,2025-03-28T01:10:58
4368,36233,2025-03-06T06:40:20
10748,23828,2025-04-09T09:18:08
48556,49139,2025-04-15T23:10:19
15004,15366,2025-09-14T05:16:17
7997,4007,2025-02-22T01:06:55
49351,48543,2025-02-28T16:32:52
24231,53774,2025-05-22T22:50:12
19087,7600,2025-09-30T13:09:42
14544,21389,2025-07-08T05:50:55
17959,42233,2025-02-25T10:47:40
12999,68783,2025-05-01T23:47:43
5922,47280,2025-10-18T10:25:25
10709,59721,2025-01-11T20:54:13
17621,44090,2025-11-05T00:35:03
9934,39082,2025-01-02T20:29:26
24942,86694,2024-12-20T13:33:41
2863,92515,2025-01-24T14:57:01
17890,67586,2025-08-25T04:18:15
594,5722,2025-01-24T04:41:46
9616,1846,2025-06-05T09:30:08
16438,59584,2025-06-25T09:29:35
47238,15605,2025-01-13T14:21:27
46749,74719,2025-11-01T21:55:15
20056,10111,2025-10-02T11:15:46
39750,21233,2025-07-02T15:06:49
3977,16845,2025-03-26T15:32:19
1440,56267,2025-08-12T21:11:34
45403,56547,2025-07-04T17:15:48
6726,40365,2025-06-07T10:41:58
29262,15165,2025-11-04T01:43:53
14165,48101,2024-11-08T07:51:12
43598,77510,2025-09-13T18:59:02
18230,89126,2025-08-13T06:46:06
21046,81223,2025-08-03T22:36:35
21119,77023,2025-08-30T11:30:07
5949,96352,2025-06-05T13:08:21
8379,51535,2024-11-27T15:55:10
5105,8309,2025-06-20T06:27:26
26925,81071,2025-08-28T05:54:21
40770,99549,2025-06-12T07:07:11
26446,15760,2025-04-22T06:03:27
39860,10261,2025-04-29T11:07:20
46007,36579,2025-08-18T23:53:55
1880,35826,2025-06-14T00:03:14
45692,70563,2025-06-10T14:48:15
8982,51248,2025-07-17T17:49:04
27942,47459,2025-01-20T02:26:38
36650,53419,2025-05-08T02:14:30
28829,37552,2025-03-21T11:26:08
6072,80120,2025-08-05T03:21:22
19500,78303,2024-11-28T07:36:48
43750,57721,2025-07-12T04:04:08
13193,705,2025-07-22T19:13:39
21604,27498,2025-02-17T06:07:51
37539,27503,2025-05-19T15:48:19
36720,57542,2025-07-23T07:29:20
30730,79888,2025-09-17T02:52:19
42776,78882,2025-04-05T08:46:48
7032,75380,2025-09-23T06:06:53
44232,96320,2025-08-13T17:30:26
19718,29772,2025-07-01T02:11:45
15869,34684,2025-07-18T12:42:11
19225,58991,2024-11-19T07:07:35
46310,21268,2025-05-27T03:31:15
5871,98684,2025-07-21T18:21:49
9085,63746,2025-07-05T16:16:51
20108,65019,2025-01-10T16:08:35
5976,53151,2025-07-15T01:31:35
9142,30765,2024-11-11T02:45:29
38028,72219,2025-05-01T17:11:40
38689,70588,2025-05-07T20:02:52
36758,54538,2025-08-12T13:55:31
2139,77698,2025-10-22T17:40:38
38896,32071,2025-08-21T11:02:19
33618,70038,2025-09-01T22:24:26
43226,6539,2025-02-27T16:15:07
6234,98617,2025-01-10T14:48:54
48017,58761,2025-04-04T23:21:18
12139,84678,2025-01-15T23:16:09
48980,43246,2025-01-09T07:25:11
35104,2120,2025-07-28T10:56:21
35949,8179,2025-04-02T15:32:03
21541,81855,2025-04-27T13:12:26
1084,12873,2024-12-15T19:52:26
9677,11948,2025-10-07T01:33:05
6070,9663,2025-06-04T16:34:19
11948,86833,2025-01-11T19:33:09
21977,1587,2025-07-12T02:27:36
4002,6080,2025-04-04T12:32:22
8368,38609,2025-08-09T10:55:58
25716,66099,2025-02-23T08:45:53
8687,60886,2025-01-13T10:31:00
21575,51973,2025-09-10T18:02:27
21842,16821,2025-08-30T08:27:24
15124,13591,2024-12-26T06:58:48
35721,93123,2025-02-24T19:46:32
17617,89154,2025-05-27T15:00:43
47202,4789,2025-11-03T16:14:46
38859,18888,2025-01-16T23:58:10
35282,34442,2025-03-02T06:11:48
29226,7045,2025-07-23T19:12:54
30856,49931,2025-09-06T05:45:55
37847,19054,2025-09-02T02:58:26
3248,61302,2024-11-09T18:57:58
32741,18676,2025-04-19T13:06:47
6404,63210,2025-07-20T22:39:24
15865,9731,2024-12-01T20:42:19
4872,38228,2025-06-11T14:59:03
42328,77052,2025-06-23T20:49:37
40532,7872,2025-07-31T11:17:18
18715,78385,2025-05-14T11:48:11
22599,27506,2024-11-30T09:43:31
24267,3188,2025-02-25T02:51:02
4172,64169,2024-11-16T22:22:35
45255,38302,2025-10-30T06:26:22
37404,90027,2025-03-18T04:17:26
17443,28896,2025-10-18T00:40:26
21971,95575,2025-06-21T19:48:47
32624,30248,2025-04-14T03:40:13
36440,59806,2025-09-13T03:23:33
27309,19969,2025-09-13T15:34:27
16102,12873,2025-04-15T09:11:52
11762,61543,2024-11-27T18:18:55
34348,93613,2025-09-10T09:12:31
8919,70723,2025-02-20T12:47:58
17288,5272,2025-09-13T01:31:35
37805,41965,2025-07-03T03:42:13
16073,63204,2024-11-13T02:21:03
11439,90183,2025-05-03T00:51:26
49281,48780,2024-11-15T05:00:56
41442,64060,2025-04-22T11:30:57
2499,70591,2025-02-20T21:41:50
18170,59016,2025-04-10T11:58:09
17472,34485,2025-06-29T12:00:31
17948,49274,2025-02-14T14:38:57
13076,84213,2025-01-28T23:30:57
9086,9342,2025-07-23T10:27:38
11100,99320,2025-07-31T10:27:11
7275,70225,2025-04-12T10:34:27
41271,36274,2025-03-07T17:01:30
22404,96545,2025-05-10T02:30:38
41200,22008,2024-11-22T06:12:28
43040,23999,2025-06-25T04:27:18
34036,15927,2025-04-27T19:45:20
15911,26963,2025-06-25T19:02:26
26878,72486,2025-01-12T17:40:25
12134,96804,2025-05-06T22:47:27
33143,50661,2025-04-08T15:16:02
45142,67312,2024-12-24T06:40:04
6118,25825,2025-09-14T16:16:53
15858,68781,2024-11-28T16:29:46
17573,17881,2024-12-16T23:54:28
29575,80558,2025-08-16T09:12:41
18574,29136,2025-10-15T22:47:14
2366,84938,2024-12-10T09:44:58
16724,27333,2025-08-13T20:51:26
42590,43783,2024-12-28T20:13:55
13484,60180,2024-11-15T09:16:33
42556,8522,2025-10-24T13:14:00
819,84605,2025-08-12T11:09:35
28534,13408,2025-11-01T13:52:22
47457,46371,2025-04-18T16:32:52
1647,50050,2024-12-28T08:37:50
5918,23948,2025-06-17T03:53:40
24193,5747,2025-08-12T07:14:28
34656,18239,2025-07-21T03:59:50
41088,45712,2025-03-06T21:16:03
42893,27986,2025-03-26T23:13:10
36608,24084,2025-04-22T13:36:30
37324,6516,2025-03-16T19:40:49
5485,27644,2025-11-03T13:48:19
41542,3755,2025-04-03T14:23:00
16112,78422,2024-12-06T22:19:13
27683,9029,2025-02-10T13:54:10
10059,61920,2024-12-09T03:08:11
44040,50706,2025-05-19T13:25:10
7079,68884,2025-09-24T19:36:27
1549,45611,2025-02-28T08:56:28
27757,42688,2025-10-26T03:25:01
13120,71834,2025-01-13T12:56:21
34041,23167,2025-01-22T09:37:01
42300,7943,2024-12-02T12:15:33
4554,16392,2025-02-26T12:51:56
24570,68578,2025-05-05T04:21:23
27756,93965,2025-01-09T00:11:23
44794,13513,2025-06-01T09:37:18
16610,29332,2025-03-27T09:36:02
29559,35790,2025-02-21T17:25:53
40693,68775,2025-10-13T07:31:31
30167,61661,2025-03-14T07:31:26
10377,87739,2024-11-28T07:01:10
10914,99028,2025-02-24T17:17:05
33009,93362,2025-09-29T02:45:31
25968,96109,2025-04-02T07:38:02
15670,79857,2025-09-21T07:34:33
39535,73680,2025-05-04T08:06:02
41055,81942,2025-10-19T17:09:02
48047,70012,2025-07-30T23:59:14
6841,6649,2025-07-01T16:12:26
48926,26705,2025-03-27T02:55:25
8713,2013,2025-04-22T11:13:04
6246,74864,2025-10-08T20:00:53
44467,43773,2025-10-05T12:24:56
42231,61092,2025-10-17T16:28:03
43467,1565,2025-10-31T19:59:31
630,47758,2025-06-11T03:54:17
39520,15863,2025-09-13T09:21:12
1613,25669,2025-03-27T15:29:41
46274,50193,2025-10-20T01:23:04
8972,36275,2024-12-15T02:01:50
9417,96917,2025-01-03T13:38:50
40143,41318,2025-09-27T15:03:34
28158,69153,2025-01-20T02:31:49
34484,1496,2025-01-11T14:39:13
20572,14933,2024-11-13T05:39:21
47737,27180,2025-05-17T02:36:11
33636,80416,2025-08-18T17:31:17
5430,87481,2025-10-23T23:01:30
4863,71625,2025-06-11T20:28:00
28666,74278,2025-08-29T12:51:27
31873,88290,2025-02-23T04:20:33
14130,33014,2025-07-13T10:24:24
3216,37945,2025-06-29T12:35:52
49308,69336,2025-04-18T01:14:32
6856,42156,2025-10-23T20:07:33
24109,78387,2024-12-06T21:58:20
4037,91608,2025-10-26T18:24:39
21848,24561,2024-12-01T10:45:36
8241,58450,2025-08-12T15:43:15
7986,93602,2025-07-17T20:46:40
24917,14262,2025-06-06T22:43:05
15181,76339,2024-11-17T20:17:26
15679,24940,2025-01-01T19:13:29
10225,37785,2025-06-10T16:59:16
12450,88558,2025-01-23T07:25:03
6361,26570,2025-01-12T14:09:28
13099,55226,2024-11-21T22:57:59
11718,75428,2025-09-10T09:55:51
15287,17276,2025-01-19T00:32:41
31138,56502,2024-11-22T11:02:13
7669,37406,2025-09-12T21:13:33
38531,19518,2025-06-18T13:08:31
45833,63905,2025-01-25T23:43:38
48544,56501,2025-05-08T10:46:36
41105,48744,2025-09-26T07:59:49
18228,55508,2025-09-30T13:35:31
9275,1905,2025-03-19T22:14:17
19985,90872,2025-05-25T23:34:10
19979,32782,2025-10-04T03:10:33
31148,54904,2025-03-30T21:10:47
33816,79853,2025-09-16T14:26:22
960,53255,2025-09-28T10:30:22
47524,85896,2024-11-16T07:29:50
5509,68549,2025-06-18T02:14:32
34409,29931,2024-12-30T21:30:52
12826,60117,2025-03-30T22:00:29
30655,21851,2025-04-21T09:38:55
1257,60608,2025-04-12T03:35:50
22128,6235,2025-10-31T03:56:37
34621,17929,2025-01-18T14:06:22
7734,15704,2025-03-22T21:04:56
17696,67509,2025-10-27T17:36:30
15409,93770,2025-08-16T15:10:17
30546,21682,2025-01-06T18:33:59
31332,50669,2024-12-22T08:22:41
47240,93559,2025-10-18T19:06:58
23485,6749,2025-04-17T15:20:59
32676,49376,2025-04-19T19:45:43
44521,54591,2025-10-28T00:57:44
31531,31709,2024-11-25T15:51:29
10456,78983,2025-06-02T09:23:03
46980,22500,2025-06-24T17:14:04
34627,31976,2025-07-28T19:09:37
4931,68888,2025-03-22T13:56:45
1063,90922,2025-03-01T08:05:18
23875,37932,2024-12-12T10:52:42
39296,96805,2025-01-05T09:54:47
49446,67578,2025-01-15T05:46:20
7204,92025,2025-05-26T04:59:45
26710,95066,2025-04-30T13:39:06
28985,84854,2025-07-06T00:48:11
24794,8337,2025-03-18T18:38:20
44061,23916,2025-09-13T15:26:39
3993,75698,2025-10-24T09:55:17
45416,70717,2025-07-21T10:06:35
18841,64199,2025-09-22T13:38:45
47294,9136,2025-07-24T10:43:59
38700,17109,2025-06-04T08:36:49
45805,47465,2024-11-16T03:23:06
1611,65284,2025-07-02T10:15:45
1453,28185,2024-11-14T10:32:40
36038,36513,2025-08-16T07:01:27
45119,7738,2025-08-21T10:20:34
12154,42855,2025-02-16T12:10:26
35092,81839,2025-04-08T16:59:35
23213,85622,2025-05-04T04:56:37
11266,27628,2025-03-01T16:48:31
29354,39844,2025-10-26T21:03:09
37919,3501,2025-03-08T16:34:18
49887,61163,2025-07-22T11:50:48
30030,67199,2025-10-30T16:32:08
23748,36788,2025-01-29T06:57:54
43776,76473,2025-10-19T09:37:23
12174,68444,2025-10-20T10:02:37
23285,88682,2025-03-17T15:51:25
4372,30222,2025-09-19T06:36:52
46379,657,2025-03-16T11:40:56
39146,98547,2025-11-03T12:31:00
35696,26178,2024-11-06T18:51:01
8752,10667,2025-08-29T21:35:19
1026,624,2025-02-12T10:36:23
22151,48408,2024-12-17T09:47:57
33509,62425,2025-08-19T23:05:44
11648,48319,2025-07-24T00:18:17
36053,93519,2025-01-14T01:08:37
31118,92731,2025-09-22T06:13:29
4343,50212,2025-08-22T17:53:31
31022,46362,2024-11-15T21:52:19
26033,60764,2024-12-22T09:42:39
17941,33501,2025-09-19T09:33:33
44962,89210,2025-10-21T17:34:53
7974,81429,2025-05-23T19:16:28
29680,64480,2024-12-23T20:05:41
39997,87190,2025-08-18T05:13:00
7884,95046,2024-12-01T09:59:36
49727,71557,2025-01-09T15:22:52
15855,14292,2025-10-24T08:59:48
37169,36386,2025-10-18T15:14:11
28126,85623,2025-09-19T18:26:46
890,25869,2025-10-31T01:48:44
19866,15896,2024-12-20T05:59:20
29792,21836,2025-08-08T16:54:36
23167,7244,2024-12-04T04:44:30
24808,98218,2025-09-01T16:54:51
14919,36788,2024-12-02T16:29:09
265,95437,2024-11-22T23:52:13
48468,86328,2025-08-15T05:39:15
34254,2292,2025-08-20T04:28:16
27040,38238,2025-03-22T15:52:21
9991,66482,2024-11-10T06:24:30
42305,60143,2025-04-12T07:02:43
6318,31259,2025-06-01T05:12:17
11549,87302,2025-08-12T12:09:48
9998,70629,2025-07-03T16:35:48
10069,74356,2025-08-20T21:03:38
26409,20108,2025-06-23T06:21:53
15785,34472,2025-01-06T03:15:03
32772,96017,2025-02-13T04:22:21
34926,5791,2025-01-20T06:48:41
2563,24907,2025-07-09T21:55:38
42500,27333,2025-05-28T01:49:51
406,33437,2025-07-11T22:51:28
12198,83689,2025-03-26T02:38:24
8882,75650,2025-09-01T18:42:43
645,29977,2025-04-23T18:02:08
37191,63719,2025-06-20T07:04:30
45615,12031,2024-12-19T20:59:07
4048,27581,2025-09-25T19:59:14
26514,42193,2025-07-01T01:41:05
19441,27050,2025-09-12T08:19:45
24392,67484,2025-02-06T04:13:02
3128,51000,2025-01-25T19:18:03
33445,36989,2025-06-21T21:33:09
7289,60538,2025-02-24T02:03:18
38058,68056,2024-12-28T06:13:07
2116,62947,2025-07-07T09:36:58
33490,85561,2025-01-01T23:18:55
28781,89367,2025-09-22T06:44:03
30887,72054,2024-12-21T07:57:18
23414,31609,2025-04-30T19:28:38
4403,20206,2025-04-22T21:05:25
8491,61948,2025-06-23T05:49:34
31558,26773,2025-09-21T19:24:37
10444,33525,2025-05-23T04:32:11
31759,23881,2025-09-24T15:36:59
6934,79900,2025-02-13T16:18:21
44354,81094,2025-01-10T16:07:28
40131,49794,2025-08-29T21:25:46
15471,91021,2025-01-29T15:32:29
49732,57331,2025-10-16T18:49:10
17853,2132,2025-10-20T23:45:56
6373,76358,2025-08-29T07:37:41
8874,96728,2025-03-23T06:29:37
26854,98878,2025-09-14T22:14:26
48825,52734,2024-12-29T02:03:35
17027,71644,2025-02-20T12:30:16
5316,26455,2025-03-08T02:14:17
40491,57432,2025-09-30T15:14:13
32047,90962,2025-03-19T02:39:40
32003,48081,2025-01-26T02:46:06
16900,9551,2025-10-11T11:24:36
24882,81868,2025-05-23T16:26:10
33111,50303,2025-04-02T17:53:35
27236,40302,2025-07-10T21:33:13
36135,80004,2024-11-28T15:15:32
16103,75343,2025-05-14T03:13:46
25733,76982,2025-05-31T22:47:26
23192,36668,2025-03-25T17:34:21
23015,4892,2025-03-21T17:00:55
45286,38941,2025-02-07T20:19:36
45955,34632,2025-09-02T22:28:35
48414,24091,2025-03-14T08:15:39
17139,62885,2025-07-02T04:28:27
47017,57700,2025-09-04T20:04:52
4656,43634,2025-08-26T22:11:44
40206,13217,2024-12-23T03:53:52
12142,87068,2024-11-07T00:30:06
16615,43425,2025-05-07T02:58:22
3019,12528,2025-04-21T18:22:23
47818,42079,2025-04-28T04:39:10
18268,84195,2025-07-06T13:14:30
43683,63549,2025-09-16T06:46:31
47782,9683,2025-01-24T06:21:37
17174,93095,2024-12-08T09:31:45
4480,30150,2025-04-04T05:43:19
46494,88023,2024-12-21T11:28:41
15622,86828,2025-02-16T20:42:54
28343,90829,2024-12-19T06:19:54
12896,86117,2025-03-21T23:47:18
39603,39233,2025-07-03T21:39:14
9633,29339,2025-04-01T00:32:18
38754,92915,2025-04-07T22:08:26
35483,313,2024-12-19T02:24:26
35683,3024,2025-04-23T09:17:15
32255,16635,2025-05-11T12:00:44
26041,30439,2025-05-16T12:34:45
38808,56020,2025-02-14T22:27:47
26678,65755,2025-10-29T16:17:04
30585,904,2025-10-24T02:40:52
26444,40812,2025-04-12T05:33:17
46761,75864,2025-03-05T16:01:19
1438,42146,2025-10-07T06:46:18
29329,85815,2025-07-15T23:33:53
35089,58813,2025-09-12T09:34:58
47262,31954,2025-01-10T04:37:47
42543,10472,2025-04-01T23:55:52
29230,96805,2025-04-03T18:10:52
24771,47938,2025-04-14T07:06:35
15530,48492,2025-06-23T20:00:35
29244,98083,2025-10-31T23:42:09
43267,47036,2024-12-18T23:02:47
39942,7418,2025-02-18T04:52:46
12037,41349,2025-03-06T14:23:01
37734,63608,2025-02-19T22:16:29
29649,80869,2025-11-06T10:08:28
13556,73704,2025-05-12T23:44:37
21150,51181,2024-11-27T23:12:51
40613,3527,2025-05-26T06:02:23
1611,3467,2025-10-17T08:23:40
33389,49039,2025-07-08T14:42:35
39212,95850,2025-04-16T03:26:04
47323,51316,2025-05-30T05:20:36
14509,40895,2025-03-06T13:05:22
39649,82562,2025-10-10T04:29:30
9760,81781,2025-11-06T09:10:53
37520,98617,2025-06-25T22:52:09
42242,86062,2025-09-22T10:45:31
16880,43992,2025-10-05T00:55:03
49969,97434,2025-03-22T22:15:56
8572,38647,2025-06-24T06:03:02
26563,6611,2025-05-09T17:59:05
41026,20954,2025-07-14T14:17:37
24654,33526,2025-04-02T16:46:01
41611,55236,2024-11-13T21:30:51
46832,13576,2025-04-26T23:29:54
45435,27330,2025-01-08T07:40:34
13630,21856,2025-09-13T20:01:30
18799,73957,2025-06-14T22:18:41
41252,62169,2025-02-03T03:42:44
23624,80034,2025-02-16T14:00:19
35867,6842,2025-06-15T15:31:58
26856,42593,2024-12-24T15:15:16
11267,73217,2025-05-12T00:12:36
38058,85314,2025-03-30T14:08:39
34001,3583,2025-03-20T13:32:21
46941,72874,2025-01-10T12:05:21
13811,41246,2025-05-28T14:24:31
15019,53303,2025-09-07T20:42:35
49537,71806,2025-06-19T00:58:24
41222,11289,2025-07-08T03:02:53
18324,53874,2025-07-15T18:58:50
20126,93081,2025-09-27T14:43:28
11626,99011,2025-01-19T20:28:28
20744,81067,2025-07-04T12:55:37
43238,79609,2024-11-14T23:01:31
23514,71518,2024-11-23T10:04:15
31633,48016,2025-03-30T05:49:36
5680,72914,2025-08-24T03:31:17
27232,20285,2025-08-09T07:37:33
29652,11117,2024-11-28T15:25:07
35417,40842,2025-05-23T12:37:27
26346,71292,2025-09-11T22:42:51
1545,76295,2025-06-02T03:04:13
29820,74637,2025-04-21T10:52:05
42986,14269,2024-11-08T20:28:52
19017,33917,2025-10-05T07:12:26
28493,85481,2025-01-20T22:31:45
11610,77047,2025-09-04T00:31:29
8483,70933,2025-03-01T22:14:52
11907,3869,2025-08-12T12:58:16
36486,92284,2025-08-08T20:37:15
36569,96237,2025-05-13T07:12:37
15506,94048,2025-07-19T19:55:13
4770,68334,2025-02-23T18:03:02
33892,72096,2024-11-25T11:20:55
3896,78705,2025-05-05T13:20:20
20606,58896,2025-04-28T08:49:27
243,12710,2025-07-16T09:57:12
32477,82248,2025-09-05T06:44:39
38393,22788,2025-02-04T18:55:33
26112,89334,2025-03-18T18:58:05
37988,50460,2025-03-30T19:03:51
25208,61488,2025-06-10T12:16:32
14183,50103,2025-09-02T05:09:31
17159,87126,2025-07-22T10:22:26
6573,80607,2025-09-22T08:54:17
15537,24756,2025-08-21T12:45:23
27515,53274,2025-02-15T07:11:02
4281,36297,2025-03-07T07:51:14
7594,52127,2024-11-15T00:50:44
15896,82595,2025-06-08T12:30:09
27493,59100,2024-12-16T17:12:54
19871,19020,2025-10-05T18:07:06
6496,36850,2025-10-10T12:16:04
12654,90864,2025-10-22T04:22:46
11164,46807,2025-03-26T11:46:54
30088,94123,2024-11-07T00:39:33
27031,83220,2025-06-11T22:15:09
7219,39498,2025-09-03T14:35:12
2110,33543,2024-12-26T20:58:05
16360,55930,2025-08-31T07:09:01
29021,77462,2025-06-05T05:15:20
26582,70341,2024-12-11T19:51:25
9104,25496,2024-11-11T12:54:58
20115,49223,2025-05-15T07:39:47
215,38924,2025-02-22T21:18:58
9842,84592,2024-12-10T09:07:11
21981,56476,2024-12-23T08:28:20
47988,51090,2025-07-07T11:17:55
44800,14394,2025-03-02T13:11:08
2032,38835,2025-08-21T08:38:55
11329,26486,2025-01-24T05:19:03
5001,25888,2025-02-06T04:24:18
33212,36750,2025-04-28T14:21:06
10150,10673,2024-11-12T11:39:29
3685,74729,2025-04-13T05:50:38
37420,33387,2025-01-25T00:49:43
44642,94325,2025-08-30T09:19:21
1455,17415,2025-02-18T13:18:51
13333,97518,2025-05-04T04:35:23
45612,50505,2025-10-30T15:21:09
18820,92201,2024-12-24T18:48:03
32297,96709,2025-11-05T20:30:02
15128,4973,2025-04-16T06:56:21
14772,50184,2025-08-28T01:18:43
25288,13680,2025-03-21T11:41:03
42834,66640,2025-10-16T03:44:24
5246,95832,2025-11-05T02:24:29
2996,43245,2025-08-16T06:37:45
10714,89192,2024-12-21T02:23:21
42091,39827,2025-09-03T20:53:51
23880,14824,2025-05-04T02:58:47
30222,61592,2025-08-14T08:37:02
4263,40477,2025-09-06T23:16:03
42480,47032,2025-02-08T18:43:59
42063,57792,2025-10-01T20:08:52
33115,72448,2025-04-27T14:22:43
27821,91639,2025-07-18T05:16:12
22816,28256,2024-11-30T08:16:52
28851,96733,2025-05-31T17:18:49
49008,15112,2025-10-06T19:55:06
25107,6664,2025-07-29T18:18:53
17650,60985,2025-08-09T00:18:49
37109,10108,2025-06-05T10:06:20
9945,21213,2025-05-05T20:57:52
29262,65635,2025-03-08T06:48:26
12689,72438,2025-03-01T13:21:18
48068,85904,2025-03-27T14:25:57
370,96893,2025-01-08T20:05:50
43148,60212,2025-02-17T02:38:31
45028,75240,2025-08-17T12:21:47
14536,84855,2025-08-18T08:22:35
45588,73721,2025-04-05T13:52:18
2935,84525,2024-12-31T15:56:27
8479,88288,2025-01-07T12:10:14
10514,81681,2025-03-04T08:47:11
10562,27770,2025-09-27T19:37:33
22234,12013,2025-03-03T03:25:58
7010,70822,2025-10-19T20:13:35
36144,11317,2025-10-05T00:53:03
13468,29461,2025-10-28T08:58:10
22871,1869,2025-11-05T21:42:16
39930,1357,2025-10-30T12:18:25
24185,3887,2025-05-08T00:52:48
43126,4872,2024-12-11T20:20:54
20355,72126,2025-08-22T08:29:23
6305,80114,2024-12-30T05:10:14
36033,22461,2025-06-09T18:45:12
28172,89860,2025-03-25T18:26:14
39569,60372,2025-03-13T16:23:26
43727,43421,2025-04-29T11:34:11
37698,34601,2025-02-24T20:12:14
22028,61301,2024-12-25T03:52:10
17679,88614,2025-08-29T01:42:46
29977,5232,2025-05-03T16:11:53
49021,49209,2025-05-25T19:19:24
13649,33223,2025-10-23T19:11:31
13795,51013,2025-08-11T06:24:55
22757,1070,2025-03-08T21:33:30
29336,59423,2025-03-05T03:19:04
3266,89474,2025-09-17T03:50:25
22019,87317,2025-10-08T17:34:44
48063,95341,2025-06-18T19:06:32
3551,57723,2025-04-08T00:36:28
28107,53491,2024-12-04T13:35:34
26333,36988,2025-10-24T20:25:56
15398,99731,2024-12-03T12:51:00
46493,73989,2025-07-04T05:09:06
26289,76151,2025-06-16T12:51:23
22710,71361,2025-03-09T18:40:29
18341,60720,2025-11-03T04:58:11
7777,84122,2025-04-05T02:42:23
31988,81762,2024-12-18T00:44:32
32850,26024,2025-10-05T07:52:06
27744,34092,2025-03-22T15:30:14
34589,6665,2025-04-05T05:53:52
1377,7703,2025-02-20T09:44:41
34208,28562,2025-07-29T11:28:21
6429,85754,2025-04-13T19:05:37
34115,33885,2025-01-15T11:08:47
1477,6519,2025-03-30T17:26:12
24011,40373,2024-11-26T08:32:24
562,73997,2025-01-14T15:21:16
47970,47540,2025-05-04T21:36:15
17960,3851,2024-12-16T08:20:36
35626,54857,2025-10-03T21:39:34
35073,74360,2025-01-16T04:07:30
20950,51203,2025-02-27T14:55:43
4064,84573,2025-05-07T23:29:15
29131,50800,2025-01-18T23:51:27
10072,51574,2024-11-22T23:16:26
45390,26375,2025-03-12T04:06:13
46070,42492,2025-07-23T13:11:01
28996,66535,2025-03-04T16:42:01
31790,20683,2025-06-18T10:50:49
35911,2056,2025-10-29T11:49:26
29874,5817,2025-01-12T17:16:46
32613,37728,2025-02-06T16:06:19
38101,60088,2025-10-13T20:00:09
32102,55176,2025-01-08T14:23:48
41365,10969,2024-12-12T19:25:45
42299,80431,2024-12-16T20:15:58
46984,87083,2025-03-20T09:26:33
15641,13559,2025-06-09T21:26:40
40337,58577,2025-06-25T23:57:18
35930,9050,2025-01-08T22:49:15
14218,19551,2025-03-22T03:34:07
41032,16274,2025-01-04T19:57:22
13470,96972,2025-01-28T19:43:17
47925,16698,2025-03-06T09:26:58
19228,30625,2025-08-22T03:40:14
15696,12730,2025-04-10T06:20:01
9682,47908,2025-01-13T12:12:30
24826,12059,2025-06-28T13:24:45
5241,98635,2025-09-15T11:19:13
22949,2521,2025-11-06T03:13:44
36123,22860,2025-08-27T20:24:38
20780,83592,2025-09-20T09:14:27
45678,6315,2025-08-23T14:52:22
42198,6554,2025-05-03T19:08:24
7649,64864,2025-04-06T03:12:15
15234,3287,2025-03-07T21:38:34
47231,93120,2025-01-03T14:41:13
40331,65171,2025-10-24T05:58:02
25375,74310,2025-11-05T16:17:50
49261,35704,2025-04-20T11:37:48
20385,1435,2025-01-15T14:22:07
8034,78079,2025-04-09T08:28:19
25588,76207,2025-04-23T21:32:41
21337,20819,2025-07-15T06:37:19
11283,83105,2025-05-06T11:42:16
43188,23079,2025-09-14T01:09:37
39306,30922,2025-05-17T08:52:08
47551,30125,2025-11-02T08:58:25
22793,76809,2025-08-31T23:34:10
23812,12188,2025-08-31T09:55:59
4614,89360,2025-02-26T16:00:04
12510,24244,2025-04-12T05:04:56
29959,46373,2025-04-03T05:00:44
20783,47900,2025-06-24T20:49:31
38848,59009,2025-09-24T01:21:59
41597,47391,2025-01-07T14:34:32
29305,60312,2025-01-09T08:58:54
46772,12593,2025-08-25T06:47:44
40060,38053,2025-03-16T17:04:50
16204,74361,2025-03-17T06:14:06
14178,22719,2025-02-16T07:59:18
14719,34985,2025-02-15T19:05:03
33309,28811,2025-01-08T06:35:28
35468,16871,2025-03-27T23:54:05
12688,68612,2025-04-04T12:02:25
13913,9808,2025-01-22T23:25:56
4866,76432,2025-09-29T22:29:49
27725,98027,2025-01-02T11:19:04
15086,52757,2025-01-29T01:11:15
41517,13569,2025-07-30T12:16:11
25134,29816,2025-02-03T20:21:46
4953,75032,2025-06-24T15:43:40
37239,6480,2025-07-21T00:42:30
46266,22420,2025-02-15T05:37:49
23226,10142,2025-07-11T17:29:30
44520,70897,2025-07-27T03:51:21
6465,39891,2025-03-10T13:34:17
11545,59436,2025-10-11T03:44:34
29056,86302,2025-07-23T11:18:56
7214,28155,2025-03-10T20:05:07
28,57114,2025-10-22T21:02:03
49497,86221,2024-11-20T03:19:26
47923,28934,2025-10-07T16:50:06
38575,52477,2025-09-17T08:33:21
1006,21918,2025-02-28T21:14:12
34522,68582,2025-05-14T05:28:08
561,28644,2025-09-05T19:10:28
18689,33570,2025-05-02T17:34:57
19248,90707,2025-06-08T19:55:27
36788,29506,2024-11-08T08:10:00
26211,51311,2025-03-21T18:27:32
17656,96507,2024-12-25T03:31:19
35832,88761,2025-09-24T04:21:18
49444,85694,2025-04-09T00:10:22
5906,71200,2025-01-11T08:48:17
44142,2805,2025-10-21T05:04:51
47040,13728,2024-12-01T22:50:16
13235,49074,2025-07-30T22:39:58
25681,20070,2025-06-07T06:55:08
33966,4098,2024-12-09T16:04:15
15125,24921,2025-03-30T20:57:54
16784,75706,2025-01-21T08:27:11
24061,88107,2025-02-17T12:47:15
24480,90708,2025-03-27T11:44:02
31112,55047,2025-02-02T23:08:11
32139,40947,2025-01-29T04:37:35
1193,91287,2025-09-25T21:28:58
5558,5341,2025-10-19T23:55:29
30807,84786,2025-10-10T08:18:59
20092,39515,2025-06-30T01:58:44
36186,56279,2025-08-21T07:51:49
22513,75481,2024-12-18T22:44:30
32350,48679,2025-04-17T10:44:10
43231,21139,2025-08-31T05:00:10
10193,7663,2025-01-21T19:59:35
44942,97828,2025-07-16T13:18:28
49151,55738,2025-03-08T11:43:48
41427,36073,2025-09-15T04:43:32
38214,19439,2024-11-08T21:28:03
12553,15373,2025-01-16T01:31:34
1549,51500,2024-12-25T15:09:45
12494,73373,2025-05-01T01:29:56
26170,9879,2025-01-14T11:25:32
43489,56489,2024-11-29T18:35:27
21532,11380,2025-06-29T22:26:22
22990,27142,2025-09-27T21:05:53
35964,6480,2025-05-06T03:16:19
38187,32920,2024-12-04T10:32:05
20638,95428,2025-10-06T15:00:57
8492,97274,2025-07-08T14:33:07
43846,42044,2025-10-16T08:45:01
14588,40576,2025-03-13T14:39:30
7135,86621,2025-02-02T03:35:17
34743,3538,2025-10-19T22:41:18
24928,58393,2025-01-11T09:10:37
4179,7785,2025-01-25T18:45:26
37868,42110,2025-01-05T19:12:50
35858,18291,2025-03-10T18:57:18
43769,97746,2025-08-23T16:17:01
23947,43964,2025-08-09T02:31:14
11012,73428,2025-08-29T08:41:26
3165,88233,2025-06-18T19:19:26
2852,42694,2025-10-24T14:44:28
1698,910,2024-12-29T05:50:32
33706,47670,2025-08-21T14:25:05
19488,3016,2025-06-28T01:31:14
9226,824,2025-06-05T00:07:49
28341,96833,2025-09-21T11:15:26
31806,54521,2025-06-21T05:17:39
48134,60840,2025-08-20T07:41:47
19462,29289,2025-04-07T06:45:08
10299,22794,2025-09-24T18:51:12
31440,83626,2025-01-13T20:44:55
5156,34733,2025-07-08T08:51:02
39078,75805,2025-08-06T11:14:54
14187,13611,2024-12-11T09:18:56
2375,86397,2025-04-06T01:02:10
2476,70097,2024-11-19T20:57:33
97,71209,2025-06-14T12:37:11
25473,51531,2025-08-17T19:39:19
15528,66223,2025-09-20T23:24:39
44253,78862,2025-08-10T23:02:37
82,5172,2025-09-06T12:40:14
47554,29115,2025-06-23T21:15:53
26176,94969,2025-01-08T01:03:11
28077,84264,2025-01-15T09:33:02
48800,41883,2025-04-24T00:42:25
20583,49503,2025-08-17T18:42:39
41704,32616,2025-01-02T12:35:40
20673,32559,2025-10-02T23:52:09
6173,35539,2025-04-17T19:39:02
44731,84506,2025-04-04T07:36:41
37579,37992,2025-07-13T17:10:01
35060,43896,2025-11-06T11:10:41
31430,79288,2024-12-14T12:16:28
4266,65471,2025-04-16T02:50:22
15336,17079,2024-11-21T06:30:52
41263,66881,2025-09-29T23:16:56
6364,9421,2025-05-14T01:29:51
26617,94639,2025-08-01T10:01:07
31296,82057,2025-08-29T07:19:56
35367,17138,2025-02-16T07:12:26
29104,20877,2025-09-19T03:33:41
34185,86069,2025-07-09T23:57:25
48032,22047,2025-05-19T15:41:36
14807,23059,2025-08-02T09:36:19
43492,32529,2024-11-07T06:22:07
41857,73618,2025-05-22T08:58:15
12005,80759,2025-06-15T20:20:06
16915,90453,2025-07-30T01:38:40
9546,53719,2025-06-22T15:20:37
8487,16355,2025-06-17T22:50:12
8536,49779,2025-03-19T00:19:56
9595,33462,2025-07-30T12:02:21
5925,11090,2025-01-25T01:04:00
40834,83882,2025-01-23T18:00:17
3268,46049,2025-04-15T12:48:49
46105,56994,2025-10-17T02:48:28
27161,25537,2025-08-28T15:44:13
5529,75208,2024-12-09T13:41:06
10805,39088,2025-04-06T21:23:39
41216,15840,2024-11-14T00:51:28
12814,19035,2024-12-20T03:12:16
12216,8149,2025-10-09T13:11:10
3843,73656,2025-07-08T11:24:54
9998,33928,2025-06-03T09:02:42
18815,98586,2025-04-08T20:31:35
32412,13893,2025-09-16T17:48:07
43379,3472,2025-10-10T15:24:43
564,20007,2025-10-29T10:13:20
8658,39638,2025-05-10T01:12:24
12505,91710,2025-03-14T18:15:52
43288,80063,2025-03-09T01:16:43
5079,76201,2025-09-09T03:58:55
42141,48005,2024-11-17T08:51:57
17511,74352,2025-07-22T18:41:54
1589,74832,2025-10-11T23:14:03
2558,74682,2025-03-25T15:31:07
40184,12845,2025-01-24T17:57:47
1450,99569,2025-04-08T18:34:14
30674,44513,2025-01-26T15:03:49
5534,3866,2025-09-06T07:13:47
31445,97420,2024-11-07T04:24:30
20786,20383,2025-08-30T08:49:43
22037,9461,2025-11-05T23:56:35
44656,14123,2025-10-19T21:01:40
44424,19613,2025-03-27T07:29:42
10905,32509,2024-12-26T06:03:54
32212,25297,2025-05-31T02:17:55
30192,74784,2025-06-18T17:48:29
24193,38709,2025-07-26T14:57:25
18925,27165,2025-03-21T09:17:48
4858,97914,2025-06-24T11:47:17
13314,81198,2025-10-08T09:27:29
48952,83922,2025-06-17T19:12:06
42157,23813,2024-11-21T16:41:38
28477,85904,2025-07-26T00:18:36
38312,49944,2025-03-09T14:49:45
2641,72828,2025-02-20T15:52:38
61,21541,2025-06-17T09:20:46
14860,99976,2025-08-04T02:56:05
11378,7630,2025-05-31T16:20:09
1972,70361,2025-08-26T09:59:04
12442,9486,2025-06-19T18:41:53
38947,4020,2025-06-25T12:55:45
47611,30874,2024-12-26T12:05:48
45984,49504,2025-02-05T00:00:53
30762,10095,2025-01-20T06:42:47
23668,8940,2025-03-13T05:05:14
31410,87671,2025-06-22T12:53:51
14013,6723,2025-04-23T14:17:51
3770,15176,2025-08-23T16:59:02
4973,64432,2025-04-18T04:48:11
36288,64945,2025-09-19T07:18:35
4041,45497,2025-07-18T04:51:19
43671,67963,2025-01-12T21:16:48
48293,96680,2024-12-04T17:24:56
36331,32406,2025-08-01T19:20:13
5030,90610,2025-02-04T02:15:57
29153,69210,2024-11-24T05:51:01
20605,2759,2025-01-23T08:28:24
12974,58534,2025-05-03T08:10:24
21173,44758,2025-03-27T17:12:43
31947,73884,2025-10-19T11:07:37
33017,74864,2024-11-09T22:38:40
14044,4325,2024-11-09T08:11:55
47253,93681,2025-09-15T00:15:53
28402,80890,2024-11-24T07:40:24
11271,94191,2025-04-03T01:03:00
3950,72543,2025-07-26T19:07:31
17208,93959,2024-11-16T04:56:42
20306,73073,2025-10-18T23:54:56
44334,78413,2025-03-12T00:48:19
20435,18688,2025-10-26T18:59:05
33661,28095,2025-04-30T00:38:54
42250,58438,2025-04-03T06:13:21
32146,33499,2025-05-31T03:11:10
40331,27144,2024-11-21T02:52:37
17194,26211,2025-08-02T08:41:24
28540,12808,2025-10-25T00:47:59
39078,69341,2025-06-09T23:20:28
15465,25404,2025-10-24T15:18:10
19145,8263,2024-12-23T23:24:41
49100,98248,2025-10-20T06:15:28
2291,57615,2025-04-25T09:56:21
6537,41287,2024-12-21T19:33:43
48406,1882,2025-07-27T09:50:45
18551,52906,2024-12-10T11:37:29
45454,80011,2025-07-23T08:22:01
27494,74204,2025-06-11T01:11:46
24286,98635,2025-05-25T08:05:40
13472,59908,2024-12-13T08:16:12
45255,43258,2025-09-19T06:28:22
10935,7855,2025-04-09T05:23:25
39363,96166,2025-10-28T15:33:35
10433,31512,2025-08-10T18:37:01
20499,11554,2025-08-02T02:40:21
22074,54600,2024-11-30T12:50:30
17734,42504,2025-09-17T20:56:11
26953,36412,2025-09-16T19:01:07
28387,77609,2025-04-22T00:54:23
712,67724,2025-01-27T22:32:07
15131,81674,2024-11-29T23:33:51
46480,83464,2025-03-19T19:36:08
6611,69046,2025-10-06T21:17:26
10196,41382,2024-11-20T01:18:13
33224,93746,2025-07-02T17:33:36
742,49915,2024-11-08T15:19:38
43214,50754,2025-05-05T22:21:14
39005,92616,2025-01-16T16:40:15
46329,36798,2025-05-26T08:06:09
30060,43601,2025-01-16T17:07:52
10961,47134,2025-04-08T14:56:51
1474,54095,2025-06-15T05:50:01
6357,53578,2025-05-16T02:02:51
29815,63563,2025-04-29T18:32:54
22742,88525,2025-06-16T01:57:59
37010,79061,2025-09-02T08:58:24
18534,14585,2025-03-19T01:43:30
14143,88218,2024-12-21T22:25:35
27675,1455,2025-07-31T14:45:03
19739,51184,2025-10-23T13:39:44
27607,91053,2025-06-25T09:06:49
21766,35480,2025-09-05T05:46:22
10665,31737,2025-01-01T11:22:08
33257,39151,2024-11-10T13:24:06
45554,30524,2025-01-13T03:57:53
18335,18291,2025-08-12T14:43:43
15836,5249,2025-06-21T03:13:20
26567,56606,2025-05-01T07:45:22
24749,4250,2025-01-20T10:55:01
46213,530,2025-09-29T08:11:09
39590,97227,2025-02-23T23:46:47
34223,94352,2025-08-17T04:43:42
40581,45072,2025-04-01T05:18:06
46602,85691,2025-02-13T11:53:08
48000,30394,2025-09-25T11:27:47
42368,89947,2025-04-04T01:31:37
32437,2338,2025-04-28T20:00:39
13580,97104,2025-05-30T04:22:40
45240,6582,2024-12-22T02:57:53
6574,70934,2025-08-04T15:10:42
48160,10359,2025-07-21T22:47:25
28616,42704,2025-04-30T15:38:10
31935,72106,2025-05-10T18:30:06
11431,70435,2025-04-05T21:03:12
39252,86347,2025-09-23T18:19:34
47510,89448,2025-06-30T14:56:25
874,44182,2024-11-22T07:33:53
4373,18433,2025-08-09T20:11:51
11723,51288,2025-08-10T18:19:40
36127,37766,2025-08-16T07:15:20
23952,61916,2025-04-13T23:17:48
17658,35690,2025-03-08T05:38:25
16761,93158,2024-12-16T04:53:40
22928,78846,2025-03-03T09:59:06
36866,86002,2025-07-14T01:35:52
44326,90123,2025-01-22T12:37:58
30717,22818,2025-03-03T04:52:59
11143,57568,2025-05-20T08:48:46
6396,51173,2025-09-11T18:29:18
15707,38767,2025-10-06T08:02:00
26939,481,2025-01-17T11:32:12
18803,94585,2025-01-31T01:27:19
39132,39688,2025-09-24T10:12:08
31625,97837,2025-07-21T07:30:01
44260,28536,2025-02-20T15:38:18
44054,43204,2024-12-18T15:06:40
43019,63044,2025-08-04T14:17:17
18155,58375,2025-06-22T06:03:45
3838,78199,2025-06-11T07:16:46
35447,3431,2025-04-08T15:23:03
31756,82421,2025-08-15T00:18:06
8102,63064,2025-04-02T10:10:26
31360,50340,2025-02-13T12:19:03
10450,79603,2025-01-09T11:54:13
28507,75342,2024-11-27T23:40:15
19215,71193,2025-02-01T13:37:17
44827,52235,2025-02-05T20:53:19
31600,68546,2025-06-03T23:24:48
23080,68362,2024-12-21T15:38:29
20350,74778,2025-06-12T06:54:46
45272,44477,2025-04-23T19:02:12
5504,67781,2025-05-11T17:26:39
23379,33980,2024-12-22T16:00:05
32213,89157,2025-06-21T04:59:30
45491,87347,2024-12-17T03:51:58
25568,92059,2025-03-20T13:22:04
43755,12684,2025-09-08T20:36:22
6279,87255,2025-08-20T13:51:29
1330,76353,2025-08-29T20:19:15
49411,230,2024-11-27T16:21:52
43578,70529,2025-05-21T13:59:54
36868,74009,2025-09-24T15:40:38
17110,84777,2025-04-15T04:42:08
35406,31865,2025-09-07T07:51:21
35317,78176,2025-08-16T03:27:09
17931,24474,2025-04-01T02:29:01
47041,24955,2025-04-25T21:22:53
33301,46474,2025-03-11T08:33:46
9851,74103,2025-08-12T16:57:04
5986,41816,2025-09-02T04:56:20
3606,74607,2025-09-16T18:01:17
15060,90392,2025-02-11T16:05:42
19657,10097,2024-11-11T15:25:20
45367,19987,2025-01-06T13:48:54
44450,25813,2025-08-10T13:30:50
26525,26613,2025-08-30T01:06:16
22872,12136,2025-09-24T13:58:57
11445,76702,2025-02-01T03:24:50
10784,78821,2025-04-29T06:42:44
7856,57583,2025-01-01T02:01:37
49886,9785,2024-12-07T04:42:59
29600,47519,2025-06-24T10:55:19
16197,29229,2025-06-12T14:23:07
46364,89198,2025-09-20T04:38:39
7438,41253,2025-06-20T02:13:55
4461,29426,2025-08-22T08:10:05
6592,56289,2025-03-25T21:45:46
37653,69242,2024-12-17T19:14:09
10565,49480,2025-09-09T10:40:55
20965,71838,2025-06-08T10:35:52
20977,28514,2025-11-01T11:59:50
41425,70068,2025-04-03T10:52:58
36224,91684,2025-02-26T08:12:15
27083,67429,2025-04-22T23:30:34
10463,55332,2025-03-15T09:48:57
35682,76074,2025-07-27T08:01:16
33330,97085,2025-01-14T03:50:57
8603,97801,2025-07-19T18:48:51
2110,87147,2025-02-23T03:29:07
3632,27001,2025-05-06T03:32:13
32202,51983,2025-10-13T10:56:54
16733,74602,2025-11-01T15:31:02
13597,12990,2025-10-25T13:50:21
47200,3706,2025-01-22T11:11:51
32887,98875,2025-02-02T02:50:11
18022,46512,2025-07-31T22:16:38
7688,14809,2025-08-11T13:14:39
48555,26264,2025-07-27T12:02:43
18716,9704,2025-02-22T06:27:17
32686,41392,2025-10-29T19:21:13
33781,58858,2025-05-31T05:52:12
15806,78452,2025-09-03T00:27:16
5000,34409,2025-07-02T12:51:51
44908,39527,2025-03-23T14:50:27
32058,32543,2025-09-17T13:27:37
42760,65221,2025-10-18T22:45:59
45100,8632,2025-09-11T16:15:02
40388,29569,2025-07-08T14:04:40
39208,19859,2025-10-24T11:51:00
39546,59178,2025-09-20T01:41:50
47698,31509,2025-07-08T01:06:41
45828,46701,2025-04-29T05:40:26
12339,43822,2025-08-02T21:41:14
32907,79155,2025-04-01T07:50:14
42027,5126,2025-10-30T09:21:30
24286,72973,2025-08-09T15:04:55
48967,91066,2025-10-16T13:34:23
39720,41335,2025-07-25T04:29:12
39901,30099,2025-10-18T09:16:49
15558,3776,2025-08-11T20:19:09
18660,77181,2024-11-22T08:27:51
14959,96594,2025-10-11T00:16:26
5926,43026,2025-06-23T12:45:08
9233,29942,2025-10-29T22:08:40
34521,3944,2024-12-12T22:00:35
40749,98808,2025-02-04T03:31:29
4245,56237,2025-09-04T00:28:58
4813,59188,2025-09-02T05:05:45
46800,11221,2024-12-20T15:10:16
23597,72544,2025-03-27T18:48:13
5896,57210,2025-01-27T21:16:04
15352,65584,2025-02-07T21:34:16
46742,29825,2025-07-11T03:17:46
4459,91563,2025-02-04T09:13:41
9259,71062,2024-12-05T02:10:47
21900,39024,2024-11-25T11:12:25
15537,38341,2025-05-07T11:44:41
18850,49126,2025-01-04T07:39:41
47083,83585,2025-01-14T17:05:11
32989,65063,2025-07-06T19:00:17
17684,4544,2025-06-15T02:48:10
2477,25362,2024-12-26T02:36:50
29019,40042,2025-10-31T20:53:21
42374,62734,2025-10-27T07:22:55
11036,65782,2025-01-30T05:39:00
29020,92611,2025-10-25T03:25:27
48944,59613,2025-05-19T05:36:18
34964,70079,2025-08-24T10:42:46
21556,36507,2025-04-07T00:19:34
20355,74884,2025-04-01T02:57:46
45284,52209,2025-05-25T21:21:32
21112,33630,2025-08-02T07:11:09
37763,73767,2025-09-10T09:17:40
44767,27720,2024-11-13T23:57:54
7234,56432,2024-12-22T08:09:28
12433,27497,2025-10-14T20:34:41
20566,67236,2025-09-07T20:21:06
47611,52328,2025-09-30T02:55:35
27068,68615,2025-09-16T08:01:55
45859,44347,2025-02-20T16:31:21
35321,61966,2025-09-27T16:48:58
38900,82320,2025-10-07T12:06:39
14284,39988,2025-04-12T16:40:25
21766,52919,2025-07-07T04:25:58
24530,15730,2025-03-11T11:37:28
4177,71807,2025-01-09T08:45:32
49035,54099,2025-04-24T10:18:46
19748,86239,2024-11-14T02:24:14
45068,98861,2025-10-10T14:58:48
10033,65923,2025-10-29T23:04:00
8370,48534,2025-02-04T19:52:51
12544,88120,2025-08-12T20:27:56
29582,87658,2025-06-16T02:13:11
21057,27597,2025-01-08T15:08:08
6729,31756,2025-02-23T13:25:09
47325,51403,2025-05-19T12:29:13
13400,59665,2025-02-07T17:12:31
25145,59923,2025-08-17T17:02:46
44474,10478,2025-09-04T18:03:00
44176,39230,2025-05-11T20:35:15
42344,34852,2025-03-07T20:33:45
8491,40252,2025-08-11T11:36:02
40828,34342,2025-05-08T13:23:55
4784,42782,2025-01-08T13:03:33
27103,79698,2025-02-26T09:56:58
39803,73972,2025-01-21T10:35:39
20195,51448,2025-10-07T00:43:40
24778,93965,2025-03-12T12:10:49
49472,96313,2025-07-29T20:18:58
39121,45945,2025-01-07T20:55:26
25267,91263,2025-01-21T08:38:31
48439,19695,2025-06-20T01:36:53
33082,95739,2025-08-23T18:05:11
25795,46370,2025-06-11T11:14:58
2056,5348,2025-09-23T15:15:57
27652,99796,2025-10-30T23:56:14
44046,44244,2025-07-20T02:29:55
2261,96335,2024-12-11T13:03:05
46651,88905,2025-08-03T17:49:23
35716,14757,2024-12-05T10:42:36
14102,3509,2025-02-07T02:30:04
39044,8753,2025-07-24T09:57:37
3700,73466,2025-02-23T22:40:40
35604,65703,2024-12-13T16:21:00
24477,68375,2025-03-29T21:16:20
49851,1028,2025-09-06T17:10:46
28132,31725,2025-08-05T16:42:00
7667,32747,2025-09-14T15:45:18
34720,57876,2025-06-23T03:12:46
12435,20814,2025-08-27T18:51:27
26639,80213,2025-04-13T05:09:39
12956,29492,2025-06-29T10:46:51
4793,79825,2025-09-06T07:37:04
3507,57187,2024-12-09T02:46:04
17272,95917,2025-01-07T11:16:02
17824,16503,2025-03-12T17:25:50
17090,18631,2025-03-12T02:19:17
45575,13738,2025-08-24T01:37:26
16729,67537,2025-03-11T12:57:44
30342,81357,2025-06-06T09:36:21
27768,24434,2025-03-06T07:58:24
5825,89171,2025-08-31T06:38:54
11285,73557,2025-08-24T23:19:11
49869,39895,2024-11-12T17:46:25
46796,67970,2024-11-15T01:07:14
44896,93324,2025-02-15T15:47:34
22645,11911,2025-06-26T11:11:07
10656,57022,2024-11-08T05:26:34
1336,23868,2025-01-08T23:14:10
20067,93585,2025-10-01T05:40:04
16115,65835,2025-09-27T14:11:53
20645,94445,2025-03-14T15:53:11
46193,99878,2025-01-11T01:17:28
33581,10332,2025-07-09T15:02:31
8229,62675,2025-07-17T00:22:20
9381,47200,2024-12-19T12:16:21
45005,36318,2025-05-08T00:49:16
18819,83523,2024-12-02T16:56:36
47645,75586,2025-02-02T04:23:47
2392,38880,2025-06-03T02:49:00
11602,4262,2025-09-18T23:32:10
20652,20953,2025-10-05T15:18:59
18601,11424,2025-01-30T22:59:29
20726,93994,2024-12-08T10:49:14
23206,36132,2025-02-07T14:35:39
44841,30504,2025-07-17T18:50:05
43104,51225,2025-01-18T19:01:49
36962,12455,2024-11-08T01:35:29
14364,42623,2025-10-08T08:54:05
996,69007,2025-08-21T21:44:38
35543,72162,2024-12-26T18:02:35
27088,38765,2025-04-23T20:13:11
29726,42481,2025-04-09T08:54:53
18905,34534,2025-04-15T23:07:47
21176,57132,2024-11-20T04:52:43
25891,74273,2024-12-12T14:18:13
9022,27629,2025-08-28T08:16:20
4601,15170,2024-12-14T07:53:19
782,20425,2025-10-22T09:11:24
25810,11956,2025-06-06T01:22:00
29541,98711,2025-04-24T02:43:49
34144,62641,2025-05-27T02:46:09
42762,89602,2025-04-27T09:39:05
48431,72719,2025-08-26T23:25:23
6252,74137,2025-10-17T09:48:12
39185,26927,2025-06-27T04:54:40
31563,26801,2025-03-25T20:22:01
34397,78652,2025-09-28T09:53:13
29889,84783,2025-06-03T08:01:26
15378,56058,2025-06-29T01:26:38
6703,97648,2025-04-12T22:54:56
23384,98553,2025-05-16T08:07:54
39639,8651,2025-03-04T06:35:08
40935,49002,2025-05-29T13:50:21
43599,41185,2025-06-15T13:33:17
31653,21254,2025-10-28T02:04:49
140,11931,2025-10-30T15:31:16
15485,38399,2025-10-10T15:11:07
12348,18891,2024-11-30T13:01:30
39902,68340,2025-03-01T06:39:18
13090,54049,2025-05-10T07:39:38
31119,26800,2025-03-29T10:57:43
47823,7618,2025-04-23T02:01:41
9188,91626,2024-12-22T22:37:26
24346,83144,2025-02-25T03:01:54
4441,98492,2025-06-15T12:07:10
12725,59746,2025-01-23T00:41:30
36911,76648,2025-02-16T14:10:04
7608,29211,2025-06-23T01:26:46
12100,3286,2025-10-20T21:54:47
32846,22398,2025-09-13T21:36:09
17378,9892,2025-10-24T16:08:16
43230,94918,2025-06-25T09:23:21
36392,81057,2024-11-12T03:04:02
15197,61199,2025-10-26T21:31:31
28147,89483,2025-03-03T19:39:28
10196,79544,2025-08-18T10:41:34
39989,19417,2024-11-29T12:37:08
10147,63910,2025-02-11T22:40:18
31276,14126,2025-07-02T18:57:04
22096,93746,2025-07-28T12:58:57
7349,67246,2024-11-06T17:46:06
24690,29348,2024-12-22T15:15:29
38102,55260,2025-05-05T03:53:20
38969,78596,2025-02-23T23:00:09
10780,51113,2025-03-17T19:59:13
25232,71005,2025-04-16T05:54:18
11380,48589,2025-10-06T16:31:35
2582,30196,2024-12-18T17:50:27
36704,77222,2024-11-16T16:39:46
40330,35168,2025-03-28T22:33:01
22445,33178,2024-12-25T08:07:26
48085,43301,2025-08-10T04:09:16
19812,59700,2025-03-22T08:09:13
23035,17460,2025-07-07T07:47:54
5778,73369,2024-12-25T07:21:23
37468,29468,2025-04-06T18:06:04
44009,14907,2024-12-05T17:42:13
4992,17837,2025-02-04T11:16:23
40132,24571,2025-07-15T05:41:41
5124,44047,2025-04-11T20:34:43
12525,17099,2024-11-14T13:16:07
21148,19623,2025-01-12T16:57:48
830,19890,2025-10-07T17:29:05
43968,47830,2025-01-23T20:27:40
44090,2390,2024-11-22T17:52:52
17965,27543,2024-12-12T01:38:10
475,34449,2025-06-07T03:01:29
39064,3091,2025-06-30T01:16:56
34699,94372,2025-07-24T17:12:48
37559,32427,2024-11-28T19:59:52
34176,24425,2025-01-26T19:38:42
11246,90756,2025-10-11T13:35:32
14531,91061,2025-08-26T01:22:47
19679,28554,2025-09-05T21:12:44
25190,17922,2025-07-01T16:30:42
23647,66470,2025-11-06T10:41:05
46068,18219,2025-01-31T11:49:33
32927,24547,2025-05-29T00:27:45
17933,63471,2025-05-01T07:52:56
42573,49910,2025-01-18T21:13:50
44782,22829,2025-10-23T15:04:34
30103,40957,2025-01-18T15:20:42
4952,96766,2025-09-13T20:58:49
32475,51800,2025-01-05T14:10:40
41718,31887,2025-04-05T22:10:30
35757,5315,2025-06-05T21:13:06
11592,41543,2025-07-21T06:02:55
38082,38654,2025-09-10T21:24:58
25879,38268,2025-07-09T20:42:16
43767,15887,2025-04-19T13:31:47
41586,878,2025-09-18T01:11:02
16984,21137,2025-10-20T04:22:36
5600,35081,2025-03-27T04:14:17
2192,28810,2025-07-21T03:41:17
22498,13547,2024-12-28T23:21:36
7375,25920,2025-10-18T05:02:13
47408,64306,2025-06-24T14:53:29
27957,56646,2025-01-30T17:48:55
44477,84713,2025-08-30T05:43:34
15070,2672,2025-01-05T06:22:49
16783,54363,2024-12-26T06:55:40
35007,33530,2024-11-18T12:57:33
27265,35404,2025-07-26T20:53:38
49310,61934,2025-04-17T18:25:29
40587,45150,2024-12-18T12:04:48
37687,86012,2025-04-09T16:46:15
48184,88360,2025-07-15T04:35:35
27357,67436,2025-06-06T03:14:27
14056,29208,2025-01-28T10:50:51
46884,22248,2025-01-20T16:01:05
32795,80378,2025-01-16T05:53:25
8349,32309,2025-09-29T22:40:11
22817,56919,2025-04-30T13:24:17
37269,30366,2025-11-02T19:20:27
13132,29211,2025-02-11T09:52:14
42944,56436,2025-09-29T09:50:35
30536,73860,2025-07-07T20:58:49
15184,63780,2025-06-08T15:03:25
12135,6085,2025-06-15T03:49:21
33102,86289,2025-07-17T03:45:21
38724,26058,2025-06-28T21:27:02
1749,40357,2024-11-11T11:49:07
32694,13094,2025-11-01T15:41:41
46823,25436,2024-12-31T07:40:50
25181,13934,2025-06-23T18:20:53
3133,37442,2025-05-25T06:09:06
46561,90065,2024-12-31T21:39:17
44690,61679,2025-01-07T06:05:47
3207,5387,2025-03-03T11:49:11
6911,34401,2025-09-21T02:33:41
17212,67711,2025-02-04T20:55:56
24832,62540,2025-09-19T20:00:56
17043,78517,2025-03-26T08:27:35
37159,35474,2025-08-12T12:34:14
27021,73780,2024-12-25T18:15:29
2534,74480,2025-04-19T01:54:13
10595,37216,2024-11-11T02:55:01
42459,54361,2025-10-23T07:58:28
42184,67741,2024-12-26T18:44:37
3553,62229,2025-02-15T14:16:04
36138,4296,2025-02-07T06:03:04
2815,70423,2025-03-29T11:42:39
32295,64200,2025-09-22T23:29:36
6792,45839,2025-05-30T23:27:17
30561,93665,2025-09-15T08:10:10
29259,98518,2024-12-19T00:34:13
9447,71800,2025-06-16T03:35:11
23725,95618,2025-03-17T11:47:06
22916,19853,2025-01-23T06:28:28
38387,71288,2025-08-02T01:26:26
24415,27611,2025-04-28T06:45:32
9758,7219,2025-03-31T18:04:27
10620,24853,2025-05-12T09:08:58
34384,70670,2024-11-13T04:16:59
5032,5728,2025-08-26T06:31:55
36768,11567,2025-05-04T20:04:14
38259,74665,2025-07-04T23:09:53
33824,78530,2024-12-09T10:14:06
21116,3058,2025-08-17T10:42:46
21180,14972,2025-08-10T15:03:03
8948,25110,2025-02-06T19:42:53
41982,64021,2025-01-02T04:44:58
30389,5033,2024-12-16T04:05:11
34046,78379,2025-10-14T17:46:20
49375,24787,2025-08-16T13:54:31
33014,87912,2025-06-10T00:06:50
18059,16395,2025-04-09T03:03:34
25474,49881,2025-02-09T17:42:17
18593,17584,2025-10-16T10:33:59
49285,34717,2025-07-08T06:46:24
33934,52239,2025-09-13T14:20:11
37254,68522,2025-05-30T05:00:13
24272,45619,2025-05-10T01:37:41
30568,11220,2024-12-29T14:14:17
49618,92955,2025-05-14T12:52:08
41163,47426,2025-08-11T21:56:11
40032,6373,2024-12-20T08:10:11
15244,35961,2025-02-20T13:00:50
45860,29909,2025-03-05T21:30:46
10362,18876,2025-01-12T18:29:24
18333,85178,2024-11-08T14:42:55
38854,72554,2025-02-15T21:13:30
18044,71997,2025-02-11T22:36:08
15021,30917,2025-09-05T17:02:41
14293,38924,2025-05-18T15:51:18
15662,34779,2025-03-01T09:50:45
19991,22943,2024-11-09T14:55:02
45891,64626,2024-11-22T09:57:27
18193,54710,2025-10-18T13:45:35
46541,13382,2025-01-01T01:20:06
18673,31944,2025-05-26T09:48:08
9429,20216,2025-09-06T02:19:59
19240,41994,2024-11-25T00:41:33
22025,39013,2025-06-05T21:26:52
40278,9801,2025-06-10T03:18:22
48015,25358,2025-06-25T01:55:25
49162,40418,2025-01-22T06:38:51
44839,57817,2024-12-08T10:21:55
2087,55017,2025-04-26T01:41:05
24187,66705,2025-01-23T09:13:26
23342,15036,2025-04-08T23:05:07
33534,73127,2025-01-27T06:53:05
41318,4620,2025-09-16T11:11:39
19664,59151,2025-10-29T20:46:11
19312,93789,2025-08-14T07:41:26
30367,93979,2025-08-07T04:55:44
45462,26521,2025-05-26T01:07:14
3103,6848,2025-03-11T15:57:38
31032,52955,2025-10-27T15:56:19
10299,43005,2025-09-27T02:34:33
16666,74258,2025-09-02T19:41:34
18090,1172,2025-04-13T00:08:41
16759,33448,2025-01-06T13:43:11
5588,33823,2025-04-20T19:29:49
3427,46439,2025-08-23T06:31:57
20505,22784,2025-09-29T23:53:29
26945,98378,2024-11-08T06:12:53
8140,44585,2025-03-19T02:42:53
39574,18330,2025-01-17T21:29:40
37222,79300,2025-07-24T03:38:25
36693,76309,2025-01-10T21:56:39
18212,61910,2024-11-12T08:25:50
45628,17262,2025-05-10T20:19:43
35536,92326,2025-02-15T16:25:07
47930,39305,2024-11-23T17:09:56
5577,26417,2025-01-08T06:42:28
836,13417,2024-12-24T06:43:38
36011,62795,2025-11-05T09:15:17
10878,70881,2025-07-18T21:17:00
17369,88525,2025-04-26T20:37:45
7152,67235,2025-04-01T12:11:11
14778,68004,2025-03-16T07:37:18
45069,4358,2025-05-17T06:24:57
23956,24846,2025-06-04T16:19:57
10101,67940,2025-11-02T13:45:54
16230,22549,2025-02-02T12:24:26
32003,12973,2024-12-08T14:32:05
45712,89209,2025-04-25T21:28:50
22503,93721,2025-10-11T13:23:11
17256,53267,2025-08-18T19:16:19
36814,54163,2025-06-02T03:53:15
5281,80238,2024-12-21T07:17:31
253,89819,2025-03-18T06:42:40
9197,19184,2025-10-13T16:40:16
35619,46224,2025-09-18T18:38:43
46825,48410,2024-11-09T05:05:55
38824,59209,2025-01-18T01:34:17
9529,27529,2025-02-01T19:02:14
14329,1470,2025-04-20T22:01:07
47021,84539,2024-11-09T04:37:22
35318,90084,2025-05-01T20:12:30
14285,12052,2025-06-28T02:08:17
2993,3825,2025-07-08T23:52:44
44350,69999,2025-05-01T06:36:04
10415,62310,2025-02-18T02:56:28
45338,44468,2025-10-29T14:03:05
41663,46988,2024-11-09T15:52:42
14291,59063,2025-01-26T10:34:45
34845,97337,2025-07-25T13:44:23
3547,73414,2025-07-27T20:49:58
15917,4359,2025-08-07T21:40:33
33182,4719,2024-11-12T02:32:45
18771,20468,2025-04-28T21:34:52
21818,53788,2025-01-13T21:22:19
27571,85102,2025-03-31T05:29:00
37577,95093,2025-10-06T21:36:50
12496,39359,2025-02-10T04:37:52
29027,89022,2025-02-21T06:19:28
14792,60807,2025-04-16T10:18:50
25450,94152,2025-01-14T09:06:46
2349,75478,2024-12-21T05:05:06
46717,38788,2025-01-05T09:12:40
48029,16801,2025-07-03T08:39:55
43324,68493,2025-03-27T02:30:34
22885,85257,2025-02-17T06:37:49
18389,82268,2025-08-30T18:17:29
20147,93509,2025-10-20T19:40:24
28716,49457,2024-11-27T08:28:57
29967,44949,2025-01-20T19:34:50
45510,55522,2025-10-24T12:47:50
16429,80527,2025-08-05T20:18:43
3152,42431,2025-02-19T05:08:41
9986,61624,2024-12-17T06:11:29
43659,77638,2024-12-03T18:59:41
40007,44954,2025-11-02T10:51:58
25877,78177,2024-11-25T23:51:11
14549,26560,2025-05-12T05:54:21
13128,43554,2025-09-15T14:46:31
7166,39890,2024-11-28T15:09:26
18709,6655,2025-04-08T19:57:45
32516,61923,2025-06-26T14:23:49
1304,674,2025-11-03T08:01:59
44324,76786,2025-05-12T14:36:56
15927,41455,2025-03-29T00:40:12
46921,81431,2025-08-14T14:59:02
43013,73608,2025-02-16T12:48:02
40836,45847,2025-03-19T08:05:09
22436,73677,2025-07-29T17:41:59
39043,83035,2025-10-04T13:03:13
2615,20393,2024-11-19T10:07:00
39496,3304,2025-05-25T15:23:29
43885,37047,2025-07-21T21:42:03
11010,15397,2024-12-16T23:35:19
5448,77486,2025-04-10T11:50:21
37137,44687,2025-08-02T02:27:45
19514,16216,2025-02-07T22:06:46
25205,12639,2025-05-01T23:08:24
1452,57551,2025-10-12T23:42:22
33436,61711,2025-07-10T05:34:41
33258,44201,2025-02-20T06:52:14
42574,20156,2025-05-27T07:07:21
40991,33288,2025-10-12T23:59:32
8015,77914,2025-01-19T10:56:52
9076,28185,2025-04-09T15:06:35
23089,38120,2025-04-16T11:27:18
19095,16887,2025-09-10T01:27:58
43175,38301,2025-05-27T16:07:53
15545,14396,2025-09-27T15:07:48
17640,23116,2025-11-05T07:55:58
49463,93107,2025-09-29T12:41:22
10170,60046,2024-12-12T11:31:35
38749,35000,2024-11-27T11:06:15
39016,82880,2025-03-07T06:33:15
15988,10245,2024-12-28T22:23:46
31212,70974,2024-12-11T12:45:33
31000,96711,2025-01-27T22:31:47
21503,1219,2024-12-06T06:07:45
8061,39224,2025-03-22T09:51:43
4077,4495,2025-01-03T00:40:12
48770,12813,2025-05-16T17:41:45
30285,31417,2025-09-28T09:04:16
30504,89712,2025-10-30T23:43:25
37816,1080,2025-08-10T05:07:41
20506,68020,2024-12-26T05:08:29
9442,76488,2024-12-22T06:07:07
42752,19139,2025-03-08T09:49:14
3825,20186,2025-09-15T18:26:47
11634,80679,2025-06-16T20:14:45
46613,14241,2025-03-16T21:06:16
25028,70543,2025-01-27T04:45:41
22873,92459,2024-12-26T14:44:35
48511,60217,2025-07-07T20:10:31
31660,7376,2025-09-27T16:53:33
18334,21801,2025-10-05T09:57:59
32706,93374,2025-09-06T04:09:33
16301,50014,2025-04-20T10:57:11
22425,3725,2025-04-24T21:18:48
12732,53368,2024-12-13T17:49:39
43482,84980,2025-05-29T07:47:56
19940,54227,2025-06-29T22:33:11
40827,19145,2025-07-24T15:56:05
47460,36556,2025-05-12T12:16:43
47052,79618,2025-06-28T22:03:19
46549,59166,2025-02-15T15:03:33
29363,50498,2025-09-03T08:06:25
43677,63546,2025-11-04T16:12:18
34479,22000,2025-05-12T01:11:52
29188,1347,2025-09-16T15:58:37
39213,84729,2025-10-07T06:43:03
30963,3546,2025-10-11T05:16:34
47804,63167,2025-01-24T11:29:01
7357,78452,2024-12-28T06:26:05
41306,96600,2025-01-31T17:18:41
12487,39034,2025-05-22T07:53:32
5368,80354,2025-06-26T05:54:51
35324,81658,2025-05-09T20:48:32
41548,48236,2025-01-27T18:44:56
5504,29799,2025-04-16T13:27:00
18668,5694,2025-05-02T16:33:49
4520,89950,2025-01-02T03:09:19
47919,67086,2025-05-12T18:30:44
33905,80255,2025-02-18T19:01:57
37769,67113,2025-02-02T01:37:06
13850,72955,2025-07-02T22:39:30
6849,23011,2025-06-07T19:02:07
9923,50904,2025-09-24T18:46:31
14755,88858,2024-11-19T16:31:41
10601,14062,2025-01-15T13:55:35
48638,32734,2025-09-14T23:30:58
29340,59738,2025-04-03T19:03:48
39532,14556,2025-02-28T21:19:09
21142,58248,2025-10-15T00:42:51
14818,48951,2025-05-15T06:35:20
46553,26930,2025-04-03T08:26:12
19364,66024,2025-06-04T17:07:35
29870,494,2025-02-24T16:25:59
27836,60989,2025-07-06T12:30:43
22277,30764,2025-01-13T11:26:58
2431,75939,2024-11-10T20:54:26
47416,23463,2024-12-07T02:16:45
40062,594,2025-03-07T08:44:02
21131,51511,2025-10-03T08:48:20
42981,62473,2025-04-28T16:03:43
40782,39377,2025-01-23T15:56:49
13331,56300,2025-03-11T20:09:13
24785,84266,2025-08-21T01:58:55
48502,75391,2025-02-17T10:38:10
41703,98676,2025-03-24T14:21:44
39926,86831,2025-03-02T09:33:39
3065,82371,2024-11-19T08:02:36
15552,60653,2025-04-19T00:04:00
18340,57266,2024-12-28T01:30:40
3644,35233,2025-01-25T01:54:30
18168,54796,2025-08-08T13:18:20
42147,51374,2025-04-15T08:40:15
26230,16171,2025-02-23T19:48:15
46694,14186,2024-12-21T21:06:00
34088,27606,2025-10-14T22:56:28
39776,3953,2025-08-06T19:02:16
6247,14697,2025-01-15T09:04:24
5832,25270,2024-12-02T13:50:43
34242,56636,2025-10-31T23:02:27
46447,58838,2025-02-10T06:15:21
47724,91944,2025-08-04T23:56:11
11330,99870,2025-02-21T17:14:06
24611,17113,2025-02-17T14:12:07
49256,4047,2025-03-27T04:01:44
33539,22130,2024-11-25T03:53:58
36997,23960,2025-02-13T10:45:13
47783,62609,2025-02-19T13:16:41
27105,29567,2025-08-26T12:26:45
2651,99997,2025-10-25T12:19:45
41517,32810,2025-09-30T07:45:40
2124,84922,2025-07-16T20:52:42
39528,57409,2024-11-12T20:34:04
16209,94181,2025-01-07T23:44:19
18944,29436,2025-02-03T09:49:49
4001,52728,2024-11-09T09:34:35
12247,4156,2025-05-25T18:44:17
24775,70533,2025-04-05T17:29:54
33155,42771,2024-12-14T05:03:40
5,15295,2025-10-12T07:40:36
19374,76215,2025-03-16T07:02:09
36467,61835,2025-10-09T01:41:31
39609,52129,2025-05-28T19:11:38
49321,28777,2025-04-06T10:46:32
10192,38929,2025-03-09T16:57:44
24278,64499,2025-04-24T03:07:17
33455,91108,2025-09-19T02:36:03
28926,42650,2025-04-30T23:10:29
27440,57147,2025-04-17T12:07:08
13803,15454,2025-10-07T04:23:08
7266,87081,2024-12-11T17:26:28
28900,10005,2025-08-22T17:19:59
9138,71454,2025-05-17T02:32:56
23120,93130,2025-09-11T13:00:18
30440,93186,2025-05-19T11:03:38
30789,83494,2025-02-01T09:25:48
39597,57056,2025-10-13T06:10:51
48558,60945,2025-09-07T13:33:26
26831,6412,2024-12-11T09:03:25
19374,55017,2025-09-10T02:45:38
3863,67750,2025-04-26T12:09:38
40049,37903,2025-05-21T20:01:31
48102,90813,2024-12-10T10:51:48
38791,52248,2025-06-23T13:27:35
4332,8034,2024-12-26T22:21:31
33782,23126,2025-05-04T07:40:54
30259,46299,2025-07-06T23:02:45
21408,52180,2025-10-23T13:57:41
10253,26789,2024-11-27T21:29:06
11219,10585,2025-07-18T21:37:40
43049,73549,2025-02-03T08:34:23
37186,37833,2024-11-16T00:31:51
27829,63513,2025-02-16T22:37:30
30360,30131,2025-04-23T07:42:27
5511,62451,2025-05-27T08:50:05
24524,1020,2025-01-04T19:24:35
46504,58962,2025-02-13T21:31:50
38899,47085,2025-01-28T09:53:29
15352,32102,2025-03-01T10:56:43
13332,75915,2024-12-27T16:42:27
29362,93420,2025-03-20T04:57:29
40216,47245,2025-03-14T07:56:13
11540,77192,2025-08-19T21:27:47
5880,34653,2025-06-23T01:40:31
6185,8837,2025-06-06T14:46:25
1456,98056,2025-01-31T14:19:07
4761,62467,2025-08-23T04:17:06
7493,44526,2024-11-27T10:40:29
34488,78420,2025-08-27T16:20:51
19513,28019,2025-01-26T04:39:21
5432,14279,2025-05-16T16:54:47
5532,8188,2025-04-18T04:13:05
8402,37167,2025-01-10T07:45:54
39218,6770,2025-08-07T22:03:46
48492,77678,2025-04-20T20:17:10
4584,64291,2025-01-20T04:23:29
31067,28595,2025-01-27T01:52:12
17981,33634,2025-05-18T01:45:30
26407,73286,2025-01-10T02:53:37
25051,13173,2024-11-13T09:10:50
27663,50337,2025-10-30T21:32:45
20346,15055,2025-01-11T11:14:44
12795,41962,2025-01-15T14:25:09
2832,39568,2025-03-02T11:32:04
37829,2317,2025-05-18T21:33:33
26978,95853,2024-12-07T23:17:50
45042,63736,2025-10-15T21:46:04
33691,46011,2024-12-17T12:45:19
7900,49368,2025-04-11T10:40:36
31449,75122,2025-01-31T05:43:26
32751,75907,2025-07-03T02:27:20
18291,38776,2025-04-17T15:49:33
47629,9483,2025-06-08T02:10:54
6292,85588,2025-06-27T10:17:00
14260,8100,2024-11-27T21:33:26
14472,52744,2025-08-18T11:29:17
10450,69315,2025-07-16T12:25:30
4076,21889,2025-09-23T02:00:03
35526,32377,2025-10-27T16:47:11
36998,49653,2025-10-13T16:09:01
47883,18293,2025-04-04T13:14:36
8449,14470,2024-11-23T06:59:09
43198,11577,2024-12-28T05:13:07
14403,35233,2025-04-29T10:00:05
34531,30187,2025-04-28T17:38:08
43469,5052,2025-03-14T21:17:49
28672,80110,2025-04-11T05:06:53
48476,5191,2024-12-12T09:35:30
15646,8042,2025-05-16T06:29:08
10712,9669,2025-09-29T20:33:53
46124,5372,2025-03-31T09:23:23
18694,16097,2025-05-30T01:38:26
7986,6434,2025-04-04T02:40:17
11417,99301,2025-08-01T23:19:29
13406,41320,2025-01-16T13:11:24
31941,93296,2025-04-15T09:57:24
45605,25313,2025-06-06T15:22:00
2495,49932,2025-10-02T17:21:08
11063,729,2025-10-26T07:58:38
39405,33,2025-07-10T19:39:46
25955,1182,2024-12-16T23:48:40
5244,99793,2025-10-11T17:50:14
49298,53590,2025-06-24T14:03:16
7929,38953,2025-03-08T06:45:07
5448,97099,2025-03-22T05:57:58
31889,69729,2025-05-20T06:29:12
3889,44536,2025-11-04T04:23:34
31367,69591,2025-09-03T03:18:53
9409,18246,2024-11-19T01:51:28
2229,18247,2025-04-18T02:44:24
12509,7101,2025-03-28T13:13:31
40925,90832,2025-07-22T09:13:43
7110,68174,2024-12-31T13:12:11
13694,9967,2025-09-19T22:45:29
23487,67172,2025-04-26T00:29:26
41261,32345,2025-07-11T12:05:36
38040,51527,2024-12-11T02:37:33
40698,60403,2025-07-12T18:56:05
22140,36806,2025-04-03T10:26:31
36121,54455,2025-09-07T06:24:32
35817,17607,2025-07-10T23:46:06
44053,36125,2024-11-11T17:31:09
30971,93395,2025-09-30T05:40:22
1377,86853,2025-02-26T14:19:13
5114,6102,2025-06-12T08:04:46
46553,71545,2025-11-04T07:49:49
49590,19533,2025-03-18T01:28:42
47880,49248,2025-02-01T08:58:31
28747,29746,2025-04-14T16:11:10
37352,54452,2025-10-28T18:20:24
30807,17067,2025-03-04T00:16:54
30813,40890,2024-12-03T17:09:30
17931,46954,2025-03-21T22:52:53
34973,60935,2025-01-29T05:06:47
40240,94335,2025-10-01T03:19:58
47954,71330,2025-03-13T10:55:58
25705,30250,2025-10-29T23:52:10
42424,39330,2025-01-21T00:11:10
40185,41339,2025-02-26T12:36:28
18797,96431,2025-05-19T20:20:07
45946,30228,2025-10-05T10:09:56
32321,23080,2025-06-08T16:58:09
8009,22304,2024-11-11T16:37:07
37375,48011,2025-05-07T01:13:13
6285,72214,2025-05-03T07:13:37
11005,41850,2025-06-04T17:02:19
16536,55705,2025-01-22T09:31:18
48631,11868,2025-01-01T08:32:18
31106,64565,2024-12-13T01:38:59
26171,80559,2025-05-01T12:12:11
7104,33468,2025-04-20T00:33:30
42138,80938,2025-08-28T08:32:23
43971,18248,2025-07-25T18:36:18
36326,58110,2024-12-14T22:06:34
24165,62173,2025-08-09T18:55:18
16868,66554,2025-05-28T08:18:04
24810,98368,2025-01-01T20:14:15
1227,35264,2025-01-10T02:11:07
30031,32717,2024-12-12T08:40:04
8465,72488,2025-10-05T13:16:16
36958,60515,2024-12-09T06:11:11
34652,95450,2025-09-01T05:16:07
45581,92736,2025-04-20T19:17:53
18814,12788,2025-08-08T16:10:03
4283,28770,2025-07-28T12:41:41
41428,56804,2025-09-17T02:07:50
482,17826,2025-04-13T19:26:10
15583,80281,2025-07-13T06:50:16
10328,38817,2025-03-16T07:27:00
23143,74102,2025-08-20T23:33:08
17536,10983,2025-02-28T00:35:12
39292,70966,2025-07-06T15:01:37
29992,12953,2024-12-13T03:43:25
33171,40414,2024-11-30T23:22:31
28970,39532,2025-07-24T01:07:41
12099,26070,2025-02-22T23:46:24
37327,79140,2025-08-20T05:09:43
3387,75957,2025-07-20T06:07:18
10955,60506,2025-10-28T15:34:21
31518,18303,2025-04-02T06:43:55
47009,1150,2024-11-07T09:08:36
7557,84989,2024-11-26T07:55:42
13026,61518,2025-07-26T01:36:31
38917,26953,2025-04-19T15:38:25
5543,13056,2024-12-23T21:44:59
9803,74118,2025-01-14T13:09:33
43438,92584,2025-11-05T12:47:38
5790,27746,2025-08-22T05:28:18
11164,91381,2025-08-02T21:03:48
33450,21487,2025-05-31T12:37:59
5803,23900,2025-03-11T05:03:07
4893,8869,2025-01-11T04:35:18
8099,48923,2025-04-03T19:29:23
13161,92195,2025-08-22T10:22:09
43698,981,2025-05-21T16:28:07
12784,77307,2024-12-18T18:18:26
23210,72583,2025-05-11T07:36:28
10068,25003,2025-06-16T14:13:22
21288,97200,2024-11-10T04:39:26
14771,38805,2024-12-27T02:46:44
37952,10648,2024-11-15T16:29:54
40756,4931,2024-11-20T14:22:31
42912,45132,2024-11-28T19:20:42
20622,38716,2024-12-15T19:39:01
1702,66555,2025-05-14T18:48:50
22731,4456,2025-04-13T16:14:53
44383,51552,2025-04-30T10:06:25
15148,45583,2025-05-15T19:05:14
29341,19392,2024-12-26T17:53:03
26711,41686,2025-05-22T19:29:00
11189,28070,2025-07-11T21:45:28
20284,3544,2025-01-30T04:47:09
7160,94569,2025-09-05T17:46:40
17711,89206,2025-05-14T15:24:35
28693,55376,2024-11-15T02:56:24
17513,25472,2024-11-06T19:02:06
12080,11026,2025-05-22T15:29:57
48174,24662,2025-08-08T21:24:31
14838,29206,2024-11-30T10:30:25
82,23285,2025-09-03T10:00:18
37444,82569,2024-11-14T17:14:48
45650,5141,2025-10-15T23:46:09
28331,13646,2025-07-19T21:12:28
19915,16649,2025-02-13T00:56:04
25342,67407,2025-10-25T03:15:54
36634,84024,2024-12-13T12:47:36
17957,94358,2025-10-31T14:55:55
45524,92880,2025-10-23T04:05:01
38992,92181,2025-04-01T21:07:25
13517,85379,2025-06-13T22:52:31
40347,48980,2025-04-02T16:09:13
4580,33172,2025-07-22T15:44:34
13661,61970,2025-09-20T11:43:40
34198,53352,2025-09-02T07:20:24
7939,76338,2025-08-15T00:21:21
31336,19339,2025-07-17T20:02:56
4796,61799,2025-02-10T12:05:40
8783,43825,2025-01-01T04:40:14
21390,72012,2025-11-01T10:16:17
7641,65822,2025-02-02T01:52:01
30474,29650,2025-03-31T12:37:18
19355,77316,2025-08-11T10:13:53
41379,37291,2024-12-09T17:53:13
22269,83711,2024-12-17T01:58:42
45805,52439,2025-11-04T16:40:18
43836,85882,2025-05-26T23:51:14
29954,89958,2024-12-26T18:09:55
48706,79180,2025-06-23T15:13:24
41876,82147,2025-04-22T17:43:04
429,30924,2025-10-16T19:11:49
35192,56455,2025-02-06T19:37:25
29453,13387,2025-03-27T11:34:58
38056,89435,2025-02-15T09:35:00
43452,1941,2025-05-15T01:56:52
17629,90760,2025-08-09T06:23:25
49642,17016,2025-10-05T14:32:57
21450,52350,2025-08-03T22:34:31
35652,18796,2025-05-05T13:55:19
26351,28807,2025-09-21T18:44:06
30643,8764,2024-12-10T02:22:09
2967,49146,2025-04-12T22:24:12
28182,57322,2025-02-10T13:51:30
18465,46664,2025-09-07T04:22:22
36818,94623,2025-04-01T04:08:44
16257,80949,2025-10-18T15:00:19
32327,15923,2025-02-19T08:57:18
17485,2630,2024-12-01T19:53:39
37696,45678,2025-10-03T07:27:38
23086,43655,2025-06-01T19:05:18
21393,5910,2024-12-02T22:27:22
34986,16031,2025-02-01T12:45:03
35829,4389,2025-03-31T15:27:15
40575,62345,2025-07-04T09:59:27
16931,29484,2025-08-30T14:25:58
7031,82583,2025-05-01T11:25:31
17051,80550,2025-09-11T07:34:34
11951,55076,2025-08-16T20:29:43
38119,41860,2025-09-02T21:57:03
40451,56192,2024-12-12T21:50:37
20895,95129,2024-11-21T10:19:56
11915,68418,2025-10-21T22:33:09
23467,52037,2025-09-22T18:12:59
18577,84961,2025-03-01T16:58:23
21998,61886,2025-06-10T04:31:38
45686,95760,2025-05-24T14:47:43
27198,43345,2024-11-09T06:11:47
36999,56352,2024-11-22T02:32:46
27836,63953,2025-05-18T09:22:17
9465,79365,2025-03-30T02:16:32
23238,96503,2025-09-20T03:08:54
41267,5712,2025-03-05T06:56:07
6111,95711,2025-03-14T08:34:31
34466,40947,2025-05-19T18:31:40
10159,50083,2025-08-31T23:03:25
4071,19105,2025-04-06T08:04:57
40641,84285,2025-05-20T10:44:26
11335,72070,2025-10-17T03:10:06
28521,46137,2025-06-05T12:43:30
43271,57579,2025-02-04T19:30:10
22939,53158,2025-09-06T06:29:37
16085,14603,2025-05-07T06:36:35
37484,92629,2024-11-21T03:51:32
48878,16641,2025-09-20T04:48:59
20087,21067,2025-03-22T17:57:51
46108,6739,2025-07-31T00:47:46
18978,96337,2025-04-20T15:36:45
36475,98325,2025-07-09T14:19:29
37871,5122,2025-09-13T00:31:43
7477,31777,2025-10-10T18:27:45
16262,10680,2025-05-10T22:51:28
21100,3531,2024-12-24T03:40:21
36038,93616,2024-11-16T02:02:56
47739,73740,2025-01-22T10:25:55
29091,35816,2025-03-09T03:39:17
17244,71198,2024-12-10T17:26:47
17722,19838,2024-11-18T03:58:08
833,50726,2025-04-07T16:06:42
5634,85261,2025-08-26T21:40:34
25110,62819,2025-03-06T16:53:05
31599,39555,2025-05-10T07:16:52
13390,5202,2025-09-13T14:03:52
26303,45544,2025-05-22T18:20:39
18831,80691,2025-11-02T01:21:56
4604,7881,2025-02-22T11:16:56
45493,7962,2025-10-18T06:34:33
21351,86182,2025-07-02T10:12:17
19699,12620,2025-08-05T23:25:20
3298,73120,2025-10-24T10:17:33
42318,52056,2025-09-15T17:07:25
44612,84305,2024-11-25T06:25:47
47803,14589,2024-12-19T20:50:04
9655,2611,2025-03-05T18:41:42
8702,7939,2025-08-15T19:04:37
16740,20759,2025-08-14T11:25:58
9431,90246,2024-11-24T20:28:19
5699,85851,2025-07-01T14:49:30
14206,47695,2025-07-27T18:25:06
8457,6562,2025-04-10T16:00:05
17139,35272,2025-04-12T13:10:16
11306,51611,2025-01-29T19:18:08
24454,97492,2024-12-01T23:03:08
26426,345,2024-12-25T08:20:35
9749,8843,2025-07-06T02:39:02
2090,55725,2025-07-30T09:42:35
21887,44353,2025-08-11T21:23:01
17014,26900,2025-08-07T16:00:47
28480,31972,2025-04-26T20:46:39
38389,91325,2024-12-29T21:42:03
46041,19263,2025-04-18T18:26:37
25906,17705,2025-05-28T12:36:45
12731,40689,2025-07-16T06:11:50
11354,86836,2025-05-14T06:43:26
28738,62696,2025-06-01T09:39:06
24749,82976,2025-07-10T08:22:04
25588,27460,2024-11-12T08:58:56
5776,81646,2025-10-01T14:56:33
18326,93970,2025-02-04T18:44:42
4663,4965,2025-03-19T09:12:54
9810,73415,2025-05-05T03:51:11
1079,86989,2025-10-16T21:26:16
47805,39174,2025-06-19T02:45:34
595,10555,2025-01-01T16:16:56
9894,10895,2025-10-07T16:48:57
46327,43687,2025-06-14T17:15:41
37683,90698,2025-08-23T23:57:07
31339,84982,2025-07-12T17:45:31
32642,25179,2025-06-04T22:23:27
1673,98339,2024-12-25T18:30:15
6727,71293,2024-12-15T08:12:33
9509,50636,2025-01-10T13:49:33
41459,45000,2024-11-19T02:57:17
20279,76322,2025-08-30T01:29:42
34667,20856,2024-11-10T02:59:15
34004,27487,2025-01-23T01:12:43
30366,75314,2025-04-05T19:40:03
42662,16021,2025-09-20T07:45:00
23103,44343,2025-11-03T08:00:04
32311,33069,2025-03-17T06:14:28
31711,48891,2025-10-06T00:58:16
17018,82192,2025-01-21T09:46:45
28863,44609,2024-12-29T09:39:45
22900,99872,2025-09-09T07:34:28
17391,47914,2025-05-06T10:01:28
10973,79778,2024-12-29T07:02:10
43238,74377,2024-12-17T21:55:06
10956,82486,2025-06-04T09:58:54
34449,57834,2025-09-22T17:46:59
12873,63902,2025-02-20T12:44:12
30458,27303,2025-01-26T21:42:44
3516,19366,2025-09-17T15:12:25
25092,50208,2024-11-07T14:23:12
12408,69542,2025-05-05T14:27:12
45591,45191,2024-11-13T23:49:07
33207,34004,2025-06-02T00:34:56
2409,78702,2024-12-03T02:31:39
37374,91004,2025-04-06T00:52:13
42262,16451,2025-01-28T06:14:10
7884,67926,2025-02-03T21:17:50
8856,44807,2025-02-21T02:28:14
17212,4683,2025-04-04T12:04:22
15801,77301,2025-07-25T19:18:42
18292,23515,2025-09-19T00:59:45
2637,90864,2025-02-07T01:09:02
22065,71724,2024-11-10T10:02:44
36553,63525,2025-02-11T16:05:52
7696,47117,2025-05-16T09:42:05
48504,22284,2025-06-08T18:38:40
26912,65569,2025-03-18T09:56:22
27085,63012,2025-01-17T13:28:52
12456,90136,2025-05-23T03:38:20
7197,26402,2025-02-09T11:53:35
37206,96973,2025-05-13T07:43:22
43837,33953,2025-01-23T14:31:48
1788,7906,2024-12-03T05:25:50
21535,26763,2025-03-18T09:32:37
18986,1634,2025-01-15T20:50:51
24897,27439,2025-10-18T09:01:38
30567,29695,2024-12-19T21:12:33
27607,72161,2025-10-12T12:44:35
4492,99723,2025-01-25T19:25:58
28899,63121,2025-03-29T18:03:19
7708,17217,2025-06-11T20:03:43
33620,91646,2025-07-03T13:00:40
25369,79916,2025-06-01T05:41:01
16292,91486,2025-03-02T20:10:05
7027,13090,2024-12-06T11:09:57
25947,77279,2025-04-15T10:23:25
2947,38996,2025-10-22T10:11:08
26208,69334,2025-10-31T04:27:04
12248,26778,2025-08-26T09:23:23
43303,74715,2025-08-22T17:04:13
39016,88434,2024-12-17T07:44:21
42426,89938,2025-10-14T04:36:56
24088,65925,2025-10-15T00:18:33
8810,68184,2025-06-21T18:57:10
48279,76275,2025-08-01T14:02:52
2361,84084,2025-06-18T10:54:41
43869,77099,2025-07-19T13:43:28
37190,67383,2025-10-10T17:42:46
416,95158,2025-08-20T16:38:23
47010,55474,2025-08-09T16:39:04
46686,70482,2024-12-19T13:11:34
11358,63483,2025-06-10T21:24:24
40881,24420,2025-02-25T00:32:51
45431,11593,2024-12-10T00:32:53
34344,67074,2024-12-25T02:21:54
14647,76435,2025-05-28T02:52:05
7452,47718,2024-12-02T17:06:23
44704,90840,2025-02-04T21:37:00
49128,48123,2025-06-01T22:59:23
36829,25518,2025-07-01T03:34:40
26866,84295,2025-09-28T16:44:59
35,59831,2025-06-06T13:08:29
24222,37975,2025-10-20T23:10:56
9305,64330,2025-04-28T11:48:56
49769,94709,2025-02-11T21:37:42
49842,82975,2024-11-23T12:58:58
12717,39988,2024-12-21T11:57:59
17707,81914,2025-09-21T13:30:14
44550,72097,2024-11-10T02:55:53
2148,43264,2025-07-31T14:03:28
22741,1543,2025-02-16T21:47:25
49459,4445,2025-08-09T10:10:12
16262,47328,2025-01-23T11:53:09
9663,30252,2025-09-27T03:16:28
31870,67400,2025-09-10T21:33:38
16773,80202,2025-03-06T16:32:40
10651,76602,2025-06-09T16:03:25
33606,23089,2025-09-03T01:46:34
32271,34944,2025-06-02T22:08:00
32837,78971,2025-03-05T03:07:14
39158,18500,2025-05-27T04:29:47
3447,47620,2024-11-09T09:08:22
3391,18502,2025-04-19T14:35:54
35900,61492,2025-01-27T07:29:40
32634,66061,2025-01-03T19:43:08
36964,66223,2025-06-08T05:13:46
12770,99944,2025-01-06T08:57:17
25265,94876,2025-05-02T19:40:16
36268,58074,2024-11-27T10:01:53
47191,61967,2024-12-02T04:44:10
47053,17225,2025-08-10T04:12:14
35716,70212,2025-04-30T00:57:50
43968,47691,2025-06-17T08:12:27
9820,58241,2025-11-05T05:36:35
44560,72157,2025-02-25T09:40:43
32253,10763,2025-03-27T18:16:48
47111,97805,2024-12-07T13:37:26
27811,57883,2025-04-15T22:27:38
37175,45642,2025-07-11T14:31:23
45257,9082,2025-09-14T14:12:47
49130,11624,2025-10-15T07:37:09
22135,2587,2025-08-20T01:27:48
23538,38980,2025-09-26T03:08:07
25372,8741,2025-02-25T11:53:46
37723,6888,2025-03-14T14:01:41
15714,85780,2025-04-09T17:58:37
42573,48919,2025-10-18T08:51:05
36332,63128,2025-02-06T21:15:43
9564,92738,2025-08-10T10:16:52
17465,88708,2024-11-21T17:40:05
1155,2788,2025-06-16T06:00:32
41380,30001,2025-10-16T19:01:31
33574,48883,2025-11-01T01:44:55
35950,63563,2025-07-18T03:41:59
42477,95484,2025-02-02T19:03:52
14929,99896,2025-08-26T16:56:43
13745,60283,2024-11-18T17:01:44
25658,12962,2025-01-05T23:12:04
8367,7129,2025-09-05T08:58:15
30394,32092,2025-09-19T00:55:57
14584,88787,2025-07-26T08:31:41
45874,57274,2025-03-15T00:40:43
32758,78835,2024-12-27T05:40:41
3987,94817,2025-03-08T19:45:59
42736,94138,2025-08-22T06:51:25
18234,97474,2025-01-12T00:58:26
32034,93701,2025-08-28T05:59:55
19350,55749,2024-11-15T09:56:46
17104,42508,2025-04-17T14:27:31
24518,53479,2025-02-25T11:41:08
18441,67952,2025-04-21T11:21:18
3279,84606,2024-11-17T18:13:14
7188,85360,2025-05-12T16:12:47
12183,49973,2025-03-05T11:02:05
40163,4599,2024-12-07T08:54:07
9262,83694,2025-10-16T01:14:53
37634,12796,2025-01-23T15:57:51
25651,54742,2025-01-11T23:39:13
11968,5368,2025-03-30T14:36:39
18263,44405,2025-01-21T19:06:08
45209,28840,2024-11-09T07:54:03
49006,16719,2025-10-12T09:32:17
38137,74597,2025-05-23T05:58:02
32948,69171,2024-11-10T01:39:08
49563,37646,2025-02-25T14:57:24
27414,79074,2024-11-24T19:41:37
13899,15183,2025-07-29T09:48:53
21706,7716,2025-09-26T15:58:10
25912,27887,2025-02-12T22:43:24
16368,57900,2025-01-17T00:58:01
19351,40261,2025-07-06T20:27:38
4320,17622,2025-02-20T08:34:36
35725,58764,2025-07-25T21:03:51
8477,15981,2025-07-25T15:37:07
43445,45978,2025-07-01T22:43:10
24001,61210,2025-06-13T16:50:14
32281,9555,2025-02-02T04:16:28
28359,63998,2025-04-18T14:49:53
13765,98475,2025-03-28T15:52:23
3308,85937,2025-03-04T07:33:07
6923,9307,2024-12-07T23:35:25
3993,9643,2025-08-16T01:42:39
20539,44100,2024-12-21T23:24:01
21480,24688,2025-09-25T08:25:14
46506,76451,2024-12-17T19:38:27
20694,67523,2025-10-25T09:42:48
40438,42839,2025-04-23T22:51:36
18648,63364,2025-02-13T02:14:07
25069,99187,2024-11-30T02:36:18
39102,4866,2024-12-15T17:23:12
19193,93656,2025-05-29T02:17:36
47442,6639,2025-05-18T20:27:57
31630,93857,2025-02-01T05:27:31
47966,83469,2025-10-17T22:14:12
46647,1951,2025-10-08T13:46:22
22995,39761,2025-01-18T14:43:13
14778,37614,2025-04-12T03:19:06
22675,3021,2025-05-06T00:01:08
31733,52574,2025-02-02T19:19:05
1421,50056,2025-10-04T01:35:01
46357,71659,2025-06-16T16:54:20
25204,21922,2025-08-27T21:45:59
47721,3316,2025-02-24T11:37:43
17361,15213,2024-12-07T02:42:24
25822,37696,2025-06-08T18:46:33
11572,76519,2025-04-05T21:52:04
49341,21943,2025-10-15T03:09:24
19165,7387,2024-12-16T00:01:15
44542,35534,2025-05-16T22:40:43
25381,86572,2025-10-09T08:33:15
12428,5693,2025-03-03T17:24:02
26476,99709,2025-06-12T23:02:28
47595,36679,2025-09-29T14:36:40
34186,35769,2025-03-10T10:04:18
46204,97454,2025-02-28T09:23:00
43581,20933,2024-12-29T06:10:12
40293,12051,2025-03-05T14:01:35
32677,78729,2025-03-13T17:26:35
47331,44080,2025-09-28T21:09:15
20685,27355,2024-12-19T12:56:31
20682,88159,2025-10-20T09:53:00
28951,82369,2025-04-24T18:38:06
43138,98235,2025-03-10T02:41:54
35822,65054,2025-02-27T04:27:07
36564,3123,2025-09-25T14:20:28
33305,80207,2025-04-29T10:54:15
25763,77179,2025-08-11T10:12:57
25309,88101,2025-08-27T02:44:44
37938,79872,2025-05-21T01:33:30
5753,94622,2025-01-29T23:03:35
49065,12139,2025-08-01T22:12:32
6448,33728,2024-12-24T18:53:53
15723,81329,2025-03-20T21:39:42
36690,75087,2024-12-12T06:55:20
37902,17831,2025-06-20T10:00:00
10277,66502,2025-07-09T00:05:40
32694,34907,2025-11-01T14:03:32
6318,65427,2025-06-05T01:10:52
10150,33673,2024-11-10T19:42:56
44234,38980,2025-05-20T15:17:10
38811,50079,2025-04-28T06:02:05
34978,50241,2025-11-01T14:42:28
49876,91688,2024-12-20T20:35:35
17981,97334,2025-05-06T18:03:29
13307,40163,2024-12-10T16:26:50
41653,8110,2025-03-02T11:01:18
17788,27958,2025-03-05T06:56:18
44452,72780,2025-04-24T07:29:30
16076,60021,2025-02-24T00:18:39
10254,71593,2025-06-15T08:14:37
27126,13664,2025-08-02T08:49:43
6147,82070,2025-05-24T19:42:03
34420,39825,2025-04-30T12:09:38
30490,46336,2025-05-07T20:33:30
18628,45605,2025-10-31T01:40:21
41187,74900,2025-10-12T00:22:27
43823,32609,2025-08-16T12:59:55
17667,29516,2025-08-03T15:46:31
5886,34743,2025-08-04T20:43:27
5915,76228,2025-01-29T14:21:24
24451,25807,2025-03-30T19:11:28
31422,65471,2024-12-27T02:45:29
45724,89371,2025-03-12T01:44:18
5523,32011,2024-11-26T04:41:46
21654,55594,2025-04-03T08:44:59
25532,8370,2025-10-22T02:43:54
12235,92237,2025-02-20T16:07:51
16766,83434,2025-06-01T12:58:34
49957,58398,2025-06-20T12:39:49
36750,73016,2025-02-06T05:52:30
37975,65437,2025-10-18T05:27:13
13859,31977,2025-06-24T13:37:57
28452,60453,2025-10-18T20:22:41
49894,78299,2025-02-01T11:41:32
5842,78652,2025-05-16T15:01:36
49210,4116,2025-02-26T19:04:29
26723,54577,2025-04-18T05:54:30
11901,33202,2025-06-14T03:57:47
5253,15939,2024-11-13T11:15:33
33309,80483,2024-12-03T22:53:43
42585,41382,2025-08-28T10:42:09
43018,27756,2024-11-29T14:19:42
49813,86243,2025-05-23T07:58:14
28869,35573,2025-02-01T10:40:00
45701,27514,2025-07-23T17:47:39
42034,21017,2024-11-28T10:19:08
46387,98108,2025-04-09T14:06:02
25570,54773,2025-01-28T20:24:00
1556,51205,2025-02-13T22:29:12
7059,37428,2025-09-18T23:08:50
26192,25131,2025-10-30T12:54:07
14200,66375,2025-09-09T02:20:14
29882,88960,2025-06-02T11:40:01
22645,67737,2025-06-18T05:23:39
49572,5979,2025-04-27T10:39:09
166,47146,2025-08-03T19:25:11
19734,27720,2025-09-20T14:01:15
28282,20315,2025-04-21T13:07:13
39894,54566,2025-10-10T08:06:40
38770,45255,2025-07-28T13:00:41
29682,58932,2024-11-26T04:34:00
16825,5618,2025-03-29T14:12:14
3698,64864,2025-07-23T08:44:13
12481,57993,2025-10-03T18:44:02
927,28957,2025-05-25T20:05:43
12934,83972,2024-12-31T18:39:25
3878,47472,2025-10-06T17:16:02
7679,51644,2025-04-04T02:16:41
42052,29703,2025-01-23T13:33:51
33751,57704,2025-01-26T05:19:27
13183,27635,2024-12-25T06:44:15
6076,47817,2025-05-14T07:29:06
7239,18533,2025-04-17T08:32:41
19164,62041,2025-02-05T08:02:08
9388,89849,2025-09-06T21:52:25
28238,64184,2025-08-02T13:23:29
13252,17718,2025-07-29T06:33:52
29624,35030,2024-11-17T22:41:53
6116,59685,2025-03-14T14:52:55
49274,9033,2025-06-04T12:39:43
47265,3196,2025-03-26T16:11:03
42080,55349,2025-02-21T03:27:05
30948,70001,2025-02-19T11:32:50
42444,31951,2025-03-19T20:41:15
5563,91257,2025-08-13T01:31:39
24786,32832,2025-10-25T12:29:38
18063,56567,2025-10-03T20:21:29
13252,65217,2025-04-15T05:34:42
12216,12820,2024-11-22T22:00:30
30863,38594,2025-02-15T03:23:08
39933,77240,2025-08-01T02:18:59
46013,3825,2025-10-16T16:29:34
13058,59010,2025-03-25T07:14:12
15725,4087,2025-07-22T08:16:32
4677,17142,2025-01-01T17:17:55
12659,45284,2025-09-04T04:50:11
44023,67002,2025-07-02T12:35:55
28763,72137,2024-12-12T03:33:39
29414,32948,2024-11-30T23:38:50
9851,44821,2025-06-29T13:08:55
32102,45752,2025-01-23T10:18:51
33191,84081,2025-07-08T02:35:32
28488,30381,2025-06-24T17:30:45
10376,59894,2025-07-10T09:40:34
48528,8246,2025-07-10T13:15:32
7220,19608,2025-02-07T07:36:29
3186,63634,2025-07-28T17:42:17
31715,58829,2025-04-03T05:17:24
6096,41770,2025-03-01T17:02:32
20643,93427,2024-12-16T01:34:02
22303,42855,2025-07-03T18:53:28
41882,94358,2025-08-14T10:26:19
22075,1801,2024-12-10T06:45:42
20398,7949,2025-03-27T10:20:58
34071,85072,2025-01-30T04:16:25
46924,62476,2025-09-18T23:12:54
11410,80170,2025-02-12T08:47:07
47375,74379,2025-09-19T09:15:43
46130,38474,2025-09-02T22:32:25
31898,65964,2025-06-27T20:00:21
20604,26232,2025-03-04T13:49:48
30554,91349,2024-12-13T23:51:00
23816,48894,2025-03-25T16:22:17
44857,96643,2025-04-05T14:36:18
29256,87631,2025-06-24T15:37:26
26135,59950,2025-07-30T18:15:01
1787,676,2025-08-19T15:27:29
29515,41837,2025-08-07T23:46:59
38643,89553,2025-10-07T12:19:23
20794,46601,2024-11-11T18:12:14
18915,71337,2025-03-23T15:01:36
11784,77794,2025-09-30T10:34:29
20796,24973,2025-05-25T23:57:54
6772,70870,2025-10-04T18:58:08
9933,70522,2025-01-28T02:50:32
45024,93606,2025-10-16T15:44:06
10689,87473,2025-08-31T14:00:53
6620,83414,2025-01-14T04:47:31
18051,51459,2024-12-18T09:45:29
35999,98112,2025-11-05T04:25:49
23542,73694,2025-03-30T13:36:21
554,15063,2025-05-07T02:50:12
22524,50180,2025-08-10T13:00:45
16877,36602,2025-07-21T22:40:47
27343,68909,2025-06-14T10:42:58
37511,52769,2024-12-03T03:04:58
22373,38029,2025-05-20T15:28:12
15210,67565,2024-12-13T15:04:51
20263,93012,2025-02-26T04:58:46
33751,47513,2025-09-01T04:33:09
35046,51494,2025-08-04T05:32:31
38588,54304,2025-02-28T05:41:28
35990,78404,2025-07-20T07:52:32
47642,89012,2025-10-26T14:21:14
12732,6228,2024-12-22T20:20:55
26560,15766,2025-06-15T03:10:23
6570,54976,2024-12-15T18:56:17
49669,94396,2025-06-09T13:37:51
32804,43268,2025-09-12T12:13:00
24233,14266,2024-11-16T18:42:36
47317,45203,2025-03-31T12:41:36
24564,47943,2025-06-30T22:14:14
35718,27335,2024-12-02T02:03:41
36677,57284,2025-08-04T05:05:04
29645,88464,2024-12-07T03:13:45
37450,51809,2024-12-20T08:24:40
5988,57655,2025-07-13T19:47:23
25066,79671,2025-09-13T09:10:32
16215,37900,2024-12-14T04:33:43
30906,8840,2025-09-30T07:30:31
18729,80092,2024-12-20T05:53:56
7904,56988,2025-06-16T07:37:54
13401,33061,2025-04-23T04:20:00
11321,41412,2025-06-24T23:12:23
9583,324,2025-10-31T07:32:39
30397,46495,2025-09-24T12:36:46
15658,11935,2025-03-22T21:51:31
805,95683,2025-09-24T21:26:36
38757,88165,2025-02-02T22:49:34
24871,68877,2025-10-29T09:06:12
30459,18901,2025-03-13T11:11:30
177,33296,2025-09-07T07:50:07
29471,25482,2025-04-18T21:02:11
43293,19197,2025-05-04T06:29:46
43388,13919,2025-02-12T04:00:01
25820,61456,2025-09-20T18:57:27
48736,15757,2025-03-09T08:43:39
47254,63702,2025-07-16T21:33:36
26006,82533,2024-12-12T07:39:04
39302,71845,2025-01-14T22:28:19
594,33028,2025-11-06T14:34:24
6838,79618,2025-04-10T04:26:39
467,91926,2025-05-01T18:46:13
1535,44381,2025-02-10T19:09:32
4788,89932,2024-12-20T00:08:29
18454,95420,2025-09-25T07:08:06
1996,13149,2025-09-21T12:30:15
38076,20948,2025-08-03T20:42:57
29764,11438,2025-06-11T18:40:49
41462,41033,2025-07-17T07:43:53
5044,54115,2025-07-06T00:49:07
8889,779,2025-09-23T03:40:10
3592,31819,2025-09-03T05:09:24
1867,55158,2025-09-20T15:12:07
28970,26761,2025-09-26T15:18:03
37050,80854,2025-01-10T02:52:48
20645,6050,2025-06-10T11:48:30
15968,60395,2025-04-16T12:56:08
48032,19233,2025-10-25T13:07:05
13318,76080,2025-05-12T17:00:20
39722,10781,2025-09-05T09:55:29
14281,79979,2025-06-24T01:59:20
17736,43432,2025-06-19T15:07:56
12615,58918,2025-10-10T19:59:42
7767,18249,2025-08-08T14:40:43
20101,52402,2025-01-18T15:02:12
25150,12685,2025-06-12T23:34:35
9349,55203,2025-01-04T04:37:34
34597,88728,2025-10-09T03:15:09
47868,43588,2025-05-23T08:57:28
16087,32512,2025-09-18T13:29:05
28982,16900,2025-02-04T13:59:00
2683,67597,2024-11-13T23:37:07
10697,19243,2024-12-21T11:47:22
4823,89862,2025-04-05T12:11:08
39556,58628,2024-11-25T02:42:51
12407,83778,2024-12-27T22:43:21
1394,86791,2024-12-15T05:16:51
20855,90353,2025-09-17T02:01:13
23740,22999,2025-09-11T07:47:46
27577,17731,2025-08-17T22:10:33
48492,6265,2024-11-19T10:50:34
5038,40834,2025-01-09T01:25:51
23598,72283,2025-10-13T12:04:20
44279,6937,2025-10-06T09:14:47
17581,63088,2024-11-15T06:38:22
23672,33362,2025-10-31T02:08:23
7106,61535,2025-10-12T22:12:10
31545,22596,2025-05-21T17:39:51
34078,35065,2025-07-20T05:49:48
17904,31094,2025-10-24T11:57:33
28645,34203,2024-12-25T11:12:45
1658,43865,2025-05-01T10:27:48
10346,86260,2025-09-21T10:18:44
8657,7504,2025-01-23T10:25:37
8221,38514,2025-03-07T04:27:35
35357,42818,2025-02-10T19:51:54
13736,73344,2025-01-28T15:30:05
1518,36076,2025-05-19T13:09:04
43399,68263,2025-05-31T06:03:56
45751,12213,2025-10-03T18:17:56
27078,16686,2025-06-01T03:37:57
9919,84320,2025-01-12T22:06:14
42200,12893,2025-07-17T17:16:12
43153,34983,2024-11-26T14:17:07
19933,91231,2025-10-09T23:54:45
25930,47859,2025-02-24T06:40:36
21403,19259,2025-04-14T03:11:51
42935,69775,2025-04-25T00:05:18
10667,81367,2025-04-10T05:56:15
30109,67289,2025-08-12T06:06:22
33251,11605,2025-06-29T02:17:11
20924,48202,2025-07-24T23:50:51
19774,37480,2025-08-25T23:39:46
33805,31831,2025-05-08T07:07:29
29352,40740,2025-09-05T03:28:20
22299,92517,2025-10-09T11:19:32
15444,71223,2025-02-16T19:58:59
31196,17302,2025-09-25T14:13:12
37699,22543,2025-04-24T00:33:25
47865,71746,2025-05-24T08:42:26
7059,37385,2024-11-20T21:51:21
26204,42606,2025-04-20T05:08:56
38576,87802,2025-09-28T04:20:23
21657,88846,2024-12-02T12:49:47
5297,56015,2025-02-19T02:40:28
40496,8021,2025-02-08T17:16:01
9639,3607,2025-09-28T20:17:44
3815,13814,2025-05-21T16:29:58
7997,36188,2025-10-04T05:00:51
29041,48816,2025-11-06T00:29:03
43201,77086,2024-12-22T00:36:35
6188,71755,2024-12-27T00:25:04
47647,73321,2025-07-26T19:37:48
19082,1763,2025-05-06T12:19:27
21791,71466,2025-08-21T01:55:31
1343,35343,2025-04-19T12:16:32
10563,64077,2025-07-08T11:20:16
15885,35897,2025-03-23T19:43:30
46733,21123,2025-09-06T15:35:59
32455,40456,2025-04-29T07:14:28
20469,96876,2025-08-11T01:54:40
39327,42801,2025-08-12T14:16:52
35601,71355,2024-12-11T11:26:39
38364,99503,2025-05-08T03:59:05
32748,94596,2025-05-11T10:37:01
19467,11435,2025-09-21T17:22:47
7036,40189,2025-02-14T17:57:09
46908,17192,2025-07-25T00:37:09
45444,52438,2025-06-24T17:54:07
21123,75654,2025-02-14T03:30:26
46883,12935,2025-05-17T06:26:05
44425,87672,2025-08-06T04:51:33
21142,32587,2025-03-06T12:11:46
8890,38204,2025-07-27T03:10:22
18862,11959,2025-10-19T21:11:57
9102,95145,2025-10-16T11:03:24
35442,73412,2024-11-19T05:36:30
16702,89925,2025-08-29T17:00:27
24221,20308,2025-10-22T19:35:48
28332,40394,2024-11-18T22:04:33
16164,92778,2024-11-11T20:23:17
9191,61093,2025-01-02T18:13:27
41968,2053,2025-10-23T18:59:10
26206,39324,2025-11-04T22:01:00
48079,33162,2024-11-11T20:08:10
22049,3043,2024-11-09T05:10:18
12538,34364,2025-06-17T09:25:25
789,21208,2025-10-20T14:06:12
39724,42465,2025-07-29T01:47:40
22777,34135,2025-08-21T14:41:03
347,97246,2025-03-08T07:58:22
8458,28527,2025-02-08T01:59:48
33843,89773,2025-08-08T04:57:02
47305,49410,2025-05-21T09:57:45
8501,57605,2024-12-16T19:28:47
2679,6524,2025-05-06T00:25:16
35482,62158,2025-09-20T12:34:06
41912,29578,2024-11-26T20:17:53
11065,27214,2025-08-17T17:25:24
38073,86510,2025-06-18T10:45:16
38600,80766,2025-07-29T14:32:08
36701,69317,2025-01-25T00:27:16
10426,4767,2025-05-14T16:14:21
28734,62058,2025-07-21T09:11:29
33679,1480,2024-12-09T14:13:56
49761,5007,2025-07-11T19:19:46
21629,8700,2025-10-04T09:40:14
4077,38962,2025-07-26T08:28:36
21391,81272,2025-07-31T05:57:45
41955,69921,2025-08-02T20:36:22
40174,31619,2025-09-25T22:22:00
28019,51082,2025-06-12T07:33:21
41246,95468,2024-11-16T16:44:32
43626,87277,2025-01-16T14:08:27
47397,9748,2025-07-23T23:24:17
30015,1612,2025-09-29T06:32:04
30851,93260,2025-09-08T16:20:33
26130,92460,2025-04-06T20:54:32
38534,62698,2024-12-05T12:18:11
43982,5373,2025-02-05T05:48:03
43251,70309,2025-06-17T07:20:12
38102,72528,2025-01-28T07:10:10
13089,18087,2025-05-02T18:00:46
34785,3176,2025-08-14T17:29:11
26040,47463,2025-07-28T06:37:59
16388,49827,2025-06-14T23:44:40
41740,80821,2025-03-31T00:50:57
18061,83781,2025-04-10T21:57:23
39111,55537,2025-04-22T00:26:16
24728,77841,2025-06-11T22:51:18
7375,2907,2025-04-24T19:18:54
40462,14662,2025-01-08T09:20:01
6846,41976,2025-09-19T02:34:25
41768,61502,2024-11-27T02:38:10
16274,52956,2025-06-12T13:18:29
1212,70702,2025-09-11T18:22:33
46655,83817,2025-10-18T02:14:05
33659,35625,2025-04-01T23:10:01
33517,45257,2025-10-18T04:11:23
23860,50639,2025-09-16T15:09:53
42852,72415,2025-06-26T10:42:08
25922,37921,2024-11-30T08:01:42
45951,83547,2025-08-26T11:08:39
48997,79515,2025-05-10T15:44:03
13158,75247,2025-03-15T05:05:52
42564,98737,2025-02-09T08:43:34
43587,30782,2025-02-12T06:24:50
32884,43245,2024-11-23T08:45:09
20752,35156,2025-01-09T10:32:44
40727,81713,2025-01-06T23:34:26
8113,94546,2024-12-03T21:07:39
29162,42116,2025-10-09T23:22:05
34786,8127,2025-04-11T00:14:16
27313,54496,2025-05-21T15:06:08
36232,32308,2025-09-21T06:36:08
19808,11633,2024-11-30T11:07:13
18376,3845,2025-07-12T10:36:51
28234,67496,2024-12-21T15:06:54
1640,1050,2025-06-29T12:38:00
21899,37703,2025-08-16T09:32:30
25134,63290,2025-02-26T10:48:36
22900,86152,2025-03-29T20:51:22
19686,89782,2025-06-25T12:27:44
47407,64415,2025-01-02T21:09:35
4756,68511,2025-04-10T08:01:20
49985,56713,2025-01-09T10:20:29
23907,76684,2025-10-11T10:30:57
43021,3808,2025-01-26T20:22:33
48858,25322,2025-02-19T23:43:55
35175,14969,2025-09-23T13:18:01
21998,99118,2025-08-26T08:06:16
18607,8656,2025-06-05T10:45:55
20142,54040,2025-10-24T02:01:14
1922,40861,2024-12-02T13:44:07
21741,77161,2025-04-22T06:31:33
3381,31697,2024-11-26T23:16:51
13307,99091,2025-03-27T16:23:09
13979,97081,2025-07-09T06:27:11
11500,44544,2025-08-10T02:03:44
21704,64115,2025-02-06T02:01:33
32528,57979,2025-07-14T04:10:40
27401,56357,2025-04-11T17:48:19
30770,77705,2025-09-18T15:07:08
48188,70754,2025-07-12T07:56:58
43695,70228,2025-01-25T05:21:44
32706,31207,2025-02-25T23:34:02
1689,67478,2025-11-06T00:53:44
4127,32599,2025-09-28T16:31:29
44837,94959,2025-05-01T23:24:37
5038,38526,2024-12-31T17:34:21
16625,60846,2025-05-10T05:54:09
35244,77128,2025-08-07T02:47:34
34945,84111,2025-06-26T09:28:45
987,70539,2025-11-04T22:35:48
24932,24507,2025-04-02T21:00:14
30772,30942,2024-11-30T20:58:18
13459,48366,2025-06-06T19:50:17
26965,68292,2025-11-06T02:50:59
17352,89069,2025-10-07T11:50:16
35663,98230,2024-12-16T01:47:55
23890,34551,2025-07-30T04:40:29
43578,53153,2025-07-23T03:13:05
36069,94293,2025-11-01T02:20:01
41061,36616,2025-05-17T18:32:16
47657,58403,2024-12-24T03:43:53
43015,59638,2025-02-03T19:52:07
11728,23848,2025-06-23T00:31:15
46076,535,2025-08-22T15:41:50
42475,2057,2025-05-13T16:25:04
40022,95838,2025-09-03T02:26:13
39210,2257,2025-06-14T20:25:31
37228,11716,2025-08-19T22:59:43
31583,59960,2025-01-18T19:57:07
31809,83832,2025-05-27T12:22:03
7711,10469,2025-08-28T22:06:45
16596,9605,2025-04-24T05:24:20
7940,75259,2025-10-24T23:20:50
27506,57296,2024-12-01T17:35:43
14952,45946,2025-05-27T01:53:23
34262,44844,2025-04-13T01:47:34
7094,15121,2025-02-19T08:54:14
26249,65341,2024-12-08T03:16:40
18575,79086,2025-08-31T19:46:15
16762,66297,2025-04-29T20:57:50
27016,46880,2025-02-16T18:54:14
13323,68783,2025-09-14T08:43:44
15718,32431,2025-06-13T16:21:34
12120,74876,2024-12-16T04:02:28
12620,63122,2025-01-17T11:56:11
21759,82784,2025-09-09T15:18:38
10562,32435,2025-07-12T14:54:46
3834,85371,2024-12-10T07:33:28
28914,88709,2025-05-11T04:06:18
37212,89363,2025-10-23T19:29:19
12982,90815,2025-03-09T19:28:10
15525,69250,2025-08-17T05:30:59
31677,1832,2025-09-19T18:15:07
14208,73285,2025-09-05T00:03:12
29934,93785,2025-02-25T10:08:18
49812,36386,2025-06-28T02:21:28
48930,60332,2025-03-12T20:44:10
9409,93345,2024-12-14T13:01:58
11171,44061,2025-08-18T03:13:31
46182,81233,2025-09-20T04:13:34
34649,85401,2025-08-15T13:56:03
35208,5016,2025-03-24T04:15:13
27983,26192,2025-06-19T18:47:13
39542,89494,2025-08-20T04:05:07
38805,85078,2025-07-10T18:08:27
46333,19096,2025-05-28T13:30:03
3891,61936,2024-12-31T04:59:08
15513,73549,2025-01-19T13:14:37
5636,21761,2024-11-09T15:59:34
48173,98020,2025-07-28T01:00:00
26447,54836,2025-11-05T09:50:07
15482,67816,2025-01-31T00:56:26
26046,70518,2025-02-20T12:11:55
43035,15003,2025-02-06T16:43:55
9199,84389,2025-08-24T05:48:32
46114,8894,2025-09-17T05:36:48
24193,83515,2025-10-18T23:35:17
28386,91727,2025-05-09T03:36:14
46545,14790,2025-10-20T05:22:10
17391,30628,2025-08-28T06:08:33
42943,31161,2025-06-01T16:20:09
12045,69211,2025-07-22T13:51:36
20362,81404,2025-04-20T13:20:12
26689,84386,2025-02-20T18:24:07
12454,79823,2025-05-03T18:00:18
2360,4355,2025-06-14T04:06:59
27901,32232,2025-06-14T18:53:36
10020,65889,2025-01-13T22:02:07
11299,78853,2025-10-09T00:53:50
39910,39507,2025-01-19T16:31:35
37021,32165,2025-03-27T02:59:13
41192,28638,2025-08-05T20:38:39
40477,99617,2025-03-31T17:38:00
12830,25547,2025-08-09T05:05:17
24241,83350,2025-01-01T20:14:37
610,85849,2025-05-21T13:59:19
8856,97064,2025-10-29T14:34:31
44664,79985,2025-01-19T02:16:54
47279,58826,2025-10-23T02:24:31
2759,25516,2025-04-03T10:10:19
12043,72456,2025-05-09T06:43:25
24277,44183,2025-03-16T01:11:20
11746,87818,2025-04-27T17:56:56
10016,97141,2025-10-22T21:17:53
29563,6426,2025-03-22T20:11:59
32609,74676,2025-03-25T18:24:27
21838,86977,2025-09-19T14:37:46
36836,44884,2025-06-09T03:25:19
35464,4602,2025-06-22T22:13:41
29041,52833,2025-08-14T18:10:57
31698,29914,2025-06-09T19:35:49
20772,96493,2024-12-01T19:06:39
29200,96134,2025-01-01T08:05:39
49121,1418,2025-02-24T05:59:18
2094,48006,2025-09-30T16:38:19
49148,82029,2025-01-23T09:19:53
41874,37700,2025-03-11T10:59:30
4773,41443,2025-05-12T11:07:50
38065,86597,2025-07-23T03:56:39
29731,47161,2024-12-04T21:59:04
38861,79544,2025-03-10T06:52:22
21363,24669,2024-12-14T10:55:11
45931,88478,2025-02-23T17:14:14
17622,44835,2025-01-01T07:28:19
19637,80270,2025-01-17T21:03:34
11237,88068,2025-09-10T22:44:17
14135,49339,2024-11-19T09:49:21
37047,37756,2025-04-12T16:05:27
49135,95705,2024-12-28T04:25:51
1815,83342,2024-12-14T02:55:34
49293,52798,2025-10-07T03:43:07
34439,74400,2025-05-07T01:16:29
20632,85393,2025-03-13T16:30:40
47154,62019,2025-02-22T08:16:00
22593,86198,2024-11-06T17:42:20
40060,32123,2024-12-06T15:34:13
42007,79429,2025-01-21T08:57:28
18594,58992,2025-09-27T15:10:39
47930,46025,2025-09-07T12:21:06
38402,46984,2025-04-05T20:08:16
17855,62073,2025-01-03T08:00:13
30770,47027,2025-05-16T07:49:47
11052,44620,2024-11-12T04:09:57
43341,59185,2024-11-09T18:42:13
19114,25586,2024-12-29T23:03:01
30805,2181,2025-09-18T03:57:09
31265,17026,2025-08-23T18:38:40
43656,62975,2025-06-17T19:49:33
38840,58987,2025-02-20T14:47:13
21969,95706,2024-11-10T23:37:26
38307,28841,2025-10-06T04:30:34
46911,24147,2025-04-29T12:14:30
35159,38822,2025-08-28T14:10:49
21307,6805,2025-09-04T20:24:58
39397,65438,2025-01-15T07:33:52
28621,10761,2025-06-24T09:10:26
35200,38402,2025-03-21T03:49:39
26279,90695,2025-04-24T16:03:52
27211,8549,2025-08-04T10:53:36
9538,50515,2025-08-06T20:31:26
21420,77177,2025-04-21T13:13:00
34795,70057,2025-04-26T01:05:37
35951,29958,2025-02-27T09:38:52
13461,2956,2024-12-26T14:42:22
18989,75862,2025-06-25T06:15:22
7247,38959,2024-11-23T01:31:13
29742,77585,2025-09-27T10:27:31
21042,56995,2024-12-09T21:07:44
32040,73113,2025-07-28T18:10:00
13755,50245,2024-11-16T10:10:03
25095,59936,2024-12-04T05:58:07
16459,14159,2025-07-11T07:41:47
4833,40854,2025-07-14T22:19:32
1865,40323,2025-11-03T03:47:52
2550,81305,2025-07-22T06:10:54
38937,28818,2025-10-12T07:21:58
12895,61922,2025-05-10T10:39:05
30037,44352,2025-08-03T17:38:11
33345,70485,2024-11-13T18:50:45
47591,96365,2025-04-11T08:46:29
12166,56157,2025-06-09T07:00:37
614,82953,2024-12-01T04:32:26
3851,11446,2025-04-29T22:49:00
4142,215,2024-12-26T22:35:09
5304,7239,2025-10-02T22:35:09
21577,18893,2025-06-19T02:22:22
47156,43275,2025-10-08T13:20:12
33489,21758,2025-02-08T10:57:41
5603,72459,2025-08-25T18:17:00
10925,19562,2025-03-17T18:05:58
6653,78123,2025-04-12T05:55:45
21726,43954,2025-10-11T13:19:56
22524,34311,2025-09-02T06:31:47
21000,26669,2025-09-15T03:38:14
41746,76882,2025-09-26T00:58:52
41170,79033,2025-02-08T02:20:24
5474,8073,2025-01-12T03:09:18
36171,51877,2025-07-26T13:21:47
23120,18176,2025-10-10T16:19:41
40743,85952,2024-12-12T21:08:46
32869,19929,2024-12-30T14:26:35
42100,61932,2025-02-01T20:54:15
14162,63298,2025-08-09T21:20:45
36332,89745,2024-11-29T10:09:32
44132,85743,2025-10-02T12:50:08
12131,95707,2025-11-01T23:22:55
25073,71901,2025-04-13T15:40:29
10405,15933,2025-10-09T23:46:04
27945,5603,2025-04-16T19:51:55
36318,8333,2024-12-07T21:18:57
19990,89192,2024-11-25T20:19:05
6634,94095,2025-04-10T16:50:53
9551,14224,2025-10-24T09:40:26
43423,55382,2025-01-21T11:26:45
14393,73229,2024-11-09T17:41:02
35208,54147,2025-06-29T00:05:52
8787,54173,2024-11-10T10:06:43
12022,48672,2024-11-29T02:20:52
44803,3429,2025-02-17T21:44:56
48109,45716,2025-03-05T05:54:52
32679,70664,2025-07-16T20:53:53
44691,6947,2025-10-25T14:01:52
15421,10146,2025-02-13T21:52:29
12605,97352,2025-05-27T04:02:37
427,64089,2025-04-15T19:34:41
20973,56491,2024-12-25T17:25:56
23475,71556,2025-03-28T19:38:45
12038,32030,2025-03-15T10:14:54
3165,61604,2024-11-30T18:20:31
18936,37727,2024-12-23T02:07:53
42770,3142,2025-03-08T12:06:06
14468,96378,2025-06-26T23:29:59
43155,76015,2025-01-21T14:33:25
3661,35669,2025-04-11T20:08:30
23632,35264,2025-09-27T13:44:29
4557,71682,2025-09-19T18:14:03
24293,33201,2025-10-29T04:47:28
5249,43590,2025-11-05T11:17:41
11398,32148,2025-11-04T04:52:53
46655,83520,2025-06-01T02:31:59
3825,53182,2025-01-11T19:26:49
27262,52862,2025-03-02T13:07:01
43567,16905,2025-05-27T00:11:54
42042,28415,2025-04-30T19:58:42
34443,54412,2025-02-07T02:29:06
23631,34136,2025-04-20T00:37:22
3750,53483,2025-06-08T11:59:24
35182,33056,2024-11-30T03:20:35
23376,80053,2025-09-02T01:36:53
11578,25591,2025-10-24T23:13:22
1277,40373,2025-07-03T22:34:36
32178,33851,2025-04-01T02:14:19
44276,25882,2025-02-28T15:19:25
27280,10376,2025-05-18T23:27:11
4349,54604,2025-06-19T07:24:17
7097,69340,2025-07-08T02:16:02
10453,46961,2025-10-30T12:22:34
21178,4759,2025-08-24T16:29:20
33264,55929,2025-07-24T19:01:09
29372,26679,2025-07-28T09:30:48
17082,75308,2024-11-24T21:45:12
24301,35237,2025-05-18T12:53:25
43014,14455,2025-03-04T17:11:38
5533,25474,2025-09-10T13:25:29
2962,68029,2025-01-16T22:39:09
19689,89482,2024-12-20T02:40:26
46291,25510,2025-07-31T20:30:46
29694,13359,2025-08-22T00:24:48
15576,28420,2025-10-09T08:57:14
22812,61673,2025-07-05T14:28:15
6815,19566,2025-10-22T16:16:41
25926,92139,2025-03-02T18:04:45
35472,97673,2025-05-14T15:49:55
45092,88042,2025-02-10T15:36:39
16899,6912,2025-06-12T06:28:52
3874,68374,2025-03-27T17:55:10
28318,79193,2025-02-24T16:52:26
10522,88334,2025-02-26T22:22:21
25400,21092,2025-01-29T01:52:08
32968,72235,2025-07-01T00:44:09
23789,77731,2025-09-18T18:22:37
28670,22086,2025-06-09T04:13:30
2242,91269,2025-09-26T06:15:31
3762,93853,2025-09-07T21:40:20
46489,43840,2024-11-28T19:47:04
48760,64715,2025-10-23T05:26:19
29026,81301,2025-04-29T15:33:06
1636,35329,2025-01-11T06:58:05
34006,37999,2025-01-18T22:52:20
16309,19501,2025-09-26T07:15:54
24799,77528,2025-03-23T06:54:01
39056,58119,2025-08-02T09:51:02
28792,23732,2025-01-29T01:51:21
19648,19967,2025-08-27T07:48:07
11516,60265,2025-01-13T23:36:57
30621,89920,2025-10-11T06:32:15
43318,57668,2025-05-24T05:23:33
25189,29544,2025-06-29T17:58:01
3568,66019,2025-09-24T17:17:10
18042,67337,2025-06-17T18:13:16
26633,85028,2025-11-06T15:32:55
46387,43575,2025-10-18T06:12:50
44716,50527,2025-01-10T07:42:12
15958,96567,2025-06-19T17:28:23
533,36945,2025-01-15T01:20:56
5043,856,2025-02-08T06:50:16
6642,36778,2025-04-24T19:39:28
48379,65111,2025-08-31T00:44:22
24806,83784,2025-08-21T00:18:24
3079,81470,2025-08-07T06:44:50
10932,14114,2024-12-10T22:15:54
49528,52629,2025-10-23T03:15:00
45473,62915,2025-06-26T11:59:48
13907,18821,2024-12-30T12:55:55
49325,97029,2025-06-06T14:50:41
25755,81008,2025-08-16T03:00:43
7510,16109,2025-03-06T12:33:08
32383,82813,2025-02-25T14:41:32
26156,95037,2025-07-27T21:37:51
38244,84476,2025-05-06T22:40:42
18456,60776,2025-04-27T04:00:06
43097,23644,2024-12-31T15:04:26
13314,17921,2025-06-13T10:40:59
3212,42523,2024-11-28T15:33:06
8968,38,2025-01-02T06:23:08
5360,33561,2025-07-17T11:24:02
31194,47738,2025-03-30T16:38:12
20563,8075,2025-10-26T21:14:13
43856,42757,2025-09-30T03:43:33
47858,67883,2025-07-29T02:15:00
48161,52222,2025-07-18T08:29:32
43137,11531,2025-08-07T07:35:44
34697,44949,2025-03-02T17:44:59
13820,5935,2025-06-24T06:46:35
48712,41749,2024-11-26T18:27:39
19445,83975,2025-02-07T05:31:57
914,19714,2025-08-02T17:36:36
36296,48310,2025-05-08T13:55:00
17833,90130,2025-04-12T03:43:30
37480,85187,2025-03-10T15:00:24
31592,13561,2024-12-20T00:17:26
22342,47765,2025-01-06T13:20:08
25701,81528,2025-04-08T21:02:02
19092,36069,2025-07-12T17:26:03
12020,19185,2025-07-10T23:35:53
25749,24004,2025-03-23T17:12:25
4804,25953,2024-12-15T02:25:31
3733,86169,2025-01-20T20:37:37
29019,17511,2025-09-18T00:31:25
8178,77289,2025-02-12T01:09:50
4388,79811,2025-05-23T03:14:27
48883,51999,2025-09-07T00:28:17
39669,37946,2024-11-07T10:17:58
39118,63160,2024-12-25T23:13:54
21352,32056,2025-10-12T14:22:40
27469,7743,2025-01-31T00:01:48
19018,61445,2025-04-20T14:09:37
22934,38868,2025-03-28T01:39:04
42005,21992,2025-04-04T21:06:45
36630,49579,2025-03-25T23:08:31
28896,1746,2024-11-16T09:56:06
23463,44739,2025-11-01T08:39:51
38092,47247,2025-07-13T19:17:35
41275,91480,2024-11-13T19:21:41
45434,31595,2024-12-07T18:43:53
6887,1081,2025-04-27T08:28:27
35095,12531,2024-12-28T20:39:50
5355,15314,2025-06-14T07:27:28
32983,55622,2025-05-02T13:50:54
35384,58263,2025-04-30T17:59:35
9001,40441,2024-11-09T07:18:43
34792,67633,2025-10-25T20:16:03
633,22351,2024-11-28T01:50:00
44105,23188,2025-10-24T13:50:42
40620,48096,2025-04-28T03:03:46
45684,43118,2025-04-22T14:57:12
16973,34256,2024-11-19T05:07:18
7714,6368,2025-06-22T17:01:56
40744,71635,2025-02-26T14:59:49
28096,18474,2025-02-05T04:37:45
30920,56633,2025-05-14T07:47:29
10509,225,2025-02-13T17:27:51
22744,18589,2025-09-29T01:51:53
6207,87617,2025-02-07T09:48:22
4754,25885,2025-09-09T07:56:49
29931,30281,2025-09-04T07:15:10
11708,10264,2025-07-13T07:31:29
14216,29449,2024-12-31T23:17:38
30579,88445,2025-04-20T12:29:33
1739,35078,2025-07-18T06:44:51
41988,14904,2025-05-17T11:56:25
38235,89311,2025-04-25T01:53:50
29271,45023,2025-02-18T03:16:54
16120,65622,2025-07-11T04:58:14
15688,45247,2025-04-14T09:34:08
37406,12013,2025-01-21T13:58:33
18888,64105,2025-01-22T05:27:37
5050,7815,2025-08-22T23:25:25
7124,43963,2025-04-22T08:14:43
27174,91408,2025-05-10T09:34:35
1623,14929,2025-06-08T05:58:40
14933,70575,2024-12-15T10:03:56
41777,39278,2025-07-06T16:55:46
45798,26957,2025-09-16T12:15:57
19362,79516,2025-08-31T14:25:04
1533,59859,2025-07-03T06:36:34
26352,65574,2024-11-30T14:42:00
3843,44345,2025-11-01T03:39:07
31360,10816,2024-11-16T20:25:35
10863,43034,2025-05-09T17:40:32
31156,84131,2025-09-15T14:08:32
17263,47051,2024-11-24T11:16:51
28558,84928,2025-09-03T16:17:53
954,49289,2024-12-07T10:01:04
6986,63106,2025-10-09T15:50:25
10853,79542,2025-01-06T11:11:04
17484,31819,2025-08-22T13:07:06
11300,55344,2025-11-06T19:43:48
13766,58600,2025-02-14T04:34:26
2453,601,2025-06-25T11:44:42
42600,47075,2024-11-17T07:24:05
34544,37890,2025-02-28T22:47:42
13194,30722,2025-09-13T13:45:22
35537,51508,2025-04-03T20:35:19
42215,68864,2025-04-29T17:48:50
10595,58670,2025-02-12T18:12:47
12621,94824,2025-01-13T02:02:27
1745,70709,2025-08-19T11:21:16
49344,11433,2025-02-19T10:41:09
22455,40613,2025-07-26T20:23:02
41203,11544,2025-09-01T17:00:09
1414,5754,2025-04-04T07:07:47
14678,53903,2025-05-19T17:10:52
19341,1701,2025-09-24T21:05:04
45313,8680,2025-06-22T22:28:56
47568,37655,2025-09-12T06:09:03
19393,69022,2025-09-23T00:42:29
25606,24743,2025-09-16T23:24:01
38384,17219,2025-08-23T21:57:12
37816,72292,2024-12-12T05:27:30
24753,15214,2025-09-29T17:48:19
12618,48006,2025-02-14T23:47:09
14541,9585,2025-06-09T14:15:55
26847,97573,2025-04-03T07:36:42
42243,60622,2025-06-19T16:42:52
27962,6218,2024-12-21T18:28:56
37810,84730,2025-06-14T15:45:55
21528,75716,2025-07-21T14:11:09
18605,8320,2025-09-10T08:22:09
32010,16114,2025-07-19T11:09:49
7885,12075,2024-12-12T04:42:03
7675,57588,2025-05-10T07:04:25
22450,88777,2025-06-07T10:16:18
1587,40894,2025-05-08T07:56:24
2656,94644,2025-10-28T04:08:14
36418,54932,2025-03-07T06:46:59
34638,730,2025-09-19T23:18:47
20682,55432,2025-03-31T19:19:05
7529,72573,2024-12-08T06:12:42
4462,86169,2025-09-09T02:58:02
22714,70138,2025-09-18T16:45:56
33964,69964,2025-04-10T17:24:43
41317,34406,2025-02-10T05:19:49
39793,2175,2025-02-27T05:57:40
19271,47718,2025-03-08T01:32:17
11970,29639,2025-01-26T10:07:34
10363,73767,2025-06-26T20:02:18
44254,3438,2025-09-06T13:43:34
10764,34362,2024-12-16T14:34:45
6814,38988,2025-06-21T13:55:42
1190,48337,2025-07-11T19:05:47
15952,59536,2025-05-18T15:40:04
2954,42825,2025-04-18T22:36:55
2763,19734,2024-12-24T22:08:49
26839,24356,2025-11-01T06:47:59
20077,66392,2025-05-04T17:39:36
49509,68702,2024-11-13T20:00:39
13584,31806,2025-10-31T04:10:42
42940,51047,2024-12-22T17:29:27
32198,82245,2024-11-08T19:17:55
31210,5385,2025-06-24T20:06:53
46460,92063,2025-01-07T20:38:53
41400,67191,2025-05-09T23:14:51
887,44473,2025-04-22T07:23:29
34403,37911,2025-09-01T05:05:26
43881,77807,2024-12-12T08:53:45
37025,88299,2025-04-23T12:33:27
32975,73738,2025-05-02T17:49:02
17474,46399,2025-06-04T13:09:45
16787,61406,2025-02-01T16:08:30
18938,31134,2025-05-27T05:00:54
6332,44688,2025-08-05T05:34:30
8373,58042,2025-07-30T00:37:15
23953,31298,2025-09-22T22:31:51
47421,67520,2025-11-04T11:08:10
41119,54091,2025-06-17T20:01:44
2695,37050,2025-08-31T02:41:30
31236,50927,2025-05-17T22:18:12
11088,10835,2025-05-28T14:44:30
27314,51114,2024-12-09T16:31:47
32554,45160,2024-12-10T11:48:40
12808,97952,2025-02-10T02:54:59
49857,71259,2025-10-04T04:56:54
6936,93755,2025-01-02T03:27:30
25741,22911,2025-07-29T04:14:25
44319,2107,2025-09-25T10:01:34
5033,18062,2024-12-25T10:20:03
4113,24869,2025-04-17T09:42:42
17936,77378,2025-08-08T21:42:33
9734,89348,2025-05-06T14:52:10
14814,33076,2025-09-17T02:23:16
34521,23517,2025-05-16T04:27:11
27410,38275,2025-09-27T08:11:28
24632,94971,2025-06-15T09:55:45
41043,53666,2024-12-06T17:29:20
16012,7382,2025-11-04T20:17:57
35937,69608,2024-11-25T16:20:00
42783,43712,2024-11-18T20:41:47
7611,94032,2025-09-24T15:18:06
5472,50068,2024-11-24T16:04:13
35791,65243,2025-03-12T18:13:52
13818,15649,2025-02-19T16:02:15
24794,87837,2025-03-10T12:29:15
7958,21492,2025-03-25T02:42:31
47483,61877,2025-05-17T10:44:18
37184,49230,2025-06-14T01:37:41
30147,14223,2024-12-06T20:13:43
26122,92114,2025-04-07T16:33:50
1613,49406,2025-05-08T06:53:07
25942,44101,2025-09-11T06:03:34
12659,67069,2025-06-22T20:23:36
42430,76625,2025-04-30T10:38:22
17582,31063,2025-05-07T20:47:44
49554,54681,2025-10-26T06:31:40
18921,48187,2024-11-10T14:45:15
13952,48251,2025-05-24T00:37:16
17018,82639,2024-11-20T19:44:51
30035,2403,2024-12-23T18:21:09
38484,77910,2025-05-19T10:24:24
1922,95723,2025-09-24T20:34:00
21573,51183,2025-04-20T05:19:43
9965,92047,2025-04-22T03:45:32
42452,14214,2024-11-25T09:25:06
44460,97404,2025-04-18T11:56:02
6314,39028,2024-12-02T07:59:33
21074,66389,2025-09-15T17:45:29
40856,98254,2025-01-10T21:47:20
24653,69204,2024-12-08T22:42:27
671,71660,2025-06-12T18:14:52
40556,92312,2025-09-15T05:58:54
37771,92133,2025-05-01T04:24:22
35050,43907,2025-08-27T16:50:44
8139,18856,2025-04-15T10:16:35
22304,57552,2025-09-02T02:22:12
4439,16086,2025-07-30T22:27:02
12793,68112,2024-12-07T12:33:01
20268,51119,2025-02-18T05:52:18
18728,66141,2025-02-28T04:00:55
30822,20750,2025-10-10T18:55:27
27765,86309,2025-05-11T16:15:18
22760,98701,2025-07-17T03:42:50
12617,64996,2024-12-05T15:04:41
41326,90812,2025-01-06T02:57:55
32206,25619,2025-01-09T17:08:37
12077,93581,2025-08-16T08:55:38
2592,49455,2025-08-19T04:09:13
36005,35141,2025-02-19T10:26:33
24510,94273,2025-05-20T02:11:57
4609,41743,2025-03-23T23:02:22
34387,52034,2025-09-02T00:53:56
47436,84487,2024-11-19T20:37:50
46135,58813,2025-02-16T21:40:52
2956,21137,2025-08-26T17:53:07
17659,63114,2025-05-15T15:40:53
44315,12538,2025-02-14T23:32:59
41892,58552,2025-02-23T13:25:43
4914,88426,2025-11-05T19:18:32
29726,22750,2025-09-02T15:37:42
32888,85434,2025-05-06T00:12:00
12187,29537,2025-08-11T23:41:18
49196,58644,2025-11-04T02:15:02
19589,54687,2025-04-10T14:01:15
8609,61918,2025-11-04T13:28:56
36024,47902,2025-09-23T11:06:52
43681,57642,2025-07-11T21:32:20
13119,60611,2025-07-14T09:03:05
28525,16798,2025-08-08T07:50:05
15947,5486,2025-03-04T23:11:31
26642,8326,2025-09-01T15:23:00
5833,47050,2025-06-03T12:28:14
13847,80972,2025-07-01T10:35:50
49791,44178,2024-11-22T20:54:14
14986,56212,2024-12-15T20:44:38
45554,64547,2025-01-05T08:30:31
36105,89973,2025-09-18T01:58:02
15027,61802,2025-08-10T02:05:45
8679,88976,2025-08-04T03:17:48
35694,88147,2025-01-01T17:15:45
5130,67039,2025-01-31T22:51:51
3367,80512,2025-07-10T04:52:58
14610,2796,2025-04-20T05:10:26
19217,69988,2025-04-03T05:00:29
47394,30135,2025-01-04T12:35:35
10759,69626,2025-10-10T14:30:18
46413,18148,2025-09-26T20:35:30
44395,75348,2024-11-13T10:09:46
9075,49942,2025-04-04T09:52:11
38288,91377,2025-05-23T00:35:01
26313,70261,2025-04-18T23:10:13
14493,63708,2025-08-29T17:29:20
40662,95584,2025-11-01T00:53:48
36521,491,2025-08-01T00:31:47
6173,96392,2025-09-20T01:53:06
28911,34976,2025-08-09T12:24:56
13878,56866,2025-04-16T19:41:44
16747,34441,2025-07-23T12:30:06
40973,87921,2025-04-13T12:52:56
37368,36699,2025-03-25T06:48:51
1185,451,2025-03-28T13:46:54
26306,36449,2025-10-02T19:51:51
23602,92701,2025-09-30T09:14:30
28528,2635,2025-06-23T05:23:56
27858,40747,2025-04-23T00:15:27
14678,58742,2025-04-11T16:22:20
32461,33041,2025-01-23T16:38:17
49542,2205,2025-07-03T11:51:03
38288,94286,2025-08-22T10:26:41
33663,51462,2025-06-27T23:37:56
12328,92677,2025-05-28T15:49:46
16332,24017,2025-11-05T02:38:52
7234,99365,2025-11-02T20:33:54
12441,29772,2025-06-23T21:19:58
33400,73710,2025-03-06T14:37:08
40503,75693,2024-12-20T16:38:14
13266,12248,2025-10-24T23:38:07
10809,47976,2024-12-17T15:32:41
31650,14905,2025-08-09T15:35:30
19252,78307,2025-05-09T13:08:42
36595,79893,2025-09-08T00:47:24
13161,53372,2025-08-07T02:17:11
15496,79593,2025-10-26T04:44:47
44359,38345,2025-04-20T08:21:49
18003,77814,2025-04-19T13:58:37
22096,89542,2025-05-06T11:37:33
7789,77392,2025-01-25T12:29:29
4633,50419,2025-03-12T22:40:54
31254,79883,2025-09-17T03:38:24
692,13909,2025-05-12T20:54:29
47037,55176,2024-12-12T21:50:08
32371,28078,2025-07-15T19:24:07
24216,7265,2025-09-01T14:22:54
25318,43943,2025-03-31T18:42:31
43985,97287,2025-05-19T00:12:18
3697,39329,2025-03-20T07:56:13
12116,91590,2025-06-04T18:38:07
34904,11508,2024-11-15T01:40:49
43218,54901,2024-11-27T18:54:21
6818,64445,2025-10-25T13:31:33
21758,22036,2025-10-17T00:15:11
5301,65,2025-01-19T23:20:23
18300,5517,2025-01-05T06:14:33
44950,98955,2025-09-15T23:40:10
48028,2417,2025-05-30T04:01:39
18183,89696,2025-08-25T11:04:05
29619,55663,2025-09-29T11:41:55
36291,82814,2025-04-24T01:12:05
27798,7882,2025-02-27T00:06:43
40177,72552,2025-10-18T21:31:11
42227,54966,2025-03-09T15:55:57
42685,56570,2025-02-19T22:20:33
14810,87216,2024-11-26T22:08:49
34905,3540,2024-11-27T09:07:19
47478,460,2025-10-04T19:14:16
38577,45911,2025-06-29T00:34:30
26057,39971,2024-12-11T11:30:59
45123,98930,2025-07-17T12:10:26
21667,80695,2025-08-29T06:54:04
49615,26154,2025-10-18T20:12:54
15449,98399,2024-12-24T13:37:36
1989,83882,2025-05-13T12:24:31
31069,43777,2025-03-27T22:55:18
19393,40148,2025-05-27T15:24:18
39993,92795,2025-04-23T08:46:46
8596,36615,2025-03-28T00:15:41
1038,18221,2025-11-02T00:13:31
5036,5275,2025-08-02T00:06:50
16822,37248,2025-04-28T16:25:17
34519,51269,2025-01-16T02:36:42
49862,2287,2025-01-09T20:50:20
48014,73064,2025-08-24T20:51:43
2551,40415,2025-02-12T05:15:25
42078,17478,2025-09-10T01:09:35
28873,83184,2025-09-09T03:52:02
38178,54440,2025-10-26T21:17:47
9504,34926,2025-07-06T04:20:51
24341,74837,2025-06-04T00:20:44
11370,93854,2025-05-10T23:10:03
7697,84001,2025-06-12T16:52:02
10166,49577,2025-08-21T19:25:28
40050,93484,2025-07-25T10:30:58
21223,44128,2025-02-11T05:10:41
41800,55485,2025-01-07T03:57:37
46375,70619,2025-02-22T16:57:47
29742,63173,2025-08-14T11:31:44
13980,28441,2025-10-05T06:25:31
38714,64928,2025-07-27T15:43:03
42040,48729,2025-05-12T20:00:17
28947,49711,2025-01-21T13:42:07
2040,56655,2025-05-05T16:02:50
23035,12982,2025-08-11T16:03:32
32297,54755,2024-12-08T18:39:01
21956,64241,2025-06-02T17:00:34
43594,43928,2025-02-03T20:20:12
47430,31550,2025-09-29T01:02:24
13148,88906,2025-03-14T14:53:53
22812,20258,2025-09-06T13:52:42
2227,81978,2025-09-06T16:32:09
17419,49683,2025-04-10T15:38:49
18610,66973,2025-07-11T11:24:29
8781,61836,2025-07-10T08:25:33
19137,66990,2025-01-28T17:30:57
32893,6703,2025-07-07T19:58:50
47926,16423,2025-04-18T05:58:26
39205,71975,2025-06-14T15:44:36
35784,59493,2025-09-18T17:21:30
44274,34295,2025-04-28T05:06:21
8552,85771,2025-02-18T09:42:01
3429,75842,2024-12-20T15:45:13
787,57855,2025-06-11T22:11:57
43079,15630,2025-10-24T15:35:15
16845,33084,2024-12-12T11:43:28
36109,18874,2025-07-24T06:33:39
10214,64310,2025-09-20T21:00:35
37112,94649,2025-07-20T17:47:49
20346,75607,2025-08-06T00:25:02
49564,52950,2025-02-24T18:01:54
39742,87583,2025-10-12T05:05:26
46400,30066,2024-12-11T21:00:37
6584,73610,2024-12-08T17:28:20
11957,91160,2025-02-22T12:34:11
5688,38217,2025-10-31T10:46:30
25910,5821,2025-09-09T17:11:34
17437,8391,2025-09-21T01:35:48
43238,63408,2025-03-09T22:47:03
2006,55834,2025-08-25T01:24:22
32625,73229,2024-11-28T21:17:41
41292,27201,2025-07-07T01:49:06
5886,117,2025-04-14T10:16:12
36483,84330,2024-12-03T14:29:03
4112,81784,2025-05-09T17:04:25
3000,60405,2025-10-26T23:00:27
7517,16973,2025-01-21T08:42:12
10884,77538,2025-08-19T21:46:48
32283,15583,2025-08-15T19:46:49
43797,9201,2025-06-10T07:56:23
29797,67823,2025-04-19T19:15:05
8500,74152,2025-02-20T03:42:55
11417,55475,2024-11-25T20:03:14
48385,36458,2025-04-27T03:27:40
44998,28970,2025-10-29T22:20:51
19565,48746,2025-10-31T00:40:44
27872,17215,2024-11-21T00:44:20
24488,8082,2025-09-03T07:28:33
4152,78582,2025-06-22T18:04:37
44925,67160,2025-06-08T06:24:55
41049,34319,2025-06-24T08:46:36
20105,46570,2025-05-24T18:27:51
681,11199,2025-10-27T23:55:03
11253,4572,2025-09-08T16:24:02
40974,87997,2025-04-02T00:18:18
9980,12544,2025-07-29T14:01:03
31857,39193,2025-04-11T15:59:09
13055,45112,2025-07-15T04:23:06
21495,84777,2025-08-29T19:11:56
36794,11042,2025-05-16T13:19:18
31917,63029,2025-06-09T16:04:29
38235,47057,2025-08-26T02:04:25
12533,95309,2025-03-09T14:17:56
2262,43645,2025-03-02T16:13:22
22248,47217,2025-06-25T11:23:58
20065,36238,2024-12-21T08:35:00
45605,43404,2025-09-09T19:23:32
33790,49374,2025-05-16T16:02:21
3573,49937,2025-03-13T05:37:07
27253,21174,2025-01-25T12:13:02
3228,54723,2025-06-26T13:37:17
5550,75644,2025-07-20T20:35:22
46478,45124,2025-05-12T22:56:19
28900,81572,2024-11-19T02:06:54
40308,18168,2025-02-06T07:48:56
25474,11432,2025-03-31T07:54:21
233,27392,2024-12-29T12:29:01
33647,33469,2024-12-11T18:44:36
39284,81299,2024-12-18T13:24:02
38515,53890,2025-06-13T18:52:13
15719,92575,2025-04-03T05:37:48
14876,43708,2025-03-06T17:06:52
44786,5306,2025-09-22T14:01:27
19835,41227,2024-11-28T04:53:28
12102,15537,2025-10-08T16:30:57
33365,57363,2025-06-13T11:38:29
208,79509,2025-05-28T12:46:02
42652,56902,2025-09-29T06:53:30
15635,53284,2025-06-27T07:13:51
27763,53277,2025-07-03T09:52:32
48508,7674,2024-12-09T19:55:18
17311,36058,2025-08-19T06:12:12
7411,39742,2025-03-06T17:46:20
25480,77067,2025-07-11T23:31:03
36363,71804,2025-04-06T19:59:24
45822,60668,2025-05-04T16:10:39
46232,83589,2025-07-24T10:08:06
39737,19699,2025-02-03T17:42:03
8987,93286,2024-11-10T09:10:46
22097,89896,2025-05-18T19:50:24
26777,55439,2025-07-24T18:28:58
40546,94610,2025-07-30T00:47:01
31325,27335,2025-10-14T00:58:37
12686,43555,2024-12-01T18:50:23
38789,92334,2025-08-01T07:31:17
3593,30171,2025-04-16T09:52:14
13149,81898,2024-11-29T20:56:05
42303,1579,2025-03-28T13:29:08
29344,87091,2025-01-01T23:43:54
13528,48006,2024-12-31T05:59:27
26793,11360,2025-09-20T23:24:33
39317,35407,2025-10-25T09:12:28
48151,81488,2025-05-23T05:27:12
42761,45530,2025-03-09T00:04:07
1879,16021,2025-04-11T04:39:15
12941,88467,2025-02-06T00:42:22
18129,2842,2024-11-18T12:45:40
49998,54596,2025-01-12T02:38:45
10895,14251,2025-01-20T19:31:08
10743,77934,2025-11-05T15:50:31
35041,26200,2025-03-07T21:46:13
7669,38430,2025-08-17T20:35:33
21920,97126,2025-05-21T20:13:55
21390,47023,2025-10-07T21:59:54
9553,54651,2025-07-23T15:23:37
42937,80696,2025-01-07T09:43:41
41193,37804,2025-07-06T21:49:15
30310,30505,2024-12-10T15:52:35
7891,67239,2025-06-25T16:32:25
16662,19665,2025-10-19T10:31:13
18385,52228,2024-12-08T18:32:42
13859,17194,2025-05-19T21:11:34
1553,94827,2025-01-12T12:55:36
20636,36788,2025-07-12T20:11:13
12648,37304,2025-08-21T13:52:11
13976,97414,2025-07-10T12:41:03
35645,13491,2025-08-19T21:19:22
37639,25973,2025-01-19T09:13:22
7047,9674,2025-01-21T07:33:52
33977,70846,2025-04-02T17:14:36
5192,73826,2025-02-11T22:09:50
33161,34228,2024-11-09T22:23:57
44169,42350,2025-06-20T00:49:03
46414,22467,2025-01-14T23:03:31
18263,5677,2025-04-14T11:16:22
35146,68232,2025-05-03T13:55:33
30701,7865,2025-06-02T03:30:07
47879,631,2025-02-16T08:08:33
73,82149,2025-06-02T04:32:34
12315,73447,2025-07-06T23:15:15
13699,62910,2025-10-27T19:02:55
48625,19318,2025-08-01T09:55:59
22586,96957,2025-10-30T10:38:06
43998,41937,2025-08-28T11:06:38
17532,70980,2025-05-26T12:20:32
37717,71507,2025-03-01T08:22:49
21254,84267,2025-03-19T10:50:26
30980,25473,2025-05-08T12:53:07
48057,28371,2025-08-09T12:55:03
43017,83281,2025-05-13T17:19:16
7118,36207,2025-09-12T16:54:01
6774,32452,2025-09-19T01:31:25
4083,56576,2025-05-10T10:54:09
9067,80075,2025-06-08T14:59:29
44491,3319,2025-04-27T01:31:48
14881,32870,2024-11-22T17:34:09
13257,73781,2025-06-03T18:50:46
40608,68576,2025-02-10T21:00:57
16165,13063,2025-08-23T19:34:11
19158,398,2024-11-14T13:56:11
30290,25359,2024-11-14T22:06:14
14253,76604,2025-05-19T05:10:14
34298,11065,2025-09-16T10:37:35
21258,66800,2025-10-01T13:44:19
33522,12590,2025-04-28T03:39:47
14582,92075,2025-11-06T00:06:31
48316,73350,2025-10-04T02:07:02
30791,22558,2025-05-04T12:58:29
19246,66563,2025-04-01T16:02:14
40381,59920,2025-01-21T21:35:35
17942,35941,2025-10-24T16:38:48
12137,34107,2025-06-27T01:34:16
11507,69160,2025-01-24T08:44:07
47311,90768,2024-12-19T02:39:48
34795,37036,2025-10-17T01:01:50
49146,83499,2025-04-20T21:21:33
6987,15282,2025-09-24T19:27:50
36449,32834,2025-03-08T15:49:13
4307,48219,2024-12-01T23:33:05
12633,47707,2025-10-13T19:22:25
37543,84695,2025-09-03T07:08:30
41614,367,2024-11-11T23:57:28
9423,72238,2025-01-12T01:55:17
34289,77194,2025-07-07T00:53:46
11926,41578,2025-04-03T19:41:04
6452,28248,2025-05-19T17:56:17
2332,31052,2025-08-22T03:38:17
40301,60378,2024-12-04T19:11:39
13737,80529,2025-07-12T03:26:02
2756,14407,2025-02-17T10:10:43
21099,8582,2025-06-03T13:41:47
20756,3664,2025-05-11T23:30:40
3351,46945,2025-07-18T15:19:29
25917,38529,2025-02-27T15:57:18
29989,40008,2024-12-03T20:21:43
22185,46699,2025-08-12T21:00:37
1914,95361,2024-12-16T01:04:52
11736,25235,2025-08-03T11:47:09
6852,44852,2025-07-31T05:51:30
1090,52084,2024-12-25T06:41:01
21148,40024,2025-02-25T09:59:20
38965,11231,2025-06-03T22:54:48
21065,90697,2025-10-09T21:41:32
2201,7573,2024-12-05T10:45:48
40784,49792,2025-01-04T12:46:11
2833,34987,2025-03-02T00:34:58
26225,30293,2025-03-10T10:36:40
18495,73606,2025-04-19T20:30:53
37119,39948,2025-10-21T06:14:52
31509,40391,2025-10-03T05:21:06
35786,58560,2025-07-25T14:06:03
18607,98207,2025-11-05T01:06:44
6162,9226,2025-11-06T11:23:57
19795,15319,2025-04-03T04:02:10
3472,85060,2025-08-24T20:16:59
37740,42296,2025-01-02T17:35:48
23026,16717,2025-01-07T07:35:29
14944,61597,2025-01-08T03:18:47
9788,59870,2025-05-10T08:38:44
32521,70400,2025-03-07T22:16:29
6764,25220,2024-12-04T21:39:31
41776,56970,2025-08-04T19:42:18
38530,91051,2025-01-27T13:46:14
40767,54482,2024-12-30T11:59:07
27929,46169,2025-03-13T07:34:41
26209,73398,2025-07-01T05:28:24
12363,29513,2025-10-22T02:25:03
37095,7244,2024-11-25T16:05:16
36442,25243,2025-09-11T13:40:48
46332,49862,2025-02-13T01:23:57
10798,67333,2025-05-14T19:45:32
2399,39869,2025-10-04T06:05:03
43399,4098,2025-03-26T02:40:02
29205,14887,2025-01-25T02:54:06
23792,3305,2025-01-27T14:15:31
17804,28516,2025-08-01T12:59:52
28137,74038,2025-01-05T23:55:53
1926,15689,2025-08-27T05:45:44
15758,95416,2024-12-19T01:18:38
39108,87109,2025-10-28T04:58:11
15454,98127,2025-04-19T12:13:42
30497,297,2025-10-12T03:56:23
47305,91831,2025-03-03T03:57:07
36456,43306,2025-05-30T05:47:44
48095,17988,2025-09-04T02:07:41
27316,58270,2025-08-05T09:30:05
47288,69643,2025-03-20T18:28:21
48179,9914,2024-12-17T07:59:42
14503,44836,2025-02-07T07:08:24
44310,98938,2025-10-08T08:52:08
1776,32738,2025-06-21T04:30:45
41372,49783,2025-09-24T20:28:46
33226,55601,2025-10-17T23:57:21
13384,39855,2025-07-26T09:40:42
25223,67207,2025-07-28T01:39:16
24408,50095,2024-12-05T16:35:16
46234,20706,2025-05-03T02:17:57
24580,26489,2025-07-30T00:16:22
2167,38524,2025-05-17T02:53:02
30962,8270,2025-09-05T14:21:19
22839,28116,2025-01-19T15:07:06
26383,47182,2025-08-27T14:52:52
38667,73321,2025-05-18T15:13:16
30891,74211,2025-09-26T15:59:54
20949,32388,2025-02-17T02:33:39
11970,68758,2025-08-24T17:07:39
14276,64600,2025-04-07T14:17:05
39902,66873,2025-03-21T23:50:01
22257,73885,2024-11-17T14:50:45
22979,9171,2025-04-25T02:57:51
33258,95582,2025-07-31T08:00:20
42303,8769,2024-11-13T03:45:49
623,72810,2025-07-30T23:59:30
5195,32231,2025-02-14T03:32:27
12713,39828,2025-10-23T10:40:49
799,35292,2025-07-25T14:49:25
8867,42798,2024-11-09T04:10:55
42394,83838,2025-02-26T05:23:40
36158,26517,2025-07-21T23:15:04
20775,22693,2025-05-09T14:49:16
36473,7244,2024-12-07T19:51:10
13119,13713,2025-03-07T09:05:21
2647,66770,2025-02-12T01:34:56
33725,93529,2025-10-07T03:42:13
44250,40841,2024-12-09T20:52:04
38129,92909,2025-02-15T08:32:20
33189,11717,2025-09-02T14:59:46
13295,92984,2025-01-05T13:42:54
34003,69889,2025-10-26T23:02:34
6149,34858,2025-05-15T03:19:16
33822,69461,2024-11-21T06:09:49
29627,85126,2025-05-25T17:33:23
25725,74325,2025-05-21T07:53:56
45878,99607,2025-10-22T07:51:42
49629,21352,2025-03-07T02:57:12
23527,74393,2025-08-27T00:23:46
15551,2280,2025-07-09T07:38:40
42627,31801,2025-06-05T17:25:45
9130,89596,2025-07-28T03:48:16
26491,95943,2025-05-06T16:41:00
33841,35093,2025-06-17T10:16:57
49115,33562,2025-10-26T18:13:06
41360,55398,2025-01-13T09:50:59
38602,91789,2025-07-13T19:21:03
43169,97052,2025-01-19T22:14:34
33393,56684,2024-12-09T13:19:27
4955,14183,2024-11-26T19:39:01
21326,5184,2025-05-10T07:49:51
39599,27762,2025-10-21T18:40:15
46341,7469,2024-11-18T16:20:30
24818,21455,2025-03-27T02:45:32
42354,51723,2025-09-16T00:49:25
40981,70228,2025-09-10T01:22:03
2274,76033,2025-08-23T19:03:43
37207,90055,2025-04-20T13:41:23
31827,27840,2025-10-04T05:40:47
23186,10825,2025-03-27T05:52:15
42143,82197,2025-08-22T03:46:17
9954,35945,2025-02-15T03:08:17
18486,32159,2025-03-28T18:37:12
21607,57018,2025-02-14T16:48:38
29854,21934,2025-05-04T09:04:15
45228,29082,2025-09-10T17:42:50
41985,97647,2025-01-27T15:44:35
11296,26004,2025-09-30T06:27:11
28086,51811,2025-01-28T23:00:30
3705,73085,2025-02-15T09:30:37
987,18717,2025-03-16T15:08:52
36870,47201,2025-09-23T17:42:02
3221,18972,2025-09-24T18:19:46
30636,74032,2025-05-15T08:10:27
22317,90234,2025-06-19T21:11:24
42322,27841,2025-06-24T09:00:57
18057,63312,2025-06-21T23:32:03
973,24473,2025-08-24T11:59:36
19682,7486,2025-01-10T19:01:32
28539,68699,2025-02-05T15:59:59
47643,71399,2025-10-11T16:47:46
22177,39922,2025-06-26T07:24:50
29535,46914,2024-11-28T18:09:44
43637,72982,2025-03-03T18:10:48
23171,91406,2025-09-26T07:59:11
46410,70466,2025-09-11T08:01:59
19038,72196,2025-05-13T04:14:35
16908,58724,2024-11-12T23:49:21
28002,22047,2025-05-01T21:15:35
31665,30238,2025-10-04T22:10:21
25838,74527,2025-09-22T15:36:12
33475,33458,2025-05-19T12:07:19
30301,16354,2025-03-17T13:54:21
10935,67387,2025-05-28T16:06:55
8916,80708,2025-10-05T18:59:14
17920,98676,2025-06-14T01:11:59
44501,22454,2025-04-06T05:16:56
19543,45981,2025-04-28T20:51:19
19447,97149,2025-09-30T10:50:12
37884,69943,2025-08-25T22:58:18
44240,87558,2025-06-10T16:05:27
1612,72941,2025-02-06T09:05:10
12986,9877,2025-01-17T07:23:10
43324,17395,2025-07-27T19:17:27
29412,69133,2025-04-03T07:33:11
30955,30693,2025-09-27T17:27:10
17371,47077,2025-01-03T19:20:12
36425,18792,2025-08-04T10:14:46
20778,95287,2025-03-05T03:07:58
10054,33329,2025-09-21T02:02:26
29077,36071,2025-07-06T14:06:44
1048,65595,2024-12-23T12:31:41
30931,81643,2025-08-15T02:45:48
10475,68295,2025-03-12T05:36:56
28124,29724,2025-05-27T15:42:49
12396,32934,2025-07-12T19:07:04
23583,70516,2025-08-28T14:36:58
32348,95803,2025-06-02T07:18:15
26159,86820,2025-07-09T23:11:25
25554,90346,2024-11-22T21:41:33
16598,41133,2025-08-13T05:53:23
22440,38343,2024-12-09T05:58:16
22248,65484,2025-06-05T11:35:25
14380,90122,2025-03-25T10:46:25
23368,50815,2025-05-21T22:44:18
33609,6317,2025-01-25T18:32:37
12433,8387,2025-10-23T18:47:00
30616,61706,2025-09-09T15:44:39
7445,8669,2025-07-06T17:08:55
11669,31207,2025-06-30T23:13:46
48747,77613,2024-12-27T09:26:22
17237,82293,2025-08-12T12:36:11
13390,82494,2025-01-19T01:36:56
17264,68278,2025-07-07T05:23:45
26952,85001,2025-02-17T15:38:35
38106,97415,2024-12-23T02:10:29
935,43678,2024-11-07T16:58:18
41585,57195,2025-01-08T22:16:03
17599,44263,2025-03-17T23:34:50
19796,36317,2024-12-21T02:17:17
40083,94879,2025-08-20T14:05:28
9351,22301,2025-07-24T08:53:17
44510,69466,2025-04-25T07:13:53
9877,69571,2025-05-22T00:23:48
30485,93466,2025-09-23T03:48:57
15539,40704,2025-07-13T11:42:15
48039,41670,2025-06-11T08:56:49
7457,29650,2025-03-06T10:00:35
5185,31473,2025-03-20T02:47:09
40718,37564,2025-03-08T01:56:34
15287,24335,2025-10-04T13:02:41
22260,33477,2025-02-26T05:32:05
31384,16159,2024-12-12T10:44:46
1207,5961,2025-03-13T14:22:07
38458,14024,2025-01-19T07:53:31
16653,92842,2025-06-12T16:58:04
34690,48908,2025-06-26T05:04:51
30002,48071,2025-10-24T13:19:03
47132,5725,2025-09-10T10:53:49
26555,52963,2024-12-04T04:20:53
27086,81938,2024-11-09T18:43:35
35011,36984,2025-08-03T20:55:31
46356,64021,2025-01-20T14:36:02
46529,40733,2025-09-22T04:39:25
4139,1985,2024-12-05T01:25:10
40598,30898,2025-07-06T06:42:09
44389,89830,2025-05-09T01:29:46
12442,17868,2025-01-29T06:35:21
32031,54204,2025-02-02T16:24:10
33558,49876,2024-11-07T16:02:49
18552,65224,2025-10-31T17:12:22
29065,90198,2024-12-08T10:08:38
6914,93559,2025-04-04T04:32:09
12824,64340,2025-04-15T08:31:03
48391,18574,2025-04-29T02:22:29
49205,83944,2025-07-31T09:18:20
35400,32902,2024-11-27T18:40:44
48796,2198,2025-02-13T02:17:04
9926,28668,2025-09-12T07:03:24
15401,90444,2024-11-14T08:12:51
26599,81327,2025-05-17T22:49:16
40384,63825,2024-12-04T16:13:32
7264,9076,2025-02-14T18:03:03
26033,1067,2024-12-20T00:19:18
13671,78538,2025-05-31T16:43:06
47011,784,2025-03-13T13:37:28
48191,30836,2025-06-02T15:23:15
10123,45122,2025-10-17T16:04:25
10662,27473,2025-01-23T22:20:09
48211,35113,2025-03-31T17:40:11
36896,41346,2025-05-27T10:22:09
22740,12403,2024-12-06T18:36:52
19580,51366,2025-01-17T15:38:54
18868,37497,2025-04-24T12:36:34
13639,94883,2025-02-18T06:12:56
21950,15054,2025-10-16T10:31:04
44676,28129,2025-01-15T05:06:37
15849,79561,2025-01-01T17:55:52
18262,44839,2025-05-30T10:51:51
4679,57443,2025-11-03T10:54:32
49353,62194,2025-07-27T02:55:44
3511,85786,2025-02-08T22:21:48
17727,47515,2025-02-01T19:08:55
13677,77696,2025-10-24T07:50:04
16285,45557,2025-01-17T18:31:28
29170,55864,2025-06-29T08:18:51
15688,14634,2025-05-25T06:06:16
15895,62547,2025-07-27T15:13:13
1909,26821,2025-07-24T20:54:42
45431,28634,2025-06-05T12:33:59
17535,45197,2025-10-29T07:42:23
7005,64216,2024-11-09T11:34:25
29436,33820,2025-01-05T14:13:58
11800,60758,2025-07-04T07:53:26
38263,9366,2025-04-26T16:31:40
37295,82281,2024-11-07T17:52:40
18362,89954,2025-01-16T09:04:22
11681,60112,2025-10-12T21:37:03
17343,65976,2025-06-05T12:02:10
9423,29128,2025-08-31T15:55:12
10254,43300,2025-10-10T09:58:05
49231,97125,2025-04-12T15:47:49
25263,73642,2025-08-21T11:33:32
22877,16620,2025-05-08T00:55:40
31837,94359,2025-11-05T16:25:11
7567,67380,2025-08-08T07:37:52
30779,67786,2025-08-27T08:50:30
25773,27654,2025-02-07T09:48:39
1747,61298,2024-11-07T13:27:52
15470,85800,2024-12-11T17:18:03
18419,95898,2025-10-28T04:04:25
35448,84175,2025-09-11T21:25:09
44998,88398,2025-09-15T22:15:26
14553,32735,2025-07-08T01:12:50
37597,53335,2025-08-06T19:57:40
42057,76821,2024-12-12T16:53:37
36960,19714,2025-05-12T18:34:01
39623,21583,2025-02-11T12:01:50
24003,83492,2025-05-06T00:08:14
49545,83365,2025-05-19T19:58:25
41669,93363,2025-01-21T18:33:31
14586,12285,2025-06-17T00:35:33
40258,20732,2025-04-06T16:22:30
27267,98181,2025-01-03T11:57:17
26507,89080,2025-03-01T06:07:26
24803,47726,2025-09-19T00:13:48
14266,86711,2024-12-11T18:28:15
11541,18780,2025-08-18T07:03:44
19248,11980,2025-01-31T02:07:00
48012,14332,2025-02-21T09:32:07
41263,54495,2025-04-06T12:42:53
29320,7600,2025-07-30T16:16:18
27718,11464,2025-08-11T16:45:30
37073,76487,2025-10-13T03:38:45
6908,43699,2024-12-11T08:24:20
49275,60019,2025-10-01T19:48:25
38925,98392,2025-02-21T21:57:58
13049,59875,2025-04-11T01:11:57
14745,12509,2024-12-10T23:16:11
31832,89122,2024-12-30T16:21:39
3443,64464,2024-12-01T22:35:49
40027,34053,2025-02-21T14:28:14
49019,36832,2025-10-16T19:05:43
36064,54649,2025-04-04T22:19:51
5788,55717,2024-11-24T13:21:13
18694,39969,2025-02-26T04:21:56
9002,6972,2025-02-01T15:29:57
46864,75583,2025-10-23T23:45:30
40498,11586,2025-08-21T12:53:44
37133,66974,2025-04-25T02:38:20
242,12984,2025-08-28T16:49:22
27741,4208,2025-07-29T17:59:03
17841,24144,2024-12-31T15:36:26
39435,63292,2025-04-18T20:35:57
8705,50237,2025-07-05T15:59:05
38169,806,2025-01-18T22:40:32
11394,67761,2025-08-11T10:02:43
46159,9212,2025-09-13T00:31:23
27697,77084,2025-01-17T18:45:39
34637,37454,2025-11-02T10:20:20
24682,69859,2025-02-05T05:53:24
14953,36794,2025-03-01T02:12:18
17264,88547,2025-07-23T03:56:43
22677,64543,2024-11-23T16:57:32
20999,34479,2025-05-07T14:23:30
43223,49010,2025-01-25T21:23:20
38689,71902,2025-04-21T19:53:59
3457,49245,2025-08-03T19:57:40
21536,84311,2025-02-17T05:04:14
38451,97862,2025-01-21T11:00:02
36529,70150,2025-02-22T03:16:34
35580,30691,2025-05-10T02:27:18
42321,21130,2025-08-27T21:42:05
38377,78419,2025-03-04T14:39:52
49248,49634,2025-10-14T17:05:36
19985,80767,2025-04-21T22:39:09
43156,13343,2025-03-14T12:18:12
30201,69150,2025-04-20T04:13:46
15841,71420,2024-12-06T16:44:44
14708,90536,2025-09-08T22:52:35
24780,7717,2025-01-07T09:20:07
47721,59708,2025-04-05T20:38:56
48003,36148,2024-12-27T09:25:05
19366,28020,2025-06-17T12:47:30
23066,17872,2025-09-25T05:47:52
41041,5288,2025-08-23T05:39:39
26956,12990,2025-06-16T01:58:57
31488,37483,2025-05-19T14:35:31
43379,29199,2025-09-06T08:36:21
34565,71049,2025-06-22T16:56:39
45518,29629,2025-09-06T02:39:52
46023,5233,2025-10-18T21:00:15
44288,69241,2024-12-05T09:48:44
9068,90421,2025-06-15T10:21:06
26191,419,2025-10-01T01:15:58
12503,84484,2025-01-18T22:45:29
35865,58837,2024-12-17T04:42:11
35256,54811,2025-07-11T03:06:09
49295,41007,2025-02-24T08:35:02
15265,7647,2025-07-24T03:12:50
45320,3641,2025-02-06T18:42:08
47674,18841,2025-07-11T01:02:06
3953,89921,2024-12-25T03:07:11
33530,79049,2024-12-20T05:33:26
835,77502,2025-07-29T03:36:04
18191,95024,2025-05-19T13:37:01
8345,20027,2024-11-18T08:33:44
16629,21302,2025-06-01T22:35:32
41488,67044,2025-05-06T13:44:55
39344,40594,2025-10-15T12:05:53
28331,79289,2024-12-06T13:00:49
22673,16173,2024-12-13T12:45:38
33907,8829,2025-06-22T11:51:45
29906,60464,2025-04-06T07:30:27
49744,8458,2025-10-06T03:39:46
11769,5521,2025-06-15T04:43:50
30218,60340,2025-06-03T14:29:09
30914,24986,2025-03-02T09:05:35
22601,20776,2025-08-15T05:25:50
42777,29583,2025-04-06T07:07:21
7141,67429,2025-07-14T18:21:37
48849,15971,2025-06-17T13:30:32
49826,93673,2025-05-03T04:45:54
16903,67372,2025-06-16T10:08:24
5487,36694,2025-05-23T18:31:29
22000,91212,2025-11-05T13:00:08
8933,56434,2024-12-03T11:49:58
33373,14142,2024-12-24T06:34:06
19538,30332,2025-10-29T02:26:21
35334,33879,2025-10-02T02:33:52
11074,8797,2025-03-10T08:53:40
42825,484,2025-09-09T05:17:50
17378,76702,2025-04-17T08:47:38
24031,94251,2025-04-21T04:44:23
36266,71441,2024-12-11T05:28:57
4412,60548,2024-12-17T14:52:22
40468,8563,2025-09-08T18:41:33
40967,83809,2025-03-14T14:38:10
9231,63676,2025-07-19T10:52:09
653,8945,2024-11-30T16:50:48
5052,13692,2025-01-15T11:21:34
26281,14143,2025-07-12T20:01:49
26184,85181,2025-09-29T23:24:41
2445,68482,2025-01-18T04:45:45
18753,72337,2024-11-13T05:59:34
2955,89585,2025-05-24T20:45:42
9045,37422,2024-11-15T16:25:10
10655,31761,2024-11-08T00:41:51
46859,32014,2025-04-19T09:33:51
41688,1527,2025-07-10T15:05:36
43449,13861,2025-05-15T10:37:33
20714,93332,2025-03-16T05:31:41
12526,58711,2025-04-25T05:42:50
14527,55770,2025-10-17T07:29:17
28145,5075,2025-07-27T11:32:21
9665,60164,2024-12-17T06:10:16
40875,17205,2025-10-14T15:33:31
36223,94374,2025-06-18T06:45:48
31019,60759,2025-06-11T15:47:36
16808,38515,2025-09-23T02:43:54
18470,28321,2024-12-07T14:18:39
48887,71764,2025-05-20T07:42:21
49246,71274,2025-03-10T00:13:48
23877,46803,2024-11-24T17:05:27
21431,19343,2025-08-06T17:36:24
12840,83706,2025-05-26T03:30:21
7119,47397,2025-10-07T11:19:31
19772,59056,2025-06-29T22:09:37
4351,40132,2025-01-01T02:33:43
13639,11558,2025-08-25T01:36:57
37810,78751,2025-03-27T14:23:04
12790,76656,2024-11-18T05:18:30
22157,74408,2025-06-21T23:50:01
24373,45749,2025-10-12T15:00:12
43153,46842,2025-09-16T16:32:52
8321,91742,2025-05-03T10:07:37
25798,51457,2025-01-18T05:54:20
3362,3433,2025-08-16T19:36:57
41416,14806,2025-07-20T08:55:14
42015,77860,2025-10-12T10:34:54
30349,16676,2025-01-17T15:07:17
15057,14967,2025-06-20T16:02:09
26283,15355,2025-08-04T05:17:32
29246,67048,2025-02-11T14:55:41
4307,50898,2024-12-09T16:08:23
7868,19120,2024-11-14T02:04:10
27991,25808,2025-09-12T09:18:25
37117,47513,2025-03-28T11:11:29
4072,37800,2025-03-14T17:04:32
10621,60370,2025-04-02T06:06:27
23245,98737,2025-06-08T16:26:41
4986,85266,2025-06-14T22:55:46
676,85546,2025-07-18T08:22:49
6780,30095,2025-01-30T19:21:10
491,95589,2024-11-21T13:27:31
46196,59902,2024-11-09T21:08:18
3690,85917,2025-07-14T02:16:15
30383,64537,2025-06-02T07:20:34
39804,65483,2025-05-22T23:24:35
35281,98170,2024-12-31T15:13:35
24736,17420,2025-10-30T01:59:54
29914,47494,2025-06-24T18:11:57
7549,66523,2024-12-23T04:42:18
2091,78005,2025-03-08T15:37:34
795,51272,2025-09-15T08:13:15
15558,39066,2024-11-21T01:53:13
14148,51397,2025-05-19T05:06:54
2932,82967,2025-03-23T13:57:38
12200,14734,2025-02-26T04:21:42
46249,16455,2025-04-22T14:10:19
5350,12289,2024-12-19T06:32:06
2695,45645,2025-02-02T01:27:49
36743,51047,2025-06-23T16:51:56
36236,62669,2025-08-07T00:31:40
16187,6384,2025-07-06T05:46:55
16326,67572,2025-06-02T15:02:49
17760,37042,2025-02-10T23:16:47
18976,66482,2025-09-04T09:14:02
1135,41604,2025-10-14T00:16:35
37852,53452,2025-09-04T22:24:57
20471,37176,2025-01-22T10:50:37
11243,34549,2025-09-19T23:22:03
49814,92578,2024-12-07T17:03:50
12600,35962,2025-02-14T11:35:33
5282,81083,2025-04-14T22:20:35
5130,44899,2025-08-23T19:20:22
44788,83407,2024-11-18T07:23:51
5651,40889,2025-07-11T14:05:37
14744,3014,2025-02-26T04:35:56
18995,1268,2025-03-15T11:03:03
26509,60573,2025-10-22T20:20:59
14330,85355,2024-11-23T22:05:51
11216,77481,2025-04-29T21:30:57
21815,91154,2025-02-02T05:28:45
14652,2843,2025-03-13T18:09:58
22249,96644,2025-05-05T02:18:40
8151,92434,2025-02-20T04:05:36
5555,92132,2025-09-27T02:29:59
28344,49852,2024-11-16T22:43:29
16789,35138,2025-06-02T11:45:35
28613,77768,2025-11-05T12:26:38
16960,17347,2025-05-01T06:18:45
40446,60174,2025-03-18T15:55:03
14957,99561,2025-05-05T14:53:01
31786,74458,2025-11-03T05:19:17
12240,90210,2025-03-28T09:09:14
48845,3120,2025-01-22T22:38:57
18214,76104,2025-02-15T19:55:59
33287,72766,2024-12-06T06:56:17
7927,60118,2025-06-30T01:04:12
22854,83159,2025-01-03T16:17:35
32347,37780,2025-01-17T03:24:11
18136,91999,2025-03-12T20:23:24
10594,99058,2025-02-17T16:02:47
34953,16955,2024-12-12T21:11:56
10279,75202,2025-03-19T07:00:54
2768,67213,2024-12-16T13:47:12
15034,90602,2025-08-13T11:20:28
30496,14066,2025-02-26T19:10:30
39621,34899,2025-02-25T15:06:38
42158,41583,2025-07-08T05:42:43
21407,27466,2025-08-30T01:46:24
30259,53362,2025-04-15T11:56:31
24215,7349,2024-11-13T04:31:37
19732,96236,2024-11-23T22:54:24
37169,21775,2025-10-22T21:15:12
49032,1657,2025-06-03T20:12:29
17769,71723,2025-03-24T00:45:40
16851,16446,2025-07-03T20:33:43
25459,96203,2025-05-24T09:51:51
30095,45713,2025-05-19T18:08:09
21479,87907,2025-01-05T15:50:06
13123,93114,2025-07-11T19:56:01
19681,15443,2025-03-26T16:42:00
36173,80828,2025-08-01T22:06:07
7077,54914,2025-07-21T20:27:44
10008,3568,2025-06-06T22:36:30
44465,84584,2024-11-20T22:03:58
1280,85464,2025-06-10T10:36:25
24507,96147,2024-12-23T23:30:45
30129,91927,2025-02-17T04:17:18
32940,54411,2025-08-12T02:27:17
5609,92166,2024-11-17T05:47:40
30308,47860,2024-12-10T14:06:54
14875,20437,2025-08-21T14:23:55
26958,7995,2025-04-13T11:53:09
2501,17339,2024-11-26T17:34:01
24809,16172,2025-09-12T02:06:59
35222,9187,2025-03-13T11:45:27
25492,30270,2025-08-14T16:39:54
38621,26135,2025-01-23T07:27:21
23513,38065,2025-06-03T07:27:04
103,36609,2025-04-05T15:08:46
2036,90916,2025-06-26T23:23:43
29343,26010,2025-02-13T08:39:04
37032,84879,2024-11-22T21:59:52
43166,57032,2025-07-20T06:31:36
39599,76580,2025-09-08T20:31:51
23675,49293,2025-09-08T05:57:44
29141,34523,2025-10-29T03:01:29
12687,73617,2025-08-09T16:43:00
39301,24221,2025-04-07T23:19:57
1200,65240,2025-10-29T09:49:40
11101,4349,2025-02-12T03:14:56
17535,25104,2024-12-08T00:58:58
6656,30366,2025-06-13T07:27:42
24178,13893,2025-01-10T02:52:59
14517,60123,2025-03-17T03:46:16
9483,81024,2024-12-20T11:33:21
47772,66717,2025-04-02T19:00:37
19486,53839,2025-06-03T05:46:51
43593,47075,2025-07-26T22:38:17
41380,49548,2025-07-16T15:57:40
28700,60903,2025-01-20T19:11:36
92,80392,2025-10-15T17:22:17
29906,40021,2024-11-26T21:04:31
26115,90778,2025-07-04T06:43:46
27807,49185,2025-06-28T13:39:27
47181,82727,2024-11-27T14:54:09
4164,7313,2025-01-19T03:57:36
49954,71828,2025-06-25T15:45:42
16951,31453,2025-10-11T12:09:00
11340,59933,2025-04-18T02:05:10
29414,56373,2025-06-17T16:56:29
43869,80483,2024-11-26T23:14:11
2082,16179,2025-02-22T23:13:31
13094,86466,2025-08-12T18:06:57
31091,7026,2025-04-11T03:42:42
4641,295,2025-01-19T21:00:50
17721,17629,2025-02-19T03:20:05
5261,76662,2025-02-03T11:00:22
18394,43942,2024-12-20T16:51:51
16319,28168,2025-02-16T16:05:28
10995,62851,2025-07-26T12:12:05
4410,96838,2025-06-08T19:54:14
3435,60500,2024-12-06T22:18:27
3527,82947,2025-03-22T21:37:34
33715,71859,2025-04-05T01:48:03
262,51717,2025-03-17T01:46:14
42338,75937,2025-06-16T04:12:58
47846,67186,2025-04-01T22:59:05
7424,71547,2024-12-01T21:22:05
3730,31437,2025-07-29T10:48:46
17399,71490,2025-09-29T17:24:00
36106,86307,2025-05-28T06:18:43
16696,72883,2025-05-21T20:39:34
33093,74678,2024-12-14T16:11:07
48750,92377,2025-08-09T14:07:22
15001,1497,2025-08-25T15:09:34
2595,74040,2025-02-09T07:15:03
44034,55775,2025-10-16T03:00:42
29402,83463,2025-04-13T14:50:33
49523,99375,2025-07-27T12:53:40
15029,60077,2025-05-19T06:22:39
20571,74033,2025-02-14T09:59:32
2858,67868,2025-01-10T18:05:50
30923,91225,2025-01-31T15:18:47
37086,55725,2025-03-06T05:34:47
1414,14355,2025-06-24T04:57:08
28243,3858,2025-07-05T21:33:10
632,2126,2024-11-14T11:45:32
8860,77293,2025-01-31T21:29:26
2691,30392,2025-03-12T10:08:32
15034,71459,2025-10-26T22:57:39
23994,69794,2025-04-30T11:27:05
7422,22312,2025-02-05T06:04:38
47276,47675,2025-04-28T06:39:42
38789,53347,2025-01-26T15:07:12
19374,62775,2024-12-05T23:23:36
21527,70097,2025-04-04T08:24:10
3276,68339,2025-09-14T20:13:29
44898,52450,2025-10-11T16:03:13
40442,60109,2025-11-05T19:01:41
48537,10769,2025-09-27T12:21:04
19758,35743,2025-02-24T01:37:14
17774,62096,2025-10-24T19:28:13
33412,22812,2024-12-01T20:09:18
20617,28053,2024-12-10T13:45:41
19709,84424,2025-10-27T16:26:37
12559,65763,2025-08-11T09:09:24
1859,70123,2025-11-06T02:09:05
17296,11422,2024-11-27T14:03:31
38394,36826,2025-01-31T22:25:57
23756,49381,2025-03-26T22:56:44
42156,55054,2025-05-05T01:27:35
49831,42770,2025-09-18T15:24:59
40623,67380,2025-09-08T12:37:30
9428,26601,2025-08-25T13:34:46
6217,82618,2025-06-03T06:18:59
286,45460,2024-12-23T17:06:07
159,2436,2024-12-25T01:57:45
15986,80834,2025-06-29T19:26:41
49809,5231,2024-12-02T23:24:17
28050,51596,2025-09-09T07:23:35
19471,41309,2024-11-17T22:59:09
11799,34217,2025-02-05T20:06:50
31834,20407,2025-04-08T20:54:34
48482,12168,2025-07-13T06:21:31
4806,82482,2025-04-10T09:45:28
39497,23236,2024-12-15T07:40:39
23780,96231,2025-11-01T06:11:45
27197,76329,2025-09-20T07:15:20
35006,5298,2025-10-19T07:40:06
48535,63423,2024-12-04T05:19:07
16874,26636,2025-06-29T06:54:42
48339,35705,2025-10-29T05:49:24
25891,92258,2025-09-22T06:25:31
19403,7656,2025-02-01T23:52:36
821,19739,2024-11-18T23:29:26
11364,8769,2025-07-26T12:30:00
20466,24766,2025-04-30T00:47:43
13287,17491,2025-09-28T17:37:58
28078,12940,2025-02-27T09:44:29
35653,51832,2025-04-08T04:38:06
18487,58347,2024-12-18T10:36:02
45519,71295,2025-01-24T14:20:11
22690,91526,2025-04-22T02:59:03
16095,37233,2025-10-06T02:57:08
13701,17287,2025-03-15T00:42:57
4017,33306,2025-04-01T15:26:44
29572,45349,2025-01-18T04:38:14
25020,35072,2025-04-29T22:43:52
30072,92738,2025-08-15T17:16:46
12771,1781,2025-02-14T16:04:16
2112,18135,2025-08-23T00:20:46
84,71507,2025-03-17T06:51:59
23985,16447,2024-11-11T13:16:04
30677,66715,2025-09-18T15:40:34
428,82405,2025-10-08T09:36:49
15991,78304,2025-05-21T06:22:23
47822,16630,2025-06-24T07:34:12
35596,31817,2025-05-07T19:02:33
36243,94038,2025-03-28T12:35:25
8992,74342,2025-06-09T06:03:54
39601,90921,2025-08-15T09:05:00
39803,34034,2025-06-09T23:51:17
8129,1785,2025-07-10T14:28:29
15489,92996,2025-05-04T22:03:39
45262,50734,2025-03-24T00:43:42
49491,49688,2025-01-11T09:34:07
8204,70038,2025-01-14T22:05:31
26869,46669,2024-12-29T09:46:10
5824,23495,2025-11-03T09:38:12
23977,58047,2025-01-09T04:14:35
33931,88193,2025-10-03T12:17:30
38971,39849,2025-03-05T01:31:42
24155,20767,2025-07-02T14:44:19
17271,46613,2025-04-09T13:16:26
27122,85544,2025-07-26T08:28:58
27877,44623,2025-01-08T11:04:24
31868,83146,2024-11-09T10:54:55
38430,39097,2025-04-24T02:14:19
23988,77786,2024-11-10T05:31:01
37215,17982,2025-09-05T01:07:45
8603,71182,2025-05-07T05:49:02
1244,99005,2025-07-24T20:18:04
32883,43255,2025-02-17T17:51:15
47677,77139,2024-11-11T01:05:24
12573,2582,2025-08-09T05:44:27
9926,67274,2025-04-11T09:40:42
36961,26500,2025-08-05T21:11:19
3451,81782,2025-02-01T17:50:43
49488,23776,2025-10-11T11:43:57
43540,45994,2025-03-09T01:25:30
31895,50037,2025-09-26T03:57:42
8378,50346,2025-04-18T14:01:54
14998,3453,2025-05-26T08:29:10
21763,14983,2025-03-07T00:33:01
26535,76436,2025-05-13T14:48:59
9985,69845,2025-06-02T01:22:41
22928,94536,2025-02-07T17:29:53
21032,3605,2025-07-28T23:48:18
30490,44427,2025-07-31T14:52:21
27034,96259,2025-07-11T05:45:49
30493,47173,2025-07-05T02:07:03
36279,75133,2025-09-19T00:56:41
27658,92792,2024-11-14T19:35:16
49136,41263,2025-07-09T23:44:03
15399,75087,2025-08-23T21:59:09
46195,25497,2025-01-02T21:42:09
29752,99015,2025-04-13T04:10:35
44169,25279,2025-08-09T01:17:05
16247,71040,2025-08-19T03:29:36
40345,13430,2025-10-28T06:34:18
9254,61819,2025-10-16T08:25:20
45382,53001,2025-04-30T02:53:49
48407,80041,2025-10-01T08:32:38
32166,18879,2025-08-25T21:05:38
33113,38355,2025-04-25T14:20:57
37198,41326,2025-11-02T03:40:29
46190,75018,2025-03-12T21:04:39
14208,94203,2025-08-28T02:50:26
725,4682,2025-06-04T04:54:44
33676,13555,2024-11-15T19:07:11
24225,30818,2025-06-18T17:49:37
39178,56019,2025-05-07T12:33:12
19915,72657,2025-04-10T11:05:01
25815,18338,2024-12-03T05:52:25
30057,67534,2025-10-17T20:35:36
17249,55170,2025-07-28T17:19:18
5893,52589,2025-09-24T22:41:58
18292,1379,2025-02-14T02:40:39
13576,45753,2025-06-27T17:48:58
49445,32102,2025-09-17T10:33:09
45927,43182,2025-03-20T18:58:27
27722,49314,2025-07-21T13:20:15
49158,56840,2025-04-22T06:37:10
45712,84755,2024-11-28T20:01:27
46515,73179,2025-03-11T00:05:27
17931,42480,2024-12-09T00:05:35
10685,2525,2025-08-13T17:56:06
37829,73796,2025-04-14T15:47:03
5988,95457,2025-05-10T11:43:17
34679,79758,2025-06-17T06:18:53
18023,20642,2025-03-17T11:51:46
38256,24705,2025-05-18T22:55:56
30754,82154,2024-12-03T03:43:11
38126,92725,2025-11-04T20:31:06
39498,43400,2025-02-16T14:09:05
27157,32899,2025-09-07T06:28:36
25762,45271,2025-06-21T05:43:35
41981,506,2024-12-24T15:51:59
36052,81012,2025-09-14T18:00:02
9071,58871,2025-06-25T09:00:07
31950,46575,2025-01-02T09:32:33
34560,72473,2025-04-18T07:01:37
33143,73424,2025-03-05T23:54:55
36034,48973,2024-11-26T07:03:32
17486,23749,2025-06-23T11:15:04
35718,11683,2025-08-04T18:57:29
24666,72220,2025-06-02T06:10:15
39937,23443,2025-05-22T10:33:28
47942,62178,2024-12-11T10:10:28
1612,9582,2025-07-18T18:23:53
1793,95085,2025-01-05T00:05:23
9987,94089,2025-03-25T01:08:58
45492,27147,2025-01-17T17:56:21
45610,78194,2025-01-30T16:33:26
45515,42615,2025-03-12T10:56:48
20374,27960,2025-08-04T09:36:48
40920,16583,2025-07-23T04:48:36
2287,42075,2025-03-27T04:24:27
33300,23801,2025-06-17T14:52:26
24863,82486,2025-11-01T19:05:45
28265,50183,2025-04-07T06:44:27
20598,42105,2025-04-07T13:27:24
9700,91046,2025-03-25T16:37:36
38834,13077,2025-05-16T07:43:30
17783,21228,2025-02-21T22:57:17
42281,22091,2025-08-21T20:31:31
14718,47048,2024-12-03T23:07:07
28044,8058,2025-07-20T02:11:33
17245,31036,2025-04-16T21:33:52
9338,61032,2024-11-18T12:13:11
4784,41306,2024-12-31T06:11:51
159,9839,2025-03-11T06:17:24
29162,43620,2024-12-13T18:14:55
7836,10560,2025-05-31T02:27:00
20169,94522,2025-01-04T15:43:09
1420,53884,2025-03-18T13:39:01
36753,20990,2025-04-05T06:22:35
46880,26954,2025-07-19T20:16:10
47888,38803,2024-11-23T05:54:46
23524,75309,2025-09-12T15:02:32
2586,54271,2025-10-18T09:46:55
10709,11465,2025-02-07T23:38:43
2888,22868,2025-05-27T03:53:54
25175,77500,2025-02-03T21:03:28
40958,5663,2025-10-09T08:29:04
10649,59805,2024-12-01T15:58:57
16086,86604,2025-08-28T10:54:41
46069,53271,2025-09-11T10:33:16
42071,33419,2025-02-11T15:22:40
28203,5918,2025-09-12T08:14:00
23702,90643,2025-07-05T11:12:44
25637,46841,2025-10-30T09:58:01
4298,21403,2025-03-04T06:13:28
29889,55800,2025-06-18T19:09:15
49107,26499,2025-06-19T10:19:28
20387,41515,2024-11-07T06:08:40
21351,13750,2025-01-30T21:26:30
30095,13057,2025-11-02T00:03:06
38091,16328,2025-09-17T22:29:27
10827,50931,2025-02-04T22:50:29
31765,80934,2024-11-27T12:53:57
47481,71516,2025-02-25T07:49:29
21789,39617,2025-09-30T03:13:01
8414,86331,2025-04-08T00:42:22
4597,55815,2025-06-15T07:04:01
1872,85187,2024-12-02T23:47:44
24391,77083,2025-05-29T21:02:09
8260,74607,2024-12-11T15:53:48
49602,65919,2025-10-28T06:51:31
4120,48248,2024-12-26T04:40:47
28361,87332,2025-02-12T13:30:08
34024,20176,2025-10-23T16:52:37
37043,23096,2025-02-17T12:47:12
35508,95767,2025-10-19T14:49:58
24071,25382,2025-07-07T03:20:03
31546,30799,2025-01-19T07:53:54
451,21668,2025-06-18T18:06:27
15142,62337,2024-12-31T20:55:34
15057,19260,2025-08-13T11:57:25
43545,95348,2025-10-22T12:23:43
32628,48535,2025-02-10T22:21:10
23982,55556,2024-11-07T08:47:14
33033,47771,2025-10-12T00:45:17
21226,13061,2025-04-11T05:38:20
2256,30546,2025-09-13T10:26:19
832,30209,2025-02-15T17:09:30
13643,35714,2025-10-26T07:12:49
17582,4415,2025-03-12T21:32:12
15460,45505,2025-03-13T20:53:55
30632,4146,2025-04-26T00:34:14
42516,80218,2025-01-20T02:20:34
34040,98800,2025-09-30T13:31:04
10764,74827,2025-05-14T04:45:32
9022,96488,2025-05-31T06:01:03
11719,42787,2025-01-26T11:36:10
19190,10256,2025-07-02T00:55:45
14880,67330,2025-10-11T07:14:56
17580,2127,2025-07-12T01:06:04
44976,66771,2025-05-16T14:11:10
10019,18533,2025-01-17T02:07:01
43732,43657,2025-05-08T11:49:19
10702,12081,2025-05-30T17:12:08
18721,17388,2025-04-18T05:09:02
2145,76310,2025-05-08T20:37:30
11513,36189,2025-05-02T15:21:20
48322,57677,2025-07-11T14:12:29
17315,23821,2025-01-03T03:35:18
40768,12197,2025-06-14T20:14:31
19165,28198,2025-10-01T17:01:58
45209,97693,2025-03-22T11:32:01
8158,18266,2025-03-16T07:51:28
25129,86551,2025-04-13T05:17:11
27345,6071,2025-08-07T11:07:43
47753,58990,2024-12-23T12:32:40
19557,29594,2024-12-08T06:45:11
20267,62554,2025-08-21T19:29:29
32970,47175,2024-12-11T11:33:37
8419,31,2025-05-12T12:00:29
39403,70003,2025-08-25T23:36:01
38366,949,2025-09-19T13:55:00
21907,93633,2025-01-01T05:59:41
23384,24073,2024-12-31T01:48:18
14281,49861,2025-10-11T04:39:48
6099,32301,2024-11-25T20:14:51
12488,63663,2025-02-10T14:24:26
27372,2096,2025-01-27T09:23:29
23025,63291,2025-04-19T04:05:27
7684,47710,2024-12-15T15:09:28
39472,55267,2025-10-22T00:38:01
49139,78467,2025-07-07T11:55:34
6408,19904,2025-04-16T12:46:38
13592,74707,2025-05-13T23:30:52
49470,61373,2025-04-28T00:27:35
37410,98030,2025-03-27T00:55:16
32157,24684,2025-03-05T00:32:21
45747,46504,2025-09-23T18:52:37
26366,45876,2025-09-24T03:48:20
14492,95015,2025-05-20T03:59:36
13342,73555,2025-05-24T23:00:00
10940,63273,2025-09-10T10:05:30
42476,74981,2025-06-21T15:33:52
498,13079,2025-05-21T11:52:14
36053,62143,2025-03-17T08:33:50
48603,6361,2025-01-03T17:54:28
47025,7097,2025-08-29T03:00:38
48370,46793,2024-11-18T20:35:11
1780,7793,2025-09-20T04:14:20
18256,98775,2025-07-13T02:36:51
15936,72699,2025-07-17T09:37:02
38729,48181,2025-06-26T15:08:29
5582,19050,2025-05-02T06:16:37
37454,46899,2025-07-29T15:44:44
19853,85316,2025-01-02T17:31:41
23237,2458,2024-11-14T18:25:49
45900,8993,2025-04-04T15:14:34
4831,14894,2025-06-20T09:08:42
16191,75667,2024-11-19T06:13:16
29666,75872,2025-08-18T21:33:46
7003,27516,2024-12-21T23:03:33
39831,40810,2025-09-24T06:59:18
42302,75934,2025-04-27T18:25:47
24608,95342,2025-04-05T02:03:14
329,50413,2025-09-02T16:16:36
26805,58554,2024-12-17T01:50:47
22027,9183,2024-11-11T08:36:42
27524,90545,2025-10-22T01:20:13
46375,18286,2025-06-06T20:51:42
19610,22029,2025-10-08T21:25:46
39089,51192,2025-09-03T05:30:25
19573,96541,2025-02-16T14:34:04
40601,45954,2025-04-25T15:06:04
12066,80748,2025-08-08T00:22:37
43788,65958,2025-04-21T19:18:14
6364,23188,2025-04-01T15:52:48
40836,7271,2025-04-28T15:01:42
47524,79958,2024-12-12T13:08:19
41133,25657,2025-05-30T17:18:04
31137,34536,2025-03-13T00:29:15
19532,16626,2025-01-03T09:37:20
5332,90953,2025-05-06T07:42:27
16714,84830,2024-11-26T14:49:18
6926,53221,2025-03-03T22:34:42
43569,87561,2025-08-10T21:07:04
3293,13457,2025-04-15T16:58:47
8962,63351,2024-12-14T22:29:06
27738,81819,2025-07-09T20:21:19
34614,98309,2025-01-04T18:16:14
37462,26563,2025-10-30T15:05:02
37991,68858,2025-09-12T20:19:59
30326,67852,2025-07-08T03:08:00
11957,60750,2024-12-20T03:29:27
29544,18870,2025-06-04T08:00:27
38795,10916,2025-09-10T14:52:48
34785,83552,2025-03-16T03:21:12
36694,60633,2025-05-04T07:40:59
29633,25121,2025-04-14T03:08:55
46858,41179,2025-10-06T11:15:00
19231,29887,2025-09-05T13:30:43
17999,82673,2025-04-11T04:05:37
27110,49627,2025-10-19T04:12:22
37957,10599,2025-10-15T06:24:34
28930,86017,2025-01-13T18:53:41
17085,32958,2025-05-19T03:53:26
16861,61427,2025-11-03T13:24:36
1495,46691,2025-09-06T20:51:15
7773,53144,2025-07-04T03:59:51
45951,58601,2025-04-07T04:09:17
36282,47679,2025-09-30T01:34:15
35325,20803,2025-07-14T11:00:54
44399,18169,2024-11-25T18:01:37
25484,68432,2025-06-02T11:32:31
28713,22227,2025-04-11T12:23:58
31784,15997,2024-11-10T05:02:01
3692,15661,2025-03-13T01:56:30
25997,66430,2025-07-02T10:01:39
30064,83178,2025-06-03T15:06:18
30642,17375,2025-02-02T17:26:02
6990,34367,2025-01-24T19:52:33
32331,50564,2025-10-27T10:50:48
7100,15328,2025-09-25T03:55:07
24974,23182,2025-03-18T08:32:47
21991,9694,2025-01-22T03:13:46
20754,86384,2025-07-25T07:15:48
7709,22127,2025-11-01T05:05:18
1104,94245,2025-06-08T19:20:18
181,24607,2025-02-28T08:15:57
8161,24906,2025-01-16T18:18:21
18432,54328,2025-02-13T02:45:53
21935,3783,2025-07-19T22:20:59
47648,70872,2025-06-08T09:25:37
17802,91607,2024-12-17T19:51:11
19738,43665,2025-09-06T16:55:28
46033,33653,2024-12-30T03:33:17
31688,47099,2025-07-11T13:13:48
19830,6047,2025-07-11T00:18:01
33793,69885,2025-03-20T10:16:25
25487,75128,2024-11-21T00:45:31
44143,75979,2025-05-24T14:48:42
44413,48953,2025-08-15T04:34:38
4853,93280,2025-10-13T01:50:26
32734,61172,2025-07-08T22:26:03
7267,10614,2025-01-29T15:38:45
25371,81377,2025-08-15T20:15:21
40144,52227,2025-08-15T14:44:37
10374,61721,2025-04-06T01:07:56
10460,52582,2025-08-02T13:51:36
37746,25059,2025-04-11T04:14:33
14978,28018,2025-06-10T16:50:23
20083,60213,2025-02-15T06:39:34
23519,88217,2025-02-06T11:20:39
19542,51346,2024-12-06T06:37:44
2278,18105,2024-11-10T11:53:16
31160,9994,2025-07-08T13:15:33
21775,30963,2024-11-26T23:41:03
4175,90468,2025-04-06T05:48:48
28758,69595,2025-01-18T15:04:50
24067,14802,2024-12-20T04:05:28
26379,19244,2025-01-17T21:34:33
23161,50602,2025-03-06T02:37:03
47059,68389,2024-12-08T22:42:08
26960,57598,2025-08-18T16:33:41
17766,88921,2025-11-02T08:24:33
29274,41118,2025-02-03T02:09:39
17455,96822,2025-08-13T13:37:27
14971,33991,2025-08-29T08:47:27
47445,56681,2025-01-01T03:49:45
25625,64841,2025-01-04T12:06:42
452,38217,2025-08-27T21:21:25
21268,47624,2025-07-26T23:59:57
25365,24620,2025-01-29T22:27:10
30930,77805,2024-12-23T02:19:44
16167,63082,2025-01-15T04:27:00
6020,18259,2025-01-15T12:35:55
44814,95146,2025-07-08T12:51:01
31340,56996,2025-07-14T16:13:17
14008,43484,2025-08-14T20:27:49
40599,20858,2025-10-23T14:13:07
8661,28134,2024-12-06T03:07:00
26299,25211,2025-04-29T01:43:08
47512,61225,2025-10-03T01:42:02
28492,48452,2025-03-09T10:28:08
36695,98757,2025-04-26T22:43:07
7022,68523,2025-09-18T21:57:36
17721,35993,2025-04-05T10:46:58
8972,13358,2025-06-16T21:18:59
44636,85333,2025-06-28T06:22:38
45498,18427,2025-02-01T13:08:21
19889,89128,2025-01-12T19:34:24
29904,92483,2024-12-02T00:00:44
8065,19347,2025-06-14T19:24:50
20357,28197,2025-02-26T17:30:19
14890,89591,2025-08-15T12:41:23
48640,64357,2025-10-06T01:35:31
35234,51938,2025-08-22T08:33:09
20056,79965,2025-01-08T01:32:06
5838,73932,2024-12-04T13:35:04
34495,56634,2025-03-24T05:55:49
15522,99269,2025-01-29T06:59:55
27380,13158,2025-09-15T02:45:32
3718,21282,2025-06-13T21:58:36
24489,85874,2025-07-06T20:04:33
18448,49985,2025-07-11T19:56:14
648,14473,2025-09-13T19:21:05
29935,27746,2025-01-29T17:51:21
42395,89304,2025-10-07T07:07:58
27735,31941,2025-07-18T07:51:15
15743,10644,2025-09-21T11:45:27
43137,52227,2025-01-09T12:52:05
30221,51904,2025-06-24T09:54:46
42497,58204,2025-07-20T13:11:57
17513,91372,2025-02-11T16:39:18
27985,46846,2025-07-18T07:46:31
29851,61212,2024-12-13T23:01:52
37956,74354,2024-11-26T19:00:31
15810,83695,2025-04-16T20:00:46
47055,20776,2025-04-02T11:44:00
27475,65870,2025-07-09T05:55:03
14806,79838,2025-03-24T03:42:06
5025,54042,2025-10-21T07:11:51
26951,65698,2025-07-30T14:48:15
3933,50107,2025-04-26T03:02:25
10243,94967,2025-04-15T08:16:31
31082,44645,2025-05-18T10:39:41
44718,94366,2025-09-22T20:00:48
20045,63635,2024-11-21T17:15:39
43894,65825,2025-02-02T22:31:03
35260,3797,2025-02-17T20:02:32
37164,15340,2024-11-17T05:42:59
18283,88686,2025-04-07T00:30:02
38812,26841,2025-08-30T07:00:25
23950,21127,2025-02-05T09:58:33
18835,33519,2025-08-27T13:24:33
42374,29723,2024-12-04T04:24:19
6839,11010,2025-02-01T17:38:55
5116,74678,2024-11-30T06:53:34
10879,66547,2025-08-03T04:05:15
3637,47483,2024-11-24T12:30:13
42320,82792,2025-10-19T05:27:40
48025,30599,2024-12-31T18:58:36
18570,87321,2025-03-28T08:47:55
29579,19527,2024-11-18T23:43:35
35021,82708,2024-12-23T20:55:11
18501,12530,2025-07-15T15:15:46
10785,43928,2025-10-06T11:04:56
9175,82995,2025-02-26T09:06:43
7655,84982,2025-11-05T11:31:30
43701,796,2024-12-10T18:31:47
27237,29569,2025-04-20T11:25:30
1629,46049,2025-06-27T11:11:39
9502,94906,2024-12-07T09:35:11
13982,62018,2025-06-09T17:51:33
21274,10694,2025-09-06T01:41:55
16327,44512,2025-02-19T10:56:51
18553,14704,2025-07-16T01:10:13
45434,766,2025-09-17T22:28:44
25264,42579,2025-04-15T12:58:49
47694,9282,2025-09-11T04:30:01
18867,23987,2024-12-27T08:16:33
4748,79303,2025-03-04T16:43:29
37918,80097,2024-11-16T12:35:39
14828,87381,2024-11-20T09:17:12
19986,4132,2025-01-14T14:06:39
19295,72978,2025-09-25T15:56:12
23763,53889,2025-03-19T07:30:46
1191,17666,2024-11-29T13:45:36
9739,12458,2025-08-15T03:42:08
4667,65731,2025-06-13T23:48:19
8636,87114,2024-11-30T11:09:44
33050,85655,2025-08-06T07:18:01
41185,98868,2025-04-13T19:52:06
43760,74324,2025-03-19T14:49:25
19295,19202,2025-08-26T11:38:34
42046,2886,2025-01-22T17:23:12
37219,50274,2025-08-10T09:31:53
24138,32852,2025-08-21T20:24:45
22295,24345,2025-02-03T21:00:24
19452,65265,2024-12-11T23:21:28
47357,18765,2025-08-25T17:13:20
7117,67992,2025-02-10T19:25:18
10687,97934,2025-03-10T15:41:54
14002,50854,2025-01-01T10:45:06
45488,60142,2025-09-11T14:30:54
17278,48338,2024-12-16T17:45:20
17141,30882,2025-07-03T20:51:13
35489,27704,2024-12-04T20:35:58
45853,47773,2025-10-20T23:53:43
49557,35092,2025-01-17T02:23:03
43607,50771,2025-04-08T18:34:19
48951,96527,2025-11-05T13:43:16
37672,25871,2025-06-24T14:40:04
48498,43740,2025-10-24T01:29:47
16614,43977,2025-10-27T20:39:34
14129,72475,2024-11-08T01:25:47
15654,23956,2024-11-28T20:55:21
36086,35668,2025-06-06T14:18:10
31867,82296,2025-02-28T14:32:17
17773,14921,2025-06-16T15:00:50
20252,29947,2025-02-07T19:30:11
15742,17852,2025-02-03T14:11:35
39339,81410,2025-09-03T08:38:35
39911,64533,2025-04-20T14:29:11
11789,2784,2025-08-25T18:01:24
35197,128,2025-08-03T22:37:19
19350,59058,2025-10-04T10:32:02
19632,3052,2025-05-07T06:19:40
40156,84194,2025-04-02T06:30:04
36796,70052,2025-08-08T02:33:07
6892,48517,2025-10-04T16:58:49
9934,55841,2024-11-21T22:49:34
46654,51314,2025-09-19T04:57:37
35225,30098,2024-11-08T21:47:54
22193,34117,2025-09-19T11:50:51
42069,80820,2025-01-11T22:20:30
44084,20954,2024-11-11T05:03:38
6528,42059,2025-10-01T00:41:01
36251,66823,2025-03-12T20:37:53
26432,14276,2024-12-15T21:49:36
11795,27816,2025-06-19T13:22:28
20092,21832,2025-01-25T22:33:35
26469,12422,2025-02-18T09:11:52
32110,90471,2025-06-10T20:20:41
23974,48295,2024-12-03T12:50:44
26388,35990,2025-05-01T05:47:59
19120,93073,2025-07-07T03:59:53
11367,51790,2025-04-18T02:55:14
26538,19964,2025-02-08T05:15:21
246,1904,2025-05-01T01:02:17
17282,70811,2025-09-02T08:08:29
15188,43137,2025-06-09T07:56:54
8735,25382,2025-01-31T14:56:48
2066,67098,2025-05-20T16:20:19
944,80323,2025-04-12T09:37:17
13913,45775,2025-07-22T05:28:51
1391,17366,2025-09-20T05:17:22
16086,46349,2024-11-14T02:16:43
36138,63875,2025-08-19T18:30:25
14895,1534,2025-04-01T05:54:00
48142,9595,2025-06-12T02:00:43
29010,12117,2025-11-05T18:18:44
42130,69289,2025-05-25T18:55:09
44105,60617,2025-10-27T12:51:02
29188,68051,2025-06-02T11:49:16
37907,14670,2025-09-11T22:49:33
30722,19527,2025-07-10T09:13:22
2031,69426,2025-04-08T15:32:49
293,711,2025-09-19T06:15:30
11275,33234,2025-06-03T22:48:49
13092,81660,2025-02-08T18:16:45
18589,72622,2025-10-06T04:21:07
18968,3348,2024-11-07T22:41:54
35619,29134,2024-11-14T12:35:19
37049,15768,2025-07-05T16:50:14
22100,29624,2024-12-03T03:02:28
46103,27869,2025-10-29T11:48:08
27822,70,2025-05-08T13:56:58
21571,70197,2025-09-18T19:04:45
14170,3292,2025-06-17T20:51:55
41192,18044,2025-03-01T09:33:43
25628,71640,2025-04-07T16:42:50
48106,74531,2024-12-11T06:53:29
17243,4269,2025-08-24T18:58:13
36647,34048,2025-10-06T09:06:12
47805,48681,2025-09-10T23:37:20
41256,49467,2025-07-12T23:42:17
21095,79279,2025-02-28T21:47:39
34812,20854,2025-10-10T05:31:26
12219,87298,2025-10-18T14:21:06
5586,13474,2025-01-17T23:45:40
8980,67111,2025-08-06T22:56:50
42064,39596,2024-12-11T06:52:03
13458,39950,2024-12-27T15:32:49
36481,24865,2024-11-28T19:59:37
29954,59846,2025-04-15T04:47:10
30962,52696,2025-05-20T08:44:26
46029,69203,2025-06-15T12:38:55
36803,28876,2025-08-08T22:52:53
1611,13334,2025-07-10T03:19:24
36874,87224,2025-08-16T12:46:06
43885,81674,2025-09-27T02:02:44
2904,28531,2025-08-01T10:25:05
31621,71676,2025-06-04T16:17:10
49718,25386,2025-11-02T14:04:11
43626,97222,2025-05-14T05:19:58
5783,86661,2025-05-04T23:08:41
34370,2762,2025-05-31T22:49:24
10788,64223,2025-11-02T09:01:04
28890,66570,2025-06-07T01:19:48
1999,76896,2025-03-19T03:58:36
21487,78171,2025-09-21T07:47:27
29762,5712,2025-06-01T11:15:02
18018,46275,2025-09-04T05:02:26
16811,40286,2025-10-31T19:26:00
5687,4201,2025-06-16T13:55:29
30461,67417,2025-10-21T19:04:50
48311,8210,2025-03-04T14:09:57
43635,10534,2024-12-27T18:40:02
15183,41901,2025-07-26T05:21:35
35778,79852,2025-06-11T02:46:17
39937,39782,2025-07-17T23:48:02
22515,79496,2025-09-24T14:15:22
18736,4984,2025-02-21T23:18:44
39632,79751,2025-06-24T15:36:58
32472,12393,2025-09-23T02:56:47
26829,19645,2025-10-22T09:11:45
20063,93380,2025-02-21T07:59:09
2590,26358,2025-03-04T04:30:40
38527,63488,2025-07-28T06:37:38
29287,69581,2025-05-09T17:57:01
17756,42601,2025-10-31T05:39:52
45079,1970,2025-07-19T11:34:51
36887,84248,2025-04-26T11:20:03
29666,39691,2024-12-29T08:35:42
15882,50705,2025-04-23T03:29:56
3176,43616,2025-08-06T01:10:32
45580,90193,2025-09-04T12:45:17
47706,62263,2025-01-24T00:01:39
11177,72124,2025-10-13T03:32:32
49649,32240,2025-08-30T01:43:33
5681,38694,2025-07-01T09:37:14
35582,1621,2025-05-29T13:27:40
20706,60363,2025-01-25T04:37:12
8073,70647,2025-10-10T23:12:20
809,2513,2025-05-15T22:45:38
16565,90723,2025-10-17T13:40:23
34735,18613,2025-05-09T20:31:46
4923,94899,2025-07-24T22:52:38
27546,96903,2025-06-24T23:41:58
40843,22878,2025-07-18T22:14:03
21341,55842,2025-04-21T01:59:41
22230,56564,2024-11-20T03:41:12
4048,85802,2025-03-28T03:41:00
5009,97302,2025-08-31T20:33:41
28094,27506,2025-02-17T02:28:34
45905,2486,2025-09-07T05:36:53
16447,70779,2024-12-07T07:36:04
34208,64308,2025-07-02T16:53:52
21958,27707,2025-08-28T21:46:43
8379,67741,2025-05-04T16:59:25
1270,69464,2024-12-01T14:37:19
36327,2834,2025-07-02T06:38:03
7821,15685,2025-04-16T04:31:48
531,17142,2025-10-20T23:31:01
27714,13067,2025-09-30T10:37:32
44601,61876,2025-07-03T11:03:52
7679,24900,2025-01-10T19:24:48
42384,25664,2025-08-25T16:27:58
30814,71851,2025-07-02T08:54:05
47897,43658,2025-04-04T09:37:58
23859,27780,2025-02-16T17:58:04
41499,19868,2025-01-06T14:33:57
2762,64330,2025-03-28T19:15:32
39986,66848,2025-05-04T01:31:37
41017,76218,2024-11-26T14:31:30
44448,47062,2025-01-23T03:29:04
40486,92964,2025-08-16T17:57:18
30290,95368,2025-03-29T08:41:48
20383,69355,2024-11-20T10:18:39
45647,93952,2025-07-07T14:39:38
4900,23476,2025-10-20T13:40:36
32375,53450,2024-11-29T10:25:55
39752,10810,2025-09-30T21:01:17
33647,31115,2025-03-01T07:47:14
12810,22160,2025-03-06T19:27:16
21294,42112,2025-09-12T02:01:31
36492,28804,2025-09-22T17:59:26
13698,90619,2025-09-30T13:30:41
34716,43321,2025-01-01T09:23:08
9914,63666,2025-08-04T08:29:45
26018,19270,2025-05-18T21:28:10
33677,51109,2025-09-09T15:24:32
20790,26168,2025-09-30T08:05:59
19849,78282,2025-07-22T02:29:19
25718,16456,2025-03-26T11:03:50
7184,75980,2025-01-16T14:18:50
29120,27987,2025-09-22T17:37:10
14860,40191,2025-01-30T07:05:40
12107,17269,2024-12-04T21:13:23
31570,87091,2024-11-23T21:07:41
33910,60440,2025-10-10T12:36:07
34492,2184,2025-02-08T10:31:47
6345,43547,2024-11-25T00:23:03
35622,81600,2025-02-17T02:51:45
42213,32542,2025-10-16T05:51:17
26903,57690,2025-08-24T09:00:14
16071,54616,2025-10-10T07:33:37
13169,26178,2025-09-23T22:02:31
31182,92633,2025-09-22T20:56:21
49073,62097,2025-03-18T05:25:49
10516,66354,2025-02-23T07:59:27
11766,8292,2025-10-08T14:24:57
36260,37137,2025-05-19T04:58:42
43198,23103,2024-12-20T16:38:01
23606,94911,2025-08-09T18:29:41
18371,58400,2025-04-22T07:07:59
47412,86109,2025-05-13T07:52:59
30227,55409,2024-12-12T14:29:26
18517,98723,2025-01-22T06:51:31
47853,38785,2025-04-01T19:37:42
36849,98577,2025-07-18T18:34:53
21044,20018,2024-11-25T09:20:55
49703,5519,2025-01-09T11:09:34
5575,55014,2025-06-07T19:10:35
40455,33058,2025-05-04T15:40:08
41226,45254,2025-04-26T05:19:15
48774,41323,2025-07-26T12:58:18
23087,38725,2025-01-21T07:00:38
7593,60982,2025-09-15T06:42:03
9291,84715,2025-05-12T09:01:09
11971,61248,2024-12-26T12:26:52
7962,40731,2025-07-15T22:49:57
45234,34109,2025-08-08T02:40:24
9051,99813,2025-10-12T14:54:46
40894,86271,2025-09-03T22:35:16
13195,74419,2025-07-13T04:49:49
43072,44749,2025-03-06T17:53:04
21907,51943,2025-03-21T08:30:10
36242,54079,2025-09-26T04:05:40
19176,90766,2024-12-24T08:09:59
5700,47464,2025-04-24T12:47:34
6301,88359,2025-01-04T10:35:20
1354,7598,2025-10-09T19:27:05
15000,83034,2025-11-04T05:05:35
11075,29656,2025-03-28T12:17:30
24747,31050,2024-11-30T18:29:55
11671,6739,2025-01-11T18:48:47
41314,56540,2024-12-26T00:53:38
40064,51808,2025-09-24T23:06:46
46984,59800,2025-03-03T17:15:06
43499,89681,2025-03-20T18:16:14
2963,3281,2025-08-12T00:02:41
34213,82363,2024-11-28T10:45:11
40995,42020,2025-04-13T07:32:01
20521,17039,2025-04-15T19:22:46
48584,47387,2024-11-16T11:22:24
47426,32853,2025-02-15T06:56:33
43807,6523,2025-04-06T18:40:58
1472,22873,2024-11-11T08:46:43
5104,284,2025-04-30T16:25:35
43427,66731,2025-03-04T00:13:40
36336,57530,2025-03-22T06:17:36
41800,22938,2025-03-18T04:30:29
45391,30106,2025-06-09T08:40:38
43674,16299,2025-08-19T10:26:37
295,7309,2025-03-09T01:49:40
944,638,2025-09-05T20:03:23
37434,94678,2025-07-06T15:39:11
6544,9041,2025-11-03T21:44:23
31490,62217,2025-03-18T13:20:55
7032,97492,2024-11-15T03:47:21
11505,55205,2025-01-15T09:27:28
49375,66292,2024-12-06T17:42:56
37062,76609,2025-09-07T09:26:41
31205,10107,2025-10-05T13:09:46
25878,51450,2025-09-02T05:08:16
31321,83459,2025-09-08T10:36:27
24837,76070,2025-08-12T15:20:03
27110,69292,2025-04-09T12:14:51
39831,71015,2024-11-29T05:04:50
43160,95862,2025-11-05T22:04:27
22939,3649,2025-07-23T13:59:19
22838,28093,2025-07-05T23:40:42
9119,30931,2025-07-29T08:44:48
27927,14415,2025-09-25T03:54:42
38075,26293,2025-06-08T00:12:01
22844,4838,2025-01-15T13:54:39
25642,4827,2025-05-12T22:40:40
35865,15627,2025-10-03T12:51:50
20043,16825,2025-01-04T13:59:28
2711,31767,2024-11-16T09:16:12
13349,95408,2025-03-20T13:59:47
22769,58552,2024-11-23T04:03:57
5888,4430,2025-05-07T09:46:40
49808,99565,2025-04-21T09:36:00
18382,13065,2025-04-17T01:39:55
37015,85065,2025-05-16T17:28:12
39183,2721,2025-11-06T14:31:28
32474,53819,2025-02-20T05:12:41
8897,21195,2025-11-01T18:16:22
32505,17020,2025-02-07T05:18:22
38250,64291,2025-07-06T16:46:11
30333,21417,2025-05-14T03:58:05
35835,82624,2025-02-05T05:26:49
3639,5019,2025-03-27T13:53:51
46121,18058,2025-07-11T12:52:46
35254,47887,2025-01-07T21:25:32
42777,34417,2025-06-15T23:24:40
35321,47868,2025-08-05T01:46:13
20202,26045,2025-05-10T12:50:29
14097,98550,2025-07-06T16:23:06
42075,38264,2025-08-04T03:21:01
33988,27439,2025-08-08T05:23:54
24041,67503,2025-03-12T12:35:43
19879,50836,2025-05-02T18:02:48
3914,93621,2025-03-15T02:06:10
13278,51098,2025-05-18T04:05:03
17936,19232,2025-08-23T14:11:12
10971,82956,2025-10-04T16:29:49
33726,74028,2025-10-20T11:06:20
34822,33119,2025-06-20T16:21:10
39100,54556,2025-08-20T22:58:12
5117,87909,2024-12-12T06:38:37
510,36360,2025-01-03T22:13:47
45783,15137,2025-03-04T06:11:40
10709,32270,2025-08-09T00:40:08
46484,34892,2025-01-11T10:05:12
33172,1900,2025-07-02T22:23:01
12591,51908,2025-05-12T13:36:11
43914,74188,2025-05-15T22:07:16
34520,10212,2025-11-04T16:01:07
7652,84565,2025-10-05T09:40:33
28184,5912,2025-02-15T00:30:55
41819,60136,2025-08-08T12:07:40
8601,63817,2025-04-20T02:27:13
1578,38955,2025-02-25T21:33:31
15762,63833,2024-11-07T09:44:04
22678,91229,2025-03-19T04:22:02
6603,28049,2025-08-01T09:33:27
10559,46396,2025-02-09T19:23:30
34299,96912,2025-07-16T07:13:52
33175,20050,2024-12-21T06:51:20
41672,531,2025-10-25T12:26:56
26670,40676,2025-05-26T23:43:36
3950,71583,2025-01-27T23:46:46
35474,10224,2025-07-28T19:59:19
10981,5752,2024-11-19T23:40:14
2492,71944,2025-08-30T05:26:37
4569,79367,2025-04-10T08:42:52
43965,1343,2025-01-12T07:21:19
20144,61712,2024-11-16T21:02:39
24635,88606,2025-07-15T10:28:49
42832,25852,2025-08-10T21:24:15
21491,11086,2024-12-04T16:54:51
9609,78204,2025-10-21T00:40:05
24576,71551,2024-11-18T06:55:09
42562,42368,2025-10-18T00:22:09
6624,31116,2025-03-09T07:38:10
6662,89819,2024-12-09T01:40:42
22934,92073,2025-07-23T06:55:59
44347,18005,2024-12-17T14:30:59
25939,22889,2025-05-24T08:12:52
44477,69038,2025-10-31T21:18:40
3756,25580,2025-07-05T19:59:22
34415,8857,2025-08-14T14:21:01
25286,61150,2025-06-12T00:21:56
27232,6450,2025-06-30T13:29:17
35693,25088,2025-08-13T23:55:06
41112,29309,2025-07-23T00:22:11
49399,20237,2025-11-02T04:18:29
49950,29752,2024-12-19T04:34:55
17952,79669,2024-12-31T09:05:27
31942,60947,2025-11-03T23:45:12
23506,22508,2025-03-04T05:16:54
34903,22966,2025-10-18T02:50:47
40071,11559,2025-02-27T19:17:56
48867,28171,2025-05-28T19:29:14
12152,72880,2025-02-26T22:19:16
6495,96023,2024-11-16T08:38:37
48626,60119,2024-12-27T06:57:58
44617,56822,2025-09-26T06:59:18
27057,70363,2025-01-31T04:29:38
11363,15679,2025-08-02T09:02:05
39154,53947,2025-09-28T07:40:36
35707,17196,2025-04-07T11:06:26
22399,16400,2025-03-15T20:33:08
48327,77329,2025-06-03T07:55:21
3891,42215,2025-05-26T11:04:46
26000,47194,2025-06-24T21:29:38
29468,25136,2025-07-01T16:32:42
48176,24286,2025-07-10T00:21:47
39514,94042,2025-06-14T06:29:33
13175,30383,2025-09-17T11:09:48
39551,53385,2025-05-13T16:34:04
35723,94325,2025-03-30T23:54:26
48635,33019,2025-03-02T03:53:35
26789,59103,2025-06-21T01:23:28
34611,37856,2024-11-14T18:17:48
21906,46314,2024-11-13T16:06:50
627,28769,2025-02-03T22:25:17
43133,76530,2025-07-16T21:39:58
35021,86761,2025-08-24T12:15:13
43356,20497,2025-05-04T00:14:19
36128,22371,2024-12-24T21:51:55
10683,63715,2025-09-06T22:42:41
14406,1432,2025-06-11T06:25:26
10330,84063,2025-01-04T09:00:18
46620,63684,2025-05-03T10:42:19
31533,95257,2025-09-16T11:02:23
40185,81364,2025-04-09T20:06:40
16046,92083,2025-10-21T07:57:40
37143,40,2025-03-14T15:37:26
20332,45671,2025-10-03T08:04:33
31177,58047,2025-01-30T15:24:08
19569,71149,2025-03-09T10:41:31
32445,28304,2024-11-15T18:12:24
33518,25798,2025-09-19T17:31:54
44831,92249,2025-03-08T23:35:01
39268,4414,2025-08-28T15:30:14
35511,73034,2025-01-21T22:51:25
38043,82940,2025-03-22T04:01:51
44513,25266,2024-12-24T06:58:47
23589,38284,2025-02-25T21:26:49
13337,84307,2025-09-06T12:22:34
13272,12823,2025-09-01T15:25:32
11430,60941,2025-05-23T21:02:44
4023,95860,2025-05-30T07:45:14
27526,75167,2025-10-06T11:23:10
33293,39142,2025-01-03T03:01:15
31337,18248,2025-05-16T16:25:17
8936,65458,2025-05-06T18:54:10
41105,5005,2025-05-25T08:44:01
31703,24832,2025-08-18T15:26:22
2018,19633,2025-06-15T18:10:32
28880,14121,2025-01-05T00:26:45
27698,61346,2025-07-29T23:38:22
8836,32855,2025-07-25T23:43:56
35027,9630,2025-02-09T20:59:27
10814,62349,2025-01-01T17:49:57
16874,42806,2024-11-17T08:38:43
30808,34143,2025-07-05T23:27:15
22955,53776,2024-12-26T08:12:33
27184,64361,2025-11-06T01:47:07
11011,27942,2025-07-26T09:46:34
34039,6455,2025-04-22T15:33:48
26192,19194,2025-02-11T04:24:20
2038,70715,2025-11-03T10:16:07
27325,33370,2025-01-13T09:35:05
32862,80450,2025-04-01T08:48:28
25066,87227,2025-02-01T05:32:19
17995,28500,2024-12-30T21:10:21
9941,25156,2024-12-19T05:50:29
46248,8503,2025-07-03T19:18:17
48172,38942,2025-10-27T05:08:43
2027,29284,2025-06-03T00:21:22
42684,11671,2025-02-02T18:30:54
28340,87103,2025-08-12T19:33:00
15475,30563,2025-07-04T19:45:11
24066,41326,2025-04-09T00:37:40
28909,55826,2025-09-15T17:45:25
11889,432,2024-11-17T22:25:52
45344,17485,2025-04-02T22:09:10
17510,14387,2025-08-11T13:34:34
29306,24617,2025-02-04T12:38:58
48769,63835,2024-12-06T00:24:47
21794,44470,2025-01-12T07:39:39
27211,38220,2025-06-03T22:23:40
661,11725,2025-06-10T12:45:21
26561,92865,2025-06-01T08:01:32
22793,42202,2025-07-24T22:34:00
47832,12741,2025-03-08T05:55:26
13034,70964,2025-01-12T02:45:06
15648,19232,2025-06-05T01:31:36
47220,65985,2025-04-10T21:08:17
31878,26440,2025-11-01T20:05:38
6211,28458,2025-10-10T16:40:43
19626,50033,2025-03-11T17:31:15
35236,66642,2024-12-26T17:57:10
35879,97875,2025-08-18T02:49:50
32977,9281,2025-03-01T00:17:44
39019,53132,2025-02-10T17:43:09
2460,22106,2025-07-02T14:22:28
23197,96594,2025-07-28T07:20:17
35514,84097,2025-05-12T08:36:10
34641,42124,2025-09-14T13:07:27
7315,58293,2025-02-23T18:20:24
5101,82822,2025-10-10T14:50:52
9548,37573,2025-06-09T13:05:14
12408,6990,2025-10-30T02:38:14
4687,25367,2025-08-29T02:17:09
18126,93655,2025-02-18T19:31:43
39719,61580,2025-04-10T13:53:50
5684,45431,2025-06-14T15:28:10
14539,9140,2025-09-18T23:02:18
46768,23681,2025-10-11T22:16:24
7979,21750,2025-06-11T16:46:03
36525,72815,2025-07-19T08:16:39
6672,30343,2025-08-03T01:12:53
11021,79290,2024-12-03T07:50:07
9643,808,2025-05-22T04:34:14
35500,37379,2025-03-04T09:23:07
44919,76283,2025-01-13T15:42:05
14004,40747,2025-08-29T10:28:47
2594,75256,2025-09-30T02:01:02
28640,97213,2025-08-22T11:08:54
26857,73084,2025-03-05T00:56:34
47986,23233,2025-01-24T06:27:22
11537,29807,2025-09-03T14:35:23
30676,88193,2025-04-11T17:33:25
17450,42593,2025-05-30T18:20:46
11487,10750,2025-04-22T20:30:55
13277,37050,2024-12-23T14:38:04
2496,89197,2025-06-16T19:21:11
42529,39159,2025-08-10T00:03:16
40690,11660,2025-07-04T14:18:54
6659,90974,2024-12-26T04:46:40
15314,59248,2024-12-04T08:25:09
34905,3489,2025-10-27T10:09:58
5078,1025,2025-09-05T10:31:25
27586,10026,2025-06-21T13:27:13
37639,76463,2025-06-08T13:39:35
9620,73441,2025-10-21T05:47:09
1232,61142,2025-06-12T21:18:21
29377,34129,2025-08-10T17:01:04
32826,16580,2025-05-30T15:50:04
34899,46595,2025-03-05T04:20:15
146,16865,2025-05-25T16:52:49
43596,37967,2025-05-07T12:23:39
9348,5663,2025-06-13T04:03:28
17001,59492,2025-07-24T21:53:12
48329,66403,2025-06-05T21:21:55
22225,14159,2025-10-05T05:15:26
28020,21531,2025-10-05T11:34:57
12429,98313,2024-12-29T12:52:42
47220,63648,2025-07-09T07:40:51
35014,30872,2025-07-04T14:50:13
32451,98801,2025-10-20T12:27:12
26327,98215,2025-08-08T01:48:17
18722,93349,2025-10-27T05:17:10
14971,45042,2024-11-24T18:18:57
33484,91647,2025-05-19T20:06:29
8197,44829,2024-12-18T00:38:22
44887,33455,2025-10-21T23:57:04
5518,44880,2025-08-10T11:52:08
13863,39922,2025-02-03T21:39:36
15965,160,2025-04-29T21:34:51
29857,10836,2025-01-29T18:29:01
1881,38689,2025-05-25T00:36:28
24200,55977,2025-05-04T20:01:37
38220,42912,2025-07-20T21:12:23
49703,85176,2025-08-23T06:36:56
6903,81597,2024-12-05T16:10:46
31801,44555,2025-05-30T23:24:46
2530,21814,2025-10-25T12:58:34
36233,75813,2025-03-22T09:10:30
19518,34305,2025-04-16T23:21:14
37215,94436,2025-05-25T06:50:38
3539,15540,2024-12-12T19:55:48
17709,88779,2025-10-20T04:07:33
19523,17995,2025-01-08T17:20:18
39052,76453,2025-02-24T16:11:45
27104,20613,2025-08-28T02:18:36
21405,7853,2025-08-25T21:35:15
14826,57476,2025-02-19T18:58:40
5163,87971,2025-03-01T04:45:27
4480,57947,2024-12-04T10:14:34
40148,21282,2025-04-28T21:27:19
29144,46256,2025-08-07T09:16:25
2954,52445,2025-09-22T17:06:54
44288,49133,2025-05-06T20:38:08
29519,52709,2025-01-15T11:43:06
6799,78166,2025-03-13T00:11:02
17267,82890,2024-11-15T11:01:14
34946,17577,2025-05-06T07:47:47
26316,43075,2024-12-29T22:37:57
5134,61124,2024-12-15T08:49:47
7826,89575,2025-10-21T00:53:15
48731,82400,2025-03-07T00:24:58
6795,36369,2025-06-24T09:57:46
12400,32590,2025-09-15T11:25:45
44023,4595,2025-04-12T14:34:27
24786,61875,2025-01-28T14:58:38
44129,97828,2025-07-21T04:43:43
32805,79364,2025-03-14T10:14:45
26895,87630,2024-12-03T03:14:48
33626,65517,2025-02-22T23:32:22
39858,83615,2025-06-29T07:13:00
33873,64966,2025-05-02T02:30:10
46762,7691,2025-11-05T17:24:33
36478,33966,2025-08-03T22:19:54
478,41600,2025-03-25T19:51:07
26572,88841,2025-08-26T20:10:19
37411,56063,2025-08-23T10:39:57
10331,11694,2025-09-18T02:25:11
40873,38685,2025-01-12T08:14:17
21079,31476,2024-11-23T21:20:54
13130,31309,2024-12-22T07:50:09
46138,24114,2025-07-18T07:24:17
1135,98330,2025-10-19T02:20:15
49904,70578,2024-12-01T12:45:41
27295,53701,2025-04-14T03:32:53
2460,75380,2024-12-02T06:55:23
16836,52510,2025-08-15T07:16:06
14565,76144,2025-03-15T07:05:01
38152,19524,2024-12-18T05:44:06
2019,43276,2025-02-19T23:21:32
23757,28422,2025-04-17T11:15:01
41854,74003,2025-05-28T04:26:52
24393,85704,2025-02-24T04:19:41
26141,18074,2025-06-22T20:50:23
35535,2710,2025-06-13T18:07:40
15182,82116,2025-10-25T20:17:21
1002,34045,2025-07-31T03:45:09
21478,18230,2025-03-20T07:40:47
38569,36673,2025-07-31T11:22:57
40538,50102,2025-01-09T08:56:43
25364,48849,2024-12-10T02:57:02
40593,92000,2024-12-06T16:10:10
49379,352,2024-11-20T14:16:15
45252,78016,2025-04-09T16:17:52
16289,46384,2025-09-22T10:36:32
44636,88547,2024-11-18T09:45:29
2903,96580,2025-05-24T19:22:32
7307,17581,2024-12-24T03:11:13
12338,11369,2025-10-13T11:36:39
39250,43348,2025-08-08T14:31:49
13252,67132,2024-12-09T15:42:36
10230,48079,2025-03-13T17:24:44
45653,75143,2025-02-28T13:08:22
23503,26908,2025-09-01T04:20:12
48072,30753,2025-09-23T15:38:12
39740,86435,2024-11-09T13:39:37
25923,19847,2025-07-10T17:22:29
36393,72142,2025-09-18T15:48:34
16779,93622,2025-02-28T15:18:18
2589,52411,2024-12-06T20:00:21
41886,4646,2025-09-29T23:13:00
22423,24491,2024-11-29T21:44:21
31691,73912,2025-02-01T22:13:22
21887,42310,2025-05-30T18:11:44
38639,51163,2025-03-25T22:12:14
28853,28121,2025-01-21T06:23:19
48142,26736,2025-08-13T06:02:41
34856,94351,2025-09-11T05:22:03
5161,33486,2025-01-19T18:25:03
46173,3461,2025-10-15T22:18:45
34714,21464,2025-07-23T01:13:01
5425,54396,2025-05-18T00:28:28
13481,75457,2025-06-15T19:56:37
5488,97967,2024-12-24T18:26:14
17426,78414,2025-10-02T18:48:01
17873,15075,2025-10-01T22:47:48
31699,52154,2025-06-18T06:13:45
34021,49607,2025-09-05T01:21:23
36863,91000,2025-06-13T18:35:07
27705,33561,2025-09-09T21:01:54
42555,43187,2025-09-17T20:36:48
15779,79697,2025-05-13T12:39:50
43656,20932,2025-09-28T15:00:01
3403,72963,2025-09-09T00:58:44
560,38953,2025-09-26T07:52:26
49197,31167,2025-09-09T18:05:42
14448,25343,2025-05-09T12:34:16
25104,16901,2025-08-26T20:22:48
2233,85886,2025-05-14T10:02:28
16109,39735,2025-10-17T01:43:31
8358,13734,2025-04-27T19:50:20
44805,96343,2025-07-20T19:24:03
46041,2821,2025-09-17T20:50:38
26367,77409,2025-09-14T23:06:41
16735,69999,2024-11-10T22:48:41
1455,19022,2025-04-20T04:41:03
36846,28418,2025-03-22T04:06:56
1371,1977,2025-01-24T03:40:17
6864,8121,2025-04-24T06:49:53
10486,41378,2025-09-08T03:01:58
11303,52885,2024-12-16T17:32:51
24868,88000,2025-07-03T00:55:48
35306,5253,2025-06-10T20:03:22
36651,30200,2025-02-08T21:39:30
40378,32805,2025-10-12T13:59:35
45280,70930,2025-05-05T23:14:42
14331,21701,2025-10-14T03:11:08
27747,90991,2025-11-02T09:32:21
12944,77400,2025-09-01T03:13:35
39348,24439,2024-11-07T21:18:38
32181,93319,2024-12-26T11:59:54
1356,58420,2025-06-18T12:51:31
33470,12778,2025-06-03T03:52:29
30834,2843,2025-02-12T20:58:03
45386,69979,2025-07-28T16:02:18
19546,21051,2025-06-11T15:29:07
19958,5023,2025-04-19T23:14:04
38121,60544,2025-03-02T08:59:50
15824,34488,2024-11-22T14:09:11
34697,87324,2025-08-28T08:35:45
9626,85679,2025-08-10T08:42:44
32377,57430,2024-11-08T15:58:59
15412,33586,2025-07-10T16:46:20
35177,63982,2025-05-22T00:57:19
28720,75661,2025-01-30T10:10:27
47447,24273,2024-12-21T04:50:21
46421,75714,2025-02-07T07:56:59
8870,13765,2025-02-22T02:23:56
2554,22769,2025-07-13T09:29:11
37765,93335,2025-07-13T13:50:10
7369,32583,2025-04-07T01:33:17
48615,90049,2025-05-24T18:37:15
49038,19781,2025-05-12T06:50:04
46400,16793,2025-01-14T22:25:18
31473,28671,2025-05-01T07:20:05
5405,40650,2024-12-07T00:14:18
49511,56084,2024-12-26T01:16:10
47558,70548,2025-06-23T01:22:29
9444,6509,2025-09-10T23:01:46
12182,55090,2025-08-13T11:06:26
11516,56245,2025-06-24T20:39:25
47541,67103,2025-10-04T00:29:41
943,45598,2024-11-10T11:32:15
40640,53873,2025-05-22T21:14:55
44669,62206,2025-06-06T04:02:50
23275,50275,2025-06-06T14:20:04
49874,98813,2024-11-29T19:58:43
41758,34049,2025-09-06T10:32:53
18726,57253,2024-12-30T03:39:02
32219,11410,2025-02-21T18:39:21
37933,28026,2025-04-17T04:56:18
37491,14410,2025-01-26T22:55:09
35287,57459,2025-01-30T11:24:17
17499,74757,2024-12-29T20:34:08
46524,61880,2024-12-08T15:44:43
32821,48246,2024-12-18T18:03:29
17322,91623,2025-02-28T02:20:29
2022,49292,2025-11-03T22:31:24
42439,51264,2025-09-18T08:04:44
15090,18851,2025-05-08T05:44:40
31336,24971,2024-11-12T02:09:22
6912,82610,2025-08-04T14:21:24
22909,18279,2025-06-17T19:45:12
4434,80836,2025-07-25T20:39:40
46417,45316,2024-12-07T02:55:13
39364,52170,2024-11-07T13:29:32
7764,17395,2025-06-27T21:42:27
41260,21358,2025-02-27T19:36:21
22816,12967,2025-06-28T16:31:22
2373,55303,2025-03-21T16:47:57
6103,57675,2025-04-16T00:30:31
33156,78130,2025-07-16T13:07:15
42082,12729,2024-12-16T07:23:03
36501,77269,2025-05-14T16:28:41
5791,67344,2025-03-10T04:39:59
32153,2345,2025-09-01T13:05:13
42273,18242,2024-11-23T05:20:19
36508,314,2025-05-31T10:44:13
15219,79406,2025-03-28T19:15:15
2917,82594,2025-04-08T08:51:43
8548,23962,2025-07-16T11:07:39
32363,78467,2025-03-21T09:03:50
43779,10003,2025-03-27T06:29:01
30918,11299,2025-10-02T07:43:45
10916,24373,2025-06-29T19:47:39
8382,37350,2025-05-01T01:34:19
1105,2372,2025-08-28T02:47:54
11461,68315,2025-09-27T15:04:31
4400,58467,2025-03-19T19:39:27
14818,51857,2025-10-31T17:59:35
24468,57172,2025-07-16T00:02:58
7726,62643,2025-01-24T18:21:20
36424,95720,2024-11-29T02:44:55
18886,20051,2025-02-06T06:35:14
14471,83100,2024-11-25T11:49:16
49941,83224,2025-05-03T13:04:18
34933,84662,2025-10-25T04:04:03
28016,92101,2025-08-15T01:32:51
47807,67465,2025-08-04T04:51:21
49400,31280,2024-11-15T05:36:23
34965,38936,2025-08-07T16:28:36
17444,80796,2025-11-03T07:13:40
38118,82356,2024-12-25T02:24:38
14513,39569,2025-07-24T15:58:43
47970,21952,2025-01-25T08:36:28
47654,1223,2024-12-10T23:12:37
4182,47870,2024-12-20T20:06:42
1474,2,2025-07-24T03:15:32
26830,36884,2024-12-26T10:25:07
42146,28112,2025-03-05T11:00:43
34588,34306,2025-10-13T16:57:40
30533,32033,2025-07-24T18:58:07
858,43320,2025-09-01T19:23:18
28191,23912,2025-02-07T22:45:08
32514,29452,2025-07-24T20:43:36
37815,28996,2025-10-16T19:38:40
25303,88011,2025-06-11T21:37:19
18801,33942,2024-11-13T09:55:05
22003,14933,2025-08-28T20:34:35
3849,20418,2025-05-30T21:36:25
25652,43869,2024-12-23T11:52:16
26820,48745,2024-12-29T09:21:18
31279,29464,2025-07-24T15:59:39
25132,33051,2025-02-21T10:44:52
13741,14617,2025-02-07T13:19:43
19585,32814,2025-07-12T13:18:50
2286,53264,2025-08-07T19:21:05
804,377,2025-04-23T02:23:04
46531,42882,2025-09-14T01:21:13
21118,19477,2025-10-16T22:59:31
40285,29304,2025-10-31T00:02:26
29497,9067,2025-08-29T22:59:06
3566,16059,2025-03-18T16:59:08
13156,37654,2025-05-30T14:20:17
36011,61936,2025-03-24T19:21:10
23821,67480,2025-01-31T09:41:06
39843,2750,2024-12-07T08:05:09
11290,5420,2025-09-10T17:29:01
27454,78628,2025-02-10T22:13:08
38791,31604,2024-12-12T15:34:34
6487,88288,2025-03-10T09:59:22
27349,8676,2025-03-28T09:43:27
12605,55511,2025-04-17T09:00:48
32027,12093,2025-09-19T07:55:03
25443,35203,2025-05-01T19:32:17
45958,15169,2025-02-14T15:36:54
37417,20832,2025-10-28T02:54:43
6723,9966,2024-12-30T02:41:29
12358,43094,2025-07-01T01:50:02
37600,1162,2024-12-09T11:18:40
16663,3322,2024-11-30T00:52:19
47760,3301,2025-06-19T07:32:24
26692,39331,2025-01-24T17:17:49
11417,92783,2025-05-29T00:47:57
47232,14399,2025-02-07T10:46:15
14302,85354,2025-05-09T21:28:27
3383,14144,2025-03-12T17:13:00
20426,95,2025-06-25T05:10:38
4127,41545,2025-06-21T16:13:01
19227,62267,2025-09-29T23:58:19
14853,18459,2025-08-04T05:30:34
12891,15684,2025-05-17T18:25:02
20959,5583,2025-07-15T14:11:07
36172,63718,2025-04-18T10:06:38
47822,54938,2024-11-07T16:57:09
10752,98929,2025-08-14T21:24:35
37525,81153,2025-05-27T19:18:10
4978,30167,2025-02-27T02:35:34
6034,36285,2025-01-10T00:44:58
30631,74036,2025-04-21T19:41:48
47090,20510,2025-06-14T04:22:20
11312,78531,2024-12-09T21:19:11
17701,34001,2025-04-19T18:57:05
25606,54427,2024-12-05T21:58:41
17559,33252,2024-12-27T02:42:04
30784,59576,2025-07-24T01:29:12
29321,22272,2025-06-28T04:51:44
38273,85575,2025-06-20T21:44:24
5847,53579,2025-05-01T22:55:56
31168,15490,2025-03-20T10:35:39
46025,40706,2024-12-03T14:15:22
14120,36557,2025-05-23T01:10:12
13477,23561,2025-02-05T19:05:04
32350,77823,2025-02-09T22:31:44
39020,36339,2025-04-17T23:14:57
40733,27072,2025-06-21T21:55:56
31986,13244,2025-06-27T03:53:35
26477,33100,2025-03-26T17:50:10
6224,92299,2025-01-23T02:15:07
40734,535,2025-09-09T08:27:07
10943,84268,2025-08-13T07:28:55
31664,82819,2025-03-11T20:41:22
26647,89524,2025-06-21T04:45:01
4907,17538,2024-11-25T00:56:40
3594,89505,2025-10-01T07:08:40
25436,5474,2025-04-20T06:55:59
43842,17087,2025-09-04T17:37:50
44928,63874,2025-04-15T20:54:15
7719,59236,2025-07-11T07:55:46
38033,31166,2025-01-19T17:56:42
48568,43521,2025-07-31T21:47:06
7918,86079,2025-06-10T21:38:11
3957,41851,2025-11-04T04:39:14
1717,64310,2024-11-30T11:30:02
7977,96337,2025-11-03T07:34:06
47133,42788,2025-03-06T05:51:54
34828,86143,2025-05-10T21:33:46
21500,96317,2024-11-06T19:14:25
46420,89812,2025-10-21T14:37:15
39849,43191,2025-02-11T20:22:49
44253,2858,2025-05-14T13:45:29
36911,46345,2025-10-26T14:40:59
9834,39491,2025-02-16T13:18:16
2064,70283,2025-09-24T15:58:24
16617,8038,2025-08-18T22:08:04
9760,37501,2024-12-20T11:11:34
11442,46877,2025-01-10T14:50:08
49859,85465,2025-03-26T04:46:05
9182,30084,2025-02-12T11:06:29
37595,68043,2025-06-13T16:34:04
12799,72646,2025-07-26T16:56:29
34509,3978,2025-10-14T11:15:47
5348,69634,2025-03-12T18:08:26
1295,72608,2025-01-12T05:18:57
45159,52063,2025-09-23T04:43:50
4561,90705,2025-01-20T03:53:14
5984,50342,2025-01-10T10:59:04
41956,74647,2025-02-08T01:38:43
18391,18098,2025-08-29T23:52:31
49567,19229,2025-09-29T16:38:08
12773,1802,2025-05-09T20:10:21
21411,96464,2025-02-01T11:32:52
36335,55090,2025-10-18T06:57:44
31511,41350,2024-12-24T04:09:11
18506,94275,2025-11-06T02:18:44
36897,93090,2024-12-06T01:32:41
8511,82304,2025-04-06T16:41:01
40278,39111,2025-06-29T18:45:50
5411,26556,2025-08-07T05:05:16
20709,49443,2025-01-24T05:49:59
22519,14206,2025-10-27T10:50:21
1540,99223,2025-05-16T22:24:48
15850,19314,2025-04-15T22:53:04
38483,74131,2025-03-31T02:24:31
40761,10327,2024-12-25T07:01:00
26463,26536,2025-09-03T22:29:29
31427,1999,2025-01-25T12:31:01
29351,17544,2025-08-07T13:36:37
46116,23586,2024-12-29T20:47:01
45288,8940,2025-09-09T07:57:09
38849,79046,2025-10-10T11:51:18
41514,19151,2024-12-03T07:56:08
11930,94027,2025-06-01T13:54:00
45465,19436,2025-10-25T14:37:36
25401,43121,2025-06-01T22:53:21
43387,16198,2025-04-16T20:39:10
3040,99162,2024-11-22T16:50:41
16176,81074,2025-09-23T15:30:37
7439,72222,2025-09-28T04:46:20
39467,9245,2024-12-09T17:45:07
39132,88649,2024-12-26T03:31:09
4342,11140,2025-07-20T15:49:51
35584,98118,2025-09-28T11:49:03
17628,82786,2025-05-20T13:02:56
2848,82093,2025-07-21T20:11:01
9396,84733,2025-01-31T09:33:33
34329,14058,2024-12-30T10:45:47
18587,81588,2025-09-03T10:08:22
6133,41543,2025-03-17T18:39:06
47138,60196,2025-10-21T00:33:20
42553,49583,2025-04-22T17:21:15
18751,89779,2025-11-03T08:04:23
407,82966,2025-03-30T19:20:57
33578,18903,2025-10-16T22:25:43
36421,81484,2025-03-26T13:11:08
22182,88595,2025-03-23T02:22:01
4774,43648,2025-02-01T18:30:00
34083,7065,2025-09-02T03:08:44
49349,54446,2025-03-05T11:13:56
163,49905,2025-10-07T20:38:50
42961,24697,2024-12-21T08:25:31
27342,87360,2025-04-21T15:29:55
37107,86475,2025-11-05T14:42:19
29610,60601,2025-04-07T12:28:14
3233,87605,2025-03-30T16:39:45
34131,26059,2025-06-26T19:03:37
25199,44945,2025-03-28T12:42:38
8377,86427,2025-02-25T13:23:59
36280,96943,2025-07-06T17:04:54
1816,36224,2025-10-04T14:57:53
8634,27946,2025-02-08T00:44:45
35630,99927,2025-01-20T18:13:42
42668,87435,2025-04-04T17:16:24
41074,23182,2024-11-24T03:58:29
22490,19479,2025-05-05T23:24:02
10080,57692,2025-03-10T21:48:34
47046,65448,2024-12-15T22:37:11
16760,41520,2025-10-29T21:59:40
1425,55940,2025-06-16T02:58:22
6335,26001,2025-04-05T02:35:41
24233,91174,2025-05-07T11:34:35
34098,11348,2025-04-19T16:15:51
25849,31734,2025-03-25T04:31:29
43564,59041,2024-12-07T02:43:09
42850,68234,2025-10-03T23:29:42
2259,5049,2025-05-29T17:18:56
46275,19548,2025-06-05T13:14:29
23916,1519,2025-01-05T15:00:01
30127,17898,2025-01-27T23:08:43
44032,28239,2025-01-12T14:54:59
22330,5009,2024-12-06T05:58:09
17260,42869,2025-06-22T22:39:28
6807,9739,2024-12-19T23:40:37
49250,75668,2025-01-11T15:53:04
6895,51250,2025-10-26T14:57:03
27503,80066,2024-11-19T12:37:21
459,35778,2025-10-26T10:49:23
46189,41942,2025-07-26T20:26:42
13973,99636,2025-08-03T22:06:28
44104,13111,2025-02-02T19:04:33
29963,2619,2025-09-02T23:27:44
35719,64695,2025-08-31T21:25:36
43682,44816,2025-10-26T13:20:03
46422,80457,2025-08-05T22:22:12
42739,487,2025-04-15T01:28:37
44873,93704,2025-03-28T23:04:19
4952,34266,2025-01-16T14:34:09
18069,50322,2025-05-26T06:47:57
47832,36858,2025-06-08T15:27:25
30508,90506,2025-03-05T05:57:53
11948,41725,2025-04-19T17:25:38
39010,35756,2025-09-24T10:07:35
45180,32865,2024-12-29T18:43:12
38423,91761,2025-08-23T15:44:36
18627,61634,2024-12-06T23:17:43
47522,14672,2025-06-12T02:03:19
26653,14202,2025-07-19T03:13:27
49596,9912,2025-08-08T17:36:14
4603,47738,2025-05-24T09:32:00
26395,72990,2025-03-02T16:13:47
44892,88355,2025-10-26T19:01:49
45645,75637,2025-09-21T15:03:16
32077,60115,2025-09-02T10:44:21
21372,43903,2024-12-10T01:10:40
47508,28537,2025-09-03T19:39:28
23715,52445,2025-06-24T08:23:13
22171,4822,2025-06-29T11:58:22
5873,965,2025-03-27T04:53:16
42016,50633,2024-12-30T05:17:19
8606,99086,2024-12-31T19:34:23
14193,70907,2025-09-11T17:02:33
25301,82652,2024-12-16T20:03:42
46415,1247,2024-11-22T04:23:24
14087,93374,2025-07-14T22:30:08
12888,42790,2025-02-10T07:02:09
3191,39411,2025-06-04T23:07:10
20564,90720,2025-02-16T03:03:06
3429,59156,2024-12-16T10:05:17
13818,98222,2025-05-14T05:35:54
45297,56501,2025-09-25T22:58:38
15300,12721,2025-04-24T15:02:19
3319,19039,2025-03-12T08:03:37
42130,83934,2025-02-26T11:32:57
26091,90214,2025-11-01T07:35:33
32635,26132,2025-05-24T19:56:51
6601,49055,2025-08-24T20:19:58
12100,13249,2025-08-08T17:15:46
26222,11700,2025-01-15T22:19:46
38007,43467,2025-06-25T20:33:12
15507,68951,2025-03-27T03:48:51
3283,69726,2025-05-09T15:14:51
25268,66975,2025-09-19T18:11:21
15356,7416,2025-08-04T21:47:54
2504,56122,2024-11-19T05:25:01
31838,85613,2024-12-20T16:34:30
45897,21165,2024-11-22T16:19:12
14641,37998,2025-04-21T03:46:13
3987,60854,2025-06-22T08:00:15
30246,47776,2025-03-14T04:05:49
1705,85175,2025-03-09T23:15:26
49584,22131,2025-07-13T10:45:57
10250,23059,2025-04-13T07:32:07
12163,37705,2025-09-20T04:16:36
43926,70925,2025-02-18T06:58:22
14127,19211,2025-02-24T18:09:11
29871,76768,2024-12-04T14:16:24
22374,98121,2025-09-19T16:42:51
4173,3549,2025-03-18T01:00:04
24311,99335,2025-10-13T10:19:34
41299,20856,2025-02-17T19:19:35
35739,47113,2025-05-15T03:19:50
15272,8849,2025-11-02T17:31:07
33304,23125,2024-12-30T01:47:32
18747,759,2024-11-23T07:39:11
36878,86969,2025-06-18T23:22:47
17747,14079,2025-03-20T02:56:53
3425,42655,2024-11-14T21:37:13
5147,58023,2025-09-24T22:38:26
45810,777,2025-06-30T04:22:50
19168,38033,2025-01-26T20:16:39
4834,65806,2024-12-28T05:07:44
49001,88792,2025-04-18T21:26:12
33881,47351,2025-05-05T03:36:27
38790,98235,2025-01-28T00:10:24
48301,8431,2025-04-07T21:18:46
35938,72825,2024-12-22T09:13:06
32833,63578,2025-10-18T04:56:57
40468,39167,2025-07-28T23:00:06
18814,72316,2024-11-16T05:55:26
7185,36546,2025-07-09T22:42:22
30954,78693,2025-10-27T17:55:46
8360,87843,2025-09-17T00:02:11
33390,87362,2025-03-24T00:52:18
30183,31790,2025-08-09T18:02:43
42401,26188,2025-02-26T02:31:21
15604,86317,2025-02-04T23:23:14
2545,20594,2025-05-19T03:24:53
43811,81165,2024-11-11T15:12:38
5726,35721,2025-08-29T02:21:21
1637,74993,2025-02-15T09:52:22
14475,5004,2024-11-30T16:05:35
25212,90814,2025-09-18T15:54:50
34847,32252,2024-11-19T02:32:09
17522,64472,2025-04-23T15:52:33
30348,96160,2024-12-17T08:22:44
33362,42374,2025-07-04T21:07:21
6594,28187,2025-02-13T03:19:42
39098,10464,2025-07-17T15:10:19
44809,15675,2025-11-05T08:39:21
4726,57161,2025-05-07T05:55:17
28668,45064,2025-01-15T14:36:36
12574,33704,2025-05-20T19:12:19
3498,59477,2025-09-29T20:21:37
16755,75727,2025-08-06T16:57:42
47154,93898,2025-05-27T09:03:51
6055,73727,2025-01-24T21:32:53
47056,53295,2025-08-20T02:04:42
42190,15324,2025-01-14T11:07:01
32294,78568,2025-03-03T13:10:35
22236,78548,2025-04-27T17:41:48
44866,55054,2025-05-24T16:23:28
35881,60956,2025-08-27T16:34:53
31638,72768,2025-09-16T18:58:49
48265,91558,2025-03-05T06:21:48
21396,81353,2024-11-29T19:19:17
25106,13699,2024-12-04T05:13:23
5764,12681,2025-06-04T21:00:22
37842,18466,2025-07-16T07:01:29
22987,57556,2025-06-18T20:03:30
39131,26513,2024-11-24T21:08:30
44320,81776,2025-04-23T11:58:03
2539,87628,2025-04-12T04:20:44
1510,97887,2025-03-24T20:37:08
14714,28628,2025-08-22T19:03:52
23147,88421,2025-06-27T08:33:20
34358,3953,2025-06-03T18:16:27
12764,83023,2024-12-26T04:11:56
15322,70840,2025-02-25T18:28:25
34074,92953,2024-12-26T21:10:16
26357,74440,2025-06-15T13:37:35
33441,15103,2025-08-31T22:43:34
12124,95069,2025-09-23T06:02:28
26988,69749,2025-08-20T05:15:56
40689,34955,2024-12-13T08:23:54
37449,3484,2025-03-16T13:54:50
447,7148,2025-02-05T15:52:22
15602,14102,2025-08-07T13:08:01
4983,62399,2025-01-03T03:13:56
33168,50676,2025-07-15T06:56:20
25461,1170,2025-03-19T20:02:58
5189,3701,2025-02-04T09:14:50
22024,97987,2025-02-23T03:24:09
42501,92854,2025-01-08T18:51:28
8447,50896,2025-08-24T12:47:31
4837,97083,2025-03-13T22:40:01
14954,16678,2025-02-28T09:06:07
32329,17308,2024-11-25T12:35:25
6968,77856,2025-02-06T11:54:47
46126,98556,2025-02-09T19:08:58
8839,50959,2025-08-13T16:33:46
41631,2930,2025-02-23T13:31:52
39805,44593,2025-06-11T22:57:43
25982,73462,2025-03-07T07:44:49
21388,89168,2025-01-17T20:29:48
27619,90011,2025-05-12T05:48:29
12245,37077,2025-04-14T00:53:25
3343,48652,2025-05-03T15:44:26
15148,32682,2025-07-20T09:20:35
37910,37777,2025-03-14T11:06:40
10666,98389,2025-01-26T11:41:03
27688,88665,2024-12-18T23:13:28
33657,34103,2025-04-22T20:17:17
40632,77872,2025-01-26T08:24:20
22069,12811,2025-09-23T17:23:40
22592,80974,2025-02-15T15:34:11
3967,96836,2025-09-10T00:17:53
37569,51508,2025-09-03T18:17:56
24114,92272,2025-01-05T15:29:33
32822,75060,2024-11-20T17:17:32
34983,59850,2025-02-17T18:39:45
31699,77191,2025-01-02T04:59:16
6335,5199,2025-09-08T02:26:32
16014,14823,2025-11-05T02:19:11
12416,62671,2025-05-01T04:07:32
6298,78555,2025-09-04T08:56:33
45112,52160,2024-11-27T13:32:20
44454,83330,2024-12-04T21:54:40
6031,38134,2024-11-28T23:57:44
38157,4911,2025-07-05T09:35:51
6494,25285,2025-07-11T18:23:08
19576,41376,2025-09-15T02:20:16
31029,43920,2025-01-06T01:50:59
11694,28484,2025-06-23T10:46:29
14911,44127,2025-10-31T10:00:53
45918,26974,2025-10-21T07:57:57
49674,9800,2025-05-17T05:21:37
16610,89627,2025-08-05T22:58:15
42665,31976,2025-03-10T11:22:55
20684,48487,2024-12-18T22:44:05
48831,82725,2025-01-30T05:39:35
23250,19745,2025-06-18T02:41:15
28682,10676,2025-04-08T07:47:38
8156,29651,2025-10-09T23:50:10
18011,34239,2025-01-09T16:39:16
4515,28485,2025-03-06T19:01:54
24931,10609,2025-04-05T02:08:58
1654,62406,2025-06-02T16:58:48
32,92594,2025-05-08T07:43:25
27291,96805,2025-01-25T01:34:23
6020,89632,2024-12-28T10:24:20
8871,76762,2025-09-16T15:39:36
37039,60270,2025-06-13T04:18:38
2012,36861,2025-10-13T17:58:45
20500,9153,2024-12-24T01:37:26
32769,60404,2025-10-09T23:20:59
36263,92993,2025-03-17T03:26:08
35614,84601,2024-11-15T21:04:52
4135,18824,2025-09-17T19:28:08
22543,73873,2025-08-06T21:01:43
48956,90353,2025-03-31T02:09:54
24795,64206,2025-04-12T23:38:47
16634,9011,2025-06-27T22:12:02
38466,24287,2024-11-18T05:14:35
26904,44395,2025-03-18T15:25:43
4309,61560,2025-06-02T17:19:34
17075,42368,2025-06-16T07:05:08
28177,14764,2025-02-07T14:45:08
44497,19963,2025-07-30T15:18:45
16599,52432,2025-04-15T19:17:22
43966,11035,2025-09-23T04:32:58
15727,81051,2025-02-19T03:36:38
26149,39309,2025-07-17T19:30:31
21555,96712,2025-04-14T16:26:59
23474,33213,2025-10-28T04:12:12
21138,38563,2024-11-10T23:33:28
38263,97164,2025-07-20T04:19:52
38245,37580,2025-03-22T01:55:07
17525,18549,2025-08-07T13:16:05
44608,99838,2025-06-26T05:41:30
35343,75375,2024-12-13T07:38:43
15131,7832,2025-06-03T18:36:09
8291,65548,2025-08-20T09:56:29
2997,94847,2025-07-16T13:46:37
20279,18652,2025-08-09T19:49:28
24094,13238,2025-05-18T23:12:05
15042,77256,2025-01-20T11:55:24
18992,12496,2025-06-14T06:59:33
31336,6140,2025-04-04T18:19:31
12654,37725,2025-04-20T18:50:00
37952,59506,2025-04-24T09:17:22
4790,6339,2025-01-31T07:15:33
35827,20334,2025-09-01T05:05:39
45466,27925,2025-01-05T03:51:31
22017,62914,2025-06-12T07:30:29
45173,18813,2025-06-30T01:51:39
18982,67871,2025-07-08T15:26:25
21377,36956,2025-05-01T12:26:33
20608,91939,2025-06-01T21:35:33
26141,73830,2025-02-01T02:32:41
29334,20365,2025-06-28T00:38:19
46268,96674,2025-06-10T16:21:13
16863,69487,2025-08-19T13:06:33
35798,78190,2025-05-29T20:47:18
38365,15303,2025-05-26T02:17:19
44885,44916,2024-12-29T07:34:16
16400,67672,2025-01-15T00:25:57
13080,95161,2025-05-05T20:03:11
41766,42120,2025-09-14T15:41:41
32647,45310,2024-12-05T17:31:20
14921,7170,2025-10-24T08:20:59
43309,38272,2025-05-24T23:20:28
19375,63053,2025-06-09T14:23:51
7495,11056,2025-07-27T06:32:04
11529,50129,2025-09-30T12:52:33
25897,80027,2024-12-07T10:03:28
6188,34425,2025-06-15T07:13:36
9047,58049,2025-02-24T03:04:25
12199,72191,2025-05-27T05:00:55
4219,2910,2025-04-06T19:06:06
15378,43152,2025-03-05T01:07:53
21332,79386,2025-07-10T10:29:18
41431,90561,2025-09-23T09:07:04
14787,25170,2025-11-02T08:27:53
3662,72405,2025-04-17T20:34:43
44637,87440,2024-12-20T03:57:28
18248,55579,2024-11-13T05:40:32
3738,92049,2025-02-11T22:08:23
4128,60032,2025-06-08T02:32:04
39711,99689,2024-11-28T15:40:59
19026,11048,2024-12-08T01:51:15
28968,60841,2025-10-08T14:49:28
14957,88991,2025-01-04T12:50:16
868,84991,2025-03-22T15:20:09
3167,84690,2025-07-02T15:23:10
37690,94399,2025-06-21T22:33:54
8894,91807,2024-11-12T04:14:51
45716,66609,2025-04-20T00:42:34
21654,77931,2025-06-30T23:55:04
49424,88741,2025-05-11T09:31:52
48017,87639,2025-10-12T07:39:55
12115,13652,2025-04-08T20:27:23
45561,53180,2025-01-21T08:24:58
13775,99880,2025-08-24T10:30:23
2232,82408,2025-06-20T22:26:42
30255,55385,2025-05-13T04:52:04
39946,18109,2025-02-22T04:10:14
43699,91844,2025-02-06T12:25:51
48362,54655,2024-12-12T20:42:45
14826,7384,2025-01-04T20:06:49
28361,17638,2025-01-08T04:25:24
45095,54685,2025-07-01T16:46:11
25618,5910,2025-02-21T22:24:01
44831,16936,2025-10-07T03:08:11
14376,17762,2025-02-12T15:58:38
6171,2789,2024-12-08T05:15:57
6085,7597,2024-12-29T05:09:30
10287,9303,2025-07-27T04:45:03
38635,19435,2025-03-25T05:11:56
24266,90114,2025-01-29T11:09:21
9603,85519,2025-02-21T07:58:53
19858,47288,2025-01-05T09:15:35
9328,19885,2025-08-14T20:43:10
49432,56925,2025-05-14T12:18:40
44854,37617,2025-10-01T07:20:49
14619,17411,2024-12-14T03:49:42
2076,24461,2025-03-05T23:28:59
43801,8518,2025-01-26T00:26:35
26789,27547,2025-11-03T03:20:53
20051,4250,2025-02-09T21:19:02
26192,48962,2025-05-27T11:16:34
36156,66526,2024-11-30T02:33:52
15643,24979,2025-01-14T03:02:22
16850,20053,2025-05-20T03:24:58
32898,79854,2025-05-20T05:10:52
45314,89953,2025-10-01T14:13:04
46886,93572,2025-10-30T15:02:06
24120,51070,2025-09-12T18:00:31
3788,42197,2025-07-21T12:34:57
26588,74179,2025-08-20T05:37:40
41100,20783,2025-02-02T05:55:11
27024,8733,2025-10-27T17:21:16
49643,53528,2025-02-03T11:14:49
34390,37512,2025-05-27T17:08:32
7274,56856,2024-12-05T13:30:03
15552,91362,2025-10-05T10:55:48
35408,96288,2025-01-17T18:49:26
35996,61865,2024-11-19T13:17:37
10050,57587,2025-06-01T17:12:37
14815,63648,2024-12-15T11:17:14
28773,59998,2025-07-17T12:15:53
31342,26571,2025-06-14T06:47:46
6940,23280,2025-07-01T00:42:15
2618,61,2025-02-08T05:28:28
25843,24810,2025-05-12T10:25:13
31125,15227,2025-10-26T19:41:09
755,49090,2024-12-05T14:33:44
36536,19356,2025-01-02T16:15:45
17081,11850,2025-10-09T23:35:00
1346,15146,2025-01-09T01:26:53
11702,67988,2025-02-21T07:24:52
46843,10090,2024-11-30T08:05:03
47316,27545,2025-03-15T21:16:35
26637,96794,2025-10-28T12:11:34
35646,53822,2024-11-16T07:58:33
47885,4131,2025-02-18T18:55:47
408,66725,2025-10-21T04:04:51
4663,13877,2025-01-28T07:53:04
15914,75585,2025-02-25T00:44:01
9208,53018,2025-01-12T13:27:11
14841,52837,2025-05-24T00:48:45
19259,40380,2025-09-23T22:25:10
14645,61774,2025-05-08T07:51:10
30453,50914,2025-06-17T17:53:32
29854,69827,2025-09-03T03:04:44
28115,73196,2025-06-27T03:37:13
8328,6098,2025-03-31T04:53:56
42463,61407,2025-07-03T01:45:57
46839,99303,2025-03-28T11:27:57
33693,91626,2025-02-03T16:11:36
8855,10376,2025-05-17T21:32:39
19043,1931,2025-04-27T13:32:30
42420,49483,2025-03-08T03:56:46
7609,37142,2025-02-24T09:51:39
36449,45086,2025-08-02T01:22:20
2028,36880,2025-02-19T02:13:50
31838,17406,2024-12-11T18:17:44
32914,12037,2025-05-25T20:02:09
42592,97048,2025-09-06T00:51:37
35151,7125,2025-06-18T16:16:20
26611,65266,2025-01-13T13:15:59
32854,25302,2025-03-15T20:46:21
25050,54637,2025-02-19T09:55:26
17672,33987,2025-04-22T05:37:37
17092,26474,2025-09-13T11:49:08
45073,28879,2025-04-16T21:28:20
10556,45723,2024-12-10T17:40:24
44808,90724,2025-10-07T20:05:14
49398,51223,2025-09-17T06:41:54
15615,48202,2024-12-23T03:32:09
45712,28332,2025-02-19T20:10:49
1547,36300,2025-07-14T02:40:18
19750,15845,2025-05-16T05:20:35
19954,83293,2025-05-15T16:48:17
11616,3729,2025-02-13T07:52:53
11982,11143,2025-02-18T22:29:39
36279,47569,2025-05-28T09:37:51
24261,90506,2024-11-06T22:57:50
47809,7742,2025-05-08T00:25:59
35179,35178,2025-02-18T03:01:52
33502,37520,2025-08-18T10:36:32
48770,14891,2025-10-09T05:50:01
27664,40297,2025-04-06T18:52:21
3033,72410,2025-02-02T02:27:33
38823,51546,2025-06-02T16:06:26
36289,49489,2025-01-27T08:19:14
17006,87296,2025-07-20T04:16:46
49380,96543,2025-10-08T11:08:51
37287,77006,2025-10-30T02:29:08
25569,80623,2025-03-27T17:21:47
32455,29824,2025-05-08T04:52:42
48813,96730,2025-03-20T09:08:16
4638,6515,2025-07-11T18:40:28
10767,27427,2025-06-26T11:50:00
1639,86500,2025-01-31T20:24:57
27339,77457,2025-10-19T10:12:31
24296,11435,2025-01-01T17:05:52
41061,23091,2024-12-09T02:18:40
23626,53693,2025-05-28T08:21:22
44188,30124,2025-01-09T15:34:55
48163,59358,2024-11-30T12:22:05
44747,290,2025-05-16T11:32:08
30965,54190,2025-02-23T05:24:26
13444,13040,2025-05-24T10:26:38
41577,52322,2025-01-23T05:12:34
36515,77135,2024-11-19T05:05:15
14433,30651,2025-02-03T12:25:48
31773,42619,2025-02-14T20:51:26
19028,60013,2025-02-12T18:28:44
27596,30443,2025-11-05T05:07:04
42476,30054,2025-01-01T03:46:49
21023,46516,2025-09-23T21:50:24
9149,36655,2025-08-05T13:20:36
48989,97658,2024-12-15T23:53:52
2777,47332,2025-08-15T16:00:19
49166,79179,2025-10-04T20:05:53
35744,14735,2025-05-24T21:41:32
46570,53722,2025-01-02T14:15:40
38114,50534,2025-05-22T10:18:14
29749,9419,2025-03-23T13:10:57
335,79397,2025-01-24T17:27:05
31993,98880,2025-07-21T23:35:26
42620,84535,2025-03-22T05:17:02
31281,17369,2024-12-31T22:57:32
3863,46898,2025-01-27T17:35:26
3530,75666,2025-03-14T13:44:59
19075,11928,2025-10-05T18:22:08
34005,43043,2025-08-15T05:48:08
12783,94828,2024-11-17T15:11:55
9440,86778,2025-08-18T11:30:08
18301,28921,2024-12-09T17:22:36
25446,96393,2025-04-18T06:28:11
22314,11802,2025-04-18T03:48:21
27220,80138,2024-11-11T18:21:54
46403,51796,2025-04-18T09:30:31
40775,77830,2025-05-06T03:29:18
39203,14861,2025-04-29T01:01:05
45952,70546,2025-08-18T05:42:01
45270,99408,2025-08-30T06:29:27
37630,81949,2025-09-08T01:42:26
17920,17316,2025-01-09T18:15:10
37084,77620,2025-01-06T10:52:06
6669,24626,2025-06-07T09:51:34
25251,6763,2025-04-13T00:26:32
28600,3965,2025-08-22T21:53:35
22740,4569,2025-11-04T08:09:35
25506,73423,2025-07-08T18:11:55
20263,57787,2025-08-24T22:20:03
13845,85897,2025-09-12T02:27:23
27672,54851,2025-10-08T04:53:12
41465,59031,2025-05-13T01:28:47
2417,23977,2025-02-22T13:22:41
46647,22073,2024-11-10T11:50:00
12611,44722,2024-12-21T12:27:10
33790,53443,2025-07-16T14:02:47
17896,99252,2025-05-23T13:55:30
14208,64362,2025-09-16T01:39:51
39200,59529,2024-11-22T16:10:52
15880,93951,2025-05-21T08:25:38
24104,65797,2025-02-05T03:09:34
11914,37502,2025-02-25T20:07:49
22196,1775,2025-01-29T08:07:36
9767,16927,2025-02-05T18:20:15
18231,73300,2024-12-25T07:12:53
7624,18301,2025-05-18T13:16:15
4990,85421,2024-11-08T20:51:56
1185,64540,2025-10-16T22:21:16
28532,36982,2025-09-24T14:25:32
49048,29211,2025-07-28T10:20:28
19402,78260,2025-01-11T00:30:35
27562,42961,2025-04-14T20:37:49
3177,29187,2025-05-07T21:04:19
20256,38869,2024-12-11T22:16:57
21027,14757,2025-09-13T05:25:34
29752,35185,2025-10-21T01:04:22
42104,10617,2024-11-28T07:00:27
5293,46770,2025-08-25T03:27:19
44070,77549,2024-12-23T06:08:19
36554,57460,2025-04-29T01:40:59
49676,59096,2025-01-16T22:04:58
46385,47064,2025-09-24T19:00:57
20929,30592,2025-11-06T06:42:21
20294,1523,2024-11-10T09:25:13
39807,7809,2025-09-26T12:30:54
15213,89795,2025-04-10T06:11:43
41711,2145,2025-10-19T18:28:14
11356,15144,2025-03-23T14:38:40
16032,67732,2025-01-20T12:24:34
15230,85866,2025-05-25T03:59:55
40694,73036,2025-07-26T18:44:57
20428,41044,2025-07-11T09:40:46
37235,86472,2024-12-26T05:29:24
3894,38530,2025-03-26T05:27:11
38518,74300,2025-03-05T03:30:27
34174,45564,2024-11-21T03:00:40
26165,94793,2024-12-27T23:55:09
36983,97926,2025-02-27T23:30:09
30303,3631,2024-12-20T20:51:16
1270,998,2025-03-11T05:24:29
43931,58086,2025-05-28T22:02:37
13155,91627,2024-12-23T14:50:54
14162,65106,2025-01-24T20:25:16
46347,79979,2024-12-30T04:46:07
44678,16759,2025-04-26T10:00:50
44452,9508,2025-03-20T03:21:14
36641,88681,2025-10-07T15:10:17
12883,31678,2025-03-25T05:32:14
16800,75902,2025-02-24T20:52:50
41952,93892,2025-03-27T02:36:59
27652,90001,2025-05-26T18:56:33
49263,49397,2025-06-04T18:38:53
34163,3641,2025-07-27T01:11:43
48032,4890,2024-11-16T13:01:51
6385,21915,2025-03-15T05:43:01
42146,25380,2025-04-18T03:01:46
16984,80094,2025-08-08T01:38:31
39448,8142,2025-10-23T12:33:07
2384,14784,2025-03-22T07:42:02
44891,20294,2025-04-23T08:02:00
33756,42657,2025-03-15T22:58:35
35720,33990,2025-08-25T08:10:09
24236,57166,2025-10-29T18:21:17
21526,35407,2025-07-26T03:30:35
25980,6242,2025-06-10T02:14:00
16992,19721,2024-12-14T12:23:02
14759,71170,2025-01-17T02:34:09
14643,46691,2025-01-08T07:06:06
5086,71947,2025-07-21T08:54:58
7179,26347,2025-09-16T09:20:47
46125,88975,2025-09-06T01:58:34
29604,71594,2025-03-07T17:11:35
1644,84522,2025-07-28T02:11:58
18966,28802,2024-11-25T06:11:06
46389,25592,2024-12-25T21:47:18
35343,60649,2024-11-08T03:04:17
35589,6506,2024-11-18T18:22:40
46822,20008,2025-06-28T09:53:08
44757,30058,2025-04-05T20:05:20
25963,91955,2025-02-09T11:37:42
28180,8384,2025-02-21T09:51:06
45133,23367,2025-08-12T05:13:19
45882,22293,2025-08-25T21:52:33
23115,26194,2025-11-01T11:22:17
13177,82667,2025-03-16T01:15:59
41405,43144,2025-01-19T14:41:13
33619,65568,2025-02-18T09:52:03
8616,48763,2025-08-29T19:23:34
18090,11688,2025-02-15T09:51:45
46434,51924,2025-08-27T05:52:42
38765,43912,2024-12-17T01:18:08
266,22658,2025-11-03T21:47:59
11154,14451,2025-01-18T22:52:49
19783,58485,2025-09-25T19:50:19
3860,54988,2025-05-11T16:05:16
3307,82994,2025-04-19T03:22:52
5036,19541,2025-07-01T07:25:50
1720,49427,2025-02-09T23:49:42
16245,13229,2025-01-20T18:10:24
6933,30281,2025-06-06T01:10:45
42683,14811,2024-12-02T04:20:41
46477,41852,2025-01-02T17:03:41
37602,92401,2025-05-05T22:28:42
27463,28598,2025-08-05T23:40:29
47361,35161,2024-11-08T15:17:41
19707,74454,2025-02-07T10:45:33
12370,2037,2025-06-09T18:49:37
48681,19889,2025-02-06T22:53:33
36702,50866,2025-02-15T05:58:52
38858,52081,2025-08-11T09:37:48
16835,3137,2024-12-27T18:17:47
31725,95668,2025-08-06T01:16:06
9522,78909,2025-02-13T01:40:40
3016,28540,2025-10-09T00:12:41
38122,96180,2025-01-31T14:15:36
14032,53628,2024-12-22T18:34:10
28014,94425,2025-09-26T12:34:29
44028,92917,2025-05-20T09:51:26
15654,75342,2025-03-16T01:39:23
44204,32030,2025-04-02T10:44:45
42629,94526,2025-05-28T11:21:44
2994,76139,2025-05-30T10:51:29
29767,97178,2025-04-11T18:12:29
36373,9474,2024-11-12T07:14:57
47695,52076,2025-03-31T16:26:44
47503,19456,2024-12-10T01:04:14
39493,78567,2025-05-31T19:43:35
45184,63929,2025-08-07T05:20:11
42129,83449,2024-12-11T19:24:51
4660,23257,2024-12-23T11:51:15
45601,42686,2025-09-13T18:06:49
15580,52079,2025-01-21T23:14:42
45306,26993,2025-02-14T02:34:52
26874,71529,2025-04-25T16:33:57
27556,98609,2025-09-20T16:50:48
5283,90756,2024-12-14T17:08:02
30530,58639,2025-04-29T21:43:19
24005,41658,2025-10-27T05:06:05
19156,15779,2025-08-31T03:44:14
9924,30715,2025-04-30T12:13:02
16152,51834,2025-06-25T22:20:50
38355,55717,2025-08-16T12:44:43
43868,10072,2025-01-16T10:19:49
37270,18758,2025-10-21T07:53:02
7196,43869,2025-03-01T07:02:16
19773,61452,2025-03-07T10:12:39
38941,26554,2025-09-25T13:02:28
1911,50984,2025-08-23T08:02:49
6895,95567,2024-12-02T11:05:16
22205,4622,2025-08-18T11:22:14
14848,24136,2025-08-20T10:58:16
45424,24143,2025-01-21T18:40:10
41343,49465,2025-01-24T15:18:04
34414,47848,2024-12-07T11:49:13
3627,20984,2025-08-11T12:01:44
15037,71332,2025-10-11T08:12:09
40142,57328,2025-01-16T11:38:16
35793,58985,2025-05-11T13:51:23
7773,10488,2025-08-10T17:16:09
18634,62106,2025-07-04T01:30:42
2553,3426,2025-04-24T13:47:47
11806,47123,2024-12-19T23:00:40
17359,87364,2025-01-20T20:26:21
25013,36010,2025-06-23T16:12:53
38890,75588,2025-07-22T21:53:40
8291,7701,2025-07-21T13:52:26
31637,85618,2024-11-08T22:34:08
26940,28038,2025-03-07T18:45:33
15888,48254,2025-07-09T08:03:11
24228,8780,2025-01-31T23:13:29
24497,25153,2024-11-24T03:59:37
14644,93620,2024-12-19T22:32:10
30007,12465,2025-01-11T00:22:39
33081,76039,2025-04-21T00:32:47
38848,22811,2025-03-02T11:46:38
38118,17516,2025-08-04T09:56:52
17541,64988,2025-10-10T23:21:33
15185,85099,2025-07-04T16:54:37
27348,96643,2025-01-17T09:49:49
19192,96674,2024-12-22T18:09:33
43260,7619,2025-10-14T15:18:44
26383,57556,2025-09-18T03:24:26
22343,75273,2025-08-09T13:02:11
19590,93815,2025-07-11T20:36:30
33494,61987,2025-08-02T12:42:45
49265,35010,2024-12-29T00:37:32
15936,76434,2025-03-05T05:01:25
48030,96174,2025-08-03T09:44:04
20440,15544,2025-10-28T00:40:30
48736,81732,2025-02-14T13:39:07
13045,61351,2025-08-19T01:32:16
15671,81914,2025-03-19T20:40:25
783,97120,2025-01-31T06:22:10
49850,84547,2025-10-24T09:07:36
3306,54623,2024-11-06T18:37:49
49517,16109,2025-01-29T02:15:41
28549,87950,2025-06-24T17:16:35
45818,10366,2025-08-26T18:08:52
48340,15690,2024-12-16T12:59:40
5974,22980,2025-03-05T21:07:44
19607,95707,2025-05-21T22:52:01
35092,97784,2024-12-09T06:28:23
22207,25763,2025-09-30T03:01:01
13171,15792,2025-08-04T02:19:18
25180,17541,2025-07-29T09:06:34
45659,9985,2025-09-14T20:28:49
5406,94218,2025-08-15T19:10:42
46393,7881,2025-02-26T23:43:58
46339,8514,2025-03-02T03:19:21
6575,15110,2025-03-28T18:45:21
17014,17860,2024-11-24T05:34:44
5519,91409,2025-09-21T20:31:32
31535,35795,2024-11-07T16:24:44
44776,15096,2024-12-26T08:14:39
19588,44815,2024-11-23T10:03:21
20430,98467,2025-10-20T03:37:17
42419,90986,2025-10-12T17:01:17
38913,43002,2025-07-21T06:42:05
18536,93421,2025-09-13T13:47:10
45484,41050,2024-12-12T20:37:59
1099,70038,2024-11-10T09:14:22
2781,3760,2025-07-29T08:28:23
35725,10761,2025-07-05T17:25:08
41835,50408,2025-06-26T10:41:08
756,33391,2025-03-01T06:28:41
43637,83455,2025-03-29T04:50:56
1426,80581,2025-05-24T13:01:50
9174,87995,2025-06-30T04:43:23
46966,7426,2025-09-06T09:36:49
26712,372,2025-02-03T03:49:24
49321,91466,2025-01-23T17:39:58
7235,46445,2025-01-09T09:24:43
27002,39530,2024-12-28T08:01:19
12403,93086,2025-03-07T21:08:14
16037,93114,2025-11-02T09:08:40
24948,57713,2025-07-24T01:30:37
34321,85619,2025-09-03T23:59:06
35611,7672,2025-10-27T02:13:38
11732,52104,2025-02-08T20:58:36
34523,8357,2025-02-07T08:40:08
35403,16233,2025-08-12T00:56:49
7786,76770,2025-06-17T12:28:35
24162,56010,2025-08-13T02:39:50
18233,83714,2025-05-17T00:15:28
5748,16842,2024-11-16T15:56:16
21684,97628,2025-05-09T15:44:14
34740,60768,2025-07-26T10:58:22
31742,97834,2025-05-16T17:50:38
4920,17564,2025-03-09T10:16:31
21271,90978,2025-05-22T09:31:16
6466,75469,2025-09-30T00:03:23
15873,29566,2025-07-02T04:18:44
43683,40792,2025-07-08T00:01:14
42349,48377,2024-11-13T12:45:50
5502,69247,2025-04-19T04:03:42
23441,46987,2024-11-19T02:48:19
49686,3994,2025-10-29T16:00:45
17226,72149,2025-04-08T14:07:56
29484,90657,2025-02-04T07:24:34
18184,64957,2025-03-01T05:07:36
47941,95489,2025-09-13T15:15:08
14089,41729,2025-09-12T14:07:07
27037,82811,2024-11-23T21:14:16
16675,7924,2025-10-16T10:17:15
35866,93050,2025-10-21T09:04:01
34522,2718,2025-08-23T18:12:34
12054,72003,2025-01-03T14:38:58
35351,61992,2024-12-25T05:02:24
29843,65470,2025-09-30T06:12:38
26857,21241,2025-01-14T22:31:10
7089,78125,2024-12-31T22:40:57
21143,92446,2025-09-27T16:19:09
920,44431,2024-11-30T07:37:46
27981,72917,2025-06-02T06:21:15
42662,22173,2025-04-06T18:03:22
19721,87465,2025-07-31T13:44:25
49134,71216,2025-03-06T06:36:49
39670,62525,2025-06-26T00:57:20
11372,58680,2025-04-11T13:01:43
18895,23345,2025-02-14T22:00:15
6677,9563,2024-12-20T14:29:28
43692,27320,2024-12-06T04:12:05
49015,94886,2025-07-29T06:11:49
41761,66432,2025-08-24T14:58:38
46814,89251,2025-03-09T13:11:09
34814,76963,2025-09-19T10:50:56
13109,2295,2025-10-23T20:26:45
16804,48563,2025-01-08T19:43:38
26233,73959,2025-01-25T15:48:17
35743,2426,2025-08-30T11:55:38
1822,96222,2025-02-09T10:35:57
11436,80750,2024-11-13T18:40:25
49926,65955,2024-12-23T02:50:06
5453,58570,2025-05-09T19:02:03
29225,38466,2024-12-30T21:08:38
18463,43,2025-08-19T18:34:35
4928,84101,2024-11-07T19:27:26
11439,50510,2025-07-14T02:00:24
32145,19174,2025-10-27T10:58:51
4801,75221,2025-02-18T21:33:59
35856,81337,2025-08-10T23:41:33
38371,54502,2025-07-30T12:36:38
3126,45411,2025-09-05T10:08:49
21233,30410,2025-11-06T05:00:43
17828,46476,2024-12-14T08:39:42
43153,44357,2025-02-14T03:35:41
10208,1350,2025-05-13T07:48:38
21472,89301,2025-10-29T09:11:38
17866,34895,2024-11-12T05:55:59
48681,92452,2025-06-13T08:08:00
24007,16655,2024-12-02T07:52:44
32618,33740,2025-10-24T20:51:18
4831,95062,2025-10-20T05:42:24
22629,31168,2024-12-31T14:53:09
30906,11148,2024-12-24T21:25:21
21001,28556,2025-08-01T03:43:19
48481,17506,2025-08-14T07:54:25
28644,71476,2025-10-19T05:51:32
29170,81956,2025-07-30T20:31:15
2624,76474,2024-12-07T05:59:37
12909,54449,2025-05-02T14:59:00
17152,92806,2024-11-21T17:40:02
24825,77538,2025-08-28T20:36:05
2335,5265,2025-05-21T08:38:33
34468,45776,2025-10-05T21:29:04
2458,76036,2025-03-14T05:03:49
18226,31365,2025-09-05T20:41:41
28718,99905,2024-12-23T05:25:22
36541,50107,2025-06-25T08:10:42
7919,43153,2025-04-14T14:33:15
743,19456,2024-12-12T11:00:09
45747,93051,2025-11-02T18:34:39
2531,97076,2025-01-13T17:23:03
12245,24451,2025-10-25T08:15:51
41716,91651,2025-02-04T19:51:27
17653,71450,2024-12-10T08:58:55
22021,31307,2025-04-20T06:43:54
44933,2398,2025-06-04T19:27:49
13805,42743,2025-03-19T00:18:39
41445,37301,2025-01-20T07:23:33
2690,2291,2025-02-09T08:03:48
14792,62786,2025-10-11T11:02:31
9730,6345,2025-04-07T08:40:04
4612,96148,2025-03-17T08:45:00
45893,21394,2025-03-26T13:27:14
17008,28153,2024-12-23T18:47:51
40907,64136,2025-04-09T00:04:06
1626,81920,2025-04-13T07:32:51
195,59886,2025-07-28T23:28:56
21365,84500,2025-02-11T12:04:00
29819,61404,2025-06-24T14:17:55
29238,51947,2025-06-12T19:54:59
41210,43561,2025-02-02T05:52:28
43508,99016,2025-03-08T19:42:28
5595,57722,2025-03-09T23:27:52
16291,22534,2025-04-05T08:12:42
17680,33283,2025-01-20T15:16:03
31997,32078,2025-07-03T15:05:43
39961,57419,2025-08-26T22:10:32
3698,97768,2025-07-09T14:13:20
42536,97527,2025-05-26T04:08:32
29188,77735,2025-05-18T08:11:41
13684,17413,2025-06-17T22:02:42
5923,5754,2025-02-11T02:55:30
3871,63048,2025-02-07T16:59:07
36718,82928,2025-02-02T11:18:48
38960,13784,2025-04-18T14:56:12
12390,56206,2025-07-21T22:46:25
46088,44273,2025-03-08T19:16:18
15402,67114,2025-07-01T15:25:18
20214,76856,2025-03-12T14:46:02
7623,34679,2025-10-03T08:33:52
18045,3316,2024-11-11T01:54:57
4312,31756,2025-10-12T12:51:20
8164,84333,2025-08-26T15:53:27
2869,86039,2025-08-06T04:05:28
13640,68455,2025-09-24T13:17:11
16127,89170,2025-08-16T18:19:28
45926,25231,2025-03-29T19:06:59
48598,40580,2025-01-15T14:53:36
5643,61300,2025-01-17T02:12:25
8752,1982,2025-07-14T16:31:43
45095,23361,2025-09-11T08:04:04
14557,60341,2025-10-23T23:43:55
6148,62535,2025-08-07T14:56:05
14844,39104,2025-04-08T02:28:54
25634,53481,2025-01-17T09:52:08
23066,87120,2024-12-23T01:24:15
16425,40081,2025-08-16T16:31:08
5139,69588,2025-04-19T11:15:16
16822,82967,2025-06-17T04:38:17
10744,34596,2025-07-27T08:58:49
43230,99545,2025-06-13T22:23:07
28655,97489,2025-08-16T00:53:43
31363,205,2025-06-23T08:41:08
23329,52177,2025-05-26T01:36:48
19703,54626,2025-10-23T16:36:21
30773,25827,2024-11-16T10:46:54
14628,89780,2025-07-19T10:38:25
13455,99687,2025-05-20T09:11:24
17596,14532,2025-09-18T15:56:01
31920,51221,2025-09-10T21:34:48
34853,73331,2025-09-20T11:43:12
23161,27250,2024-11-09T17:25:49
8340,24134,2025-06-19T00:23:37
36952,7699,2025-10-04T01:50:51
3366,51552,2025-01-30T02:40:47
2728,98808,2025-04-28T22:43:02
10426,14803,2025-07-07T04:50:07
15447,12231,2024-12-03T15:45:47
29490,32867,2024-12-22T01:04:10
38183,45644,2025-01-18T08:15:51
33665,38240,2025-07-25T09:50:17
47814,56553,2025-08-09T23:42:08
1603,75910,2025-06-04T04:59:09
19200,88948,2025-05-06T14:22:45
5780,98590,2025-03-19T08:16:31
14050,10359,2025-10-07T07:35:44
46600,17358,2025-06-08T12:42:47
42028,75826,2025-06-04T06:13:25
24302,4953,2025-03-04T20:26:22
7497,47368,2025-07-22T17:36:49
18540,96581,2025-03-19T10:43:59
9471,86888,2025-01-30T14:48:50
28943,42176,2024-12-16T21:57:33
14516,13629,2025-03-09T22:40:17
8741,1601,2025-03-17T06:58:37
8898,47219,2025-08-17T15:22:24
12092,95556,2025-08-08T21:48:03
24467,79746,2025-01-14T03:22:39
37455,96142,2025-05-03T06:34:37
47744,51893,2025-09-05T23:50:45
15182,86600,2025-06-21T19:09:13
49739,93063,2025-05-14T16:22:54
39927,66433,2025-08-06T15:24:19
38315,26569,2025-05-04T21:37:37
49453,26093,2025-01-24T07:56:31
34804,4525,2025-05-09T06:14:19
40204,44722,2025-06-13T18:54:49
11617,76001,2025-04-08T13:19:45
49594,38969,2025-07-24T05:56:25
40565,29834,2025-08-04T09:11:31
48594,21931,2025-08-02T14:46:30
22719,29034,2025-06-20T21:50:16
48015,73421,2024-11-30T02:09:58
37511,27957,2025-07-24T14:21:27
48892,44281,2025-06-16T21:05:06
8303,45319,2025-05-23T09:40:52
42857,31234,2024-12-07T11:52:54
2773,81711,2025-02-15T03:27:43
29081,99457,2025-06-01T01:00:27
33674,11787,2025-06-24T07:10:38
13813,28314,2025-01-10T18:35:09
13990,29355,2025-02-04T23:32:34
8171,75401,2025-02-11T21:40:08
21453,71636,2025-03-12T20:02:41
37455,73826,2025-10-19T02:53:32
1138,26554,2025-05-13T12:18:33
35394,25776,2025-09-08T02:30:20
26251,51708,2025-04-11T22:03:34
37556,72625,2025-01-02T01:15:47
7791,29386,2025-07-23T21:12:18
32584,53996,2025-08-30T01:42:22
18619,10664,2025-07-19T15:50:11
21669,26584,2024-12-31T08:17:40
11036,67811,2025-10-08T11:45:48
16362,12497,2025-11-01T10:15:30
21992,97945,2025-09-18T09:41:20
28111,18433,2025-03-18T01:56:00
598,85283,2025-10-11T11:03:27
8933,35118,2025-01-07T16:33:20
17394,2957,2025-08-22T01:44:15
2810,77020,2025-09-24T19:21:04
40177,48502,2025-05-16T14:52:20
45770,1556,2025-10-21T11:59:36
35181,14285,2025-10-15T23:15:30
38092,42967,2025-02-25T05:50:28
27964,93641,2025-08-16T20:51:07
10637,39588,2025-05-02T05:44:50
10309,15508,2025-01-04T11:15:29
35535,36406,2025-04-24T11:27:33
40831,16323,2025-04-08T23:52:38
18201,19456,2025-07-17T17:46:50
10522,34892,2025-03-17T15:07:30
25927,17541,2025-01-20T18:56:38
25034,87397,2025-09-07T00:55:33
20578,59170,2025-09-16T00:23:06
10339,64015,2025-06-02T17:01:05
1296,80448,2024-12-27T05:26:15
48617,40865,2025-09-29T10:19:14
39293,13517,2025-04-27T19:03:35
9094,29771,2024-11-26T17:31:48
30300,72294,2025-01-22T10:27:45
33491,6382,2025-05-12T12:36:57
18651,5097,2025-10-08T00:19:23
38039,24896,2025-02-24T02:53:06
47602,97051,2025-03-09T01:58:50
25705,52671,2025-10-18T02:30:22
4021,25359,2025-03-04T08:23:44
21706,89678,2025-03-10T19:51:11
37348,73008,2025-01-09T04:24:01
49174,6299,2024-12-27T00:38:32
20040,41891,2025-04-04T16:09:13
3969,96500,2025-04-03T10:19:39
6181,68902,2025-03-06T18:09:48
39671,80233,2025-10-10T01:47:40
6854,17762,2025-04-04T15:17:26
37420,26985,2024-12-25T15:37:25
13799,46158,2025-04-16T18:49:49
39884,72379,2025-03-28T23:14:40
37192,94835,2024-11-09T05:05:40
49714,75996,2025-11-04T04:07:42
8671,73512,2025-07-26T11:06:15
36762,93367,2025-01-23T17:58:55
29656,25412,2025-05-09T12:15:59
8940,38370,2025-04-21T08:48:36
45576,83612,2025-06-06T13:43:57
25609,14316,2025-05-22T15:23:16
28998,3053,2025-07-08T15:05:21
37681,10967,2025-10-07T00:14:12
31493,23979,2025-01-30T21:52:06
38400,80015,2025-05-21T22:41:29
30311,54940,2025-08-03T01:47:37
17062,61683,2024-11-30T05:23:17
24201,56605,2025-09-17T12:36:40
40099,75955,2025-07-30T19:31:16
3280,42655,2025-05-23T04:49:36
29332,73311,2025-07-05T12:00:11
47228,57481,2025-06-09T08:02:33
28239,27150,2025-10-15T12:24:26
32752,21196,2025-08-26T22:55:57
7666,77178,2025-06-01T11:48:20
47180,16543,2024-11-18T07:16:08
1262,82011,2025-06-12T22:13:49
24995,98156,2025-10-14T09:06:26
48560,30025,2025-06-10T06:47:46
31892,91807,2025-06-16T00:27:48
24958,55561,2025-09-01T20:21:01
564,72514,2025-06-07T16:02:00
23728,41130,2025-01-12T17:40:46
29440,23385,2025-06-04T23:09:23
40953,67812,2025-06-25T15:41:30
23493,66484,2025-03-29T05:25:59
1356,40535,2025-10-14T10:19:56
10556,92577,2025-04-23T03:07:03
3919,58647,2025-03-26T00:24:43
28929,5348,2025-09-16T02:11:17
22366,71046,2025-05-12T05:04:52
6394,58225,2025-03-17T16:50:03
37354,42649,2025-02-25T23:22:56
42617,8203,2025-08-08T00:38:05
25085,6618,2025-02-04T20:59:03
48067,59112,2025-05-08T08:32:21
8693,82034,2025-10-22T00:17:33
43924,46205,2025-06-26T21:06:36
9242,46675,2025-10-05T17:56:09
47282,67325,2025-05-04T01:19:26
6747,83898,2025-08-06T23:27:40
15867,76741,2025-02-22T22:26:45
8821,98097,2025-07-08T22:26:42
36414,90422,2025-10-20T17:47:55
15077,74589,2025-04-29T18:57:29
4901,33357,2025-02-02T19:39:00
29804,59167,2024-12-18T16:52:16
49383,99770,2024-12-24T05:43:50
18500,95323,2025-10-17T22:11:15
30774,91956,2025-10-31T09:10:58
3507,86762,2025-10-27T21:48:21
7676,86021,2025-10-04T23:02:54
41706,56515,2024-12-29T18:29:33
31673,26895,2025-03-03T02:49:56
176,86847,2025-09-17T09:37:31
32098,70768,2025-02-14T21:17:33
40663,5859,2025-03-12T00:02:38
17148,52976,2025-02-17T01:20:26
47841,17529,2025-05-22T14:22:48
26760,81856,2025-05-26T05:02:06
44252,60504,2025-08-28T17:36:25
31385,56353,2025-01-05T00:55:23
46951,52397,2024-12-03T11:46:19
15931,94763,2025-03-10T15:05:17
14814,29091,2024-12-09T01:08:47
46480,34713,2025-02-23T13:40:00
23243,46443,2025-02-01T10:55:49
29978,35960,2025-07-09T10:11:34
30551,42587,2025-05-24T21:48:10
35410,93990,2024-12-14T08:01:06
15313,36790,2025-06-06T05:41:34
17117,24930,2025-04-30T17:58:25
32232,85042,2025-06-18T15:37:06
7575,4953,2025-01-27T11:56:46
15413,65993,2025-03-20T08:26:06
29041,22157,2025-07-12T08:10:59
26199,11338,2025-02-23T00:05:58
43385,3037,2025-08-26T03:17:20
12218,74681,2025-03-19T16:34:10
978,46583,2025-03-10T08:45:17
8040,68093,2025-08-05T23:55:37
22446,46265,2025-05-26T10:55:46
45037,8741,2025-07-21T02:57:12
39974,35877,2025-04-16T17:54:00
37025,77557,2025-08-22T07:31:12
26338,37673,2025-04-15T10:00:54
40161,67604,2024-11-25T06:46:27
27878,73494,2025-08-15T09:35:26
29782,82080,2025-09-24T11:03:14
47860,98081,2025-06-29T13:09:05
20384,5905,2025-06-13T05:01:35
213,8026,2025-06-30T20:42:02
34502,92414,2025-06-08T10:04:51
6653,89294,2024-11-21T05:23:17
34756,27350,2025-06-06T20:37:21
16319,75239,2024-12-29T22:21:49
16938,40543,2025-09-23T21:25:58
835,5246,2025-10-08T22:40:08
22633,88670,2025-07-16T09:31:47
33716,68819,2025-10-31T07:29:47
48234,36684,2025-09-10T05:11:09
21859,97572,2024-11-24T13:06:38
34517,48317,2025-10-20T05:55:55
12905,42670,2025-06-18T18:09:21
35723,78102,2025-04-04T09:43:05
25240,88309,2024-12-13T09:18:48
24559,22833,2025-10-13T20:09:42
30330,18829,2025-03-11T11:43:23
41505,43736,2025-09-03T10:36:59
16569,29078,2025-06-24T13:40:46
17336,51406,2025-02-20T07:49:44
32064,50872,2025-06-22T16:27:06
16224,50463,2025-08-12T15:16:35
27528,49428,2025-06-29T07:22:01
17063,27423,2025-07-06T02:47:00
46049,4632,2025-10-29T07:12:19
28866,95448,2025-09-17T11:14:25
4906,64884,2025-04-10T19:09:34
33771,84450,2025-06-27T22:14:38
40663,30390,2025-02-25T20:59:18
39652,97482,2025-04-23T15:18:16
31139,80117,2024-12-17T00:39:54
31672,82300,2025-01-19T13:55:52
41284,62458,2025-05-25T23:02:22
11948,56262,2025-09-01T02:41:34
9692,9129,2025-05-01T13:37:21
2186,87836,2025-03-31T23:51:47
6611,48240,2025-06-03T07:21:49
7606,8066,2024-11-25T12:37:39
26581,23458,2025-07-18T08:10:03
12745,23085,2025-07-11T20:18:39
26669,59894,2025-06-03T21:16:49
46671,68787,2025-01-24T01:56:08
14170,51692,2025-04-23T19:54:08
29556,62032,2025-04-11T11:37:57
48490,7187,2025-05-27T22:06:08
40675,8580,2024-12-06T13:31:07
45592,86582,2024-12-20T05:41:21
18308,32236,2025-02-14T09:23:23
7027,45583,2025-03-24T06:17:36
26030,52967,2025-04-13T14:27:03
32486,95093,2025-09-05T20:51:25
31868,43017,2024-11-23T22:18:40
46722,81998,2025-05-29T06:29:20
49502,94145,2025-01-16T23:21:10
26884,73994,2025-04-25T05:05:03
665,17501,2025-01-04T13:22:53
24292,1486,2025-08-25T10:50:40
5173,41520,2025-08-16T19:46:35
13126,59319,2025-03-22T19:31:34
5984,51449,2025-01-29T22:14:53
35565,76311,2025-03-04T17:37:59
1751,33270,2025-01-01T10:13:06
21055,98822,2025-09-16T04:00:45
45601,28209,2025-08-23T04:11:08
34499,51419,2025-06-30T23:57:19
29158,10993,2025-06-15T18:56:01
30705,97476,2025-01-01T16:49:55
42656,93485,2024-12-19T15:45:32
73,10106,2025-05-08T19:49:22
7140,91865,2025-01-19T03:08:52
18334,44301,2025-10-02T06:54:17
27755,2077,2024-12-28T04:44:16
26742,39765,2025-04-09T01:10:36
28694,15600,2025-09-07T22:08:21
32288,33927,2025-03-25T18:30:14
33808,25837,2025-06-04T19:43:18
42068,46523,2025-05-23T15:44:35
21399,22851,2025-02-15T07:35:51
39551,60764,2025-02-18T21:29:27
18772,56323,2025-10-24T14:17:31
38802,83813,2024-11-29T18:05:57
34110,3154,2024-12-08T07:29:04
34989,68946,2025-02-09T10:26:59
6512,69469,2025-10-21T22:00:36
28660,93491,2025-06-28T21:18:31
37777,77733,2024-11-15T03:48:15
16400,59199,2025-04-17T02:31:21
43704,37487,2025-09-17T14:37:52
19827,1912,2025-03-04T09:45:37
13298,59994,2025-03-17T03:32:01
33967,12170,2025-01-19T16:17:21
22042,53934,2025-04-26T00:04:38
44560,10694,2025-07-13T19:04:16
43377,54244,2025-06-15T18:07:11
43906,4966,2025-03-26T06:36:47
7365,87054,2025-09-02T10:17:20
17173,85883,2025-07-04T20:11:30
39064,35747,2025-04-23T17:49:50
35211,79935,2025-07-05T11:06:38
26151,15978,2025-10-29T21:40:29
39642,28508,2025-10-17T22:04:17
22221,38596,2025-06-23T01:41:16
27026,22430,2025-05-14T14:59:36
36267,47152,2025-10-07T04:31:07
39208,38855,2025-08-10T00:05:43
49798,55391,2025-09-14T11:14:36
37759,10334,2025-08-03T07:44:46
8181,90442,2025-09-07T04:38:46
213,9127,2025-06-22T18:48:39
18288,65455,2024-11-26T19:38:12
2019,72767,2024-12-16T03:44:13
15577,84341,2025-05-08T23:01:46
12292,65873,2025-10-20T11:01:01
33685,43936,2025-07-09T03:01:29
25373,71930,2025-07-17T15:43:09
25397,78711,2025-09-24T22:50:24
26841,228,2024-11-24T10:07:18
25731,61649,2025-02-13T06:31:58
12327,41065,2025-08-19T07:25:36
12526,38282,2025-08-21T22:41:02
23421,42757,2025-10-30T15:46:36
19966,71626,2025-07-19T02:17:36
2436,63997,2025-09-10T08:33:54
20676,24250,2025-03-12T06:34:58
18012,99724,2025-03-27T19:39:15
8178,11683,2025-06-08T13:31:17
37286,29390,2025-06-02T17:33:08
17577,87653,2024-12-18T10:14:14
38578,57952,2025-02-27T12:35:41
34724,78347,2025-01-17T20:21:37
22521,40869,2024-11-19T14:57:46
38974,85026,2025-02-22T03:32:40
17856,23178,2025-02-15T06:09:47
34378,87683,2025-09-17T04:25:29
9789,66231,2025-01-07T03:46:29
7103,54134,2025-05-10T22:23:32
21794,55281,2025-02-01T03:30:57
13248,22704,2025-05-01T11:23:44
24362,84995,2025-03-21T16:24:31
38658,76089,2025-08-25T14:51:09
39895,26242,2025-09-22T16:51:45
18628,72881,2025-11-04T07:07:29
3527,90235,2025-01-29T20:11:45
36558,76396,2025-08-12T06:28:45
35162,62903,2025-10-23T18:27:56
49761,80673,2025-11-03T12:01:15
2289,882,2025-06-27T10:34:13
17231,88341,2024-11-17T07:45:14
6146,14967,2025-05-15T23:12:40
34978,17103,2025-10-29T11:52:36
36516,37851,2024-12-11T14:22:53
35434,37596,2025-02-28T20:17:19
40429,43418,2025-07-15T04:18:40
39079,31671,2025-01-09T06:45:46
2030,64434,2025-06-14T14:24:41
42344,31399,2025-03-03T13:55:24
41463,96406,2025-07-12T14:03:49
47016,86080,2025-05-09T23:51:13
30944,85179,2025-03-29T16:45:09
33258,65241,2025-04-28T16:54:56
18292,51983,2025-10-28T21:34:34
27719,76894,2025-10-29T00:20:48
44588,16959,2025-07-16T04:30:35
13096,38978,2025-02-25T06:07:35
21179,51933,2025-04-15T11:59:26
40533,94357,2025-06-03T19:03:47
41069,83359,2024-12-03T03:14:47
15356,20949,2025-05-21T16:14:48
33725,3217,2025-06-01T11:47:29
40894,48608,2025-02-02T11:14:06
42673,37684,2024-11-18T19:12:05
30155,1859,2025-05-12T15:40:05
42806,35469,2025-04-08T19:39:28
47481,18820,2025-09-20T08:55:46
37572,34704,2025-01-08T00:07:04
26339,56495,2025-08-23T12:57:28
25506,20050,2024-12-06T04:21:35
25093,42298,2025-06-05T00:53:57
36191,81941,2025-01-15T21:02:12
42089,24927,2024-11-09T22:31:47
23475,22497,2025-05-15T00:04:31
14146,13327,2025-05-10T13:42:04
16251,21248,2025-07-01T07:44:10
18334,69982,2025-11-03T11:01:35
40640,35170,2025-06-12T16:39:17
3708,98837,2025-11-03T23:53:32
37671,21202,2025-03-12T05:04:40
15236,10331,2025-02-18T13:51:38
229,73662,2025-01-11T08:55:46
21460,44514,2025-05-28T19:53:40
34742,12164,2025-10-16T00:06:33
13896,11724,2025-02-08T16:14:47
40081,78423,2025-05-02T18:05:04
4084,47108,2024-12-29T18:59:25
13987,6073,2025-09-12T20:27:16
11460,89651,2024-11-12T21:36:21
34769,3255,2025-03-28T19:32:52
47573,92372,2025-09-24T04:48:53
49248,16461,2025-08-22T22:01:50
3685,64553,2024-12-18T20:18:12
44798,29047,2025-07-16T09:06:39
27360,95290,2024-12-30T10:55:25
3868,28911,2025-08-04T00:07:53
12165,2772,2025-05-30T17:22:21
35650,93863,2025-08-30T17:54:14
38628,38186,2025-06-13T22:02:28
31667,98714,2025-08-19T17:07:22
33066,72235,2025-02-01T01:40:18
28051,83903,2025-03-15T12:47:17
6896,42686,2025-04-29T14:49:37
42574,40151,2025-09-10T19:24:18
10656,90092,2025-03-30T00:45:06
3213,96840,2025-02-01T13:33:51
39738,68419,2025-08-06T10:38:06
10935,40420,2025-07-11T16:30:40
13140,55560,2025-05-06T02:36:49
22533,15825,2025-05-02T22:50:51
34361,78245,2025-02-08T00:46:36
5431,8920,2024-11-07T05:40:47
9082,16110,2025-09-16T04:23:16
13464,49970,2025-10-30T02:02:17
35190,57433,2024-11-19T18:31:55
31405,90114,2025-01-10T01:11:09
9064,65101,2025-10-03T09:01:32
7253,59002,2025-07-06T17:34:22
16476,88097,2025-10-03T00:50:33
36881,64546,2025-01-04T23:15:20
21463,53799,2025-07-22T15:26:38
2082,72173,2024-11-20T13:42:50
13736,4096,2025-05-15T13:45:33
33616,93380,2025-07-09T00:20:37
46163,72479,2025-05-20T15:52:41
25093,40839,2025-05-14T22:45:10
6923,11647,2025-08-19T17:50:23
1885,53079,2025-09-12T06:38:12
8955,50110,2025-03-07T09:45:49
10449,74800,2025-04-16T17:45:19
40043,50622,2024-12-11T00:28:06
32106,80494,2025-09-14T07:06:13
39653,53601,2025-07-24T14:00:46
49330,86972,2025-03-22T17:39:05
24780,62889,2025-05-02T19:22:04
41067,38602,2024-11-24T22:19:51
19250,59264,2025-02-18T13:56:13
24770,89667,2025-02-13T04:03:45
33990,47721,2025-04-27T14:12:00
7650,14046,2024-12-28T18:32:10
38694,64905,2025-04-14T04:56:04
35224,23768,2025-07-17T03:53:35
14247,4480,2025-07-10T09:29:15
44556,41291,2025-06-09T19:56:32
21703,62645,2025-08-28T21:37:16
29053,48088,2025-03-22T20:53:26
42463,46726,2025-04-25T10:31:06
5350,25024,2025-10-07T04:05:44
41403,32621,2025-03-26T12:59:25
28174,72857,2025-01-14T15:04:59
34861,61039,2025-10-02T15:17:06
605,21100,2025-06-25T10:43:54
18459,20598,2025-03-12T20:36:12
7410,12446,2025-06-11T20:51:32
27806,14775,2025-07-08T15:58:26
8886,81145,2025-08-16T09:52:04
4208,29533,2025-02-04T04:02:40
45708,5158,2025-10-05T08:20:06
6649,87259,2025-07-29T14:44:09
41327,48772,2025-09-28T19:43:58
13068,34780,2025-06-26T01:46:31
34052,74785,2025-08-18T17:49:47
4557,34207,2025-06-09T03:31:32
27851,47040,2025-10-28T06:00:13
14293,39919,2025-06-20T18:30:16
21138,95816,2025-11-05T15:14:28
14692,6632,2025-01-13T16:06:50
34900,14030,2025-03-22T19:49:29
1267,35266,2024-12-13T02:42:26
39070,28653,2025-02-17T13:29:40
29678,13297,2024-11-20T02:34:41
4422,53288,2024-11-25T12:21:06
46709,37090,2025-03-08T16:16:19
13567,42357,2024-12-14T08:46:50
21152,20026,2024-12-09T23:31:05
25529,73194,2025-08-09T13:44:29
21685,42579,2025-07-26T00:31:10
47281,42815,2025-04-29T15:06:42
28648,2608,2025-06-10T03:55:59
29060,27708,2024-12-01T18:08:56
28166,84217,2024-11-26T01:25:27
31186,48606,2025-01-06T17:42:37
49609,13296,2025-05-25T00:10:50
2869,66997,2025-09-16T22:58:31
40521,9414,2024-12-14T02:34:37
2987,19503,2025-09-08T05:30:30
17428,82548,2025-04-12T10:18:12
18425,25203,2025-03-17T23:39:33
37518,99739,2025-03-07T04:26:23
36742,13418,2025-01-27T16:29:27
21826,74272,2025-10-21T23:58:30
17426,91256,2025-06-01T07:12:59
4462,99923,2025-04-19T08:12:40
3490,86716,2025-07-18T17:42:01
4400,6121,2025-02-09T13:22:26
48554,53256,2025-05-18T11:49:19
26593,20108,2025-06-05T22:59:47
28294,27638,2025-03-23T09:50:40
5231,5022,2025-10-26T13:52:48
28248,1336,2025-03-16T08:15:39
40498,80668,2024-11-11T15:55:01
11960,31677,2025-07-31T11:27:27
48614,84170,2025-10-04T09:21:25
28440,86629,2025-01-19T09:01:10
38248,18529,2024-11-27T21:08:25
45725,84679,2025-06-09T08:10:33
20847,96713,2025-08-28T00:22:39
47742,59403,2025-02-26T15:40:50
33161,12411,2025-01-11T23:58:10
17832,15044,2024-11-19T17:20:56
38285,30727,2025-07-01T00:13:16
40707,21829,2025-01-24T16:48:43
22238,26371,2025-08-03T10:40:12
19834,69607,2025-09-11T20:04:28
43963,85556,2025-04-23T19:15:45
48085,96411,2025-02-12T21:50:26
28483,52379,2025-06-03T12:26:25
31714,32913,2025-01-29T17:58:49
37181,28180,2024-11-19T02:20:40
18994,35100,2025-10-30T08:43:51
44770,81370,2024-12-09T06:36:04
29873,24861,2025-05-22T22:49:59
2999,73351,2025-04-15T19:06:49
40690,56789,2024-12-04T08:54:33
494,4620,2025-10-30T14:14:36
12001,8481,2025-05-20T16:45:51
14277,85005,2025-04-17T14:32:16
47235,28426,2025-08-21T07:59:49
41461,39848,2025-05-02T14:54:28
12161,6293,2025-07-06T17:01:23
34355,84151,2025-08-31T18:55:10
26453,20033,2024-12-08T05:57:55
27579,20008,2025-11-06T02:15:12
46821,53984,2025-06-03T02:57:43
48592,21025,2025-03-16T02:46:09
34217,75197,2025-04-13T08:09:56
1837,30341,2025-06-04T09:43:12
43368,27483,2025-07-15T12:35:17
2428,83290,2025-09-16T20:16:10
37984,76738,2025-03-26T00:27:28
28125,76707,2025-04-20T04:49:42
43969,82568,2025-02-11T11:00:07
34538,75297,2025-03-08T20:32:35
37199,35513,2024-12-11T11:00:31
14561,21463,2025-04-17T13:45:21
35631,23551,2025-08-17T11:00:41
18660,81516,2025-07-20T03:59:30
11522,38405,2024-11-16T23:56:16
4386,32371,2025-07-15T14:31:45
21579,45666,2025-02-05T22:33:58
21355,54771,2025-10-26T00:52:31
20338,78327,2025-05-28T23:13:36
9818,66828,2025-05-31T08:10:13
49568,34815,2025-04-11T22:29:09
23021,4522,2024-11-29T05:23:24
21105,84846,2025-06-05T08:55:41
16489,12805,2025-02-08T03:29:46
30306,54659,2025-01-19T03:21:32
13063,3764,2025-04-28T17:53:41
2990,64537,2025-02-21T08:08:18
11397,30687,2024-11-09T04:48:20
29300,68055,2025-11-03T10:55:59
2083,27265,2025-01-03T02:56:19
48046,53082,2025-09-11T22:19:06
28177,12200,2024-12-01T09:26:30
49242,23018,2025-08-30T01:09:52
20170,51770,2025-05-27T01:03:58
9914,44189,2024-11-13T03:58:47
19155,21296,2025-07-07T22:07:37
5190,36400,2025-06-23T12:57:28
19525,69778,2025-06-05T15:43:15
25577,89272,2025-01-15T03:50:55
28225,96814,2025-05-27T09:53:27
25625,5881,2025-08-24T04:58:56
34313,60446,2025-09-22T07:24:50
11527,78116,2025-10-07T12:54:10
14000,9274,2025-03-30T22:15:49
1171,20573,2025-07-09T13:03:27
17550,30645,2025-01-12T21:36:27
18346,72108,2025-02-19T06:29:59
32157,68106,2025-06-10T23:59:41
34648,65730,2025-02-19T05:07:48
11869,33158,2025-08-02T17:17:24
3040,10150,2025-05-06T13:17:44
20831,3223,2025-05-09T23:01:48
40488,59886,2025-04-24T20:15:14
3897,83419,2025-02-13T21:56:08
16898,2887,2025-10-01T01:47:20
40398,78651,2025-08-04T12:50:48
7926,92041,2025-08-29T04:04:24
44272,113,2025-07-07T02:54:02
40013,82538,2025-06-14T14:24:38
10578,62647,2025-03-28T23:38:46
16519,99622,2025-08-30T07:07:40
35456,97341,2025-05-21T18:19:06
24251,94813,2025-08-20T00:29:30
8872,28456,2025-04-08T04:19:41
119,94687,2024-12-14T18:00:52
49058,82983,2025-06-27T18:44:30
10410,9154,2024-12-04T05:51:43
45088,11399,2025-09-25T03:40:15
40397,31956,2024-11-07T05:48:51
13637,61908,2025-06-02T05:33:10
11788,56514,2025-03-16T14:57:51
45527,42780,2025-01-26T05:36:03
41823,9165,2025-03-30T10:03:14
14945,25054,2025-07-08T23:42:33
34894,46587,2025-07-16T13:01:19
14176,29402,2025-07-17T03:03:41
30116,95220,2025-03-27T10:33:59
45038,86668,2025-07-09T03:17:13
41859,71434,2025-10-22T14:28:50
18689,16008,2025-07-10T16:04:36
3280,84380,2025-10-28T21:42:38
41266,56861,2025-01-03T14:22:30
15427,45573,2025-07-17T23:37:18
11798,20457,2025-11-02T10:18:18
17661,3375,2025-05-15T05:58:44
42913,8192,2025-02-24T21:37:12
1113,7697,2025-02-11T02:46:01
44795,42129,2025-08-26T01:19:27
5572,33140,2024-12-23T02:43:19
8155,68967,2025-01-31T19:15:13
40965,71853,2025-10-10T23:36:17
10896,42017,2025-02-15T08:42:39
34910,14845,2025-06-08T19:45:14
48077,37566,2025-09-11T03:57:38
7916,82566,2025-09-15T14:03:08
16226,56597,2025-09-11T10:55:17
42921,84570,2024-12-17T18:12:45
10348,2500,2025-03-06T05:24:27
36690,90761,2025-01-31T12:02:11
45519,44402,2025-07-16T12:38:44
20612,16719,2025-01-30T09:41:38
31627,54327,2025-07-19T20:50:23
42587,84088,2025-09-04T20:36:32
34312,51192,2024-12-18T22:11:46
49674,78386,2025-07-09T20:59:28
15106,73214,2025-01-31T08:22:02
21763,51280,2025-02-27T12:55:32
44251,50817,2025-09-16T23:51:12
8935,99419,2024-11-23T08:14:35
49739,60341,2025-02-05T13:28:43
2353,24739,2024-12-29T00:22:16
44597,16599,2025-11-03T23:50:53
2705,8910,2025-10-17T04:19:06
17687,27508,2025-03-04T09:54:51
14106,64149,2025-09-01T11:29:40
21465,15275,2025-09-15T03:56:34
30387,72552,2025-01-31T04:13:01
10735,95725,2025-10-19T21:17:10
47982,31008,2025-09-06T02:21:30
1224,17202,2025-09-20T09:00:40
10347,45259,2025-08-08T10:25:09
46260,94480,2024-12-06T10:26:34
5847,58323,2024-12-17T17:19:19
25705,18837,2024-12-20T02:54:17
11877,23308,2024-12-14T07:21:56
44761,25070,2025-08-13T20:04:44
19200,75847,2025-05-17T00:47:34
48072,47789,2025-08-07T13:35:03
33052,39172,2024-12-13T03:21:38
16781,31091,2024-11-28T08:20:49
22899,18237,2024-11-17T12:05:07
47591,10990,2025-01-14T23:02:47
31006,44939,2025-03-23T22:14:25
16948,29111,2025-03-12T08:32:27
21322,48644,2025-01-29T22:25:18
5203,85959,2025-02-02T11:23:00
396,67525,2025-10-12T02:22:13
28777,84619,2025-04-14T22:11:35
17166,15130,2025-07-06T09:17:37
37563,83334,2025-06-20T05:00:44
47014,20915,2025-04-27T22:42:29
21811,59084,2025-03-02T18:59:42
32693,36582,2025-04-14T14:56:28
32814,25975,2025-08-21T15:19:12
45729,70469,2024-12-20T11:49:24
9383,86519,2025-05-17T13:14:11
8042,62047,2025-02-15T01:24:25
35531,1234,2025-02-08T03:43:01
7804,24819,2025-06-15T16:04:07
21841,37804,2025-02-11T01:34:50
34704,61958,2025-05-28T06:10:16
871,98047,2025-04-22T07:35:31
31792,1590,2025-03-24T01:46:46
4906,35116,2024-12-19T19:03:11
24590,76255,2025-04-28T01:20:09
32834,76203,2025-01-04T21:16:43
35917,54155,2025-01-06T04:14:09
48081,3743,2025-10-11T20:34:51
13154,40151,2025-09-05T21:02:54
13918,69914,2025-08-30T00:04:21
49153,12177,2025-10-01T04:35:55
49376,43129,2025-10-24T11:42:09
43568,18544,2025-07-10T22:49:50
19606,46764,2025-07-08T06:20:54
33723,30720,2024-12-14T16:30:38
5162,49568,2025-10-17T01:53:37
3313,72439,2025-09-12T22:28:23
45002,7370,2025-10-07T03:33:38
38536,23783,2025-02-19T15:16:06
41903,50095,2024-11-26T09:04:45
17046,59859,2024-11-26T00:08:08
17729,47385,2025-10-17T09:04:09
21856,57647,2025-10-17T04:17:07
6628,78508,2025-04-07T05:04:17
33593,47912,2025-09-29T19:58:08
8633,58795,2024-12-02T15:49:18
30831,15869,2025-06-23T09:49:37
37108,61255,2024-11-17T01:27:12
16592,58186,2025-10-14T04:22:37
16684,15895,2025-01-31T07:43:38
40494,17960,2024-12-23T20:45:12
139,78485,2025-07-05T00:16:13
21969,64094,2025-07-19T09:35:00
27919,39338,2025-01-25T07:18:27
3711,83044,2025-08-30T00:16:52
13451,39973,2025-06-14T21:48:50
29978,7878,2025-06-06T15:38:03
15987,99143,2025-02-27T21:50:26
24668,67981,2025-09-08T14:16:08
27527,43564,2025-01-26T04:13:25
1849,3638,2025-05-08T22:22:56
35838,35973,2025-10-06T15:27:02
31692,53597,2024-12-01T15:38:37
42741,15949,2025-09-25T10:47:07
11043,88540,2025-06-24T17:07:58
23062,36640,2025-05-13T18:18:59
43165,60910,2025-05-13T06:44:01
41365,90157,2025-04-26T08:34:39
40157,87489,2024-12-16T02:01:18
18470,74079,2025-05-26T23:30:46
29703,90229,2025-08-14T00:03:23
24395,74572,2025-09-27T15:37:23
12005,85062,2025-07-03T08:48:21
24114,7745,2025-08-04T21:46:49
43922,488,2025-01-15T16:44:17
39017,86109,2025-07-21T19:40:06
23954,38829,2025-03-28T23:03:47
17095,82449,2024-12-12T11:42:35
41062,81533,2024-11-25T01:41:32
25113,21337,2025-09-09T21:56:09
36826,88215,2025-08-15T20:28:32
39679,11822,2025-09-10T08:07:56
5148,37863,2025-01-02T12:04:59
38408,80171,2025-01-23T09:59:41
41876,81336,2025-02-11T20:15:24
42698,3087,2025-01-15T04:35:27
33884,4349,2024-11-30T00:38:17
35580,64291,2025-04-27T06:14:44
40019,95529,2025-06-14T04:32:21
7391,19489,2025-02-13T22:10:42
27271,75760,2025-11-06T14:18:54
42500,61080,2025-10-07T07:32:34
40290,90986,2024-12-30T21:00:52
2129,27844,2025-07-27T10:11:34
38166,44960,2025-08-20T06:08:51
19010,94591,2024-12-24T10:08:28
32889,53800,2025-09-19T00:35:03
28525,60732,2025-09-01T01:42:28
43174,89034,2024-11-30T02:36:10
8472,47671,2025-02-18T00:50:21
3682,58855,2025-09-04T02:19:55
31581,23191,2025-08-15T00:28:31
1271,96316,2025-10-04T02:56:05
13098,22630,2025-08-04T03:46:50
18046,36498,2025-02-25T17:19:59
20529,65145,2025-05-08T08:02:46
27361,3250,2025-06-28T02:49:38
6104,84897,2025-04-15T20:44:58
949,77118,2025-06-08T16:03:49
23451,45402,2024-12-05T05:56:43
21930,47265,2025-09-26T12:16:00
44855,5180,2025-05-10T13:11:16
33936,97313,2025-10-11T22:55:03
42356,54803,2025-01-15T06:39:27
15607,23388,2024-12-09T02:15:42
24986,89156,2025-04-21T17:50:32
48062,11310,2025-06-03T01:47:56
47491,61085,2025-10-15T19:03:13
22230,55626,2025-08-26T12:30:54
3937,42948,2025-05-30T05:29:08
5711,85101,2025-04-03T21:52:00
24323,74091,2025-08-21T08:47:34
22978,91745,2025-01-08T09:56:09
21080,95072,2025-07-01T15:33:14
41054,96572,2025-02-17T22:03:30
41297,85117,2025-02-15T08:27:48
26566,93258,2025-05-11T20:12:18
7373,38190,2025-08-19T12:07:02
11663,79549,2025-07-05T04:32:35
2911,25524,2024-12-01T18:03:50
41955,49942,2025-05-31T13:32:34
47927,3037,2025-10-11T09:09:41
14521,45885,2025-05-14T04:13:58
48425,62736,2025-01-12T09:37:39
18834,92057,2024-11-28T14:05:03
35452,458,2025-03-20T05:19:46
14712,63314,2025-10-03T01:23:20
43299,42008,2025-05-25T18:42:45
45330,23801,2025-10-12T04:48:36
44925,61604,2025-03-01T18:42:38
18323,10959,2025-04-18T22:45:25
13668,88222,2025-09-08T05:42:36
15542,24584,2025-03-08T04:24:21
43026,94284,2025-02-24T07:11:16
20589,53769,2025-05-09T07:54:54
15845,19460,2025-01-06T02:42:06
6372,28115,2025-04-20T07:10:10
1366,47034,2025-09-23T19:50:15
38940,87336,2025-04-20T01:06:45
31537,57871,2025-06-11T09:50:54
29488,99501,2025-10-14T18:05:35
44421,52653,2024-11-24T02:57:24
32290,41792,2025-07-24T19:13:54
20014,70347,2025-08-26T21:24:04
6491,68260,2025-04-26T21:51:38
49764,38941,2025-06-05T19:05:06
23748,11786,2024-12-01T23:55:59
20278,72587,2025-02-03T09:31:01
26197,27193,2025-03-09T22:18:04
44556,11668,2025-05-04T16:21:27
41120,50059,2025-04-07T05:19:06
18556,58720,2025-05-22T10:54:33
46494,91259,2025-09-07T16:55:54
24172,298,2025-03-08T23:43:04
4907,79259,2025-07-17T19:42:14
2519,93302,2025-01-29T13:46:35
32594,41759,2025-10-09T01:49:30
25278,27115,2025-04-13T01:21:56
38559,25948,2025-03-09T14:52:26
9711,5587,2025-08-17T12:00:24
43242,58222,2025-10-12T19:56:44
46137,20370,2025-03-30T22:39:33
19188,9759,2025-01-27T23:48:29
7312,75954,2024-11-07T10:37:48
18564,97746,2025-10-07T02:28:16
19881,45038,2024-11-20T13:37:09
16514,9055,2025-10-24T09:30:58
24060,51808,2025-04-21T04:37:47
122,4115,2025-04-05T13:50:08
27599,12427,2025-09-29T05:35:53
14929,40678,2025-05-20T22:20:55
25164,64700,2025-10-24T10:15:13
853,15156,2025-07-21T09:05:21
40320,32883,2024-12-01T14:11:13
23698,14556,2025-05-23T20:55:33
1321,22139,2025-07-04T10:10:54
9098,76855,2024-12-30T19:12:19
9172,59539,2025-02-08T19:13:13
32485,17758,2025-08-29T14:06:34
18805,73381,2024-11-19T23:09:16
30040,54926,2025-10-12T11:20:39
36292,1190,2025-05-01T07:03:42
25017,15651,2025-10-06T18:00:22
4413,6072,2025-04-16T06:50:10
24511,78414,2025-06-23T12:57:53
8696,64125,2025-01-24T02:14:03
16902,86084,2025-09-22T06:03:09
18115,45987,2025-08-11T13:37:06
3834,32295,2025-07-16T15:08:06
22378,65561,2025-04-05T22:08:14
7148,99761,2025-06-26T21:59:04
19075,32548,2024-12-29T00:09:49
47135,73394,2025-05-05T03:22:31
44749,77276,2025-08-30T12:17:32
7606,63963,2025-09-11T13:16:22
24279,30711,2025-03-10T13:02:32
7807,118,2025-01-24T10:27:23
14675,28315,2025-05-08T07:39:34
38336,32623,2024-12-30T12:35:02
9912,95727,2025-04-27T07:18:31
29426,97347,2024-12-03T06:34:27
22932,72510,2025-01-26T15:48:28
44951,98523,2025-11-03T09:20:47
10678,67011,2025-01-09T21:25:11
15963,7858,2024-11-16T12:11:31
16741,92638,2025-04-14T00:29:35
40608,92125,2025-06-25T14:32:50
18207,47114,2025-05-12T08:31:46
18534,82068,2025-04-08T22:51:24
8423,33752,2025-07-31T19:56:22
8275,35458,2024-12-04T02:29:54
45302,15236,2025-03-09T11:16:21
36925,96554,2025-03-30T08:41:21
22535,89450,2025-10-06T09:21:23
47216,54603,2025-05-30T12:27:36
10788,27515,2025-07-07T19:59:04
27676,4796,2024-11-11T17:51:03
42685,95965,2025-06-10T12:26:10
9151,53197,2025-04-13T09:23:51
24627,60378,2025-10-08T08:35:13
26993,38153,2025-02-07T05:25:06
10103,16956,2025-03-05T03:39:05
41192,1018,2025-06-13T17:35:55
46526,46089,2024-11-11T12:57:33
18571,48518,2025-05-03T22:24:42
31948,32420,2025-04-24T21:40:47
4231,76178,2025-02-18T13:37:29
18509,5239,2025-01-01T22:58:05
34211,68343,2025-01-07T12:21:02
35225,23940,2025-04-07T13:02:33
2423,55054,2024-11-18T10:27:23
22315,62468,2024-12-25T08:27:47
45512,81790,2025-08-24T21:36:01
1485,79946,2025-10-10T17:39:49
35110,74340,2025-06-07T07:32:09
932,33238,2025-01-20T15:24:50
38331,84621,2025-05-25T12:33:48
47104,54854,2025-10-06T01:25:34
28994,41839,2025-03-08T15:56:21
47186,62848,2024-11-16T16:32:25
39654,10658,2025-05-20T13:12:52
1707,1720,2024-12-09T10:17:30
24040,94113,2025-09-16T12:23:18
8418,94044,2025-03-10T07:06:17
16441,46981,2025-01-25T06:34:37
45107,53044,2024-12-07T01:55:24
3763,19287,2025-10-09T19:08:09
35899,82078,2025-10-25T05:30:22
45555,9191,2024-12-31T16:47:26
48961,99344,2025-07-23T18:12:08
32930,49023,2025-07-23T08:15:47
5019,23614,2024-11-18T01:13:42
41411,18864,2025-02-04T11:16:33
45630,11596,2025-09-21T04:27:31
5824,75659,2024-11-17T16:32:02
10190,64326,2025-09-07T15:33:40
37955,39937,2024-11-09T04:09:19
11797,52472,2024-11-10T03:42:09
12051,11508,2025-06-19T06:56:04
32330,31211,2025-04-02T02:36:00
16298,21699,2025-10-23T23:30:42
14285,48197,2024-11-10T04:29:13
25759,85552,2024-12-21T14:54:14
726,53646,2025-10-07T21:38:17
2119,16707,2025-06-15T02:08:02
48338,80536,2025-07-29T06:13:07
48740,80686,2025-07-02T22:48:29
20363,54820,2025-05-08T13:22:58
10387,31123,2025-10-04T18:05:46
41057,99378,2025-08-07T10:29:40
7608,67885,2025-09-29T22:05:43
44152,64530,2025-07-30T05:19:10
23,81458,2025-10-12T19:07:41
46035,54395,2025-09-07T02:03:54
5714,91436,2025-07-20T07:37:58
25751,93589,2024-12-20T17:25:08
14340,75523,2024-11-20T23:09:42
12665,68808,2025-07-22T04:13:11
48727,74304,2025-10-30T06:27:56
35666,59950,2025-01-14T15:05:11
17342,43880,2025-04-03T16:04:56
41612,8055,2025-06-29T04:51:21
41587,64520,2025-05-03T03:32:27
33202,6767,2025-09-21T15:46:52
41364,84732,2025-01-15T17:58:55
41338,44130,2025-02-28T09:57:07
22073,98157,2025-04-07T13:20:30
6957,84320,2025-04-14T14:42:37
4268,8765,2025-04-07T14:03:43
17414,12559,2025-08-09T19:19:36
26421,48249,2024-12-26T06:58:39
39726,62948,2025-07-11T12:15:52
36962,95137,2025-07-22T14:43:15
21951,67884,2025-03-30T14:12:48
8214,28744,2025-04-09T19:54:51
48509,80463,2025-02-19T02:31:03
41937,72814,2025-03-03T13:30:48
7471,35187,2025-08-27T11:44:04
44167,25800,2025-07-30T17:26:03
44470,29192,2025-07-26T04:58:03
45945,22891,2024-12-22T10:35:47
40556,7605,2025-09-27T02:53:16
31581,46904,2025-02-01T09:40:33
9087,4154,2025-10-13T07:40:32
25544,54689,2024-11-08T01:51:56
19415,57687,2025-09-06T15:47:00
39415,23607,2025-07-10T06:36:29
3108,14721,2024-11-06T19:48:47
46219,84853,2025-07-18T08:01:31
19784,30839,2025-04-10T21:50:45
605,30853,2024-12-23T18:20:46
677,56082,2025-01-05T20:32:49
36179,70719,2024-12-22T13:33:11
24194,19515,2025-03-28T23:42:47
452,66230,2025-08-01T11:54:40
28173,31066,2025-01-03T18:04:13
25297,50439,2025-10-02T04:47:15
6406,49076,2025-01-13T14:23:15
872,6481,2025-10-12T07:19:15
17170,65292,2024-12-03T18:24:55
27638,7347,2025-07-04T17:02:05
5255,5601,2025-10-21T14:21:37
21600,26898,2025-07-25T09:07:31
31565,54230,2025-09-11T13:11:56
40116,30131,2024-12-29T18:19:44
27318,64289,2025-10-21T14:54:46
49007,57084,2025-03-28T14:37:46
15197,85143,2025-10-14T20:59:24
4633,96934,2025-07-11T15:03:54
8383,13539,2025-10-08T10:41:36
8487,53104,2025-01-20T18:47:46
1008,87572,2024-12-11T10:49:07
3193,45700,2025-02-26T04:08:47
45039,2943,2024-12-02T00:40:06
36788,93179,2025-07-13T03:32:30
26787,15493,2025-02-09T01:25:59
7828,73741,2025-10-08T12:55:38
1600,9951,2025-05-15T09:59:47
24874,85842,2024-11-07T20:48:37
32961,38776,2025-07-16T06:23:43
30189,39124,2025-03-27T06:03:14
4083,70098,2025-08-24T05:31:31
25644,61414,2025-04-06T16:29:47
27035,57010,2025-05-25T07:21:54
25173,99864,2025-03-12T15:13:01
9477,53674,2025-07-07T04:04:43
3953,44465,2025-05-22T10:41:26
32094,76120,2025-02-13T23:20:41
8442,65172,2024-11-30T05:34:33
25644,15117,2025-03-22T03:38:46
11931,31560,2025-06-17T22:34:56
45232,13774,2025-04-10T04:49:12
20730,69109,2025-06-23T19:39:11
11103,67830,2024-11-27T08:30:36
49801,19410,2025-03-04T12:57:19
35692,79332,2025-03-09T21:49:05
35113,77518,2025-02-26T12:56:55
6876,88786,2025-10-22T04:17:07
6022,50896,2025-01-08T10:08:53
27128,76227,2025-07-08T11:13:23
34901,75770,2025-01-18T10:49:34
5804,64756,2025-03-25T21:23:39
24515,84992,2025-03-07T13:22:32
1260,68056,2025-05-14T08:29:37
24681,2279,2025-07-22T10:04:02
15624,43145,2025-02-05T03:46:30
1067,69063,2025-03-25T17:39:58
42047,52678,2025-09-20T07:51:25
30361,57727,2025-08-22T15:04:42
45672,74033,2025-07-14T06:02:05
40332,25188,2025-05-04T10:00:45
7741,59969,2025-07-22T06:41:15
28321,98641,2025-01-15T01:49:35
11120,99023,2025-01-20T01:35:02
37842,94091,2024-11-20T21:28:10
35092,81593,2025-01-06T02:24:45
16868,82955,2024-12-02T10:28:23
16585,19169,2025-10-29T17:24:48
23316,17294,2024-12-05T05:41:45
14676,21242,2024-11-28T22:50:04
11965,40951,2025-07-06T09:17:48
4239,80900,2025-05-14T07:56:37
39528,42098,2025-11-03T06:03:47
46435,42526,2024-12-15T22:57:31
5618,96761,2025-07-25T17:18:53
10822,67890,2025-07-28T12:54:23
32501,34438,2025-05-13T15:04:22
17016,98684,2025-02-08T08:01:58
29088,74886,2025-06-24T16:47:27
38928,70307,2025-02-03T10:35:29
44822,79626,2025-07-18T21:41:39
25536,86527,2025-06-06T03:40:27
3158,20058,2025-07-29T04:35:52
19457,68944,2025-01-25T17:14:48
30991,16429,2025-03-19T07:54:28
6496,72945,2024-12-30T06:44:04
33033,95511,2025-09-01T03:49:12
21784,18134,2025-07-30T11:12:53
48821,90604,2025-03-28T13:47:30
3090,18051,2025-04-08T12:34:28
29650,6169,2024-12-23T23:10:10
6826,45741,2025-05-21T06:17:44
9136,56104,2024-12-25T05:56:27
22977,91299,2025-09-14T01:10:47
34067,46102,2025-05-04T13:16:40
9987,27860,2025-10-06T19:04:48
30663,72153,2025-10-05T20:07:11
1567,19120,2024-11-22T21:19:37
13261,46672,2024-12-06T08:29:22
26093,73722,2025-05-30T14:46:20
20445,42420,2024-11-18T18:16:18
33103,52674,2025-09-29T00:08:02
17077,3334,2025-10-24T13:03:54
48673,54815,2025-07-17T05:23:38
37482,20586,2024-11-08T14:35:20
13378,52261,2025-06-07T03:01:47
37998,53982,2025-07-08T12:30:54
42631,72932,2025-09-23T15:27:58
29082,42756,2025-03-27T10:28:41
34303,40486,2025-05-20T05:03:16
35494,40806,2025-01-18T17:10:43
48746,17749,2024-11-18T17:10:37
11656,32827,2025-03-10T10:53:20
6542,85102,2025-09-01T10:25:22
6370,10161,2025-09-25T23:40:05
24417,40056,2024-11-08T04:47:49
6933,52536,2025-05-27T00:15:37
27523,7977,2025-03-18T06:47:50
35593,15855,2025-09-04T02:13:17
13166,12328,2025-04-04T17:47:14
971,43255,2025-09-03T22:47:11
8199,68961,2025-01-19T12:24:52
44221,10508,2024-12-21T17:04:02
43139,11166,2025-06-17T10:43:22
29991,96879,2025-01-12T18:56:38
16799,83205,2024-11-15T16:35:27
5990,64251,2025-03-26T00:38:06
12866,77875,2025-09-09T03:05:56
43969,98187,2025-07-05T18:14:48
15844,37736,2025-07-28T23:47:12
32434,95790,2025-05-03T20:54:36
43759,42775,2025-09-02T02:37:32
32869,30115,2025-10-31T07:07:18
5800,4574,2025-04-07T16:44:29
5442,59690,2025-05-10T11:54:22
12292,66061,2025-05-17T18:29:06
45479,73856,2024-11-08T10:31:13
5479,21579,2025-08-17T07:56:36
31016,4662,2025-02-05T06:06:28
27194,59246,2025-10-26T12:47:58
49154,48065,2024-11-07T11:01:36
27168,54733,2025-07-07T03:43:36
28492,90591,2025-04-24T01:26:47
24937,7692,2025-02-06T13:57:44
29172,77093,2025-01-09T16:36:34
26073,45267,2025-06-26T04:06:51
13928,76048,2025-09-11T06:11:01
4393,8349,2025-07-19T19:02:09
14312,62783,2025-04-10T19:00:59
37004,6791,2025-11-05T10:12:55
34649,78628,2025-07-30T18:34:51
14987,75957,2025-07-08T21:22:23
2766,23664,2025-09-15T12:01:03
33590,97488,2025-03-17T02:58:54
30709,15214,2025-08-26T01:00:52
43431,57911,2025-02-10T20:54:29
45240,54315,2025-10-26T18:41:35
29034,84220,2025-10-14T03:39:57
23211,14174,2025-04-29T20:48:03
34219,49749,2025-07-25T00:13:37
12216,26058,2024-11-24T15:14:02
32345,4242,2025-01-21T11:11:25
19050,62463,2025-04-28T22:07:31
27871,56658,2025-06-09T14:42:31
32628,56183,2025-04-21T20:08:06
23799,55161,2025-05-14T13:05:44
483,53138,2025-02-19T10:07:49
8034,19391,2025-04-04T05:47:36
43579,29664,2024-11-11T05:55:50
14341,41384,2025-10-25T18:18:25
19090,71611,2025-10-28T07:06:18
14861,84727,2025-06-04T22:00:17
19590,69456,2025-04-28T03:45:46
2379,66669,2025-04-27T18:11:05
15753,32167,2025-07-20T08:48:23
34734,48490,2025-06-06T11:13:43
26968,50021,2024-11-12T13:39:28
6562,90440,2025-06-06T05:40:14
242,73534,2025-06-14T00:24:48
29749,80328,2025-02-27T00:21:07
48019,39098,2025-09-21T00:42:15
32411,84296,2025-09-07T17:56:21
19997,96120,2025-06-21T01:01:48
25816,60407,2025-10-07T11:25:53
2163,94536,2025-06-15T16:32:48
42292,49092,2024-12-16T09:44:09
13890,42828,2025-06-22T09:00:15
14277,59712,2024-12-06T23:15:02
37885,52792,2025-01-18T18:27:05
46106,26238,2025-08-23T15:38:59
6069,63255,2025-05-12T13:46:03
24141,66097,2025-10-08T00:18:47
49702,30230,2025-07-28T09:20:37
19144,83024,2025-05-06T07:37:25
21654,23276,2025-04-05T02:51:36
40075,62059,2025-07-21T01:39:25
29473,72608,2025-03-28T14:13:22
16977,45639,2025-05-13T07:07:34
29450,7201,2025-03-04T07:02:18
20039,84014,2024-12-15T12:18:24
16775,81358,2024-12-21T01:49:05
42734,17723,2025-05-02T18:17:00
10088,46913,2025-08-27T17:11:57
13742,93222,2025-08-13T03:18:31
16267,46226,2025-09-02T11:40:54
29596,72949,2025-05-18T20:47:03
4606,70606,2024-11-10T12:53:00
29232,80470,2025-04-16T22:21:50
9422,75137,2025-03-27T20:49:43
6623,37827,2025-03-14T01:47:52
38831,50833,2025-04-14T02:21:57
2467,55845,2025-06-26T20:59:21
4179,73939,2025-05-05T05:10:55
7447,77453,2025-07-25T09:39:35
38609,73877,2025-06-15T04:32:02
42582,6924,2025-10-21T00:14:54
19619,79868,2025-07-20T20:47:51
39208,9972,2025-09-19T14:34:57
46082,26701,2025-05-15T12:56:53
3577,47858,2025-01-11T03:17:42
10841,13057,2025-07-29T13:28:39
13585,94270,2024-12-29T12:30:58
5638,9533,2025-01-08T22:05:46
46711,50654,2025-03-22T23:22:03
28175,94032,2025-07-11T18:14:44
3707,18395,2025-06-06T22:29:28
14927,23440,2024-11-12T11:24:05
11566,59194,2025-05-22T16:52:54
20307,12610,2025-04-03T22:50:21
33372,26045,2025-02-27T12:12:38
12672,53797,2025-06-27T19:26:34
11614,45533,2025-01-05T02:19:53
44673,96649,2025-04-21T17:28:25
46725,25976,2025-04-26T01:41:39
30497,58392,2025-06-28T22:25:38
32167,72827,2025-01-22T15:45:49
25898,98632,2025-10-07T19:31:35
33997,33909,2025-09-24T11:00:15
22951,29774,2025-01-27T04:18:51
40503,40419,2025-04-24T08:18:48
9515,52895,2025-09-08T10:26:02
24894,86620,2024-11-29T09:15:56
43342,22067,2025-08-27T19:59:33
29109,27595,2025-09-06T02:28:55
36189,73599,2025-02-27T17:34:56
26994,6374,2025-03-08T12:25:24
34752,8769,2025-05-10T21:14:07
41270,96265,2025-07-02T20:11:44
49504,96182,2025-07-06T11:04:25
3530,57516,2025-09-10T16:29:59
34423,48000,2025-10-05T17:01:08
3214,93385,2025-08-13T23:16:31
27776,55163,2025-11-01T03:02:40
41148,89745,2025-02-01T08:59:05
19375,75450,2025-06-21T21:57:12
37136,1760,2024-11-24T09:26:47
45774,26745,2025-07-29T10:38:17
18444,20619,2024-12-13T06:40:36
42511,44614,2025-10-08T03:07:26
41538,94942,2025-10-18T05:14:24
5566,96367,2025-02-19T15:23:14
6781,77633,2024-12-18T18:13:00
8213,91864,2025-01-03T17:03:17
49873,25836,2025-05-08T07:06:45
29545,40306,2024-11-10T15:03:05
39879,34506,2025-10-23T12:43:31
33125,45517,2025-09-12T00:06:46
43136,58635,2025-05-12T11:24:41
44635,83960,2025-07-06T05:55:30
25565,27900,2025-02-26T01:09:08
18190,16188,2025-04-24T03:36:00
29833,99712,2025-07-12T12:01:50
14191,5240,2025-04-30T21:27:26
6458,12060,2025-11-06T14:20:44
27971,31755,2025-08-20T12:39:49
29280,12403,2025-07-31T13:02:35
33777,56897,2025-07-02T17:24:57
14992,7459,2024-11-11T14:51:36
24758,59341,2025-06-17T09:08:04
17407,93084,2024-12-29T16:52:16
41954,56049,2025-07-16T09:34:41
1850,37315,2025-03-12T01:00:21
19866,86845,2025-01-05T00:22:34
26731,49767,2025-06-29T02:45:21
31356,83954,2025-09-30T18:41:05
2575,77043,2025-08-28T23:06:19
16661,15807,2025-08-11T17:18:49
3134,93392,2025-04-05T21:49:08
25074,95146,2025-05-08T15:47:40
34817,92189,2025-01-13T14:53:18
3833,76543,2025-02-21T00:40:57
9717,49870,2025-05-25T15:03:20
46268,86418,2025-10-14T04:22:35
22268,35762,2025-04-06T08:39:12
986,39570,2025-07-01T05:48:47
15569,25771,2025-06-16T01:51:05
12540,36240,2024-11-19T22:00:10
32035,30891,2025-03-26T14:42:41
44708,6448,2025-02-08T22:18:33
11057,38286,2025-05-04T22:00:54
28652,15823,2025-10-29T19:06:29
14082,70275,2025-10-05T02:45:12
16322,73412,2025-10-05T03:14:14
49301,7476,2025-08-15T11:42:30
8754,1933,2025-01-14T14:20:11
39857,59896,2025-04-25T18:55:57
39769,65040,2025-09-09T13:35:23
44310,13307,2025-06-02T18:24:13
43613,66183,2024-12-04T23:22:13
8618,82442,2025-07-22T13:47:39
31329,88517,2025-07-23T04:30:48
11322,93326,2024-11-16T16:54:24
26361,8229,2025-08-06T09:16:34
29042,46511,2025-08-07T15:16:21
35441,68173,2025-06-02T03:08:40
43659,95954,2025-07-10T12:53:55
5092,78699,2025-07-29T20:07:14
17484,92508,2025-03-01T19:08:31
45941,8503,2025-09-13T03:30:46
24862,87668,2025-03-15T05:25:14
7505,74804,2025-09-27T03:14:38
17786,72540,2025-08-09T08:46:50
30171,59708,2025-05-25T08:13:02
17948,67167,2025-08-18T23:06:19
44757,90753,2025-03-07T08:11:05
35675,92584,2025-09-15T11:23:00
15367,66940,2025-06-12T06:32:51
22186,611,2025-10-06T22:10:57
2683,90629,2025-03-06T01:58:14
9349,11349,2025-07-21T12:55:37
6543,39057,2025-02-07T21:35:23
24143,65341,2025-07-24T21:02:24
13647,56540,2025-03-14T00:20:00
37230,10187,2025-02-10T15:03:39
1837,507,2025-01-23T14:54:28
44449,49094,2025-07-20T14:18:51
10809,16396,2024-12-15T06:48:59
27645,41928,2025-03-04T14:35:22
13644,76051,2025-03-21T12:25:44
17921,46223,2025-08-09T08:58:12
48126,29858,2024-12-28T05:16:41
42334,29126,2024-11-27T02:58:50
37247,61823,2025-01-28T10:41:50
43441,68064,2025-09-17T09:37:03
39838,3759,2025-06-09T12:00:37
6051,78217,2025-05-21T07:12:29
47162,62759,2025-10-16T09:34:59
11789,15943,2024-11-24T15:06:09
1957,81950,2025-10-25T16:11:38
45322,47368,2025-08-02T12:55:42
19769,17104,2024-12-19T10:29:23
7595,83404,2025-05-08T22:14:16
42531,92464,2025-02-04T05:38:12
24760,64404,2024-12-13T09:29:04
47954,51579,2025-03-16T19:33:16
25222,53257,2025-11-01T07:21:41
20585,286,2025-02-09T10:23:39
24593,70360,2025-01-12T12:37:36
48371,57513,2025-05-26T13:57:54
14249,2937,2025-02-18T12:02:01
27926,93613,2025-09-03T23:30:47
16766,66889,2025-09-22T08:45:03
47632,72672,2025-07-02T21:08:57
1794,25291,2025-09-15T12:00:14
1424,56504,2025-01-26T14:51:40
33563,13525,2025-04-25T06:30:44
8346,7806,2025-08-31T06:22:33
10186,31037,2025-04-21T22:19:38
45084,1482,2025-11-05T16:23:20
41904,76351,2025-05-09T03:16:28
6265,84851,2025-02-20T21:36:31
27575,57250,2025-09-15T03:05:39
36527,78639,2025-03-11T20:31:48
10487,87284,2025-08-03T15:06:30
13290,53046,2025-07-11T02:27:34
35713,83669,2025-04-05T11:01:39
41976,73183,2024-12-01T17:35:45
31521,25941,2025-05-18T22:00:18
42022,44413,2025-10-19T19:32:55
18936,1185,2025-01-11T18:27:24
48288,28849,2025-07-27T06:39:56
34587,82168,2024-11-12T12:48:44
788,66499,2025-03-30T01:56:31
5627,89158,2025-01-29T00:56:00
47619,55293,2025-01-24T02:42:15
4727,867,2025-07-14T02:18:33
39647,51470,2024-11-28T19:50:41
26540,53223,2025-03-07T12:47:31
46529,55548,2025-09-11T11:14:42
17725,28369,2025-04-23T00:39:43
23398,44173,2025-03-06T14:40:04
46248,10869,2025-09-27T01:00:27
36707,60243,2025-10-27T09:01:26
4742,39721,2025-08-22T13:39:54
5914,25618,2025-01-12T04:54:53
13494,62381,2025-08-26T06:46:39
31661,46455,2025-05-03T01:16:46
48047,8963,2025-08-31T10:28:27
22440,14253,2025-03-09T22:33:59
25336,40290,2025-05-28T20:48:07
31006,48945,2025-01-27T10:29:01
32257,34559,2025-01-31T12:49:53
38169,47123,2025-06-13T20:43:14
1721,89321,2025-01-14T00:53:47
5354,34450,2024-12-05T23:42:00
2639,49680,2025-06-08T15:50:40
5138,67974,2025-08-12T04:43:18
42375,94209,2025-06-01T20:55:02
31255,80521,2025-08-07T13:17:07
32608,89439,2025-02-16T09:02:32
33872,39643,2025-04-30T18:50:03
23992,44835,2025-07-18T13:56:30
14718,95883,2025-10-20T18:47:35
1543,20834,2024-11-30T00:36:01
12338,26604,2025-03-24T06:13:19
14485,12789,2025-02-11T07:05:24
17980,69568,2025-07-04T09:05:05
26235,83263,2025-01-24T10:00:23
46230,6056,2024-11-10T07:54:58
47456,52946,2024-12-29T17:17:44
49913,38752,2025-09-23T12:07:33
42554,95480,2025-06-04T09:35:23
42219,91409,2025-03-27T13:14:09
44079,44429,2025-08-19T15:12:10
14399,7996,2024-12-18T21:44:45
31566,67518,2025-03-23T05:31:02
42183,97462,2025-04-22T21:38:48
49764,90757,2025-02-06T06:47:46
34586,68248,2025-04-25T15:29:26
25658,41985,2025-10-29T23:09:59
7867,11646,2024-11-29T10:22:47
38646,52917,2025-09-10T04:30:09
34340,39038,2025-07-01T08:15:58
5651,86934,2025-05-09T18:03:08
36585,85874,2025-03-08T23:19:48
29977,34027,2024-11-15T19:36:06
15742,16450,2025-06-09T08:36:10
33641,44817,2025-09-22T07:32:50
41416,70880,2024-12-26T03:54:53
22854,55223,2025-02-17T12:25:13
44706,44066,2025-03-22T05:20:22
29945,70077,2024-12-14T18:42:41
7237,46317,2024-11-23T20:21:29
11501,18436,2025-02-08T08:14:56
45329,58781,2025-09-16T00:41:00
38204,90078,2025-07-25T07:01:59
14889,41141,2025-02-24T03:14:52
6319,97898,2025-01-24T09:42:06
37038,6765,2024-12-08T21:35:38
30091,47421,2025-05-28T14:54:49
44029,59560,2025-07-08T04:49:16
31190,59856,2025-03-12T23:43:55
39188,9579,2025-10-14T20:51:28
15600,67385,2025-06-15T08:35:23
26556,56968,2025-10-06T19:54:04
31002,61752,2025-05-30T15:16:57
30496,1028,2024-11-18T23:01:55
18730,56709,2024-11-26T05:21:13
10803,66974,2025-03-09T00:44:47
28309,60962,2025-03-27T06:16:11
9689,32353,2025-07-26T07:09:41
12520,92252,2025-02-24T05:16:08
41694,323,2025-01-13T09:35:01
14663,23407,2025-04-17T13:17:11
4375,76923,2025-06-03T07:41:25
17048,11158,2025-09-20T07:33:05
40402,50047,2025-02-14T00:25:09
20053,97618,2025-09-04T12:33:44
12858,65027,2025-09-29T08:10:23
2306,35338,2024-11-11T02:33:37
17500,9581,2024-12-24T17:29:33
48660,86337,2025-04-30T12:50:48
17098,24442,2025-01-16T02:48:40
26591,45009,2024-11-26T02:12:27
1145,28711,2025-07-20T03:12:42
12015,85083,2025-10-03T17:00:16
42045,27504,2025-10-04T15:03:07
36734,98866,2025-07-16T18:33:37
41710,18506,2025-05-21T16:38:58
40535,94872,2024-11-11T12:00:39
13267,671,2025-03-20T01:40:51
17869,59605,2025-07-04T05:59:57
7320,33129,2025-05-26T03:24:24
629,40975,2025-03-21T11:58:13
30858,4757,2025-04-07T12:58:48
4352,45111,2025-06-12T20:04:02
38146,11359,2025-07-19T12:11:50
24033,72169,2024-11-30T19:36:13
6638,66002,2024-11-15T07:00:07
7226,59930,2025-10-15T07:59:24
15436,2706,2024-12-23T03:51:35
33937,50429,2025-02-01T22:55:27
11816,71529,2025-02-22T16:33:45
7074,73716,2025-02-10T20:31:10
9785,70687,2025-05-11T08:43:00
2760,41868,2025-10-31T00:06:28
14110,1669,2025-03-21T22:35:10
43158,66236,2025-05-03T02:31:55
34244,65295,2024-12-09T17:58:12
45318,22169,2025-03-25T00:33:51
26456,68898,2025-08-13T22:34:18
26188,85178,2024-12-14T15:44:44
7323,89038,2025-04-05T06:50:41
4093,28120,2025-08-17T08:20:00
49610,22255,2025-02-13T03:23:51
4707,70502,2025-01-17T09:23:07
29892,65692,2025-08-19T02:18:27
25478,42891,2025-11-01T09:23:36
45742,78543,2024-12-19T09:28:08
34025,81110,2025-08-09T01:30:39
33149,82991,2025-06-25T15:25:09
3695,30129,2025-01-28T11:19:16
27533,79748,2025-04-06T17:53:54
24465,495,2025-04-21T18:51:39
40842,61727,2024-11-27T20:33:41
17992,937,2025-10-13T01:37:58
15883,60502,2025-10-24T19:01:14
8629,45364,2025-07-09T16:55:38
32833,99513,2025-09-30T09:06:26
8249,42987,2025-07-13T05:51:21
10943,85212,2024-12-11T17:52:55
17796,81676,2025-10-19T05:49:58
36578,26320,2025-04-22T02:42:55
32978,60094,2025-10-27T20:07:57
49814,25043,2025-08-05T21:28:26
33416,31152,2025-05-19T00:03:47
7544,78862,2025-05-06T17:01:06
46775,66518,2024-11-11T08:03:57
42960,42247,2025-04-06T06:17:39
41410,82731,2025-04-18T06:37:33
33669,62209,2024-11-26T10:46:45
7823,80392,2025-07-11T23:53:50
18533,49864,2025-01-30T06:25:17
26163,68418,2024-12-05T08:06:40
14682,91881,2025-09-18T08:54:49
35050,24882,2025-02-19T23:38:38
30981,55482,2025-01-21T02:11:51
44340,46715,2025-01-24T18:35:28
44064,62543,2025-03-17T19:22:41
44797,16609,2025-11-05T21:33:54
2964,52906,2025-09-29T18:16:01
14350,76919,2024-12-27T12:34:18
41268,33505,2025-03-26T09:43:13
32806,71643,2025-06-24T06:03:27
30531,31193,2025-07-17T13:28:02
19111,8556,2025-03-09T16:21:19
23888,82349,2025-02-10T22:15:09
38370,20309,2025-02-21T20:45:38
44626,4211,2025-02-03T14:34:28
36629,86780,2025-10-12T11:27:21
34168,57607,2025-05-15T04:42:29
48931,60567,2025-07-29T09:20:37
33935,91778,2025-03-25T06:37:50
14789,33035,2025-04-29T05:51:51
29633,89176,2025-07-29T00:09:17
22191,55341,2025-03-22T17:09:27
37816,86776,2025-09-15T14:19:57
40093,47858,2025-04-20T21:04:34
7785,33967,2024-12-01T00:13:55
16597,55463,2025-08-24T21:44:02
34697,66850,2025-10-09T14:34:22
36306,1036,2025-02-22T00:36:24
29921,18566,2025-01-05T09:45:15
39315,24548,2024-12-13T22:52:22
26619,56134,2025-04-12T15:13:24
23324,48953,2024-11-24T19:36:08
47785,58274,2025-10-19T16:01:36
26712,73400,2025-10-30T21:40:43
10211,67638,2025-06-17T12:11:40
30038,20856,2025-10-22T01:15:00
21295,98243,2025-04-26T09:16:37
49713,76128,2025-10-06T00:07:53
22752,81587,2025-08-30T18:06:48
10278,59307,2025-03-18T00:07:34
2526,4754,2025-10-10T17:56:23
30644,3250,2025-10-14T06:25:26
15164,16247,2025-05-18T00:50:51
30580,42765,2025-02-26T01:19:20
15612,68931,2024-12-20T17:41:22
30788,57606,2025-07-09T05:57:42
41573,88209,2025-08-22T05:26:58
42281,43580,2025-01-26T04:29:56
6848,48124,2025-07-13T19:53:48
39286,76642,2025-02-23T01:58:29
40809,69843,2025-02-01T21:21:32
954,26877,2025-10-14T08:52:23
29623,98014,2025-04-22T17:24:58
19966,61780,2025-02-21T03:03:38
15419,30602,2025-03-18T15:02:53
5706,33353,2025-01-30T05:42:53
21450,45686,2025-01-30T14:55:29
29097,25626,2025-09-29T11:26:57
49982,31512,2025-06-08T12:09:05
21981,20308,2025-05-26T22:57:15
20899,47968,2025-07-19T08:56:42
4534,3837,2024-12-22T15:44:57
16425,29373,2025-03-17T19:03:15
35576,65690,2024-12-26T22:20:08
19060,241,2025-07-18T21:57:50
24623,31807,2024-11-17T04:04:16
12749,48360,2025-02-10T09:42:04
27396,53241,2025-10-06T22:36:50
42995,48909,2025-02-26T06:31:50
16687,23166,2024-11-09T12:04:22
20486,38141,2025-08-04T01:42:32
40066,65586,2025-11-01T21:39:27
48423,92751,2025-02-11T04:32:57
34669,99814,2025-10-17T03:34:24
34883,74582,2025-08-13T18:35:42
41504,32667,2024-12-25T23:08:35
26503,94784,2025-10-11T12:20:51
28339,13356,2025-04-02T17:33:50
32505,29457,2024-12-17T16:15:23
42399,41502,2025-09-19T05:16:49
26049,81658,2025-04-07T02:20:00
47960,57924,2024-12-22T08:29:58
11485,9293,2025-04-17T01:51:54
17150,82923,2025-06-22T22:08:06
31734,51392,2025-09-16T18:26:56
34185,81180,2025-04-13T02:09:09
36832,71404,2025-07-06T02:47:19
3384,49113,2025-09-24T10:59:20
17418,13068,2024-12-01T17:16:40
35695,71602,2025-01-21T03:15:42
8108,96691,2025-07-08T04:20:40
20805,82022,2025-06-15T08:57:42
18056,86367,2024-11-24T05:15:44
41561,74982,2025-02-07T01:15:55
26276,10924,2025-09-21T18:23:19
20912,10387,2025-01-08T16:53:27
10894,69831,2025-09-09T14:26:06
18306,4091,2025-08-23T06:00:53
19059,96604,2025-09-08T01:25:27
8704,43138,2025-03-03T10:37:08
5747,3408,2025-03-20T20:16:03
24151,7040,2025-02-17T21:14:26
31509,75718,2025-07-19T03:11:17
24649,90772,2025-08-24T19:55:55
48321,39592,2025-04-19T18:37:01
24010,36230,2025-08-18T00:06:33
10756,93357,2025-08-16T10:42:35
17708,65734,2025-10-12T14:48:54
9333,70877,2025-08-28T05:09:13
34609,36850,2024-12-27T07:25:15
41867,86483,2024-12-15T03:51:56
19961,14989,2025-01-25T03:28:47
48043,35477,2025-09-04T19:48:36
39969,46958,2024-12-31T09:43:36
11278,18137,2025-04-23T19:56:29
12485,5104,2025-03-07T02:20:17
33104,37262,2025-07-31T17:07:53
19612,27562,2025-09-28T12:54:46
31569,66325,2025-03-15T04:57:35
4711,62731,2025-06-11T18:07:41
4276,73941,2024-11-30T09:27:04
8816,48969,2025-04-19T18:00:45
41692,4458,2024-11-12T11:45:43
25447,67165,2025-02-21T18:25:30
30241,85599,2025-10-12T18:00:08
26889,51047,2024-12-25T09:48:45
22841,55015,2024-11-11T07:15:21
17900,96626,2024-11-14T07:22:07
20366,41545,2024-12-27T10:27:12
27677,19148,2024-12-19T16:50:17
21431,88267,2025-04-18T10:58:37
9805,6594,2025-08-02T16:10:25
6786,17266,2025-06-10T04:45:45
4596,75099,2024-12-20T13:53:56
11973,45996,2024-11-27T02:02:53
19460,51318,2025-06-02T16:31:19
9459,86056,2025-05-29T09:53:14
37962,26128,2025-09-29T09:57:00
24890,78638,2025-08-11T22:16:44
25091,83636,2025-07-24T04:54:35
42038,68843,2025-04-07T06:40:40
43567,69033,2025-05-27T16:21:56
4156,94535,2025-04-07T17:18:11
23544,58358,2025-05-13T12:46:45
33722,44478,2025-02-03T05:59:07
21596,67766,2025-10-09T08:24:20
26361,99561,2024-11-16T14:45:06
6757,79783,2025-02-07T00:14:41
31892,33471,2025-04-30T09:10:03
39457,48514,2025-07-16T05:26:36
3727,4946,2025-01-07T11:20:23
21187,34767,2025-10-26T12:02:54
22236,80161,2025-03-19T10:58:58
784,90778,2025-04-07T17:59:08
8497,60218,2024-12-20T05:46:22
12460,64389,2024-12-27T17:33:16
35601,56214,2025-09-24T23:51:34
7332,46760,2025-10-13T19:38:16
17636,78792,2025-07-29T15:56:28
12734,50291,2025-03-20T09:24:23
37025,78402,2025-03-06T19:53:39
16656,28737,2025-08-27T22:40:41
5263,74746,2025-04-06T22:52:30
32335,68550,2025-07-28T14:05:06
30240,97755,2024-12-31T22:22:24
26588,61767,2025-08-04T16:31:03
21922,2911,2025-01-04T23:41:19
22998,96604,2025-04-13T18:59:57
26291,38572,2024-11-22T20:24:48
48789,55861,2025-07-08T20:08:29
30071,31499,2025-02-01T23:55:12
44432,99334,2025-01-11T11:57:38
2119,95402,2025-09-02T17:43:14
43610,447,2025-04-29T21:28:04
8060,9199,2025-08-21T22:43:55
48481,21935,2025-10-28T14:15:12
16247,31536,2024-11-10T04:09:05
15683,54416,2025-06-10T11:44:37
21962,56430,2024-12-18T09:52:32
47080,84580,2025-04-15T23:56:20
19458,98445,2025-03-16T02:51:54
34933,13540,2025-04-07T15:02:27
9667,1229,2025-01-07T12:34:11
32044,69286,2025-09-12T11:42:04
44047,45578,2025-01-10T11:50:23
537,70026,2025-03-25T06:44:07
19697,30096,2025-09-12T05:28:18
9267,74509,2025-10-27T17:55:53
17844,81551,2025-01-10T01:11:15
30772,96443,2025-06-03T08:57:52
35539,8425,2024-11-26T20:35:51
44175,28937,2025-04-23T17:34:51
43369,31775,2025-08-12T01:34:25
24779,73782,2025-01-04T12:08:15
10330,32698,2024-12-13T15:15:40
13877,38654,2025-09-19T01:19:06
45904,16017,2025-08-31T22:13:22
40122,74847,2025-03-03T23:18:16
32423,25011,2025-07-14T12:00:59
9583,49208,2025-05-11T14:19:48
27163,91657,2025-02-20T22:04:59
49123,57281,2025-04-02T21:39:15
13370,64219,2025-03-05T11:01:40
3416,87000,2025-09-26T15:17:03
40030,24459,2025-03-15T22:22:59
13766,82312,2025-03-26T19:44:08
374,77826,2025-07-21T17:15:47
28332,70484,2024-11-19T04:13:48
18492,75046,2025-07-01T10:13:15
43501,82673,2025-07-15T12:06:52
2130,4708,2025-02-09T17:44:23
48759,41380,2024-12-06T15:35:50
30517,72938,2025-01-03T00:49:58
33837,29981,2025-10-08T10:17:10
50,26410,2025-06-10T09:34:23
32051,99198,2025-06-02T16:49:45
10337,81080,2024-11-28T14:09:42
19417,39515,2025-06-16T20:09:13
38255,29362,2024-12-24T07:35:11
6950,78820,2025-06-20T21:37:09
30734,10849,2024-11-24T04:12:13
43984,7072,2025-05-13T15:45:08
1721,66392,2025-09-03T16:37:10
2897,88942,2025-02-04T10:00:23
32909,80446,2025-09-08T16:08:27
8334,40501,2025-03-13T10:16:20
49045,77032,2025-03-27T14:46:11
29253,27880,2025-03-06T14:49:45
47044,63447,2025-05-26T09:42:28
7774,58303,2025-09-17T21:37:32
5300,66935,2025-04-13T04:47:11
9214,74725,2025-10-06T02:32:50
29596,70330,2024-11-26T10:27:31
29449,12516,2025-06-06T12:16:18
6235,89899,2025-08-04T15:47:12
18489,56403,2025-04-05T00:56:06
42766,49179,2025-06-21T08:40:53
17988,35721,2025-10-14T22:55:10
23191,66784,2025-10-24T06:20:34
29434,95925,2025-05-03T10:24:33
11182,96465,2025-02-16T21:58:24
43467,280,2025-06-06T17:56:37
1930,76202,2025-04-21T06:37:46
22565,63865,2025-01-29T12:42:36
43509,59436,2025-05-15T23:41:38
39571,21732,2025-08-02T20:08:04
34109,84317,2025-07-13T23:52:42
43882,49030,2025-02-13T20:38:54
36945,66972,2025-04-21T18:53:18
14008,30416,2025-10-27T19:33:11
4297,22149,2025-03-03T08:19:50
11758,13988,2025-08-04T00:03:09
14616,91474,2024-11-22T00:20:59
704,69828,2025-03-14T06:30:47
14706,30037,2025-08-24T14:49:32
41343,94981,2025-04-01T19:37:18
35077,55122,2025-09-04T12:05:09
10881,21718,2025-05-05T19:34:47
24781,43572,2024-11-23T23:27:14
33838,46362,2025-07-07T04:31:32
37094,57789,2024-11-23T09:41:56
248,93688,2025-07-25T20:01:41
25673,23020,2025-08-17T13:49:06
13197,91573,2025-01-31T22:59:09
27016,36977,2025-03-01T18:30:27
45707,81590,2025-04-03T11:55:57
3300,57389,2025-06-10T04:20:53
15239,91692,2025-07-17T04:31:54
9303,8324,2025-02-16T19:49:29
46147,61606,2025-07-24T08:08:08
39789,53890,2025-05-05T17:12:25
46411,6576,2025-03-17T07:04:00
5185,79618,2025-01-04T10:50:36
7497,53472,2025-09-22T22:15:04
43524,28675,2025-10-31T12:55:18
23094,34427,2024-11-17T21:20:40
42516,6362,2025-08-10T00:08:30
45680,79540,2024-11-22T17:05:45
27029,51747,2024-11-09T21:04:41
48783,89036,2024-11-10T00:43:47
32073,74624,2025-08-12T16:45:19
34661,91703,2025-08-20T08:38:56
40157,85897,2024-12-04T03:46:35
20242,64317,2025-06-23T14:58:09
23821,47361,2025-02-07T16:01:34
31538,49882,2025-06-21T13:54:30
5923,25990,2025-10-29T08:11:30
42510,30497,2025-09-29T10:14:05
21157,5552,2025-09-26T03:54:01
13040,58985,2024-12-24T20:41:03
28800,58157,2025-02-10T09:02:53
21756,62146,2025-03-24T20:23:43
5154,77839,2025-08-30T16:55:18
26572,60180,2025-03-05T10:36:19
46351,99494,2025-05-14T03:02:08
7676,45759,2025-08-11T02:09:28
27473,57649,2025-08-29T11:28:32
16062,26764,2025-03-20T22:55:50
5759,31994,2024-11-16T01:56:35
36281,16574,2024-11-26T10:29:52
12592,26227,2025-08-14T06:39:38
25879,28179,2024-11-29T04:02:56
8538,4764,2025-09-27T23:31:35
10769,63802,2025-03-13T21:10:51
36098,18093,2025-01-18T13:57:38
12738,9405,2025-06-27T21:39:22
42288,92760,2025-05-08T15:28:44
23428,96144,2025-03-09T18:56:53
7041,63983,2025-07-19T05:05:41
33036,36161,2025-03-29T06:39:22
3807,97223,2025-09-30T08:30:37
27697,4713,2024-12-05T15:02:21
22463,6780,2025-02-27T05:39:00
11173,87115,2025-04-22T23:55:05
16356,25599,2025-07-03T06:42:21
23495,15903,2025-02-23T22:05:09
34526,48294,2025-07-16T01:10:37
16826,44329,2025-08-20T15:44:43
30444,76737,2025-05-27T18:02:50
25762,43785,2024-12-07T08:32:42
41892,66333,2024-11-30T19:05:21
10391,1058,2025-06-28T16:03:57
43283,89414,2025-02-18T03:47:01
22243,83887,2025-09-22T09:13:21
22283,49674,2025-01-28T01:50:26
40501,11402,2025-02-15T18:40:33
24334,84919,2024-12-19T18:35:12
22517,95786,2025-04-11T22:53:25
47534,78922,2025-08-16T00:23:35
28297,42619,2025-05-10T09:04:01
25069,75315,2025-04-27T08:22:37
33804,32837,2025-08-12T22:01:09
23565,75585,2025-04-27T13:32:34
48776,20994,2025-05-14T04:11:16
3941,72347,2025-10-22T00:21:44
12039,75699,2025-05-24T13:20:48
42042,96247,2025-06-13T12:55:34
40161,30034,2025-10-27T07:15:12
38261,57685,2025-08-12T03:00:43
11397,31728,2025-07-29T02:03:42
12614,48329,2024-11-23T09:55:23
16974,54055,2025-09-12T06:43:21
10680,98380,2025-06-05T10:01:03
44312,97562,2024-11-17T08:40:20
6847,80801,2024-12-17T20:24:27
10732,39371,2025-02-08T12:57:44
537,72586,2025-03-31T19:09:27
9844,87397,2025-08-03T14:18:19
25345,24092,2024-11-25T02:39:49
35740,78546,2025-08-09T17:31:28
36313,72872,2025-10-17T23:16:15
16744,13227,2025-08-21T23:41:46
12023,97102,2025-03-01T15:24:40
34136,21016,2025-07-27T20:21:03
1782,39560,2024-12-15T06:21:34
20844,20013,2025-01-24T06:49:54
19912,25768,2025-02-22T06:08:06
28362,60135,2024-12-29T10:27:31
14686,40862,2025-03-30T21:09:00
15751,85302,2025-10-29T18:42:13
23369,50679,2025-05-05T23:45:47
15084,30681,2025-03-14T15:49:06
34191,24002,2025-02-09T22:07:47
26689,5411,2025-10-19T18:22:33
23152,73863,2025-04-14T06:15:43
47315,31242,2025-08-13T07:29:18
24467,65321,2025-04-18T05:31:02
38960,28138,2025-11-06T07:45:49
19655,78547,2025-07-04T13:12:51
41929,24827,2025-02-02T13:12:50
33860,52217,2025-03-11T03:21:21
14413,75120,2025-11-04T04:48:30
1288,14546,2025-10-23T04:19:31
42461,2709,2025-10-10T17:01:30
32194,12185,2024-11-20T21:00:18
28632,11172,2025-03-11T13:28:50
42841,70822,2024-11-23T00:18:16
37576,98010,2025-01-17T00:37:36
3150,30421,2025-06-14T02:39:58
1134,39988,2025-04-06T09:36:34
30350,38957,2025-09-04T09:13:26
38532,33996,2025-03-14T09:36:57
5304,87396,2025-08-15T18:46:31
13428,61397,2025-05-18T05:16:01
20235,92703,2025-09-24T22:36:04
18958,11499,2025-11-02T11:02:26
35336,53699,2025-06-14T19:00:03
47074,45016,2024-11-08T01:55:56
40488,97161,2024-11-07T11:07:06
27660,54232,2025-09-07T21:34:17
25062,32515,2025-07-07T16:23:57
36583,25395,2025-09-23T16:13:36
17107,75189,2025-08-05T16:10:48
42079,85983,2025-03-18T07:44:07
797,26612,2024-12-05T22:28:40
17798,84839,2025-05-27T03:28:44
5859,75035,2025-02-22T17:23:35
48505,5696,2025-02-08T23:21:00
10367,441,2024-12-27T10:59:39
11891,19212,2025-08-08T21:09:18
42782,35223,2025-10-02T11:56:54
21372,88189,2025-04-16T11:27:39
23323,57926,2024-11-29T02:23:25
3320,84308,2025-04-26T10:42:11
28897,99651,2025-08-05T14:04:33
25847,64059,2025-08-29T15:10:10
17290,38236,2025-09-23T15:59:23
40772,44779,2024-12-04T02:45:02
7407,79890,2025-04-24T04:05:48
16880,51300,2025-01-13T09:12:19
35174,36621,2025-05-19T11:00:36
21312,29162,2024-12-06T04:08:27
44117,46546,2025-06-16T14:04:51
35094,36847,2025-04-14T21:22:59
41145,82173,2025-08-18T02:15:13
31296,57721,2024-12-29T10:52:36
3980,8970,2024-12-25T12:13:26
41432,76457,2025-09-15T23:33:24
23914,42281,2025-08-10T13:04:28
19173,13016,2025-07-22T08:07:40
24531,99091,2025-06-19T19:25:54
26387,51079,2025-08-03T00:18:23
4537,14590,2025-06-24T21:49:03
47418,73202,2024-12-01T23:38:47
37975,34988,2025-07-11T11:08:07
3234,8896,2025-05-23T21:22:58
32080,51900,2025-05-11T17:17:21
38866,89068,2025-01-14T05:51:19
28375,22467,2025-06-28T09:16:07
27123,38789,2025-09-04T21:42:59
47220,89593,2025-03-27T21:40:26
10987,8047,2025-07-15T12:14:02
34920,22168,2025-07-07T12:58:18
9575,36488,2025-01-22T15:32:54
19577,99122,2024-12-14T13:34:08
42411,1123,2024-11-27T12:17:01
3245,79669,2024-11-11T10:23:11
27365,35732,2025-08-02T20:38:22
1635,5232,2024-12-01T07:50:24
34441,36080,2025-03-03T12:48:36
38243,64203,2025-03-16T14:14:06
45446,44814,2024-12-02T22:08:07
17991,88424,2025-06-09T03:07:19
49443,90796,2024-12-10T20:48:33
32998,89704,2025-07-15T06:56:57
379,4616,2025-06-11T17:05:43
32653,39471,2025-10-11T23:24:30
21071,20249,2025-06-11T05:49:32
9386,59636,2025-07-28T06:41:37
21494,42101,2025-04-13T19:23:06
43073,62342,2025-01-24T04:41:00
48720,89119,2025-02-17T13:30:22
10423,26232,2025-10-05T12:00:45
42342,57645,2025-09-21T06:32:11
11094,47660,2025-01-06T10:31:42
44747,92477,2025-06-27T23:28:45
169,58216,2024-11-11T13:10:29
38548,77191,2024-12-26T01:06:38
38411,76525,2025-10-16T14:11:26
5716,23640,2025-09-06T07:13:01
1797,25013,2025-10-19T12:43:33
10532,36413,2025-08-06T11:56:27
11125,90627,2025-01-06T07:02:03
6247,5790,2025-10-13T15:51:17
48953,76966,2025-07-25T00:57:33
43622,93050,2025-06-24T06:27:12
46617,95604,2025-06-01T23:00:44
20759,59644,2025-01-13T02:40:15
41832,73426,2025-02-06T23:19:26
29216,63353,2025-03-06T02:00:07
37598,48513,2024-11-27T08:32:57
38599,52671,2025-03-24T21:54:41
31785,73659,2024-11-29T02:03:31
657,89461,2025-04-30T11:25:32
17795,8955,2025-10-01T22:56:48
26815,8122,2025-03-16T01:02:02
1877,3791,2025-06-14T01:33:44
12829,24652,2024-12-17T23:36:15
43492,91981,2025-04-19T09:30:48
30902,62754,2024-11-13T12:54:55
14327,10386,2024-12-23T21:21:34
30677,18374,2025-02-13T04:19:27
47904,96017,2025-07-16T15:52:03
15547,36712,2025-09-06T06:03:04
27458,67670,2025-01-16T12:53:55
2576,98387,2025-07-02T02:55:41
32625,5892,2025-04-03T15:08:35
34999,32781,2025-01-12T13:23:58
25602,86879,2025-05-20T03:46:15
49697,78558,2025-05-20T03:08:51
44728,14010,2024-11-08T06:46:48
15563,11573,2025-03-25T20:52:22
332,39175,2024-11-14T03:25:14
24217,67238,2025-01-19T21:22:46
21525,95753,2024-11-25T08:29:27
45458,66988,2025-07-29T01:42:45
3791,92025,2025-08-27T06:45:58
31289,49713,2025-06-02T05:48:26
26854,77308,2025-07-21T01:07:10
43470,8568,2025-04-30T08:53:40
9840,18448,2024-12-02T16:09:37
35766,2643,2024-12-17T13:20:09
19239,10416,2025-02-23T01:04:31
23036,34837,2025-06-07T08:55:07
9977,19612,2025-10-24T05:59:27
39820,66546,2025-02-09T05:20:29
33882,56470,2025-04-23T18:07:49
46328,20176,2025-10-30T19:32:55
47955,81615,2024-11-23T20:42:39
3425,68736,2025-04-04T21:24:30
38930,51179,2025-06-09T02:31:22
34210,57337,2025-05-05T17:34:24
38208,85769,2025-04-14T13:22:14
3725,59024,2025-09-18T07:57:14
9738,17733,2025-02-20T10:54:31
12242,73416,2025-06-14T13:14:38
39934,51663,2025-05-11T07:10:26
27753,19821,2025-06-14T22:58:00
19879,88694,2025-06-15T15:41:18
40653,14502,2025-04-29T05:04:55
6970,91741,2025-04-27T06:39:27
17476,48212,2024-11-08T06:36:12
47494,24443,2025-07-09T11:50:56
48096,70663,2025-08-23T05:56:23
42231,46999,2025-09-09T00:17:15
6722,57924,2025-08-01T20:57:04
11857,30271,2025-02-21T05:51:35
13038,75026,2025-05-18T18:19:10
45296,67199,2025-07-02T23:39:55
38182,94734,2025-01-17T11:12:31
43284,58953,2025-08-08T21:27:32
24237,19072,2025-09-13T17:39:37
13885,34198,2025-04-23T19:06:40
6938,55148,2025-02-23T18:04:14
28730,20169,2025-01-08T20:48:25
5997,57190,2025-04-24T21:19:26
40872,14704,2025-08-31T06:41:10
38350,46082,2025-04-01T19:54:17
40129,14867,2024-12-13T12:06:02
38608,21317,2025-09-15T07:57:37
26644,70199,2025-08-31T02:58:41
14197,4138,2024-12-14T01:46:37
30930,72588,2025-08-16T02:28:17
16541,37160,2024-11-11T19:49:07
29836,96055,2024-11-24T00:57:35
1524,98882,2025-03-31T23:49:57
22058,90559,2024-11-14T15:37:12
44155,5510,2025-08-01T15:45:21
36066,8531,2024-11-24T21:28:53
4739,99437,2024-11-25T03:20:29
6101,54275,2025-04-21T06:49:30
42661,49141,2025-03-02T18:56:41
31472,29052,2025-09-04T06:14:27
9499,76710,2025-01-23T03:03:02
45200,93539,2025-03-13T09:52:46
48576,8053,2025-01-27T19:43:12
22261,70846,2025-01-26T07:27:09
10744,31188,2025-08-15T21:52:12
42394,60277,2025-08-28T20:02:46
29212,48836,2025-01-28T17:08:44
30603,57610,2025-10-30T09:25:44
45313,6148,2025-07-05T18:03:52
14676,97721,2024-12-16T17:57:02
17124,13160,2024-12-02T04:01:25
42142,4612,2025-02-05T20:15:35
25638,87485,2024-11-08T17:22:39
41078,25541,2025-08-09T03:55:36
11134,66153,2024-12-05T07:45:59
46193,63980,2025-06-15T20:50:52
13657,61481,2025-08-18T15:07:22
38947,24981,2025-09-05T16:21:15
29665,35867,2025-01-26T05:25:40
42494,64886,2025-07-13T12:57:10
47116,34851,2025-08-15T11:18:25
24838,4053,2025-01-13T06:02:54
46900,53419,2024-12-30T01:32:39
41238,45861,2025-06-22T23:13:35
11421,92243,2025-11-01T22:11:19
4430,81381,2025-06-21T08:37:42
38396,44261,2024-11-26T23:44:35
10869,49379,2025-07-25T22:54:32
17863,50980,2025-06-24T04:23:40
7893,64558,2024-12-30T05:48:52
48164,93281,2025-02-23T15:56:58
25791,10686,2025-02-18T05:15:53
15295,27191,2024-11-22T00:20:09
14841,98346,2025-07-31T11:17:51
24427,85629,2025-05-08T10:55:53
43755,94886,2025-04-06T00:12:39
15416,2480,2025-07-09T05:21:05
20453,4261,2025-10-10T17:32:57
10113,20038,2024-11-13T10:47:39
1673,78225,2025-03-02T18:06:47
26219,463,2025-08-12T23:05:02
48908,57783,2025-05-15T19:11:59
28984,67487,2025-07-06T02:13:23
38971,52349,2025-03-04T02:16:55
5755,20209,2025-06-21T23:17:47
16905,2729,2025-07-26T21:47:34
23085,37515,2025-08-22T16:55:09
23012,46356,2025-01-22T19:18:06
36519,71034,2025-01-11T13:37:17
41038,73091,2025-03-24T10:12:06
40516,20184,2025-07-29T17:17:16
14847,39485,2025-06-03T05:29:34
28969,36421,2025-07-27T04:08:12
35222,37507,2025-04-06T17:09:22
19086,87780,2024-12-04T03:08:17
10452,99743,2025-05-07T07:45:34
5019,36751,2025-08-25T03:28:16
24195,32559,2025-01-08T01:00:56
30751,78223,2025-10-25T02:10:54
22346,94870,2024-12-11T03:31:32
10902,55139,2025-02-09T19:57:12
45006,94106,2025-09-25T05:26:08
6422,59553,2025-08-13T20:27:58
22081,24807,2025-06-10T14:19:04
46059,54799,2025-01-15T18:29:29
27091,6343,2025-10-04T14:27:53
12147,68817,2025-06-08T08:51:18
19486,16382,2025-05-20T02:56:01
25698,65031,2025-08-09T17:46:49
45789,37915,2025-01-16T22:59:32
16667,18604,2025-07-03T19:45:02
41975,10796,2025-05-09T23:52:34
48929,64448,2025-09-05T02:11:59
8110,75798,2025-01-20T02:57:27
37647,75147,2025-09-06T20:06:45
41072,4211,2025-03-16T00:01:07
18243,18476,2025-10-05T17:28:54
6195,74778,2025-09-21T22:52:36
34456,28820,2025-02-12T19:28:56
32331,12549,2025-07-30T20:21:58
38431,33635,2025-10-24T10:38:16
31787,87749,2025-09-11T14:06:23
1322,51721,2025-11-05T03:07:17
42671,49570,2025-07-08T20:26:27
1431,3809,2025-09-04T11:15:23
15685,80062,2025-03-01T09:15:23
15343,21901,2025-08-09T12:47:59
4168,82279,2025-04-26T07:06:43
3223,52535,2025-07-13T05:34:44
27074,9097,2025-10-02T00:44:42
35080,75005,2025-04-17T09:40:43
16341,7039,2025-02-15T21:05:10
31572,64256,2024-11-27T12:38:50
27393,41471,2025-04-15T18:02:59
38610,78249,2025-08-13T05:51:59
669,17005,2025-09-18T04:00:20
28118,65651,2025-10-20T02:17:18
3743,77000,2025-03-12T06:38:44
46339,5889,2025-09-11T14:03:59
19799,6629,2025-01-13T21:33:24
48889,4122,2025-08-27T22:15:47
5953,86326,2024-11-07T18:09:41
12139,51808,2025-09-30T01:14:55
15065,7990,2025-08-10T00:57:49
31175,38392,2025-03-25T05:35:32
49809,13838,2025-09-05T08:18:30
22435,14743,2024-11-30T02:14:19
18474,5084,2025-10-21T11:05:32
7808,37257,2025-05-09T19:17:00
34386,21287,2025-04-08T15:03:47
8048,87459,2025-03-07T02:07:27
7098,45390,2025-05-23T02:13:26
23786,75541,2025-09-04T17:48:47
29363,84307,2025-03-07T07:48:41
4082,26115,2025-06-14T20:34:34
46697,55463,2025-02-03T10:35:46
41962,71162,2025-03-16T05:05:18
43742,12095,2025-02-22T03:00:43
46387,45674,2025-01-22T20:49:51
30970,61568,2025-08-05T00:14:49
35354,94903,2024-11-08T22:10:24
3518,37333,2025-04-30T17:51:55
40837,30738,2025-01-09T20:57:55
35024,44493,2025-05-26T00:31:25
18277,86079,2025-09-01T06:53:33
37250,94436,2024-11-27T09:30:28
20449,4742,2025-05-21T02:24:19
27894,89724,2024-12-13T15:12:01
41896,46910,2024-12-08T02:29:30
8702,77310,2025-10-05T12:00:40
37616,72907,2025-03-04T02:01:49
42324,46813,2025-07-01T05:47:24
22177,36183,2024-11-07T22:33:33
40972,78837,2025-06-19T17:30:35
47299,86519,2024-11-08T11:08:58
36329,32012,2024-12-03T06:06:29
44917,96281,2025-05-14T10:57:27
4546,84571,2025-05-23T12:24:43
19736,78509,2025-09-27T22:23:11
45619,89902,2025-09-20T17:47:44
20409,50574,2025-04-19T23:33:24
4770,77806,2025-01-24T09:34:15
38574,61412,2025-04-14T03:00:16
41514,55980,2025-06-07T09:45:59
3051,75667,2025-01-17T00:51:46
31755,98275,2024-11-25T23:11:47
7272,79723,2024-12-17T02:19:29
15011,41270,2025-10-04T23:22:45
23993,27697,2025-06-02T15:02:34
41013,44140,2025-05-08T02:40:06
13722,21347,2025-08-31T12:40:08
45969,33325,2025-02-15T11:49:13
34026,88835,2025-08-25T20:28:03
44317,47000,2025-08-25T10:06:36
48205,2547,2025-08-02T03:02:57
34181,78513,2025-05-07T07:34:51
18661,45856,2025-09-21T21:36:56
12934,58318,2024-12-09T08:49:44
13474,87865,2025-05-15T05:26:16
33635,36551,2025-06-02T10:20:28
29278,72008,2025-08-09T10:19:54
984,17248,2025-03-04T16:59:31
14361,33014,2025-02-09T04:37:49
48282,55376,2025-05-13T19:42:53
15343,36476,2025-03-31T03:43:49
17491,78716,2025-02-06T09:47:50
38899,61577,2025-09-25T02:46:27
47199,60570,2024-11-26T04:26:45
15893,67667,2025-01-05T20:45:53
7250,40594,2025-08-24T03:54:11
39164,52305,2025-10-07T10:54:39
3209,50635,2025-02-15T23:20:01
32944,85188,2025-01-30T05:19:22
13352,51716,2024-11-30T02:59:53
35391,76012,2025-10-13T07:51:02
22778,64610,2025-08-24T07:50:26
24101,80308,2024-12-29T16:08:40
18479,20857,2025-03-15T19:25:46
16556,63822,2025-07-25T13:18:03
43859,88223,2025-09-21T14:37:13
32218,17771,2025-04-05T04:04:28
13378,38257,2025-09-06T12:27:42
40298,91637,2025-01-16T16:47:55
2002,84447,2025-01-16T10:44:15
25525,79874,2025-08-24T18:28:45
33444,45759,2025-01-17T01:10:12
12072,20254,2025-07-11T00:10:47
14828,57134,2025-11-04T17:05:50
8528,26057,2025-02-11T21:35:55
15840,68364,2024-11-16T08:22:38
37307,26286,2025-05-06T09:02:11
43991,73973,2025-07-04T08:35:50
22824,65243,2025-04-04T19:10:25
21312,53677,2025-05-06T18:53:24
12122,99565,2024-12-05T06:07:09
26288,96111,2025-01-15T10:55:59
41075,85769,2025-10-16T03:21:37
4509,74708,2024-11-14T14:19:09
43236,91552,2025-03-26T06:58:59
30557,59291,2024-12-04T04:50:39
49100,71673,2025-03-22T01:33:16
17623,9460,2025-07-13T06:17:44
17922,72925,2025-09-20T23:31:21
14943,80532,2024-12-13T19:26:00
6339,66625,2025-01-24T12:10:34
17006,92335,2025-05-18T02:27:53
49362,46282,2025-05-26T08:47:57
30324,74861,2024-12-09T12:45:57
47437,66304,2025-06-30T01:59:19
49703,82299,2025-04-03T10:19:45
11927,26061,2024-11-09T16:37:03
2145,78246,2024-11-26T02:35:42
42087,52732,2025-11-05T03:12:19
34521,83808,2025-03-24T05:23:20
1141,49374,2025-06-15T07:36:31
27455,7603,2025-05-27T22:22:31
44113,12019,2025-01-21T04:53:10
7301,81994,2025-07-19T12:50:02
21543,47140,2025-06-16T18:53:36
42554,76551,2025-01-28T15:52:57
46816,46425,2025-01-05T19:27:39
7992,47648,2025-10-28T08:11:24
4944,91489,2025-04-23T10:33:12
45177,47721,2025-08-25T21:00:33
15550,14187,2024-11-30T13:00:20
18707,4225,2025-05-13T22:41:03
35136,54163,2025-04-15T00:55:48
17455,83695,2025-06-26T13:57:07
18298,87312,2025-05-28T10:18:16
19486,65906,2025-03-27T11:58:20
33204,18744,2024-11-12T19:09:26
9873,610,2025-05-16T10:52:38
4710,111,2025-07-07T00:13:56
6608,10264,2024-11-25T12:52:21
9345,90615,2024-11-17T21:47:36
7999,88275,2025-10-03T04:16:51
19607,91562,2025-06-30T02:13:36
7233,72427,2025-10-26T20:23:08
27342,13118,2025-07-28T05:58:54
13915,19897,2024-11-07T10:42:33
23570,68171,2025-10-24T19:45:20
28797,42108,2025-10-20T22:29:15
40735,38284,2025-04-14T06:59:39
11089,95466,2025-03-23T13:50:15
12818,91438,2025-02-16T16:50:10
16580,44857,2025-10-31T20:40:28
30091,98446,2025-04-11T11:48:54
25393,35759,2025-08-16T02:48:13
31494,87167,2025-07-16T13:59:58
22733,97850,2025-04-03T10:13:42
23210,18613,2025-05-26T18:33:46
5932,22047,2025-07-05T03:03:10
40422,9727,2024-11-21T15:59:05
28479,19019,2025-09-16T09:52:46
31452,59114,2024-12-01T18:47:32
49130,91614,2025-07-28T04:31:51
2363,11809,2025-01-30T04:47:48
10958,43510,2025-06-19T11:26:00
33960,22733,2025-07-18T08:17:21
38806,11848,2025-01-02T17:18:09
7838,66150,2025-01-28T13:48:14
16273,5056,2025-03-24T23:50:43
33087,69258,2025-03-23T10:00:28
6368,95719,2025-10-27T09:15:13
30122,25806,2025-01-23T12:43:57
37945,85136,2025-06-10T22:43:13
10998,59364,2025-01-04T10:21:06
28734,32590,2025-10-24T15:50:03
13391,62905,2025-04-09T14:28:41
39021,58268,2025-03-21T06:18:28
36116,70620,2025-09-24T13:53:08
3172,34795,2025-01-08T18:02:12
30695,48732,2025-08-28T02:36:05
27754,48611,2024-12-26T14:46:18
8160,85378,2025-04-24T01:46:29
3353,48040,2025-10-19T07:00:34
17583,31494,2025-03-22T10:52:54
21339,48999,2025-10-13T13:17:04
2916,19016,2025-05-09T08:53:08
39936,27505,2024-12-12T06:45:38
40446,49783,2025-10-22T13:24:19
9620,60804,2025-06-03T21:54:12
26990,59963,2025-08-19T20:30:57
35960,28053,2025-01-16T06:35:32
43515,37603,2024-12-20T18:55:50
5759,88637,2025-11-02T05:17:09
3367,53051,2024-11-07T08:16:21
12228,50597,2025-03-26T06:39:11
10190,39851,2025-04-06T18:45:38
40164,45014,2024-12-26T23:15:08
41759,57617,2025-01-31T15:43:06
41184,33659,2025-10-01T13:48:23
16347,80153,2025-07-27T11:01:55
41695,37777,2025-10-19T16:44:22
45890,56341,2025-05-21T02:46:36
15796,27994,2025-09-30T16:09:03
20056,66331,2025-07-27T19:05:55
22353,20005,2025-03-17T14:02:04
35913,92421,2025-01-25T15:08:33
27174,87716,2025-03-10T08:56:55
28021,95906,2025-03-17T00:08:11
20267,84002,2024-12-05T01:16:22
17204,80973,2024-12-26T09:21:09
46185,40210,2025-10-07T20:03:09
26911,44827,2024-12-19T03:34:35
36472,37036,2025-06-23T12:47:59
3258,94215,2025-08-22T14:53:27
42577,42884,2025-03-07T17:19:43
29251,30972,2025-02-22T04:32:06
16041,22341,2025-03-28T04:25:13
30279,90255,2025-02-11T09:50:50
17346,55165,2025-07-30T15:53:28
11474,31796,2025-09-15T12:13:07
6831,83132,2025-02-09T03:53:24
24616,30037,2024-12-03T10:33:46
25127,43088,2025-11-01T23:03:26
29033,97661,2025-09-02T12:14:16
29156,39717,2025-09-13T08:14:28
29263,80095,2025-07-28T10:21:16
9750,77080,2025-05-11T15:48:46
12785,8967,2025-07-28T06:57:48
44002,13450,2025-03-06T16:44:05
3941,74798,2024-12-29T09:19:35
18909,57048,2024-12-14T12:36:13
26353,11935,2025-11-03T05:08:00
12686,13464,2024-12-17T19:32:50
15973,63463,2025-09-18T18:05:58
19091,12003,2024-11-23T06:28:40
30274,49119,2025-03-25T01:00:17
19330,23316,2025-03-13T06:06:47
25540,14154,2025-07-22T08:18:27
36193,87777,2025-05-09T17:42:54
26993,7514,2025-08-04T03:40:47
22010,5026,2024-12-13T17:16:14
35611,48771,2025-01-14T23:56:47
11395,58860,2024-11-10T14:17:48
33474,66678,2025-01-20T07:45:17
44462,75725,2025-06-22T00:09:26
46981,63011,2025-09-25T11:11:11
28846,75195,2025-05-25T11:34:58
20417,61231,2025-09-03T10:05:15
6839,72899,2025-05-20T21:01:40
40454,21640,2025-02-02T10:58:35
35213,2803,2025-06-10T21:52:29
18419,5864,2025-08-06T23:52:04
10137,46198,2025-02-03T06:51:47
40117,68015,2025-07-18T20:00:30
3991,52887,2025-07-05T17:42:04
19829,70590,2025-09-19T15:17:24
16980,4586,2024-11-22T11:41:41
13156,32370,2025-02-18T06:56:22
756,85647,2025-05-07T02:36:40
41963,78502,2025-10-11T15:31:47
40283,55175,2025-05-15T01:23:17
41944,76397,2025-03-21T15:46:54
25432,70567,2025-07-10T17:16:32
30109,45975,2025-10-29T20:50:42
2570,11670,2025-11-06T08:54:24
4094,45157,2025-09-01T15:10:28
44076,30626,2024-12-03T14:21:00
15408,42379,2025-03-17T08:15:01
31793,18900,2025-05-11T04:23:41
273,21468,2025-05-11T07:40:55
42438,69351,2025-10-12T06:13:18
17799,5259,2025-07-14T19:03:46
33690,45743,2025-09-07T03:56:31
31841,81727,2025-03-01T16:59:03
22821,96818,2025-02-28T15:20:51
43462,99595,2025-05-05T17:52:57
18776,59786,2025-07-04T09:15:16
30599,41049,2025-05-25T16:36:12
34740,48074,2025-02-12T09:30:38
26921,36224,2025-07-11T18:05:49
40396,88052,2025-07-11T05:19:13
29168,73900,2025-09-07T02:04:50
19038,68479,2025-08-22T07:52:24
24113,73925,2024-12-13T16:29:36
35343,16038,2025-01-04T09:13:45
39431,30906,2025-09-07T13:21:47
17550,94733,2025-05-23T11:08:22
43483,63099,2025-07-11T18:35:03
13155,50370,2025-03-31T08:09:29
22219,83297,2024-12-08T12:11:05
4140,48716,2025-04-11T05:58:28
47084,46839,2025-09-11T16:32:13
43187,41214,2025-05-16T04:55:32
25232,39022,2025-04-09T19:47:01
47560,38498,2025-02-10T01:18:52
22531,53782,2025-01-22T16:41:09
7139,84539,2025-02-02T08:07:43
1321,94860,2025-07-10T10:24:09
38452,62645,2024-12-17T20:33:16
11586,81158,2025-10-26T02:42:38
19562,16888,2024-12-15T07:42:29
6367,64836,2025-02-25T09:08:27
5948,59032,2025-03-12T22:15:16
27184,60927,2025-01-26T09:11:51
27626,77096,2024-12-19T15:49:49
25877,77919,2025-09-15T05:17:24
18476,7352,2025-11-02T23:32:48
12805,45211,2025-03-17T05:50:37
34007,97793,2025-10-18T23:27:51
32518,25870,2025-03-11T12:40:22
34913,77592,2025-09-28T01:18:56
20645,28766,2025-02-16T01:34:28
48087,60913,2025-05-10T09:59:10
6317,61316,2024-12-03T05:33:01
12994,60677,2025-04-25T01:07:30
14405,1997,2025-01-09T15:13:04
10527,69058,2025-03-27T21:50:33
36469,87002,2024-11-22T23:25:11
21381,6235,2025-10-11T19:06:02
17448,46907,2025-07-20T01:19:22
25251,50385,2025-08-20T07:06:50
8472,8911,2025-07-15T11:44:12
21590,7863,2025-06-20T04:48:41
21652,50361,2025-09-29T03:33:22
34991,63540,2025-01-17T23:33:25
5024,60916,2025-04-10T08:02:16
5183,79359,2024-12-07T00:25:46
7592,94696,2024-12-25T10:27:48
13638,13483,2024-11-16T22:43:38
38185,25933,2024-11-11T13:46:19
18581,19669,2025-02-19T16:52:26
25663,92370,2025-07-26T18:37:06
5622,23248,2024-12-23T02:31:20
29236,5564,2025-07-03T05:58:04
33275,88636,2024-12-03T08:12:54
43559,34972,2025-03-31T12:54:35
39953,5863,2025-09-09T10:53:28
40534,50016,2024-11-09T01:15:03
33611,36035,2025-10-22T15:31:11
41949,73399,2025-06-19T15:03:23
9213,89267,2025-01-20T17:01:49
47805,70624,2025-06-11T09:22:16
14520,62705,2025-01-02T06:47:51
48739,33951,2025-07-21T13:34:30
5846,59232,2024-12-13T02:29:32
14640,15549,2025-05-21T17:23:04
46437,34493,2025-04-04T15:19:18
18172,92017,2025-03-09T15:21:24
27044,61702,2025-04-30T15:32:37
29668,35386,2025-09-16T05:15:39
35428,4703,2024-11-18T15:14:37
28476,81347,2024-12-11T22:10:14
3159,41051,2025-02-17T05:29:24
38051,83980,2024-11-19T14:50:25
23590,17959,2025-09-08T22:37:35
6809,41657,2025-02-26T12:43:57
20845,6079,2025-02-15T08:59:59
40836,71915,2025-04-20T22:55:57
2632,38603,2024-11-16T01:54:48
36080,94389,2025-05-20T22:52:38
9122,90234,2025-02-07T11:09:05
24995,54147,2025-02-01T22:40:25
6466,88686,2025-04-15T07:07:28
22692,17126,2025-03-09T13:04:38
40335,34721,2025-08-26T22:15:58
8055,68542,2024-12-17T19:17:24
2818,16801,2025-04-13T11:39:14
47008,5469,2024-12-13T10:17:46
27449,21258,2024-11-20T14:04:09
6691,32075,2025-03-25T00:36:46
29556,86708,2025-03-21T15:08:54
45091,61825,2025-07-05T14:27:16
22192,24209,2025-04-03T01:37:41
29496,69631,2025-10-26T05:58:50
46426,92793,2025-08-29T01:27:35
17196,66474,2025-01-13T09:21:48
1848,64154,2025-06-02T15:05:38
7181,20474,2024-12-07T12:36:16
10399,65158,2025-02-15T18:31:35
41223,39903,2025-04-13T05:53:18
43844,10327,2025-03-30T09:35:58
45374,90379,2024-12-26T17:53:19
28717,94149,2025-05-16T11:48:29
20451,93792,2025-04-09T22:01:24
43914,21428,2025-07-28T08:45:46
11582,97647,2024-12-08T05:05:43
49789,7573,2025-03-25T17:31:03
22682,86750,2025-07-22T23:33:13
3416,97686,2025-03-15T16:50:26
17912,74968,2025-05-16T01:30:44
43234,38570,2025-03-31T04:14:49
512,85172,2025-09-11T21:32:13
11571,11350,2024-11-09T08:26:50
16163,92413,2025-04-18T00:47:20
39681,75620,2025-04-28T14:33:04
11623,76915,2025-07-22T14:51:19
10001,78870,2025-05-19T23:43:02
39170,67090,2025-01-16T23:24:53
15961,12234,2025-07-28T07:25:47
33808,18210,2025-10-17T12:30:23
6801,98205,2025-06-23T15:38:49
43358,30083,2024-11-19T17:12:43
36532,34598,2025-02-17T01:15:14
34614,74625,2025-01-27T21:37:28
37545,52350,2025-06-30T17:16:03
19844,84783,2025-08-28T15:04:58
41990,25118,2025-01-15T15:10:35
40103,94376,2025-03-02T13:54:57
36664,98352,2025-05-11T10:18:46
6688,93541,2025-03-20T16:42:46
9529,77437,2025-02-15T21:27:22
14052,49224,2025-09-04T03:13:56
45052,28134,2025-05-10T06:36:05
39138,48706,2025-01-16T09:26:28
29133,27265,2025-10-20T01:06:01
17439,3671,2025-03-31T15:04:10
38247,90717,2025-01-27T22:19:57
24157,54023,2025-08-23T00:52:34
42063,56531,2024-12-09T09:02:27
25141,14024,2025-02-01T12:23:17
5608,8661,2025-06-07T05:35:59
9979,97800,2024-12-14T00:24:07
7078,33650,2025-02-13T13:44:12
40788,5572,2025-08-25T11:52:50
5031,11067,2025-03-04T04:39:56
21262,60031,2025-03-18T00:33:41
15530,36821,2025-05-07T16:30:29
21867,81819,2025-09-27T09:36:14
2940,74666,2025-02-14T00:56:31
13662,45207,2025-08-04T17:27:52
39059,67410,2025-06-05T10:44:18
24189,89481,2024-11-08T17:07:29
27682,77397,2025-05-28T13:55:54
5761,42760,2025-09-11T13:59:16
21679,78968,2025-03-25T20:43:22
34020,22065,2024-11-09T22:07:00
14021,22818,2025-02-27T12:09:08
10731,69195,2024-12-20T07:29:37
47312,97163,2024-12-11T12:35:09
35640,7721,2025-09-13T00:10:25
13102,78408,2025-07-12T22:01:48
12378,37690,2024-11-30T01:06:59
22823,21867,2025-07-18T02:07:59
38751,79953,2025-08-28T07:19:41
2229,33119,2025-03-21T16:14:24
22467,92303,2024-11-30T13:30:18
27819,44392,2025-09-01T05:27:49
18003,70062,2025-06-18T01:03:28
30604,27518,2024-11-18T00:40:09
44869,58665,2025-01-18T08:36:26
9149,26874,2025-11-06T00:45:33
2978,64245,2025-05-04T00:48:47
11583,81562,2025-05-09T17:54:37
4548,48574,2025-06-14T17:51:01
16585,71056,2025-08-29T04:20:02
44208,6850,2025-01-09T08:46:46
38913,95695,2025-01-06T22:47:40
36265,16549,2025-08-13T09:59:26
32921,69605,2024-12-06T09:09:05
16642,61151,2025-02-26T18:18:56
25690,44889,2025-06-02T07:41:10
40686,78569,2025-02-11T11:19:23
18396,65809,2025-07-20T17:05:22
17566,660,2025-08-07T04:25:57
22771,1923,2025-07-27T14:50:32
47832,71322,2025-01-30T14:53:39
3212,73872,2025-10-29T23:00:59
47979,47138,2025-07-13T19:32:54
29524,92767,2025-01-26T03:25:40
15241,74510,2025-09-03T23:52:34
531,98768,2025-02-24T00:26:09
35749,29525,2025-06-25T20:19:54
20201,25983,2024-12-15T19:36:44
14911,58487,2025-01-28T11:22:14
47726,4656,2024-12-13T00:09:07
43764,92204,2025-01-27T04:23:49
27259,15431,2025-05-12T02:47:00
37118,93649,2025-09-08T06:56:47
9912,70109,2024-12-02T19:34:26
47882,99965,2025-04-04T05:48:51
15036,95202,2025-08-25T07:33:03
28200,73263,2025-04-21T01:48:58
23086,95289,2025-09-16T03:33:35
1265,44032,2025-09-04T13:39:20
32069,96981,2025-08-13T08:50:44
29189,85431,2025-05-08T01:53:59
6265,16601,2025-03-24T21:29:56
34344,56337,2025-07-04T22:15:28
17023,79561,2025-02-01T02:10:01
41582,36608,2025-10-08T12:54:58
18987,10933,2025-03-26T00:31:53
31931,25059,2025-09-03T09:14:08
3779,65733,2025-07-29T20:45:07
17394,81150,2025-10-29T11:23:24
7196,20569,2025-09-14T19:52:06
40778,53042,2025-08-19T00:15:50
47935,70654,2025-03-08T04:16:03
39990,69748,2025-09-23T23:28:21
47659,19749,2025-03-19T15:48:19
42390,54754,2025-03-19T02:09:52
45729,85919,2025-06-01T21:24:50
8102,76697,2025-06-30T08:47:00
18473,27282,2025-01-01T10:28:22
41161,15258,2024-11-26T08:22:16
4336,75917,2025-02-26T22:34:22
30803,39806,2025-09-17T03:18:42
1578,3967,2025-02-15T01:53:26
47383,91965,2025-10-07T01:05:50
48169,28219,2025-03-13T00:50:30
13839,20629,2025-04-01T18:01:02
13116,44819,2025-08-10T10:30:41
31133,86248,2025-08-19T23:29:14
11313,40145,2025-03-05T15:21:55
24842,190,2025-07-04T20:02:07
10147,27447,2025-03-14T18:27:06
39638,53653,2025-04-28T09:04:02
30004,9011,2025-02-12T08:28:05
42341,63210,2025-05-17T07:05:46
45686,80736,2025-02-15T23:13:10
20476,30281,2025-05-23T11:33:11
20529,67629,2025-03-18T09:13:02
26781,19120,2025-06-14T14:49:50
15407,8177,2025-03-22T04:20:06
33377,34300,2025-09-16T14:52:35
14942,56251,2025-06-26T02:13:01
14314,75891,2025-01-21T09:12:51
13699,99685,2025-10-31T15:47:21
47334,47999,2024-11-19T08:03:32
14644,90809,2025-03-01T19:14:54
38395,53320,2025-05-26T16:00:29
1483,37614,2025-06-08T04:50:37
28132,25033,2025-09-03T14:07:54
750,28425,2025-07-25T16:24:48
308,94000,2025-03-05T19:08:25
15038,14750,2025-04-17T20:09:30
44785,99985,2024-11-16T15:11:43
48982,32192,2024-12-13T22:06:09
11175,99739,2025-08-08T23:51:30
25610,50383,2025-05-20T01:18:14
31734,79984,2025-02-26T16:45:53
22609,10529,2025-08-23T08:51:22
47310,52823,2025-08-06T21:20:00
41722,91348,2025-01-20T02:56:00
18432,78266,2025-08-24T11:04:21
13245,26076,2024-12-30T21:57:16
45415,8569,2025-04-03T13:23:09
26388,76778,2025-03-10T02:32:14
26720,87519,2025-02-06T23:47:56
29916,75974,2025-05-16T14:53:58
4585,39232,2024-11-27T12:25:36
49857,57619,2025-09-26T15:15:33
15085,21184,2025-10-22T17:08:35
23114,53062,2025-09-21T06:00:48
29305,63174,2025-01-21T05:09:59
35744,69570,2024-11-25T11:47:46
32243,50013,2025-04-11T10:15:43
4108,47972,2025-11-04T02:01:49
40977,24453,2025-05-04T11:48:11
10506,21611,2024-12-31T08:40:42
8161,48591,2024-12-25T13:59:17
32114,6903,2025-05-05T02:07:40
47773,52642,2024-12-14T03:45:26
44448,75577,2025-03-11T10:53:47
6345,70485,2025-01-16T03:50:53
1544,37063,2025-06-14T01:07:30
47138,18088,2025-10-12T05:35:03
42052,51064,2025-03-02T00:03:22
1026,72874,2025-07-01T12:52:52
15280,18094,2025-05-31T09:38:33
18136,41942,2025-05-20T02:37:56
12783,47878,2025-07-11T08:16:04
36894,10775,2025-10-05T15:16:13
8231,11520,2024-11-15T18:28:24
13153,62113,2025-10-21T09:28:19
22225,50311,2025-03-12T03:14:48
39603,39942,2025-02-09T23:13:18
796,65300,2025-06-24T09:25:42
34155,23523,2025-07-06T19:53:05
13783,23872,2025-10-03T03:59:00
15715,45215,2024-11-30T00:03:24
43306,69085,2024-12-16T13:08:22
21637,11459,2025-10-07T08:59:29
37655,15015,2025-09-12T09:41:15
16498,28642,2025-08-18T13:11:47
1998,52851,2025-07-31T21:51:34
40978,77696,2025-01-06T16:42:44
35520,11469,2025-03-21T23:39:50
27617,80874,2025-03-03T00:39:07
43778,14760,2025-02-15T15:18:21
41636,757,2025-09-14T00:50:41
45390,70099,2025-02-11T18:30:24
43714,85395,2025-05-21T03:36:43
29337,46333,2025-03-30T15:30:13
36201,24755,2024-11-27T15:04:34
39307,5812,2025-04-24T17:50:25
34101,37654,2025-07-21T19:23:32
15161,69112,2025-05-22T20:10:42
33653,8862,2025-01-03T17:10:52
10246,97207,2025-11-05T06:30:39
25331,37836,2025-01-10T17:10:52
16435,45468,2025-01-28T13:00:19
14644,28629,2025-02-19T07:21:43
20067,68813,2024-12-27T03:57:40
39188,75121,2025-07-27T22:51:24
4354,81509,2024-12-26T13:38:05
21980,59151,2025-10-23T01:56:32
678,55823,2025-07-30T17:25:01
47234,2128,2025-03-09T08:18:06
29620,75664,2025-09-23T08:27:54
19850,59558,2025-10-09T02:49:25
23485,12959,2025-08-15T08:35:48
3652,6869,2025-08-31T06:23:11
46856,23097,2024-11-10T16:56:34
29341,95008,2025-05-13T19:22:38
39516,76008,2025-06-01T11:47:43
45282,65104,2024-11-12T08:10:01
2013,36127,2025-07-17T21:58:53
23986,99375,2024-12-15T15:42:14
22913,63204,2025-04-20T15:21:07
14129,23248,2025-08-09T11:05:36
28803,14240,2025-02-02T02:57:40
49827,56756,2025-10-13T07:04:34
26595,87331,2025-05-12T04:55:24
16009,76640,2024-12-03T00:47:11
23832,16547,2025-04-29T08:25:50
36010,27515,2025-07-19T07:30:27
3724,15614,2025-06-10T11:15:03
38669,16639,2024-11-26T20:43:09
38115,42021,2025-08-27T22:56:46
44707,461,2025-08-23T05:44:53
19095,1648,2025-03-05T10:36:29
27868,78220,2025-07-19T04:27:06
23832,9663,2025-08-19T01:47:07
46342,72721,2025-03-18T23:14:03
36851,86239,2025-08-03T06:43:15
26620,19293,2025-07-17T00:07:46
7423,32567,2025-03-30T08:14:37
33394,70974,2025-05-17T12:45:51
26338,58474,2025-02-10T09:35:25
35056,7429,2025-09-29T22:32:36
9402,4975,2025-01-11T17:07:49
46807,26407,2025-04-17T13:17:56
1318,89517,2025-02-13T13:43:54
25384,60095,2024-11-10T02:01:07
41221,73001,2025-05-11T08:58:32
3171,27033,2024-12-05T18:26:28
33816,55678,2025-06-19T17:00:35
24156,75849,2025-08-01T21:39:37
36931,98859,2025-05-30T23:23:16
25056,27677,2025-08-10T18:16:10
24030,15189,2025-05-03T15:46:00
16359,94398,2025-10-04T16:51:05
36934,90196,2024-12-29T09:57:02
7026,77284,2025-01-27T06:14:50
12694,94360,2025-01-20T09:03:57
24315,80627,2025-03-18T06:18:34
9026,69258,2025-07-15T11:16:29
2236,12023,2024-12-20T18:45:21
29814,712,2025-03-08T06:17:52
38362,91904,2025-08-22T14:55:46
15755,52960,2025-03-18T02:12:26
16530,68026,2025-05-27T17:21:52
18250,278,2025-06-06T04:53:10
5788,91524,2025-04-09T06:04:30
31117,36376,2025-02-25T03:18:17
23418,66202,2025-08-09T11:43:04
1792,15041,2025-03-09T06:42:55
44722,6610,2024-11-09T00:20:47
3255,45082,2024-12-18T21:05:03
45820,69238,2025-06-19T17:28:58
49347,62084,2025-05-19T23:52:33
2242,52927,2025-03-13T19:37:36
39679,1357,2025-10-11T23:04:22
37943,50834,2025-08-14T08:47:02
13161,39387,2025-03-11T08:05:38
21935,39030,2025-02-16T15:43:14
9797,94837,2025-10-28T14:33:28
6584,41470,2025-03-22T15:03:51
6534,60486,2025-10-10T09:59:15
38712,41372,2025-10-21T07:31:47
20682,77943,2025-03-07T19:21:51
21548,69004,2025-03-19T13:27:35
9650,26235,2025-07-01T18:00:59
48979,1560,2025-05-14T15:52:26
37002,24426,2025-02-05T21:47:36
11206,49089,2024-12-30T11:38:34
39528,89063,2025-05-07T01:40:15
1056,76797,2024-11-29T14:53:26
3550,99689,2025-09-07T20:41:33
36993,61986,2025-08-14T15:43:15
2723,69453,2025-03-31T22:04:48
11178,43010,2025-03-25T20:44:17
44150,38641,2025-04-14T10:18:01
30980,2535,2024-11-12T06:01:58
46691,70142,2025-05-08T11:19:52
5365,66180,2025-10-25T16:27:05
48473,61046,2024-11-30T08:52:46
15975,492,2025-09-13T03:54:34
25413,95812,2025-09-14T06:08:15
17124,20322,2024-11-17T04:34:22
1933,68372,2025-09-27T00:25:14
28282,32384,2025-07-25T07:22:18
22589,15385,2025-06-22T00:33:55
46675,93343,2024-12-23T18:03:36
36238,71874,2025-04-07T23:24:07
46732,77538,2025-05-08T13:00:49
48527,66902,2025-01-22T11:55:46
571,67171,2025-06-20T04:36:21
12685,29287,2025-04-15T00:42:54
20254,58672,2025-10-27T13:36:50
25423,35597,2025-07-17T19:15:05
464,42432,2025-05-23T13:03:26
7067,95470,2025-06-22T13:34:03
41642,69851,2025-09-07T00:38:46
13168,40746,2025-03-08T23:53:21
39844,98838,2025-04-06T17:35:45
17554,19471,2025-04-30T01:44:20
5717,71148,2025-08-13T20:21:41
12486,99777,2024-12-29T07:58:23
46550,98417,2025-04-15T00:44:19
39051,23046,2025-02-16T08:22:56
959,80602,2024-12-30T01:06:21
11966,56223,2025-05-11T22:32:37
13409,55534,2025-05-24T08:20:42
21021,2724,2024-12-27T04:53:27
27224,95281,2025-02-02T10:22:42
617,96496,2025-02-14T22:10:16
39515,6534,2024-12-30T01:14:06
19804,31659,2025-11-04T18:23:16
9113,93445,2024-11-22T14:08:06
1821,11117,2025-08-11T09:31:26
38733,8569,2025-04-05T00:38:47
30573,36106,2025-10-06T13:33:35
12452,93706,2024-12-02T05:09:51
45323,93776,2025-09-23T04:48:35
39311,19446,2025-03-31T22:24:15
6707,33114,2025-03-30T02:09:13
12432,3971,2025-02-15T15:30:55
2318,97922,2025-07-20T09:52:50
35525,14993,2025-01-29T00:19:59
44404,24361,2024-12-01T05:50:52
7951,28463,2025-04-02T15:00:04
11401,2296,2025-05-25T02:03:03
5594,40142,2024-11-29T05:54:13
34989,11713,2025-04-04T10:05:06
12948,92443,2025-04-18T11:49:23
2867,71742,2025-06-27T08:48:43
34687,1208,2025-07-06T13:48:13
35052,60126,2025-05-01T04:29:54
17765,31261,2025-02-22T17:49:43
29319,35081,2024-11-06T17:25:47
47081,84497,2025-06-15T11:27:13
19834,84450,2025-01-19T20:15:13
16241,59272,2025-05-02T13:25:35
29430,81508,2025-07-21T04:38:22
18645,34453,2025-01-21T21:49:43
4303,14777,2024-12-25T17:18:50
21988,32575,2025-10-31T15:18:07
39052,63104,2025-05-04T06:43:39
30840,47204,2024-12-29T19:37:37
11327,5564,2025-04-05T17:02:26
6559,63834,2025-02-24T17:59:04
26166,42842,2025-06-03T11:41:42
18666,53822,2025-04-29T09:23:42
9361,85493,2025-03-16T09:09:38
23998,3358,2024-12-08T20:43:24
22234,35446,2025-07-24T03:17:33
10764,27968,2025-09-16T15:26:46
5062,11759,2025-04-30T01:19:38
1756,76186,2025-06-23T17:33:41
17604,86976,2025-02-14T13:59:50
18823,81434,2025-04-22T14:43:33
42189,84284,2024-12-11T05:31:39
13981,29922,2025-05-05T01:24:18
28916,49844,2025-06-05T12:38:19
35574,16905,2025-09-13T14:18:28
40610,32195,2025-02-19T18:18:43
12909,66847,2025-09-10T18:25:44
47250,92091,2025-05-24T14:40:31
47325,67384,2025-10-26T08:34:19
14734,59335,2025-11-06T08:09:05
32646,99724,2024-12-26T01:02:15
41261,99875,2025-05-22T20:47:30
21058,50400,2025-09-15T13:12:14
24654,22887,2025-03-01T23:43:29
21164,81862,2025-05-14T15:44:23
43127,37391,2025-07-08T21:37:02
14558,89547,2025-11-02T04:41:05
33101,51766,2025-03-18T08:38:14
928,30127,2024-11-11T15:25:33
5188,50933,2024-12-28T00:24:20
47430,92475,2025-06-24T08:25:16
31211,19462,2025-03-14T12:13:32
40415,18143,2025-06-02T07:05:35
40092,30547,2025-01-15T14:56:37
9085,95578,2025-06-28T07:57:43
5590,41087,2025-06-18T14:08:20
40522,5584,2025-09-12T03:44:14
35409,76206,2025-05-11T22:26:12
28077,39009,2025-07-10T01:09:33
40713,80921,2025-03-20T05:34:26
3415,63735,2025-03-29T01:13:33
21427,96657,2025-07-10T04:31:56
37564,30811,2025-07-31T18:44:17
11513,18446,2025-07-28T04:27:44
49581,59125,2025-03-04T02:33:54
6636,42871,2025-10-24T00:35:52
25442,22371,2025-01-19T09:27:45
9774,57147,2025-03-04T21:55:59
26628,21471,2025-04-28T08:43:05
8333,44567,2025-01-12T19:40:13
39700,62768,2025-04-02T10:32:22
39235,498,2024-11-17T00:49:57
33882,29519,2025-06-07T04:49:57
12222,62891,2025-04-04T04:47:48
24998,44620,2025-02-16T01:19:30
45477,81946,2025-04-17T20:14:03
20760,97771,2024-11-30T14:58:45
10499,78326,2025-08-20T22:30:22
22831,71266,2025-08-23T12:07:00
47217,41935,2025-02-04T20:53:28
31713,5024,2025-05-07T07:17:36
20064,51180,2025-02-27T02:27:49
4367,59713,2024-11-17T16:48:46
3891,84818,2024-11-21T02:52:58
11570,53285,2025-04-20T09:05:02
49406,10396,2025-02-11T12:50:44
4720,19227,2025-01-24T09:21:18
15178,86844,2025-09-19T14:56:22
25544,93079,2024-11-27T10:54:55
25306,35575,2025-06-28T13:29:25
32301,59189,2025-01-25T08:52:43
8743,82400,2025-03-26T15:42:39
44643,67085,2025-03-18T16:50:33
34396,23439,2025-04-01T15:05:51
41143,14734,2025-09-01T21:11:43
26286,99715,2025-07-31T05:05:05
26667,37479,2025-08-28T14:12:22
35492,69209,2025-06-17T02:25:22
18096,55175,2025-09-01T02:27:59
19581,56997,2025-05-28T03:27:43
44864,12715,2025-03-17T18:07:05
27199,62024,2025-01-19T02:24:03
35913,85031,2025-02-19T19:58:19
32364,63675,2025-09-10T07:47:10
9521,88377,2025-10-08T18:25:33
7709,59623,2025-03-28T01:27:34
34131,7215,2025-04-18T17:18:25
24753,25646,2025-09-12T01:56:25
5324,62572,2025-07-04T08:19:33
47290,79132,2025-03-30T19:51:32
29262,25398,2025-08-25T03:27:43
26326,12681,2025-04-19T02:03:36
44529,70695,2025-06-12T06:53:26
32122,99781,2024-12-13T10:21:43
49429,38830,2025-07-07T15:04:27
21577,61753,2025-01-01T02:09:55
12023,15724,2024-11-21T09:04:17
28632,72429,2024-11-18T02:15:15
30842,31522,2024-11-08T21:42:50
7958,12694,2025-05-11T12:01:25
24609,67171,2024-12-22T11:01:31
32069,53669,2025-05-21T17:45:25
35863,56600,2025-10-19T13:19:00
15898,59510,2025-04-04T01:10:10
35070,23256,2025-02-20T18:14:50
7072,5684,2025-09-19T22:51:44
48068,69751,2025-08-13T23:49:05
10674,27618,2025-06-11T20:17:12
10160,69794,2025-04-30T18:28:12
1455,10528,2025-05-10T05:23:07
8819,85071,2025-04-11T03:48:54
38166,3499,2024-12-10T16:09:24
35801,74287,2025-07-18T01:22:38
41526,26421,2025-04-16T21:43:55
122,19289,2025-08-01T17:28:25
1946,46781,2024-12-30T18:25:35
19960,72685,2025-09-20T02:40:28
15492,99543,2025-07-05T01:06:37
45064,11038,2025-01-23T21:19:57
37249,56717,2025-10-15T19:12:29
18324,20112,2025-01-13T15:18:31
4521,26889,2024-12-09T02:09:24
11119,14752,2025-10-12T08:33:27
20681,28429,2025-10-11T12:22:04
188,61287,2025-09-02T15:10:24
20718,73880,2024-11-25T18:05:45
44046,42299,2025-03-12T16:48:44
14558,16716,2025-02-12T16:22:49
12335,19294,2025-01-22T23:51:45
31931,3034,2025-09-04T13:57:12
6966,68787,2025-05-15T00:51:34
49150,11876,2025-04-07T06:41:28
14070,95829,2025-01-02T20:54:38
32805,98840,2024-12-11T04:28:08
38469,38323,2025-10-08T01:55:31
37765,18087,2025-08-23T20:54:59
9801,83082,2025-08-17T15:12:04
21777,88082,2024-12-07T03:20:01
19816,82832,2025-08-18T10:44:29
4808,57835,2025-04-09T17:46:59
14211,73997,2025-06-21T20:13:37
45904,647,2025-05-30T10:19:34
45992,10558,2024-11-20T11:39:38
9951,95922,2025-02-21T03:54:11
49882,24608,2025-01-11T11:52:49
48185,76667,2024-11-10T09:41:41
36041,93455,2025-11-02T16:43:26
226,74836,2025-04-06T22:17:00
34253,62401,2025-08-16T22:09:53
18556,18397,2025-04-14T19:38:54
18850,59237,2025-03-30T04:49:29
49963,30022,2025-10-17T17:51:04
13899,91580,2025-09-02T08:35:10
29594,8840,2025-07-27T08:35:00
20141,789,2024-12-12T19:57:27
44778,99070,2025-05-17T10:41:17
17243,91473,2024-12-26T18:03:49
5994,65906,2025-06-11T00:05:23
11271,95331,2025-01-27T01:10:15
28261,48077,2025-07-25T08:47:48
2069,2309,2025-04-02T19:52:13
40614,66103,2025-08-02T10:58:34
12785,78871,2025-09-30T06:15:26
37912,81550,2025-05-07T06:22:01
31577,71458,2025-06-18T04:04:49
38107,53588,2025-01-26T17:02:17
28496,78293,2025-08-28T06:24:47
42508,58546,2025-05-06T08:52:29
23012,22965,2025-10-13T02:12:46
8025,68046,2025-08-01T09:28:26
15763,73142,2025-03-27T18:04:36
47755,66031,2025-05-09T10:28:38
45702,94401,2025-06-14T13:34:55
40209,39183,2024-12-02T03:55:50
30796,20002,2025-01-25T20:12:07
13943,21066,2025-10-13T02:11:14
2115,42021,2025-03-25T18:21:12
45755,63103,2024-12-21T10:49:26
36377,50774,2025-08-16T05:33:48
30299,13706,2025-10-30T08:53:36
10679,93357,2025-01-27T09:47:37
38596,61260,2025-01-30T14:12:26
3263,92773,2024-11-07T09:59:32
41459,69435,2024-11-09T17:17:54
48874,17997,2025-10-03T00:56:00
15328,45570,2025-05-21T18:26:43
34451,64571,2025-10-05T12:46:50
39868,59135,2025-09-09T21:57:09
42092,82358,2025-02-08T16:40:10
1842,57396,2025-02-28T22:50:39
3042,61162,2025-05-13T04:26:50
1235,4570,2024-12-05T15:14:18
1753,62932,2024-12-31T05:50:22
17294,31865,2025-10-02T18:40:57
29472,71235,2025-03-19T05:53:12
40410,96764,2025-06-17T14:02:55
28828,39232,2025-02-22T11:56:21
12265,35969,2025-10-16T23:25:31
39550,56011,2024-11-23T13:12:37
43382,26552,2025-02-15T14:27:44
24724,51721,2025-01-09T08:11:26
18729,43938,2025-10-17T23:34:35
40190,64140,2025-10-03T12:25:53
38676,57152,2024-12-12T13:39:13
10021,74589,2025-08-11T03:21:44
29146,29428,2025-10-05T00:30:55
38930,80525,2025-08-06T11:19:38
28663,96093,2024-12-02T10:53:36
45612,16678,2025-08-19T09:20:09
16091,64228,2025-09-30T01:50:54
6566,43430,2025-04-26T08:56:14
41124,86067,2025-10-03T15:16:17
47910,53128,2025-06-22T11:52:59
1902,82127,2025-04-12T11:44:25
13903,75384,2025-07-08T23:17:47
41709,75928,2025-05-02T09:46:09
6014,91595,2025-09-24T10:12:52
32212,46505,2025-06-29T00:21:26
35673,19165,2024-12-15T17:01:57
20343,68331,2025-09-05T11:11:21
38954,23397,2025-08-29T15:22:12
2297,95428,2025-03-07T21:07:18
13324,86095,2025-04-18T15:52:31
19588,54602,2025-09-08T13:31:00
12190,5829,2025-09-12T09:52:26
11827,35074,2025-03-22T18:04:25
11743,13479,2024-11-23T05:01:59
37847,11770,2025-01-26T16:15:24
14679,74669,2025-02-15T23:00:18
19263,11710,2025-04-18T18:53:27
14794,51726,2024-12-11T13:20:12
43971,83267,2025-07-06T06:43:53
17134,85942,2025-09-19T10:02:15
32466,18713,2024-11-08T22:38:43
2737,74576,2024-12-03T21:16:49
16738,91387,2025-09-11T15:41:05
18558,73457,2025-06-15T05:21:45
23790,67790,2025-04-24T19:42:10
8142,31668,2025-08-22T06:28:05
33235,67895,2024-11-14T02:17:55
30037,29778,2025-09-10T08:09:58
16127,12881,2025-03-30T14:05:02
25406,79487,2025-02-22T20:53:21
30133,1434,2025-05-02T01:06:25
1911,16940,2025-09-29T18:52:22
1132,42685,2025-07-08T06:25:59
37416,43758,2025-08-24T15:34:24
29245,49672,2025-05-06T13:37:12
2739,85177,2025-10-18T07:41:22
11781,13032,2025-01-29T10:31:31
22379,34157,2025-09-11T23:19:38
34667,70835,2025-09-30T06:56:59
1810,747,2025-09-26T17:33:59
45007,62920,2025-09-18T06:38:03
33791,98655,2025-06-26T17:51:13
12523,16680,2025-02-23T15:04:18
19587,15810,2025-02-18T05:07:53
36230,47308,2025-06-26T13:22:22
4809,35899,2025-09-16T06:31:05
18205,79349,2025-04-28T00:17:30
4793,57748,2025-06-15T14:45:32
21388,66206,2025-03-29T23:42:44
21907,441,2025-02-28T13:34:58
45798,91703,2025-03-07T05:47:31
8143,26323,2025-07-29T01:29:04
1085,20892,2025-06-30T04:11:21
44727,88444,2025-03-20T01:13:33
27424,80412,2025-05-28T15:54:07
44054,18159,2025-10-31T03:58:45
26627,93245,2025-03-11T15:59:51
22597,410,2025-08-06T10:03:14
31778,12896,2025-05-22T00:23:29
37931,15217,2025-07-31T23:42:11
20352,4279,2025-05-22T07:07:52
23714,59783,2025-09-07T00:36:46
35317,14744,2025-07-09T03:50:58
49855,2999,2025-08-01T21:26:21
27317,826,2025-03-15T21:28:23
6902,55090,2025-08-27T01:16:01
28211,97480,2025-02-18T14:34:04
2215,8280,2025-07-12T23:16:23
23821,29216,2024-12-05T16:45:14
35904,84513,2025-10-27T11:23:06
32332,2177,2025-03-03T09:16:53
18194,63508,2025-04-01T00:08:03
17148,71885,2025-11-04T02:32:15
39370,31961,2025-04-25T08:15:13
38379,61875,2025-01-16T04:03:47
27944,25633,2024-12-05T15:42:17
8257,21533,2025-06-04T11:22:56
23239,35386,2025-08-21T23:20:34
29553,62615,2025-09-04T04:38:47
14101,91268,2025-09-14T21:39:26
17522,45314,2025-06-06T23:20:55
8192,58830,2025-01-24T11:32:39
29888,8255,2025-11-06T03:40:07
10897,57097,2025-07-18T11:41:10
31,50569,2025-09-04T11:50:00
8985,67546,2025-01-24T07:13:50
41563,68424,2025-08-03T00:29:44
18903,99186,2025-07-26T06:18:55
4830,71178,2025-06-07T06:58:14
47884,37687,2025-07-09T07:40:02
34202,61927,2025-01-07T19:09:52
37033,65520,2025-10-19T07:53:18
11197,52423,2025-02-14T17:48:42
20150,98356,2025-06-17T06:09:54
14473,40931,2024-12-22T12:37:21
19803,48901,2025-03-15T05:54:23
36945,58331,2025-05-26T12:30:53
15976,2035,2024-12-27T22:50:35
19529,41291,2025-05-13T02:27:23
9330,77901,2025-06-27T02:40:03
48538,92319,2025-04-15T01:34:39
33687,41665,2025-09-16T01:59:10
34179,37410,2025-09-15T09:24:44
42701,19164,2024-12-26T07:41:27
34959,66818,2025-10-24T18:06:00
35554,96782,2025-07-03T08:28:34
20469,912,2025-05-19T04:36:08
12222,62770,2025-06-18T08:59:25
1128,54895,2025-07-25T18:01:49
6902,12051,2025-03-28T00:29:52
18545,56764,2024-11-07T09:35:04
16884,54062,2024-11-17T12:14:40
4044,66900,2025-01-25T12:04:06
27277,6727,2025-01-26T23:07:00
28946,11789,2025-09-21T09:55:23
8099,227,2025-03-21T15:47:11
44366,30036,2025-01-09T13:07:53
19675,43851,2025-04-17T17:49:55
41430,32439,2025-10-05T22:12:49
22823,54627,2025-05-03T19:17:25
31861,99035,2025-06-20T04:29:48
36413,89076,2025-06-25T11:15:54
39574,34169,2025-08-21T03:03:25
26852,91934,2025-05-27T08:40:25
18781,45378,2024-12-19T06:07:31
46279,16843,2025-04-21T00:35:18
42727,61471,2025-06-14T04:01:07
38505,83756,2025-10-19T02:59:28
6084,99009,2025-06-07T04:09:44
18364,68302,2025-09-08T07:19:35
5584,296,2025-08-20T13:21:33
9793,40596,2025-02-16T01:58:27
11206,16156,2025-04-07T18:28:14
12859,25586,2025-09-06T06:04:00
47209,80224,2025-10-05T18:04:55
11499,83456,2025-05-13T06:58:21
46544,37014,2025-10-01T08:44:39
1156,86821,2025-04-30T08:18:00
4200,78281,2025-10-13T19:39:25
36552,79333,2025-04-12T13:56:54
43279,13456,2025-04-28T10:22:27
12856,61792,2025-05-07T03:52:46
11096,68511,2025-05-09T18:21:04
47927,55704,2025-04-28T12:09:02
28838,23958,2025-07-31T17:23:45
43747,60415,2025-08-30T20:00:29
10438,87000,2025-03-07T10:59:00
45715,91536,2025-08-24T20:30:24
31174,86267,2025-09-05T21:00:30
21000,29385,2025-02-11T03:10:17
6373,84237,2025-01-14T13:45:14
49365,54303,2025-01-29T00:08:06
24075,57349,2025-10-11T03:02:15
40340,43185,2025-05-23T20:12:48
48558,20805,2025-02-01T23:04:51
24559,35544,2025-04-29T22:57:43
35083,83980,2025-05-10T03:15:36
31880,91374,2025-04-28T18:30:37
28054,21227,2025-09-19T03:07:49
16421,13608,2025-02-20T19:20:28
26118,18720,2025-10-08T23:10:50
4289,2447,2025-06-23T06:29:20
9883,47335,2025-04-10T04:13:56
8235,33192,2025-06-12T13:15:42
30811,79923,2025-10-07T20:27:51
8385,22768,2025-08-12T00:44:04
8811,8629,2025-06-14T11:55:06
18835,97675,2025-03-03T18:09:40
34905,47880,2025-08-20T12:16:10
29201,10105,2025-09-28T10:09:50
27778,95507,2025-04-23T08:03:24
36068,16461,2025-07-19T19:42:16
37413,75831,2025-07-13T20:45:05
20682,66522,2025-10-06T06:23:25
48797,83330,2024-12-16T20:09:03
4702,87171,2025-09-25T12:51:08
43967,56067,2024-11-09T12:37:23
38860,57917,2025-09-01T07:19:07
19566,56930,2025-06-11T01:40:25
41497,6066,2025-06-19T04:09:16
39720,72841,2025-07-28T22:56:43
27969,55125,2025-04-11T08:38:19
21199,65580,2025-03-30T19:53:01
121,7578,2025-03-11T20:26:08
47358,82669,2025-08-09T14:32:04
30214,96920,2024-11-29T06:49:30
41028,49019,2025-02-27T11:29:02
8976,2480,2025-03-29T19:31:37
40136,91141,2025-04-19T18:24:19
34422,17061,2025-09-10T07:26:14
9964,63787,2025-08-04T05:27:04
35327,17313,2025-09-10T15:10:13
44122,47560,2025-07-05T22:22:59
48261,70777,2025-09-02T02:43:11
15264,62900,2025-09-09T21:41:11
41293,20680,2025-03-04T06:21:16
46924,83174,2025-01-15T18:18:58
40342,11812,2025-09-13T06:24:40
30620,98686,2025-07-14T22:10:32
22251,16802,2025-09-24T12:47:06
1703,75049,2025-01-08T05:23:32
35402,64453,2025-01-11T04:19:04
14652,82955,2025-03-16T11:37:47
28218,17759,2024-12-02T20:17:45
7658,13223,2025-01-15T03:25:08
6520,20317,2025-08-28T14:15:38
41927,3750,2025-05-31T14:54:50
21487,96230,2024-11-27T20:59:36
26530,6752,2025-04-22T18:44:10
4034,77902,2025-07-13T04:41:57
22458,99520,2025-02-11T01:59:29
28849,9759,2025-03-31T03:20:11
1213,84585,2025-01-30T03:03:41
9736,6203,2024-12-22T10:27:01
22351,73471,2025-09-25T18:34:55
21030,80061,2025-02-08T01:44:18
1663,73052,2025-01-13T20:13:21
15004,92734,2025-07-26T09:46:36
31045,82836,2025-11-04T16:28:55
7495,87129,2025-08-24T12:28:25
11775,11905,2024-12-03T00:19:48
45774,41767,2025-03-17T07:23:54
40986,33376,2025-05-10T18:04:34
42727,81051,2025-05-17T11:51:31
6075,69303,2025-09-30T04:22:12
13023,17490,2024-12-01T06:13:26
9920,56981,2025-09-11T16:37:54
16004,20328,2024-11-26T07:19:08
2919,21290,2025-02-24T11:12:17
17630,33999,2025-02-08T20:27:25
19813,16185,2025-02-12T16:21:58
21135,78137,2025-06-28T04:22:47
43500,57443,2025-06-21T02:00:06
38601,21915,2025-07-20T19:31:35
15080,35751,2025-01-06T07:15:42
47734,31244,2025-03-01T00:12:35
40799,849,2024-11-08T05:26:21
27248,80068,2025-01-23T11:29:16
28613,69525,2025-09-18T23:45:38
24136,37969,2025-06-26T15:04:29
20382,47314,2025-02-14T07:59:25
46859,1797,2025-04-29T08:55:31
15398,63302,2024-12-20T03:46:29
21970,78329,2025-01-08T11:50:05
676,12430,2025-02-14T02:37:07
35511,33559,2025-03-13T17:04:51
40307,26287,2025-03-19T00:23:39
23033,92415,2025-07-07T16:41:46
34643,65758,2024-11-25T11:23:04
25456,31897,2025-05-13T23:41:54
19046,23156,2025-09-19T15:11:09
8532,89275,2024-11-22T21:53:39
31642,3403,2025-06-19T00:21:14
31736,92155,2025-08-19T22:55:00
37642,75048,2025-04-10T22:46:56
15203,15972,2025-02-05T17:45:51
23749,17603,2025-09-23T16:18:43
5674,73059,2025-04-24T21:29:22
11670,59963,2025-08-01T14:50:24
30584,51728,2025-08-04T18:51:15
20496,75585,2025-01-06T19:56:07
45815,33426,2025-06-13T09:07:32
46613,305,2025-02-14T02:11:51
38365,54385,2025-06-02T23:32:58
43360,4031,2025-09-29T07:22:20
21165,11893,2025-03-09T06:55:31
6387,35414,2025-01-25T02:19:37
49400,2787,2025-02-19T01:06:20
31649,83059,2025-06-30T08:39:42
41730,58955,2025-10-03T01:15:26
41328,21063,2025-02-10T20:08:14
26878,16101,2025-04-12T23:58:40
34220,13485,2025-05-05T06:03:03
34630,15315,2025-09-23T00:19:16
222,5218,2025-01-06T15:21:31
43693,63906,2025-09-12T12:09:58
36177,93425,2025-09-14T05:16:43
22665,28348,2025-11-04T06:35:15
23183,9159,2025-07-08T20:28:45
2044,10827,2025-01-02T02:25:56
6357,48172,2025-08-15T01:41:57
18608,34926,2025-05-24T07:04:00
41923,76064,2025-11-05T12:44:58
22232,11504,2025-07-27T18:12:12
21440,39312,2025-10-08T13:56:31
26287,50807,2025-07-03T11:55:08
18870,23110,2025-09-29T17:36:28
46714,93898,2025-04-25T18:29:13
34309,58626,2025-10-26T02:23:59
33111,14918,2024-12-07T08:03:08
12314,92319,2025-01-24T18:51:48
47299,37579,2024-12-05T06:40:17
11375,39152,2025-08-03T08:02:19
16718,15997,2025-02-12T04:20:40
45914,87098,2025-08-18T04:33:13
49380,17204,2025-02-13T03:21:50
6031,4578,2025-07-29T11:12:52
24402,75421,2025-08-13T21:31:41
27960,85253,2025-10-29T19:40:08
32461,53159,2025-03-13T21:01:38
11376,51648,2025-10-10T15:48:49
19840,64929,2025-01-13T17:02:00
42502,78630,2025-10-11T06:37:39
7584,15073,2025-02-09T00:23:13
41353,63034,2025-06-03T10:45:09
4299,87503,2025-08-30T23:58:22
18214,81874,2025-08-03T16:38:27
36942,79353,2025-02-09T15:09:14
20363,3176,2025-07-21T23:39:37
28255,87020,2024-12-09T09:33:36
26007,7784,2025-09-04T16:00:07
41560,95807,2025-02-28T06:27:36
28326,73318,2025-10-31T18:41:03
26777,611,2025-04-15T04:30:44
25901,58514,2025-01-04T08:04:57
19287,86349,2024-12-11T05:53:39
829,70053,2025-01-23T02:56:00
34974,90683,2025-08-30T03:43:53
48081,42940,2024-12-02T13:18:00
29014,80691,2024-12-09T14:46:23
31255,65129,2025-05-21T07:04:51
38610,52190,2025-10-06T16:31:43
7956,58711,2024-12-24T03:19:10
8917,55105,2025-02-04T17:36:47
24307,68762,2024-12-09T04:54:39
7872,39341,2025-06-22T08:12:44
35449,3402,2024-12-31T03:43:02
27905,71095,2025-02-25T10:09:01
41215,5843,2025-05-26T19:04:05
25901,63752,2025-07-16T14:40:43
49557,16965,2025-02-22T00:48:29
34195,6209,2025-09-15T21:56:32
28878,61242,2025-06-19T15:28:01
12777,21608,2024-12-16T14:25:17
15182,12993,2025-08-19T14:28:58
22270,78189,2025-03-16T21:08:32
27223,20547,2025-10-25T16:27:36
38390,73379,2024-11-26T04:02:35
27269,35544,2025-10-06T18:02:04
12712,84672,2025-04-21T19:32:54
9852,50944,2024-12-17T03:11:31
48578,50742,2025-01-18T01:56:39
38276,22276,2025-06-25T05:56:51
23123,51859,2024-12-23T16:15:01
48100,8077,2024-12-04T23:33:02
25503,4772,2024-12-11T22:48:50
18728,9088,2025-11-03T17:52:28
31499,97572,2025-04-12T16:30:39
14285,60091,2025-02-06T07:25:17
6559,56330,2025-01-30T19:08:09
27953,96339,2025-01-18T17:27:46
7113,79310,2025-04-23T16:18:16
31344,5233,2025-06-02T02:55:06
10079,32056,2025-06-27T21:30:06
41761,60916,2025-04-02T11:50:54
8053,24005,2025-01-04T11:52:49
1500,69460,2025-07-22T17:42:19
37945,26341,2025-03-15T00:50:26
38393,54258,2025-11-04T18:15:30
10252,57,2025-07-02T21:54:58
9772,89738,2025-03-12T23:11:57
46583,3008,2024-11-15T20:29:41
48459,80462,2025-03-25T13:19:10
11913,37692,2025-03-27T23:55:58
11962,71940,2025-10-22T10:18:38
36359,91199,2025-08-17T09:05:23
40211,71513,2025-06-10T10:24:46
42315,17441,2025-06-25T08:35:59
1960,42523,2025-08-17T05:07:04
13541,61990,2024-12-22T17:43:16
26873,98948,2025-02-27T23:59:09
27677,76607,2024-12-19T16:40:54
9518,3310,2025-03-13T17:37:52
163,35214,2025-02-18T02:39:39
4731,23778,2025-03-14T00:48:11
47189,49763,2025-09-11T19:00:29
16826,12808,2025-08-29T23:33:34
19418,73681,2025-02-22T00:55:07
48827,8208,2025-05-29T08:59:53
3497,33532,2025-08-22T15:39:11
14734,290,2025-08-15T14:13:22
44123,93318,2024-12-12T01:05:50
44230,64926,2025-02-24T22:06:54
38644,38349,2025-10-10T18:59:25
24420,25705,2025-09-15T08:01:35
25049,54218,2025-03-20T16:13:00
43419,59078,2025-07-18T05:16:45
38665,37865,2025-06-28T16:07:27
33305,51943,2025-08-10T02:26:15
31302,42864,2024-11-28T18:40:44
12807,3687,2025-02-11T06:59:08
34734,66877,2025-06-03T23:47:13
34689,75395,2025-04-17T21:17:06
23549,36432,2025-06-26T13:10:52
30719,53663,2025-02-23T03:58:35
46962,74495,2025-04-30T16:02:39
21011,50319,2025-02-27T02:08:21
15565,70410,2025-05-17T05:48:10
25965,25867,2025-09-14T22:54:08
48075,68039,2025-03-07T04:32:36
13186,37210,2024-11-27T06:16:53
45098,81011,2025-04-28T16:06:58
824,45239,2025-02-18T03:04:56
24222,74247,2024-11-24T11:27:07
44985,10917,2025-01-25T11:13:59
42199,31345,2025-03-16T03:57:58
10852,60740,2025-08-18T13:50:24
24834,62990,2024-11-26T09:13:11
45350,21538,2025-05-22T18:44:30
29416,49052,2025-10-27T16:05:27
7667,67646,2025-09-13T06:21:46
49344,10946,2025-07-17T09:27:02
25244,80836,2025-04-20T21:35:25
6125,37992,2025-01-10T14:10:21
44516,93827,2025-07-04T15:04:46
13388,9799,2024-11-18T22:17:33
40639,85024,2025-06-20T12:51:10
45306,87905,2024-11-22T22:59:25
4084,86378,2025-09-09T14:57:45
48422,42569,2025-02-02T10:35:09
15977,20446,2025-02-15T03:12:44
16504,95369,2025-04-14T15:33:57
40410,2194,2025-09-30T02:28:31
41412,43336,2025-02-10T02:06:19
14827,26803,2024-12-05T12:24:18
14376,89513,2025-07-10T09:40:32
29011,69066,2024-11-26T12:14:48
22931,68453,2025-09-24T00:02:10
40588,27974,2024-12-13T13:18:33
9021,35314,2025-10-25T20:02:53
16281,4949,2025-06-10T21:42:36
40106,30440,2025-05-25T13:14:19
46841,18282,2024-12-19T02:59:56
16291,90616,2025-03-08T21:15:50
30754,91532,2025-01-06T16:06:46
19663,36169,2025-08-25T21:47:23
46458,75638,2025-03-01T02:25:59
32662,17151,2025-05-17T14:04:33
9185,17589,2024-12-12T01:51:50
10437,34774,2025-06-16T14:19:07
34181,47756,2025-08-09T23:46:49
45518,26891,2025-10-29T22:28:45
2444,90003,2025-08-12T04:18:18
27743,81987,2025-04-26T20:34:26
8340,56656,2025-03-25T04:53:15
47867,7715,2025-07-01T05:43:18
45065,38676,2024-12-24T00:08:14
37379,76903,2024-11-15T03:06:29
10503,98665,2025-08-12T17:42:16
19533,60994,2025-04-06T10:52:14
9935,1433,2025-01-17T14:31:19
26479,78964,2025-03-18T15:03:16
41815,44312,2025-09-24T15:23:44
26262,15937,2024-12-24T08:41:22
40934,70720,2025-01-25T18:07:58
113,88422,2024-11-19T17:11:29
13804,73793,2025-05-26T14:27:59
46061,46461,2025-03-25T05:22:29
9815,95524,2024-12-24T23:08:33
20279,44786,2025-04-04T02:10:49
27105,5200,2025-03-15T21:29:40
27516,14377,2024-12-02T11:18:47
18646,38242,2024-12-23T22:10:55
26359,88657,2025-09-04T13:15:45
24555,79807,2025-06-03T04:38:12
9164,959,2024-11-29T12:32:09
5617,87070,2025-09-07T03:43:15
25444,36537,2025-06-13T11:18:25
35095,89907,2024-11-13T08:47:12
34292,65965,2025-08-29T10:02:05
37946,13962,2024-12-14T11:09:21
19504,60149,2024-11-17T16:59:25
37447,27142,2025-03-17T18:48:28
38214,78734,2025-09-16T10:37:55
49711,99004,2025-03-27T18:02:54
47700,56891,2025-03-15T12:59:34
49343,88743,2025-10-23T05:25:36
19418,44370,2025-02-08T16:30:22
35403,43543,2024-11-22T02:18:06
18357,37561,2025-06-24T23:16:52
23401,42313,2025-05-17T17:20:32
5823,67333,2025-07-26T21:00:17
44828,23114,2025-06-13T07:14:07
13184,20785,2025-08-03T08:28:51
38045,64299,2024-11-13T17:02:28
33707,80991,2025-03-03T11:23:48
9275,77061,2025-08-11T23:00:49
23440,56293,2025-07-10T14:11:58
11889,54543,2025-06-17T13:29:52
17247,37095,2025-11-02T13:43:12
41546,70957,2025-10-24T23:13:28
16898,25251,2025-05-29T01:54:04
11236,22705,2025-09-09T16:44:01
36621,25497,2025-01-06T11:48:42
4549,73206,2025-04-27T21:16:58
8981,26907,2025-03-22T04:21:30
8714,36993,2025-09-07T19:29:40
38895,76907,2025-06-14T12:48:14
11597,33598,2025-05-22T16:50:39
33962,81066,2025-03-15T19:44:19
4699,72048,2024-11-27T21:35:09
44814,16492,2025-10-14T07:02:20
42258,2315,2024-11-06T17:45:12
37014,55304,2025-03-04T02:36:01
41123,12968,2025-04-17T15:12:50
43025,26886,2025-06-05T12:04:29
34267,98273,2025-02-13T10:31:46
22531,45087,2025-01-09T02:25:05
46025,51079,2024-11-23T12:09:38
14024,22297,2025-09-13T17:43:21
30302,61405,2025-08-04T18:54:23
37482,49140,2025-02-03T21:48:54
42666,98043,2025-09-21T03:22:32
16302,76772,2025-04-17T01:33:59
42559,80373,2025-02-21T20:34:00
20508,92658,2025-08-14T09:44:40
16157,8804,2024-12-15T05:36:14
3442,98707,2025-06-30T18:29:03
6396,87706,2025-04-19T00:55:45
18663,64980,2025-10-16T23:59:12
28725,4787,2025-08-31T02:41:32
34660,35399,2025-09-07T16:59:52
19637,86610,2024-11-21T10:36:54
42012,61074,2025-02-21T01:39:36
5483,12606,2024-12-25T20:08:45
28872,11636,2025-06-02T04:09:46
33551,99810,2025-05-07T22:20:31
45955,97866,2024-12-10T13:12:58
32311,39120,2025-02-24T06:51:38
24182,63875,2025-01-25T13:12:19
9678,8896,2025-05-20T18:56:52
30071,53114,2025-03-17T08:37:32
2479,44424,2025-05-02T11:42:33
6232,1022,2025-02-24T22:18:19
18646,84842,2025-02-15T10:45:34
317,90839,2025-09-18T10:30:14
26918,11320,2024-12-29T04:55:18
24543,685,2025-07-27T21:16:58
6805,17964,2024-11-10T16:01:12
15131,35180,2025-07-09T11:33:58
33537,55121,2025-01-15T18:16:27
6232,67532,2024-11-12T23:18:25
1404,53027,2025-05-07T11:22:33
7312,12746,2025-10-30T15:17:32
38591,37166,2025-05-22T22:31:01
22602,77307,2025-01-25T05:35:35
24295,26670,2025-07-25T07:41:37
11573,32331,2025-02-09T11:30:42
12898,39113,2025-02-25T08:53:07
12890,30866,2025-01-27T22:09:32
20715,58773,2025-07-14T01:26:33
39726,22185,2025-02-12T17:15:41
5049,73211,2025-05-22T03:36:46
42752,18927,2024-11-14T15:04:20
2998,89655,2025-02-13T20:39:27
8263,29016,2024-11-19T08:33:08
33734,8253,2025-04-27T08:53:13
16082,58647,2025-08-23T20:21:04
46238,77203,2024-12-31T00:49:12
583,41529,2025-05-19T05:23:34
24343,93261,2025-09-01T07:59:24
43334,30336,2025-09-22T01:57:36
5541,6656,2025-01-12T02:34:29
35787,74513,2025-06-01T13:11:44
43821,64594,2025-05-28T11:40:53
47674,83733,2025-03-18T04:14:23
48281,73788,2024-12-31T21:53:57
21050,39200,2024-12-08T14:28:07
2346,97714,2025-08-05T17:51:50
24335,84426,2025-06-18T20:09:12
6271,62607,2025-08-22T05:06:43
19663,10610,2025-09-29T11:49:36
32079,33443,2025-09-07T03:54:01
21331,28555,2025-07-05T05:28:19
44602,28808,2024-12-27T14:15:45
12510,39574,2025-01-21T10:25:01
38116,26243,2025-08-17T03:42:54
31707,39246,2025-10-01T15:22:08
43985,75662,2025-10-31T08:33:15
43807,26556,2025-08-07T02:39:39
6238,96506,2025-05-28T08:55:45
39034,57209,2025-06-21T06:59:59
8281,72927,2025-05-20T05:18:18
16246,12972,2025-07-24T17:23:13
32504,95677,2025-04-20T16:52:58
24764,51545,2025-04-05T09:25:07
3731,64657,2025-08-30T02:17:09
19842,44838,2025-06-10T16:42:08
40725,10142,2025-04-01T14:26:43
18310,9672,2025-05-26T21:41:21
42266,74356,2024-12-26T06:15:10
38581,47730,2025-02-24T18:53:37
27731,83960,2025-07-15T10:45:46
43921,80270,2025-03-25T12:07:38
41755,16158,2025-06-30T16:17:38
3732,90150,2024-12-26T11:34:50
2141,43208,2025-01-17T18:53:42
23334,43870,2025-01-11T23:34:12
48431,43753,2025-07-09T15:23:41
9896,56614,2025-05-25T15:40:23
19774,8088,2025-08-03T18:08:47
21189,11176,2024-11-15T09:34:22
6857,49932,2025-05-11T12:56:36
19198,58423,2025-03-13T00:28:12
48704,62689,2025-08-12T12:03:08
47970,7599,2025-08-23T09:50:39
23347,60415,2025-07-09T07:00:36
38338,14164,2025-05-01T11:28:18
7342,85838,2024-11-11T21:37:40
7245,81790,2025-07-01T05:19:08
5425,63565,2025-11-02T22:18:37
43521,37005,2024-12-22T03:41:54
11006,66197,2025-02-14T06:19:50
22002,37960,2025-01-06T15:00:50
34515,47091,2025-01-24T10:02:46
32822,15807,2025-10-20T06:51:25
8517,9343,2025-03-18T12:06:54
33928,56064,2025-03-27T08:13:58
30906,25438,2025-07-15T08:09:57
1611,47751,2024-12-31T22:22:16
61,84121,2025-02-16T04:57:23
11597,91294,2025-08-03T01:27:06
31586,2382,2025-08-09T06:42:53
14288,38625,2024-12-24T20:51:05
45571,65445,2025-02-09T17:18:51
35981,23532,2025-02-19T21:20:00
49094,71576,2024-11-24T09:40:09
40519,80349,2025-08-31T10:28:50
35711,68812,2025-03-27T19:12:14
2518,312,2024-11-27T19:35:33
10518,33581,2025-02-24T02:27:29
21895,56386,2025-02-14T08:17:25
13443,87149,2024-12-10T13:02:59
460,58564,2024-11-11T12:09:28
37339,36539,2025-07-01T14:58:58
10717,6527,2025-02-06T02:18:17
42199,69888,2025-03-21T22:14:31
13262,50225,2025-05-29T08:03:52
12413,94981,2025-04-05T09:57:51
37662,22667,2025-11-02T11:17:07
19983,43152,2025-02-06T04:26:14
17614,32634,2025-05-05T10:35:41
26110,92643,2025-09-09T02:22:50
6438,78889,2024-12-06T23:52:47
30987,65590,2024-11-19T17:28:27
25895,47776,2025-08-16T05:14:17
40023,51018,2024-11-22T02:22:00
22677,75304,2025-07-31T04:18:02
2403,41739,2024-11-17T18:29:58
46661,95178,2025-02-26T12:24:57
3857,38147,2025-10-27T12:05:54
10338,93139,2024-12-08T14:56:51
44566,43713,2024-11-28T17:36:12
14150,47472,2024-11-14T08:25:03
42921,62026,2025-07-07T00:14:53
7161,91705,2025-05-26T16:30:52
27896,50402,2024-11-07T21:01:12
16466,28406,2025-08-18T17:59:07
15878,25934,2025-01-05T04:51:04
20984,5593,2025-03-27T21:09:08
16506,42050,2025-04-18T20:04:21
26861,58432,2025-06-21T17:15:17
335,63367,2025-05-30T20:29:33
42055,37506,2025-10-11T21:24:12
42442,71136,2024-11-08T13:15:00
37368,90514,2025-09-28T18:19:11
22362,76566,2025-05-10T17:59:08
35300,4040,2025-03-15T21:47:39
48481,87396,2025-09-21T21:57:26
34386,61177,2025-08-08T05:12:34
37645,1680,2024-12-30T18:12:07
48706,8772,2025-09-01T12:22:30
42963,3275,2025-02-01T00:53:33
22000,30006,2025-03-27T13:15:10
21328,48007,2024-11-18T01:48:11
13335,34110,2025-03-23T17:06:46
12126,77543,2025-07-28T21:09:43
39418,29088,2025-01-27T23:23:34
24820,34112,2025-06-08T08:09:04
42585,62160,2024-11-07T23:07:33
45565,29320,2025-09-27T00:25:58
49539,38400,2024-11-23T05:18:28
12076,31882,2025-09-26T23:09:55
37754,88263,2025-09-04T20:33:43
44220,97820,2025-02-11T22:43:51
14122,50316,2025-09-13T09:05:40
12159,5767,2025-09-08T13:55:38
4350,90414,2025-07-17T14:35:19
46220,89783,2025-06-17T16:48:12
47192,25195,2025-09-09T01:45:36
21645,99054,2025-10-02T23:23:06
10228,70298,2025-07-28T20:36:47
12443,32994,2024-12-09T06:29:45
34718,72267,2025-05-24T20:23:17
43620,70951,2025-04-28T17:44:20
33558,11661,2025-06-11T18:40:11
11940,43407,2024-12-26T01:28:48
827,29292,2025-02-15T12:43:35
45136,61309,2025-08-18T12:40:12
35879,96714,2025-11-04T17:12:58
29245,33199,2025-08-02T01:54:34
42401,77490,2025-04-26T01:45:30
12631,25095,2025-02-07T00:39:06
29612,60926,2025-01-08T00:24:24
11841,80097,2025-09-20T04:46:30
20884,38813,2025-06-14T22:23:24
7915,43037,2024-11-16T19:22:10
3743,21969,2025-03-07T07:38:32
36827,76118,2025-07-30T06:03:50
36567,48668,2025-01-22T19:37:10
3662,77570,2025-03-17T05:53:35
46331,83055,2024-11-10T22:39:01
24173,8207,2025-01-02T23:36:15
30749,57865,2024-11-09T13:18:40
19812,16459,2025-02-28T13:25:56
4308,74253,2024-11-29T16:36:03
35893,70663,2024-12-12T16:51:18
758,68461,2025-02-27T00:30:25
46453,44684,2025-08-07T08:24:49
44770,54449,2025-01-10T12:23:03
5269,27590,2025-04-29T00:11:28
36915,63989,2025-01-30T05:17:09
26427,66213,2025-07-01T22:45:05
22567,71021,2025-04-26T05:30:34
16264,32733,2025-03-27T10:00:44
44735,58071,2025-01-23T19:37:41
25718,86936,2025-02-19T06:56:53
26578,8224,2025-04-19T03:58:48
26565,831,2024-12-22T18:40:13
16251,98806,2025-03-30T15:38:43
40888,84549,2025-06-13T04:54:10
19453,95022,2025-09-11T20:22:49
48463,37949,2025-09-27T07:49:24
20418,90722,2025-09-28T12:18:10
3357,94581,2025-07-16T06:06:56
8180,72796,2024-11-10T09:59:37
21329,65436,2025-04-01T19:39:33
26579,48266,2025-03-07T13:59:06
21554,57382,2025-02-11T09:49:36
37795,87911,2025-04-30T01:44:15
41576,62852,2025-08-28T14:04:05
16174,14912,2025-10-29T08:57:54
21611,67069,2025-10-09T21:26:50
29699,25918,2025-05-02T19:01:35
30388,37643,2025-09-17T07:32:07
14649,83774,2025-04-23T00:11:29
9825,50797,2025-05-10T10:57:12
38107,26034,2025-02-14T18:14:43
19633,39202,2025-01-23T10:56:30
12235,36972,2025-01-28T05:35:05
6769,92741,2025-06-04T08:54:37
9881,76193,2025-03-13T22:22:43
15932,71756,2025-03-02T10:08:44
28242,17448,2025-02-12T18:40:08
5239,8052,2025-01-13T20:26:19
22511,97405,2025-07-24T20:33:22
46546,45956,2025-11-01T11:51:51
2931,42416,2024-12-23T03:59:52
47126,77074,2024-11-09T22:08:45
13337,13944,2025-06-23T21:16:14
38448,81275,2025-09-12T01:28:27
17959,60897,2025-01-09T14:09:11
14494,28436,2025-04-17T20:27:26
1629,73065,2024-12-01T13:49:47
5471,63176,2025-02-18T04:04:23
19581,39066,2025-11-01T17:21:40
38522,30676,2025-06-05T02:13:28
12413,12947,2025-04-30T12:22:28
34374,74055,2025-04-14T21:42:16
49067,22520,2025-10-22T23:06:04
38839,55939,2025-09-16T21:56:48
12487,50955,2025-08-31T14:03:31
46316,48591,2025-03-04T19:02:09
26345,20012,2024-12-10T02:37:34
2657,26815,2025-03-30T14:29:01
25919,32523,2025-07-04T18:23:27
39752,66878,2025-08-25T14:19:35
49442,62567,2025-07-24T07:44:29
4442,75071,2025-01-17T07:32:07
12391,53462,2025-03-29T09:21:55
3929,59120,2025-02-05T02:34:16
45960,70773,2024-12-13T19:24:56
17430,46114,2025-09-30T05:32:11
28346,57627,2024-11-28T20:19:27
36408,22534,2025-11-02T04:20:46
36599,72708,2025-07-24T01:45:01
18708,6707,2025-05-18T09:27:31
40065,69112,2025-05-08T02:00:40
34306,93778,2025-05-02T04:49:16
33103,79485,2025-04-18T11:53:20
26447,77713,2025-02-17T02:36:12
23327,71584,2024-12-16T18:13:23
19442,27503,2025-07-27T10:43:41
45532,28177,2025-07-14T23:09:21
23072,73201,2024-12-16T10:26:14
28182,17019,2025-04-16T01:50:35
10037,60441,2025-10-04T17:30:52
25396,56886,2025-08-18T10:17:29
21515,43293,2025-07-26T01:47:07
6003,90482,2025-03-23T11:58:10
35440,93991,2025-01-04T08:02:12
48171,13266,2024-12-21T22:35:11
23779,38239,2025-06-15T05:46:58
16810,17124,2025-10-23T09:20:28
11477,50826,2025-10-18T02:20:05
35010,81390,2025-01-17T04:41:40
20312,13227,2025-06-22T23:59:20
9815,20737,2025-03-10T03:38:32
21468,16902,2025-01-28T09:13:36
47725,5353,2025-10-04T00:27:53
39432,94105,2024-12-18T02:17:26
17037,66763,2025-08-10T21:50:27
28490,22622,2025-02-18T03:11:16
12504,67101,2024-12-07T10:27:55
42813,69451,2024-12-20T08:27:10
27593,25190,2025-05-07T00:50:53
5860,94943,2024-12-21T23:10:53
7099,47869,2024-11-23T17:39:12
35757,60165,2024-12-07T07:10:11
7677,98640,2025-02-18T21:26:48
12949,21181,2025-07-03T17:21:24
27946,3219,2025-07-27T01:13:22
9921,19993,2025-11-04T11:23:02
26465,99905,2025-04-24T20:31:52
25878,95201,2025-02-10T04:06:08
21608,57614,2025-06-15T23:09:48
488,46508,2025-09-18T02:50:50
14689,54336,2025-07-19T23:59:23
1124,78667,2025-10-04T00:32:17
21103,15618,2025-01-14T19:20:17
9024,84844,2025-04-19T16:13:51
27294,96288,2025-09-06T18:29:32
49179,53638,2025-07-31T17:09:20
47473,77526,2025-06-14T23:11:27
48250,72310,2024-12-03T05:49:16
9343,52896,2025-05-18T23:16:26
35048,66920,2025-05-30T20:12:31
2401,27792,2025-09-19T08:56:37
22453,68169,2025-08-01T07:11:15
48022,75621,2025-08-10T18:53:29
703,99595,2025-09-18T06:35:04
9411,88728,2025-10-17T23:40:09
37213,58356,2025-10-12T08:54:00
35202,92650,2025-08-23T08:37:59
19298,28871,2025-10-28T09:00:22
46336,60937,2024-12-14T01:05:54
44058,7526,2025-02-02T19:01:00
10747,40727,2025-08-04T05:23:58
24728,86352,2025-09-23T08:53:48
31010,45802,2025-05-12T01:18:09
47762,10632,2025-11-03T13:14:33
31266,43777,2025-06-10T20:34:38
31680,55856,2025-10-17T01:25:19
46592,242,2025-04-01T17:19:08
22941,47913,2025-02-23T16:17:13
31189,24655,2024-12-28T03:40:26
47354,12826,2025-02-01T03:20:48
7216,85034,2025-01-18T11:33:43
27397,61176,2025-08-25T21:31:57
2990,81781,2025-10-21T10:03:04
33590,9996,2025-07-24T13:08:56
29158,40340,2025-04-11T02:10:51
38523,72047,2025-07-15T14:00:08
8495,62632,2025-04-18T08:14:20
20325,51798,2025-01-18T09:04:28
23489,42311,2025-11-04T01:00:18
44408,81443,2025-04-09T21:56:07
49552,12665,2025-09-08T20:45:11
41956,10641,2025-07-15T23:44:32
48632,5910,2025-09-24T07:06:20
32630,44899,2025-09-24T19:51:45
44091,39850,2025-10-03T03:41:39
35177,71305,2025-10-05T15:40:05
25406,56751,2025-02-09T23:30:28
32444,59512,2025-09-21T06:00:00
39815,11436,2025-10-24T09:29:33
11629,69367,2025-03-28T20:48:42
4941,35328,2024-12-28T13:48:38
26753,66134,2025-08-06T10:40:53
3336,1168,2025-07-23T04:44:24
46027,44253,2025-09-21T09:37:47
39637,48648,2025-07-16T02:23:48
6170,3438,2025-07-21T01:35:43
38548,13535,2024-12-13T21:44:30
38311,77889,2025-10-30T12:28:11
15272,32181,2025-05-11T11:24:29
2817,66123,2025-02-14T08:50:58
17210,98627,2025-05-09T05:28:54
22348,87918,2025-04-13T21:32:37
16077,67213,2025-07-02T04:31:28
17297,15027,2025-06-12T13:17:55
38562,62335,2025-02-17T06:35:19
13255,65225,2025-04-22T03:49:35
29145,50840,2025-05-12T10:56:33
11030,55215,2024-12-05T14:13:03
27919,98921,2025-07-17T02:33:09
2894,33354,2025-01-01T02:03:17
49477,51972,2025-01-08T04:37:55
21977,55248,2024-12-13T07:18:33
25197,28171,2024-12-13T09:18:14
29748,72425,2024-12-07T08:34:36
44007,66393,2024-12-23T04:48:46
19813,75441,2025-03-14T01:41:49
40415,34924,2025-04-14T08:00:31
43134,26853,2025-01-08T20:13:43
44433,155,2025-05-13T01:58:29
7112,49984,2025-05-08T10:02:25
4535,80134,2025-04-22T14:27:11
39982,25408,2024-12-10T01:57:29
32773,40421,2025-08-31T17:11:41
16137,58464,2025-08-19T11:55:46
17794,47312,2025-01-27T01:39:16
535,21382,2025-06-19T21:59:02
993,72661,2025-06-22T23:27:58
34234,87573,2025-06-04T13:54:28
38715,59769,2025-01-18T14:54:10
8232,54067,2025-06-28T11:45:59
38899,46760,2025-01-10T10:38:43
44469,66798,2025-02-05T19:24:57
38421,43857,2025-09-19T01:44:47
12366,23350,2025-02-10T23:03:16
37474,75232,2025-02-23T21:38:27
18789,65393,2025-01-22T01:40:55
18659,67691,2025-06-28T05:58:40
40819,59805,2025-02-16T13:11:31
41416,64352,2024-11-11T19:44:46
7848,69996,2024-12-30T07:00:20
39658,91458,2025-07-07T05:39:56
46178,20893,2024-12-18T21:35:58
22428,20401,2025-06-11T14:03:22
2971,75368,2024-12-03T10:48:38
1467,47398,2024-12-24T19:30:20
33606,35495,2025-07-02T01:19:21
19122,2971,2025-06-13T14:07:09
43640,33239,2025-05-15T09:41:52
14399,12194,2025-09-09T03:08:33
10681,77594,2025-02-09T00:47:55
30988,45368,2025-05-26T13:12:22
38314,55211,2025-01-21T10:03:34
5520,77330,2025-08-20T13:29:30
46704,51630,2025-05-10T16:00:07
23960,55502,2024-12-05T13:26:53
28561,93621,2025-01-07T23:32:16
19009,22689,2025-08-05T02:03:04
3059,24680,2025-11-05T01:42:49
6900,74144,2025-03-10T20:08:43
13159,49725,2025-09-13T04:15:49
48333,94451,2025-02-26T09:05:25
27808,50193,2025-09-04T23:44:54
42931,4367,2025-08-04T06:43:47
32701,22991,2025-07-23T23:18:20
25516,38134,2025-05-12T08:00:43
46175,99147,2025-07-15T12:12:15
12265,78500,2025-11-04T23:41:53
21642,24589,2025-06-14T12:30:19
24212,53312,2025-03-14T10:57:28
4139,41918,2024-12-21T08:15:50
43879,51732,2025-09-06T21:44:00
10430,97992,2025-07-21T11:08:29
10833,24262,2025-09-05T16:59:42
6790,17054,2025-10-21T19:10:09
7196,29848,2025-05-12T11:14:47
34258,2824,2025-09-30T20:11:22
35557,67713,2025-11-01T12:02:37
11514,27400,2025-05-18T11:14:07
15583,79739,2024-12-03T06:10:21
20068,41520,2025-06-24T01:37:07
26470,55686,2025-04-26T03:08:10
24376,7587,2025-07-28T12:39:07
332,20706,2025-08-09T03:55:32
18698,87560,2025-01-29T17:51:44
17137,31687,2025-03-27T13:08:08
3806,57418,2025-10-23T06:13:43
48369,75108,2025-09-05T17:15:50
750,64662,2025-03-15T20:21:31
32535,73474,2025-08-11T06:56:53
49337,26349,2025-08-03T22:36:52
48422,97671,2025-04-07T12:24:22
26384,29234,2025-01-06T07:57:19
4028,41726,2025-05-21T22:24:15
6925,73303,2025-08-27T17:34:58
20048,10056,2025-07-26T03:39:14
44867,55034,2025-05-09T16:58:36
39420,45626,2025-05-15T13:28:41
39261,29314,2025-06-26T04:54:19
31034,72184,2025-05-20T02:33:57
14382,75946,2025-06-09T17:26:14
6317,36043,2024-11-20T11:27:43
45311,71366,2025-06-29T15:03:08
19386,33710,2025-06-05T06:29:56
46480,3951,2025-09-01T12:28:00
42540,48520,2025-02-19T23:55:36
24190,95539,2025-03-11T06:31:09
34190,16053,2025-03-18T16:46:14
11554,57859,2025-09-03T06:44:56
4721,2823,2025-05-23T22:33:44
44120,9050,2025-08-07T22:27:25
16639,21706,2025-05-02T15:15:02
6898,27241,2025-05-09T04:36:46
47127,47915,2025-05-17T18:01:42
32709,11457,2025-04-19T12:35:24
6774,39440,2025-01-16T08:50:47
38213,7393,2024-11-25T14:28:39
25558,55532,2025-08-31T11:20:28
2757,18996,2025-09-05T16:08:59
34605,8220,2024-12-03T04:49:54
37588,70786,2025-06-16T07:12:40
42746,21993,2024-11-24T09:22:31
3336,77325,2025-05-04T03:41:07
6296,81448,2025-07-20T15:26:09
29764,58194,2025-03-15T14:41:40
16787,50356,2025-05-21T08:20:45
39489,70600,2025-04-09T07:58:17
4238,2566,2025-07-06T08:00:46
39629,97785,2025-04-07T10:38:48
34514,62382,2024-11-15T13:43:04
44610,75214,2025-09-16T09:03:52
22980,60248,2025-10-10T14:15:02
23477,79096,2025-09-11T02:48:53
2770,17706,2025-04-27T15:33:03
44992,38586,2025-05-24T20:29:54
1502,97594,2025-01-07T01:02:22
12764,6431,2024-11-20T15:45:21
5424,46730,2024-12-22T11:19:39
5967,73225,2025-04-28T02:09:03
10030,71531,2025-10-31T10:32:43
13828,50523,2025-07-21T21:26:23
31378,74881,2024-11-20T09:13:23
40208,25883,2025-09-21T01:51:42
27932,40625,2024-12-19T14:51:42
47752,86941,2025-04-13T04:49:54
39823,15695,2025-04-06T05:33:31
47053,87330,2025-08-10T12:22:53
32855,53857,2025-03-01T11:57:59
16383,33539,2025-01-22T04:01:27
6561,2288,2025-05-26T13:49:41
18986,26465,2024-12-10T06:34:40
47135,64581,2025-06-16T04:35:49
30107,35830,2024-12-04T19:45:21
24722,99928,2025-02-23T09:34:34
14828,2327,2025-09-20T04:13:44
33401,26721,2025-09-12T16:02:59
2946,81118,2025-05-15T07:20:12
12129,86413,2024-12-07T08:24:58
43862,69799,2025-02-04T23:20:47
7309,76372,2024-11-18T07:16:04
25298,62231,2025-09-26T08:04:15
26807,89737,2025-08-12T23:43:26
9265,56839,2025-03-21T16:30:21
34256,38533,2025-07-13T04:17:11
5953,75924,2025-11-01T14:43:22
4987,65792,2024-11-16T18:25:56
43132,28769,2025-05-09T07:34:02
4712,74160,2025-02-27T14:45:46
36902,65729,2025-03-17T12:38:03
45690,72448,2025-04-24T19:24:02
24399,21669,2025-05-17T00:57:02
30538,58145,2025-01-14T09:37:34
31967,24531,2025-06-18T13:10:24
39223,54615,2024-12-09T02:14:21
21213,73208,2025-03-28T00:49:20
7788,92974,2025-02-28T15:50:19
17779,5517,2025-06-13T05:49:19
43037,89396,2025-07-23T20:00:07
38116,65689,2025-04-15T21:47:53
576,3573,2024-12-21T02:31:15
33142,81032,2025-10-18T02:31:39
12075,85466,2025-07-25T05:51:19
14336,50227,2024-11-22T05:10:57
32985,48120,2025-01-03T14:59:32
16915,10302,2025-10-14T18:30:58
39630,43179,2025-07-16T07:24:11
12322,83435,2025-05-26T19:46:12
546,21017,2025-03-18T03:32:17
37214,33261,2025-05-30T19:16:48
14330,4427,2025-10-05T17:59:32
32446,64003,2024-11-24T13:16:47
27532,13453,2025-09-12T16:28:41
5585,28312,2025-08-31T12:52:51
28770,67440,2025-09-21T04:09:03
41680,20101,2024-11-08T06:09:12
17194,67113,2025-04-17T15:05:19
4191,56594,2025-09-19T11:16:12
35530,30410,2025-09-06T12:24:16
47430,28347,2024-12-06T01:32:41
29389,63677,2024-11-24T02:24:38
13305,97294,2024-11-14T14:12:14
42311,29337,2025-01-18T17:58:50
2320,63826,2025-02-07T14:01:25
2963,32756,2025-02-20T03:41:09
9972,57015,2025-05-26T22:41:04
25513,99656,2025-03-27T21:08:03
10191,5190,2025-04-09T13:05:24
13055,49893,2024-11-11T20:54:32
30240,74830,2025-06-20T15:10:04
33656,70765,2025-07-29T05:37:20
17024,11232,2025-01-11T16:34:41
42227,75608,2025-10-31T11:37:25
6296,49822,2025-01-04T12:18:07
2970,38767,2025-01-04T01:34:40
2833,24601,2025-09-30T17:46:57
13067,92476,2025-10-09T17:32:25
49818,14238,2025-02-12T18:42:36
22264,54201,2025-03-18T11:29:08
47388,33280,2025-06-01T11:25:09
35539,37077,2025-05-17T15:27:24
20998,29368,2025-07-18T01:33:33
4600,93747,2025-01-22T13:48:03
994,13151,2025-06-24T11:15:08
39948,69339,2025-07-14T04:59:11
40293,3284,2025-06-22T11:11:48
22550,27650,2025-03-20T04:38:10
37823,88673,2025-03-06T00:20:56
27584,51214,2025-02-04T04:50:39
19628,63106,2025-03-19T08:20:36
19805,96489,2025-03-08T07:34:06
16858,37565,2025-02-27T14:51:58
24435,52902,2025-04-11T21:43:17
44125,79630,2024-11-26T11:08:23
34921,70963,2025-08-30T19:16:16
46983,89992,2025-03-08T15:08:40
12718,63745,2025-09-19T02:37:08
33931,40779,2025-02-04T20:15:21
39289,70927,2025-09-06T13:37:59
20085,90624,2025-10-26T21:46:15
14356,25259,2025-05-25T07:42:36
47469,64991,2024-12-23T02:31:41
39653,63026,2025-05-30T05:00:58
18438,4182,2025-10-12T06:28:44
29859,87034,2025-09-15T23:59:40
40710,14157,2025-01-17T02:17:25
18016,6957,2025-10-21T17:33:44
32915,47702,2025-03-07T07:25:14
14248,90952,2025-04-12T11:20:13
29205,60690,2025-07-31T09:51:31
3667,74919,2025-01-22T08:28:43
8285,70694,2025-04-07T14:58:22
4327,6590,2025-03-30T13:47:41
31533,59457,2025-01-07T11:18:30
43464,59076,2025-01-09T23:14:06
40296,86330,2025-07-30T02:17:14
14818,17357,2025-07-03T04:12:20
37266,76360,2024-11-13T01:03:38
36180,48512,2025-11-05T12:01:23
7452,20350,2025-01-31T15:37:48
47431,83048,2025-01-04T08:49:47
31043,36935,2024-12-02T21:54:14
41031,73257,2025-04-10T03:34:06
500,35508,2025-08-07T10:18:37
27148,30949,2025-02-06T00:13:30
15185,94950,2025-09-06T03:29:22
5209,89224,2025-02-27T14:26:23
30062,41184,2025-11-05T23:50:07
38469,40534,2025-04-10T07:51:27
21421,93718,2025-07-02T05:33:02
21710,77130,2024-11-12T17:12:37
15670,63996,2025-01-12T15:52:10
18382,93143,2025-04-20T03:48:01
1846,99276,2025-09-18T07:43:39
32518,71760,2025-10-07T19:29:11
32443,49871,2025-10-05T11:17:37
28668,61970,2025-05-08T20:05:29
49099,64431,2025-05-20T22:50:14
8551,59746,2025-05-25T13:35:21
17499,14310,2025-05-14T18:30:53
30966,97434,2025-07-05T03:41:33
12514,32349,2025-03-04T06:54:02
44765,31163,2025-04-20T22:09:50
25201,45754,2025-01-25T08:40:27
18459,62885,2025-03-27T01:59:27
14023,38823,2024-12-02T07:33:26
49912,26002,2025-10-08T20:28:10
46371,14454,2024-12-21T09:36:07
17019,91952,2025-06-17T18:56:23
36179,92405,2025-05-15T08:14:08
46102,94703,2024-12-11T12:52:24
6329,85937,2025-05-30T06:24:53
16118,34432,2025-06-16T06:34:45
43968,67916,2025-04-03T19:41:19
17119,37453,2025-06-17T10:01:41
27575,3095,2025-03-20T22:25:42
33965,91402,2025-02-14T18:25:41
49751,76518,2025-09-09T23:43:25
47076,30857,2025-11-05T23:30:49
45407,70315,2025-08-26T01:35:33
15043,57152,2025-05-02T09:36:24
33129,54910,2025-05-26T12:53:23
10278,52137,2025-07-14T13:41:57
37908,89916,2025-01-02T23:13:45
8300,32450,2025-07-17T19:10:38
25308,62657,2025-07-03T10:23:25
26853,77223,2025-11-03T21:45:49
8192,5647,2025-02-20T01:19:54
26708,14437,2025-10-24T12:52:35
41011,65719,2025-09-08T21:22:21
23749,60312,2025-03-05T08:32:26
756,49295,2025-09-14T08:03:11
44027,91660,2025-04-29T04:57:50
19745,70982,2025-04-13T04:44:29
46258,81045,2025-01-22T09:35:27
31296,6425,2025-06-18T13:52:19
14805,84104,2025-10-10T09:28:22
28326,79743,2025-03-27T00:03:34
1308,535,2025-06-13T05:59:59
7709,5969,2025-02-01T19:50:39
30084,45536,2025-04-30T11:23:40
7690,45335,2025-02-24T20:01:12
20514,90234,2025-02-16T02:41:22
15829,88829,2025-03-15T05:40:37
18690,48778,2025-06-24T08:09:48
30737,25670,2025-03-05T12:28:56
44832,3559,2025-02-08T23:56:34
17492,41964,2025-01-19T11:07:49
30976,93284,2025-04-15T10:08:55
13248,94499,2025-02-05T09:36:10
20227,27251,2024-11-17T12:10:43
6923,71089,2025-08-07T22:09:25
46156,59888,2025-02-24T09:11:01
16886,97929,2025-05-20T17:53:26
46023,87423,2025-09-12T00:00:55
14923,60302,2025-03-14T09:50:39
34256,7095,2025-09-23T22:59:45
41760,99532,2025-01-04T09:47:30
11312,44975,2025-05-31T11:35:23
20741,73496,2024-12-15T05:00:16
18395,36725,2025-06-23T00:05:57
39238,25302,2025-05-14T02:24:51
17360,74198,2025-08-13T06:59:23
7248,52013,2025-01-22T08:12:18
18354,6928,2025-06-21T11:00:14
29236,41765,2024-12-22T07:16:17
40460,76445,2025-01-02T16:39:16
10880,22804,2025-04-05T13:22:42
47950,8048,2025-02-24T01:47:38
2389,94673,2024-12-27T09:43:36
24193,15468,2025-10-13T10:22:13
37377,16095,2025-10-17T09:39:17
26169,65224,2025-06-15T16:03:03
5315,8116,2024-12-19T06:58:32
36599,1656,2025-07-20T06:32:38
10487,63390,2025-06-11T11:31:48
7022,32310,2025-07-30T17:02:17
34122,1703,2025-09-12T14:33:03
35540,81729,2025-01-28T06:29:42
2964,63331,2025-09-19T08:05:51
43651,1617,2025-08-28T12:51:32
13407,37057,2025-04-19T18:09:32
46390,36415,2025-06-15T02:18:22
9831,25221,2025-10-09T16:24:25
3250,58246,2025-02-24T12:52:49
19403,99407,2025-01-16T19:45:32
7599,82435,2025-02-03T08:57:55
41414,87739,2025-07-01T15:12:04
21267,77775,2025-04-15T08:26:06
6449,42377,2025-01-30T21:43:20
13166,60169,2025-06-06T10:01:06
48067,91221,2025-02-07T11:46:16
15928,25977,2025-11-04T23:58:28
47271,17251,2025-01-17T14:00:27
48185,62932,2025-04-20T23:33:37
31368,96599,2025-06-17T16:11:21
14213,2559,2025-05-07T03:50:05
44273,55680,2025-04-11T23:57:06
29832,46853,2024-12-11T04:32:14
37866,81205,2024-11-25T19:52:46
32949,44918,2025-09-10T14:36:32
2214,16480,2025-05-18T08:28:16
32361,45012,2025-10-13T01:19:05
3373,50774,2025-07-23T07:40:02
2625,86310,2025-02-26T08:43:00
6026,56327,2025-07-29T15:25:26
26970,83273,2025-01-10T09:15:30
20584,34008,2024-12-05T16:50:46
4472,28807,2025-08-02T17:55:10
23685,54019,2025-10-10T09:33:13
25152,58942,2024-12-03T22:27:40
45993,73914,2025-10-05T13:22:34
14328,90937,2025-05-25T04:21:41
48554,38641,2024-12-29T17:01:39
32552,64553,2025-10-26T08:05:41
15362,79961,2025-07-31T13:08:45
12919,27251,2025-02-04T13:11:34
14153,48064,2025-10-13T14:30:49
40590,76068,2025-07-24T02:03:47
41311,33398,2025-02-26T08:26:00
43979,7358,2025-05-28T10:38:03
22380,45348,2025-04-01T13:16:11
45824,23903,2024-12-25T02:46:47
19235,11926,2025-01-10T09:14:31
49223,98557,2024-12-19T00:30:16
27168,66942,2024-12-13T23:22:01
720,90434,2025-04-11T16:38:46
30408,75645,2025-10-09T03:11:20
9664,91822,2024-11-29T12:26:35
45196,64754,2025-05-14T10:01:09
9540,68278,2025-05-08T03:50:44
48836,78914,2024-12-06T01:31:43
32291,61575,2025-11-02T22:23:04
26300,52001,2025-06-11T04:56:41
42430,63937,2025-05-04T17:19:19
6397,14949,2025-01-01T07:17:47
38017,11568,2024-12-01T00:53:49
24317,28610,2024-12-21T15:39:51
12344,99398,2024-12-30T18:48:16
22388,10020,2024-11-25T01:35:02
5817,28582,2024-12-26T22:52:24
25018,2860,2025-03-01T03:31:31
1593,78020,2025-08-05T21:27:34
25752,52527,2025-02-26T18:19:50
33686,28330,2024-12-12T13:51:31
30427,1616,2025-08-12T03:15:20
35347,72637,2025-09-11T06:32:24
384,47289,2025-01-16T04:43:12
39080,5457,2025-06-20T21:20:07
5685,22392,2025-10-09T10:39:40
25036,75543,2025-10-03T11:10:14
16433,19527,2025-09-13T13:19:38
42857,59911,2025-05-12T02:32:09
28737,45416,2025-08-09T18:53:48
20814,16026,2025-09-19T15:39:31
40125,9254,2025-04-12T20:45:15
23278,99593,2025-07-03T21:11:21
36341,88257,2025-05-22T14:06:05
27728,37962,2025-05-20T03:47:23
43867,62982,2025-03-23T02:06:58
4252,71252,2025-05-11T15:04:24
49154,3791,2025-06-19T07:06:41
45701,78642,2025-02-28T13:40:24
9651,22735,2025-01-09T13:49:27
45639,92590,2025-02-11T14:02:23
34549,31261,2025-10-24T12:26:47
40399,30019,2025-03-20T14:59:54
23614,25509,2025-01-20T14:27:42
11719,66672,2025-02-20T19:21:18
41104,43850,2025-07-02T19:48:44
8044,75995,2025-09-25T16:58:01
14324,29012,2025-06-02T12:42:01
17200,13193,2025-05-26T22:37:46
11065,22246,2024-12-09T01:02:40
30838,23217,2025-04-02T12:23:59
48240,4826,2025-04-12T23:13:03
18918,35152,2025-06-29T10:17:19
26541,33040,2024-11-29T15:48:31
39823,73471,2025-04-24T13:06:58
399,13953,2024-11-18T01:03:33
11228,72751,2024-11-28T14:04:36
32032,57159,2025-03-29T15:22:41
47637,1816,2024-12-17T20:30:15
25345,14016,2024-12-28T10:23:31
10192,20036,2025-10-17T18:42:18
43946,39116,2025-08-19T03:41:21
43732,73922,2025-10-23T15:18:04
34410,31472,2025-07-27T22:13:58
30977,27179,2024-12-29T20:23:39
13931,7600,2025-09-18T19:15:06
41806,9935,2025-07-08T05:11:44
35962,39588,2025-03-16T07:08:27
33240,98150,2025-08-09T14:36:10
41569,33674,2025-03-17T01:12:41
42809,98971,2025-09-21T18:33:03
17824,84403,2025-09-30T08:51:30
29999,29107,2025-05-05T20:54:57
40668,89700,2025-09-27T14:58:58
7379,356,2025-09-03T02:09:41
22626,7085,2025-10-31T12:52:41
1195,66955,2024-12-10T19:28:08
4905,17872,2025-08-20T09:59:11
21445,48601,2025-02-20T09:06:28
33213,39365,2025-07-24T13:47:21
30482,6795,2025-02-28T21:32:38
12915,66128,2025-03-22T19:17:21
43564,45928,2025-06-07T13:37:14
9080,20371,2025-04-10T19:00:12
11097,58723,2025-01-02T18:39:35
18453,88122,2025-05-10T02:37:31
26146,63839,2025-04-23T11:22:50
1646,60066,2025-04-05T13:57:07
19905,82541,2025-06-23T13:38:13
29323,60646,2025-09-28T21:54:59
2747,71028,2025-10-18T14:08:39
46527,73257,2025-02-26T02:49:53
40847,96525,2025-07-13T09:55:17
43372,50380,2025-01-13T16:12:17
33900,17104,2025-07-13T02:10:50
38983,2610,2025-01-30T16:46:09
34909,61438,2025-07-03T21:38:19
36902,81920,2025-02-14T16:49:05
37280,22657,2025-06-23T10:24:21
42453,72071,2025-06-06T04:43:46
34483,67064,2025-01-02T22:43:26
26992,19056,2025-05-10T15:11:31
22653,65827,2025-01-18T17:00:26
25468,47551,2024-11-19T21:06:30
38605,2032,2025-07-15T19:00:51
19922,80169,2025-04-13T05:37:30
7033,24650,2025-04-17T02:39:34
17577,96763,2025-04-26T22:01:24
14684,2245,2025-08-19T04:46:31
45846,38133,2025-03-25T20:13:00
39852,24355,2025-10-25T14:08:49
43079,78960,2025-02-09T00:25:39
42148,30478,2025-02-25T23:43:06
33967,50845,2025-08-20T08:35:18
30062,19829,2025-06-04T05:48:41
26029,32928,2025-01-04T14:59:21
35142,50355,2025-02-12T10:02:59
48497,4670,2025-06-05T14:56:12
1981,2931,2025-03-01T14:46:39
22971,74396,2025-01-05T22:54:41
42395,56751,2025-04-27T12:40:25
635,75746,2025-03-22T03:51:02
42932,54475,2025-04-04T02:43:38
14445,62005,2024-12-04T07:25:13
18839,14389,2024-12-30T17:59:40
35627,75257,2025-06-04T00:52:43
32409,61965,2025-02-22T18:05:13
40685,730,2025-06-29T11:22:17
11420,30154,2024-12-05T13:30:24
49309,9088,2025-09-11T07:54:08
6906,33849,2024-11-21T01:30:46
8227,16961,2024-11-09T06:00:53
23123,72535,2025-11-02T21:12:35
29378,81296,2025-10-30T19:56:46
20980,54244,2025-01-30T18:58:41
47607,67515,2025-07-17T02:13:24
45791,46337,2025-03-04T00:46:39
23223,564,2025-11-03T20:14:59
5728,46297,2025-05-02T06:11:54
4991,15112,2025-08-25T21:18:24
39582,80890,2025-03-19T07:14:14
40903,37559,2025-02-26T15:54:33
35009,15989,2025-08-09T10:19:20
19050,35431,2025-08-23T06:43:40
49910,85242,2024-12-12T11:11:44
34362,20776,2025-03-04T08:51:12
20126,44188,2025-05-18T18:39:50
7752,77113,2025-01-02T10:24:04
13483,43063,2024-11-27T04:06:16
22115,49569,2025-01-11T16:31:39
1829,83406,2025-02-05T20:29:52
42678,96103,2025-09-10T05:32:43
39723,62302,2025-03-12T12:10:19
46343,86579,2025-05-11T04:45:40
33962,6958,2025-10-25T09:39:25
27306,24459,2025-09-27T09:36:45
46131,96076,2024-11-07T06:40:08
3960,18969,2025-04-07T03:26:20
35678,7322,2025-03-23T00:14:01
2693,34572,2025-03-02T14:37:14
7863,87827,2025-06-07T10:43:11
40033,12280,2025-03-18T16:56:02
38269,56796,2025-02-18T23:01:31
6718,45936,2025-05-01T11:49:21
45764,14347,2025-04-21T16:32:11
16569,32657,2025-03-16T10:37:17
39251,37629,2025-04-19T09:36:34
19450,19098,2024-12-01T04:34:05
13646,59230,2025-05-14T17:30:10
30039,80300,2025-03-06T19:46:56
16109,82766,2025-07-13T09:09:04
42692,35046,2025-03-14T18:46:36
14895,46503,2025-08-09T10:24:17
44354,29745,2025-03-14T22:19:00
3785,54601,2025-08-18T02:01:23
3788,67231,2025-09-21T10:20:54
48597,39448,2025-09-11T12:36:18
14970,21124,2025-07-14T18:42:01
9412,5810,2025-05-26T18:38:59
5201,37323,2024-11-27T10:09:12
33787,88628,2025-01-03T19:53:31
3248,48679,2025-07-19T17:25:10
31704,46288,2025-03-27T11:11:55
45206,65599,2024-12-19T08:01:29
39866,84675,2025-10-10T04:54:26
32524,16608,2025-04-10T01:03:21
25215,11667,2025-01-12T01:46:30
45102,10516,2025-08-09T03:06:53
48625,1196,2025-07-12T21:20:59
10599,10925,2025-04-19T18:19:24
47886,60498,2025-09-22T07:13:14
4477,90917,2025-03-15T10:11:49
11242,4812,2024-11-24T14:16:21
46442,47841,2025-02-21T09:59:05
49664,56732,2025-02-15T23:41:11
3274,17273,2024-12-03T17:26:20
29557,47529,2025-07-07T05:26:14
15721,99625,2025-07-27T03:17:51
40857,35085,2025-01-25T15:28:47
3597,87796,2025-01-21T14:19:24
11367,75984,2025-04-06T22:40:26
2777,43708,2025-01-03T12:20:13
41248,21207,2025-02-06T13:31:55
12111,32298,2025-05-03T15:09:32
4046,87976,2025-03-28T07:16:02
32693,87797,2025-05-27T14:19:47
37382,67179,2025-04-19T12:23:30
6446,76622,2024-12-17T09:36:46
13437,56156,2025-07-20T06:45:48
24804,5498,2025-11-02T03:26:22
49989,95197,2025-04-30T17:33:43
47063,99917,2025-08-27T12:53:06
16784,8014,2025-07-08T02:13:56
24659,25382,2025-06-05T20:19:27
3172,61193,2024-12-22T16:24:48
12480,30727,2025-05-30T12:17:12
38319,24940,2024-12-23T23:51:23
44221,74139,2025-02-19T07:04:07
38346,28684,2025-07-27T09:26:37
16068,26799,2024-11-17T06:48:40
17493,64882,2024-12-24T12:26:58
5865,92272,2025-05-07T16:53:51
43054,28680,2025-08-10T06:44:11
33265,95466,2025-01-12T06:26:16
29959,38956,2025-05-30T03:52:08
1666,29290,2025-01-28T06:12:09
15739,78939,2025-09-30T17:24:24
17811,15525,2025-07-10T10:30:39
40309,579,2025-10-19T07:11:09
25952,36656,2025-01-03T21:43:50
29942,59447,2025-01-02T10:44:55
49188,64947,2025-05-15T10:54:12
25778,87693,2025-03-19T16:14:23
384,81220,2025-03-11T17:41:12
47966,83010,2025-04-18T22:43:52
33654,46884,2024-12-07T20:54:58
34415,19832,2025-04-03T00:22:13
44067,95788,2025-03-18T15:34:25
34252,52507,2025-02-07T22:38:18
4780,52184,2025-02-16T00:55:49
37858,98578,2025-04-07T13:10:58
14394,66732,2025-08-19T19:01:07
9411,26019,2025-04-05T08:29:44
1089,87008,2025-05-30T18:43:37
20324,97264,2025-04-29T16:03:35
45767,9226,2025-04-09T05:40:20
33048,77135,2025-04-22T07:33:40
28147,58830,2025-06-24T09:28:57
2821,88340,2025-05-24T06:38:57
36076,22882,2025-03-25T00:08:59
34073,27281,2025-03-21T09:53:15
19333,27350,2025-05-29T10:54:40
20114,62300,2025-06-09T22:10:52
35558,18546,2025-07-04T18:09:42
36715,57562,2025-08-08T01:55:50
28211,39209,2025-10-27T02:46:23
45304,16220,2025-05-09T22:14:55
36559,99824,2024-11-11T18:25:29
26879,14975,2025-05-01T18:17:17
47042,36775,2025-09-08T21:22:08
1933,35401,2025-03-17T20:23:41
10632,77369,2025-05-06T03:55:37
45806,44907,2025-05-22T15:55:13
28122,70208,2025-01-19T16:15:58
32211,73658,2025-05-06T03:04:40
40714,92824,2025-03-03T20:53:41
39027,45669,2025-06-26T12:48:47
2739,93417,2025-01-15T22:41:34
46299,39306,2025-04-22T22:03:39
11724,95898,2024-11-13T03:52:57
10855,13887,2025-10-10T11:58:38
14210,41417,2025-05-25T08:34:44
23419,6236,2025-05-02T05:03:44
41711,41475,2025-06-26T06:39:10
17001,2662,2024-11-25T20:40:25
8706,75023,2025-01-09T08:04:16
14772,5003,2025-07-09T21:11:16
14627,73003,2025-01-27T06:59:24
2927,98812,2025-09-05T13:32:43
24231,78920,2025-05-21T23:51:18
5275,93341,2025-09-04T20:04:22
24848,11208,2025-02-06T23:09:24
24871,48943,2024-11-11T08:29:15
4083,74998,2025-03-12T21:53:42
45190,66798,2025-09-20T14:57:24
6987,67518,2025-09-16T21:23:28
15980,38650,2025-01-17T06:23:09
18887,16667,2025-11-04T01:09:17
3169,75097,2025-02-01T18:11:22
6891,13737,2025-09-30T18:01:55
193,44135,2025-07-22T19:41:00
1800,74469,2025-09-11T08:08:45
26091,73195,2024-11-19T09:49:30
18281,12082,2025-06-18T10:06:02
2596,31458,2025-07-02T06:26:44
3017,95654,2025-06-29T19:35:20
19950,30955,2025-04-03T18:18:10
44348,39982,2025-04-26T22:17:11
49985,38522,2025-05-29T09:47:06
40429,49192,2025-06-22T01:26:43
36302,78265,2025-10-07T06:15:14
3312,49827,2025-10-14T19:28:56
3873,25838,2025-02-25T21:44:48
22297,87848,2025-07-03T15:44:38
37012,64693,2025-02-10T05:56:50
49770,74897,2025-01-21T14:01:49
10936,7024,2025-08-12T06:43:33
36880,50211,2025-02-05T13:46:20
45406,6036,2025-09-13T03:01:25
47594,77751,2025-03-25T13:15:33
20423,26949,2025-04-22T19:19:31
10057,26050,2025-05-12T08:31:08
29558,91710,2025-10-10T09:12:39
32861,77979,2025-01-02T04:33:16
42481,33129,2025-05-03T17:06:15
31498,47662,2025-03-11T06:06:29
9233,39142,2024-12-22T12:15:18
21284,69766,2024-12-23T22:58:11
16126,32662,2025-03-07T16:02:56
35206,5413,2024-11-16T19:48:56
9089,88693,2024-11-24T12:23:44
4906,50281,2025-10-06T17:47:19
44583,78814,2025-07-27T04:17:32
26631,21071,2025-03-19T04:08:10
35717,66870,2025-10-18T21:24:56
23658,68331,2024-12-21T19:56:22
34859,57712,2025-07-31T08:23:55
43620,1483,2025-10-10T22:03:36
3898,3307,2025-02-14T00:20:11
33521,65516,2025-06-08T15:47:32
2985,93932,2025-10-24T02:12:30
47890,41142,2025-05-22T15:48:25
27972,80494,2025-02-23T20:18:14
43318,21076,2025-09-25T21:39:02
12066,84416,2025-01-02T11:35:11
15581,28710,2025-09-01T15:48:31
39354,14435,2025-09-13T12:52:25
45174,66160,2025-01-09T12:09:52
14295,51060,2025-02-20T03:28:07
22029,81689,2025-03-10T08:01:27
40357,69374,2025-02-28T16:00:32
38410,28687,2025-03-02T01:13:31
35818,31233,2024-12-20T12:34:01
38079,15741,2025-03-07T19:18:43
32342,31462,2024-12-26T09:06:21
46953,52649,2025-06-02T13:45:18
1266,17917,2025-04-24T05:15:22
32502,29318,2025-03-01T06:07:46
48768,43815,2025-09-22T16:25:44
28299,32393,2025-06-11T06:35:49
39994,6832,2025-06-29T03:54:56
42356,84316,2025-10-01T21:12:06
25147,26439,2025-10-03T08:17:22
10884,4696,2025-02-03T19:31:19
44595,72453,2025-07-14T18:48:35
5540,96515,2025-08-04T10:41:32
10646,31189,2025-03-06T17:56:42
2359,43878,2025-08-20T20:08:48
40446,69850,2025-02-26T16:16:27
45848,42740,2025-05-23T05:28:55
46851,71735,2025-05-25T00:32:48
5078,50198,2025-01-14T16:58:02
41753,65709,2025-06-24T07:08:48
24406,9839,2025-09-21T11:35:15
17717,62751,2025-09-02T19:13:27
45299,41529,2025-09-23T14:40:43
15943,80683,2025-07-01T07:42:57
49841,58656,2025-02-03T11:09:09
42661,92296,2024-12-23T04:16:56
37577,63822,2025-04-19T19:46:05
34378,17474,2024-11-09T09:21:03
21760,29415,2025-07-27T10:18:31
43009,21220,2025-08-23T03:22:09
32859,57569,2025-09-19T12:29:39
11064,11686,2025-06-03T10:20:09
9914,65226,2024-11-25T09:34:02
32536,17186,2025-02-14T12:31:38
41724,88936,2025-11-01T20:38:31
2013,3211,2025-06-21T16:44:34
29014,65678,2024-11-14T13:18:49
5879,87286,2025-09-15T04:44:37
28431,1727,2025-07-01T05:33:34
2604,64438,2025-03-04T01:01:22
8773,61503,2025-05-09T19:04:26
3581,87539,2024-12-16T04:02:06
4335,13991,2025-03-31T05:35:50
10951,15850,2024-12-19T17:16:51
32429,57583,2025-08-18T09:56:51
15885,91396,2025-09-12T16:28:34
23322,8547,2025-09-25T08:19:07
6194,3677,2025-03-31T17:01:21
45852,20408,2025-05-11T08:42:48
43628,62701,2025-08-09T00:45:01
12581,82048,2025-03-21T06:22:00
23155,6646,2025-02-11T09:57:48
46543,26993,2025-05-30T01:27:14
1689,40690,2025-09-02T23:58:08
30681,18938,2025-09-09T22:29:51
23583,31404,2025-02-08T16:31:38
37887,16318,2025-05-20T14:41:11
1765,46835,2025-03-30T08:32:13
28068,66269,2025-07-10T23:22:45
29920,73283,2025-02-07T00:37:53
7837,57327,2025-08-09T14:33:22
47672,339,2025-01-21T09:47:32
3545,38835,2025-01-26T10:51:40
45197,26934,2024-11-10T18:18:23
14476,11894,2025-02-28T21:54:42
14252,33314,2025-03-18T14:41:48
7073,55244,2025-09-29T21:25:42
6044,27514,2025-10-20T02:43:23
13902,68676,2025-06-25T09:23:26
36913,56759,2025-03-17T21:05:57
2502,17007,2025-01-26T15:22:06
23687,53586,2025-06-25T03:01:30
41993,15382,2024-12-09T01:26:04
31742,98907,2025-10-19T13:42:26
43960,43247,2025-10-05T06:36:26
27543,42393,2025-04-16T13:30:55
44011,55958,2025-09-29T23:56:27
49717,87110,2025-07-25T23:23:58
14428,88977,2025-03-19T03:41:32
30893,84688,2024-12-20T18:44:43
17993,31915,2025-07-02T01:10:23
47672,86911,2024-12-06T07:45:45
14771,78238,2025-02-02T06:09:35
27514,3229,2025-07-25T18:08:03
1445,75917,2025-09-16T03:34:45
31351,9446,2025-03-14T02:42:20
48754,59138,2024-11-11T02:27:27
25602,31584,2025-09-27T03:53:58
20173,32523,2025-05-17T14:57:05
27453,23537,2025-05-07T20:34:50
23704,4154,2025-02-28T08:51:58
15605,89501,2025-09-26T03:09:42
12178,60061,2025-02-10T23:35:42
19262,51962,2025-07-17T04:44:02
17490,9634,2025-05-18T20:10:01
80,43089,2025-06-20T23:45:25
6008,47234,2024-12-18T16:59:01
38437,27692,2025-01-24T11:43:32
44805,45619,2024-11-12T15:33:17
35954,16731,2025-02-13T16:36:05
34494,46277,2025-03-30T22:19:36
41954,44431,2025-05-20T16:25:37
48220,75006,2025-06-30T03:18:50
38478,38893,2025-02-02T03:49:32
27029,47875,2025-09-03T15:12:38
40407,75028,2025-06-07T22:07:59
170,99387,2025-01-17T22:40:31
48370,51895,2025-10-28T05:09:47
4249,79795,2025-02-22T04:33:11
30244,3400,2025-04-28T19:34:12
34185,31227,2025-05-29T11:55:38
8569,1820,2025-03-12T18:47:36
9530,59937,2025-08-20T20:18:13
40225,48393,2025-07-14T23:36:28
20958,14754,2024-12-01T00:43:50
11976,72182,2025-05-05T20:30:23
45124,49975,2025-07-11T06:32:07
11458,62,2024-11-19T17:06:55
33551,20903,2025-02-28T12:57:58
46017,38061,2025-09-07T03:03:13
44590,4978,2025-11-03T10:33:20
29095,37922,2025-02-20T18:27:51
6281,88368,2025-03-23T12:00:16
4755,82080,2024-11-18T17:55:57
44359,84293,2024-12-26T21:27:37
14761,82725,2025-04-12T18:01:33
37136,89545,2025-04-24T23:29:49
5820,20671,2025-02-24T09:08:31
21239,83681,2025-04-17T22:29:41
3605,88847,2025-09-21T12:39:31
13433,16338,2024-12-01T09:26:55
21466,72388,2025-04-11T07:06:09
44893,59528,2025-05-23T09:21:07
23273,7041,2024-11-24T23:28:46
12573,19402,2025-06-12T01:15:43
16848,46666,2025-06-04T18:06:52
22830,68450,2025-09-01T07:23:04
15083,94948,2025-02-12T12:42:39
26403,46359,2025-04-19T22:26:59
6107,95248,2025-06-12T00:55:59
11015,94114,2025-05-09T16:23:12
320,32514,2025-01-10T20:51:54
41437,23625,2025-06-12T20:35:29
626,92197,2025-01-16T17:30:28
980,81855,2025-07-29T15:56:25
1330,66078,2025-08-07T13:54:37
16333,2461,2025-05-28T05:30:27
24360,51715,2025-04-26T00:59:57
33104,35895,2025-05-11T19:59:57
32952,77111,2025-05-23T09:57:08
7248,48186,2024-11-10T19:42:26
23807,95431,2025-10-22T15:30:12
16802,53883,2025-03-19T14:05:36
21271,26360,2025-07-25T16:42:35
44674,84263,2024-11-11T06:36:23
5468,7108,2025-07-27T02:31:44
11450,54352,2024-11-28T12:42:56
15449,6752,2024-11-10T14:00:21
48505,31728,2024-12-08T05:21:22
39806,92045,2024-12-15T14:53:52
25763,67165,2025-03-20T21:29:46
18232,24017,2025-02-13T12:56:25
1059,11486,2025-07-22T21:18:20
45631,30990,2025-01-12T18:08:57
34906,54362,2025-05-29T06:01:49
10786,71571,2025-10-12T03:55:38
15187,23990,2025-05-12T23:56:19
15781,76216,2025-06-02T09:00:22
45804,33908,2025-07-12T10:58:09
46572,22439,2025-01-16T21:02:14
42275,61850,2024-11-12T17:36:56
39471,91801,2024-12-20T22:46:02
35932,88357,2025-03-18T23:57:31
3542,9456,2025-03-02T21:20:45
26594,37587,2024-12-15T07:53:08
38349,31304,2025-06-04T03:53:23
29553,31686,2024-11-12T01:30:43
1031,635,2025-09-20T19:21:07
31296,16432,2025-05-09T04:32:32
12540,12700,2025-04-10T03:25:57
38145,96696,2024-11-29T02:01:26
21722,83972,2025-07-22T21:08:59
44395,71303,2025-10-26T16:35:56
23676,81538,2025-03-06T05:16:59
18039,97367,2025-06-05T22:21:09
14790,2643,2025-03-27T17:28:13
16124,53460,2025-03-29T22:03:34
12846,25738,2025-09-01T12:02:13
45473,76805,2025-06-09T03:05:37
38114,1058,2025-05-14T00:33:51
48145,24135,2025-04-28T00:08:30
20928,41659,2025-03-31T09:10:56
25335,85196,2025-06-26T20:58:35
19261,60366,2024-12-20T19:21:31
35886,51054,2025-04-19T19:47:40
22694,33534,2025-10-14T00:52:36
23017,88447,2024-12-18T15:35:20
584,36893,2024-11-25T02:15:03
17379,91466,2025-10-16T06:23:40
7898,64411,2025-08-31T10:44:02
46096,9240,2025-02-23T22:15:13
14073,89597,2025-07-02T17:28:09
43934,64203,2025-07-30T13:25:08
5020,26878,2025-09-20T07:30:08
16550,46603,2025-08-23T23:29:55
33677,62022,2025-06-06T19:52:21
48246,26328,2025-07-19T01:22:49
19478,44871,2025-01-03T07:25:18
12188,66411,2025-11-04T04:02:51
15423,52390,2025-07-07T11:23:34
47052,79278,2025-04-01T01:46:32
39523,36980,2025-02-13T10:10:07
23675,42415,2025-03-01T06:55:37
24335,80352,2025-03-03T23:35:08
38669,97445,2025-08-27T12:58:54
14954,29294,2025-07-13T19:32:41
6726,83195,2024-12-02T22:45:29
44160,42871,2025-11-01T15:36:53
42820,27866,2025-04-28T02:28:14
38480,17436,2024-12-15T05:28:59
20889,55352,2025-10-18T17:10:25
37650,3383,2024-12-02T00:29:55
20607,48445,2025-08-01T02:57:35
5630,99316,2025-06-24T08:03:44
9332,50407,2025-07-17T07:48:26
7397,94644,2024-11-22T05:06:57
19234,18904,2024-12-14T18:51:55
27105,70798,2025-10-06T17:05:09
24178,17338,2024-12-27T21:47:03
34454,68549,2025-03-09T15:22:30
18663,34126,2025-08-22T22:26:34
19710,52683,2025-08-08T05:24:38
23693,54058,2025-05-05T07:31:39
49497,90506,2025-10-28T19:06:57
44912,82157,2024-11-28T08:32:30
10144,95060,2025-04-06T08:34:59
10638,74876,2025-03-14T23:57:13
36044,70682,2025-10-10T14:16:52
23992,20244,2025-03-08T12:52:22
15667,44415,2025-08-13T07:51:46
7308,75938,2025-04-08T18:47:07
449,90131,2025-06-18T17:41:43
22215,19013,2025-03-18T18:55:29
37218,70671,2024-11-30T14:28:03
11658,5840,2025-10-31T21:07:54
37119,54430,2025-04-09T08:21:36
31313,90219,2025-11-02T22:47:46
40463,55242,2025-10-09T05:46:11
25316,53022,2025-08-21T19:17:10
41020,75415,2025-01-23T22:13:31
14508,95014,2025-01-02T14:19:03
34684,22466,2025-09-29T01:03:54
6683,28310,2025-07-01T20:55:42
16709,20764,2025-06-11T03:51:07
29985,15893,2025-09-20T18:52:55
40154,93150,2025-08-15T21:20:40
32947,10507,2025-09-25T22:45:00
40205,50720,2025-10-23T02:28:34
40429,63270,2025-09-27T03:28:07
20693,60653,2025-05-09T00:51:36
26446,89903,2025-09-01T02:30:55
28873,37155,2025-04-28T19:20:25
30358,27218,2025-03-09T10:42:25
30666,99228,2025-06-09T22:42:53
48700,32382,2025-03-13T17:33:48
29074,72113,2025-10-22T21:34:21
7958,77123,2025-10-28T23:30:05
5477,57414,2025-05-04T20:51:59
1867,94641,2025-01-20T08:58:23
10768,62386,2025-02-01T20:41:17
38403,34224,2024-11-26T11:22:27
38195,65513,2025-02-19T11:16:09
3533,98654,2025-09-25T21:42:49
34760,21719,2025-05-05T05:32:01
32432,61723,2025-05-13T10:41:41
2371,71328,2025-07-16T21:20:04
39726,10225,2025-08-15T20:53:05
23075,58165,2025-09-05T14:54:35
12882,5866,2025-05-02T09:08:44
37298,94924,2025-09-18T10:24:22
39693,84374,2024-12-17T18:13:44
3726,80166,2025-04-29T07:53:13
204,58188,2025-06-05T11:56:30
31278,96896,2025-05-01T06:11:19
15363,81904,2025-01-10T07:14:48
37506,70547,2025-01-18T06:36:07
48985,29166,2024-12-16T02:01:17
17576,44257,2025-02-05T11:42:25
31364,40370,2025-01-02T13:43:09
2775,10253,2025-02-10T00:40:54
19228,87336,2025-08-21T17:41:41
11359,41267,2024-11-20T19:34:48
8852,85437,2025-07-21T17:05:45
10168,39443,2025-01-09T02:53:25
20229,25601,2024-11-27T18:38:33
25947,15010,2025-11-05T08:23:48
47587,35861,2025-06-06T17:23:56
28796,97605,2024-11-27T06:39:11
11544,4266,2025-05-11T18:07:32
8182,27790,2025-01-31T13:54:03
30401,43434,2025-08-07T01:22:21
33676,42381,2025-05-28T07:02:09
5715,37841,2025-06-25T12:58:03
49093,7038,2025-10-24T23:36:42
17543,24778,2025-04-26T22:11:30
28598,32922,2025-10-15T04:09:44
2652,21347,2025-05-31T00:48:36
48553,5722,2025-02-28T04:40:52
20669,93441,2025-07-05T14:49:32
44651,47829,2024-12-23T15:00:53
30014,62982,2024-12-10T15:34:32
16019,9845,2025-03-19T07:24:58
38943,75114,2025-04-28T20:25:51
10199,36276,2024-11-12T12:08:14
28980,3869,2025-05-08T19:31:29
37475,38688,2025-04-10T23:46:47
22858,70697,2025-03-05T15:50:48
43927,70067,2025-01-11T19:22:53
34466,25077,2025-09-01T02:02:31
48326,73481,2025-08-01T01:21:51
40979,96890,2024-12-05T17:43:44
2910,92012,2025-05-27T08:08:20
6867,1249,2025-01-13T13:38:40
35251,61820,2025-07-06T21:56:54
30870,56034,2025-09-27T07:25:27
2155,14488,2025-01-29T08:27:50
39101,49722,2025-01-12T11:06:17
17979,32711,2025-06-16T06:39:41
40761,9009,2025-05-25T21:07:43
862,80692,2025-10-14T01:45:44
40770,2624,2025-02-11T17:02:00
49931,19436,2024-11-27T11:19:40
27431,91387,2025-05-16T01:57:12
4710,88104,2025-08-29T05:27:23
39263,90652,2025-02-06T09:40:58
36381,54914,2025-02-23T18:41:37
34343,74265,2025-03-24T13:52:10
22087,58122,2025-08-24T15:59:44
20531,57052,2025-02-16T23:09:50
5855,78464,2024-12-02T01:28:25
13527,74633,2025-09-13T10:23:31
6758,5476,2025-09-05T10:31:56
19950,75221,2025-04-29T05:21:31
38122,18262,2024-12-12T23:38:05
4051,35978,2024-11-24T09:33:18
8248,38490,2025-01-24T09:57:50
24824,80228,2025-04-06T13:26:21
29021,6597,2025-04-27T19:52:54
22308,72312,2025-10-14T23:47:42
21546,92372,2025-03-29T20:36:56
24253,52637,2024-11-09T00:38:18
27198,77841,2025-01-24T09:00:56
35918,31021,2024-12-19T18:54:03
44679,55579,2025-02-14T13:28:07
35860,16298,2025-04-10T15:59:12
15513,60121,2025-04-25T06:39:49
37340,14778,2025-09-18T03:08:11
14571,75340,2025-06-09T12:08:07
48757,19093,2025-07-04T09:37:35
47086,50640,2024-12-23T01:06:18
24097,42264,2025-04-04T16:18:04
1353,79426,2025-08-30T01:26:06
10983,60736,2024-11-17T15:54:43
21793,43564,2025-08-24T14:20:04
45664,82951,2025-07-15T15:16:15
24573,26427,2025-03-15T23:42:54
35498,14315,2025-02-18T21:41:52
36660,72397,2025-02-10T23:40:06
21442,39318,2025-07-24T14:25:42
11424,26827,2025-11-03T05:54:31
9918,18073,2025-06-21T10:11:20
48908,75494,2025-01-05T06:50:34
10102,91448,2025-01-14T19:27:51
28902,9626,2025-06-02T05:31:52
17813,18293,2025-08-31T01:41:31
2115,50651,2025-06-23T01:45:13
11987,22710,2025-01-29T19:44:02
4528,32127,2024-11-07T03:50:16
32059,55480,2025-10-13T03:04:48
27381,92965,2025-02-05T08:34:21
27353,60680,2025-10-27T15:16:15
16271,38470,2025-10-15T21:35:58
3932,38335,2025-10-24T22:25:22
36358,26504,2025-10-06T19:39:24
1554,5274,2025-02-05T10:11:12
48547,53083,2025-09-13T01:40:56
4811,7763,2025-07-31T05:59:40
12823,80657,2025-02-27T10:39:10
42629,28324,2025-05-03T02:25:21
20305,34024,2025-04-25T19:40:55
17758,64016,2025-10-16T17:32:27
10973,25522,2025-01-29T11:47:05
42527,67770,2024-12-13T11:50:07
21085,44431,2025-07-03T12:49:09
40680,23673,2025-08-31T09:38:04
4430,98340,2024-12-23T23:03:55
39706,13931,2025-07-07T04:33:02
11719,84102,2025-10-04T08:53:18
19018,94312,2025-08-16T00:55:56
22649,81315,2025-08-19T06:52:40
45906,21226,2025-06-08T14:02:55
26036,51072,2025-09-12T21:12:18
15772,30757,2025-07-17T15:45:00
34519,73207,2024-11-11T04:15:27
2271,74884,2025-09-01T04:18:11
24891,23579,2025-03-08T03:54:19
39111,93600,2025-02-18T10:06:54
17087,92367,2025-03-22T06:22:18
43546,45192,2025-01-17T16:42:25
31999,76848,2024-12-08T06:55:49
4876,51090,2025-07-01T11:58:25
22218,10012,2025-06-23T20:01:30
17913,96528,2025-08-04T08:02:50
5293,74168,2025-01-22T12:55:17
25308,74770,2025-07-12T18:49:57
40155,63927,2025-07-16T03:28:46
12216,79867,2025-08-01T18:24:01
30939,60298,2025-03-18T06:24:46
15375,66679,2025-07-25T01:44:06
44090,47733,2025-06-07T10:00:01
15460,50035,2025-05-17T05:58:44
24774,37637,2025-03-24T19:03:07
33092,93476,2025-05-23T14:46:00
47563,83440,2025-03-06T11:06:27
43663,97718,2025-07-16T21:02:22
21553,28235,2025-05-19T10:26:49
35864,39865,2025-03-18T03:56:51
22931,79920,2025-01-01T08:27:26
32623,39252,2025-09-18T14:52:38
48778,10779,2025-10-01T04:44:51
22096,45434,2025-03-13T15:07:50
7501,89088,2025-06-20T12:37:53
46678,76162,2024-11-09T08:46:39
27980,82161,2025-03-18T08:25:51
25573,37202,2025-10-08T14:21:14
26768,44325,2025-03-28T08:43:20
37764,16115,2024-11-12T00:13:31
36693,25653,2025-01-13T04:26:14
21763,23223,2025-10-29T16:42:44
21063,33656,2025-10-30T06:33:09
1758,57745,2025-08-26T08:24:48
3346,16098,2025-08-16T19:17:19
43666,8374,2025-08-12T05:58:40
4253,57252,2025-02-04T08:34:00
42740,38718,2024-11-25T01:13:32
39479,97478,2025-10-30T04:13:01
36618,66090,2025-04-15T18:20:00
27481,45558,2025-11-04T17:42:55
40938,40504,2025-10-18T18:01:34
25933,22812,2025-06-15T05:27:34
17635,6681,2024-12-28T01:11:13
42238,16020,2025-06-21T15:51:36
37947,70579,2025-10-05T08:21:20
49020,58601,2025-01-07T22:01:18
45715,25323,2025-11-04T03:53:33
46624,95414,2025-04-25T10:00:01
7780,60474,2025-01-28T06:48:39
19129,96688,2025-10-14T18:31:43
24468,31878,2025-06-17T02:59:58
9718,30450,2025-10-25T02:22:27
1420,22512,2025-05-05T14:16:03
34190,58612,2024-12-09T16:16:25
23136,82962,2024-12-06T20:49:06
29387,68050,2025-04-10T14:10:24
36309,58827,2025-06-23T10:39:24
26606,19883,2025-01-19T08:07:56
40537,20190,2025-07-25T04:54:56
7873,3027,2025-01-13T19:23:12
3469,77337,2025-09-09T22:55:33
23472,99375,2025-05-12T05:52:59
43570,74780,2024-12-29T21:18:46
32555,32431,2025-11-05T16:31:43
38183,95531,2024-11-16T01:08:57
28670,42835,2025-09-11T20:25:58
4845,19878,2024-12-27T01:32:49
6753,23691,2024-12-23T02:15:03
41707,39579,2025-10-05T19:22:18
29825,98934,2025-07-23T08:00:09
31814,59069,2025-01-15T17:12:20
46458,59717,2024-12-03T18:55:59
41964,98876,2025-02-21T03:15:48
8350,65810,2025-05-21T13:02:24
25682,60565,2025-02-16T23:03:57
32260,54021,2025-10-17T00:32:59
935,29153,2025-08-28T23:08:38
19965,64160,2025-09-11T13:26:36
48675,16971,2025-02-04T03:57:49
6418,33304,2025-11-01T00:16:18
23522,54355,2025-08-01T21:53:28
10427,73102,2025-10-31T07:16:30
