id_wypozyczenia,data_zwrotu
12120,2025-10-19T10:34:54
3266,2025-02-17T14:23:58
10381,2025-04-26T13:07:13
3947,2025-11-04T06:03:42
16077,2025-03-01T05:38:12
5105,2025-11-06T10:04:05
8283,2025-06-23T13:08:31
18376,2025-06-20T12:48:14
15717,2025-03-17T09:40:33
7291,2025-04-11T13:34:22
2243,2025-06-23T12:40:34
12264,2025-07-07T16:56:29
6206,2025-04-11T22:35:19
5011,2025-10-10T23:22:57
6508,2025-08-20T19:29:00
5013,2025-01-15T00:04:40
4072,2025-02-26T22:04:36
12940,2025-09-18T22:52:53
13163,2025-06-29T16:21:10
18097,2025-11-06T22:21:03.917245
16842,2025-03-01T15:56:58
7769,2025-08-19T09:26:16
7659,2025-06-04T22:21:11
17939,2025-06-07T07:07:52
6338,2024-12-20T19:28:38
14854,2025-07-19T12:00:11
16371,2025-10-02T19:48:36
8803,2025-11-06T22:32:03.917278
5035,2025-09-01T10:58:22
18513,2025-08-13T14:58:58
19345,2025-08-27T18:42:01
1127,2025-04-23T19:39:55
6833,2025-11-06T22:34:03.917295
15733,2025-11-06T22:02:03.917300
9128,2025-11-06T22:01:03.917305
16254,2025-06-11T06:37:33
12475,2025-01-15T00:05:23
10484,2025-04-26T12:41:36
10260,2025-03-06T04:16:28
18055,2024-11-16T12:37:23
7638,2025-10-21T11:42:01
10889,2025-11-03T04:30:34
7953,2025-07-19T07:42:55
10283,2025-11-06T22:17:03.917334
1138,2025-03-29T06:10:26
4512,2025-01-22T01:08:09
17853,2025-10-08T21:57:09
6159,2025-10-09T08:36:58
1823,2025-11-01T12:42:02
17706,2025-04-02T01:13:33
13831,2025-02-02T23:40:37
19641,2025-01-05T09:26:55
1474,2025-02-07T11:42:30
11042,2025-07-19T17:28:23
5056,2025-08-20T14:07:35
3623,2025-10-20T17:44:07
16753,2024-12-18T08:29:27
1092,2025-11-06T22:28:03.917377
11400,2025-10-27T23:40:10
11271,2025-07-03T20:47:44
6716,2025-03-23T07:49:06
4992,2025-08-18T09:41:42
12598,2025-05-02T00:55:16
17842,2025-04-07T18:21:12
17202,2025-08-13T10:24:09
18265,2025-08-05T05:16:45
18381,2025-01-01T17:45:12
12222,2025-10-06T02:27:17
275,2025-05-26T00:04:46
17761,2025-01-19T02:09:55
7409,2025-04-19T13:45:01
12183,2025-04-10T15:55:03
648,2025-04-25T23:52:34
7473,2025-05-10T13:55:04
10809,2025-11-06T22:44:03.917431
5895,2025-09-01T11:24:19
5985,2025-02-14T08:30:13
14560,2025-04-02T21:08:14
4114,2025-04-29T22:46:45
8639,2025-07-08T18:45:12
6436,2024-12-03T01:22:38
18476,2025-02-02T23:34:12
13538,2025-10-22T08:35:45
15164,2025-06-14T13:45:33
12884,2025-04-05T09:11:52
3611,2025-07-10T06:10:13
11325,2025-08-13T07:50:05
12315,2025-03-05T01:37:14
3986,2025-08-05T08:32:28
18162,2025-08-14T18:12:12
10070,2025-03-25T09:12:54
11112,2025-11-06T22:28:03.917486
15493,2025-06-25T04:32:21
7918,2025-07-21T20:35:00
16442,2025-10-27T11:42:04
5963,2025-01-31T02:19:51
5115,2025-05-20T23:57:44
8077,2025-06-06T13:08:21
15868,2025-02-15T13:57:44
6401,2025-03-09T04:32:55
432,2024-12-10T08:10:59
16071,2025-11-06T22:25:03.917520
19302,2025-02-12T18:58:41
11919,2025-07-24T10:51:51
2445,2025-11-06T22:19:03.917531
8421,2025-11-06T22:47:03.917536
17548,2024-12-09T02:01:07
7686,2025-02-20T07:07:39
16625,2025-06-14T05:31:02
6476,2025-05-25T20:57:12
18051,2025-07-21T20:45:05
19989,2025-03-12T17:12:20
10958,2025-03-12T05:54:52
5511,2025-02-10T09:29:05
16046,2025-08-13T08:46:50
13137,2025-05-07T09:36:00
4849,2025-08-18T23:40:43
6808,2025-10-03T17:43:42
12349,2024-11-21T23:29:26
16716,2025-02-14T01:06:38
19034,2024-11-23T17:12:37
10734,2025-03-22T02:01:33
11520,2025-10-17T19:23:32
15947,2025-02-20T22:05:46
16698,2025-04-08T12:48:36
19470,2025-04-26T21:44:48
4382,2025-09-29T00:21:54
17805,2025-06-05T17:46:59
12101,2024-12-16T14:18:39
270,2025-01-06T22:47:19
4830,2025-03-17T21:17:57
19227,2025-02-26T10:23:31
1019,2025-07-03T18:50:15
9844,2025-01-26T17:09:30
6064,2025-05-30T03:35:29
5784,2025-03-17T08:01:53
17075,2025-11-06T22:32:03.917633
12537,2025-03-03T12:47:12
13935,2025-07-04T03:24:53
8532,2025-07-16T12:37:27
141,2025-11-05T14:00:52
7512,2025-08-16T06:45:24
19530,2025-08-17T07:08:48
2273,2025-04-24T03:30:58
14980,2024-12-21T13:31:07
1249,2025-05-17T16:50:18
9931,2024-12-08T10:30:25
5717,2025-06-07T01:06:59
2446,2025-05-21T11:34:37
8840,2025-09-13T12:40:14
9839,2025-04-17T01:28:42
13286,2025-09-02T09:46:34
4262,2025-06-19T20:40:57
3461,2025-02-20T16:17:34
17046,2024-11-23T21:47:36
15091,2025-08-23T14:03:49
4451,2025-01-19T08:41:46
5694,2024-11-28T14:11:54
12590,2025-01-29T09:23:29
4825,2025-02-24T00:10:11
3033,2025-10-03T21:06:50
16757,2025-07-22T01:07:10
3361,2025-02-17T04:27:42
13273,2025-06-28T18:54:10
2996,2025-02-07T19:36:46
15322,2025-07-14T23:59:41
3346,2025-09-17T16:53:36
16067,2025-03-24T10:41:50
9725,2025-06-27T02:32:56
17505,2025-02-11T13:00:19
16800,2025-01-13T01:46:37
10081,2025-01-13T08:12:33
12732,2025-10-25T21:21:25
557,2025-05-15T02:22:16
8279,2025-10-19T09:55:51
3760,2025-01-09T10:08:39
5800,2025-02-10T03:26:14
1027,2025-01-21T19:40:12
15946,2025-01-15T12:30:58
967,2025-04-04T07:06:12
11868,2025-03-14T10:00:35
11188,2025-07-22T11:09:49
8874,2025-05-19T12:48:49
4107,2025-08-14T15:18:21
9359,2025-06-06T07:52:56
18793,2025-06-24T13:54:28
17210,2025-11-06T22:53:03.917786
6028,2024-12-05T10:09:45
13788,2025-11-06T22:10:03.917794
9176,2025-09-20T20:21:06
19740,2025-04-07T15:22:30
10684,2025-07-13T22:51:18
15297,2025-06-29T08:55:41
4400,2025-02-21T10:07:04
12022,2025-04-13T20:38:56
13868,2025-02-27T19:34:23
16140,2025-04-10T07:05:24
2295,2024-12-29T09:49:46
7916,2024-12-25T06:57:27
12960,2025-01-19T18:40:02
11859,2025-05-07T23:34:50
8697,2025-03-06T22:49:15
18029,2025-03-08T13:45:14
1815,2025-03-14T15:45:19
16104,2025-03-06T18:27:24
7047,2025-10-28T17:43:25
16543,2025-02-28T16:01:34
17151,2025-06-10T11:34:58
12637,2025-05-11T19:18:14
10192,2024-12-21T10:01:53
13869,2025-10-01T17:02:33
14895,2025-11-01T23:02:54
8326,2025-08-20T10:06:35
1460,2025-03-12T05:34:15
16656,2025-03-30T23:21:00
7839,2025-10-26T03:33:43
8213,2025-04-12T14:23:00
18469,2025-01-27T06:15:10
1293,2025-07-06T12:35:14
507,2025-01-21T18:30:10
9954,2025-09-18T10:13:53
14283,2025-10-25T20:05:53
4181,2025-08-26T00:22:46
9209,2025-02-06T20:55:26
10865,2024-12-23T09:49:21
9491,2025-09-29T19:41:34
6479,2025-08-03T06:25:25
5966,2025-06-25T09:03:34
17152,2025-09-17T10:05:15
18632,2025-04-02T18:40:08
19543,2024-11-29T09:34:02
18970,2025-04-15T21:08:03
11328,2025-07-27T12:28:14
15219,2025-06-06T15:06:42
1611,2025-09-01T01:16:53
9022,2025-06-08T18:30:06
5559,2025-03-07T09:04:44
9133,2025-04-11T07:50:14
11770,2024-12-26T19:39:01
16110,2025-07-31T02:18:33
19013,2025-08-25T09:51:31
9522,2024-12-30T07:17:31
504,2025-07-13T00:38:41
9537,2024-12-10T15:52:42
10017,2025-09-18T00:47:46
121,2025-09-28T11:24:01
19861,2024-12-17T00:38:18
14806,2025-02-17T11:15:29
9882,2025-09-18T23:33:08
18581,2025-03-14T00:39:06
16827,2025-06-24T20:50:52
5815,2025-02-20T11:23:00
14751,2025-01-24T21:57:33
1447,2025-09-18T13:57:29
5863,2025-06-08T15:58:02
3796,2025-03-18T18:04:56
15883,2025-05-02T20:48:03
9177,2025-10-08T02:55:35
14735,2025-07-22T04:50:07
9220,2025-03-24T02:30:04
7429,2025-03-11T17:09:06
12793,2025-05-23T00:30:02
6303,2025-08-27T06:38:34
5509,2025-07-07T05:29:42
7032,2025-04-24T11:10:31
7983,2025-07-13T12:12:06
8923,2025-02-05T12:05:48
15460,2025-07-09T21:48:50
10092,2025-02-06T09:46:45
9625,2025-09-26T04:09:33
17350,2024-12-10T13:30:18
14665,2025-04-09T00:18:39
61,2024-12-14T09:16:54
12856,2025-11-05T20:39:34
11549,2025-07-03T16:10:39
8563,2025-01-08T17:12:54
4695,2025-09-13T13:30:23
13494,2025-11-06T22:40:03.918073
15308,2025-06-19T01:03:58
7487,2025-01-09T12:38:42
10161,2025-02-27T21:37:00
12408,2025-03-20T00:33:01
14467,2025-07-21T22:20:50
13955,2025-09-26T02:04:42
7788,2025-06-18T03:35:10
841,2025-03-14T23:14:34
13601,2025-05-04T06:29:01
15197,2025-09-23T09:52:04
13087,2025-05-19T12:17:30
6321,2025-09-06T01:54:12
13294,2024-12-25T05:50:29
8192,2024-11-29T16:29:46
5145,2025-04-08T21:17:25
17908,2025-03-01T20:53:21
17540,2025-07-22T00:07:46
15071,2025-03-21T03:30:57
8384,2025-10-01T12:09:48
17960,2025-02-03T11:32:39
13793,2025-05-04T13:11:08
12440,2025-08-10T17:19:18
19121,2025-10-18T14:33:03
5777,2025-07-01T23:49:40
7252,2025-06-28T05:55:33
16573,2025-08-22T06:42:21
4259,2025-06-27T21:53:53
5769,2025-01-03T20:29:12
18842,2025-11-06T22:18:03.918343
14962,2025-07-26T22:14:38
18813,2025-07-08T09:41:52
7380,2025-06-04T18:28:35
3220,2025-11-06T22:21:03.918360
17080,2025-04-18T14:28:41
8404,2025-07-14T21:33:09
7669,2025-11-06T22:50:03.918372
14077,2025-08-15T05:41:30
8909,2025-04-24T09:17:48
5900,2025-05-26T05:51:29
2663,2025-07-04T19:51:01
5767,2025-04-29T03:12:01
17503,2025-11-06T22:22:03.918393
2899,2025-10-26T16:25:31
11551,2025-02-20T17:42:03
6090,2025-03-17T22:32:28
4302,2025-11-05T23:05:33
13807,2025-09-03T17:04:54
9897,2025-01-06T21:44:59
14192,2025-05-31T10:25:13
1831,2025-08-18T12:23:09
4708,2025-07-15T02:38:13
14774,2025-07-09T09:40:52
6315,2025-10-14T14:07:38
7116,2025-11-06T22:13:03.918434
12367,2025-01-08T13:16:04
15089,2025-06-16T14:24:41
14429,2025-06-06T22:28:42
12835,2025-04-30T14:49:25
9196,2025-04-02T17:12:31
16450,2025-05-12T17:34:51
4925,2025-10-02T12:50:49
19468,2025-11-06T22:51:03.918462
6587,2025-09-10T14:25:24
16993,2025-11-02T12:27:42
4654,2024-12-14T12:50:13
13658,2025-01-17T15:34:34
13540,2024-11-18T15:58:59
16060,2025-08-23T14:18:51
5432,2025-04-19T03:06:46
19479,2025-06-10T08:31:08
7452,2025-01-30T15:53:30
12653,2025-11-04T20:19:59
5279,2025-11-06T22:08:03.918500
10175,2025-09-29T10:10:12
5738,2025-06-08T15:44:55
852,2025-04-21T02:02:32
3418,2025-01-11T09:58:08
9094,2025-08-15T02:13:55
741,2025-09-30T01:29:31
19413,2025-05-19T05:40:20
2401,2025-08-25T02:39:54
497,2025-10-23T02:20:12
15577,2025-02-15T23:48:29
14524,2025-10-24T18:08:52
5015,2025-03-08T09:05:08
8155,2025-01-02T22:22:35
5020,2025-11-06T22:35:03.918547
16937,2024-12-03T09:30:28
1005,2025-01-09T08:05:03
9531,2025-05-29T20:12:30
17798,2025-02-22T20:54:38
10199,2025-05-06T18:16:48
7136,2025-05-28T02:26:28
12011,2025-02-23T03:16:34
18680,2025-01-29T22:35:11
12663,2025-05-10T04:05:37
7005,2025-09-01T02:25:44
17635,2025-09-29T09:31:26
7871,2024-12-09T16:39:47
13737,2025-02-25T11:06:29
13584,2025-01-01T13:29:32
3490,2025-03-10T13:44:20
7907,2025-01-11T16:27:54
7480,2024-12-27T22:24:39
12507,2025-06-07T03:53:54
2639,2025-10-13T02:16:41
16736,2025-01-02T23:36:15
8358,2025-08-23T17:53:31
5331,2025-03-13T23:56:16
15041,2025-08-31T07:44:46
1162,2025-07-09T14:16:30
13242,2025-03-06T22:25:17
17870,2025-09-08T03:21:44
506,2025-06-02T15:57:17
12680,2025-07-17T15:06:18
3385,2025-03-07T04:33:32
1895,2025-05-23T13:36:11
15223,2025-02-06T17:42:37
8031,2025-09-16T05:34:28
1852,2025-07-29T10:31:50
10164,2025-11-06T22:37:03.918660
5332,2025-11-06T22:53:03.918665
10349,2025-11-06T22:27:03.918670
3373,2024-12-15T16:09:27
18809,2025-01-17T10:48:38
10241,2025-01-30T23:39:13
5979,2025-05-07T14:12:49
15302,2024-12-28T04:48:20
6744,2025-10-31T06:49:12
11059,2025-05-03T04:00:06
9355,2025-08-24T16:30:42
1297,2025-07-19T05:12:13
18283,2025-03-03T11:13:59
4670,2025-05-28T02:09:11
269,2025-04-17T12:27:02
7448,2025-09-20T05:10:29
19052,2025-08-14T18:56:23
15213,2025-01-01T12:21:06
6085,2025-05-02T19:56:24
3915,2025-07-05T01:46:21
3754,2025-08-05T06:39:57
18565,2025-09-13T13:55:38
1842,2025-05-24T15:54:01
13612,2025-03-28T06:35:14
4238,2025-07-24T09:52:04
16841,2025-01-30T05:48:52
7760,2024-12-05T09:25:49
6269,2025-01-01T14:44:05
17817,2025-11-06T22:21:03.918756
13451,2025-02-28T04:19:41
5859,2025-11-06T22:28:03.918764
1726,2025-03-01T05:00:23
5936,2025-07-30T16:42:11
19067,2025-01-19T23:13:45
19045,2025-03-06T06:54:02
7776,2025-05-28T01:33:08
12035,2025-10-14T01:15:58
4661,2025-04-26T20:17:45
2100,2025-11-06T22:40:03.918793
2535,2025-03-23T20:52:12
4784,2025-05-22T17:18:29
4728,2025-02-05T19:02:27
16584,2025-03-30T18:40:33
14917,2025-02-14T11:56:46
14184,2025-01-23T18:49:26
1294,2025-03-15T01:06:44
18626,2025-03-04T18:14:43
1199,2025-04-16T00:23:14
5919,2025-08-25T21:16:38
15647,2025-08-26T21:36:01
16513,2025-08-27T14:49:32
9948,2025-08-02T20:02:56
10443,2025-07-26T20:00:21
2982,2025-04-07T04:19:12
6373,2025-07-11T23:43:45
868,2025-07-19T14:00:35
15246,2024-12-01T21:08:25
17479,2025-03-16T03:14:48
14438,2025-08-11T01:16:06
13588,2025-05-07T16:47:57
16342,2025-07-07T22:08:06
8290,2025-11-06T22:04:03.918870
13245,2025-07-03T00:14:19
18038,2025-03-21T19:20:28
7176,2025-04-03T19:22:10
5098,2025-08-15T08:53:16
15001,2025-01-14T16:49:55
19621,2025-06-08T11:55:38
9755,2025-09-08T21:27:47
19449,2025-03-02T23:09:24
4815,2025-04-22T18:55:53
12209,2025-08-18T20:33:43
19167,2025-02-12T09:14:31
3326,2025-04-07T02:25:20
7522,2025-02-15T08:24:44
4780,2025-02-07T08:42:48
19394,2025-10-06T17:24:24
3683,2024-12-23T22:27:33
10115,2025-04-01T01:09:02
5984,2025-01-02T08:54:09
8525,2025-07-13T12:55:37
12750,2025-08-10T06:22:38
9004,2025-01-26T03:57:53
10191,2025-05-17T19:40:16
9207,2025-04-25T12:10:49
15392,2025-11-06T22:46:03.918949
6426,2025-11-06T22:51:03.918954
3840,2025-01-29T04:57:30
316,2025-08-19T01:20:35
15387,2025-11-06T22:03:03.918966
10731,2025-05-03T16:23:09
12670,2025-07-28T03:59:51
15363,2025-02-20T02:43:19
9019,2025-08-23T15:10:42
15702,2025-06-07T14:42:37
6113,2025-06-10T23:59:31
439,2025-01-08T13:33:40
2359,2025-10-12T13:56:37
12613,2025-08-10T09:37:02
143,2025-09-07T15:33:54
15731,2025-11-02T04:47:15
16054,2025-08-31T12:55:37
19506,2025-03-15T03:28:07
2025,2025-10-23T07:40:10
2463,2025-07-11T11:41:03
11795,2025-08-01T21:11:24
15367,2025-08-07T19:45:14
5881,2025-03-20T17:13:13
13383,2025-06-19T20:06:29
13671,2025-02-25T17:17:49
6110,2025-11-06T22:52:03.919036
9943,2025-05-27T16:09:13
7645,2025-05-09T07:27:40
3308,2025-05-15T10:19:22
3557,2025-06-05T09:06:58
7395,2025-11-06T22:40:03.919054
10072,2025-11-06T22:09:03.919059
16651,2025-08-08T16:10:48
9838,2025-11-06T22:36:03.919067
2988,2025-10-10T19:39:27
19757,2025-11-06T22:31:03.919076
17093,2025-06-04T21:54:12
18705,2025-11-06T21:59:03.919098
17088,2025-04-21T10:52:54
969,2025-09-08T19:57:11
18171,2025-09-18T08:02:19
15688,2025-10-07T02:03:54
8116,2025-10-24T22:24:26
19059,2025-03-31T22:25:42
3292,2025-05-25T04:35:51
619,2025-09-05T11:52:23
3533,2025-05-07T12:30:45
17187,2025-09-06T07:52:24
4116,2025-09-09T10:36:36
6913,2025-03-07T15:55:18
5854,2025-02-28T03:01:54
1841,2025-08-28T01:17:18
11160,2025-04-10T22:47:42
11772,2025-10-29T18:40:15
18390,2025-03-19T21:48:54
9657,2025-01-06T16:31:41
19064,2025-06-24T09:36:24
14007,2025-05-07T11:06:40
2607,2025-06-05T14:21:56
9791,2025-11-06T22:48:03.919175
19507,2025-04-18T08:01:27
12999,2024-12-30T07:36:04
11174,2025-10-27T06:09:03
5766,2025-04-02T06:27:41
3604,2025-11-06T22:18:03.919194
5989,2025-04-28T16:53:52
7195,2025-10-30T07:44:12
5891,2025-10-17T03:23:09
12955,2025-10-21T05:02:26
9708,2024-12-08T09:34:35
11181,2025-06-20T14:15:55
6727,2024-12-28T20:10:49
6803,2024-11-25T21:22:30
13526,2025-11-06T22:26:03.919226
6565,2025-01-08T23:39:03
17002,2025-05-29T09:02:11
15166,2025-07-10T15:52:41
613,2025-06-07T09:33:41
462,2025-01-16T17:07:15
2561,2025-02-09T00:48:37
17926,2025-06-30T14:45:32
3678,2025-10-14T14:07:22
4859,2025-03-04T21:02:24
9825,2025-01-23T13:12:11
8347,2025-09-26T06:36:52
11343,2025-10-18T20:35:30
9960,2025-08-21T15:13:24
2315,2025-05-27T08:20:35
10824,2025-08-03T04:06:59
16106,2024-12-12T12:48:44
6929,2025-05-28T14:58:59
13411,2025-10-03T17:06:54
14182,2024-12-13T13:30:03
15758,2025-05-31T07:21:54
9163,2025-11-06T22:22:03.919299
8157,2025-05-17T04:17:26
11215,2024-11-16T20:00:39
19339,2025-05-04T18:46:36
10952,2025-02-11T11:26:45
7835,2025-11-06T22:36:03.919317
6383,2025-04-14T02:39:26
19316,2025-01-26T04:06:16
13768,2025-11-06T22:53:03.919330
14392,2025-01-14T12:23:02
18641,2025-04-20T20:27:26
6485,2025-09-11T17:44:23
7296,2025-07-14T14:46:32
16523,2025-03-25T18:30:27
18993,2025-04-09T08:20:36
12520,2024-12-07T06:08:40
6201,2025-08-29T19:24:33
19812,2025-06-04T07:02:09
19205,2025-08-01T07:06:41
8530,2025-09-23T07:37:33
16720,2025-09-25T11:56:27
8441,2025-02-12T20:19:36
17985,2025-06-18T04:36:08
16186,2025-03-22T05:16:08
1282,2025-03-31T08:05:44
7560,2025-10-28T02:46:00
15571,2025-10-11T01:49:30
14746,2025-07-22T06:13:25
14908,2024-12-20T01:08:47
18218,2025-04-28T19:32:54
7051,2025-01-01T19:30:48
7475,2025-07-11T13:41:58
19739,2025-01-26T21:47:03
8508,2025-09-28T20:01:30
2656,2025-08-29T09:19:12
4315,2025-11-06T22:43:03.919483
5665,2025-08-31T16:37:29
13423,2025-06-11T14:34:27
2106,2025-05-20T12:52:03
3034,2025-04-18T13:43:22
5600,2024-12-14T23:18:24
7743,2025-02-18T18:36:39
457,2025-03-20T21:14:20
403,2025-10-24T21:51:58
11390,2025-05-20T18:42:31
3827,2025-02-01T13:27:14
703,2025-10-13T14:03:24
7477,2025-09-26T12:38:17
7155,2025-10-25T11:06:21
14592,2025-08-28T18:12:34
8496,2025-11-06T22:18:03.919549
18156,2025-11-06T22:26:03.919555
513,2025-09-15T08:29:34
14966,2025-02-28T13:55:52
19270,2025-02-05T17:00:26
2042,2025-11-06T22:23:03.919571
886,2025-11-06T22:46:03.919577
10571,2025-02-09T15:30:05
16013,2025-06-13T15:47:40
2661,2025-02-27T21:24:02
800,2025-08-28T06:06:24
1572,2025-07-21T15:06:53
6198,2024-11-21T16:45:37
19824,2025-01-11T12:08:14
17138,2025-10-10T18:05:58
14287,2025-04-03T13:10:57
8672,2025-05-23T17:26:12
4220,2025-11-06T22:46:03.919617
1036,2025-04-22T23:32:40
14553,2025-07-08T13:01:50
11793,2025-11-06T22:12:03.919630
7160,2025-05-13T20:30:48
3901,2025-01-26T00:29:08
1266,2025-04-23T02:43:13
10453,2024-12-22T18:12:14
10364,2025-10-15T10:42:09
13501,2025-10-02T15:00:01
2509,2025-11-06T22:00:03.919657
3171,2025-03-07T22:35:24
10693,2025-11-05T04:11:23
10080,2025-01-16T18:30:15
4214,2025-01-03T21:24:00
9698,2024-12-23T03:53:58
13486,2025-10-29T05:22:03
4963,2025-03-05T06:46:47
17100,2025-04-26T18:45:38
136,2025-08-23T09:12:49
75,2025-06-06T15:30:09
2716,2025-05-07T19:09:49
4407,2025-11-04T11:24:35
13903,2025-04-25T18:09:11
9930,2025-09-18T21:24:31
18069,2025-08-19T05:27:04
16185,2025-09-02T07:09:41
321,2025-08-23T15:31:10
17225,2025-10-19T07:06:50
19143,2024-12-19T19:52:46
19434,2025-07-10T12:48:47
3541,2024-12-31T22:03:13
3080,2025-10-28T20:28:43
10557,2025-11-06T22:03:03.919741
13808,2025-11-06T22:50:03.919747
12461,2025-06-22T05:43:35
18400,2025-09-13T16:59:52
18471,2025-08-10T10:45:46
6329,2025-05-01T07:07:20
6309,2025-01-14T12:01:57
11818,2025-05-07T20:51:19
6467,2024-12-14T01:48:00
18835,2025-01-30T08:15:50
13452,2025-08-16T20:50:23
8988,2025-07-01T08:06:09
3696,2025-06-05T04:36:58
7662,2025-05-04T16:48:22
6191,2025-08-28T10:22:10
17732,2025-03-07T09:21:18
5983,2025-06-27T06:21:30
18965,2024-11-27T14:12:14
12774,2025-08-24T13:11:57
17675,2025-03-28T13:59:50
8833,2024-12-25T09:18:56
12046,2025-06-29T13:37:01
17500,2025-08-27T19:23:32
19667,2024-12-09T12:42:56
10897,2025-09-16T10:53:36
18878,2025-05-25T18:01:42
19671,2025-05-06T21:29:46
5868,2025-05-25T11:04:52
698,2025-05-15T08:53:49
13427,2025-01-07T03:14:48
14687,2025-07-05T04:08:32
19200,2025-07-17T21:11:21
7785,2025-08-25T13:26:08
7824,2025-07-04T09:11:42
1334,2025-07-13T18:02:57
10780,2025-10-07T08:43:44
126,2025-05-22T01:47:50
12753,2025-01-06T00:00:44
14032,2025-11-06T22:32:03.919878
6660,2025-06-12T11:54:34
12104,2024-12-05T17:05:27
6473,2024-12-28T14:48:21
17436,2025-09-07T14:07:54
4879,2025-06-18T16:40:52
14759,2025-07-29T19:09:13
1017,2025-06-06T17:59:50
10773,2025-06-11T01:53:23
9734,2025-07-11T20:01:31
6288,2025-10-09T04:47:58
18407,2025-03-31T06:51:38
11554,2025-09-20T18:28:58
19328,2025-07-15T10:43:11
5464,2025-08-19T18:57:15
14143,2025-06-19T04:52:04
17068,2025-03-09T04:47:48
9510,2025-06-17T20:37:45
1302,2025-03-17T03:37:47
16881,2025-02-13T22:59:32
12328,2025-09-12T13:34:46
19221,2024-12-01T15:48:31
2062,2024-12-25T13:47:43
10854,2025-02-21T09:19:53
6147,2025-01-29T12:18:04
15067,2025-03-01T06:09:47
6695,2025-04-12T13:10:27
15414,2025-08-03T05:00:44
11186,2025-08-17T14:11:09
18282,2025-01-11T11:27:07
105,2025-08-27T07:11:34
12504,2025-10-30T15:02:32
13572,2025-01-03T20:34:08
15074,2025-09-28T14:51:09
19135,2025-03-09T11:46:16
9191,2025-08-26T20:27:56
18432,2024-12-17T15:04:20
6190,2025-10-29T11:12:00
11740,2024-11-14T04:10:55
12099,2025-08-02T15:47:36
16324,2025-01-01T04:04:16
9101,2025-05-17T10:52:58
18517,2025-05-29T09:57:51
12511,2025-10-26T10:54:41
7066,2025-01-25T15:30:34
13180,2025-03-20T04:22:02
10483,2025-01-06T18:42:36
14841,2025-05-13T12:15:59
14843,2025-06-16T13:43:57
543,2025-04-28T00:01:03
11982,2025-03-31T14:28:14
6884,2025-09-28T12:58:02
1813,2025-11-06T22:03:03.920061
19985,2025-02-08T01:32:49
6396,2025-09-08T03:42:23
5182,2025-09-04T08:48:08
14008,2025-03-13T11:41:03
806,2025-04-13T07:27:42
2677,2025-05-28T22:08:06
16682,2025-01-01T23:38:47
5970,2025-05-16T09:47:22
3371,2025-04-09T03:53:40
14228,2025-03-03T13:15:59
4395,2025-08-05T04:51:51
3451,2025-11-06T22:20:03.920114
6400,2025-06-12T18:00:34
17409,2025-04-24T22:34:22
283,2025-01-16T00:24:26
8214,2024-12-27T22:19:13
4810,2025-06-15T06:13:56
4665,2024-12-06T18:40:41
16765,2025-05-01T18:07:49
9249,2025-11-06T22:10:03.920146
17233,2024-12-02T22:43:38
8229,2025-03-30T17:25:53
17730,2025-05-20T09:05:02
7126,2025-02-04T11:38:27
1901,2025-06-14T20:45:01
3648,2025-04-15T17:01:12
2217,2024-12-30T21:25:14
348,2025-03-31T17:52:05
15878,2025-05-09T02:58:54
12275,2025-06-21T19:54:14
15870,2025-07-19T04:06:51
3607,2025-09-20T00:43:42
710,2025-06-14T17:58:39
18735,2025-02-19T03:20:48
10749,2025-04-23T21:00:14
17579,2025-03-26T08:05:38
15814,2025-05-24T12:34:28
13382,2024-12-01T18:18:57
3341,2025-09-26T18:16:11
14016,2025-03-05T15:29:33
11698,2025-03-22T14:15:31
15713,2025-09-27T17:26:03
3778,2025-11-06T22:20:03.920228
2841,2025-06-10T09:09:55
17014,2025-09-25T23:31:21
4508,2025-11-06T22:07:03.920241
13849,2025-05-11T17:25:38
19715,2025-08-25T23:29:55
834,2025-06-13T07:56:53
6710,2025-10-09T07:12:00
17119,2025-04-25T17:19:43
8626,2025-02-27T12:10:14
5506,2025-08-30T03:35:59
4793,2025-02-06T18:33:18
10451,2025-10-01T23:46:59
3737,2025-04-05T14:15:02
18550,2025-09-20T12:22:30
17831,2025-02-09T17:02:17
1668,2025-10-22T01:49:32
4745,2024-12-29T10:40:04
8947,2025-08-03T19:07:31
6984,2025-11-06T04:53:17
16661,2024-12-09T02:23:25
376,2025-06-04T02:17:56
14653,2025-09-20T20:41:41
258,2025-08-25T06:07:31
19311,2025-10-21T06:43:40
19512,2025-02-21T09:06:21
4026,2024-12-05T05:08:56
4857,2025-01-01T23:11:33
17334,2025-09-19T17:27:52
2204,2025-07-09T06:17:57
15867,2025-05-11T01:26:47
14724,2024-12-22T10:46:54
19417,2025-03-30T00:08:59
6010,2025-01-18T13:54:04
2754,2025-07-12T14:59:09
13555,2025-01-19T01:16:10
1676,2025-10-08T20:19:52
10694,2025-10-25T15:09:53
18001,2025-09-14T03:03:25
1403,2025-01-16T07:10:54
8616,2025-05-24T20:57:52
284,2025-08-12T20:51:32
16318,2025-06-25T22:57:15
14240,2025-06-17T05:20:35
9384,2025-05-23T18:25:29
16673,2025-09-16T02:15:13
4628,2025-06-24T17:22:23
2285,2025-07-17T11:34:04
3830,2025-03-05T04:06:48
5473,2025-03-30T11:17:44
10056,2025-08-27T09:42:35
9330,2025-04-27T22:33:01
7317,2025-05-07T14:14:40
1431,2025-04-14T22:52:25
15215,2024-12-31T08:46:50
9936,2025-02-19T00:56:04
12093,2025-05-07T05:42:50
17555,2025-05-13T15:46:00
3115,2025-11-06T22:17:03.920440
8830,2025-01-21T20:44:55
16869,2025-02-11T01:00:56
17931,2025-08-18T04:11:21
5871,2025-11-06T22:03:03.920457
18496,2025-04-05T08:13:58
13656,2025-10-10T17:29:01
8652,2025-10-05T03:50:25
12279,2025-05-11T01:46:14
5053,2025-06-11T19:06:47
809,2025-07-16T06:31:20
7287,2025-04-16T07:41:04
19495,2025-10-13T22:03:36
1935,2025-08-30T11:29:25
11286,2024-12-17T22:42:27
5477,2025-02-26T20:57:41
12400,2025-04-16T09:40:42
16160,2024-11-27T19:36:06
9789,2025-08-31T12:25:30
12433,2025-07-01T04:54:44
5514,2025-04-11T17:32:49
17113,2024-12-19T01:16:22
16392,2025-01-06T13:53:56
19494,2025-08-25T08:23:55
9635,2025-09-22T08:06:25
6302,2025-08-28T08:55:31
13323,2025-02-27T17:43:09
1730,2025-01-26T16:54:31
19263,2025-02-06T16:46:09
7720,2025-07-31T18:30:06
487,2025-08-15T13:16:01
6091,2025-08-06T21:40:31
13051,2025-11-06T22:08:03.920563
15340,2025-06-30T18:44:30
16378,2025-07-02T18:07:41
19995,2025-10-17T23:08:38
19694,2025-04-20T05:16:59
17754,2025-07-08T08:19:33
16710,2025-03-22T13:30:22
4973,2025-06-25T22:43:07
5913,2025-03-23T18:40:54
9881,2025-04-29T07:27:00
541,2025-01-07T17:31:47
10703,2025-02-04T10:32:44
3223,2025-06-12T19:47:02
2484,2025-02-09T09:44:26
6851,2025-11-06T22:05:03.920643
12493,2025-06-13T21:33:52
17172,2025-05-10T08:15:01
12301,2025-01-11T11:45:32
2874,2025-02-10T07:27:10
3061,2024-12-23T03:23:57
6885,2025-04-29T00:09:36
6814,2025-04-14T15:25:32
17992,2025-02-04T23:07:00
12681,2025-02-11T17:26:02
15307,2025-10-20T01:09:52
11493,2025-07-20T07:56:23
10211,2025-03-09T21:15:43
4230,2025-01-18T15:13:20
14674,2025-05-29T07:32:51
18611,2025-11-06T22:11:03.920708
7076,2025-11-06T22:28:03.920714
18107,2025-03-23T11:12:17
15274,2025-11-06T22:27:03.920723
9445,2025-09-09T13:54:31
8151,2025-08-08T11:17:18
5482,2025-05-25T11:52:23
12141,2025-11-06T22:33:03.920740
898,2025-04-08T17:07:55
18966,2025-01-19T17:58:50
8980,2025-01-16T23:33:51
7275,2025-05-27T20:25:24
16624,2025-08-19T07:29:18
1021,2025-08-02T11:34:12
6394,2025-04-21T00:24:12
9336,2025-04-22T18:06:04
12163,2024-12-16T17:03:50
12220,2025-02-07T23:30:45
4949,2025-02-27T05:59:25
5051,2025-03-02T08:01:40
3475,2025-10-01T22:44:28
14798,2025-09-30T01:44:15
4479,2025-02-22T06:19:47
11017,2025-03-09T01:52:08
3351,2025-03-05T01:42:30
5354,2025-08-26T11:08:33
17551,2025-07-13T17:00:35
19304,2025-04-05T00:46:39
17786,2025-02-04T15:18:31
3578,2025-07-11T13:38:22
2194,2025-03-08T22:54:14
5641,2025-03-13T11:08:06
7474,2025-03-25T05:15:23
8365,2025-09-27T05:13:00
15175,2025-03-27T17:39:05
3546,2025-01-01T20:16:43
11504,2025-06-26T08:46:36
3487,2024-11-18T20:17:28
2219,2024-12-06T14:01:51
2163,2025-04-19T21:25:05
15670,2025-10-25T15:33:40
11342,2025-10-18T14:30:18
17746,2025-03-25T18:07:05
16856,2025-08-13T23:17:47
356,2025-03-02T03:10:11
16332,2025-10-21T03:34:24
17287,2025-06-13T11:48:29
18887,2025-06-20T03:41:07
16641,2025-09-11T18:46:31
19987,2025-11-06T22:05:03.920896
16481,2025-10-04T16:37:10
2704,2025-05-27T16:45:25
4436,2025-09-07T13:35:29
17964,2025-02-16T07:13:50
9923,2025-07-23T21:45:28
1244,2025-02-07T03:53:49
15331,2025-10-04T04:04:24
12477,2025-02-22T17:56:21
8186,2025-07-21T19:02:26
14800,2025-06-17T14:52:20
15081,2025-07-21T10:34:13
2600,2025-06-09T23:25:05
18213,2025-09-05T14:28:58
4487,2025-04-06T16:51:37
4031,2025-04-22T21:04:29
11498,2025-11-06T22:16:03.920958
19381,2025-06-30T20:19:27
1958,2025-05-09T22:55:11
7159,2025-03-20T20:30:43
2970,2025-08-28T05:00:53
3862,2025-08-01T10:06:33
6896,2025-08-23T09:36:26
8686,2025-07-30T10:50:49
12097,2025-10-22T15:33:31
15625,2024-12-09T02:29:54
11838,2025-07-02T07:18:15
3274,2025-08-31T23:08:41
18772,2025-05-15T10:56:33
7571,2025-10-24T09:26:30
9387,2025-08-10T04:35:35
17078,2025-01-29T10:21:06
8289,2025-05-30T23:34:10
19150,2025-02-05T09:15:30
19262,2025-09-09T02:10:50
18433,2025-02-14T20:39:27
1659,2025-08-31T16:09:57
5844,2025-05-05T23:51:55
4867,2025-01-22T19:25:00
3828,2025-04-19T01:53:27
15943,2025-06-17T12:56:53
17774,2025-05-20T18:28:12
791,2025-11-06T22:31:03.921055
14207,2025-01-31T13:27:11
288,2025-09-29T02:40:38
3822,2025-11-06T22:44:03.921069
13397,2025-04-22T09:10:30
1641,2025-11-06T22:09:03.921078
5814,2025-07-23T02:09:20
17780,2025-09-01T17:28:25
11459,2025-02-07T17:30:57
5128,2025-06-18T03:59:36
16057,2025-04-04T00:20:00
19303,2025-07-29T02:13:24
859,2025-10-07T14:55:15
11000,2025-06-28T12:53:25
15824,2025-07-04T14:46:20
11050,2025-11-06T22:07:03.921129
16480,2025-07-07T15:45:08
11484,2025-01-05T21:17:41
17900,2025-01-07T21:16:49
14830,2025-05-19T10:19:39
7404,2025-08-15T03:02:05
6845,2025-03-08T00:06:38
17534,2025-09-21T05:44:53
15828,2025-09-07T05:23:38
18326,2025-01-09T03:06:29
18217,2025-10-20T18:02:04
7643,2025-06-02T19:00:37
8435,2025-07-21T21:33:13
14093,2025-07-07T01:51:39
8514,2025-06-26T00:12:36
17839,2024-12-14T03:55:50
5810,2025-01-11T21:51:48
960,2025-10-24T18:46:43
1675,2025-01-21T18:45:18
17494,2025-09-29T00:50:41
1881,2025-01-25T19:27:57
8836,2025-06-19T12:37:11
14167,2025-02-11T21:19:02
18984,2025-07-06T15:27:24
6164,2025-05-03T10:53:49
1932,2025-04-14T03:24:56
10641,2025-07-05T09:25:25
14893,2025-11-06T22:55:03.921236
11,2025-11-06T22:02:03.921242
7376,2025-10-26T14:16:05
9308,2025-07-02T01:26:46
4943,2025-07-11T04:54:36
3382,2025-11-06T22:33:03.921260
12634,2025-04-06T14:34:04
3868,2025-08-09T13:15:31
13747,2025-09-14T23:52:31
10885,2025-09-08T18:38:40
7936,2025-11-01T10:36:33
16349,2025-07-09T04:20:40
13883,2025-05-30T19:56:51
7630,2025-08-18T06:19:50
11532,2025-02-11T13:24:02
15857,2025-11-06T22:26:03.921300
5495,2025-11-06T22:40:03.921307
1026,2025-10-10T07:34:15
8382,2025-05-27T07:02:43
9482,2025-03-26T06:53:05
6802,2025-03-21T13:12:11
14056,2025-10-25T19:28:08
6020,2025-09-24T02:53:52
503,2024-11-30T06:25:48
4000,2024-11-11T08:27:14
10304,2025-11-06T22:08:03.921344
5247,2025-05-20T17:03:53
14221,2025-03-02T09:51:39
19922,2025-06-30T20:01:30
5476,2025-08-15T06:39:44
19359,2025-03-26T10:11:49
1272,2025-06-18T00:34:53
16806,2025-08-21T15:45:21
10505,2025-10-08T07:50:07
2731,2025-09-04T00:07:01
1723,2025-09-29T05:27:49
5004,2025-06-27T10:59:43
12372,2025-05-26T19:02:33
290,2025-06-26T02:53:25
42,2025-04-10T09:28:59
15774,2025-08-05T11:13:23
18492,2025-01-13T15:00:50
12424,2025-11-06T22:40:03.921411
6994,2025-01-08T03:41:20
11877,2025-07-21T05:04:51
17921,2025-04-14T15:04:18
2566,2025-05-03T16:10:00
14839,2025-08-29T11:06:15
14625,2025-11-05T10:58:51
9971,2025-10-23T18:44:06
5824,2025-07-28T08:33:52
18080,2025-01-17T04:19:04
17933,2025-06-28T15:54:07
5904,2025-05-03T03:20:23
15371,2025-02-14T18:12:45
7236,2025-06-02T06:57:05
4636,2025-04-16T07:54:10
227,2025-11-06T15:57:13
7242,2025-10-24T21:39:47
13437,2025-01-24T08:14:17
14163,2024-12-31T03:49:42
15106,2025-05-14T15:40:05
2767,2025-08-24T15:07:33
812,2025-03-05T19:43:24
7290,2025-07-01T16:09:28
13017,2024-12-29T14:31:30
19046,2025-05-16T22:09:50
19668,2024-11-16T14:00:21
14910,2025-02-02T10:55:49
1400,2025-04-05T08:03:21
7848,2025-08-30T04:28:39
7861,2024-12-14T23:58:43
15479,2025-02-18T16:44:17
17201,2025-03-15T08:07:43
10054,2025-01-26T08:20:35
13534,2025-08-10T15:29:07
8092,2025-01-06T07:36:48
19526,2025-04-17T16:16:27
8940,2025-05-19T17:12:43
10644,2025-09-11T14:41:03
8494,2025-03-18T13:05:22
17920,2025-07-02T17:51:13
16283,2025-01-20T00:13:55
10633,2025-11-06T22:04:03.921571
17213,2025-11-06T22:09:03.921577
2228,2024-11-16T10:26:44
11741,2025-04-07T05:23:40
3715,2025-01-07T12:22:18
8124,2025-04-28T13:12:26
2482,2025-01-26T22:00:45
3342,2025-06-26T04:09:05
11317,2025-05-31T00:12:00
10676,2025-02-12T07:10:10
8822,2025-10-16T14:25:05
11914,2025-05-24T12:36:34
14154,2025-02-04T05:09:30
9718,2025-05-27T03:07:17
1071,2025-08-05T03:27:16
11661,2025-08-28T11:47:09
16835,2025-07-08T23:13:35
1985,2025-10-23T23:12:44
4527,2025-08-17T19:11:57
2012,2025-10-31T12:19:39
11466,2025-01-27T15:45:13
1200,2025-01-21T15:13:29
772,2025-11-06T22:44:03.921659
15039,2025-09-27T00:05:43
1385,2025-02-18T04:39:21
10642,2025-11-06T22:45:03.921673
17717,2025-01-10T00:49:57
2326,2025-05-18T11:05:05
16385,2024-12-31T07:15:21
12542,2025-02-21T20:55:34
19058,2025-07-24T10:01:41
18940,2025-04-11T15:50:19
19661,2025-01-05T19:42:26
4618,2024-12-19T20:46:11
10297,2025-05-01T10:04:18
1117,2025-05-29T23:10:39
6835,2025-11-06T22:17:03.921718
18945,2025-11-06T22:52:03.921725
14572,2025-05-16T15:44:14
14404,2025-08-09T09:53:08
5976,2025-10-01T12:08:17
15745,2025-02-15T18:47:46
11540,2025-06-30T12:46:02
15576,2025-05-17T22:39:33
12415,2025-07-30T02:07:03
2299,2024-12-04T00:40:51
2328,2025-11-04T03:24:08
7430,2025-02-18T15:16:59
4365,2025-10-10T09:20:12
685,2025-11-06T22:29:03.921773
18253,2025-04-29T00:48:11
12243,2025-11-06T22:03:03.921783
3456,2025-10-30T15:23:47
2753,2025-11-06T22:36:03.921793
19978,2025-01-30T19:23:12
15498,2025-09-11T10:11:34
2632,2025-08-08T12:11:51
13140,2025-11-06T22:33:03.921811
3200,2025-01-21T07:11:25
13706,2025-04-23T17:50:10
18639,2025-09-26T01:28:27
16577,2025-07-20T18:02:50
13610,2025-02-13T18:21:20
15333,2025-06-28T14:24:38
6287,2025-08-24T23:16:06
6218,2025-04-27T01:27:53
3870,2025-06-26T13:32:22
3343,2025-01-01T19:21:10
14368,2025-01-11T14:50:54
9540,2025-09-17T20:49:58
16516,2025-06-16T19:34:47
12673,2025-08-28T11:00:54
10629,2025-11-06T22:32:03.921918
8144,2025-09-20T02:58:26
9181,2025-11-06T22:12:03.921928
16820,2025-08-07T18:03:52
13680,2025-05-31T18:25:02
10403,2025-06-11T12:39:43
10651,2025-10-12T12:34:06
17891,2025-04-23T18:04:25
16565,2025-05-15T15:28:44
11972,2025-08-03T16:16:18
12311,2025-10-15T20:13:29
3206,2024-12-31T12:32:06
5889,2025-09-04T13:06:52
4189,2025-06-13T14:38:08
15650,2025-02-28T15:24:50
14974,2025-08-07T20:18:39
4696,2025-01-06T17:56:34
14859,2025-01-13T07:16:08
5162,2025-07-31T12:33:53
8217,2025-05-27T13:25:10
4458,2025-02-15T06:43:20
1020,2025-08-30T03:31:52
9880,2025-07-21T06:50:16
15531,2025-05-18T20:12:18
1736,2025-06-15T19:27:03
2621,2025-03-06T07:00:20
12976,2025-01-27T08:35:42
13721,2025-11-06T22:35:03.922057
17636,2025-05-13T00:38:47
12825,2024-11-22T09:17:12
14028,2025-07-28T18:23:08
15316,2025-11-06T22:58:03.922075
2990,2025-10-30T16:23:35
8238,2025-11-01T17:09:02
14903,2025-07-10T05:02:06
7476,2025-08-07T09:41:10
345,2025-06-20T14:41:24
247,2025-01-14T10:34:44
13477,2025-03-25T15:18:18
8736,2025-03-18T17:04:50
3470,2025-09-08T15:38:36
11244,2025-10-12T10:01:34
15244,2025-10-16T09:21:25
3902,2025-11-06T22:15:03.922123
5770,2025-11-06T22:07:03.922129
4704,2025-10-05T14:25:53
18193,2025-02-25T08:04:57
13715,2025-10-05T17:37:50
964,2025-06-26T21:56:36
19310,2025-08-15T10:19:20
11731,2025-04-25T23:50:01
18860,2025-09-21T03:39:14
18004,2025-06-16T00:35:18
7763,2025-07-05T14:06:57
7471,2025-09-21T17:11:25
8204,2025-02-04T08:37:50
1295,2025-01-08T07:14:47
7314,2025-04-06T03:32:43
17841,2025-10-27T02:11:14
12235,2025-02-23T08:39:04
3407,2025-01-23T17:09:36
10127,2025-04-07T09:32:37
5414,2025-05-18T02:32:48
11321,2025-11-06T22:39:03.922211
19605,2025-05-20T20:10:01
9158,2025-01-31T17:05:11
7656,2025-09-07T13:19:47
11354,2025-09-12T12:30:06
4446,2025-10-17T19:44:12
7847,2025-08-10T11:33:37
18341,2025-01-24T22:10:55
2940,2025-07-26T23:25:15
235,2025-05-08T13:27:25
15749,2025-07-22T03:32:30
3958,2025-03-06T11:42:18
18613,2025-08-14T06:06:56
3738,2024-12-19T10:49:33
434,2025-10-22T02:11:16
13968,2024-11-26T21:08:30
1826,2025-04-26T02:52:05
18777,2024-12-18T07:18:33
18277,2025-09-29T22:54:08
17397,2025-09-08T20:45:07
884,2025-05-11T18:42:12
4788,2025-09-10T19:09:02
6361,2025-09-17T02:55:45
19951,2025-08-29T08:24:48
17053,2025-11-06T22:36:03.922330
15335,2025-10-07T07:07:40
13760,2025-06-03T22:24:48
3768,2025-11-06T22:43:03.922348
2812,2025-02-17T11:50:22
13086,2025-11-05T05:05:35
5263,2025-09-19T17:47:16
8795,2025-09-21T04:43:32
6470,2025-05-26T03:03:39
17615,2025-08-04T19:15:05
8305,2025-02-15T18:33:59
12325,2025-05-15T01:27:35
12286,2025-06-24T20:39:34
17422,2025-06-21T07:05:46
13312,2025-09-07T22:34:00
10907,2025-08-11T18:10:00
17308,2025-02-06T21:37:28
18197,2024-12-15T13:18:00
2976,2025-09-12T17:32:28
7284,2025-02-16T22:06:06
516,2025-10-12T12:18:14
7096,2025-11-06T22:50:03.922424
9579,2025-10-06T13:03:13
2454,2024-12-10T11:34:07
2168,2025-01-23T02:58:24
3331,2025-05-16T12:19:33
10131,2025-10-15T12:44:35
8175,2025-07-18T12:00:31
17527,2025-05-31T04:55:24
10790,2025-08-21T05:30:59
8766,2025-08-03T19:55:27
972,2025-06-02T05:30:24
2793,2025-03-15T22:39:26
8063,2025-01-23T14:21:27
18002,2025-07-20T08:40:25
298,2025-08-19T07:13:38
1694,2025-09-09T21:26:51
19643,2025-07-11T09:21:07
16640,2025-04-02T09:36:57
16214,2025-11-06T22:32:03.922505
13211,2025-09-14T00:22:11
3713,2025-07-17T14:48:45
14875,2025-04-09T16:50:03
8528,2025-04-30T05:49:36
398,2025-09-09T00:19:06
10423,2025-08-01T13:08:55
17307,2025-04-03T01:15:14
9767,2025-06-04T20:17:10
7593,2025-02-23T03:34:06
10869,2025-10-31T03:43:07
5628,2025-03-30T05:19:17
14022,2025-06-16T04:07:32
11943,2025-09-17T11:33:32
12676,2025-04-25T12:23:58
8029,2025-06-12T06:49:29
13076,2025-11-05T14:54:46
11366,2025-08-14T23:37:56
14680,2025-03-21T19:42:28
10273,2025-01-30T17:23:12
6673,2025-09-09T13:21:18
5499,2025-01-08T06:36:02
1523,2025-11-06T22:36:03.922618
16313,2025-03-30T15:02:53
1885,2025-01-07T02:11:19
17062,2025-06-01T18:33:46
8463,2025-04-26T22:08:26
8056,2025-02-21T20:29:26
7971,2025-06-09T19:16:03
1764,2025-01-09T17:14:11
19672,2025-02-26T12:56:25
5567,2025-03-28T18:51:55
5748,2025-07-25T22:42:58
7352,2025-05-12T08:54:21
9212,2025-10-09T18:05:11
5291,2025-07-20T06:47:07
1746,2025-05-22T17:46:46
11746,2025-03-13T01:34:56
13413,2025-01-27T11:43:06
108,2025-09-24T12:16:56
3845,2025-09-13T06:16:44
3045,2025-01-24T12:27:39
11001,2025-04-22T17:11:38
18950,2025-09-01T07:24:11
6939,2025-01-07T05:41:54
409,2025-04-01T11:37:09
3272,2025-01-07T19:37:58
6934,2025-10-12T17:27:06
2011,2025-02-14T22:45:18
3452,2025-11-06T22:23:03.922746
6730,2025-10-19T16:15:25
560,2025-05-13T03:25:26
16744,2025-07-10T02:55:41
4752,2025-01-24T23:38:15
11492,2025-08-17T19:46:49
16025,2025-11-06T22:04:03.922776
10462,2025-01-12T09:45:29
19346,2025-07-20T18:38:59
7144,2025-02-26T05:03:15
18528,2025-03-10T12:24:57
8927,2025-07-07T12:53:51
13936,2024-12-10T15:12:38
13104,2025-05-15T06:17:36
13496,2025-10-11T01:21:23
16897,2025-03-16T09:15:23
8788,2025-10-14T07:51:49
12360,2025-05-11T15:26:44
7301,2025-06-20T00:04:37
11353,2025-06-02T19:41:44
2223,2025-08-06T11:24:39
1083,2025-07-20T15:38:19
16408,2025-07-25T05:26:36
17111,2025-03-23T08:56:55
7832,2025-04-20T17:28:59
11879,2025-10-10T10:53:49
17353,2024-12-19T00:40:09
5727,2025-11-06T22:00:03.922876
3810,2025-06-10T22:35:49
6138,2025-11-06T22:37:03.922889
17589,2025-04-04T21:47:36
18674,2025-06-07T01:50:35
6628,2025-02-04T16:50:46
15379,2025-07-20T20:59:28
19350,2025-04-21T11:11:55
9103,2025-06-11T23:30:34
11468,2025-11-06T22:58:03.922923
2898,2024-12-07T23:11:01
2017,2025-02-09T02:53:01
5676,2025-06-04T00:13:07
5801,2025-11-06T22:10:03.922944
2542,2025-10-16T13:26:20
7423,2025-05-23T08:51:45
1237,2025-02-06T07:12:39
1232,2024-12-25T06:37:44
11199,2025-10-10T16:45:56
19570,2025-03-19T00:37:53
16955,2025-07-03T09:45:59
13479,2025-10-19T23:13:00
7885,2025-09-12T21:05:36
9973,2025-05-04T22:24:12
9621,2025-01-30T14:44:35
264,2025-02-02T14:35:48
18869,2025-09-02T12:28:00
14793,2025-11-06T22:34:03.923010
1979,2025-01-30T19:07:04
17161,2025-01-16T11:41:41
9183,2025-08-14T04:25:58
11143,2025-09-27T14:25:04
693,2025-05-25T19:27:24
17971,2025-04-04T17:48:42
10477,2025-11-06T22:34:03.923045
3515,2025-08-03T04:55:02
14010,2025-06-12T20:17:17
5551,2025-09-22T07:30:04
217,2025-01-25T12:28:23
19863,2025-02-04T18:54:03
7227,2025-01-14T11:45:42
10370,2025-06-05T14:06:02
15210,2025-01-13T02:42:26
9864,2025-10-10T08:32:23
915,2025-01-22T23:01:58
10094,2025-10-15T07:34:28
3360,2025-05-18T17:18:01
17764,2024-12-20T21:42:50
588,2025-08-05T23:07:51
11848,2025-10-14T15:44:39
10223,2025-10-26T00:55:57
5001,2025-02-17T16:24:32
10803,2025-07-12T18:08:27
8942,2024-12-17T22:38:40
6264,2025-02-25T14:36:27
9344,2025-02-21T20:27:40
770,2025-08-31T16:24:46
16534,2024-12-11T21:20:40
689,2025-11-06T22:09:03.923165
2865,2024-12-29T03:19:40
4864,2025-04-21T15:52:54
10963,2025-05-15T19:34:41
18303,2025-01-18T12:24:18
9451,2025-11-05T14:20:11
13361,2025-10-17T10:31:25
3537,2025-03-15T09:07:58
1514,2025-11-06T22:39:03.923210
7552,2025-10-20T01:02:17
5846,2025-01-19T23:33:17
17606,2025-08-31T07:22:18
9074,2025-10-14T03:27:09
1435,2025-07-13T22:56:30
10083,2025-01-07T02:57:17
16386,2024-11-16T07:22:07
6986,2025-09-10T19:29:02
17077,2025-06-27T22:43:13
7368,2025-11-06T22:37:03.923255
18284,2025-04-22T03:57:58
2872,2025-07-06T22:53:12
785,2025-10-25T13:43:37
7412,2025-05-11T08:36:08
16499,2025-02-19T21:58:24
11297,2025-11-06T22:38:03.923282
2822,2025-10-23T06:44:55
5082,2025-06-24T02:36:13
1437,2025-03-02T05:02:00
4240,2025-09-23T15:04:29
12323,2025-03-23T22:25:57
19946,2025-04-05T08:43:20
10622,2025-08-27T00:37:09
6268,2025-04-24T03:11:31
9061,2025-05-27T17:26:39
17001,2024-12-03T08:22:38
5610,2025-10-12T17:54:23
7478,2025-06-13T16:42:48
19923,2025-08-05T08:02:50
19033,2025-08-27T05:33:02
4610,2025-02-03T21:38:29
3003,2024-12-27T14:01:39
7569,2025-07-15T20:19:07
1234,2025-06-15T09:33:06
4865,2025-01-04T22:52:09
6092,2025-08-03T22:27:39
2518,2025-08-28T09:48:30
8088,2025-02-15T02:26:38
10709,2025-10-13T06:36:08
956,2025-11-06T22:40:03.923415
1369,2025-10-13T05:18:33
5671,2025-05-12T16:45:38
13627,2025-01-20T10:25:07
4935,2025-03-19T11:41:42
18857,2025-01-17T07:57:19
11084,2025-05-09T17:12:25
4885,2025-10-02T20:30:32
5371,2025-07-15T13:34:03
5998,2025-05-19T21:32:13
12059,2025-10-08T05:25:50
8499,2025-11-06T22:29:03.923464
1722,2025-08-07T11:05:27
13664,2025-03-14T15:36:54
12950,2025-11-06T22:02:03.923479
2400,2025-02-19T00:52:16
9823,2025-04-01T13:13:31
11057,2025-08-15T21:37:51
14864,2025-09-07T20:21:01
4893,2025-04-23T16:59:20
7202,2025-11-06T22:22:03.923507
15056,2025-08-24T02:17:36
17658,2025-06-23T13:25:35
8374,2025-01-01T04:44:30
5298,2025-10-31T01:53:31
4318,2025-07-20T23:26:21
13725,2025-05-29T21:33:46
13406,2025-04-08T18:58:40
8649,2025-09-19T06:24:55
14541,2024-12-20T10:03:21
2466,2025-11-04T03:02:21
14555,2025-09-20T09:36:49
11537,2024-12-12T04:53:28
6763,2025-07-15T17:36:18
4892,2024-12-02T00:30:54
13346,2025-10-13T02:01:02
15573,2025-04-16T14:52:26
2461,2025-06-12T01:10:27
6711,2025-04-18T20:52:15
18946,2025-07-27T05:51:19
17297,2024-12-08T08:26:50
9417,2024-11-15T02:55:01
11387,2024-12-19T21:50:08
8380,2025-03-25T15:52:21
7875,2025-05-15T19:45:39
6169,2025-02-12T06:54:43
14098,2025-08-01T00:38:19
19934,2025-04-14T11:06:27
18923,2025-03-27T23:20:47
8331,2025-07-06T10:15:45
3944,2025-03-06T00:44:22
17919,2025-10-16T06:38:03
4440,2025-01-30T17:30:00
18638,2025-08-15T21:16:14
2583,2025-06-02T08:53:37
19698,2025-09-30T12:02:13
1937,2025-11-01T05:20:57
15275,2025-07-06T02:57:43
7499,2025-03-24T12:10:04
9239,2025-06-25T09:36:21
9460,2025-03-03T18:29:24
2950,2025-10-19T22:24:29
8763,2025-06-03T05:28:08
14107,2025-01-30T17:31:20
8142,2025-08-15T19:12:54
4713,2025-06-29T17:11:28
9310,2025-11-02T21:36:09
14550,2025-08-20T10:41:08
9515,2025-11-06T22:16:03.923718
11688,2025-05-04T07:34:41
16602,2024-11-23T08:40:20
6000,2025-01-24T13:00:35
12136,2024-11-13T21:08:18
14507,2025-11-05T15:18:44
352,2025-03-27T11:33:30
10612,2025-05-11T19:43:30
5322,2025-08-18T19:15:39
466,2025-07-30T13:33:13
17206,2025-04-14T09:08:27
17454,2024-12-08T12:25:36
445,2025-01-14T01:56:09
9998,2024-11-26T06:11:47
16775,2025-06-06T07:10:26
12991,2025-08-19T23:41:58
11046,2025-09-24T00:44:22
9938,2024-12-21T12:47:36
15653,2025-04-09T15:56:21
412,2025-11-06T22:11:03.923801
13592,2025-06-05T16:28:41
1678,2025-03-04T10:51:39
8055,2025-11-06T22:00:03.923816
2150,2025-06-10T03:53:39
13394,2024-12-14T16:10:46
10891,2025-09-15T14:10:49
12304,2025-11-06T22:52:03.923835
17855,2025-04-21T22:50:39
13857,2025-06-05T09:32:00
5678,2025-10-09T20:52:58
14304,2025-05-19T01:01:05
12927,2025-09-27T23:37:20
18810,2025-02-07T19:30:20
19209,2025-11-06T22:50:03.923869
2276,2024-12-28T16:45:21
17178,2025-03-13T16:59:03
683,2025-07-25T15:54:02
19791,2025-01-27T18:13:44
18885,2025-07-01T07:12:40
12391,2024-11-20T10:54:55
13297,2025-06-15T00:21:22
18982,2025-05-16T11:29:08
13221,2024-12-30T08:38:37
9415,2025-02-23T18:15:29
15715,2025-01-31T10:35:47
8634,2025-11-06T22:12:03.923928
7034,2025-10-19T06:20:54
9740,2025-11-06T22:52:03.923939
6205,2025-02-25T22:00:54
4428,2025-07-25T01:07:14
18538,2025-05-10T21:09:08
10322,2024-11-16T19:42:56
19289,2025-05-05T03:51:02
5439,2025-03-04T10:19:24
10713,2025-07-17T12:38:00
4123,2025-06-29T05:33:09
13490,2025-07-04T00:28:28
13420,2025-04-02T00:24:58
18936,2025-02-12T09:37:34
4162,2025-02-16T05:59:08
19611,2025-05-08T22:19:36
9761,2025-09-05T16:20:51
18763,2025-11-06T22:54:03.924012
8329,2025-06-05T08:36:49
5562,2025-01-09T21:29:06
16473,2025-07-27T09:34:23
18290,2025-09-10T09:27:02
19082,2025-07-12T05:59:59
18049,2025-05-31T08:03:24
3102,2025-10-03T05:15:13
10265,2025-10-12T01:42:39
12589,2025-03-26T14:24:26
8458,2025-02-25T20:42:54
3896,2025-09-24T00:17:57
9891,2025-10-29T15:34:21
12499,2025-02-06T15:43:09
10202,2025-09-01T14:31:23
10798,2025-10-10T04:13:34
7751,2025-11-03T16:10:16
4779,2025-10-10T10:22:36
12227,2024-12-19T17:34:01
11499,2025-11-06T22:33:03.924100
14298,2025-01-17T17:22:36
14416,2025-10-15T05:52:42
2180,2025-06-13T06:50:02
8147,2025-08-14T22:39:24
9472,2025-10-23T02:19:59
4341,2025-06-09T08:20:19
2145,2025-02-10T02:38:21
12578,2025-01-12T12:32:40
2333,2025-08-04T09:55:45
3584,2025-04-25T04:38:44
15776,2025-05-07T21:23:39
14395,2025-08-12T08:54:58
3987,2025-03-29T02:51:03
6124,2025-05-25T22:24:41
6723,2025-06-29T02:53:58
6420,2025-11-06T22:36:03.924174
4560,2025-03-22T10:22:59
5283,2025-03-13T01:34:23
17257,2025-03-07T05:29:24
15950,2025-07-10T22:29:28
9763,2025-07-03T16:54:47
10358,2025-05-29T15:01:36
50,2025-07-30T14:34:14
7880,2025-06-24T16:13:30
16657,2025-02-12T10:59:39
944,2025-07-04T19:11:52
6463,2024-11-30T02:49:55
10879,2025-01-23T08:00:13
10155,2025-07-06T21:24:24
16330,2025-11-06T22:50:03.924239
13837,2025-09-23T22:06:28
7441,2025-01-08T05:33:26
7844,2025-11-06T22:15:03.924255
97,2025-06-06T12:12:07
12549,2025-10-18T10:26:19
7316,2025-08-29T10:00:31
8898,2025-03-15T15:03:49
11529,2025-05-29T07:54:21
3799,2025-07-01T04:37:38
4229,2025-02-14T02:04:01
12153,2025-06-29T16:51:56
11829,2025-03-24T03:07:58
13422,2025-10-31T11:25:45
10652,2024-12-15T20:17:53
2911,2025-10-02T16:30:17
14506,2025-02-20T18:09:33
672,2025-04-10T00:00:08
19275,2025-05-25T22:01:24
9452,2025-06-07T05:00:13
6112,2025-04-16T08:53:00
5448,2025-03-19T07:39:17
19510,2025-01-14T12:34:01
2115,2025-09-12T05:22:55
2488,2025-09-28T08:42:34
15716,2025-10-27T02:53:16
3260,2025-08-25T20:28:58
11787,2025-03-15T15:44:35
16763,2025-11-06T22:34:03.924369
16748,2025-06-05T03:08:51
4347,2025-01-11T17:22:09
15055,2025-11-06T22:47:03.924385
19956,2025-11-06T22:03:03.924392
18560,2025-01-03T05:18:28
4626,2025-01-24T02:00:49
18019,2025-06-05T10:22:27
16063,2025-05-03T12:25:44
8835,2024-12-31T20:57:33
14912,2025-05-29T21:48:10
9267,2024-11-24T01:35:29
4112,2025-07-05T13:00:29
11513,2025-07-03T13:19:18
3566,2025-11-06T22:41:03.924438
1159,2024-12-17T00:09:20
5916,2025-04-26T09:03:03
13015,2025-04-20T19:15:32
2737,2025-06-08T05:43:04
7568,2025-01-27T05:12:49
12713,2025-04-10T06:39:34
9557,2025-11-06T22:11:03.924476
268,2025-05-02T12:03:37
4018,2025-05-09T10:12:08
18269,2025-02-15T06:59:08
12717,2025-07-30T13:15:33
2949,2025-02-25T17:19:53
12729,2025-10-01T08:47:27
2672,2025-02-13T12:51:18
18114,2025-03-18T00:12:35
10463,2025-11-06T22:43:03.924521
3850,2025-04-25T00:14:44
2830,2025-02-08T08:30:29
12436,2025-06-29T12:33:12
7139,2025-04-09T09:47:07
10290,2025-10-31T03:09:24
14644,2025-11-06T22:51:03.924552
8661,2025-04-02T18:40:29
2303,2025-07-15T15:24:27
14754,2025-09-15T15:22:24
5539,2025-05-31T00:52:07
6319,2025-09-13T19:30:03
17547,2025-03-11T13:43:54
18264,2025-05-01T16:13:00
8369,2025-10-19T15:14:11
5064,2025-08-17T10:41:39
6260,2025-03-13T05:01:32
16860,2025-01-20T13:37:17
19370,2025-02-11T13:31:55
15169,2025-10-10T06:38:12
5497,2025-06-13T12:16:46
19463,2025-08-16T19:35:20
13084,2025-01-25T10:35:20
13097,2025-06-08T19:22:46
9861,2025-01-15T01:38:59
16300,2025-10-24T06:25:26
18488,2025-07-14T05:19:08
1498,2025-09-05T02:26:09
14247,2025-03-08T03:01:52
3580,2025-06-12T08:02:04
12558,2025-07-18T06:01:03
18414,2025-09-30T10:30:14
6070,2025-10-30T17:18:15
8254,2025-02-07T02:31:49
14166,2025-11-06T22:45:03.924686
17081,2025-05-11T06:18:28
18888,2025-09-15T15:26:09
10457,2025-10-17T18:58:08
4204,2025-11-06T21:59:03.924708
828,2024-12-26T17:57:54
10544,2025-10-11T13:29:05
9421,2025-03-23T06:03:04
13430,2025-05-04T02:30:10
10005,2025-07-17T18:31:40
652,2025-03-15T23:51:21
16368,2025-02-09T07:25:15
14855,2025-07-29T08:02:33
9046,2025-09-18T14:17:17
2164,2025-03-06T23:28:29
18402,2025-04-08T01:39:36
15584,2025-10-23T05:35:53
19680,2025-01-26T21:02:14
5674,2025-04-06T10:39:28
6599,2025-01-29T18:05:50
11008,2025-07-26T14:28:15
17375,2025-04-16T00:26:09
7142,2025-09-04T06:31:21
6855,2025-01-08T22:39:26
4271,2025-10-31T15:09:25
10487,2025-08-18T05:05:04
7449,2025-03-11T01:49:31
12605,2025-08-13T15:33:52
4898,2025-06-17T12:30:46
902,2025-08-26T17:12:26
14410,2025-11-06T22:47:03.924891
18245,2025-06-23T10:24:46
19587,2025-11-06T22:34:03.924904
12339,2025-05-05T09:45:28
13462,2025-05-26T16:17:52
12154,2025-09-01T00:31:40
13642,2025-02-27T10:44:52
17262,2025-05-22T22:55:57
7248,2025-11-06T22:08:03.924934
11597,2025-01-21T23:03:31
18189,2025-09-30T16:00:07
17209,2025-01-12T15:49:49
12071,2025-03-26T08:53:40
7836,2025-08-02T13:13:04
12939,2025-07-09T12:38:55
7357,2025-09-09T15:00:17
2972,2025-01-14T09:23:12
155,2025-01-27T12:32:43
5875,2025-01-05T02:52:05
2376,2025-11-06T22:55:03.924989
10743,2025-05-16T23:24:37
10950,2025-05-25T16:50:53
2770,2025-06-27T13:56:08
11809,2025-05-16T21:15:35
14780,2025-02-14T23:32:34
8630,2025-11-06T22:13:03.925019
19682,2025-01-21T22:46:02
6568,2025-07-02T16:07:16
1626,2024-11-22T04:48:21
330,2024-11-19T08:39:25
5637,2025-07-22T12:19:11
12394,2025-10-01T01:07:45
19165,2025-05-22T13:16:11
10279,2025-02-16T14:43:13
6671,2025-05-17T21:47:51
7897,2025-04-04T23:20:11
6418,2025-03-10T11:51:56
15122,2025-04-06T13:51:38
15491,2025-01-11T00:38:17
9681,2025-05-15T00:04:00
8135,2025-09-12T08:27:24
10764,2025-10-08T02:26:13
1280,2025-03-21T04:44:03
15076,2025-11-06T22:27:03.925118
6793,2025-07-10T19:41:54
13738,2025-07-25T16:34:04
19285,2025-06-18T14:56:12
17003,2025-08-18T08:35:50
17061,2025-05-10T10:13:42
6118,2025-09-18T18:05:01
11033,2025-03-07T23:36:57
10802,2025-08-27T04:05:07
12376,2025-07-10T23:51:17
4566,2025-07-06T11:36:41
1992,2025-04-10T20:30:01
13678,2025-10-13T23:58:19
16235,2025-08-13T15:25:09
1786,2025-10-17T11:50:18
5023,2025-11-06T22:22:03.925190
10562,2025-07-03T17:39:51
2592,2025-02-17T07:20:01
11998,2025-10-27T00:31:23
1039,2025-01-27T23:09:05
5397,2025-11-06T22:35:03.925217
11122,2025-02-20T09:48:22
12787,2025-05-27T10:39:41
5917,2025-05-20T20:32:34
11289,2025-05-21T04:24:22
12843,2025-02-21T19:25:18
10577,2025-08-16T17:16:12
1214,2024-12-07T20:46:30
7324,2025-07-31T18:04:04
16142,2025-02-26T10:00:23
14295,2025-08-26T05:48:08
10566,2025-06-09T10:27:48
1987,2025-09-18T06:02:32
11440,2025-01-30T03:57:37
11072,2025-08-05T06:46:35
17759,2025-01-29T10:21:43
7532,2025-07-10T12:12:36
14405,2025-04-15T20:05:20
18161,2025-11-06T22:10:03.925304
9333,2025-03-27T08:09:13
12027,2025-08-15T01:58:57
11123,2025-10-20T07:56:49
5321,2024-12-26T13:45:48
18487,2024-11-16T21:37:40
12442,2025-03-31T02:40:39
3504,2024-12-15T09:38:37
6591,2025-01-01T03:13:03
12387,2025-07-07T14:44:19
10217,2025-08-01T03:41:59
7367,2025-10-19T10:44:52
16581,2025-02-21T03:47:01
12625,2025-06-15T18:25:47
15038,2025-11-06T22:09:03.925371
13529,2025-01-20T11:59:54
10190,2025-01-24T08:57:17
3687,2025-07-10T18:00:29
12385,2025-11-05T12:17:30
3049,2025-10-16T04:48:31
7400,2025-09-05T19:20:18
3563,2025-01-14T18:29:51
12086,2025-07-07T20:45:42
5570,2025-11-06T22:39:03.925415
9276,2025-10-03T08:16:20
10311,2025-10-06T02:44:44
5006,2025-08-02T06:30:12
4637,2025-09-29T02:43:42
9721,2025-06-03T12:07:08
3320,2025-01-27T14:47:34
7850,2024-12-13T15:07:12
7930,2025-02-22T01:58:28
6444,2025-03-20T20:39:48
3283,2025-04-08T09:44:18
484,2025-11-02T23:02:16
10306,2025-04-27T02:41:54
16503,2025-05-18T23:41:38
16250,2025-07-07T00:03:47
8774,2025-01-04T22:50:16
15052,2025-02-14T06:31:58
1414,2025-09-26T21:29:27
11142,2025-11-06T22:25:03.925501
2259,2025-09-08T18:33:43
3004,2025-10-05T11:10:57
7292,2025-05-22T19:08:00
3982,2025-06-25T11:51:17
13728,2025-02-17T20:22:49
3786,2025-02-27T04:10:54
17124,2025-09-22T12:13:07
7185,2025-08-17T18:43:12
15088,2025-02-15T06:45:46
4129,2025-04-18T01:39:07
17665,2025-05-21T17:02:26
6873,2025-04-11T01:29:36
18098,2025-10-16T12:28:25
8950,2025-04-14T00:48:19
11971,2025-05-06T12:42:53
15617,2025-11-06T22:23:03.925577
540,2025-06-11T23:17:43
2814,2025-09-19T06:22:36
18318,2025-07-01T14:19:07
7946,2025-08-06T09:58:21
3334,2025-10-15T23:58:16
18085,2025-06-24T14:54:50
6037,2025-03-16T07:46:56
1079,2025-02-05T13:18:04
12165,2025-05-17T22:20:35
1650,2025-09-07T23:56:41
13775,2024-12-20T16:50:41
15173,2025-09-21T07:06:13
3776,2025-09-28T23:55:28
13145,2025-07-03T03:58:05
11937,2025-02-22T09:04:22
9672,2025-10-29T08:48:20
523,2025-08-29T04:35:51
7222,2025-08-13T06:48:51
1566,2025-04-17T00:06:23
1024,2025-10-12T07:42:32
6447,2025-08-19T13:24:42
6937,2025-08-30T08:19:38
5310,2025-06-01T13:29:01
9563,2025-01-24T06:11:29
11475,2025-11-06T22:30:03.925695
15421,2025-03-08T01:24:25
15638,2024-12-06T12:57:33
17809,2025-03-27T03:54:11
4710,2025-06-14T12:59:58
19831,2024-12-28T17:43:44
1206,2025-04-18T04:41:50
8133,2025-02-02T10:31:00
4791,2025-11-06T22:11:03.925735
7545,2025-09-19T05:36:40
8288,2025-04-26T22:14:17
13765,2025-03-23T12:31:01
3304,2024-12-25T12:47:25
4309,2025-03-11T07:40:51
7232,2025-06-11T08:03:29
18037,2025-10-02T03:07:49
18771,2025-05-16T03:49:35
7496,2025-11-04T04:44:38
5519,2024-11-22T16:29:55
4327,2025-06-22T18:37:06
7138,2025-07-21T06:59:27
9518,2025-06-12T21:28:50
1636,2025-07-14T17:06:02
8969,2025-01-03T08:16:12
11841,2025-09-13T05:53:23
13769,2025-10-31T11:51:18
17836,2025-05-02T18:04:36
1818,2025-01-07T13:19:31
19371,2025-05-18T15:09:32
17158,2025-08-29T20:00:30
16177,2025-11-06T22:37:03.925840
8275,2025-07-03T16:59:16
11281,2025-01-19T09:25:06
16114,2025-06-19T00:39:43
5540,2025-09-10T07:26:02
17131,2025-06-28T15:48:46
14214,2025-05-20T04:53:56
14549,2025-08-03T17:25:08
1074,2025-07-07T13:46:49
9436,2025-05-29T20:04:14
3380,2025-11-06T22:31:03.925889
17493,2025-03-25T15:18:21
7278,2025-05-23T13:02:02
4057,2025-03-09T00:04:47
19693,2025-11-06T22:46:03.925911
15998,2025-11-06T21:59:03.925918
19330,2025-02-24T23:01:31
12738,2025-07-22T12:51:01
17327,2025-03-11T13:44:12
3628,2025-03-26T09:43:11
5350,2025-09-04T19:47:01
1228,2025-11-06T22:49:03.925949
13607,2025-04-28T19:39:27
79,2025-10-27T23:22:28
8241,2025-04-06T02:55:25
11121,2025-10-07T01:51:53
11636,2025-02-15T08:44:07
5876,2025-07-30T18:02:49
11603,2025-08-18T23:15:15
6165,2025-06-16T00:53:36
6861,2025-07-22T09:08:33
2665,2025-03-03T12:42:35
11221,2025-06-08T23:14:51
19794,2025-05-03T06:11:19
8205,2025-07-30T03:53:40
17324,2025-03-06T12:23:17
16446,2025-11-06T22:40:03.926020
5878,2025-07-28T11:40:17
1638,2024-12-20T14:04:15
15587,2025-08-26T09:05:21
6522,2025-11-05T07:28:46
1854,2025-06-24T20:11:40
14863,2025-08-14T00:27:48
8429,2025-11-06T22:24:03.926056
15496,2025-10-24T07:32:34
10130,2024-12-21T21:12:33
7019,2025-01-08T03:08:34
14858,2025-07-19T11:48:20
19397,2025-01-20T21:43:50
18154,2025-09-25T12:09:58
18838,2025-10-24T16:59:42
743,2025-01-02T07:26:54
11375,2025-09-21T15:35:30
901,2025-05-15T04:25:03
1822,2025-07-30T23:12:25
17963,2025-10-17T11:50:00
9481,2025-06-01T23:05:07
4823,2025-05-13T09:08:12
13820,2025-06-16T16:15:51
10893,2025-03-06T07:33:52
10991,2025-04-19T15:19:25
2179,2025-10-09T15:13:36
639,2025-10-14T16:45:22
359,2025-09-12T01:38:26
4824,2025-10-29T17:28:17
18818,2025-10-10T13:29:30
17833,2025-06-15T08:52:29
13911,2025-01-16T01:47:32
4025,2025-09-04T12:28:16
13441,2025-11-06T22:16:03.926176
11322,2025-10-11T11:06:52
9076,2025-05-01T21:22:53
17346,2024-12-24T01:06:59
244,2025-02-02T00:20:44
19997,2025-03-21T03:57:49
15620,2025-05-10T00:29:35
19578,2025-11-06T22:24:03.926212
10961,2025-04-14T21:52:29
17,2025-10-29T17:20:23
5898,2025-08-02T07:04:54
8756,2025-08-24T11:18:56
197,2025-01-09T04:52:53
16633,2024-12-05T21:00:18
17896,2025-02-08T13:20:12
15186,2025-09-14T21:37:16
7567,2025-06-14T18:45:52
13217,2025-10-23T02:50:47
11901,2025-06-13T22:49:16
12162,2025-10-01T23:22:03
3116,2024-12-30T01:20:29
5646,2025-05-10T03:15:29
13487,2025-03-04T18:25:03
6209,2025-08-11T23:07:57
15921,2025-04-11T14:13:22
19480,2025-11-06T22:42:03.926299
8399,2025-10-18T19:59:14
9461,2024-11-21T14:42:55
3287,2025-02-13T01:12:45
1574,2025-05-29T11:23:44
17613,2025-05-16T00:42:54
11903,2025-04-06T18:03:03
3652,2025-01-24T10:20:23
17325,2025-06-26T05:35:59
12215,2025-08-03T22:06:07
9010,2025-04-21T23:46:47
10400,2025-08-04T06:33:52
7308,2025-11-06T22:28:03.926356
14602,2025-09-23T13:44:25
6335,2025-10-16T22:09:18
4866,2025-08-17T21:25:39
9418,2025-10-24T07:58:28
19888,2024-12-25T03:50:16
6844,2024-11-20T03:06:35
18092,2025-02-16T10:27:01
18368,2025-11-06T22:43:03.926421
13291,2025-04-13T08:48:28
12228,2025-10-21T02:06:59
7819,2025-03-04T01:31:26
12430,2025-11-06T22:33:03.926443
13771,2025-07-21T13:54:00
15278,2025-06-16T09:43:12
11814,2025-06-06T16:06:55
6121,2025-01-11T15:38:21
8979,2025-03-28T22:32:07
8588,2025-02-21T00:49:43
5396,2025-08-03T03:53:11
15323,2025-03-02T05:07:48
13928,2025-07-22T22:42:22
15514,2024-12-28T05:56:43
7913,2025-07-15T15:51:52
6623,2025-04-16T04:18:34
7355,2025-05-27T08:17:11
3587,2025-11-06T22:50:03.926519
13331,2025-11-06T22:56:03.926526
16666,2025-01-05T02:45:02
16026,2025-10-18T02:45:12
9927,2024-12-26T02:56:24
2469,2025-10-26T21:54:38
15147,2025-02-06T13:33:51
15847,2024-12-29T17:04:02
3012,2025-07-30T00:55:59
5712,2025-02-10T20:25:41
2324,2024-12-11T10:04:34
16432,2025-05-29T21:28:04
3782,2025-06-03T05:24:27
13155,2025-09-01T05:23:54
17676,2025-05-01T14:43:33
15188,2025-05-19T10:31:06
17444,2025-04-25T16:45:53
6363,2025-04-22T11:46:26
5226,2025-10-01T18:03:20
18858,2025-06-01T22:24:15
13989,2025-03-18T09:14:50
387,2025-04-05T00:09:00
18750,2025-10-21T03:41:39
12675,2025-06-16T11:32:31
5102,2025-02-13T23:55:27
11398,2025-01-30T23:20:23
17024,2025-11-06T22:45:03.926644
18526,2025-08-01T04:18:02
173,2025-11-06T22:08:03.926656
12911,2025-06-24T22:48:49
13048,2025-10-02T09:00:14
15046,2025-07-06T23:01:46
7688,2025-05-16T08:44:12
9513,2025-06-19T06:24:57
3021,2024-12-28T09:52:59
17559,2025-03-16T09:03:57
8400,2025-08-28T01:41:05
18881,2024-12-23T14:28:39
3686,2025-07-29T20:29:01
1829,2025-05-30T00:00:14
4183,2025-07-11T06:02:17
9048,2025-07-27T07:16:46
19299,2024-12-30T06:00:53
8892,2024-11-21T08:51:57
15711,2025-03-06T13:30:48
2121,2025-11-06T22:57:03.926737
13777,2025-11-06T22:42:03.926745
19232,2025-01-14T20:23:39
6786,2024-12-06T06:48:36
9857,2025-05-24T07:13:37
5762,2025-05-12T15:07:18
15955,2025-08-04T19:26:34
441,2025-11-06T22:00:03.926774
2649,2025-10-27T07:58:55
287,2025-11-06T22:58:03.926787
2550,2025-10-24T06:58:23
5306,2025-10-21T07:25:47
7259,2025-01-28T14:14:31
19022,2025-11-06T22:00:03.926809
18106,2024-12-21T07:19:08
9199,2025-06-25T20:35:15
11491,2025-10-14T21:46:48
18192,2025-04-30T04:30:44
18916,2025-06-18T04:35:49
12067,2025-01-26T11:49:58
16043,2025-10-13T03:30:46
17807,2025-07-10T10:19:34
16545,2025-11-06T22:44:03.926853
7834,2025-01-04T00:31:09
18937,2025-07-03T13:10:24
8112,2025-07-05T20:02:52
13113,2024-12-22T03:47:21
13428,2025-03-20T23:32:22
7664,2025-05-09T19:09:47
18720,2025-10-31T23:40:09
8087,2025-07-21T17:49:04
15291,2025-03-15T22:33:58
3406,2025-04-26T14:51:23
15890,2025-07-01T13:05:44
18285,2025-10-17T13:50:24
1960,2024-11-23T20:59:28
19188,2024-12-21T13:51:31
15012,2025-04-09T07:35:51
19401,2025-03-31T17:41:12
18275,2025-03-05T02:08:21
15820,2025-11-06T22:21:03.926938
13683,2024-12-21T16:57:09
9979,2024-12-25T19:53:39
18647,2025-04-26T21:42:16
16320,2025-01-03T15:44:57
14971,2025-06-08T07:21:49
18580,2025-06-18T01:45:30
3175,2025-06-22T10:31:08
6393,2025-06-13T09:27:05
2362,2025-03-15T05:47:44
14770,2025-07-04T21:50:16
12762,2025-03-18T06:59:55
15752,2025-07-11T09:59:47
4872,2025-08-14T01:42:42
16703,2025-08-25T06:56:57
10137,2025-04-12T20:10:05
19533,2025-10-16T14:40:43
16790,2025-09-30T17:39:37
5264,2025-05-01T20:47:50
15809,2025-04-05T07:54:28
14241,2025-05-25T16:48:17
19654,2025-03-11T17:30:28
2073,2025-01-09T06:31:42
5588,2025-05-11T17:33:31
1430,2025-11-05T23:27:31
4345,2025-02-10T21:34:48
10386,2025-07-30T08:44:13
4580,2025-03-06T15:47:37
11512,2025-09-19T19:11:56
11480,2025-10-14T17:11:34
602,2025-05-25T20:03:02
6007,2025-06-12T02:40:20
19438,2025-11-06T22:32:03.927099
7856,2025-09-10T14:13:46
15451,2025-07-30T09:49:37
12640,2025-01-24T13:08:19
9003,2024-12-31T13:24:06
4332,2025-05-02T17:52:22
19666,2025-09-09T02:31:44
16849,2025-10-28T17:32:57
5366,2025-07-18T08:10:03
7190,2025-04-12T09:19:03
13860,2025-11-06T22:27:03.927160
402,2025-05-22T16:32:05
19240,2025-06-09T20:54:57
2013,2025-09-19T20:55:01
10030,2025-09-13T21:40:34
6251,2025-09-14T19:21:06
11643,2025-11-06T22:24:03.927190
16084,2025-03-08T12:02:01
13263,2025-03-28T04:01:51
6419,2025-01-27T11:25:31
9826,2025-10-18T22:45:29
4861,2025-03-01T03:33:54
11586,2025-01-27T12:55:36
14328,2025-03-28T20:07:49
5196,2025-01-14T10:42:11
17812,2025-11-04T16:43:26
2884,2025-07-21T18:49:08
15061,2025-07-17T17:33:08
19660,2025-06-28T09:57:08
13278,2025-08-20T23:38:22
14988,2025-02-06T23:21:10
15520,2025-04-28T17:50:32
19287,2025-02-18T22:54:41
17948,2025-11-06T22:39:03.927271
8470,2025-11-06T22:30:03.927279
8127,2025-06-19T16:34:19
4404,2025-06-11T19:07:41
4796,2025-07-11T22:54:14
13018,2025-01-28T03:29:04
2004,2025-05-17T21:33:19
12288,2025-09-06T14:07:22
223,2025-04-22T15:26:15
9615,2025-02-10T06:07:07
6865,2024-12-14T18:29:07
14200,2025-04-14T21:16:35
10261,2025-05-15T14:49:53
6860,2025-02-18T04:15:39
18829,2025-08-22T23:18:20
16696,2025-08-23T20:38:22
9278,2025-11-06T22:45:03.927350
13482,2025-07-04T18:11:44
328,2024-12-27T06:25:36
18876,2025-06-29T15:15:02
10459,2025-11-06T22:40:03.927371
1780,2025-07-04T06:45:03
17834,2025-10-14T02:12:46
13149,2025-02-23T21:25:32
7927,2025-11-06T22:57:03.927392
7603,2025-01-03T14:59:13
5658,2025-06-20T14:24:00
5554,2025-11-06T22:29:03.927409
1997,2025-10-01T00:00:21
2553,2025-07-07T16:54:29
13906,2025-05-08T01:00:04
19306,2025-06-13T06:11:54
18337,2025-02-05T23:08:33
1686,2025-01-16T05:17:29
4767,2025-07-18T07:02:48
15395,2025-08-12T10:25:09
16188,2025-04-26T13:17:11
4554,2025-11-06T22:16:03.927459
9047,2025-07-07T06:03:45
14970,2025-04-18T23:51:47
17846,2025-03-06T09:47:37
13602,2025-10-29T07:43:45
13609,2025-08-29T00:02:58
11587,2025-08-03T20:11:13
5905,2025-06-29T16:36:14
6481,2025-06-12T06:42:19
6073,2025-02-02T19:55:15
6178,2025-01-16T08:33:07
17800,2025-11-06T22:30:03.927513
19594,2025-09-17T18:08:03
9877,2025-08-01T12:41:41
13713,2025-11-06T22:46:03.927536
12862,2025-02-27T19:30:11
2666,2025-04-21T05:06:40
13965,2025-07-27T21:00:22
4906,2024-11-17T13:37:02
18238,2025-07-28T21:54:58
12857,2024-12-27T01:25:47
16199,2025-08-01T03:12:42
2282,2025-11-06T22:46:03.927578
5523,2025-07-23T23:29:08
4987,2025-09-13T17:28:48
3405,2025-06-27T06:25:06
4517,2025-10-28T15:19:43
13070,2025-02-12T07:00:38
8253,2025-11-06T22:27:03.927610
13822,2024-12-18T02:43:09
3262,2025-02-22T18:10:23
4033,2025-11-06T22:44:03.927626
13842,2025-08-15T22:22:12
1559,2024-12-27T18:51:28
5705,2025-02-25T00:29:46
9970,2025-06-11T13:55:19
2351,2025-04-17T11:13:28
8691,2025-01-17T14:23:48
14175,2025-11-04T18:00:31
11334,2025-09-04T02:05:45
4024,2025-02-03T13:09:05
9514,2025-07-04T16:19:57
19095,2025-08-16T22:09:25
10769,2025-10-19T22:06:45
15457,2025-09-03T09:35:00
4649,2025-08-11T14:50:52
17360,2025-01-16T08:46:46
3527,2025-04-20T05:11:08
485,2025-11-06T22:07:03.927706
5367,2025-07-23T18:13:41
10087,2025-06-04T19:40:03
8228,2025-05-07T09:36:02
3336,2025-06-13T05:01:26
11575,2025-10-14T20:35:33
9865,2025-08-22T18:36:18
6881,2024-12-30T08:58:24
6927,2025-03-22T05:13:19
5849,2025-09-12T08:15:24
12697,2025-01-06T03:33:17
2724,2025-11-06T22:36:03.927760
7620,2025-06-03T08:21:05
7141,2025-06-19T11:57:40
11471,2025-10-06T21:00:35
16517,2025-01-02T23:27:14
1763,2025-06-15T20:31:56
4717,2025-10-02T20:22:45
18863,2025-07-30T04:54:19
3757,2025-03-08T20:58:25
3844,2025-09-18T02:31:53
14799,2025-10-30T19:21:04
12978,2025-08-23T01:10:32
12661,2025-10-11T11:15:00
5240,2025-06-10T09:07:57
4590,2024-12-14T00:25:28
18774,2025-07-18T02:33:09
7519,2025-04-10T17:08:14
8225,2025-05-23T04:21:23
18123,2025-03-22T02:37:07
2501,2025-09-04T15:12:54
18665,2025-05-20T09:27:31
16472,2025-10-14T10:17:10
18321,2025-08-20T04:18:18
15504,2025-03-26T00:50:21
2101,2024-12-10T14:46:32
8785,2025-10-29T23:55:29
12994,2025-01-08T03:41:12
3052,2025-10-16T12:37:23
1833,2025-05-14T20:17:35
16479,2024-12-01T04:12:13
14186,2025-07-21T17:12:37
14460,2025-06-08T16:33:57
9946,2025-09-23T07:20:24
8234,2025-11-06T22:16:03.927940
5721,2025-01-03T11:01:31
15374,2025-08-24T12:38:44
1303,2025-11-06T22:03:03.927958
19840,2025-11-05T01:45:44
6455,2025-09-19T09:20:48
11774,2025-05-08T02:45:32
15378,2024-12-28T22:11:46
17237,2025-01-10T02:31:20
19036,2025-05-04T03:48:01
2923,2025-03-30T02:30:52
8818,2025-09-10T08:41:26
10401,2024-12-02T22:41:53
17096,2025-02-03T18:55:50
15595,2025-10-15T11:20:39
92,2025-11-06T22:00:03.928017
6196,2025-10-14T10:20:12
2143,2025-01-28T09:35:44
14842,2025-04-26T08:48:36
5148,2025-08-17T18:02:28
9194,2025-03-07T13:25:09
12766,2025-09-01T19:56:14
3022,2025-03-21T05:59:46
5068,2025-01-02T10:40:41
6894,2025-04-20T07:46:09
3288,2025-08-18T04:53:40
16333,2025-10-03T18:35:42
15257,2025-03-19T21:50:26
9743,2025-03-08T08:34:23
5643,2025-01-27T23:24:35
13265,2025-03-03T21:26:49
5418,2025-05-25T23:18:19
8119,2025-04-10T23:21:18
18790,2025-03-27T01:39:16
9582,2025-08-03T21:42:03
10845,2025-10-11T14:37:46
12779,2025-05-18T20:00:46
18509,2025-04-16T02:27:29
15533,2025-07-10T04:32:35
2877,2025-05-26T06:48:46
189,2025-05-25T06:10:38
2358,2025-08-13T15:48:35
17115,2025-10-14T20:03:09
18770,2025-04-08T06:35:19
17216,2025-03-25T01:34:28
17374,2025-10-01T23:52:34
11069,2025-07-27T08:29:32
6903,2025-01-28T23:17:41
14199,2024-12-05T08:05:03
2178,2025-02-08T08:19:43
13998,2025-09-03T16:33:46
10832,2025-08-10T05:05:17
3205,2025-07-10T04:22:13
10758,2025-07-12T18:32:16
3009,2025-11-02T22:05:46
12192,2025-02-25T03:24:11
5308,2025-06-23T02:09:01
1352,2025-05-23T23:27:33
1149,2024-12-07T08:29:50
15262,2025-02-06T06:36:04
13724,2025-03-12T05:51:54
7615,2025-03-30T09:37:26
3615,2025-06-24T00:42:17
19070,2025-11-06T22:00:03.928244
12760,2025-01-30T13:35:04
10572,2025-07-08T13:09:04
10187,2025-01-31T07:29:40
14354,2025-05-22T14:38:40
5634,2025-09-10T00:57:29
15923,2025-04-22T07:02:18
6047,2025-05-28T15:29:23
4597,2025-06-12T04:15:33
13236,2025-06-24T16:34:04
10347,2025-01-16T04:41:46
9738,2025-05-31T07:40:54
14648,2024-12-24T17:40:02
9487,2025-07-06T01:07:14
72,2025-05-29T07:55:08
16329,2025-08-09T01:42:32
7948,2025-08-25T02:51:48
6371,2025-01-03T10:49:17
10580,2025-04-22T06:40:36
1898,2025-08-16T15:31:05
9159,2025-07-30T19:00:17
18,2025-08-25T02:46:08
18026,2025-09-05T20:30:24
13963,2025-01-22T19:19:17
14361,2025-04-13T03:30:27
1451,2025-09-20T11:52:33
14614,2025-02-05T19:43:38
2264,2025-10-14T00:13:11
14719,2025-08-01T22:23:07
19389,2025-05-23T16:53:51
3752,2025-01-29T06:04:57
1309,2025-01-26T13:34:33
17872,2025-09-23T11:19:38
10467,2025-07-28T22:40:47
18871,2025-03-28T06:31:09
19276,2025-08-30T04:46:31
226,2025-09-09T19:58:33
13039,2025-10-25T17:37:10
6778,2025-04-01T16:22:41
4416,2025-10-24T02:32:42
6888,2025-10-24T00:30:38
11270,2025-06-28T10:38:22
4516,2025-11-06T22:44:03.928443
15301,2025-04-16T08:08:18
12129,2025-04-15T17:04:32
7911,2025-09-19T11:03:07
18675,2025-11-06T22:12:03.928465
8102,2025-07-30T02:11:45
14559,2025-02-18T08:01:19
4657,2025-11-06T22:11:03.928481
8219,2025-03-13T08:56:28
5561,2025-10-13T20:37:26
3036,2025-01-31T18:01:11
4797,2025-02-01T01:03:25
3209,2025-10-20T00:03:40
12666,2025-02-08T18:53:41
14208,2025-06-23T00:48:45
5462,2025-01-23T06:15:47
11425,2025-06-05T16:25:17
17662,2025-11-06T22:40:03.928531
18797,2025-02-27T19:24:57
5137,2025-11-06T22:02:03.928543
10763,2025-06-08T16:25:04
9057,2025-07-27T23:24:48
14750,2025-03-28T14:48:50
831,2025-11-06T22:29:03.928565
11581,2025-01-30T15:52:35
3195,2025-09-17T23:36:24
3424,2025-06-05T01:31:05
4903,2025-08-23T03:16:09
18346,2025-07-22T11:18:25
6849,2024-11-10T04:24:59
4821,2025-08-04T18:56:22
18576,2025-03-15T12:43:35
12206,2025-11-06T22:08:03.928609
9705,2024-12-15T20:34:04
11619,2024-11-27T17:34:09
3997,2025-02-04T12:18:31
9281,2025-07-04T02:46:09
4232,2025-02-05T18:16:47
15957,2025-06-18T17:28:25
17961,2025-11-06T21:59:03.928644
8373,2025-10-07T16:54:36
18868,2025-07-25T06:29:56
392,2025-01-14T09:54:18
2711,2025-10-04T16:05:05
286,2025-03-08T18:43:31
4724,2025-05-23T12:31:43
5692,2025-03-26T01:07:54
9862,2025-06-19T12:12:11
18312,2025-03-26T21:15:50
250,2025-04-22T08:39:31
1622,2025-04-12T12:34:38
1167,2025-06-14T06:51:49
10546,2024-12-05T23:37:07
12534,2025-02-19T04:40:47
5790,2025-10-11T11:56:48
3159,2025-07-12T10:40:20
8989,2025-02-22T17:07:52
15499,2025-10-01T06:08:51
5733,2025-03-25T21:58:31
13232,2025-08-25T16:32:42
18837,2025-09-06T11:08:29
9503,2025-05-19T20:19:43
3423,2025-09-19T12:07:34
16675,2025-01-22T12:13:26
11569,2025-02-27T00:42:22
11950,2025-01-12T17:18:03
11505,2025-07-18T18:27:51
7505,2025-09-18T19:00:39
4134,2025-09-07T16:01:23
12829,2025-01-28T13:45:36
4970,2025-09-27T06:58:18
8377,2025-01-05T23:52:13
16197,2025-01-18T02:48:40
1296,2025-04-20T16:37:39
18781,2025-04-08T01:41:49
630,2024-12-07T19:21:37
11738,2025-11-06T22:35:03.928822
18211,2025-07-03T15:28:01
1536,2025-11-01T20:40:41
2861,2025-01-19T17:28:47
8208,2025-04-04T21:16:03
2441,2025-02-15T08:59:59
19026,2025-04-21T03:34:06
2253,2025-11-06T22:32:03.928863
13539,2025-09-10T08:42:44
5084,2025-01-13T12:13:36
1097,2025-02-13T18:15:55
6305,2025-04-23T00:16:32
16257,2025-03-28T06:25:17
12782,2025-04-15T03:42:06
13054,2025-11-06T22:16:03.928902
101,2025-08-31T14:58:19
19691,2025-01-14T02:01:26
18358,2025-07-29T23:16:52
15928,2025-08-22T03:18:31
16105,2025-09-17T06:39:56
1765,2025-04-30T15:47:37
19717,2025-09-04T01:22:49
7175,2025-05-07T10:32:40
2092,2025-09-17T17:48:21
4219,2025-06-06T02:43:23
19376,2025-08-12T06:45:48
11686,2025-03-14T13:46:14
2146,2025-11-06T22:58:03.928981
7974,2025-08-24T14:31:10
19447,2025-07-07T23:51:18
5281,2025-09-23T14:03:55
10925,2025-10-27T13:20:12
3595,2025-10-24T00:26:57
19010,2025-11-06T22:12:03.929021
13758,2025-02-05T05:49:59
16195,2025-02-22T17:29:33
18682,2025-10-31T09:20:28
7351,2025-03-20T17:05:43
8013,2025-10-22T23:44:25
13421,2025-07-03T09:57:46
4685,2025-05-02T13:26:58
8832,2025-09-02T11:14:54
15226,2025-01-05T02:34:37
11936,2024-11-12T17:52:40
18241,2025-04-23T13:19:10
1857,2025-09-09T05:16:56
4834,2025-03-18T14:39:09
15093,2025-04-08T16:45:09
2414,2025-04-17T00:12:25
11821,2025-07-31T16:05:27
16017,2025-11-06T22:04:03.929103
11535,2025-04-08T17:06:52
15314,2025-07-07T09:53:27
17668,2025-05-27T09:23:42
13473,2025-10-19T15:38:12
16468,2025-07-29T12:06:52
10823,2025-05-19T18:00:18
3655,2025-08-10T12:18:45
3105,2024-12-18T17:15:10
9378,2025-02-20T17:48:55
11115,2024-12-15T05:07:18
19061,2025-11-04T23:43:25
909,2025-01-08T22:23:55
822,2025-04-12T17:56:02
5083,2025-02-06T13:07:18
888,2025-04-08T04:34:29
6054,2025-06-28T08:10:20
10465,2025-05-18T02:50:12
6255,2025-10-25T01:25:59
1384,2025-05-15T18:40:53
7864,2025-03-06T03:57:57
17528,2025-01-20T00:47:11
5543,2025-06-14T14:38:53
1219,2025-03-18T07:45:45
12568,2025-05-16T20:37:30
7828,2024-12-18T05:17:18
16530,2025-05-01T07:04:00
1698,2025-09-27T20:11:08
1628,2025-10-21T09:09:57
17263,2025-01-08T01:54:48
9449,2025-10-29T10:33:59
13301,2025-05-19T00:37:40
11279,2025-05-11T05:19:43
17582,2025-03-30T15:03:51
3414,2025-11-06T22:12:03.929275
12802,2025-10-26T05:27:40
13984,2025-03-23T15:52:22
10369,2025-01-23T10:19:08
14152,2025-02-20T15:58:38
10048,2025-08-14T14:49:30
7735,2025-11-06T22:41:03.929307
13239,2025-07-08T01:23:28
4452,2025-11-06T22:06:03.929319
10959,2025-08-17T20:53:53
8108,2025-02-21T16:08:35
5491,2025-02-23T12:54:02
9083,2025-03-05T13:48:54
10675,2025-07-17T07:20:12
12063,2025-05-04T04:45:54
10846,2025-06-22T03:25:19
9898,2025-02-05T13:09:33
11907,2025-07-30T15:23:15
12893,2025-07-26T07:56:54
6997,2025-06-01T00:27:46
939,2025-09-13T11:51:24
4051,2025-04-25T16:11:52
1404,2025-05-29T14:54:56
9604,2025-01-21T22:23:46
15117,2025-07-30T07:44:10
10671,2025-10-20T16:20:33
1137,2025-01-30T18:54:12
7397,2025-11-06T22:30:03.929409
6756,2025-10-19T00:39:15
6702,2025-09-08T19:07:47
2549,2025-01-31T07:26:25
5805,2025-06-06T02:47:34
17487,2025-09-27T09:41:15
18874,2025-06-06T22:33:44
2678,2025-03-30T13:30:35
297,2025-07-17T17:10:52
96,2025-08-04T21:23:38
6469,2025-05-19T18:14:57
9476,2025-06-26T01:55:25
4460,2025-01-30T13:01:32
18075,2025-02-22T18:18:58
14929,2025-05-18T10:00:54
3876,2025-07-19T21:55:09
7504,2025-09-08T14:30:26
14115,2025-03-08T03:04:25
15706,2025-07-13T12:15:52
6272,2025-05-01T17:14:40
4986,2025-06-20T09:57:29
8495,2025-10-29T04:29:30
15931,2024-11-14T12:53:00
9402,2024-12-19T11:49:07
17335,2025-06-16T10:44:18
13161,2025-10-16T16:29:49
17455,2025-10-27T15:15:33
15438,2025-08-09T06:20:54
8594,2025-11-06T22:27:03.929579
17407,2025-02-22T10:28:22
1580,2025-11-06T22:26:03.929592
12133,2025-08-04T08:22:49
2831,2025-07-21T22:59:20
5812,2025-08-13T06:37:05
10047,2024-12-11T20:28:19
7987,2025-10-31T19:54:29
5944,2025-01-01T20:22:20
7956,2025-04-19T07:48:32
12885,2025-06-24T20:20:41
11611,2025-06-26T12:53:07
17396,2025-09-18T09:14:08
4392,2025-04-21T22:46:59
5642,2025-11-06T22:57:03.929659
19970,2025-11-06T22:12:03.929667
1023,2025-09-13T02:07:43
11047,2025-10-04T00:18:24
1458,2025-06-22T02:32:28
18362,2025-09-21T08:28:51
1229,2025-06-17T16:40:45
8702,2025-10-05T03:40:14
9404,2025-01-02T07:40:50
8946,2025-06-01T01:03:00
16163,2025-01-19T03:54:53
12305,2025-05-20T11:27:05
3807,2025-07-20T22:23:47
750,2025-10-09T02:37:42
13941,2024-12-20T02:32:09
12963,2025-07-29T23:48:02
7536,2025-04-25T16:57:14
19963,2025-11-06T08:21:20
9848,2025-04-13T10:55:58
16102,2025-05-26T22:00:18
7267,2025-09-25T02:54:46
12679,2025-08-09T10:01:39
10068,2025-10-24T14:56:33
18676,2025-09-05T10:17:29
14821,2025-11-06T22:52:03.929777
19335,2024-12-02T04:34:05
18855,2025-08-11T22:36:52
16491,2024-12-17T10:27:31
6295,2024-11-29T12:11:22
15953,2025-05-17T22:50:21
17657,2025-02-02T20:15:13
7018,2025-05-14T09:24:18
15833,2025-05-16T10:28:41
17480,2025-04-10T23:13:18
18093,2025-11-01T18:34:55
18549,2025-02-26T18:12:07
9368,2025-10-28T21:24:58
789,2024-12-18T05:59:05
2869,2025-06-26T18:42:02
17777,2024-12-15T16:09:24
11364,2025-08-15T11:51:03
17942,2025-09-23T21:26:21
1671,2025-07-07T16:03:08
10857,2025-09-17T03:56:39
14233,2025-05-01T21:28:20
6019,2025-03-28T09:01:06
15568,2025-03-25T23:43:04
18505,2024-12-04T09:40:09
7614,2025-10-17T13:04:21
7462,2025-07-24T07:59:50
19108,2025-06-30T11:00:14
10345,2024-12-29T02:45:29
3273,2025-03-14T10:44:08
12013,2025-10-09T21:42:05
14990,2025-01-24T13:22:53
1483,2025-03-07T20:02:59
1714,2025-06-20T21:08:15
8931,2025-11-02T07:18:35
5955,2025-02-25T21:47:44
3011,2025-08-20T15:38:15
6530,2025-05-09T07:23:14
5144,2024-12-30T18:47:31
16766,2025-11-06T22:55:03.929955
12512,2025-10-18T10:33:16
19645,2025-08-11T01:15:43
19342,2025-09-05T02:01:23
343,2025-03-04T21:57:08
5603,2024-12-22T05:20:29
7944,2025-11-06T22:41:03.929986
13318,2025-10-28T16:40:43
5755,2025-08-10T04:21:15
6421,2025-04-17T04:15:41
9410,2025-09-24T02:33:41
16242,2025-08-22T16:55:38
4092,2025-01-23T00:00:45
16079,2025-05-02T19:33:16
4132,2025-01-16T03:56:15
13369,2025-06-26T16:52:49
15185,2025-07-16T19:56:32
3570,2025-01-07T04:58:39
2140,2025-05-04T10:19:30
1925,2025-11-06T22:40:03.930049
17721,2025-05-31T20:14:03
13637,2025-10-02T20:34:35
14662,2024-12-12T08:58:55
9565,2025-11-06T22:53:03.930070
15618,2025-03-01T21:25:11
13091,2025-10-13T23:06:46
12836,2025-09-26T11:38:34
19628,2025-01-02T17:06:55
8121,2025-03-01T07:25:11
8472,2025-04-19T16:01:19
8160,2025-05-29T03:40:13
4702,2025-11-06T22:02:03.930109
19428,2025-04-15T20:23:41
19723,2025-03-15T06:55:37
17996,2025-06-02T17:49:55
6813,2025-06-10T08:22:47
3422,2025-09-09T17:02:44
8853,2025-04-22T02:50:22
16124,2025-07-03T20:48:07
6471,2025-01-29T12:30:11
14385,2025-04-07T07:42:02
15103,2025-07-03T11:47:29
18041,2025-05-18T04:13:56
6969,2025-06-14T09:55:14
19431,2025-01-20T16:15:58
12195,2025-02-08T21:11:56
680,2025-06-16T02:01:58
4575,2025-07-06T23:02:06
8551,2025-04-02T18:55:33
19708,2024-12-10T02:15:03
8887,2025-11-06T22:29:03.930200
6307,2025-08-09T05:01:48
357,2025-11-06T22:15:03.930212
3978,2024-12-26T18:19:54
18027,2025-10-04T21:00:30
13034,2025-10-16T15:24:32
10722,2025-03-25T20:22:33
19914,2024-12-15T04:15:27
12234,2025-07-26T23:23:43
3258,2025-03-22T15:58:25
10654,2025-07-22T10:45:16
568,2025-04-07T20:16:06
18629,2025-06-12T08:54:37
18403,2025-01-29T20:08:45
16346,2025-11-06T22:51:03.930271
10737,2025-11-06T22:39:03.930279
1690,2025-04-11T04:30:40
12748,2025-05-25T10:46:58
3112,2025-05-14T22:26:08
11154,2025-02-17T11:11:04
1499,2025-07-15T03:40:47
15382,2025-10-25T23:51:12
2084,2025-05-06T23:27:32
13719,2025-08-14T21:47:06
13257,2025-03-17T10:41:31
3025,2025-08-17T14:41:37
2502,2025-03-14T22:30:43
6261,2025-07-07T15:02:52
1777,2025-05-10T16:03:49
7650,2025-10-28T21:29:20
15707,2025-08-10T14:43:15
18117,2025-11-06T22:38:03.930354
1731,2025-10-06T21:16:17
19357,2025-04-25T18:19:24
12263,2025-04-30T02:05:10
12096,2024-12-31T06:10:16
5180,2025-09-12T23:44:20
17066,2024-12-17T18:47:32
10547,2025-02-12T11:47:22
15783,2025-08-27T15:04:42
350,2025-08-02T07:38:19
18057,2025-08-08T01:40:25
19895,2025-03-20T10:11:12
1381,2025-10-31T03:11:11
18240,2024-12-15T20:29:41
19959,2025-11-06T22:57:03.930430
11439,2025-02-19T05:10:41
3268,2025-05-09T11:08:42
14054,2025-04-06T03:26:08
16688,2025-11-02T21:42:59
11371,2025-03-28T14:37:08
15645,2024-12-06T10:27:23
3556,2025-01-17T03:12:07
1727,2024-12-29T02:37:45
13638,2025-07-03T21:36:25
8409,2025-11-03T06:44:03
5548,2025-01-08T20:24:48
3001,2025-07-15T06:37:36
6337,2025-08-14T17:36:42
17806,2025-07-22T20:13:37
17416,2025-08-28T23:29:14
9508,2025-11-06T22:45:03.930538
7503,2025-10-06T18:39:53
19405,2025-03-22T15:34:25
805,2025-10-29T00:46:57
8975,2025-01-07T12:50:30
16902,2025-04-18T09:40:43
13698,2025-04-17T10:35:39
8782,2025-03-13T23:08:11
5030,2025-11-06T22:12:03.930596
14998,2025-10-01T04:11:08
10253,2025-01-31T00:58:01
10563,2025-08-06T05:49:48
19769,2025-10-15T03:28:07
13909,2025-07-06T03:19:50
6805,2025-07-04T14:52:20
17305,2025-08-21T15:38:49
10909,2025-01-22T05:58:07
5529,2025-07-07T00:36:33
6349,2025-09-22T21:24:01
2057,2025-09-01T07:38:16
5337,2025-06-04T15:34:01
14836,2025-04-15T23:14:40
10342,2025-08-19T20:43:27
12711,2025-06-09T04:14:33
15172,2024-12-31T00:28:06
7372,2025-10-31T12:38:06
4137,2025-07-13T12:13:13
13108,2025-04-09T01:49:40
3075,2024-11-20T12:04:44
15064,2025-02-03T20:21:37
9646,2025-07-08T20:48:32
6423,2025-07-06T06:18:28
15488,2025-03-10T09:59:41
15059,2025-04-10T19:39:15
7858,2025-02-14T02:26:25
3632,2025-10-11T17:19:04
5853,2025-03-23T17:26:38
41,2025-03-19T22:26:34
7924,2025-09-08T16:51:57
7293,2025-11-06T02:21:34
14379,2025-09-01T01:11:43
14478,2025-02-13T18:40:10
9131,2025-05-20T05:40:26
18935,2025-06-03T00:57:02
16190,2025-10-23T07:33:05
3367,2025-01-04T05:28:09
712,2025-07-25T10:00:42
11755,2025-07-03T17:33:23
3239,2025-08-11T15:12:00
10408,2025-09-01T01:31:39
11986,2025-03-10T04:21:56
13219,2025-07-12T19:29:14
11025,2025-06-01T15:33:06
8387,2025-08-13T06:21:53
8607,2025-11-01T20:08:52
12758,2025-10-14T08:33:09
19556,2025-11-06T22:15:03.930843
4632,2024-12-29T10:40:14
1882,2025-08-26T02:43:25
11574,2025-04-10T21:46:13
8834,2025-05-29T01:02:10
14180,2025-02-04T11:14:49
1054,2025-03-20T07:11:57
9126,2025-10-19T16:15:02
15742,2025-11-06T22:34:03.930883
2534,2025-06-03T08:25:00
13976,2025-03-18T18:28:25
17695,2025-02-16T00:24:20
12322,2025-01-16T14:03:31
11248,2025-06-06T14:52:10
3802,2025-09-09T16:25:45
530,2025-07-07T01:06:18
19558,2025-05-24T17:01:21
6527,2025-07-03T18:42:46
5202,2025-10-09T19:00:14
15320,2025-02-23T21:36:27
6416,2025-07-20T14:58:27
10687,2025-11-06T22:29:03.930948
6162,2025-05-15T02:19:32
14530,2025-09-02T02:19:18
16508,2025-11-06T22:24:03.930965
1718,2025-11-06T22:41:03.930976
16165,2025-04-07T05:20:22
18191,2025-11-06T22:05:03.930993
13364,2025-11-06T22:12:03.931001
4998,2025-07-14T23:52:45
19937,2025-05-12T03:56:51
16681,2025-07-10T21:49:03
7866,2025-11-06T22:38:03.931038
4087,2025-09-22T14:06:45
8169,2024-12-22T02:21:03
18743,2025-02-01T09:04:28
19115,2025-11-06T22:24:03.931061
7171,2025-02-24T14:43:39
17520,2024-11-16T08:10:01
12752,2025-02-22T19:34:24
2920,2025-11-05T09:38:02
5390,2025-06-05T16:59:11
16862,2025-08-18T17:17:16
1864,2025-10-18T08:23:46
16572,2025-05-14T23:55:05
7542,2025-11-06T22:34:03.931160
16484,2025-04-06T10:16:20
13218,2025-04-24T19:17:56
17526,2025-11-06T22:56:03.931179
19267,2025-07-15T04:43:46
3838,2025-07-27T01:00:12
8071,2025-11-06T22:55:03.931199
18243,2025-11-06T22:14:03.931211
4377,2025-05-22T11:42:01
5632,2025-07-11T09:54:22
9933,2025-01-01T17:14:48
10120,2025-05-05T09:56:22
17376,2025-08-11T20:19:54
4622,2025-04-21T10:48:27
1809,2025-11-06T22:50:03.931266
1953,2025-08-12T23:41:59
14634,2025-11-06T22:55:03.931279
14168,2025-07-12T11:16:34
10188,2025-02-17T19:43:08
4884,2025-11-03T21:52:53
18104,2024-12-26T06:13:26
3050,2025-10-26T22:18:07
12733,2025-09-09T23:59:57
16567,2025-09-06T05:05:41
16811,2025-09-18T06:14:27
1555,2025-06-08T17:14:35
17878,2025-07-08T11:52:59
3897,2025-08-09T13:37:36
935,2025-02-17T09:27:28
5255,2025-08-15T07:18:17
16930,2025-02-05T20:49:51
13846,2025-06-04T06:47:57
2156,2025-04-05T09:35:47
879,2025-04-12T17:26:43
3970,2025-10-03T23:34:58
4174,2025-06-20T20:34:38
2310,2025-04-25T07:58:27
6461,2025-09-15T23:53:35
19511,2025-04-30T19:18:43
3419,2025-08-18T01:32:56
13899,2025-08-01T10:45:57
5325,2025-02-04T01:39:20
18224,2024-12-23T22:48:50
7961,2025-04-12T01:59:42
17591,2025-05-13T01:40:15
11159,2024-11-19T07:24:05
7220,2025-10-10T19:43:46
5189,2025-02-24T22:48:08
9102,2025-02-27T08:12:15
6354,2025-08-03T11:22:51
2175,2025-02-19T21:04:07
8769,2025-02-20T03:31:19
4060,2025-10-11T04:12:51
15083,2025-06-18T23:12:40
6703,2025-01-15T00:17:20
13749,2025-06-19T20:10:21
8351,2025-09-13T21:35:19
8422,2025-11-06T22:42:03.931491
4090,2025-02-01T12:37:50
10943,2025-11-06T22:16:03.931503
18005,2025-06-21T04:01:07
1598,2025-11-06T22:47:03.931516
7102,2024-12-19T12:56:10
2142,2025-06-07T12:04:40
4701,2025-04-04T15:29:44
16994,2025-02-05T16:47:55
16121,2025-06-14T01:16:46
15600,2025-02-06T02:14:03
4153,2025-02-03T17:21:11
947,2025-03-25T14:18:52
1446,2025-01-29T16:33:42
14347,2025-02-18T22:04:58
2977,2025-07-27T06:29:21
3516,2025-10-13T00:48:09
10628,2025-08-30T03:10:22
3882,2025-01-08T16:59:29
1428,2025-10-25T16:24:19
10173,2025-09-07T14:03:28
17300,2025-07-31T14:51:19
15967,2025-10-19T19:59:33
9737,2025-01-27T22:21:31
2697,2025-11-06T22:14:03.931614
10066,2025-08-02T08:22:04
19421,2025-08-14T18:09:42
4806,2025-11-06T22:54:03.931631
13806,2025-04-04T13:23:59
219,2025-09-06T23:52:13
14493,2024-12-20T22:34:08
17215,2025-11-06T22:01:03.931652
11684,2025-01-25T21:39:31
10834,2025-07-15T13:59:19
1085,2025-11-01T18:36:49
8954,2025-07-16T03:11:10
8001,2025-07-06T10:42:16
5231,2025-04-16T21:07:56
17370,2025-03-10T14:53:39
8364,2025-01-25T20:05:41
4034,2025-10-18T16:39:10
5647,2025-04-30T14:06:15
15263,2025-05-27T22:49:59
6176,2025-07-01T14:16:59
1096,2025-11-03T14:42:38
9892,2025-05-01T06:43:55
9254,2025-07-18T00:22:20
9502,2024-11-29T08:25:50
13718,2025-02-17T17:56:42
7229,2025-09-16T18:24:02
6372,2025-08-23T03:06:45
17056,2025-03-09T16:50:10
948,2025-05-11T22:14:50
1217,2025-03-10T20:12:05
10488,2025-01-31T03:13:45
10286,2025-04-19T11:37:43
896,2025-03-20T07:44:42
19411,2025-07-07T18:43:37
12932,2025-01-31T23:45:40
10573,2025-06-28T06:03:56
10272,2024-12-04T02:36:18
18229,2025-02-16T17:27:46
16927,2025-03-28T10:35:46
19746,2025-04-18T08:34:59
12362,2025-06-25T22:43:52
2098,2025-11-06T22:26:03.931848
15773,2025-01-26T10:08:53
14421,2025-05-30T16:05:16
17934,2025-11-06T22:21:03.931865
1740,2024-12-10T15:00:45
725,2025-01-17T21:54:25
12231,2025-03-08T07:27:21
17301,2025-06-01T23:43:02
12695,2024-12-29T19:51:11
5869,2025-05-21T21:45:20
12930,2025-11-06T22:01:03.931913
16537,2024-12-13T21:04:41
19320,2025-04-17T12:10:19
12633,2025-09-18T05:30:25
4668,2025-04-01T10:35:22
5345,2025-11-01T01:13:20
4832,2025-05-02T17:18:28
691,2025-03-15T17:36:23
14778,2025-07-13T07:10:38
10887,2025-03-05T14:47:13
18364,2025-03-30T11:23:48
18577,2025-10-05T12:40:12
11226,2025-05-09T17:49:02
17965,2025-08-14T00:29:44
16248,2025-11-03T20:07:57
15542,2025-07-07T18:42:45
17770,2025-04-02T18:14:50
7061,2025-01-21T04:31:44
145,2025-02-24T06:51:48
16616,2025-01-10T10:27:31
4650,2025-04-25T08:45:27
15401,2025-06-23T00:47:34
7335,2025-11-06T22:25:03.932030
15751,2025-11-06T22:22:03.932037
2134,2025-06-15T10:49:02
24,2025-11-06T22:42:03.932050
15768,2025-01-15T08:30:36
3710,2025-02-05T05:31:10
18135,2025-11-03T16:18:43
10678,2025-10-08T17:29:11
1207,2025-01-18T08:27:28
12755,2025-03-28T17:30:19
5633,2025-03-19T15:04:35
14239,2025-07-18T02:40:18
2278,2024-12-22T05:45:13
8051,2025-04-02T10:47:40
11309,2024-12-12T20:37:50
12310,2025-05-27T08:24:10
3524,2024-12-28T19:40:24
16341,2025-05-14T01:51:54
9095,2025-08-24T08:10:05
5336,2025-08-26T00:04:01
12508,2025-02-17T21:03:28
6666,2025-11-06T22:52:03.932137
19707,2025-01-21T15:35:20
16547,2025-10-06T03:54:01
5535,2025-04-06T17:57:02
14223,2025-03-11T02:13:50
3455,2025-04-05T01:22:24
10041,2025-10-06T17:07:25
12291,2025-11-03T03:00:42
7767,2025-07-29T15:20:12
10601,2025-10-09T20:17:44
19448,2025-09-28T20:04:22
8342,2025-11-06T22:09:03.932192
19741,2025-10-10T22:26:34
6590,2025-05-09T21:54:19
12114,2025-11-06T22:07:03.932209
5037,2025-04-18T22:55:10
18016,2025-05-28T08:18:00
12791,2025-03-20T20:02:32
4403,2025-04-29T17:38:31
15253,2025-02-06T16:48:43
768,2025-03-29T12:18:31
5608,2025-02-28T01:52:47
11472,2025-08-16T17:47:49
16846,2025-07-05T10:55:53
10746,2025-08-21T02:47:34
2698,2025-08-01T06:59:54
3020,2025-03-18T03:09:57
663,2025-02-12T04:46:39
15109,2025-03-07T00:07:04
5129,2025-11-06T22:03:03.932283
6049,2025-07-24T13:49:54
13943,2025-01-19T08:22:44
2782,2025-08-10T07:24:46
2311,2025-03-14T15:58:38
6781,2025-08-13T22:56:24
14420,2025-10-27T19:50:19
17851,2025-07-12T18:26:43
17164,2025-11-06T22:40:03.932323
5074,2025-08-16T15:19:15
3363,2024-11-15T12:54:25
4200,2025-08-02T21:08:06
19886,2025-08-10T01:45:13
6553,2025-10-04T16:59:25
1968,2025-05-09T23:28:28
7942,2025-08-08T16:18:30
12205,2025-01-21T22:54:24
9440,2025-09-24T15:03:03
1288,2025-03-31T05:25:43
8915,2025-03-17T14:49:45
7421,2025-10-07T18:36:18
936,2025-06-08T21:05:22
1573,2025-04-24T06:34:44
7587,2025-02-18T03:55:00
14872,2025-04-01T00:24:43
16972,2025-10-06T10:19:54
16723,2025-08-20T00:57:33
14880,2025-11-06T22:23:03.932414
19796,2025-02-21T06:36:07
18036,2025-04-29T18:30:37
6276,2025-06-29T19:21:54
1119,2025-04-16T20:20:50
6390,2025-06-27T20:31:35
9186,2025-06-14T10:18:46
6932,2025-08-06T00:03:27
11228,2025-02-17T16:08:30
1246,2025-03-07T07:28:12
17380,2025-03-11T04:23:49
16837,2025-07-03T08:37:42
8017,2025-03-16T13:19:49
16045,2025-11-06T22:48:03.932480
4808,2025-04-18T17:36:07
2506,2025-03-12T11:21:40
19576,2025-04-10T14:41:48
16871,2024-12-25T03:31:32
12936,2024-12-01T19:59:37
2819,2025-08-17T23:11:33
2110,2025-07-07T03:54:03
1263,2024-12-16T02:36:04
5133,2025-08-24T20:02:31
12083,2025-10-08T23:24:41
15481,2025-04-04T23:03:47
14367,2025-06-25T22:02:37
19392,2025-07-06T03:52:08
1871,2025-10-21T18:08:54
18317,2025-01-28T01:51:50
17569,2025-03-03T03:18:17
8934,2025-01-07T17:24:56
2788,2025-06-05T01:53:53
16814,2025-03-23T19:43:12
8937,2024-12-28T05:51:01
650,2024-11-25T07:36:31
7531,2025-03-06T03:47:26
4311,2025-03-27T21:01:46
17042,2024-12-15T19:09:26
16113,2025-11-06T22:56:03.932599
17467,2025-04-25T10:53:47
10203,2025-11-05T14:12:47
9314,2025-11-06T21:59:03.932615
618,2025-04-30T14:51:17
88,2025-07-24T17:12:06
5242,2025-01-30T22:28:00
7754,2025-11-06T22:08:03.932637
12616,2025-09-26T15:44:44
17884,2025-02-05T17:01:57
4277,2025-07-17T22:20:01
19461,2025-08-06T10:06:02
19784,2025-05-27T05:32:01
15031,2025-07-09T20:11:30
3498,2025-08-24T00:30:27
9828,2025-07-16T12:05:36
19473,2025-02-13T14:01:49
708,2025-07-02T03:09:25
363,2025-04-21T06:17:10
2405,2025-09-09T01:22:10
12543,2025-10-11T11:57:25
1830,2025-04-12T17:48:23
6581,2025-04-24T01:57:50
8196,2025-01-10T09:44:58
13615,2025-11-06T22:44:03.932718
16749,2024-11-23T06:46:48
11323,2025-08-13T21:32:20
13521,2025-07-02T20:03:22
6753,2025-08-29T08:48:31
4756,2025-09-24T07:54:29
13888,2025-04-04T03:48:51
9312,2025-08-22T09:23:21
11306,2025-07-12T02:11:57
16266,2025-02-12T12:34:18
1936,2025-05-25T03:28:34
15189,2025-11-06T22:15:03.932811
10195,2025-05-22T00:57:50
15693,2025-11-06T22:00:03.932824
6658,2025-11-06T22:31:03.932831
3929,2025-04-24T06:43:25
16674,2025-01-29T10:52:36
4030,2025-02-15T02:19:02
10922,2025-02-02T22:35:09
7343,2025-05-24T10:01:06
13645,2025-08-13T19:21:05
4163,2024-12-30T17:08:01
9577,2025-04-22T08:05:09
18210,2025-09-16T21:56:32
2105,2025-11-06T22:29:03.932881
1973,2025-07-29T00:39:54
5179,2025-06-09T04:41:07
9429,2025-03-16T06:28:28
6496,2025-08-12T21:26:13
13530,2025-08-07T12:51:31
13794,2025-03-30T02:22:01
4035,2025-01-20T12:00:33
11885,2025-01-17T01:25:10
12808,2025-11-06T22:44:03.932926
12656,2025-07-29T08:00:27
2562,2025-03-16T11:21:39
6543,2025-05-25T12:37:18
13467,2025-11-06T22:41:03.932948
4036,2025-05-11T17:49:21
9323,2025-05-13T03:53:20
8847,2025-11-06T22:45:03.932965
12743,2025-06-25T01:43:08
239,2025-03-31T21:39:30
15364,2025-02-17T19:15:13
4173,2025-09-08T16:39:35
14274,2025-03-22T12:25:48
8073,2025-10-28T18:59:02
5441,2024-12-15T18:08:15
6935,2025-08-17T11:04:36
1552,2025-09-26T07:59:41
14792,2025-11-02T11:45:48
7771,2025-02-13T22:41:16
10406,2025-04-12T11:32:50
5028,2025-02-11T08:13:21
12043,2025-02-08T03:07:11
3635,2025-01-07T16:48:21
13144,2025-07-11T16:46:11
11254,2025-11-06T22:38:03.933046
7845,2025-05-15T07:35:12
2551,2025-06-13T18:30:58
259,2025-11-06T22:02:03.933063
17483,2025-10-21T03:59:00
9348,2025-07-28T01:16:56
9379,2025-09-21T05:43:34
10583,2025-05-19T05:56:15
184,2025-11-06T22:39:03.933089
13164,2025-10-09T22:58:12
8340,2025-04-29T16:34:18
18817,2025-02-10T10:03:34
2983,2025-11-06T22:40:03.933111
13993,2025-04-22T22:40:01
14576,2025-06-30T09:31:16
11644,2025-10-04T07:08:30
8540,2025-04-25T22:14:52
10801,2025-07-07T18:47:13
4358,2025-02-11T05:15:52
9924,2025-03-31T04:47:09
19752,2025-06-28T17:41:43
2031,2025-04-20T01:24:10
8732,2025-11-04T01:21:59
5498,2025-05-18T16:26:05
19049,2024-12-15T07:33:26
813,2025-04-09T06:28:25
7425,2025-05-17T07:41:24
4366,2025-01-04T18:29:33
8273,2024-12-14T20:17:26
9921,2025-02-22T17:53:03
1382,2025-04-05T17:34:52
14609,2025-09-19T06:11:49
11700,2025-01-14T23:55:53
8218,2025-11-06T22:48:03.933236
12221,2025-03-24T04:17:18
3573,2025-07-20T07:35:38
4541,2025-03-21T07:18:38
3770,2025-01-12T16:15:36
86,2025-02-21T15:28:18
13450,2025-06-16T04:26:52
3062,2025-04-30T06:24:19
5923,2025-05-28T17:18:42
12004,2024-12-15T16:57:32
15692,2025-09-13T04:13:11
10538,2025-09-28T14:40:43
11645,2024-12-31T23:57:28
14643,2025-09-12T07:54:25
1197,2025-10-28T04:33:16
7577,2025-02-20T02:20:44
12964,2025-11-05T14:15:22
10334,2025-09-07T08:49:43
4197,2024-12-13T19:27:38
473,2025-11-06T22:12:03.933327
4317,2025-07-01T12:03:57
13574,2025-01-28T18:03:29
15194,2025-03-21T20:36:12
8473,2025-10-21T06:46:18
12783,2025-11-06T22:34:03.933354
16460,2025-05-16T21:39:15
5668,2025-04-30T20:40:56
15033,2025-08-29T11:06:38
12746,2025-05-11T22:43:07
16244,2025-08-08T05:51:21
6212,2025-11-06T22:01:03.933385
4536,2025-08-11T04:32:44
249,2025-10-13T20:31:37
8823,2025-07-12T01:31:14
11448,2025-10-10T16:03:32
5047,2025-04-18T10:14:46
6056,2025-03-20T16:30:29
19244,2025-01-13T19:28:08
15427,2025-05-03T01:46:46
12609,2025-10-12T03:00:38
793,2025-08-19T06:27:33
13919,2025-02-07T05:07:44
5200,2025-05-13T02:22:22
11146,2025-11-06T22:51:03.933449
11128,2025-08-13T06:44:51
12947,2025-06-15T05:19:58
18752,2025-03-07T23:30:28
2281,2025-05-20T15:53:23
14034,2025-07-09T05:21:37
2554,2025-10-19T09:46:25
6663,2025-06-24T23:46:13
19870,2025-02-21T01:06:18
10250,2025-08-11T09:48:53
16030,2025-05-18T18:55:57
3811,2025-03-04T04:05:12
4803,2025-01-20T23:22:23
9885,2025-01-27T03:43:25
11897,2025-01-20T18:40:44
14967,2025-07-01T23:02:22
17972,2025-08-09T06:09:54
18760,2025-08-31T02:23:48
9770,2025-07-06T01:45:30
585,2025-09-12T06:17:23
14741,2025-07-16T04:59:09
16138,2025-01-01T00:36:01
18178,2025-05-05T21:01:38
16826,2025-01-18T07:45:59
12854,2025-07-10T14:40:04
15579,2025-11-06T22:04:03.933570
7543,2025-03-22T18:27:21
1077,2025-11-06T22:38:03.933583
6462,2025-04-11T11:18:57
11140,2024-12-21T10:03:56
12278,2025-04-23T01:48:03
5197,2025-10-15T03:55:21
2622,2025-09-27T09:29:51
9011,2025-09-17T04:43:42
3613,2025-04-28T16:59:08
19326,2025-04-20T00:14:01
1493,2025-05-18T20:50:02
9884,2025-08-01T15:01:37
16466,2024-12-29T04:13:48
11541,2025-11-06T22:38:03.933651
3100,2025-09-25T13:32:51
11453,2025-04-21T14:53:53
4453,2025-06-09T12:29:00
10855,2025-04-08T10:59:30
11920,2025-11-06T22:17:03.933677
17711,2025-11-06T22:30:03.933685
6135,2025-01-08T01:56:11
8176,2025-03-22T14:38:57
7817,2025-01-29T13:17:01
3734,2025-08-13T05:28:58
13014,2025-02-01T14:33:57
4359,2025-05-19T00:18:18
16868,2025-09-03T03:28:16
17391,2025-03-29T21:29:56
13979,2025-09-17T22:43:34
6923,2025-06-24T06:59:22
989,2025-08-20T22:23:55
15662,2025-11-06T22:02:03.933746
17045,2024-12-17T12:52:21
13690,2025-02-07T21:19:11
9112,2025-10-29T13:50:21
5136,2025-10-16T20:58:22
15545,2025-05-06T22:45:25
12603,2025-06-16T23:00:00
14470,2025-10-31T07:53:02
536,2025-05-20T02:33:25
2610,2025-04-15T06:25:36
5079,2025-11-06T22:55:03.933795
16959,2025-10-10T23:22:45
13673,2025-04-03T10:46:15
16255,2025-01-19T10:46:45
17351,2025-10-31T05:27:49
15319,2025-07-17T13:03:27
18589,2025-04-01T05:53:35
6859,2025-05-25T12:40:03
14348,2025-10-05T19:00:57
19464,2025-04-08T18:18:10
16587,2025-09-11T00:23:35
16087,2025-08-06T21:08:57
8048,2025-06-04T22:50:12
12326,2025-10-16T15:24:59
7710,2025-06-16T07:13:04
8664,2024-12-26T00:44:32
9233,2025-01-18T02:46:04
7402,2025-11-06T22:33:03.933877
3028,2025-11-06T22:29:03.933884
8564,2025-11-06T22:03:03.933892
7334,2025-02-22T15:20:17
13281,2025-02-27T17:49:57
8152,2025-06-15T11:48:11
18700,2025-09-20T01:13:22
12662,2025-09-24T13:30:43
4981,2025-05-31T03:33:55
13827,2025-02-23T23:08:43
15572,2025-04-27T01:21:56
6574,2024-12-19T07:26:00
7609,2025-06-25T16:15:15
19891,2025-11-06T22:44:03.933946
1321,2025-03-06T18:48:23
5943,2024-12-02T20:09:37
7440,2025-07-06T20:59:10
8764,2025-09-19T19:10:28
444,2025-05-06T21:50:54
6075,2025-01-18T05:49:59
6557,2025-07-25T12:29:40
17603,2025-09-23T06:08:15
14691,2025-02-09T16:59:07
3415,2025-08-31T12:21:40
4547,2025-09-12T03:49:52
1276,2025-02-06T06:02:25
18398,2025-11-06T22:51:03.934010
7797,2025-10-16T17:23:11
19315,2025-01-16T10:24:04
15285,2025-01-20T11:00:31
19137,2025-02-01T14:00:27
17082,2025-10-23T13:53:08
544,2025-09-24T07:20:12
5581,2025-04-08T15:44:29
2867,2025-01-10T06:00:52
7807,2025-10-06T04:16:20
4616,2025-11-06T22:39:03.934060
16331,2025-03-02T04:32:57
7683,2024-12-26T03:12:54
15206,2025-08-07T18:30:16
2470,2025-08-16T01:45:12
2564,2024-12-25T14:00:58
3039,2025-05-14T18:52:16
12986,2025-11-06T22:21:03.934095
8644,2025-01-20T03:52:10
4967,2025-01-07T08:23:05
8584,2025-03-19T04:24:18
3108,2025-06-11T01:27:43
16497,2025-10-25T06:20:34
16781,2025-07-28T11:50:56
17696,2025-08-01T08:25:16
3925,2025-09-06T06:51:43
12414,2025-07-31T05:45:49
3940,2025-11-06T22:48:03.934144
7035,2025-08-22T04:49:43
11595,2024-11-19T22:23:57
19670,2024-12-30T14:53:52
3210,2025-04-07T08:15:14
766,2025-08-09T13:55:40
11073,2025-01-10T18:27:39
12810,2025-11-06T22:15:03.934180
3176,2024-12-21T08:31:26
6334,2025-07-31T08:24:40
16559,2025-08-31T06:39:38
13686,2025-04-20T02:35:34
19520,2025-10-19T08:17:22
14306,2025-09-01T06:29:27
1490,2025-06-07T06:10:21
4635,2025-08-12T10:24:02
7264,2025-03-17T23:48:14
7179,2025-01-29T23:18:37
4398,2025-04-29T22:14:32
1874,2025-04-27T02:15:26
5650,2024-11-26T15:40:40
6608,2024-12-18T09:09:13
7782,2025-04-01T20:07:17
17453,2025-05-17T14:53:58
8183,2025-01-10T06:12:28
5362,2025-11-06T22:17:03.934266
4260,2025-09-30T19:55:41
1916,2025-09-29T01:48:34
8360,2025-01-03T09:42:39
14491,2025-09-17T21:53:40
10301,2025-04-17T17:26:35
6621,2025-09-29T08:43:15
14356,2025-07-20T03:59:55
13655,2025-01-18T08:05:09
6827,2025-04-24T19:23:05
4856,2025-11-03T13:06:09
51,2025-08-04T09:04:14
11442,2025-09-09T11:31:44
11759,2025-10-25T00:23:46
11589,2025-07-21T12:41:03
10779,2025-03-15T18:54:14
14005,2025-05-30T15:44:26
18625,2025-07-04T10:57:12
654,2025-09-23T03:40:31
1191,2025-03-05T20:29:02
14873,2025-10-07T02:11:17
10647,2025-09-15T04:57:02
17427,2025-05-02T04:20:06
5740,2025-02-07T22:56:22
6627,2025-05-18T05:34:12
13630,2025-08-08T18:58:07
1870,2025-06-28T06:43:18
1662,2025-03-17T11:40:24
1734,2025-10-27T16:35:16
12839,2025-10-08T20:24:45
16586,2025-04-23T22:53:25
2594,2025-04-17T18:58:04
12260,2025-03-02T03:57:36
18822,2025-08-31T02:03:04
3101,2025-01-16T20:24:47
14235,2025-11-06T22:24:03.934538
19767,2025-10-29T22:45:00
14343,2025-01-13T07:00:27
6133,2024-12-16T18:44:59
7965,2025-07-18T00:02:32
19157,2025-02-25T17:01:39
15136,2025-01-11T10:55:25
10437,2025-04-28T10:20:58
18102,2025-05-24T11:51:31
15898,2025-05-02T18:11:05
1945,2025-08-09T00:04:36
81,2025-11-06T22:06:03.934592
15816,2025-05-31T06:17:44
7632,2025-08-31T06:25:05
736,2024-12-26T00:39:03
6721,2025-01-19T10:37:56
17224,2025-07-27T01:19:22
4911,2025-05-26T00:52:56
15338,2025-05-08T04:19:41
17951,2025-11-06T22:25:03.934633
4804,2025-11-02T01:06:58
4278,2025-01-27T10:00:17
8570,2025-10-08T14:35:12
19164,2025-07-11T10:38:03
12997,2025-04-10T02:28:34
14029,2025-11-02T02:20:16
17789,2025-11-06T12:22:04
1620,2025-11-04T05:52:59
16780,2024-11-26T06:36:12
2499,2025-10-23T07:49:23
5864,2025-05-15T21:01:23
16489,2025-05-16T04:47:11
18064,2025-01-25T06:49:30
674,2025-03-01T14:38:40
13172,2025-07-05T22:07:16
1053,2025-05-04T15:20:28
11669,2025-04-02T00:34:58
9024,2025-11-06T22:43:03.934719
5218,2025-11-05T14:39:25
7765,2025-07-10T14:30:01
8276,2025-02-22T07:25:03
10995,2025-11-06T22:16:03.934740
3248,2024-12-05T18:13:00
15390,2025-09-19T03:56:34
14014,2025-10-16T00:17:53
9085,2025-09-14T01:06:16
12055,2025-11-06T22:21:03.934766
4226,2025-06-10T04:26:32
2712,2025-10-28T23:20:13
17575,2025-07-10T23:52:33
8557,2025-10-23T08:54:17
18925,2025-11-06T22:51:03.934793
5451,2025-04-20T21:56:28
15140,2025-06-15T22:02:28
14542,2025-11-06T22:40:03.934809
10021,2025-11-06T22:31:03.934817
14281,2025-02-01T23:53:52
6122,2025-04-08T09:18:41
1974,2025-02-10T23:21:58
10910,2025-08-02T07:41:47
14296,2024-12-07T15:11:55
12726,2025-11-06T22:18:03.934848
3508,2025-11-06T22:21:03.934856
2524,2025-10-13T22:54:18
13053,2025-03-28T07:59:27
1093,2025-10-08T21:37:48
17392,2025-09-02T22:15:28
5003,2025-09-08T23:31:56
13166,2025-01-27T22:13:47
13213,2024-12-20T04:34:55
6976,2025-02-03T01:12:31
6231,2025-08-24T04:19:39
14535,2025-03-21T03:19:21
744,2025-03-10T17:42:34
3120,2025-04-26T04:04:52
4957,2025-11-04T04:23:10
10967,2025-01-12T18:20:31
16459,2025-03-04T22:04:59
18788,2025-09-12T17:11:41
19277,2025-05-13T20:13:00
18964,2024-12-23T02:24:38
18628,2025-03-14T05:35:05
13505,2025-06-27T12:34:16
12797,2024-12-22T04:24:19
10496,2025-06-02T04:20:00
8827,2025-09-23T07:41:47
8920,2025-10-18T09:59:04
18470,2025-03-24T18:53:37
11086,2025-01-28T20:37:37
8698,2025-05-20T03:34:07
2238,2025-07-11T07:16:45
5508,2025-09-29T21:23:00
3142,2025-02-26T04:48:43
17438,2025-04-07T19:08:25
19416,2025-06-25T06:38:57
6883,2025-04-30T14:43:03
15984,2025-11-06T22:05:03.935017
2807,2025-10-14T10:49:54
7508,2025-04-07T06:34:59
13871,2024-12-22T04:23:24
16225,2025-09-29T22:34:18
7174,2025-03-31T14:02:24
15118,2025-11-06T22:18:03.935048
8968,2025-06-26T08:05:40
9748,2025-01-13T19:24:35
14489,2025-02-25T20:26:21
9182,2025-05-14T16:40:25
135,2025-02-28T19:17:18
4818,2025-10-15T13:27:52
11110,2025-11-06T22:36:03.935083
6117,2025-09-13T13:42:07
14931,2025-09-03T09:35:26
166,2025-03-23T20:39:55
16848,2025-08-02T05:21:05
8757,2025-04-12T20:05:07
115,2025-11-06T22:14:03.935114
15085,2024-12-19T14:22:53
15235,2025-08-20T17:42:01
14117,2025-05-04T19:06:06
4145,2025-04-29T22:15:17
9271,2025-04-24T20:13:11
7328,2025-06-11T11:58:14
4976,2024-12-21T20:17:01
13730,2025-11-06T22:48:03.935165
6136,2025-01-17T03:34:36
19201,2025-07-10T14:06:05
15603,2025-08-23T15:08:06
17242,2024-11-15T01:15:03
8325,2025-11-06T22:22:03.935191
19317,2025-01-17T16:31:39
15241,2025-04-18T08:15:39
9545,2025-04-13T05:29:00
11892,2025-01-15T10:08:38
5230,2024-11-22T01:47:47
8060,2025-02-15T04:41:46
16144,2025-02-20T17:17:44
11179,2025-10-02T17:48:19
9234,2025-01-11T11:16:02
76,2025-01-21T15:00:09
218,2025-06-19T01:59:22
22,2025-02-08T12:12:53
9916,2025-01-22T19:39:01
17424,2025-07-22T11:33:11
17252,2025-04-22T15:21:24
13523,2025-11-06T22:01:03.935268
3961,2025-11-06T22:14:03.935275
10373,2025-10-23T23:08:50
5459,2025-03-09T12:24:25
952,2025-05-29T23:02:26
13212,2025-11-05T04:18:29
1436,2025-11-06T22:05:03.935302
15181,2025-02-01T18:32:10
13159,2025-06-08T04:05:03
7736,2024-12-04T14:21:38
10974,2025-10-15T18:14:03
11599,2025-05-13T13:55:33
7241,2025-08-09T07:50:14
11082,2025-08-15T17:26:03
427,2024-11-27T23:16:15
18593,2025-03-08T13:25:56
4101,2025-10-23T07:54:28
14224,2024-12-29T18:17:44
2725,2025-06-22T18:45:59
4729,2025-07-10T13:30:20
7461,2025-11-05T04:11:20
2589,2025-07-28T16:01:25
18815,2025-04-02T00:47:55
8802,2025-07-09T22:26:22
11676,2025-11-06T22:54:03.935389
11263,2025-07-11T10:44:18
10789,2025-04-07T19:28:10
9298,2025-01-09T13:01:30
17554,2025-09-11T18:16:10
3821,2025-07-24T07:12:59
10690,2025-09-16T18:22:33
12645,2025-01-19T14:49:18
6240,2025-01-27T13:05:32
4167,2025-03-22T08:57:20
261,2025-01-02T17:59:12
12212,2025-01-18T15:50:06
10426,2025-07-22T17:30:45
11245,2025-01-14T10:20:03
6523,2025-09-13T17:37:02
5199,2025-10-13T19:49:56
18291,2025-04-30T21:35:25
2805,2025-09-13T15:14:00
7939,2025-05-30T22:56:59
12538,2025-11-01T14:49:58
3834,2025-11-06T22:22:03.935484
15567,2025-10-02T16:55:54
17744,2025-09-19T02:27:59
4817,2025-03-05T10:30:54
4556,2025-07-08T06:07:50
17763,2024-11-20T02:15:15
203,2025-03-08T09:18:47
10596,2025-06-10T05:08:56
10901,2025-04-05T09:38:52
19484,2025-01-14T12:15:18
16083,2025-07-10T13:57:54
14925,2025-05-28T10:55:46
7992,2025-07-20T13:50:48
12446,2025-07-26T13:20:15
18747,2025-07-24T23:44:32
16655,2025-02-27T17:23:35
447,2025-11-06T22:14:03.935560
1342,2025-01-07T21:53:08
17463,2025-01-31T08:40:42
10266,2025-02-11T23:24:01
16953,2025-03-05T09:34:15
12664,2025-11-06T22:30:03.935586
3848,2025-03-20T20:30:31
375,2025-08-12T18:46:52
18225,2025-11-06T22:27:03.935603
17429,2025-08-16T02:13:01
13189,2024-12-15T23:40:14
3931,2025-05-05T13:07:41
7589,2025-05-08T04:08:42
7211,2025-01-14T02:00:19
14861,2025-11-06T22:36:03.935634
15282,2025-06-17T04:49:42
3809,2025-11-06T22:37:03.935646
11973,2025-10-04T16:45:30
19437,2024-12-31T03:52:57
12258,2025-07-22T13:39:27
228,2025-11-05T03:55:40
15619,2025-01-11T12:11:31
10317,2025-01-14T06:55:20
9890,2025-08-13T06:07:18
19684,2025-04-03T21:20:45
9870,2025-02-24T02:11:07
4877,2025-04-09T23:47:26
5109,2025-05-29T07:52:09
7759,2025-09-04T03:27:01
2905,2025-06-29T06:58:46
6185,2025-05-01T01:17:33
5002,2025-01-23T22:37:27
7606,2025-10-16T06:57:14
18893,2025-04-22T10:38:48
8411,2025-05-14T19:28:38
11915,2025-03-06T06:12:56
8324,2025-09-25T15:26:39
6797,2025-02-18T00:19:27
7816,2025-01-27T05:22:28
12262,2025-10-12T12:09:00
12907,2025-10-22T22:49:33
4082,2025-11-06T22:35:03.935764
12488,2025-06-02T07:43:30
5469,2025-07-03T01:54:58
19785,2025-05-24T10:41:41
400,2025-04-15T22:33:28
178,2025-10-16T22:13:19
7619,2025-09-29T07:28:53
7015,2025-05-21T17:47:39
7150,2025-11-06T22:58:03.935805
10975,2025-11-06T22:46:03.935812
8509,2025-08-06T22:18:41
9262,2025-03-26T22:59:29
8724,2025-05-28T08:52:08
12719,2025-05-12T05:48:48
14950,2025-10-31T20:09:42
1651,2025-02-04T06:34:26
11240,2025-03-23T02:54:59
5808,2024-11-27T20:31:58
19105,2025-06-20T02:24:51
3789,2025-02-22T16:42:52
7346,2025-11-06T22:54:03.935865
6804,2025-08-28T01:24:51
13682,2025-06-09T10:06:38
3670,2025-06-16T01:03:57
12397,2025-03-10T17:51:15
10840,2025-03-31T01:11:20
10388,2025-06-14T20:05:43
9707,2025-03-19T09:49:49
1056,2025-01-09T15:03:36
5636,2024-12-18T07:48:42
8601,2025-02-02T02:23:21
20000,2025-11-06T22:41:03.935947
2871,2025-02-11T15:26:01
15261,2025-11-06T22:56:03.935965
10884,2025-10-16T03:57:09
2127,2025-02-25T02:06:21
18232,2025-07-28T21:30:06
8535,2025-06-09T10:52:05
7273,2025-07-05T07:27:53
7539,2025-03-25T19:22:31
1152,2025-01-22T19:22:13
6925,2025-11-06T22:30:03.936078
4215,2025-01-18T00:27:51
10574,2025-11-06T22:42:03.936100
5856,2025-04-07T12:24:39
3077,2025-07-03T02:01:19
9123,2025-05-09T14:50:27
15765,2025-07-19T22:34:56
4720,2025-02-13T01:14:19
15735,2025-09-02T17:02:05
3637,2025-04-12T11:12:01
4936,2025-06-10T20:21:52
2233,2025-05-24T19:06:37
16762,2025-06-29T08:55:07
2581,2025-09-23T11:39:17
9682,2025-02-11T01:30:40
7028,2025-08-16T23:36:10
1931,2025-07-12T11:50:36
6785,2025-02-01T11:42:34
17383,2025-01-11T19:34:26
5521,2025-11-06T22:22:03.936186
3506,2025-06-18T09:41:44
745,2025-01-12T06:42:00
16858,2025-10-18T16:55:09
3245,2025-04-09T08:11:50
9100,2025-11-03T11:59:50
351,2025-06-26T01:34:50
8633,2025-11-06T22:05:03.936222
2837,2025-11-06T22:27:03.936229
4828,2025-04-03T23:56:21
4746,2025-07-03T15:36:40
2132,2025-01-12T10:12:25
3763,2024-12-02T17:37:09
5953,2024-12-10T03:59:14
9568,2025-10-05T14:46:31
17207,2025-05-03T22:15:16
15889,2025-05-05T20:08:06
18179,2025-10-16T15:48:49
5774,2025-02-09T23:49:22
15222,2025-01-13T01:25:27
8860,2025-10-01T03:33:41
5918,2025-07-10T09:39:44
7947,2025-03-20T14:08:41
8765,2025-05-04T17:34:57
9058,2025-01-02T15:38:29
835,2025-10-23T08:20:54
11547,2025-09-07T23:31:03
15559,2025-05-12T21:51:38
15388,2025-04-25T09:54:51
17937,2025-06-23T00:23:29
4088,2025-03-14T22:20:06
9300,2025-06-17T07:39:38
397,2025-06-05T01:04:49
19280,2025-03-29T23:43:06
8150,2025-07-15T20:49:37
16608,2025-09-27T17:31:28
18954,2025-10-21T17:59:32
4794,2025-03-12T19:30:50
19633,2025-04-23T12:00:16
2417,2025-05-27T19:10:19
17133,2025-03-25T16:44:05
8879,2024-12-14T00:51:28
5138,2025-11-06T22:35:03.936393
2515,2025-02-25T11:28:13
2432,2025-11-06T22:25:03.936406
12693,2025-08-16T22:20:59
8304,2025-08-26T15:10:17
2902,2025-09-01T02:32:38
2255,2025-02-27T21:34:59
6649,2025-10-05T01:03:08
6949,2025-09-01T12:49:18
117,2025-11-06T22:41:03.936441
10672,2025-05-17T20:54:32
12224,2025-01-16T14:06:54
11381,2025-04-30T13:58:37
16630,2025-11-06T22:19:03.936463
2258,2025-01-22T02:57:49
894,2025-04-19T21:12:27
6382,2025-08-15T07:13:09
12168,2025-08-19T14:05:37
17006,2024-12-21T06:07:09
8291,2025-04-19T21:10:47
11149,2025-10-13T14:08:32
5374,2025-03-24T14:19:21
11102,2025-01-02T19:21:41
19029,2025-09-14T03:29:22
2860,2025-01-31T19:13:51
12121,2025-02-06T15:07:17
4362,2025-01-11T06:33:17
19019,2025-09-03T02:17:14
17701,2025-07-19T14:08:20
3612,2025-03-13T20:07:24
1658,2025-09-16T17:39:07
7598,2025-06-15T07:30:28
4673,2025-08-11T16:07:21
7888,2025-07-31T21:15:33
14165,2025-02-26T00:26:35
158,2025-09-14T07:41:52
12312,2025-10-30T16:03:13
10527,2025-09-21T15:12:07
11976,2025-10-14T19:48:25
4868,2025-09-06T01:35:51
10082,2025-01-11T13:49:33
4703,2025-06-06T01:56:40
16445,2025-11-03T05:28:18
8469,2025-11-06T22:50:03.936607
17338,2025-09-21T13:59:16
3141,2025-11-06T22:51:03.936619
10360,2025-05-26T05:54:30
2036,2025-08-28T14:35:10
15612,2025-05-14T07:39:34
18649,2025-11-06T22:49:03.936642
15900,2025-07-29T11:13:43
18592,2024-12-03T13:18:40
19390,2025-10-01T06:44:11
18393,2025-03-18T20:34:00
927,2025-09-14T21:51:46
8378,2025-10-01T05:39:15
16932,2024-12-09T22:10:24
10843,2025-05-17T20:11:59
16039,2025-06-16T03:08:40
3489,2025-06-22T14:27:09
11724,2025-02-15T15:07:06
10309,2025-06-04T10:54:15
16799,2025-10-16T02:58:41
1073,2025-07-26T22:06:57
16747,2025-06-26T03:46:15
8006,2025-02-09T13:01:49
5888,2025-11-02T07:56:50
5616,2025-01-31T19:16:34
18929,2025-11-06T22:05:03.936734
315,2025-06-24T04:22:08
9493,2025-01-19T13:43:11
12646,2025-04-02T22:34:42
10804,2025-06-16T13:30:03
3069,2025-10-09T05:05:53
1709,2024-12-06T20:43:11
8725,2025-11-06T22:13:03.936772
17903,2025-06-20T19:42:10
14096,2025-06-02T21:35:33
16292,2025-11-06T22:01:03.936789
5221,2025-02-21T07:37:12
4739,2025-04-23T00:22:27
18111,2025-07-01T02:00:06
14945,2024-12-07T13:06:38
9532,2025-07-12T02:08:17
13261,2025-10-24T15:30:14
12792,2025-01-14T05:42:59
199,2025-07-14T11:31:27
14835,2025-05-26T18:49:49
16006,2025-03-24T01:00:21
18998,2025-10-08T19:16:16
9383,2025-09-10T20:53:38
19297,2025-10-30T07:54:08
4276,2025-03-27T11:48:23
11561,2025-05-13T13:29:08
8130,2025-04-30T12:32:22
8442,2025-10-08T22:28:35
3969,2024-12-15T05:47:48
2846,2025-04-14T19:44:28
16237,2025-05-15T17:53:54
8613,2025-08-04T18:18:53
19850,2024-12-26T01:28:25
2635,2025-01-24T12:22:45
14326,2025-05-31T08:25:38
13336,2025-09-20T23:02:18
16486,2025-04-21T14:49:45
9252,2025-02-08T01:17:28
15424,2025-04-07T01:34:50
19051,2025-01-16T09:36:07
1427,2025-01-22T23:00:08
3818,2025-09-04T08:39:53
12984,2025-06-04T13:27:40
6678,2025-04-26T10:15:43
9110,2025-11-06T22:33:03.936953
19793,2025-07-16T11:56:30
4761,2025-09-12T07:04:33
6181,2025-02-10T11:37:37
6871,2025-03-13T07:01:13
5443,2025-03-13T22:28:04
9509,2025-08-13T21:17:00
9792,2025-11-05T16:09:01
12409,2025-06-16T14:48:59
1589,2025-08-03T16:05:39
18399,2025-09-24T02:41:32
17715,2025-03-13T19:40:13
3412,2025-09-08T05:11:36
18214,2025-04-01T21:08:32
3680,2025-05-12T00:45:44
8667,2025-05-14T05:53:52
19123,2025-10-26T08:05:51
5931,2025-02-04T11:56:00
10209,2025-05-16T17:58:37
8490,2025-10-28T08:23:40
2578,2025-11-06T22:13:03.937050
15861,2024-11-09T10:31:13
17634,2024-12-18T14:08:06
10771,2025-10-25T23:20:50
3403,2025-09-05T12:15:51
7796,2025-05-08T02:53:15
6249,2025-07-16T07:32:14
18122,2025-03-03T11:50:05
3323,2025-07-09T15:24:41
2723,2025-04-24T05:39:36
5243,2025-07-24T03:44:16
7901,2025-08-25T02:44:40
11745,2025-03-27T09:05:21
10251,2025-10-02T15:58:10
3023,2025-05-09T02:11:46
5305,2025-06-14T06:35:14
9580,2024-12-24T10:07:00
3339,2025-08-08T00:22:55
14878,2025-03-01T20:59:03
5194,2025-07-31T11:38:07
10720,2025-02-14T10:20:29
4329,2025-08-31T06:54:57
18562,2025-09-07T20:33:43
9288,2025-06-06T08:01:26
11664,2025-03-08T09:59:20
6241,2025-04-21T16:15:24
1196,2025-09-08T20:05:55
926,2025-02-09T15:23:07
6769,2025-07-13T15:25:28
13022,2025-08-27T14:39:38
1442,2025-05-31T07:32:17
11379,2025-11-04T04:44:47
19122,2025-02-11T06:29:42
19566,2025-03-16T16:31:38
1364,2025-08-16T16:37:21
1998,2025-07-06T19:07:30
677,2025-10-06T20:10:44
16219,2025-07-03T08:43:00
2329,2025-03-12T16:54:18
12942,2025-10-13T12:46:06
14246,2025-06-05T00:25:59
7616,2025-06-25T11:36:15
10460,2025-09-08T14:00:53
14292,2025-03-26T17:35:26
19768,2025-11-06T22:08:03.937272
19830,2025-08-23T01:21:51
19104,2025-07-19T00:05:57
44,2025-06-05T09:58:40
3829,2025-01-14T22:19:06
15346,2025-03-17T05:36:03
13055,2025-05-22T04:58:42
383,2025-10-29T21:01:14
14472,2025-03-26T10:12:39
8863,2025-09-09T09:36:19
14622,2025-10-16T18:34:35
1481,2025-03-16T06:12:36
5870,2025-03-16T18:54:50
13345,2025-10-19T10:28:47
10445,2025-01-06T23:51:00
16131,2025-08-15T04:43:18
17036,2024-12-24T13:00:20
10945,2025-04-28T15:40:29
6365,2025-01-01T20:15:17
4932,2025-04-25T08:47:09
6839,2025-09-20T20:28:20
13927,2024-12-07T05:55:26
15445,2024-12-31T00:08:08
4471,2025-04-12T11:08:31
5592,2025-05-07T04:34:31
1912,2025-09-04T19:45:35
17435,2025-07-11T04:50:37
16583,2025-02-26T01:50:26
6749,2025-07-20T13:29:07
13518,2025-10-26T03:01:58
12866,2025-09-24T18:01:24
6823,2025-07-08T16:57:37
8206,2025-09-24T07:14:28
2606,2025-09-16T03:36:58
1880,2024-12-17T09:22:26
981,2025-01-13T20:28:25
5528,2025-08-03T14:04:53
2751,2025-02-17T07:24:51
1285,2025-04-23T12:58:57
17345,2025-08-09T22:01:48
6040,2025-08-01T19:14:46
6036,2025-04-20T18:13:28
9918,2025-05-21T16:14:53
10237,2025-04-11T11:02:05
15990,2025-11-06T22:52:03.937482
11856,2025-01-28T02:10:29
10277,2025-11-06T22:00:03.937495
3884,2025-11-02T05:33:48
3211,2025-05-19T23:43:01
8338,2025-03-19T16:48:31
17643,2025-08-04T09:52:50
5837,2025-01-18T23:11:22
2855,2025-09-25T15:34:26
10532,2025-10-31T13:07:05
13415,2024-12-25T11:01:14
9986,2025-09-19T14:25:58
12137,2025-07-28T02:16:15
16992,2025-05-18T04:04:28
14711,2025-08-31T14:56:05
16591,2025-06-09T13:32:34
1103,2025-05-21T18:55:25
3682,2025-05-24T00:59:52
14585,2025-04-05T07:24:34
986,2025-06-23T05:36:48
5266,2025-04-29T22:08:56
3066,2025-09-12T12:15:50
1907,2025-08-20T12:28:32
2081,2025-01-02T00:24:42
2166,2025-02-17T14:40:25
722,2025-01-24T17:39:34
1540,2025-06-30T09:46:35
15537,2025-05-31T04:13:58
1128,2025-07-16T21:09:54
7511,2025-08-08T14:09:33
9834,2024-12-27T17:31:09
17137,2025-01-31T19:32:50
10060,2025-01-13T21:42:03
10817,2025-11-06T22:29:03.937673
11365,2025-08-28T10:26:41
7756,2025-04-20T21:41:32
492,2025-05-22T11:36:24
7262,2025-03-13T06:40:21
13961,2025-10-16T18:58:49
2765,2025-03-19T17:13:28
2695,2025-03-07T20:57:37
14138,2025-10-19T07:39:55
15880,2025-04-04T20:54:29
2109,2025-11-06T22:40:03.937723
9431,2025-05-04T06:45:32
617,2025-04-18T07:21:57
19900,2025-06-16T19:40:55
17553,2025-06-04T23:23:16
17906,2025-10-21T08:09:58
11479,2025-11-06T22:37:03.937753
757,2025-07-10T15:09:31
9729,2025-11-06T22:26:03.937765
2925,2025-10-19T12:20:06
6669,2025-07-18T04:36:37
13681,2025-07-30T14:11:07
6558,2025-03-26T19:31:07
7608,2025-10-19T04:38:11
12629,2024-12-14T08:36:42
15090,2025-03-31T13:55:24
14603,2025-03-11T06:36:49
840,2025-09-30T09:58:44
8849,2025-05-27T07:36:41
17622,2025-08-18T20:21:41
13272,2025-06-10T16:25:17
5236,2025-08-05T05:31:30
14551,2025-03-07T06:28:41
10689,2025-07-01T13:18:29
15114,2024-12-02T22:31:47
14888,2025-06-18T18:57:29
18270,2025-06-20T23:47:13
11931,2025-11-06T22:28:03.937857
10002,2025-10-04T03:08:54
13650,2025-09-01T22:59:06
4154,2025-08-15T10:33:36
16112,2025-04-15T12:47:31
11530,2025-01-21T12:29:01
7322,2025-08-22T14:35:00
9529,2025-06-13T22:01:07
10754,2025-01-19T01:47:55
14366,2025-03-14T05:24:29
6952,2025-07-15T01:42:38
15552,2025-10-20T19:50:15
9611,2025-10-06T09:04:16
13836,2025-09-07T20:26:42
8266,2025-10-24T20:07:33
7726,2025-06-14T10:34:35
410,2025-11-06T22:06:03.937934
2176,2025-02-25T05:42:08
16307,2025-07-16T19:53:48
7424,2024-12-28T05:43:49
3692,2025-09-02T12:36:46
12439,2025-10-22T20:35:36
7573,2024-12-28T20:37:31
15766,2025-04-25T04:49:12
19403,2025-01-23T20:54:58
14976,2025-02-05T01:56:08
17893,2025-02-12T16:15:24
14814,2025-06-29T17:01:05
4333,2025-03-24T03:56:09
17204,2025-11-06T22:16:03.937998
2843,2025-04-23T19:27:58
11665,2025-07-01T22:54:48
13619,2025-09-08T16:28:36
14654,2025-02-17T05:25:22
11126,2025-02-15T23:17:38
15036,2025-07-15T01:41:16
18840,2025-06-06T11:14:47
15558,2025-09-10T21:24:04
3561,2025-05-19T02:04:51
2848,2025-11-01T16:32:11
3626,2025-05-03T05:19:57
5481,2025-11-06T22:32:03.938057
11443,2025-11-06T22:54:03.938064
10315,2025-01-16T18:53:53
13016,2025-05-15T01:31:37
14845,2025-07-17T15:05:21
16612,2025-09-18T20:21:03
3543,2025-08-31T02:17:52
14714,2025-01-01T01:24:15
3383,2025-08-04T20:46:41
15656,2025-01-15T10:17:30
14527,2025-06-13T22:52:01
10724,2025-11-01T13:18:01
7665,2025-10-03T06:15:44
6459,2025-02-12T12:39:43
4253,2025-03-06T15:17:53
1657,2025-02-13T19:24:10
3586,2024-12-11T08:27:02
6141,2025-01-26T01:08:31
16010,2025-10-05T23:06:19
2833,2025-10-19T09:58:29
572,2024-12-15T19:59:59
6066,2025-04-17T15:38:16
9144,2024-12-17T22:00:35
9719,2025-09-29T02:36:03
18420,2024-12-18T23:18:25
4218,2025-07-03T14:58:28
11671,2025-05-13T20:30:53
2141,2025-05-09T00:30:36
5731,2025-09-17T13:54:37
1444,2025-02-28T01:57:18
12196,2025-05-03T07:00:54
10252,2025-04-12T22:43:24
2786,2024-12-22T04:22:26
1448,2025-01-18T23:00:57
5058,2025-08-29T23:38:56
18384,2025-06-27T12:04:29
6622,2025-10-28T07:42:44
5836,2025-10-08T07:31:53
3618,2025-08-26T07:12:53
7779,2024-11-14T18:53:09
8141,2025-03-30T06:11:48
14995,2025-03-30T17:37:59
6889,2025-07-12T07:55:17
12532,2024-12-21T15:53:48
2078,2025-03-08T08:24:23
4210,2025-03-30T16:24:15
9677,2025-03-18T10:38:10
17103,2025-11-06T22:18:03.938281
13153,2025-08-17T16:23:06
9029,2025-10-09T07:15:20
12689,2025-06-09T19:20:18
2544,2025-10-18T15:26:43
644,2025-07-03T07:34:24
14590,2025-10-26T10:17:15
6517,2025-06-21T14:50:11
13455,2025-09-03T03:45:09
3514,2025-09-14T00:46:13
13950,2025-07-03T19:12:19
11552,2024-11-26T09:10:46
18633,2025-03-04T20:26:19
6747,2025-06-30T13:53:45
6752,2025-11-06T22:42:03.938349
11958,2025-03-09T12:01:50
10197,2025-11-06T22:02:03.938361
8027,2025-03-12T12:03:37
5100,2025-09-08T23:32:30
8598,2025-11-06T22:21:03.938378
2199,2025-08-01T04:39:54
10227,2025-03-16T19:45:59
16126,2025-03-03T12:49:53
9874,2025-09-25T05:16:07
13134,2025-04-21T13:59:47
14552,2025-05-19T04:50:56
18372,2025-02-08T11:48:42
12237,2025-07-24T06:31:36
16607,2024-12-22T02:39:49
13665,2025-11-06T22:49:03.938427
4562,2025-09-06T05:59:41
16117,2025-11-03T09:01:26
3661,2025-06-18T04:04:32
2909,2024-12-06T12:24:55
528,2025-09-09T16:45:08
18168,2024-12-23T08:03:08
15729,2025-09-24T11:54:40
11632,2025-05-09T16:02:14
12804,2025-04-05T08:47:55
8437,2025-06-26T03:13:46
18623,2025-10-02T07:32:07
16215,2025-01-12T03:51:35
4736,2025-11-05T00:15:20
13957,2025-04-22T13:10:35
19301,2025-11-06T22:49:03.938501
18821,2025-01-29T23:32:16
12526,2025-03-20T07:49:29
3547,2025-11-06T22:02:03.938517
1253,2025-04-19T03:03:12
12614,2025-08-16T15:08:29
751,2025-07-17T20:20:37
6072,2025-09-03T05:45:59
17659,2025-08-27T04:38:22
6726,2025-04-08T11:21:26
9749,2025-03-30T21:31:50
11850,2025-07-13T23:13:46
18942,2025-07-29T20:00:07
10648,2025-06-08T09:57:45
10997,2025-08-15T19:01:09
19412,2025-05-21T16:03:35
10473,2025-09-07T04:33:09
2952,2025-11-06T22:11:03.938585
11614,2025-11-06T22:42:03.938593
8750,2025-07-23T00:42:30
19079,2025-08-03T13:52:19
10177,2025-11-05T03:16:28
9879,2025-04-24T19:26:10
13669,2025-01-08T00:52:19
18927,2025-04-11T16:30:21
13907,2025-10-27T10:19:34
6966,2024-11-20T14:25:19
14170,2025-03-03T03:02:22
17638,2025-01-26T05:09:51
11091,2024-12-19T10:17:58
14135,2025-05-08T00:42:34
12405,2025-10-31T03:57:42
9536,2025-11-06T22:19:03.938661
10594,2025-06-05T08:42:26
19518,2025-08-25T03:54:56
5033,2025-10-12T19:17:46
10962,2025-07-21T04:02:37
2074,2025-07-25T01:43:43
17886,2025-09-28T15:22:12
14668,2025-10-24T11:02:31
11235,2025-10-24T02:41:30
7753,2025-06-30T22:19:48
7984,2025-05-17T13:46:22
6965,2025-01-26T08:50:49
1971,2025-11-03T05:32:28
6374,2025-02-10T08:30:43
3250,2024-11-30T03:02:45
17723,2025-09-10T22:30:22
11550,2025-08-12T10:08:06
6149,2025-10-23T18:39:43
781,2025-10-26T20:10:25
10812,2025-03-19T16:43:55
8605,2025-10-19T23:16:03
9908,2025-02-01T18:18:26
9038,2025-09-26T18:29:18
4201,2025-09-01T04:36:53
13954,2025-03-12T21:32:53
10147,2025-07-31T18:57:10
11282,2025-05-06T11:56:02
19097,2025-06-16T17:53:26
19418,2025-04-06T09:53:15
15863,2025-03-20T06:06:28
15112,2025-06-12T00:53:57
4383,2025-08-18T11:16:20
9479,2025-05-17T01:41:05
15448,2025-06-06T05:04:17
1654,2025-05-04T01:48:51
11941,2025-10-11T09:58:05
9759,2025-10-21T04:17:06
15630,2025-07-09T19:59:04
16929,2025-02-23T03:00:43
10167,2025-05-25T11:48:56
5463,2025-08-23T20:56:54
4484,2025-06-27T05:13:21
214,2025-11-06T22:38:03.938858
1938,2025-07-07T18:57:06
11528,2025-04-05T07:48:56
18008,2025-09-21T07:19:35
6453,2025-08-17T23:39:41
4264,2025-09-30T08:21:28
313,2025-04-23T16:20:25
4619,2025-11-06T22:32:03.938893
16916,2025-04-02T05:35:32
16794,2025-05-18T21:19:26
16109,2025-03-19T02:42:15
19869,2025-07-09T09:37:35
699,2025-02-11T23:44:45
1530,2025-07-05T12:33:46
15892,2025-05-27T05:47:36
1099,2025-10-25T00:51:56
17228,2025-11-06T22:32:03.938940
16542,2025-08-20T14:58:09
5149,2025-10-20T22:06:26
15622,2025-07-02T08:31:46
19929,2025-07-28T01:44:06
10549,2024-12-02T02:42:51
15978,2025-03-04T08:59:05
10988,2025-11-05T23:13:22
5188,2025-01-25T07:33:20
7712,2025-11-06T22:28:03.939011
1277,2025-04-10T12:37:55
1415,2025-06-26T09:56:51
4572,2025-11-04T07:34:27
16606,2025-09-13T14:18:19
14257,2025-04-04T17:21:47
11054,2025-08-28T03:00:43
10470,2025-06-13T15:28:12
2128,2025-01-02T17:09:41
18003,2025-01-20T06:07:31
8103,2025-08-31T12:42:11
17273,2025-01-04T14:04:09
6017,2025-05-05T19:22:41
2772,2025-01-06T07:27:01
8256,2025-01-10T05:39:21
390,2025-06-27T03:17:56
10788,2025-10-24T19:29:19
19491,2025-04-06T04:08:10
14785,2025-10-18T02:30:20
9319,2025-08-01T18:57:04
3364,2025-02-13T11:42:17
12091,2025-06-19T10:37:33
1168,2025-01-17T17:58:25
17735,2025-08-26T13:29:25
9353,2025-10-02T01:22:47
9887,2025-09-18T01:07:41
10368,2025-08-09T17:47:39
15286,2025-04-20T13:45:21
13003,2024-12-05T14:37:19
19024,2025-01-30T08:49:47
7364,2025-07-15T19:16:47
17035,2025-08-29T21:00:33
6878,2025-11-06T22:43:03.939212
7325,2025-02-19T11:57:35
6654,2025-04-03T23:17:02
9700,2025-02-23T13:16:41
6182,2025-02-10T05:11:22
19938,2025-02-01T08:27:26
686,2025-07-06T15:36:21
3985,2025-03-03T22:35:47
17389,2025-10-11T08:50:44
6783,2025-05-02T12:26:20
3914,2025-02-10T14:48:58
8609,2025-08-26T05:16:12
18903,2025-06-05T02:09:03
11158,2025-08-19T11:44:42
6286,2025-01-14T22:59:24
6095,2025-07-16T01:25:50
16302,2025-04-15T01:19:20
15161,2025-01-22T23:15:20
5813,2025-03-28T12:00:04
7878,2025-11-06T22:33:03.939308
16027,2025-11-06T22:01:03.939316
16528,2025-09-12T08:08:08
8154,2025-04-25T02:51:02
5512,2025-06-28T09:18:33
3329,2025-08-23T16:57:19
7595,2025-08-06T15:32:05
4266,2025-06-14T16:58:58
3484,2024-12-29T22:22:21
5176,2025-02-12T13:50:11
3881,2025-03-10T22:50:26
15510,2025-07-06T08:02:46
13668,2024-12-25T11:18:40
9843,2025-03-29T00:16:54
10863,2025-01-24T21:03:34
11590,2025-09-08T21:19:22
2572,2025-07-22T03:46:29
11662,2025-08-10T05:51:30
1817,2025-08-27T19:56:01
8023,2025-03-06T19:29:37
15704,2025-09-30T19:19:36
12781,2025-07-30T05:55:03
16151,2025-05-22T21:38:48
416,2025-02-11T08:55:07
5709,2025-08-25T19:53:14
13835,2025-11-02T10:49:23
12794,2025-10-05T07:00:25
3779,2025-11-06T22:13:03.939447
8786,2025-11-06T22:57:03.939455
17546,2025-05-10T13:17:56
15236,2025-02-19T13:22:26
4190,2025-01-13T07:02:27
9533,2025-07-11T23:52:44
17703,2025-05-22T22:26:12
15063,2025-03-27T12:35:41
6389,2025-02-05T22:05:04
17354,2025-01-27T08:36:26
7814,2025-02-23T03:08:01
8868,2025-06-30T15:20:37
5205,2025-06-09T22:25:43
15309,2025-01-10T03:58:47
5716,2025-07-21T18:49:09
10129,2025-11-06T22:18:03.939527
11135,2025-01-29T05:27:37
17442,2025-09-16T23:51:30
11690,2025-11-06T22:22:03.939669
11356,2025-04-17T06:48:51
13832,2025-02-12T15:53:04
17341,2025-04-01T12:09:08
858,2025-04-15T16:04:03
13209,2025-07-18T13:29:17
12941,2025-08-13T03:19:24
10006,2025-10-08T23:03:25
13920,2025-05-22T21:26:12
16598,2025-07-31T02:03:42
3218,2024-12-09T07:17:17
962,2025-10-29T20:08:33
3518,2025-10-24T13:13:46
15954,2025-03-17T12:12:38
12266,2025-04-07T23:13:31
3965,2025-09-04T16:23:37
11312,2025-07-13T15:40:53
11607,2025-10-12T11:06:38
9809,2025-08-05T15:22:00
12577,2025-08-16T11:07:43
13112,2025-05-17T13:20:55
7446,2025-10-13T16:54:10
11794,2025-06-27T08:10:27
12172,2025-01-22T22:05:51
8656,2025-01-08T13:35:34
16175,2025-07-25T04:49:16
12324,2025-05-15T22:56:44
827,2025-10-08T08:02:46
2603,2025-02-04T03:19:21
3841,2025-08-11T18:58:14
19319,2025-10-23T05:32:43
13863,2025-09-07T19:39:28
9134,2025-11-06T22:21:03.940075
3134,2025-04-02T15:30:08
18304,2025-08-09T09:40:32
10176,2025-02-27T11:53:09
12801,2025-01-08T12:30:13
14432,2025-02-21T10:45:33
19426,2025-06-11T18:17:17
17862,2025-04-06T11:56:21
16152,2025-03-11T06:47:46
14271,2025-06-30T10:26:38
11238,2024-12-24T16:31:47
6168,2025-05-16T05:05:16
312,2025-03-28T22:22:11
7709,2025-02-01T15:31:42
15945,2025-09-22T13:28:39
2791,2025-02-11T00:10:21
13090,2025-01-21T00:53:38
17742,2025-10-06T14:12:22
7330,2025-04-07T04:28:49
3698,2025-03-02T02:48:37
8886,2025-11-06T22:50:03.940230
14870,2025-11-02T10:19:56
8562,2025-06-23T12:30:09
3088,2025-01-27T12:38:24
5039,2024-12-26T06:35:33
17508,2025-09-05T22:51:24
14771,2024-12-07T02:09:58
7757,2025-06-14T15:55:37
4328,2025-03-05T10:17:33
14999,2025-07-27T23:57:19
16287,2025-01-17T09:45:15
8746,2025-02-12T01:11:15
8086,2025-07-16T14:48:15
1939,2025-11-06T22:03:03.940299
16038,2025-08-28T15:16:21
14425,2025-03-16T18:10:24
4869,2025-03-24T08:09:07
10123,2025-03-30T11:53:35
9684,2025-08-26T13:18:20
4975,2025-10-11T20:06:44
14608,2025-01-19T04:12:05
36,2025-07-08T10:31:20
6862,2025-07-08T00:05:55
7230,2025-07-06T03:06:47
13838,2025-02-06T19:04:33
4208,2024-12-22T13:17:57
10046,2025-08-16T11:25:58
16228,2025-09-08T08:20:00
19420,2025-07-17T22:10:52
2533,2025-11-06T22:36:03.940383
6025,2025-09-19T07:10:01
5507,2025-01-11T10:13:40
17070,2025-09-12T08:17:21
14345,2025-01-23T06:08:19
15601,2025-10-07T06:03:09
19839,2025-06-23T21:07:43
1316,2025-09-26T10:09:22
7647,2025-03-21T22:34:35
18152,2025-11-06T00:19:16
14179,2025-11-06T22:32:03.940436
7008,2025-11-06T22:17:03.940445
12951,2025-07-14T01:19:48
1616,2025-11-06T22:42:03.940458
13374,2025-10-12T05:15:26
18533,2025-07-22T00:14:53
10125,2025-02-06T14:31:48
9802,2025-10-31T20:33:53
11805,2025-10-13T07:59:11
6308,2025-11-06T22:57:03.940491
8163,2025-05-13T09:11:52
5929,2025-11-06T22:49:03.940504
19638,2025-03-09T09:08:31
18716,2025-09-27T08:56:37
17330,2025-05-12T00:33:41
3534,2025-07-08T03:50:49
18738,2025-11-04T10:03:04
3053,2025-10-12T07:51:03
6697,2025-07-03T05:29:47
4125,2025-09-08T03:55:08
14387,2025-04-30T22:58:35
18938,2025-01-10T02:14:21
8312,2025-07-08T09:23:03
4934,2025-01-07T18:24:56
6973,2025-03-26T18:03:28
11410,2025-01-03T09:07:19
11487,2024-12-06T14:29:03
8727,2025-09-14T09:55:59
17229,2025-02-14T23:33:25
4421,2025-01-31T10:06:07
4050,2025-10-12T01:12:18
3646,2025-11-06T22:51:03.940606
13524,2025-05-19T23:14:42
5048,2025-01-05T11:48:21
8423,2025-10-25T07:37:41
10900,2025-05-21T01:05:37
2987,2025-04-17T04:35:30
7214,2025-07-14T10:05:26
7594,2025-09-14T00:51:24
1828,2025-03-10T05:55:24
10650,2025-06-09T00:25:16
1980,2025-10-08T17:51:07
3645,2025-02-11T05:45:07
2555,2025-03-05T08:39:08
15218,2025-09-06T00:31:10
5798,2025-01-18T18:05:39
4603,2025-01-19T09:51:52
14132,2025-08-30T15:23:10
15148,2025-09-27T10:38:06
14504,2025-07-06T16:54:37
18889,2025-05-13T14:41:40
5882,2025-09-12T16:28:32
17988,2025-04-16T00:29:52
7109,2025-08-17T16:28:22
15449,2025-11-04T19:58:08
19337,2025-04-19T19:46:56
16892,2025-11-06T22:06:03.940733
3,2025-01-18T11:23:36
16627,2025-07-19T13:12:51
1512,2025-11-06T22:12:03.940751
15615,2024-12-04T06:34:27
12111,2025-04-05T14:23:04
12355,2025-01-16T10:36:02
3276,2025-03-28T07:33:34
8016,2025-11-04T10:11:15
10890,2025-06-18T12:14:30
8907,2025-07-27T17:48:29
3143,2024-12-05T08:25:34
9653,2025-02-03T01:37:06
5912,2025-05-10T02:29:00
14102,2025-05-28T02:17:19
14443,2025-10-18T12:34:29
4370,2025-10-18T22:47:07
7695,2025-07-17T15:52:54
18773,2024-12-06T14:13:03
14426,2025-07-07T01:10:45
8708,2025-10-03T20:24:38
2584,2025-06-20T21:24:39
10384,2025-01-08T04:34:00
11527,2025-01-04T02:06:54
9555,2025-02-20T06:37:49
2989,2025-03-10T12:36:43
10936,2025-07-29T13:21:47
1150,2025-08-03T07:18:33
10590,2025-10-27T11:19:32
11295,2025-03-18T05:52:18
8657,2025-11-06T22:04:03.940887
18405,2025-05-28T22:20:31
11583,2025-11-06T22:20:03.940900
18479,2025-08-14T18:08:47
8910,2025-07-08T11:47:17
6333,2025-07-25T20:04:51
893,2025-06-18T04:42:17
16864,2025-09-25T04:08:12
13,2025-02-13T07:21:44
13810,2025-02-02T18:13:42
7030,2025-01-03T17:06:27
17386,2025-06-03T01:48:58
11416,2025-11-06T22:23:03.940952
5715,2025-05-05T14:10:04
12307,2025-06-13T06:39:42
1123,2025-11-06T22:29:03.940977
11938,2025-11-06T22:09:03.940985
6732,2025-03-31T20:12:49
14215,2025-08-26T01:45:57
8299,2025-05-26T03:35:50
15726,2025-01-22T20:32:49
18834,2025-04-14T10:57:28
1480,2025-09-26T23:30:32
5996,2025-01-28T07:08:07
16532,2025-09-30T22:15:04
643,2025-09-25T05:45:45
8179,2025-08-21T10:27:11
2692,2025-06-08T13:23:49
5244,2025-04-26T02:50:14
4339,2024-11-15T19:49:35
13492,2025-01-08T18:26:14
7611,2025-08-02T20:21:18
4776,2025-11-06T22:04:03.941064
428,2025-02-27T08:47:48
9157,2025-01-17T07:39:41
18129,2025-10-17T15:11:09
4334,2025-09-16T23:50:41
2760,2025-02-10T02:52:52
7456,2025-07-17T21:28:38
8370,2025-11-04T18:26:46
6670,2025-07-18T01:57:45
3074,2025-06-06T02:29:38
7183,2025-07-07T05:05:58
13905,2025-10-01T16:42:51
16940,2025-01-05T02:29:30
3984,2025-08-13T04:55:51
11359,2025-11-06T22:47:03.941125
1533,2025-01-06T00:15:53
15026,2025-05-21T00:04:38
16474,2025-06-09T16:49:45
15357,2025-08-15T23:37:18
14265,2024-12-30T02:18:40
5472,2025-01-12T19:26:32
7173,2025-10-07T15:24:28
5435,2025-03-30T10:42:52
5042,2025-10-22T21:38:18
2198,2025-02-08T02:00:48
12103,2025-03-31T00:13:48
8924,2025-02-15T00:00:53
19540,2025-10-17T03:22:09
12259,2024-12-26T14:54:09
200,2025-11-06T22:42:03.941264
8800,2025-02-03T11:25:32
6953,2025-11-06T22:09:03.941275
5831,2025-09-24T02:22:36
9422,2025-04-21T11:42:39
3316,2025-09-20T15:52:37
14693,2025-06-11T14:56:12
8555,2025-09-20T05:09:31
4750,2025-06-14T19:02:34
13498,2025-10-10T21:01:54
13986,2025-02-19T03:13:56
16304,2025-07-17T05:57:42
9710,2025-05-19T17:29:54
16443,2025-01-31T11:50:23
12065,2025-07-18T18:31:29
1457,2025-02-16T23:30:52
13243,2025-08-05T21:39:58
7031,2025-02-24T05:42:09
5649,2025-10-01T08:18:51
14019,2025-01-11T04:59:16
15721,2025-09-02T06:36:29
18507,2025-04-06T19:12:14
4513,2025-04-04T07:02:13
7077,2025-03-26T14:01:12
5292,2025-04-26T00:04:34
5427,2025-07-02T02:14:45
1181,2025-03-21T13:23:22
1789,2025-11-06T22:43:03.941384
15589,2025-06-12T20:55:33
6830,2025-07-13T16:48:46
8683,2025-03-14T04:06:13
13412,2025-05-11T20:38:08
8960,2025-02-16T23:24:41
17108,2025-08-11T19:05:55
4899,2025-04-04T23:28:03
9041,2025-03-15T01:27:19
18848,2025-09-18T03:55:32
11441,2025-04-21T16:57:47
13709,2025-10-04T07:28:55
17654,2025-04-21T17:49:43
4439,2025-07-26T02:48:49
1327,2024-12-26T18:50:55
3503,2025-07-19T03:53:22
16733,2025-11-06T22:18:03.941454
15948,2025-04-30T23:22:03
16238,2025-05-29T18:51:39
12330,2025-02-08T17:06:07
10101,2025-02-15T21:42:44
13043,2025-11-06T22:51:03.941477
11825,2025-05-31T07:33:11
15178,2025-03-18T13:56:13
16467,2025-08-22T10:13:15
13563,2025-08-05T04:02:50
10113,2025-09-19T19:18:42
2755,2025-11-06T22:58:03.941505
595,2025-03-15T18:31:42
18379,2025-01-09T21:35:09
15500,2025-01-03T10:08:28
7209,2025-07-31T22:55:13
17464,2025-02-15T13:59:17
15591,2025-02-05T19:12:19
12098,2025-07-18T06:45:48
3950,2025-03-19T16:27:40
12460,2025-09-27T06:28:36
1343,2025-10-02T19:43:11
19608,2025-03-23T11:43:32
1904,2025-07-03T16:17:58
10976,2025-11-06T22:36:03.941563
9488,2025-04-28T15:57:38
11300,2024-12-19T15:04:41
1111,2025-06-16T03:12:56
14321,2025-02-12T12:27:10
16223,2024-12-17T17:58:12
15412,2025-05-01T22:11:35
4251,2025-10-31T03:57:01
8606,2025-03-17T18:43:59
10525,2025-11-04T03:40:10
15755,2025-04-14T06:03:14
14533,2025-08-16T19:10:42
12567,2025-06-03T05:09:02
2485,2025-05-24T18:42:35
19847,2025-05-17T13:52:10
4766,2025-10-07T02:27:49
6048,2025-01-11T12:01:12
7339,2025-11-06T22:58:03.941655
3903,2024-12-12T00:33:34
14682,2025-05-01T08:12:42
14012,2025-10-29T17:23:40
1612,2025-06-25T01:52:53
12050,2025-11-06T22:30:03.941680
16155,2025-01-07T10:22:47
5347,2025-01-24T19:03:21
6395,2025-10-14T02:35:05
19251,2025-06-04T19:00:12
7393,2025-11-06T22:18:03.941720
5207,2025-08-14T20:01:36
11458,2025-07-13T08:25:33
8651,2025-04-21T03:19:04
6156,2025-02-18T12:32:10
231,2024-12-17T06:04:01
11052,2025-01-09T12:55:55
6767,2025-08-25T13:04:33
17123,2025-09-04T15:53:28
2766,2025-11-03T15:24:34
11305,2025-03-15T10:26:33
2208,2025-04-02T23:23:44
16819,2025-11-06T22:29:03.941775
17733,2025-10-08T14:56:22
16076,2025-05-10T22:14:16
15217,2025-08-14T13:44:29
5584,2025-10-01T21:18:43
3968,2025-11-06T22:30:03.941807
7127,2025-03-22T20:36:55
11139,2025-07-09T05:58:40
6237,2025-07-19T19:07:15
16082,2025-01-27T12:37:36
7145,2025-05-31T11:17:31
17687,2025-05-30T20:47:30
11771,2025-06-13T07:49:51
64,2025-01-18T22:50:42
3572,2025-07-04T04:12:27
3963,2025-09-27T19:16:49
4532,2025-07-13T07:39:45
19252,2025-02-11T18:39:35
5061,2025-04-14T16:56:45
19084,2025-05-13T11:23:40
16843,2025-03-05T05:15:53
12918,2025-11-06T22:08:03.941917
12194,2025-04-08T16:02:47
13830,2025-06-30T22:39:28
5903,2025-07-09T15:35:06
16315,2025-02-08T14:55:29
8452,2025-07-24T13:14:30
15718,2025-11-03T07:40:32
8837,2025-09-04T19:39:19
3528,2025-04-12T08:05:56
6410,2025-04-17T05:56:49
7065,2025-05-17T04:11:41
14485,2025-09-02T17:16:09
8805,2024-12-22T10:32:05
6938,2025-11-06T19:31:28
9863,2025-06-14T00:33:30
18870,2025-03-26T23:55:36
8752,2025-08-08T17:29:30
735,2025-06-29T10:51:38
5627,2025-03-09T04:17:13
3494,2025-05-17T16:37:14
14655,2025-06-28T08:10:42
16217,2025-03-03T16:33:45
6996,2025-05-15T08:22:33
1011,2025-01-15T09:21:25
1719,2025-06-01T10:09:19
19969,2025-07-07T02:59:58
10618,2025-06-12T03:59:05
13987,2025-08-14T06:56:20
7634,2025-02-12T09:55:43
3091,2025-09-23T12:55:10
5119,2025-11-06T22:21:03.942086
7112,2025-03-13T23:07:28
14409,2025-09-09T21:52:33
11417,2025-02-19T13:37:36
18485,2025-07-18T07:00:36
10020,2025-10-14T00:31:43
7926,2025-02-08T16:22:38
15801,2025-06-26T15:04:22
7784,2025-04-28T09:12:35
17630,2025-03-01T10:22:42
18979,2025-10-09T17:46:57
17466,2024-12-15T03:45:26
15639,2025-06-05T22:24:42
4105,2025-11-06T22:33:03.942145
3636,2025-08-21T20:11:32
19259,2025-04-11T02:49:53
8239,2025-09-08T23:59:14
1773,2025-08-05T20:35:15
3772,2025-08-27T10:42:38
3376,2025-11-06T22:52:03.942174
8240,2025-08-17T16:12:26
1847,2025-08-17T10:08:20
14218,2025-05-22T21:32:39
18683,2025-11-06T22:30:03.942202
14402,2024-11-14T03:04:17
1742,2025-10-19T11:53:22
1784,2025-08-18T14:53:09
12562,2025-08-22T01:06:04
11880,2025-01-14T04:20:53
17283,2025-04-02T18:31:35
8547,2025-06-07T13:20:20
3647,2025-01-02T01:47:31
8919,2025-07-16T16:20:09
8673,2024-12-09T08:32:24
9060,2025-06-05T19:02:12
7711,2025-08-09T17:04:30
13798,2025-11-06T22:41:03.942325
19490,2025-09-01T04:17:32
7955,2024-12-20T01:38:44
16052,2025-11-06T22:43:03.942353
2703,2025-11-06T21:59:03.942365
15277,2025-05-02T08:09:56
846,2025-02-21T01:54:05
13061,2025-01-30T06:51:31
9905,2025-05-24T19:29:23
12686,2025-02-05T03:13:46
19906,2025-02-03T23:03:55
4005,2025-09-30T04:49:49
15010,2025-06-29T19:43:18
10511,2025-08-24T21:33:36
15800,2025-07-31T12:54:23
13443,2025-06-06T03:32:53
10578,2024-11-30T14:17:07
18391,2025-10-08T03:22:32
16823,2025-03-17T20:15:35
1482,2025-07-22T02:15:35
12863,2025-03-12T14:11:35
8726,2025-10-24T23:34:10
1670,2025-01-17T10:59:35
19146,2025-11-06T22:39:03.942500
8172,2025-05-19T11:30:57
4604,2024-12-21T07:09:43
18955,2024-12-24T13:16:47
14126,2025-06-14T02:32:04
2914,2025-04-22T21:58:54
10480,2025-02-10T18:56:17
2403,2025-02-19T21:06:51
8772,2025-02-27T08:48:17
6559,2025-03-24T15:26:15
6175,2025-01-20T20:40:45
4904,2025-05-09T21:34:10
18150,2025-05-30T23:58:40
12484,2025-11-06T22:00:03.942951
6079,2025-06-15T23:13:06
14497,2025-01-14T03:59:37
4573,2025-09-21T10:41:55
8272,2025-06-11T22:43:05
5436,2025-10-20T08:08:54
637,2024-12-19T08:15:58
12134,2025-03-24T19:21:10
9364,2025-01-28T14:10:40
8706,2025-10-30T11:19:13
16130,2025-08-05T15:50:40
11206,2025-09-12T13:43:34
6739,2025-10-10T03:38:35
16965,2025-10-16T10:06:36
442,2025-04-16T23:15:33
11380,2025-05-07T08:21:49
5260,2025-07-24T20:13:02
16925,2025-04-22T07:48:41
7319,2025-10-01T07:02:50
5165,2025-06-21T11:15:25
13329,2025-11-06T22:44:03.943052
2123,2025-05-25T15:28:54
1355,2025-07-29T01:12:27
3375,2025-08-26T07:43:35
3691,2025-05-05T18:35:52
10325,2025-11-06T22:05:03.943161
1462,2025-08-26T08:39:03
4811,2025-01-22T01:38:15
9430,2025-08-27T01:26:26
8743,2025-02-22T23:25:56
12462,2025-02-10T15:51:59
8477,2025-04-17T23:55:52
16003,2025-08-03T09:08:04
18182,2025-03-07T00:23:13
5383,2025-05-26T01:19:06
8110,2024-11-25T02:45:29
19181,2025-01-28T15:39:51
12276,2025-01-24T22:18:27
7053,2025-10-22T06:34:15
13621,2025-02-01T02:24:38
14983,2025-05-14T06:17:36
113,2025-07-19T17:28:11
10956,2025-01-13T02:20:52
14509,2025-09-08T13:02:11
16252,2024-11-26T08:03:57
4423,2025-03-07T09:32:06
11358,2025-11-06T22:32:03.943512
2998,2025-01-22T23:27:23
2556,2025-05-27T01:04:03
16792,2025-04-17T18:04:14
14360,2025-05-19T05:27:11
7766,2025-07-14T11:45:23
3164,2025-11-06T22:57:03.943597
13803,2025-05-17T16:39:45
7042,2025-03-14T15:30:25
2736,2025-03-31T11:49:03
3488,2025-07-20T00:31:02
10074,2025-01-27T16:16:56
2588,2025-04-18T17:04:22
993,2025-10-28T16:28:54
11737,2025-03-02T03:32:27
6220,2025-05-21T14:40:26
8967,2025-07-22T01:11:46
2959,2025-03-04T19:05:53
14181,2025-07-03T17:08:32
13554,2024-12-16T00:14:18
10729,2025-06-06T06:31:33
4235,2025-03-11T17:41:36
7025,2025-05-05T02:24:59
3823,2025-09-04T22:55:51
90,2025-01-27T02:59:12
2162,2025-07-05T08:00:33
14508,2025-10-09T03:24:26
4658,2025-10-16T18:06:26
17471,2025-04-28T00:03:22
1989,2025-11-06T22:20:03.943940
9785,2025-07-07T02:10:54
1680,2025-09-10T05:32:37
12449,2025-05-07T00:05:27
18734,2025-01-17T03:40:26
15399,2025-02-09T07:21:56
833,2025-03-30T01:43:45
18859,2025-09-08T17:34:58
1409,2025-01-02T10:36:27
10150,2025-07-31T13:43:28
6224,2025-09-17T01:05:11
13790,2025-11-06T22:20:03.944008
19949,2025-11-06T22:49:03.944017
6516,2025-06-28T04:51:55
15641,2025-04-16T13:37:29
6550,2025-05-25T06:09:05
13559,2025-08-21T20:39:25
17486,2025-10-17T08:59:29
4890,2025-02-09T15:09:32
11577,2025-11-06T22:39:03.944056
15812,2025-08-20T11:12:53
9656,2025-10-27T18:46:31
8539,2025-09-26T00:31:29
3355,2025-04-11T02:40:47
17193,2025-04-21T08:09:29
6244,2025-11-06T22:26:03.944088
13824,2025-07-21T17:18:56
5597,2025-10-09T17:45:36
19811,2025-08-13T01:22:21
17957,2025-09-28T04:38:47
19103,2025-01-11T05:00:16
4281,2024-12-29T16:06:06
18691,2025-02-25T03:11:16
11918,2025-02-15T17:55:52
3472,2025-07-24T09:05:01
9269,2025-09-20T21:44:38
13613,2024-12-02T11:49:16
1223,2025-11-06T22:23:03.944167
8773,2025-11-06T22:24:03.944175
5566,2025-07-01T13:31:55
3511,2025-07-30T10:38:24
13292,2025-02-08T05:32:19
14745,2025-07-18T12:42:47
266,2025-09-20T00:45:14
15700,2025-03-27T09:57:07
18853,2025-03-28T20:21:31
13116,2025-10-23T09:26:41
2007,2025-08-07T06:20:57
14272,2025-03-06T05:12:34
14266,2025-07-26T08:21:22
3933,2025-11-06T22:43:03.944258
3889,2025-10-18T03:00:49
5276,2025-07-21T20:07:44
15248,2025-10-10T00:22:39
10312,2025-05-23T01:33:30
17736,2025-03-05T08:52:43
11624,2024-12-05T22:06:14
8870,2025-05-13T00:19:56
1642,2025-02-09T22:40:44
2396,2025-02-21T05:46:44
11114,2025-05-30T14:57:12
17849,2024-12-04T17:17:54
13516,2025-02-06T03:40:17
1471,2025-11-06T22:05:03.944348
11437,2025-10-07T19:25:28
8079,2025-08-11T06:27:26
1712,2025-05-06T15:17:19
2016,2025-11-06T22:26:03.944382
16715,2024-12-30T13:10:29
1104,2024-12-28T03:06:19
14756,2025-02-01T03:22:39
15709,2025-06-04T19:54:51
11921,2025-08-01T02:55:44
8070,2025-07-15T10:41:58
4539,2025-10-21T07:42:03
18721,2025-11-06T22:38:03.944457
3469,2025-01-17T20:38:42
6331,2025-11-02T21:08:09
17712,2025-02-21T09:27:45
9706,2025-01-24T23:44:19
10435,2025-08-27T10:26:19
11352,2025-08-16T12:24:56
7520,2025-02-17T18:56:21
17771,2025-11-06T22:45:03.944526
13896,2025-07-23T08:00:15
14316,2025-09-26T02:27:23
5625,2025-05-15T12:34:08
7021,2025-01-07T09:08:25
6848,2025-02-23T23:11:55
2671,2025-10-08T06:48:04
8280,2025-02-16T00:32:41
7095,2025-11-06T22:06:03.944596
14025,2025-01-26T21:54:40
16807,2025-01-15T21:28:53
6646,2025-08-13T10:42:30
1231,2025-02-16T08:23:54
11454,2025-10-14T13:52:42
10440,2025-02-19T08:47:07
5662,2024-12-16T00:02:15
15113,2025-02-18T21:02:12
8747,2025-08-04T12:16:11
9995,2025-03-03T16:58:23
2927,2025-02-16T07:29:46
4549,2025-10-07T01:29:37
10478,2025-02-10T20:20:55
5327,2025-10-10T01:15:38
2995,2025-02-21T04:41:58
18467,2025-04-13T14:26:43
1312,2025-06-06T03:37:50
10554,2025-10-15T22:10:33
19547,2025-01-03T13:18:49
13647,2025-10-28T01:21:13
10247,2024-11-18T01:39:08
2882,2025-04-24T03:22:49
14659,2025-01-24T17:23:03
18851,2025-10-26T06:13:43
3520,2025-11-06T22:27:03.944751
6170,2025-10-12T06:37:35
12826,2025-03-07T14:06:39
3471,2025-04-01T00:52:11
16182,2025-01-06T05:21:13
13342,2025-07-21T04:34:14
7439,2025-03-12T19:18:51
10029,2025-05-16T16:06:42
6734,2025-01-25T02:08:01
18585,2025-01-04T19:22:10
9080,2025-10-20T18:01:17
13934,2025-02-05T23:23:14
10153,2025-09-07T16:39:04
6186,2025-05-05T14:22:44
7113,2025-11-06T22:42:03.944839
14332,2025-06-05T13:16:15
1470,2024-12-09T05:54:38
15732,2025-02-23T14:23:15
11374,2024-12-22T15:32:41
3267,2025-10-17T16:21:21
7313,2025-08-30T18:11:02
19497,2025-06-14T15:47:32
15864,2025-11-01T12:47:58
15419,2025-02-17T11:49:24
13438,2024-12-05T21:20:54
1283,2025-02-06T13:38:38
5312,2025-06-10T02:45:07
3955,2025-10-29T21:16:00
10389,2025-02-04T18:39:25
1354,2025-10-11T23:02:16
8603,2025-05-09T02:58:47
10239,2025-11-04T01:14:53
10375,2025-10-15T02:20:14
15757,2025-04-16T16:29:47
3165,2025-07-08T20:24:14
8935,2025-08-05T19:20:13
2668,2024-11-29T08:40:01
10928,2025-04-13T18:05:58
11967,2024-12-12T18:28:15
18779,2025-02-03T08:34:36
282,2025-06-22T18:59:13
6766,2025-03-28T06:43:15
13629,2025-10-29T16:57:40
9965,2025-03-28T09:35:00
10829,2025-04-25T02:59:13
12107,2025-11-06T22:58:03.945023
764,2025-09-03T19:38:22
19874,2025-09-27T14:20:04
1193,2025-04-02T17:00:01
237,2025-02-07T00:16:36
2159,2024-12-15T07:53:33
16424,2025-08-18T16:31:03
13654,2025-02-07T09:41:06
1108,2025-02-19T11:07:37
17179,2025-03-21T15:20:51
15478,2025-09-03T21:46:49
8014,2025-09-15T21:52:48
1040,2025-05-07T13:08:48
1422,2025-05-25T23:40:24
19998,2025-11-06T22:26:03.945118
642,2025-08-02T10:39:50
18678,2025-04-30T11:58:10
8025,2025-09-08T08:53:02
6490,2025-02-19T00:19:45
1570,2025-08-09T22:19:14
14245,2024-12-03T22:57:50
7167,2025-09-10T03:47:41
14968,2025-09-30T02:41:34
13670,2025-07-01T07:32:24
10331,2025-06-19T07:29:30
16663,2025-09-29T14:04:33
11432,2025-11-06T22:37:03.945187
2058,2025-07-27T22:21:10
17230,2025-05-06T08:02:16
13099,2025-04-04T06:56:33
17025,2025-04-19T05:23:20
394,2025-03-07T01:52:21
18068,2025-10-15T07:26:14
3711,2025-10-23T04:50:01
19220,2025-08-08T10:17:19
14255,2025-10-13T11:08:51
489,2025-03-28T18:34:41
9259,2025-06-08T02:49:00
19400,2025-04-09T16:14:23
320,2025-02-02T20:29:52
13453,2025-07-05T18:07:40
10600,2025-02-24T17:16:01
12332,2025-07-21T19:26:41
1824,2025-07-10T22:40:33
11372,2025-02-02T16:38:14
6681,2025-01-04T13:10:45
14926,2025-08-19T02:57:12
2437,2025-10-03T09:05:42
17421,2025-03-28T08:28:05
7177,2025-07-02T23:16:20
19953,2025-09-05T05:58:40
15775,2025-03-11T10:49:34
2133,2025-08-07T02:23:06
4212,2025-10-02T08:30:34
3005,2025-06-16T07:44:17
12642,2025-05-11T00:29:15
13001,2025-10-10T21:46:43
11959,2025-06-20T00:08:14
1405,2025-11-06T22:03:03.945453
2195,2025-06-24T22:49:14
4855,2025-03-12T05:50:58
9711,2024-12-26T05:03:40
16488,2025-10-25T21:37:32
8242,2025-06-12T11:13:04
5248,2025-08-10T14:48:58
15827,2025-11-06T22:15:03.945489
11357,2025-05-22T13:46:54
564,2025-08-14T23:31:50
19810,2025-02-17T13:54:03
10025,2025-02-24T10:25:55
5952,2025-02-13T15:30:15
13557,2025-10-31T23:01:46
1794,2025-06-24T01:07:44
4666,2025-04-17T12:02:56
10498,2025-11-01T07:32:39
18968,2025-03-13T03:41:09
16566,2025-03-29T18:56:53
9322,2025-02-18T15:15:29
12199,2025-03-24T19:10:30
15744,2025-11-06T22:44:03.945566
7427,2025-02-25T05:05:42
323,2025-05-15T11:04:48
2580,2025-07-25T06:33:55
13214,2025-01-18T09:05:27
12672,2025-10-26T01:34:15
13392,2025-08-10T21:12:23
1543,2025-11-06T22:15:03.945604
18996,2025-04-30T21:43:17
8035,2025-03-30T13:27:43
10146,2025-11-06T22:15:03.945622
6579,2025-03-25T12:47:22
12431,2025-04-26T21:04:39
8579,2025-01-24T08:28:20
10811,2025-03-02T12:11:55
3252,2025-02-15T02:25:46
8799,2025-05-14T01:29:56
16440,2025-05-28T15:02:27
13185,2025-11-06T22:58:03.945691
4579,2025-08-10T12:45:58
15902,2025-07-11T05:40:14
11367,2025-06-28T15:49:46
1996,2025-07-25T22:02:32
19862,2025-02-04T09:00:56
9439,2025-09-23T10:42:46
19673,2025-08-08T21:18:20
5818,2025-09-11T08:15:25
19521,2025-04-02T19:31:19
17461,2025-11-06T22:41:03.945757
10366,2025-06-16T07:58:14
14616,2025-09-09T11:55:38
9120,2025-07-07T05:52:12
6598,2025-05-27T22:09:25
6706,2025-07-10T05:41:19
14340,2025-01-27T22:16:57
8002,2024-12-24T21:15:14
5146,2025-01-27T00:10:41
14850,2024-12-29T05:23:17
8839,2025-09-07T23:02:37
14544,2025-07-25T06:42:05
182,2025-01-29T03:46:07
6065,2025-09-17T17:52:17
17194,2024-12-22T12:11:05
13358,2025-02-07T04:46:40
1068,2025-09-19T13:49:35
12190,2025-08-08T01:04:12
6754,2025-05-02T20:09:09
3712,2025-06-11T10:17:18
18468,2025-07-24T21:41:21
16119,2025-02-12T04:54:53
18361,2025-07-18T07:14:07
1900,2025-10-07T09:59:53
6705,2025-06-02T18:09:42
17098,2024-11-23T08:16:21
6022,2025-06-02T18:08:55
19787,2025-09-13T20:53:05
5425,2025-06-03T20:48:30
9174,2025-01-02T08:09:28
7181,2025-04-28T19:58:57
6667,2025-07-13T20:32:22
7562,2025-11-06T22:18:03.945979
10872,2025-03-09T08:16:00
13044,2025-02-23T10:31:47
5055,2025-10-15T19:26:18
13386,2025-10-09T11:52:08
67,2024-12-27T23:43:22
12650,2025-08-06T20:21:19
19160,2025-02-16T13:11:34
17064,2024-12-30T15:59:05
19729,2025-05-26T02:28:14
14342,2025-11-06T22:38:03.946144
15013,2025-03-23T21:29:27
14037,2025-01-27T22:44:05
10371,2025-03-03T20:24:00
15771,2025-03-02T12:56:55
16128,2025-01-25T00:53:47
13316,2025-05-24T21:08:17
3238,2025-08-25T08:36:09
3123,2025-10-13T01:21:39
1033,2025-04-10T17:01:41
2627,2025-07-13T00:57:12
17782,2025-10-21T02:40:28
336,2025-01-21T13:22:15
14079,2025-07-20T18:36:09
14595,2025-10-27T06:12:38
13649,2025-11-06T22:11:03.946269
17969,2025-02-08T19:09:52
255,2025-03-08T06:14:22
13267,2025-10-13T15:25:32
10921,2025-05-18T22:49:00
8069,2025-07-05T17:15:48
18508,2025-01-13T19:35:33
2122,2025-11-04T06:37:10
5407,2025-02-02T23:33:04
9275,2025-01-18T14:18:13
9952,2025-02-22T01:52:01
13480,2025-01-20T21:44:21
3935,2024-11-15T15:40:14
4338,2024-12-27T08:00:46
18981,2025-02-25T18:42:36
16421,2025-04-11T22:52:30
6343,2025-04-28T10:40:10
8511,2025-04-05T14:00:19
5017,2025-09-30T04:48:42
13414,2025-04-25T00:11:02
10059,2025-05-28T20:46:39
2060,2025-02-13T13:15:32
3096,2025-05-13T18:50:20
18194,2024-12-23T05:53:39
17239,2024-12-29T08:12:54
4474,2025-04-25T02:10:44
5125,2025-07-28T23:49:57
527,2025-05-17T08:40:41
17941,2025-09-03T03:50:58
4528,2025-09-16T17:23:23
15086,2025-03-24T20:17:19
6148,2025-07-30T00:48:14
9614,2025-02-09T05:08:29
12887,2025-06-11T05:47:59
3943,2025-03-27T10:03:23
4642,2025-03-27T11:09:52
11427,2025-02-16T20:50:20
13025,2025-11-06T21:01:17
4076,2025-03-13T01:44:35
1376,2025-09-01T20:34:44
6977,2025-09-07T03:24:35
8460,2025-05-01T23:47:18
19899,2025-06-17T02:25:21
14563,2025-09-15T23:59:06
17887,2025-04-10T21:07:18
7072,2025-08-06T18:40:58
12041,2025-02-14T18:42:08
2733,2025-01-27T09:00:55
17935,2025-04-01T15:59:51
14829,2025-04-16T16:09:13
15439,2024-12-23T16:30:38
8740,2025-02-17T06:35:28
16222,2025-06-24T02:31:55
10660,2025-07-22T19:19:46
14722,2025-07-11T01:36:48
19120,2025-08-15T17:02:17
18441,2025-01-31T02:34:29
17057,2025-11-06T22:58:03.946577
16941,2025-11-06T22:01:03.946588
15778,2025-05-21T08:29:37
9450,2025-07-16T06:46:24
19250,2025-06-15T13:37:14
15621,2025-07-03T14:32:50
9287,2025-11-02T09:53:13
111,2025-04-19T09:27:58
7182,2025-08-06T10:52:37
15747,2025-04-11T04:08:47
18328,2025-05-18T10:52:14
13396,2025-11-06T22:21:03.946643
4227,2025-05-22T18:34:51
15866,2025-08-22T03:43:36
4683,2025-05-04T11:44:20
14958,2025-08-07T02:47:00
3448,2025-11-02T23:37:07
1944,2025-05-18T20:23:44
4705,2025-05-25T16:42:34
12749,2025-06-24T21:18:59
17160,2025-11-06T22:31:03.946701
16727,2025-03-28T23:19:26
7674,2025-09-02T10:00:44
379,2025-03-16T06:23:57
7579,2025-01-18T18:44:39
11155,2025-08-25T13:07:06
9370,2025-05-28T13:31:47
2374,2025-11-06T22:04:03.946750
19539,2025-08-13T10:18:31
5161,2025-02-13T17:38:54
12555,2025-01-27T02:20:34
11991,2025-10-23T16:49:22
8722,2025-06-08T11:42:16
2492,2025-02-25T04:41:08
1360,2024-12-25T19:06:25
5045,2025-05-21T02:47:22
1158,2025-11-02T20:22:14
4321,2025-04-18T17:10:45
19683,2025-04-01T23:57:31
13634,2025-11-06T22:44:03.946880
19975,2025-08-15T10:39:24
7516,2025-01-21T16:28:16
15237,2025-06-06T11:49:19
12117,2025-03-05T05:54:20
13850,2025-11-06T22:01:03.946915
17470,2025-11-06T22:17:03.946927
9906,2025-09-30T10:22:09
13886,2025-03-04T22:19:46
11518,2025-08-06T11:23:58
5792,2025-03-18T07:13:13
4505,2025-11-06T22:35:03.946958
14268,2025-01-14T12:22:05
15663,2025-02-16T16:47:26
7406,2025-03-29T16:27:33
16380,2025-06-15T18:00:45
1876,2025-01-15T08:24:37
5132,2025-06-29T05:49:32
624,2025-03-20T12:56:43
16191,2025-03-12T00:25:09
6223,2025-09-27T02:34:48
2781,2025-09-01T16:52:41
8259,2025-11-06T22:19:03.947018
7256,2025-06-27T08:53:30
18819,2025-06-15T16:00:07
6456,2025-08-25T13:19:22
10391,2025-05-07T02:16:41
9601,2024-12-15T11:31:35
5700,2025-05-28T13:30:46
2585,2025-06-17T19:57:25
6524,2025-03-15T04:43:18
4999,2025-09-12T05:46:00
19159,2025-08-18T13:08:45
11302,2025-03-06T17:08:37
1270,2025-01-25T20:51:03
10417,2025-08-11T08:16:32
8471,2025-04-14T05:33:17
14728,2025-10-02T21:34:48
16427,2024-12-16T20:24:48
15132,2025-10-13T04:48:53
3454,2025-01-30T08:52:35
14599,2024-12-10T07:37:46
8394,2025-05-03T02:38:24
2426,2024-12-17T16:39:32
8211,2025-04-19T19:40:49
13167,2025-03-18T06:11:40
15505,2025-09-05T02:19:55
19947,2024-11-17T00:13:31
1891,2025-04-29T06:56:55
6311,2025-07-13T13:08:30
1821,2025-11-05T07:15:14
2433,2025-04-27T21:42:16
17058,2025-05-20T11:48:54
11927,2025-05-27T06:06:16
19714,2025-10-29T07:30:08
19935,2025-07-26T21:02:22
14582,2024-12-05T02:48:19
7349,2025-02-28T14:46:22
9679,2025-04-16T09:33:39
18658,2025-04-01T09:21:55
18667,2025-05-18T04:49:16
6119,2025-08-11T08:39:38
16136,2025-07-19T13:56:30
15502,2025-10-18T01:42:28
19887,2025-03-17T19:44:02
4914,2025-11-05T09:27:21
6062,2025-03-24T02:34:20
14615,2025-02-18T15:48:17
12956,2025-11-06T22:22:03.947334
8251,2025-02-09T02:01:50
19629,2025-04-28T12:57:58
12739,2025-08-05T16:13:17
13103,2025-04-21T00:13:40
14462,2024-12-24T17:08:02
3555,2025-08-19T15:51:17
17400,2025-09-07T00:15:50
478,2025-08-09T07:22:36
6378,2025-07-20T15:09:12
3731,2025-07-12T19:03:07
9720,2025-06-12T23:10:29
2064,2024-12-21T22:21:57
4950,2025-07-10T14:27:33
10186,2025-05-02T14:35:54
739,2025-06-12T00:06:34
865,2025-06-21T12:33:23
7038,2025-02-13T14:36:08
7382,2025-11-06T22:02:03.947464
15417,2025-06-03T14:56:28
4876,2025-08-02T11:22:29
16759,2024-12-11T16:09:37
17877,2025-10-17T15:16:17
14474,2025-09-09T08:02:49
3435,2025-06-10T19:22:28
6519,2025-08-03T23:14:56
17044,2025-08-02T00:13:56
10742,2025-10-12T16:31:29
12575,2025-05-14T07:51:28
18606,2025-06-16T03:58:48
3590,2025-04-17T11:30:32
1527,2025-03-21T02:49:07
6055,2025-01-14T22:23:01
4393,2025-06-25T23:11:39
12519,2025-06-24T10:19:28
1105,2025-03-05T14:27:01
3536,2025-05-08T06:27:43
4121,2025-06-20T23:21:03
7415,2025-02-18T06:27:09
13743,2025-10-26T04:43:50
13191,2025-05-02T08:42:52
3792,2025-11-06T22:30:03.947639
6417,2025-11-06T22:48:03.947650
11311,2025-10-22T17:53:07
5706,2025-08-26T17:40:38
17516,2025-10-20T06:23:11
16964,2025-10-06T20:28:03
15753,2024-12-14T20:48:37
3073,2025-09-12T00:41:52
16435,2024-11-30T04:09:05
10924,2025-08-04T02:22:22
19940,2025-11-06T22:17:03.947728
8718,2025-02-20T14:22:07
4418,2025-05-17T09:50:03
6277,2025-07-17T02:13:10
19709,2025-10-28T06:23:40
12351,2025-05-11T00:47:43
4242,2025-09-05T10:49:22
6722,2025-04-10T01:39:31
4567,2025-05-25T02:52:31
1289,2025-11-06T22:26:03.947789
4117,2024-11-21T04:02:49
8126,2025-11-06T22:53:03.947803
12706,2025-02-19T15:38:45
17336,2024-11-24T17:07:29
16134,2025-03-02T09:02:32
13121,2025-04-14T12:14:51
5295,2025-02-12T21:04:58
14567,2025-09-13T00:56:49
10844,2025-04-15T18:24:27
12898,2025-10-04T05:17:22
5447,2025-02-11T07:20:49
6958,2025-04-01T04:44:48
15586,2025-11-06T22:15:03.947882
14408,2025-09-04T05:13:19
10224,2025-08-08T08:31:41
19041,2025-05-29T22:50:14
9040,2025-02-08T11:32:12
13031,2025-02-22T09:23:08
1185,2025-01-08T16:03:58
13542,2025-07-08T00:57:19
6407,2025-02-22T19:49:10
9753,2025-05-03T04:57:29
19333,2025-04-26T10:37:17
11987,2025-03-27T15:29:57
7453,2025-09-27T12:50:51
3152,2025-06-10T04:12:39
4915,2025-03-10T10:31:24
9594,2025-05-08T15:06:35
6320,2024-12-11T12:03:17
13046,2025-04-13T02:51:45
6538,2025-05-25T21:36:56
10593,2025-06-17T00:33:25
2696,2025-05-12T03:02:41
11426,2025-02-14T02:36:42
362,2025-07-24T19:57:39
3076,2024-12-27T09:18:13
19149,2025-08-12T15:25:26
16921,2025-05-28T15:03:47
1515,2025-01-06T03:36:25
18521,2025-10-16T02:22:50
17522,2024-12-24T15:42:14
9766,2025-09-29T22:03:46
15137,2025-09-22T00:07:53
11761,2025-07-08T17:25:45
17365,2025-06-28T07:41:10
1621,2025-11-06T22:04:03.948135
1215,2025-03-23T05:26:40
8674,2025-03-02T15:21:16
414,2025-08-03T12:15:31
15131,2025-04-25T19:32:52
12020,2025-09-25T22:52:35
17408,2024-11-29T08:22:16
11995,2025-08-09T15:59:05
15256,2025-06-12T19:15:45
5106,2025-06-21T15:04:25
6291,2025-11-06T22:06:03.948355
1902,2025-08-15T12:16:00
817,2025-08-27T22:07:53
6465,2025-07-05T18:08:28
16560,2024-12-26T04:02:56
4457,2025-09-25T16:59:44
16344,2025-04-15T02:09:09
16035,2025-08-31T04:30:48
4576,2025-09-02T11:55:42
12320,2025-09-21T09:09:24
17978,2025-07-10T02:40:03
1835,2025-08-18T21:06:37
1804,2025-11-01T14:57:25
16791,2025-05-01T19:06:40
8789,2025-01-16T22:44:30
14351,2025-10-09T12:30:54
15069,2025-02-24T03:46:29
7312,2025-02-26T06:26:42
19758,2025-10-26T05:46:11
3024,2025-01-01T18:06:24
19551,2025-07-03T19:04:26
8393,2025-08-09T22:51:28
13734,2025-01-18T11:11:34
13933,2025-03-25T02:31:21
13385,2025-11-06T22:56:03.948531
6098,2025-01-31T14:15:48
9581,2025-07-01T15:23:29
8022,2025-09-04T22:38:09
14144,2025-02-26T04:10:14
12284,2025-11-05T17:24:00
19544,2025-02-20T12:31:38
718,2025-11-06T22:49:03.948571
12085,2024-11-23T05:59:34
7457,2025-11-05T01:42:43
13321,2025-10-01T02:49:50
16605,2025-04-24T19:09:27
429,2025-08-12T22:35:47
15825,2024-12-25T18:16:18
13791,2025-04-02T19:20:57
10249,2024-12-14T19:41:37
5480,2025-03-18T22:51:42
13461,2025-01-04T14:16:15
8680,2025-06-20T23:29:15
7479,2025-11-06T22:55:03.948646
19647,2025-09-17T07:23:04
2759,2025-07-17T23:41:47
9125,2025-10-30T22:45:59
3174,2025-11-06T22:14:03.948669
8779,2025-02-07T08:27:11
9566,2024-12-23T23:51:11
2889,2025-08-09T18:14:55
1800,2025-07-24T12:07:03
11572,2025-01-29T19:31:08
10990,2025-04-20T02:14:19
13470,2025-04-16T17:24:44
5746,2025-09-05T12:43:38
7600,2025-01-02T14:50:13
3254,2025-11-05T13:43:58
11490,2025-03-01T08:42:12
1037,2024-12-20T14:48:12
5578,2025-09-22T06:36:42
10494,2025-01-31T05:53:56
3735,2024-12-23T14:55:44
3473,2025-01-18T00:58:50
15843,2025-10-03T02:13:17
10850,2025-01-01T19:06:39
5442,2025-04-01T08:51:00
14598,2025-11-01T16:19:09
10837,2025-11-06T22:21:03.948790
14185,2024-11-23T13:17:37
18237,2025-11-06T22:29:03.948801
9760,2025-01-26T10:40:29
11029,2025-05-18T06:54:01
13341,2025-02-01T07:50:07
6294,2025-06-01T08:54:34
4122,2025-09-06T20:27:14
8703,2025-05-14T06:20:01
16364,2025-10-11T00:06:33
8295,2025-07-07T02:14:32
7896,2025-02-10T15:36:55
959,2025-05-09T15:57:01
11265,2025-02-04T20:13:43
13081,2025-11-06T22:48:03.948856
5475,2025-02-14T03:43:30
5622,2025-06-18T14:18:26
2813,2025-07-23T03:04:33
13875,2025-02-19T03:03:06
15714,2025-08-23T04:58:03
12647,2025-08-11T21:07:04
8660,2025-06-24T12:51:23
1358,2025-03-06T15:57:12
15956,2025-01-11T02:19:53
15456,2025-08-01T00:16:13
18322,2025-05-27T20:34:26
629,2025-10-18T08:36:10
4419,2025-06-23T22:55:14
13216,2025-03-26T05:16:54
13855,2025-08-07T03:13:27
3158,2025-09-26T17:29:49
3819,2025-10-04T04:54:15
4862,2025-10-12T12:26:00
8320,2025-06-02T04:59:45
19640,2025-10-12T12:39:31
15324,2025-08-29T17:17:24
2043,2025-11-06T22:53:03.948967
2777,2025-01-09T21:05:42
19502,2025-02-06T11:35:11
14113,2024-12-24T10:03:28
9153,2025-03-16T09:13:41
17594,2025-08-16T15:43:15
18180,2025-03-08T17:02:00
14915,2025-05-19T17:58:25
9758,2025-02-27T14:19:07
19552,2025-01-08T04:02:06
17292,2025-09-07T23:33:13
16730,2025-05-01T21:54:41
7786,2025-04-25T20:32:46
17065,2025-10-14T09:52:46
6770,2025-05-27T23:47:26
10479,2025-06-18T03:10:23
18456,2025-11-06T22:28:03.949039
18147,2025-08-15T08:39:42
6733,2025-02-14T23:09:24
16893,2025-10-16T14:06:23
19128,2025-04-19T12:52:49
583,2025-08-26T04:24:21
762,2025-05-22T13:29:19
11548,2025-05-03T19:59:24
5884,2025-10-24T00:15:11
4688,2025-04-13T12:39:45
11250,2025-05-30T04:27:11
15418,2025-10-20T15:19:12
7134,2025-03-01T11:44:51
9976,2025-05-14T04:08:44
1863,2025-06-12T05:14:08
1160,2025-03-19T14:34:35
16080,2025-11-06T22:26:03.949119
16091,2025-10-16T06:22:33
3016,2025-10-04T11:14:20
9106,2025-01-24T03:50:57
12036,2025-01-20T22:45:29
14924,2025-09-29T23:55:37
961,2025-08-27T23:55:35
1667,2025-05-30T15:29:09
19968,2025-11-06T22:35:03.949162
5935,2025-08-06T11:29:16
19726,2025-09-11T19:32:41
10624,2025-02-17T03:30:26
11752,2025-11-02T23:02:34
19965,2025-11-06T22:57:03.949189
1716,2025-03-05T15:25:26
6612,2025-04-01T23:45:34
13227,2025-04-19T11:06:26
16518,2025-08-15T04:31:32
15255,2025-10-05T20:04:28
13873,2025-04-10T07:02:09
17857,2025-02-03T15:14:18
18452,2025-08-29T05:28:19
10626,2025-09-06T04:51:33
11637,2025-01-18T02:39:48
10902,2025-01-29T14:42:22
10352,2025-08-17T12:39:49
14909,2025-04-14T13:40:00
8250,2025-11-06T22:45:03.949256
4962,2025-09-21T00:36:11
9291,2025-06-06T08:07:54
18971,2025-05-24T13:05:24
4408,2025-09-02T05:11:38
5005,2025-01-07T16:17:50
310,2025-01-19T08:15:03
3699,2024-12-30T06:56:03
8974,2025-08-25T02:40:21
12017,2025-04-16T12:18:12
11730,2025-04-21T14:17:05
9273,2025-04-23T23:07:47
5050,2025-01-07T10:59:57
15854,2025-08-24T23:47:12
18742,2025-04-19T08:14:20
11509,2025-09-05T14:01:03
891,2025-01-05T19:46:35
5021,2025-10-13T12:27:09
12481,2025-07-27T04:48:36
12837,2025-02-19T17:23:12
14141,2025-08-30T10:30:23
15791,2025-01-11T10:28:23
481,2025-01-04T04:01:34
11522,2025-03-14T05:37:07
12077,2025-10-07T18:41:33
12832,2024-12-30T11:09:44
16966,2025-09-17T03:02:57
18336,2025-04-22T05:22:29
13756,2025-08-27T18:45:50
4293,2025-03-29T03:47:07
5328,2025-02-12T02:39:41
5429,2025-08-24T12:55:35
11608,2025-06-17T12:20:32
11576,2025-06-04T20:13:55
1267,2025-06-29T03:41:49
12908,2025-08-23T09:13:22
18175,2025-08-10T11:12:52
9560,2025-10-26T12:47:50
17157,2025-02-15T06:51:47
16569,2025-11-06T22:29:03.949425
11249,2025-10-01T02:23:16
6301,2025-10-16T20:52:36
13921,2025-05-11T03:36:27
9307,2025-03-03T14:10:04
16555,2025-10-19T11:28:32
7016,2025-06-09T00:55:38
15467,2024-12-21T15:38:37
7841,2024-12-09T03:06:40
18515,2025-04-14T22:14:31
16000,2025-08-16T13:02:35
13376,2025-01-16T12:52:42
18646,2025-05-02T12:22:28
4373,2025-03-12T00:50:37
15668,2025-11-06T22:09:03.949495
19109,2025-02-07T07:16:17
6545,2025-04-15T00:56:35
2540,2025-11-06T22:30:03.949510
14222,2025-09-02T01:22:20
9409,2025-03-20T11:49:11
502,2025-03-04T19:59:30
19372,2025-04-24T07:16:02
17535,2025-04-28T10:36:29
15972,2025-08-13T20:11:44
15877,2025-10-31T12:01:03
15464,2025-02-22T04:13:25
11207,2024-12-20T14:34:45
10295,2025-07-20T23:02:28
11833,2025-09-16T02:45:48
7391,2025-06-05T04:38:54
12919,2025-06-18T13:56:58
9806,2025-09-20T23:19:29
16677,2025-09-24T13:04:28
4126,2025-11-06T22:12:03.949587
9320,2025-08-30T12:58:57
11136,2025-09-15T23:25:25
6235,2025-04-14T18:24:33
12412,2025-08-13T23:48:18
5277,2025-04-02T03:46:56
15239,2025-05-16T09:50:40
11113,2025-05-17T03:03:46
18360,2025-09-23T21:00:17
6962,2024-12-27T03:28:28
9605,2025-01-17T12:45:33
16969,2024-12-30T08:49:44
6725,2025-03-18T19:50:08
5114,2025-04-30T19:59:09
11169,2025-09-03T17:00:09
7976,2025-08-23T01:25:39
18216,2025-01-15T04:02:35
6388,2025-01-08T08:43:34
10057,2025-08-31T21:23:01
8474,2025-08-31T23:33:53
15602,2025-08-18T13:37:06
3605,2024-11-29T02:22:01
17084,2025-10-02T02:36:05
15232,2025-11-01T23:58:30
13879,2025-06-16T15:02:19
19427,2025-09-24T21:22:08
15944,2025-02-04T03:17:42
13222,2025-02-21T06:57:58
17329,2025-04-24T04:39:56
12923,2025-04-09T16:42:50
19211,2025-02-16T14:27:42
17318,2025-03-02T09:26:28
1834,2025-02-14T08:08:03
9685,2025-04-23T08:40:15
17930,2025-09-14T01:29:04
2369,2025-02-07T14:39:04
12009,2025-03-13T05:04:14
15471,2025-05-25T06:44:01
10537,2025-11-06T22:10:03.949779
5373,2025-01-15T20:21:24
9044,2025-03-16T15:38:18
6790,2025-03-20T16:19:14
8480,2025-07-30T20:00:35
8770,2025-11-06T22:28:03.949811
18808,2025-07-04T14:03:22
702,2025-03-11T08:56:37
16064,2025-10-08T08:58:12
18289,2025-10-10T06:21:46
605,2025-08-16T02:44:53
12340,2024-12-28T07:40:39
12514,2025-10-07T08:14:00
881,2025-07-04T11:08:16
16232,2025-11-06T22:39:03.949982
14187,2024-12-17T11:17:14
8306,2025-01-26T08:22:41
452,2025-06-22T08:41:28
8336,2025-05-04T16:59:35
2752,2025-05-25T10:01:02
9401,2025-07-01T21:27:02
5531,2025-11-06T22:13:03.950157
8343,2025-03-07T06:57:54
8418,2025-02-10T16:07:28
8200,2025-10-27T13:14:00
15664,2025-08-23T18:12:08
6946,2025-11-06T22:50:03.950192
574,2025-09-21T03:32:10
5156,2025-03-02T09:08:02
12403,2025-11-02T11:43:57
600,2025-10-02T20:29:56
10281,2025-07-04T00:01:08
5596,2025-09-16T07:17:03
7934,2025-09-29T19:44:01
869,2025-07-08T09:15:05
11605,2025-09-12T09:55:59
17478,2025-11-06T22:57:03.950316
12761,2025-04-12T05:55:49
12491,2024-12-12T23:07:07
8801,2025-01-09T18:35:27
5323,2025-02-28T19:40:05
10178,2025-10-16T21:33:38
1993,2024-12-07T06:28:11
979,2025-08-16T23:55:04
9099,2025-08-01T10:35:52
8018,2025-07-27T01:17:11
13641,2025-08-21T15:59:39
3530,2025-04-25T22:20:26
3887,2025-11-06T08:23:52
3519,2025-01-22T09:28:07
11476,2025-02-09T21:00:37
8891,2025-09-28T03:58:55
9999,2025-01-07T02:32:46
14105,2025-05-17T20:03:11
1242,2024-11-29T18:15:00
15287,2025-10-15T11:00:41
19591,2025-08-11T01:10:23
15130,2024-11-17T21:36:21
7601,2025-03-11T03:26:58
14161,2025-06-11T12:18:40
18604,2025-02-08T19:37:41
15904,2025-03-11T00:21:07
8507,2025-01-14T07:40:34
10664,2025-08-16T20:36:22
15452,2025-01-05T01:27:12
6161,2025-10-23T16:07:50
2717,2025-04-29T17:32:32
4800,2025-11-06T22:38:03.950592
11329,2025-08-12T10:35:50
11470,2025-07-31T06:33:39
19017,2025-01-13T11:18:30
11308,2025-10-02T00:53:56
4762,2025-08-30T21:17:32
10793,2025-03-11T10:08:18
2479,2025-06-11T03:17:50
3417,2025-09-28T04:33:47
13195,2025-09-08T21:24:15
19096,2025-03-21T09:11:01
15535,2025-07-15T13:32:34
4157,2025-05-05T10:28:02
17571,2025-04-29T06:42:55
12921,2025-08-04T20:51:55
11023,2024-12-19T19:47:04
13178,2025-04-21T21:33:31
1550,2025-07-16T09:15:04
13845,2025-02-12T14:34:09
10026,2025-04-26T03:39:17
18754,2025-11-06T22:25:03.950699
1844,2025-08-15T14:14:53
3233,2025-02-01T02:14:14
7070,2025-02-03T06:00:53
7297,2025-05-26T03:14:24
10430,2025-08-05T17:42:17
11180,2025-03-20T23:47:09
7982,2025-06-04T22:51:01
14769,2025-08-29T14:46:30
7268,2025-11-06T22:40:03.950753
9975,2025-10-21T04:22:22
3325,2025-01-03T13:27:04
4730,2025-11-06T22:06:03.950772
9349,2025-09-22T17:12:48
13939,2025-01-09T16:05:35
16845,2025-09-03T11:17:51
10090,2025-04-26T06:14:28
7239,2025-04-30T20:46:03
3777,2025-05-20T00:17:27
16355,2025-09-13T14:26:06
186,2025-04-03T14:09:10
16931,2025-09-26T00:14:49
7084,2025-01-27T18:20:42
19926,2025-09-01T03:28:46
18952,2025-05-17T03:32:17
6012,2025-08-16T01:54:34
4638,2025-05-14T11:54:55
18501,2025-08-20T06:42:53
10013,2025-07-03T06:36:35
8945,2024-12-17T07:40:24
9202,2025-07-03T13:23:55
12659,2025-06-03T07:40:59
12788,2025-10-04T20:00:48
16578,2025-01-21T08:32:42
4372,2025-02-21T08:00:39
3562,2025-05-27T18:45:02
903,2025-03-26T19:46:35
17293,2025-04-09T16:50:26
13401,2025-11-06T22:15:03.950928
18552,2025-03-30T13:15:10
16729,2025-01-10T08:32:57
8166,2025-03-31T12:47:58
3237,2025-02-07T14:15:16
17086,2025-06-18T01:46:29
16711,2025-10-14T12:00:45
14234,2024-12-16T17:40:24
12557,2025-06-07T04:45:32
8936,2025-02-08T02:15:57
3398,2025-03-23T00:59:11
15802,2025-04-03T08:01:58
15343,2025-01-01T05:48:51
3007,2025-04-19T06:57:16
16981,2025-10-23T03:54:11
932,2025-10-29T18:14:17
18934,2025-05-12T19:24:02
13204,2025-06-25T08:12:52
6567,2025-07-05T06:10:31
7371,2025-10-28T06:35:53
15470,2025-05-25T18:18:59
6044,2025-01-19T17:43:01
8123,2025-05-07T15:32:03
4027,2025-10-16T15:16:02
18018,2025-05-10T13:56:54
2779,2024-11-22T23:44:35
3184,2025-01-20T18:46:42
12316,2025-11-06T22:36:03.951151
14310,2025-07-18T09:51:34
6509,2025-07-19T01:17:46
15708,2025-04-13T14:12:48
486,2025-05-23T12:44:18
3081,2025-11-06T22:06:03.951192
19778,2025-05-27T20:51:59
11723,2025-09-09T14:21:19
10339,2025-11-06T22:49:03.951211
18279,2025-01-10T06:16:53
19722,2025-04-05T10:10:07
18608,2025-03-31T15:38:43
14812,2025-09-14T00:55:33
14781,2025-03-07T21:40:08
1235,2024-11-14T16:20:42
11489,2025-10-30T23:00:27
15837,2025-03-22T10:53:20
16817,2025-10-09T20:02:46
15790,2025-01-18T02:24:45
9360,2025-02-05T21:13:50
13895,2025-04-22T03:46:13
3671,2025-11-06T22:42:03.951406
11618,2025-05-25T01:31:48
3177,2025-05-31T20:32:52
12105,2025-08-16T17:36:24
13967,2025-06-23T20:03:30
10372,2025-03-26T22:29:12
968,2025-10-08T12:08:10
14537,2025-01-06T05:34:44
10236,2025-07-08T16:12:47
12249,2025-01-03T11:33:21
4844,2025-10-15T03:09:27
3918,2024-12-03T16:52:40
6943,2025-02-22T14:46:13
1906,2025-06-05T14:50:07
17670,2024-12-25T20:43:24
8526,2024-12-25T23:01:31
12815,2025-07-17T17:51:33
11839,2025-08-20T23:11:25
5906,2025-09-27T13:40:23
8207,2025-09-13T03:59:50
14757,2025-05-04T06:34:37
2832,2025-05-15T11:44:12
3467,2025-03-01T10:24:01
18012,2025-09-22T06:04:00
12778,2024-12-27T19:00:31
18802,2025-08-12T05:58:40
16169,2025-09-17T00:41:00
4959,2025-03-20T16:18:06
12718,2024-12-23T23:41:03
17950,2025-04-10T00:08:03
4552,2025-02-24T06:12:47
16880,2025-09-25T17:46:49
14477,2025-09-26T10:58:16
10471,2024-12-28T15:04:51
8359,2024-12-18T21:52:19
17047,2025-11-06T22:33:03.951594
15986,2025-01-19T18:13:00
19783,2025-10-09T21:42:49
3421,2025-08-28T07:02:11
1532,2025-09-24T19:50:47
16751,2024-12-03T03:25:14
19802,2024-12-09T19:34:48
4067,2025-03-25T03:44:18
16882,2025-08-07T19:45:02
5190,2025-04-08T11:51:05
10001,2025-04-17T02:16:32
14127,2025-01-26T15:40:59
371,2025-04-26T09:36:52
9132,2025-09-21T21:41:14
14764,2025-05-30T06:14:19
2808,2025-11-01T18:41:21
17583,2025-11-06T22:30:03.951677
10507,2025-05-11T06:29:46
16180,2025-06-18T15:16:57
11351,2025-10-23T01:53:06
16888,2025-11-06T22:40:03.951700
12126,2024-12-23T02:04:10
14631,2025-01-12T08:39:42
8226,2025-03-09T00:11:23
4470,2025-11-06T22:50:03.951725
918,2025-07-15T23:23:01
11779,2025-11-06T22:47:03.951741
3904,2025-05-25T04:58:52
1188,2025-09-11T00:37:27
15092,2025-06-30T23:51:13
16524,2025-05-28T11:55:57
945,2025-09-03T15:37:49
8195,2025-10-16T22:47:14
2240,2025-02-16T03:03:53
16404,2025-10-25T08:24:20
9000,2025-08-13T09:06:49
3032,2025-11-06T08:21:37
2955,2025-03-05T01:22:32
34,2024-12-15T02:55:56
12138,2025-06-24T07:20:34
3006,2025-09-19T19:50:47
18827,2025-09-05T23:44:54
18759,2025-11-06T22:49:03.951844
8042,2025-04-11T06:40:20
6520,2025-05-10T18:29:27
9717,2025-03-10T16:57:44
12421,2025-06-01T04:10:35
10353,2025-04-02T05:52:30
10955,2024-11-21T10:06:43
6128,2025-07-16T23:03:07
14362,2024-12-04T03:00:40
8466,2025-05-15T12:00:44
7442,2025-02-25T13:58:54
7525,2024-11-26T06:05:24
7489,2025-02-28T04:22:18
9506,2025-01-09T06:42:28
11203,2025-03-20T01:32:17
3816,2025-07-23T08:04:38
9294,2025-07-29T13:33:17
14503,2025-11-06T22:25:03.951933
633,2024-11-22T21:37:32
2908,2025-09-16T05:50:55
1618,2025-02-10T19:37:12
7186,2025-10-15T14:56:32
19772,2025-05-02T19:20:25
7986,2025-01-29T10:07:02
18007,2025-06-19T04:09:44
14876,2025-03-08T23:22:56
9554,2025-04-22T02:30:34
4631,2025-04-03T16:43:54
4878,2025-03-28T19:18:04
17784,2025-02-23T21:19:57
13375,2025-10-14T11:34:57
874,2025-07-11T01:54:01
19258,2025-11-06T22:35:03.952010
7553,2024-12-27T18:50:54
5558,2025-05-29T12:21:03
15480,2025-08-24T19:40:06
7329,2025-09-21T12:28:10
14137,2025-06-01T09:31:52
7732,2025-10-26T17:03:08
19837,2025-02-14T11:06:17
13766,2025-08-24T13:36:37
6219,2025-11-03T10:07:52
17773,2025-08-05T20:17:12
4543,2025-06-25T07:14:11
4971,2025-03-05T20:20:25
19001,2025-03-22T20:15:21
5518,2025-04-02T22:24:05
10469,2024-12-29T03:04:58
5657,2025-03-20T13:59:17
6140,2025-07-02T16:45:06
13948,2025-07-01T05:55:17
9819,2025-11-06T22:58:03.952129
16521,2025-10-11T13:49:06
8302,2025-05-01T21:04:56
7800,2025-05-10T17:26:49
9883,2025-03-05T00:35:12
14597,2025-02-06T22:40:57
954,2025-01-12T11:12:35
14129,2025-11-06T22:57:03.952168
8953,2025-05-25T06:13:21
1318,2025-06-24T20:34:53
2568,2024-12-09T06:48:42
3151,2025-06-29T21:36:23
12983,2025-07-25T09:37:14
7117,2025-07-21T10:22:04
10880,2025-06-19T07:49:47
7365,2025-05-10T15:09:04
7649,2025-05-04T02:26:18
15547,2025-05-06T04:24:21
13975,2025-01-28T04:11:56
6415,2025-04-21T10:22:17
4143,2025-05-20T09:55:39
8645,2025-09-03T01:42:46
5648,2025-11-06T22:05:03.952248
4852,2025-03-16T20:26:13
1346,2025-07-27T13:06:32
7299,2025-09-17T06:59:04
14290,2025-04-13T05:17:02
12529,2025-08-14T07:04:01
14204,2025-10-22T04:04:51
12295,2025-03-15T09:59:32
15813,2025-05-10T13:47:30
2353,2025-07-01T19:16:14
14946,2025-11-06T22:02:03.952359
13250,2025-06-16T10:42:19
3457,2025-03-11T19:51:30
18784,2025-07-07T01:58:29
15293,2025-06-22T23:13:36
8379,2025-09-27T04:28:16
19797,2025-01-01T02:01:17
9145,2025-02-12T03:31:29
3443,2025-07-06T23:28:00
2483,2025-01-18T02:44:29
2795,2025-07-01T10:18:57
5351,2024-12-28T04:22:21
2410,2025-09-28T08:10:53
16462,2025-11-06T22:08:03.952417
6926,2025-04-01T05:57:39
6921,2025-04-10T10:27:05
17403,2025-04-20T15:48:19
15260,2025-01-01T02:20:40
17949,2025-04-20T09:16:53
7724,2025-10-10T14:26:44
7419,2025-01-16T17:45:33
9603,2025-05-01T06:33:15
19712,2025-07-15T17:28:09
3676,2025-08-15T14:59:50
9511,2025-04-30T12:11:11
12451,2025-10-09T17:56:06
3785,2025-08-13T20:51:19
8333,2025-08-25T07:01:27
842,2025-06-19T17:45:01
9617,2025-10-10T18:26:47
7305,2024-11-29T21:50:21
14671,2025-05-13T13:27:14
17873,2025-01-11T10:53:36
16793,2025-03-09T20:48:25
19894,2025-11-06T22:49:03.952521
17799,2024-12-18T04:28:08
11167,2025-04-20T10:41:09
720,2024-11-27T04:56:59
19602,2025-11-06T22:49:03.952541
2167,2025-01-24T00:37:39
18050,2025-07-31T19:42:16
2565,2025-06-18T19:48:25
6399,2025-01-15T02:37:18
3783,2025-03-22T19:22:32
7093,2025-06-05T23:07:10
13275,2025-08-24T15:26:22
6507,2025-07-03T16:27:41
14849,2025-09-28T01:47:37
18921,2025-06-17T07:20:12
18164,2025-08-09T11:55:08
2070,2025-10-05T15:30:46
13468,2025-09-29T14:31:49
717,2025-09-14T14:19:38
10776,2025-01-08T03:16:40
12443,2025-07-28T17:48:58
4299,2025-01-10T02:53:27
1061,2025-02-10T23:34:48
13527,2025-10-12T03:13:35
9240,2025-04-18T07:58:24
15281,2025-04-27T00:27:28
10800,2025-04-12T04:15:13
4417,2025-10-05T01:16:52
12061,2025-08-23T18:21:37
15740,2025-11-06T22:11:03.952659
13165,2024-12-30T06:38:37
3531,2025-08-23T15:11:59
14448,2025-07-07T10:51:29
10405,2025-03-11T03:27:05
15110,2025-09-11T12:57:28
16933,2025-05-09T17:51:55
16839,2025-08-30T22:54:32
1849,2025-01-22T14:47:58
18395,2025-02-10T05:36:14
8971,2025-05-07T05:23:25
9726,2025-10-13T13:00:18
856,2025-05-28T14:24:07
18422,2025-11-06T22:21:03.952718
17284,2025-05-12T05:53:18
12972,2025-06-22T17:57:01
2367,2025-07-28T04:17:26
11713,2025-11-06T22:04:03.952742
19454,2025-02-02T06:23:09
5381,2024-12-11T21:25:46
17826,2025-05-01T19:52:13
4352,2025-04-13T12:00:28
4741,2024-12-20T03:57:24
19720,2025-07-14T11:23:34
472,2025-08-10T02:02:41
2960,2025-03-21T05:11:23
16859,2025-02-24T19:18:06
311,2025-04-26T01:25:57
6489,2025-04-14T13:52:10
8053,2025-11-06T22:39:03.952794
10759,2024-12-29T03:43:53
14134,2024-11-13T04:14:51
1511,2025-10-17T05:17:24
15789,2025-01-11T21:28:10
14613,2025-11-06T22:28:03.952817
16647,2024-11-14T11:07:06
16258,2025-01-29T08:06:40
13409,2025-05-01T21:27:19
13474,2024-12-18T13:39:37
10332,2025-03-07T00:18:39
8335,2025-04-16T12:10:26
13844,2025-03-30T23:04:19
16159,2025-04-28T23:19:48
18374,2025-05-03T04:21:30
9376,2025-11-06T22:24:03.952876
4103,2025-11-06T22:12:03.952886
8549,2025-09-10T09:57:12
4316,2025-01-13T14:36:17
8533,2025-09-14T22:42:51
16983,2025-03-03T23:20:01
4955,2025-02-15T07:45:22
14088,2025-05-06T09:17:22
6537,2025-10-25T22:52:30
8621,2025-03-30T02:38:31
17021,2025-04-18T10:19:45
4629,2025-09-25T21:07:06
10378,2025-06-18T10:39:09
3172,2025-08-09T05:56:53
8004,2025-03-31T13:16:04
8401,2025-10-20T08:19:45
19750,2025-09-06T07:51:46
8852,2025-01-13T12:16:28
18535,2024-12-25T21:01:12
13672,2025-06-02T00:47:57
15294,2025-06-02T08:10:13
12033,2025-01-22T09:48:44
6956,2025-02-20T23:42:07
17244,2025-08-08T15:03:23
12289,2025-10-19T15:09:34
12382,2025-01-01T09:46:10
11867,2025-06-21T08:56:49
8749,2025-06-26T15:43:40
11409,2024-12-27T22:08:49
1546,2025-03-10T03:48:46
10106,2025-06-30T00:34:56
12182,2025-05-04T06:18:45
17751,2025-04-22T01:27:34
15886,2025-02-14T11:11:25
7363,2025-04-09T22:53:34
3923,2025-09-12T05:30:13
1212,2025-03-03T19:01:29
12287,2025-01-04T16:11:07
12207,2025-07-30T20:12:29
9077,2025-03-23T08:33:46
9037,2025-06-06T08:48:46
7617,2025-03-15T03:07:09
16912,2025-09-11T22:15:47
12171,2025-11-04T20:20:59
15149,2025-08-16T16:30:40
8403,2025-02-14T19:18:03
12929,2025-04-12T21:47:39
12767,2025-11-02T19:21:05
14089,2025-02-02T07:15:33
7458,2025-01-09T00:24:08
19941,2025-03-14T15:07:50
19892,2025-10-30T21:35:58
13002,2025-05-26T16:59:25
10627,2025-05-03T12:11:46
12048,2025-07-29T22:35:32
3462,2025-11-06T22:36:03.953155
19781,2024-12-04T11:22:27
6150,2025-03-29T21:19:47
2144,2025-07-13T16:35:15
18503,2025-03-07T17:18:51
5334,2025-06-05T07:42:06
13799,2025-01-23T08:25:31
5887,2025-02-06T18:38:10
13404,2025-10-02T02:18:36
3230,2025-08-01T09:54:28
194,2025-09-30T04:12:50
4384,2025-04-03T13:53:46
7169,2025-08-02T21:53:43
415,2025-04-19T14:35:13
7549,2025-08-29T06:47:24
14062,2025-04-23T15:25:43
9395,2025-02-12T09:52:14
12240,2025-11-06T22:27:03.953226
3157,2025-10-09T11:24:38
10996,2025-08-26T16:29:20
10775,2025-04-06T08:54:14
7011,2025-11-06T22:01:03.953244
7043,2025-05-12T14:25:47
18141,2025-03-20T02:11:51
4221,2025-03-26T21:46:02
15792,2025-11-06T22:07:03.953262
14027,2025-08-06T09:35:51
13373,2025-06-08T21:21:55
4053,2025-02-04T14:51:15
6978,2025-06-17T12:11:52
3544,2025-11-06T22:44:03.953284
3633,2025-10-17T01:49:23
18898,2025-06-12T15:33:03
16202,2025-08-10T18:33:37
2559,2025-06-14T18:28:41
496,2025-08-19T15:10:43
4014,2025-07-27T15:03:20
13622,2025-09-11T15:58:43
9325,2025-05-01T19:59:13
17211,2025-11-06T22:31:03.953322
14684,2025-07-07T15:05:43
5075,2025-05-22T09:31:53
3397,2025-04-26T02:55:07
4887,2025-08-07T09:47:58
10756,2025-08-28T03:13:05
6380,2025-01-30T04:03:05
19919,2025-02-06T16:42:25
12945,2025-07-06T16:17:10
4042,2025-10-15T16:45:48
9535,2025-02-24T02:56:28
976,2025-08-19T18:09:52
16004,2025-02-09T16:52:16
10825,2025-06-15T18:53:36
3532,2025-08-24T09:43:17
3817,2025-06-21T03:55:19
4592,2025-09-13T17:26:37
12170,2025-04-26T11:03:03
3303,2025-04-07T12:11:37
18920,2025-11-05T16:02:59
8021,2025-07-23T20:35:06
2391,2025-09-01T02:49:53
13872,2025-07-31T22:30:08
3654,2025-02-11T09:16:18
18378,2025-04-28T19:44:19
3545,2025-06-28T18:45:45
347,2025-03-20T23:14:18
9609,2025-01-04T00:40:12
11621,2025-02-23T21:00:57
11846,2025-03-02T18:32:37
13599,2025-09-03T11:07:39
8450,2025-04-24T18:22:23
13535,2025-06-06T23:14:04
15554,2025-07-09T09:50:54
12789,2024-12-09T17:15:39
10206,2025-11-06T22:12:03.953467
5085,2025-10-04T07:18:36
11908,2025-11-06T22:14:03.953478
12401,2025-08-14T21:11:19
5553,2025-09-13T13:52:38
17890,2025-10-21T09:52:26
19489,2025-10-15T17:47:19
15798,2025-02-08T22:57:31
11503,2025-07-23T06:24:55
6114,2025-10-19T22:39:34
3365,2025-07-20T03:11:55
6933,2025-08-31T09:54:00
8262,2025-04-10T04:20:33
18707,2025-11-06T22:21:03.953523
12144,2025-03-31T15:37:34
18897,2025-11-05T02:48:53
3345,2025-11-06T22:42:03.953537
1516,2025-05-04T13:13:21
14790,2025-09-13T15:50:11
2363,2025-06-16T15:06:51
15933,2025-05-06T20:49:43
12903,2025-11-06T22:17:03.953558
14624,2025-07-26T02:00:24
10548,2025-04-19T12:11:08
6535,2025-09-04T01:09:44
5032,2025-03-07T09:44:12
19145,2025-05-30T08:28:16
5981,2025-03-29T15:37:32
14303,2025-06-08T03:29:18
8344,2025-11-06T22:42:03.953592
12881,2024-12-22T21:49:36
3673,2025-10-30T23:51:28
14441,2025-03-25T14:15:36
18183,2025-06-04T10:45:09
5326,2025-10-21T17:40:00
19020,2025-08-16T04:12:20
5829,2025-10-26T23:34:22
13651,2025-05-05T16:59:08
10657,2025-06-16T16:14:21
11433,2025-08-17T04:20:51
6525,2025-02-18T08:45:50
14210,2025-05-24T07:51:10
17120,2025-03-24T04:32:06
6151,2025-08-14T11:34:09
103,2025-11-06T22:31:03.953659
911,2025-03-26T10:09:10
8748,2025-02-13T20:21:46
7702,2025-01-17T02:17:26
5363,2025-06-16T09:16:05
18976,2025-11-06T22:34:03.953681
8520,2025-07-24T00:58:24
11251,2025-09-30T08:11:28
4584,2025-10-01T04:37:45
4243,2025-07-18T21:15:36
3196,2025-04-11T13:16:46
11977,2025-03-13T21:57:58
12064,2025-08-06T10:08:24
8057,2025-02-14T13:33:41
1238,2025-11-06T22:51:03.953718
7454,2025-09-18T06:18:09
5572,2024-12-06T21:23:02
13357,2025-07-16T14:18:54
19920,2025-01-26T06:55:49
6679,2025-04-19T09:01:03
19163,2025-03-13T08:26:00
4052,2025-02-18T04:46:14
5742,2025-10-15T04:01:30
9551,2025-01-22T05:05:06
13132,2025-02-01T13:59:28
1986,2025-02-02T08:30:31
3585,2025-03-23T07:08:54
2993,2025-08-29T12:36:12
16492,2025-07-31T12:16:18
8446,2025-09-09T22:11:44
8894,2025-11-06T22:28:03.953811
13111,2025-11-06T22:09:03.953818
9340,2025-05-09T20:34:43
9728,2025-04-01T09:25:48
18112,2025-08-06T19:31:35
9578,2025-09-11T17:41:59
17079,2025-11-06T22:34:03.953846
1961,2025-05-23T01:14:53
18631,2025-04-30T10:08:44
10980,2025-03-10T13:07:01
9411,2025-03-09T20:55:56
8371,2025-11-06T22:13:03.953869
2543,2025-07-22T20:08:34
15981,2025-08-20T10:38:17
15129,2025-10-03T20:27:16
16863,2025-07-26T05:29:34
12692,2025-04-07T02:45:53
193,2025-08-25T05:31:16
2297,2025-02-18T08:39:54
7253,2025-08-25T09:40:53
17888,2025-05-04T15:52:31
14513,2025-05-02T05:01:25
17818,2025-10-17T08:35:10
2054,2025-08-15T14:37:17
18849,2025-03-05T17:51:44
8624,2025-05-08T13:52:18
17760,2025-07-18T15:04:27
9673,2025-06-03T16:03:43
7500,2025-09-01T10:03:48
14538,2025-10-10T20:31:32
5826,2025-09-02T14:05:57
3056,2025-06-21T08:43:44
5867,2025-07-11T17:40:07
3439,2024-11-27T20:08:26
6636,2024-11-14T02:12:45
10421,2024-12-16T03:33:39
11032,2025-09-18T07:48:07
4615,2025-11-06T13:21:14
1370,2025-06-05T23:50:26
8104,2024-12-04T07:07:35
16973,2025-03-10T16:59:31
2747,2025-07-06T15:00:10
1132,2025-11-06T22:55:03.953996
17399,2025-09-15T19:52:06
18323,2025-05-10T04:53:15
15080,2025-11-06T22:04:03.954009
6985,2025-07-20T04:10:10
8928,2025-05-13T14:17:51
3773,2025-09-07T14:03:59
9031,2025-04-14T05:38:25
8187,2025-02-03T17:40:25
11584,2024-12-27T18:32:42
9444,2025-11-05T17:46:20
3700,2025-11-06T22:10:03.954045
12678,2025-03-22T01:56:30
17037,2025-07-11T22:41:03
19626,2025-06-18T20:30:23
7949,2025-11-04T09:26:00
6252,2025-11-06T22:39:03.954070
19101,2025-02-19T09:47:30
10218,2025-03-16T19:03:52
405,2025-07-08T19:36:41
2680,2025-06-11T09:38:39
15887,2025-05-19T22:07:31
19915,2025-09-09T04:18:11
10299,2025-02-02T06:10:12
1955,2025-07-08T13:08:09
13891,2025-09-24T21:47:54
4109,2025-08-16T18:13:51
4606,2025-09-11T23:20:14
13876,2025-02-02T10:05:17
18293,2025-07-18T15:04:46
9745,2025-04-01T22:37:30
11320,2025-05-19T14:01:15
14391,2025-07-12T02:14:00
3243,2025-08-24T04:21:49
3708,2025-09-02T22:53:49
19148,2025-03-28T08:43:00
3716,2025-06-30T19:37:40
17127,2025-11-06T22:35:03.954149
12601,2025-10-01T03:48:20
14021,2025-11-06T22:10:03.954159
10275,2025-06-24T20:27:57
12688,2025-11-06T22:32:03.954169
4336,2025-03-08T03:21:38
4809,2025-05-25T03:59:56
7700,2025-01-10T08:46:34
18108,2025-03-23T20:27:25
8984,2025-08-25T17:33:36
4927,2025-05-05T01:27:36
4363,2025-10-08T16:51:41
18165,2025-11-06T22:03:03.954207
3446,2025-06-09T03:28:02
7435,2025-01-23T00:54:24
9190,2025-02-09T19:52:51
13657,2025-04-10T22:13:08
15318,2025-04-11T22:15:49
18127,2025-01-03T11:23:04
340,2025-03-27T03:15:45
17597,2025-05-22T10:18:01
19307,2025-10-04T21:18:24
3313,2025-07-23T08:22:02
16410,2025-11-06T22:53:03.954251
17709,2025-08-29T04:27:44
6947,2025-10-01T07:36:07
18733,2025-03-24T16:17:13
9169,2025-04-12T02:57:46
10762,2025-10-01T15:41:50
6799,2025-02-01T16:08:49
10416,2025-04-21T07:14:12
19774,2025-07-22T22:42:53
2783,2025-04-20T18:31:16
4522,2025-08-07T04:27:23
9419,2025-01-15T18:44:37
3281,2024-12-02T17:25:25
12338,2025-09-10T06:21:31
957,2025-01-14T00:07:21
9851,2025-03-06T12:36:28
4049,2025-05-04T06:28:21
11785,2025-06-24T09:04:15
18177,2025-11-06T22:26:03.954338
6536,2025-05-07T13:26:28
9475,2025-08-07T03:18:22
2345,2025-04-05T09:33:06
5282,2025-05-30T14:40:48
18445,2025-01-09T21:53:57
18694,2025-06-03T00:50:53
16470,2025-01-25T15:35:50
1776,2025-10-29T14:42:11
11299,2025-08-23T03:42:50
11243,2025-08-16T04:14:25
13231,2025-08-19T21:29:38
8983,2025-01-16T01:18:13
15208,2025-02-27T16:06:50
6551,2025-05-06T12:03:06
18419,2025-03-08T18:16:27
12395,2025-06-29T05:49:02
10185,2024-11-20T09:08:22
13902,2025-04-04T06:58:22
19273,2025-05-28T05:37:30
1057,2025-04-12T11:17:51
8328,2025-08-03T10:43:59
19325,2025-05-06T03:26:20
10768,2025-07-11T12:22:03
10783,2025-01-19T11:56:11
1760,2025-06-25T13:16:54
437,2025-08-24T19:08:53
14717,2025-08-13T04:38:17
6852,2025-10-01T04:20:26
19546,2025-07-25T16:44:34
11497,2025-05-16T03:27:40
6991,2025-10-09T01:09:29
3843,2025-05-18T02:47:53
5609,2025-09-28T02:22:55
13049,2025-10-24T07:33:37
185,2024-11-19T09:01:58
11391,2025-06-12T00:12:18
6160,2025-02-03T06:55:24
17177,2025-10-01T03:56:31
17616,2025-05-28T13:03:26
13804,2025-08-18T19:03:37
5911,2025-04-22T03:12:39
11792,2025-11-06T22:47:03.954560
7805,2025-10-16T02:45:26
9790,2025-09-25T02:00:03
5096,2025-11-06T22:05:03.954574
16269,2025-07-27T13:28:02
15580,2024-12-02T13:37:09
7,2025-01-19T00:56:08
8792,2025-03-05T19:59:35
3156,2025-08-18T00:52:38
5683,2025-08-23T03:10:27
12256,2024-12-26T21:04:31
15415,2025-06-06T22:42:29
7945,2025-08-13T02:27:04
4131,2025-09-12T04:00:27
17984,2025-08-18T08:28:34
4298,2025-02-04T16:20:13
13129,2025-01-18T13:54:39
15964,2025-06-07T08:18:48
8341,2025-08-19T11:50:48
3685,2024-12-02T08:51:09
17652,2025-08-02T13:48:13
16963,2025-03-14T11:49:13
4725,2025-09-05T20:36:25
19422,2025-10-06T01:55:50
13925,2025-11-06T22:44:03.954676
19048,2025-04-28T01:59:27
17766,2025-01-04T11:01:31
7967,2025-09-18T05:12:16
1224,2025-04-10T16:39:58
1386,2025-03-09T00:28:35
13800,2025-05-05T15:29:55
4977,2025-08-08T21:50:48
12730,2025-02-22T03:49:45
334,2025-02-17T16:20:59
9266,2025-01-21T19:01:49
8797,2025-02-28T01:31:34
12840,2025-02-28T21:00:24
7631,2025-01-28T01:41:43
14882,2025-11-06T22:13:03.954760
12576,2025-04-25T05:17:11
7869,2025-05-02T00:12:08
16147,2025-04-17T13:14:09
1107,2025-11-06T22:38:03.954784
11697,2025-02-13T02:54:06
7838,2024-11-15T05:12:17
13237,2025-04-27T23:54:26
16078,2024-12-26T09:29:04
19823,2025-06-10T20:25:51
12583,2025-10-13T23:36:01
17529,2025-06-08T08:25:50
14661,2025-02-14T19:51:27
1255,2025-04-03T09:16:22
4835,2024-12-20T04:08:13
12151,2025-02-01T06:32:06
9797,2025-05-06T17:38:08
2643,2025-04-26T12:51:13
14588,2025-10-11T14:07:07
19592,2025-01-06T07:45:45
10506,2025-05-30T21:02:11
14638,2025-11-06T22:41:03.954864
10288,2025-08-07T18:46:33
11813,2025-04-26T13:54:21
11993,2025-01-05T15:36:26
3136,2025-06-23T14:36:23
9226,2025-08-11T16:42:00
5873,2025-01-02T21:08:22
17191,2025-06-19T11:08:22
19725,2025-09-20T12:58:54
5227,2025-07-13T22:21:47
10981,2025-06-22T00:11:54
5968,2025-05-08T17:39:08
2705,2025-11-06T22:44:03.954964
18926,2025-10-08T23:43:26
3197,2024-12-23T06:53:57
17181,2025-08-21T09:15:16
14911,2025-08-22T10:11:34
14796,2025-10-17T11:03:27
15133,2025-09-07T22:01:50
12373,2025-04-30T12:35:25
9573,2025-06-06T14:36:56
15965,2025-09-15T10:26:02
1135,2025-01-18T00:46:28
2286,2025-11-06T21:59:03.955178
8699,2025-01-20T19:57:22
12112,2024-12-02T05:18:30
9827,2025-05-01T00:29:26
1700,2025-10-16T02:02:11
752,2025-11-06T22:18:03.955212
18699,2025-07-23T17:21:24
19833,2025-02-23T13:38:40
17980,2025-10-15T01:59:10
2284,2025-07-19T23:57:31
16690,2025-07-29T12:14:02
15970,2025-03-25T12:25:24
18836,2025-09-28T21:44:00
13517,2025-05-09T06:49:53
11402,2025-09-14T11:04:05
6907,2025-03-26T20:16:24
337,2025-10-28T19:35:44
10739,2025-01-29T05:21:44
1100,2025-02-01T07:14:04
17610,2025-06-07T13:00:49
2629,2025-05-18T05:02:06
3948,2025-11-01T03:30:52
1563,2025-11-06T22:29:03.955308
6999,2025-01-18T18:41:29
15138,2025-06-21T17:22:21
6589,2025-09-04T01:59:16
18762,2024-12-23T21:44:30
2356,2025-10-24T07:52:47
77,2025-02-24T22:03:04
8705,2025-08-05T13:24:45
2897,2025-09-19T13:58:24
4509,2025-11-06T22:43:03.955357
10040,2025-11-05T10:17:33
7048,2025-02-18T20:56:14
17241,2025-10-17T10:53:28
19402,2025-05-14T22:43:52
17545,2025-02-20T17:07:49
1652,2024-12-05T07:34:23
3188,2025-11-05T13:14:17
2349,2025-08-01T02:02:28
9495,2025-09-13T06:31:57
18054,2025-11-06T22:12:03.955411
12299,2025-07-26T04:57:08
5684,2025-01-08T04:55:07
9255,2025-01-21T12:16:21
3026,2025-08-13T03:29:54
17936,2025-09-12T10:03:14
3227,2025-04-29T18:47:28
14721,2025-07-13T08:41:08
1002,2024-12-07T15:21:01
8159,2025-08-05T19:48:47
9876,2025-09-03T16:10:03
17107,2025-11-06T22:02:03.955547
2941,2025-05-07T06:15:01
1194,2025-09-17T06:44:28
9981,2025-07-30T19:05:18
2669,2025-06-16T06:58:39
14002,2025-02-14T20:29:48
11013,2025-07-27T06:28:52
5070,2025-06-10T15:58:01
1625,2025-06-02T03:47:21
16525,2025-07-20T04:20:53
13289,2025-11-06T22:54:03.955610
4822,2025-07-21T11:51:19
11105,2025-01-20T20:39:50
15523,2025-10-24T12:30:54
16621,2025-03-26T22:07:47
14030,2025-01-23T01:50:59
3593,2025-09-02T09:59:31
7501,2025-01-09T01:28:53
7789,2025-09-01T12:35:00
533,2025-03-04T21:45:31
10520,2025-10-05T12:30:15
9845,2025-03-22T22:52:53
4011,2025-07-03T02:04:14
15435,2025-11-06T22:35:03.955689
14856,2025-11-06T22:42:03.955697
11843,2025-07-02T11:35:25
10441,2025-10-12T09:15:43
12179,2024-12-04T22:43:29
12572,2025-06-21T20:14:31
6409,2025-10-17T10:13:13
4691,2024-12-31T17:39:15
16145,2025-11-06T22:24:03.955734
16036,2025-01-05T16:54:24
17491,2025-03-30T23:39:50
6975,2025-09-23T05:26:28
5593,2025-06-04T03:44:40
11152,2025-01-25T10:01:04
6741,2025-01-30T07:55:08
12594,2025-08-12T11:55:34
157,2025-03-22T06:09:27
2721,2025-05-05T22:23:13
19567,2025-07-14T14:41:11
6216,2025-09-01T08:36:15
3906,2025-01-04T08:31:04
14819,2025-02-10T10:27:45
1972,2025-08-24T14:40:36
3560,2025-04-01T10:16:49
12961,2025-08-27T05:21:35
19581,2025-02-20T15:22:06
1166,2025-05-17T20:52:15
19859,2025-11-06T22:46:03.955804
9321,2024-11-22T17:46:06
7320,2025-02-08T07:25:46
66,2025-07-23T15:47:19
2881,2025-02-11T04:00:39
18118,2025-08-10T15:04:29
16361,2025-07-22T03:11:17
7123,2024-12-02T21:00:04
16653,2025-01-18T22:28:40
19077,2025-05-23T04:44:29
14206,2025-02-27T00:44:01
13731,2025-02-19T13:18:16
13119,2025-09-23T10:36:27
2283,2025-04-22T02:02:30
15116,2025-06-06T13:42:04
5457,2025-08-06T16:17:06
12931,2025-10-24T14:21:06
13772,2025-11-06T22:37:03.955868
1399,2025-05-07T09:34:34
11858,2025-03-09T22:16:03
13897,2025-04-19T04:05:49
10504,2025-03-20T11:11:30
5745,2025-08-02T03:25:32
2003,2025-06-04T04:38:54
6503,2024-12-22T09:56:34
12399,2025-09-12T05:44:27
1322,2025-01-27T15:55:46
11947,2025-10-19T08:50:30
16047,2025-06-21T08:13:02
5411,2025-11-06T22:16:03.955913
10755,2025-08-14T04:40:29
1585,2024-12-26T10:28:25
1063,2025-11-06T22:34:03.955926
4209,2025-06-29T21:57:03
5653,2025-08-22T01:54:02
13066,2025-06-12T19:10:35
4192,2025-05-12T11:16:50
3497,2025-05-15T20:50:51
15497,2025-02-14T21:00:52
12770,2025-09-03T07:51:15
3540,2025-02-15T15:05:01
13974,2025-07-10T18:16:27
19829,2025-10-31T02:02:31
3002,2025-02-22T12:16:18
14742,2025-06-18T14:22:45
8751,2025-03-16T05:37:49
8961,2025-11-06T22:57:03.955977
1018,2025-09-18T13:34:06
2467,2025-07-16T10:41:12
16053,2025-04-16T01:58:14
9318,2025-03-12T22:40:18
9407,2025-03-01T21:39:17
8586,2024-12-29T11:39:29
2117,2025-01-30T02:01:10
13009,2025-02-27T19:24:48
19849,2025-03-11T23:09:50
14732,2025-11-06T22:28:03.956014
1338,2025-03-19T14:51:42
19656,2025-08-16T13:54:37
16272,2025-04-08T20:45:38
3476,2025-08-29T13:50:35
15930,2025-06-25T20:47:03
16011,2025-08-18T17:18:49
13580,2025-08-19T14:21:24
12156,2025-06-21T15:02:49
146,2025-01-17T14:55:30
11314,2025-02-25T13:25:43
19323,2025-11-06T22:51:03.956056
4540,2025-09-15T14:41:38
18206,2025-03-12T10:09:01
7110,2025-11-06T22:17:03.956069
1699,2025-01-08T01:56:57
2547,2025-01-10T14:15:25
15979,2025-06-26T21:57:12
4656,2025-09-16T07:20:43
17214,2025-03-24T12:40:22
6052,2025-11-06T22:57:03.956092
7205,2025-06-28T02:02:35
7610,2025-08-17T07:51:55
17090,2025-05-29T08:53:08
526,2025-11-06T22:31:03.956109
19868,2025-07-15T12:08:07
18816,2025-06-03T13:12:22
12846,2025-10-11T14:30:54
6942,2025-10-09T06:25:30
9585,2025-09-05T02:27:45
6298,2025-07-31T09:28:43
12741,2025-11-06T22:29:03.956136
3994,2025-05-30T02:06:24
13509,2025-05-10T19:50:20
5946,2025-04-01T16:08:17
16634,2025-05-02T13:28:50
5183,2025-08-14T11:28:28
9649,2025-05-31T16:33:49
11147,2025-01-08T20:25:35
10836,2025-03-07T02:16:54
3496,2025-09-04T10:50:33
7968,2025-06-20T16:41:01
15177,2025-01-14T22:19:51
2275,2025-03-08T03:43:26
2966,2025-02-01T07:10:04
6340,2025-07-10T12:47:33
6812,2025-09-13T04:51:49
17281,2025-06-27T15:05:38
7580,2025-03-20T21:51:51
18082,2025-01-11T20:17:45
280,2025-01-27T17:04:30
14078,2025-01-27T07:38:43
8402,2025-02-19T04:13:02
4463,2025-10-19T21:33:15
13240,2025-01-05T18:17:48
18745,2025-04-27T21:56:07
16154,2025-11-06T22:50:03.956230
15719,2024-11-22T01:51:56
10472,2025-04-15T04:58:46
10151,2025-11-06T22:09:03.956243
19697,2025-05-23T22:03:34
3428,2025-02-02T09:51:09
13764,2025-10-28T22:29:29
14601,2025-05-27T18:03:22
922,2025-06-13T22:51:04
1164,2025-03-13T04:01:32
16101,2024-12-08T17:35:45
4048,2025-07-27T11:10:12
6661,2025-02-02T02:42:46
9658,2025-03-11T13:55:35
7283,2025-03-29T19:18:34
653,2025-09-25T06:35:48
19730,2024-12-19T05:28:59
9428,2025-04-16T11:47:06
6336,2025-09-15T03:17:55
19322,2025-11-06T22:26:03.956309
11205,2025-08-04T20:02:18
9576,2025-03-12T12:48:02
6050,2024-12-01T15:57:43
2348,2025-11-06T22:00:03.956330
3937,2025-01-03T19:28:46
12852,2025-04-25T18:34:19
3675,2025-11-06T22:29:03.956343
11769,2024-12-10T13:19:27
9512,2025-04-10T07:37:18
3395,2025-04-22T21:02:54
19293,2025-06-28T00:52:43
11953,2025-10-03T22:15:26
7483,2024-12-15T21:29:01
4871,2025-11-06T12:45:11
18306,2025-10-09T00:02:10
18956,2025-10-26T16:28:41
8156,2025-11-06T22:22:03.956382
627,2025-07-05T00:35:34
8844,2025-06-18T00:42:25
3814,2025-08-15T12:07:15
7428,2025-05-20T18:31:54
10949,2024-12-23T20:19:05
9538,2025-03-03T10:34:45
6008,2025-09-06T17:59:58
14561,2025-11-06T22:25:03.956415
10110,2025-03-01T21:17:50
11462,2025-08-03T15:44:36
14678,2025-07-26T19:54:59
18219,2025-01-24T03:11:31
1062,2025-09-20T14:44:06
15037,2025-06-10T14:59:36
4568,2025-07-02T13:22:41
16132,2025-07-26T20:55:02
11609,2025-03-11T08:22:49
18803,2025-04-02T13:11:31
18498,2025-01-18T22:22:16
4677,2025-06-15T01:23:16
13481,2025-03-20T22:13:22
3293,2025-02-08T04:49:30
12621,2024-12-18T06:13:16
1113,2025-03-22T11:57:38
11474,2025-04-23T18:01:54
1768,2025-02-12T02:09:59
15961,2025-11-06T22:03:03.956488
8501,2025-08-15T06:03:02
15312,2025-07-27T15:43:15
10324,2025-06-22T06:02:05
31,2025-06-02T12:58:04
11495,2025-04-21T03:42:55
12049,2025-05-26T13:44:55
7625,2025-02-28T16:19:32
1632,2025-04-05T02:18:44
1120,2025-08-12T01:53:00
16216,2025-02-04T22:55:27
19204,2025-06-10T15:04:24
5454,2025-10-23T08:30:18
19777,2025-11-06T22:57:03.956540
4848,2024-12-04T03:00:15
19313,2025-04-09T08:51:12
11523,2025-02-16T12:13:02
1143,2025-10-24T03:39:27
3068,2025-05-05T09:47:29
5660,2025-08-18T09:38:34
10552,2025-09-29T02:01:13
15819,2025-06-22T13:16:40
14309,2025-02-28T10:52:06
18299,2025-02-20T03:12:44
19453,2025-10-27T21:23:28
8189,2025-05-21T15:16:02
13829,2025-01-31T05:58:09
7377,2024-12-24T11:40:26
4529,2025-08-30T13:13:53
10431,2025-04-10T05:17:24
12831,2025-07-14T23:48:19
6434,2025-02-28T13:31:11
3038,2025-10-13T02:32:15
1357,2025-04-21T22:58:50
11812,2025-06-05T12:07:19
13781,2025-11-06T22:56:03.956623
3370,2025-11-06T22:03:03.956629
1956,2025-03-05T17:51:29
5252,2025-03-13T03:45:34
10653,2025-09-18T17:25:24
4790,2024-12-30T16:18:06
2384,2025-02-14T23:40:24
5249,2025-07-16T19:44:29
5228,2025-03-28T07:33:28
10289,2025-05-24T21:52:04
6630,2025-09-07T21:14:58
6755,2025-02-19T23:27:25
10232,2025-04-19T14:27:31
15873,2025-06-02T19:00:59
7792,2025-11-06T22:18:03.956751
11246,2025-06-16T09:42:42
4680,2025-06-30T03:47:47
1432,2025-07-27T19:21:28
19375,2025-01-30T09:36:46
14319,2025-03-31T13:22:41
19314,2025-05-29T18:39:50
16367,2025-10-22T05:09:13
17580,2025-03-25T15:43:14
511,2025-10-30T14:31:07
3977,2025-08-28T14:50:32
15070,2025-05-22T22:23:32
1977,2025-03-19T09:48:29
10200,2025-02-04T13:37:26
3183,2025-01-02T08:48:18
1233,2025-01-05T08:16:54
319,2025-01-07T23:34:54
15207,2025-11-06T22:23:03.957039
17363,2024-12-20T09:09:05
1878,2025-07-09T05:19:01
12734,2025-02-02T22:27:10
2650,2025-06-17T17:00:45
5612,2025-10-06T21:44:12
1924,2025-10-06T22:49:52
7194,2025-10-10T18:34:41
10500,2025-05-07T21:51:31
17185,2025-08-27T05:19:13
13075,2025-09-06T02:40:24
4707,2024-12-11T16:11:23
322,2025-11-06T22:30:03.957376
18718,2025-08-26T18:53:29
9674,2025-02-13T15:56:49
11926,2025-07-23T08:18:51
16075,2025-02-10T10:29:23
17067,2025-08-25T04:31:51
18758,2025-09-18T04:44:24
18010,2025-03-08T01:58:27
17011,2025-01-28T04:50:39
12452,2025-05-08T15:47:03
7723,2025-09-26T01:45:23
483,2025-10-11T18:09:47
17274,2025-04-08T00:36:46
395,2025-10-05T08:57:51
19573,2025-02-20T10:51:40
6821,2025-04-16T04:23:39
8518,2025-06-21T14:24:31
19528,2025-06-02T00:32:48
14890,2024-12-22T16:52:16
12218,2024-12-28T22:03:58
18688,2025-11-06T22:46:03.957511
19710,2025-10-26T10:44:02
1966,2025-07-09T16:48:03
9919,2025-06-17T10:06:25
4714,2024-12-13T11:14:04
1707,2025-02-08T04:52:20
5440,2025-05-18T09:31:18
12513,2025-04-06T15:22:40
1729,2025-07-05T05:23:49
4401,2025-02-04T23:16:13
14074,2025-08-15T04:19:52
13537,2024-11-29T14:09:11
6005,2025-11-06T22:48:03.957576
6772,2025-05-27T17:14:25
18719,2025-11-06T22:45:03.957590
13962,2025-04-01T06:21:48
13757,2025-09-15T05:05:16
8965,2025-01-02T11:37:29
19037,2025-09-29T07:43:39
9667,2025-07-31T12:30:43
12740,2025-09-15T20:27:49
7460,2025-03-18T08:53:14
13079,2025-04-17T17:53:04
16296,2025-11-06T22:19:03.957638
7852,2025-10-27T10:15:00
16461,2025-03-26T11:01:40
7373,2025-09-11T07:36:19
3008,2025-05-26T06:47:32
19072,2025-11-06T22:50:03.957667
17473,2025-07-15T09:38:33
17166,2025-04-14T15:46:54
11721,2025-09-05T00:16:22
10502,2025-03-31T22:49:34
10363,2025-01-03T22:53:43
16906,2025-09-17T05:51:59
11452,2025-11-02T01:02:24
19974,2025-04-25T14:10:24
14350,2024-12-05T09:25:13
13908,2025-04-09T19:19:35
11131,2025-04-19T03:16:54
2103,2025-03-21T15:38:52
16942,2025-04-07T02:01:49
11118,2025-02-25T04:37:45
12586,2025-01-13T01:48:18
18545,2025-05-20T17:59:08
12026,2025-09-17T05:39:39
18548,2025-10-06T05:12:34
11178,2024-12-30T05:27:30
773,2025-10-12T18:57:37
2226,2025-02-07T08:00:39
1772,2025-11-06T22:34:03.957791
11085,2025-01-06T02:25:31
8932,2025-07-27T04:51:19
9949,2025-02-25T12:05:40
3609,2025-05-12T19:15:55
2442,2025-02-14T15:54:50
9628,2025-02-01T17:49:39
4531,2025-01-13T03:58:07
2531,2025-11-06T22:44:03.957857
11171,2025-06-13T17:10:52
934,2025-05-15T08:33:32
329,2025-07-25T19:02:37
10913,2025-07-25T06:10:54
5926,2025-03-19T23:57:10
11514,2025-08-08T16:04:29
5251,2025-02-12T04:51:44
13694,2025-09-13T01:29:12
9521,2025-06-16T03:53:15
5969,2025-10-02T08:37:20
12970,2025-04-24T04:30:40
13776,2025-10-12T15:30:37
11660,2025-01-22T01:04:52
6708,2025-07-09T02:06:00
1913,2025-10-14T19:32:45
4322,2025-05-03T02:27:48
3340,2025-03-01T22:45:52
5338,2025-03-12T16:45:13
12973,2025-11-06T22:32:03.958078
14388,2025-10-24T08:10:09
11884,2025-11-06T22:30:03.958102
18864,2025-07-17T02:33:57
12270,2025-03-30T03:20:05
15528,2025-08-07T15:33:14
11634,2025-11-06T22:04:03.958140
12335,2024-12-12T22:59:09
7873,2025-05-13T06:20:38
18992,2025-02-25T04:50:39
1737,2025-03-04T10:31:01
2937,2025-01-28T02:16:31
11003,2025-02-09T22:39:09
2577,2025-07-28T23:10:52
14378,2025-07-05T18:38:53
15373,2025-03-27T12:02:11
520,2025-04-03T02:23:24
12683,2025-11-06T22:57:03.958312
13170,2025-07-03T22:23:01
19944,2025-04-02T08:25:51
12489,2025-02-22T22:57:17
15432,2025-11-06T22:01:03.958341
12230,2025-08-23T16:39:54
17813,2025-05-12T22:17:00
4213,2025-08-03T10:46:47
6908,2024-12-02T00:36:57
16635,2024-12-18T00:18:16
8597,2025-05-18T11:41:03
10497,2025-07-09T23:12:23
14346,2025-05-18T01:40:59
12045,2025-09-05T03:36:04
1853,2025-01-09T09:54:51
15386,2025-11-06T22:13:03.958406
9385,2025-01-15T12:04:48
10797,2025-09-20T03:13:31
3235,2025-11-06T22:28:03.958426
7221,2025-04-13T14:05:21
15996,2025-09-08T12:01:50
17710,2025-03-26T02:33:54
18273,2025-04-11T03:58:35
12176,2025-06-01T02:18:40
13981,2025-09-23T05:15:56
3640,2025-06-27T01:34:15
15539,2025-01-20T14:05:03
6600,2025-09-18T16:51:42
8575,2025-01-02T12:54:58
17612,2025-08-09T04:36:21
2552,2025-06-14T13:00:25
4412,2025-04-20T04:19:25
6102,2025-09-15T16:12:57
2602,2025-03-19T22:16:31
2266,2025-06-15T02:49:10
7663,2025-08-23T16:49:13
1441,2025-03-31T06:12:32
9660,2025-05-19T19:03:48
4004,2025-09-19T18:51:34
7310,2025-02-28T21:58:45
5537,2025-05-24T12:11:10
3222,2025-07-12T18:15:12
2237,2025-08-28T10:18:17
4283,2025-03-16T15:32:50
9816,2025-04-20T06:45:07
1275,2025-05-05T17:43:30
1711,2025-08-13T19:03:51
15564,2025-05-21T16:21:27
18670,2025-01-18T18:13:23
1575,2025-02-07T17:40:16
6737,2025-10-18T19:26:12
14701,2025-10-10T15:53:27
2338,2025-02-13T19:46:15
2097,2025-05-05T22:06:42
2787,2025-07-26T21:39:30
3107,2025-04-01T18:15:30
2769,2025-04-24T22:50:22
9599,2025-11-06T22:25:03.958665
18783,2025-02-12T20:13:43
6267,2025-03-03T20:38:38
9501,2025-03-06T21:56:39
2864,2025-09-23T07:20:34
11996,2025-03-01T22:40:32
9032,2025-01-21T04:53:40
13248,2025-06-16T06:25:26
8956,2025-09-03T08:41:24
17502,2025-01-12T17:10:52
5361,2025-11-06T22:22:03.958738
13514,2025-04-23T04:41:03
9992,2024-12-04T10:19:56
11361,2025-05-27T00:15:27
1547,2025-07-12T08:12:38
7165,2025-08-13T13:54:46
15604,2025-05-24T22:08:14
7943,2024-11-25T10:57:59
3892,2025-11-06T22:42:03.958782
5830,2025-07-12T16:52:45
17801,2025-09-01T20:54:59
1787,2025-02-17T02:03:33
10064,2025-05-26T06:43:26
8970,2025-09-22T06:28:22
4155,2025-03-17T01:48:35
4085,2025-04-17T09:01:47
10383,2025-08-28T13:00:41
9341,2024-12-25T13:16:07
1529,2025-03-27T22:34:09
656,2025-09-04T15:33:16
7231,2025-03-18T07:56:33
13094,2025-10-04T00:02:41
16575,2025-07-25T01:10:37
8869,2025-08-04T22:50:12
11904,2025-01-24T00:19:18
13964,2024-12-17T05:13:23
12974,2025-07-30T11:34:51
8567,2025-03-31T11:46:54
2368,2025-08-28T14:33:26
5216,2025-01-15T13:23:06
11324,2025-07-23T09:03:05
8510,2025-03-12T03:42:44
19485,2025-01-20T22:58:11
4836,2025-08-27T19:09:04
7538,2025-06-10T05:12:07
9687,2025-02-17T21:06:00
924,2025-09-16T20:17:14
13171,2025-05-19T13:36:11
4161,2025-07-30T15:50:50
6563,2025-09-24T14:21:23
2828,2025-07-19T05:21:00
2928,2025-06-10T10:26:09
10705,2024-12-22T21:07:39
17352,2025-07-09T01:03:28
19749,2025-05-01T12:52:22
2879,2025-06-07T22:28:38
10683,2025-05-25T00:26:16
10238,2024-12-12T08:54:07
17848,2024-11-21T09:59:32
14919,2025-08-25T08:10:59
11341,2025-01-10T12:35:35
9584,2025-05-21T11:50:21
14357,2025-09-07T18:44:57
13985,2025-09-24T13:08:01
11689,2025-08-27T05:28:24
13410,2025-09-21T09:16:25
16774,2025-06-30T13:14:38
15475,2025-09-01T00:03:23
15347,2025-04-07T10:03:14
14301,2024-12-27T18:21:54
12348,2025-02-08T23:52:36
19090,2025-03-18T23:56:34
11969,2025-02-13T02:07:00
11830,2025-09-29T02:02:26
233,2025-10-11T16:17:31
1008,2025-10-31T12:02:06
14417,2025-01-17T01:18:08
9860,2025-01-14T08:32:18
5019,2025-09-26T07:40:17
8261,2025-09-26T12:51:27
6131,2025-11-06T22:32:03.959157
4919,2025-03-02T17:57:39
14341,2025-10-14T05:25:34
461,2025-06-01T05:09:34
10452,2025-10-25T12:19:23
3047,2025-07-19T20:02:17
11093,2025-11-06T22:51:03.959201
11018,2025-08-19T00:44:09
9313,2024-12-20T03:04:02
6202,2025-08-25T11:51:02
7348,2025-04-06T04:47:01
15198,2025-03-03T04:02:40
5378,2025-01-26T13:56:41
2939,2025-03-12T00:03:13
14369,2025-03-02T20:25:16
15298,2025-02-10T03:29:46
17762,2024-12-31T09:04:17
12392,2025-06-13T02:14:19
15918,2025-05-18T07:37:25
13200,2025-04-30T07:38:10
4056,2025-10-02T20:53:26
13840,2025-09-21T21:25:36
16483,2025-09-12T16:08:27
14149,2025-08-17T16:46:11
7592,2025-07-16T00:11:03
11726,2025-06-27T15:13:16
6029,2025-02-02T04:03:34
14844,2025-07-06T15:23:16
3219,2025-10-02T17:19:13
4667,2025-02-12T19:34:31
7337,2025-11-06T22:56:03.959447
3592,2025-01-21T17:35:47
1845,2025-10-26T06:43:47
17095,2025-02-11T06:35:32
7550,2025-10-09T17:13:16
13007,2025-10-21T10:37:32
9470,2025-01-19T01:20:06
13898,2025-03-16T23:15:26
18443,2025-06-24T11:40:53
7223,2025-02-03T06:08:56
1245,2025-01-01T05:04:43
17749,2025-10-18T07:47:10
13889,2025-05-12T15:14:51
8546,2025-01-21T11:20:55
10244,2024-12-08T07:54:03
3109,2025-01-05T12:15:00
5990,2025-10-03T05:13:13
12844,2025-04-02T15:41:54
12110,2025-09-17T01:36:57
18801,2025-02-15T01:40:55
11945,2025-11-06T22:12:03.959679
10927,2025-10-16T18:17:00
18406,2025-01-08T13:12:58
10736,2025-06-03T17:48:19
16991,2025-10-28T14:37:13
562,2025-04-12T06:40:49
18078,2025-10-17T12:47:06
14373,2025-11-05T15:10:17
3899,2025-05-02T13:45:03
2859,2024-12-06T01:16:08
7524,2025-02-03T13:57:12
14669,2025-05-17T08:40:04
6900,2025-11-06T22:57:03.959856
17359,2025-10-01T04:20:02
8897,2025-04-19T18:34:14
7447,2025-08-26T03:05:28
12202,2025-09-08T01:46:24
18786,2025-04-27T14:27:11
7105,2025-10-24T08:22:33
12269,2025-02-11T21:00:50
12985,2025-03-07T04:37:12
16877,2025-10-07T14:27:53
9138,2025-10-22T09:16:49
4571,2025-10-12T01:09:09
19500,2025-04-01T20:18:14
3650,2025-07-05T07:11:22
6246,2025-06-11T15:29:13
11775,2025-11-02T00:49:25
15672,2024-11-30T03:42:09
7772,2025-09-26T04:33:11
18023,2025-08-21T17:23:45
9227,2025-09-20T15:45:18
14832,2025-10-23T01:47:40
1623,2025-11-06T22:34:03.959972
19352,2025-11-06T22:27:03.959981
3565,2025-04-09T01:36:56
16568,2025-04-27T06:39:22
632,2025-05-27T20:48:21
13254,2025-05-11T15:37:26
14139,2025-05-30T20:27:23
10877,2025-10-26T12:21:06
18408,2025-03-12T13:12:19
1116,2025-02-27T00:24:34
17653,2025-05-18T04:29:54
13552,2025-02-19T22:25:18
17979,2025-05-14T01:34:39
3871,2025-05-10T07:18:43
14512,2025-02-06T00:37:32
13183,2025-08-28T07:13:52
17240,2025-05-20T12:54:35
9693,2025-02-23T06:15:21
16998,2025-09-01T00:10:47
12047,2025-01-06T08:33:44
6842,2025-04-17T13:04:23
8095,2025-04-07T06:07:51
2687,2025-01-21T04:30:24
2216,2025-06-22T05:13:55
15011,2025-07-07T15:44:35
3353,2025-05-16T12:50:22
7556,2025-06-05T09:15:48
19806,2025-11-06T22:06:03.960097
15205,2025-11-06T22:38:03.960103
11616,2025-06-12T10:54:09
17477,2024-12-14T18:28:24
4156,2024-12-18T18:33:28
5556,2025-10-05T23:40:01
10323,2025-06-03T15:17:10
8820,2025-11-06T22:34:03.960133
983,2025-06-07T21:18:05
5604,2025-11-06T22:21:03.960150
5093,2025-02-21T04:12:50
15901,2024-11-25T13:39:28
11048,2025-08-26T06:44:50
10953,2024-12-14T17:41:02
11682,2025-05-30T08:38:44
12894,2025-03-31T14:56:48
9260,2025-10-23T23:32:10
459,2025-04-14T06:55:03
5052,2025-11-06T22:48:03.960189
5000,2025-06-06T20:44:01
17564,2025-10-14T14:55:46
6674,2025-05-29T17:36:31
14848,2025-05-26T22:41:29
7336,2025-08-01T14:50:46
4807,2025-11-06T22:49:03.960217
6690,2025-09-27T07:31:41
7378,2025-03-08T09:31:21
6607,2025-02-20T14:57:11
190,2025-06-16T16:24:36
15673,2025-07-27T06:56:04
9455,2025-06-15T12:52:08
19689,2025-06-13T04:32:32
176,2025-01-24T03:31:19
7900,2025-11-06T22:55:03.960261
7398,2025-07-08T17:53:09
4414,2024-11-29T19:05:41
7676,2025-03-15T04:15:30
12591,2025-05-11T04:05:27
10263,2025-03-25T07:33:07
13778,2024-12-29T17:45:07
17425,2025-04-12T09:13:02
8776,2025-07-09T06:55:08
12724,2025-01-01T22:42:08
15582,2025-05-27T04:37:47
9295,2025-11-06T22:46:03.960315
19499,2025-06-19T15:48:25
1064,2025-10-09T16:31:54
5422,2025-07-08T13:00:05
614,2025-09-30T17:51:19
16434,2025-11-06T22:28:03.960336
787,2025-07-25T13:31:36
4608,2025-09-17T04:21:37
2336,2025-04-05T00:10:21
14617,2025-03-22T10:35:57
12102,2025-06-08T07:42:21
4290,2025-03-25T08:38:51
10032,2025-05-14T07:16:52
17277,2025-04-20T01:37:41
830,2025-02-16T23:22:22
10929,2025-05-31T05:55:45
15760,2025-08-28T04:04:43
15141,2025-09-13T17:07:22
18590,2024-11-28T22:39:01
13334,2025-05-04T13:53:50
8618,2025-04-15T13:21:18
17499,2025-05-22T17:50:25
26,2025-02-03T23:01:51
9932,2025-09-29T10:00:18
9987,2025-05-08T11:25:31
10128,2025-02-01T20:50:51
5601,2025-11-06T22:09:03.960424
11591,2025-02-23T09:13:22
13253,2025-10-24T07:57:40
4506,2025-02-17T19:53:59
7886,2025-07-01T22:41:32
2576,2024-12-17T19:11:05
14610,2025-09-14T14:58:38
16501,2025-05-03T06:37:46
8908,2025-08-17T14:57:25
7166,2025-04-01T11:41:08
4289,2025-02-05T05:00:14
1337,2025-05-29T09:20:47
15562,2025-02-27T09:31:01
2652,2025-07-19T11:07:19
15048,2025-08-21T03:01:29
18377,2025-06-06T16:50:39
14058,2025-05-12T02:09:54
3873,2025-10-10T17:38:46
16850,2024-12-03T10:47:39
6688,2025-10-20T20:02:22
1423,2025-09-03T02:13:20
14607,2025-01-23T14:29:28
16590,2025-08-23T22:01:09
4469,2025-08-13T17:53:07
8958,2025-06-18T23:20:28
18409,2025-07-18T18:56:52
5201,2025-03-01T17:07:56
11635,2025-07-12T01:34:16
19820,2025-02-03T15:00:53
18559,2025-11-06T22:50:03.960537
11108,2025-05-21T17:59:35
4873,2025-04-15T09:44:12
9498,2025-05-14T02:42:53
6981,2025-11-06T22:33:03.960554
8249,2025-05-08T15:29:41
4091,2025-04-08T00:50:46
2586,2025-07-01T08:38:03
2174,2025-10-27T17:03:36
3798,2025-02-19T04:11:57
4850,2025-09-05T04:23:40
10852,2025-03-21T05:59:18
2346,2025-04-22T18:17:35
2593,2025-09-09T04:45:07
11318,2025-09-26T23:41:18
18573,2025-05-09T17:44:20
1534,2025-04-11T19:15:31
13122,2025-01-09T05:04:50
15325,2025-06-24T13:17:44
4611,2024-12-31T13:40:40
17251,2025-05-20T15:19:18
19474,2025-10-10T06:43:33
11615,2025-10-22T01:31:25
3800,2025-09-26T21:47:00
3805,2025-06-21T12:24:53
18806,2025-08-16T05:39:56
13035,2025-11-06T22:15:03.960641
18512,2025-01-04T12:09:28
18977,2025-01-24T12:18:07
5496,2025-01-05T07:36:05
3167,2025-07-20T11:32:44
2646,2025-01-09T13:44:09
19208,2025-04-04T14:02:23
4921,2025-07-21T20:28:13
11242,2025-01-11T03:27:30
3425,2025-02-11T02:37:32
4727,2025-02-26T13:12:58
15739,2025-01-09T18:19:44
306,2025-05-08T10:47:19
19410,2025-06-02T08:29:44
2948,2025-05-05T04:51:12
5838,2025-04-25T08:01:04
11253,2024-12-08T17:29:20
9369,2025-07-18T20:42:16
11894,2025-05-15T08:31:03
17956,2025-10-18T23:20:34
5296,2024-12-10T12:36:30
14568,2025-08-14T12:28:35
2719,2025-06-07T10:07:57
6258,2025-05-12T21:13:59
9225,2025-09-30T17:10:46
1084,2025-03-22T01:28:30
19472,2025-03-03T05:56:50
13553,2025-05-06T07:20:05
1353,2025-07-09T12:58:16
16493,2025-08-11T15:47:12
6794,2025-06-24T16:09:18
14140,2025-03-04T08:24:58
19568,2025-05-11T08:32:13
18203,2025-01-19T04:54:39
16089,2025-03-17T14:51:40
11444,2025-09-12T15:43:03
4639,2025-03-14T19:53:06
6145,2025-05-05T12:51:12
17912,2025-10-17T15:34:24
17423,2025-04-03T23:13:10
13220,2025-03-05T22:19:16
6683,2024-12-28T11:00:59
1001,2025-11-06T22:33:03.960811
6779,2025-02-16T03:24:36
13797,2025-03-19T11:13:56
1591,2025-04-28T20:16:55
19560,2025-08-28T00:45:01
4918,2025-09-09T21:25:09
14150,2025-03-08T22:24:01
2684,2025-09-27T08:52:47
14428,2025-03-02T17:03:41
10728,2024-12-16T13:44:07
1090,2025-11-06T21:59:03.960852
12747,2025-10-22T21:57:36
16786,2025-06-05T18:19:10
5078,2025-02-06T14:08:10
15431,2025-02-18T04:14:09
6760,2025-11-06T22:52:03.960874
11247,2025-10-02T21:42:33
15403,2025-01-10T03:21:38
2344,2025-11-05T22:45:41
378,2025-02-24T11:35:02
7704,2025-11-04T12:17:45
12058,2025-04-26T09:05:35
9516,2025-03-07T12:24:26
14286,2025-06-14T10:18:14
13068,2025-05-28T05:19:15
3697,2025-08-24T05:32:42
9420,2025-03-21T14:16:04
12989,2025-05-30T20:31:46
11706,2025-04-30T03:57:07
10376,2025-06-19T11:40:01
17243,2025-11-06T22:51:03.960933
14581,2025-04-21T04:03:42
4411,2025-10-29T23:26:44
17804,2025-10-02T10:44:29
14253,2025-03-18T08:19:14
1501,2024-11-28T06:07:04
10330,2025-04-08T06:56:18
12200,2025-04-15T15:06:38
3411,2025-04-05T22:09:16
11777,2025-09-15T19:03:43
17539,2025-08-24T06:43:15
3440,2025-05-21T23:28:56
1195,2025-01-31T09:12:51
8811,2025-11-06T22:23:03.961000
14532,2025-10-10T20:28:49
339,2025-07-02T23:14:21
9104,2025-05-02T09:48:57
4537,2025-04-26T17:50:52
10946,2025-11-04T23:46:04
12763,2025-10-08T02:45:32
18286,2024-12-04T09:13:11
7721,2025-08-26T18:28:47
3668,2025-01-30T10:48:44
7341,2025-03-16T04:32:05
17180,2025-07-03T17:52:57
2239,2025-04-12T23:42:30
14809,2025-09-15T17:46:50
18755,2025-04-11T20:48:42
13208,2025-08-07T00:21:56
5413,2025-03-13T02:29:44
13206,2025-07-13T19:59:22
10655,2025-09-26T14:32:08
6142,2025-06-19T03:50:18
11842,2025-01-23T05:58:16
951,2025-11-06T22:14:03.961085
2758,2025-04-11T06:44:14
153,2025-08-28T10:45:25
14196,2025-10-30T23:35:00
17441,2025-02-03T22:06:09
8164,2024-12-30T18:18:55
18472,2025-05-04T12:07:38
18239,2025-04-27T23:11:57
6071,2025-10-15T05:11:22
13133,2024-12-20T09:16:12
18666,2025-06-04T02:00:40
7289,2025-02-04T06:01:14
14384,2025-11-06T22:02:03.961134
7331,2025-03-26T22:09:51
8310,2025-11-06T22:41:03.961144
2044,2025-05-30T10:05:40
6875,2025-08-03T07:57:48
11668,2025-02-13T12:46:11
1965,2025-02-24T03:19:35
5209,2025-03-11T10:52:23
14116,2025-06-03T05:00:55
14569,2025-10-05T02:39:50
4130,2025-09-14T00:14:22
15003,2025-06-26T19:49:22
16187,2025-02-19T09:35:01
10830,2025-09-01T20:38:39
5151,2025-03-26T15:57:32
8632,2025-11-06T22:15:03.961230
6745,2025-08-09T08:36:49
1330,2025-04-21T10:19:43
7247,2025-05-12T03:07:58
18186,2025-03-22T15:09:14
16312,2025-03-06T03:03:38
16844,2024-12-14T00:20:09
16347,2024-12-25T17:16:40
3468,2025-06-21T13:26:40
12870,2025-05-31T06:30:04
6856,2025-03-22T17:36:06
15679,2025-07-01T02:08:02
1799,2024-12-05T19:20:33
6466,2025-04-07T01:01:54
6838,2025-10-11T08:01:21
6846,2025-07-14T18:17:29
11925,2025-02-17T18:31:28
5107,2025-08-05T23:05:09
12008,2025-09-09T19:57:40
12570,2025-08-28T14:12:29
18570,2025-09-24T20:36:47
13360,2025-11-06T22:10:03.961317
13687,2025-02-16T00:44:58
15004,2025-02-16T03:08:52
344,2024-12-30T04:56:34
17489,2025-08-01T21:51:34
13332,2025-10-21T02:17:09
19836,2025-02-10T08:27:50
301,2024-11-11T11:40:03
8620,2025-02-06T20:05:50
1000,2025-11-06T22:39:03.961356
6757,2025-07-29T23:39:33
538,2025-06-02T23:06:37
18616,2025-04-10T13:59:06
10708,2025-05-26T15:06:08
9257,2025-01-23T16:56:36
7698,2025-04-03T22:59:48
7218,2025-06-29T14:44:40
470,2025-04-16T01:26:20
13146,2025-02-23T05:26:49
3988,2025-11-06T22:18:03.961398
15884,2025-08-31T00:13:37
4643,2025-11-06T22:16:03.961408
2202,2025-03-27T15:13:57
19865,2025-05-29T15:59:12
16363,2025-05-11T18:37:01
8780,2025-02-19T12:47:15
16270,2025-05-05T16:21:19
9659,2025-09-21T23:30:58
12699,2025-07-25T00:18:01
5987,2024-12-29T18:43:17
6139,2025-04-08T03:50:56
4297,2025-03-09T07:04:27
11651,2024-12-25T19:11:39
17411,2025-04-12T01:53:26
6531,2025-02-24T08:00:52
3669,2025-08-28T20:04:22
988,2024-12-22T21:02:40
17552,2025-08-24T21:39:37
910,2025-05-05T05:45:24
7148,2025-09-27T17:51:49
11999,2025-02-22T18:45:39
7158,2025-08-26T15:35:22
825,2025-01-07T04:36:06
6493,2025-03-13T21:29:19
18458,2025-09-01T02:39:39
5644,2025-02-21T14:18:41
6177,2025-11-06T22:19:03.962502
943,2024-12-29T14:24:19
3732,2025-07-04T10:27:57
16448,2025-07-13T08:57:52
887,2025-11-06T22:37:03.962533
17871,2025-11-06T22:00:03.962540
8165,2025-11-05T09:12:31
1645,2025-09-09T22:58:27
19898,2025-02-28T10:39:10
5027,2025-01-03T09:04:33
11538,2025-11-06T22:24:03.962565
12506,2025-03-09T23:38:43
17260,2025-04-21T12:43:57
13065,2025-02-07T11:09:34
19536,2025-02-10T04:16:56
676,2025-05-29T19:09:13
6173,2025-05-06T11:19:05
5412,2025-05-07T02:29:42
220,2025-01-18T05:29:35
3352,2025-02-10T20:07:41
18510,2025-04-09T08:17:25
3085,2025-09-26T16:29:36
10225,2025-04-18T00:40:43
9328,2024-12-25T17:50:27
6487,2025-05-24T19:01:36
8993,2025-06-17T18:32:54
19136,2025-11-06T22:23:03.962640
12285,2025-06-06T06:18:43
9572,2025-11-06T22:49:03.962651
15507,2025-10-10T02:56:05
10665,2025-11-02T22:22:00
4792,2025-08-31T14:42:47
8134,2025-09-14T18:02:27
6787,2025-08-07T19:18:38
8461,2025-07-29T21:39:14
8631,2025-11-06T22:49:03.962684
16526,2025-07-30T04:31:54
13900,2025-05-02T07:32:07
1862,2025-11-06T22:03:03.962700
3583,2025-06-24T14:58:17
5460,2025-07-25T20:27:06
6832,2025-08-26T07:57:25
8316,2025-03-05T08:05:18
7575,2025-10-23T20:27:19
16280,2025-03-31T17:09:27
2114,2025-06-10T20:47:07
13551,2025-05-29T06:50:04
11869,2025-05-02T02:47:09
10069,2025-02-08T18:44:42
566,2025-08-30T05:18:14
808,2025-11-06T22:49:03.962753
1252,2025-06-02T17:09:12
974,2025-06-06T03:09:14
9184,2025-04-16T11:37:28
19559,2025-05-28T08:42:48
16739,2025-02-12T21:21:34
366,2025-07-06T20:27:32
7917,2025-11-06T22:12:03.962786
1174,2025-11-06T22:34:03.962793
6617,2025-03-24T13:54:09
3312,2024-12-26T20:33:08
9426,2025-01-26T00:34:13
4182,2025-11-06T22:47:03.962813
9189,2025-11-06T22:57:03.962819
616,2025-11-06T22:05:03.962826
8949,2025-10-22T23:54:56
6864,2025-11-06T22:36:03.962837
18791,2025-07-25T21:59:02
19197,2025-10-04T18:53:48
19903,2024-12-23T11:50:07
12987,2025-06-30T22:45:38
15551,2025-05-28T07:10:10
17639,2025-11-06T22:45:03.962866
19775,2025-04-18T17:33:48
4207,2025-08-19T19:37:25
7282,2025-06-11T14:26:03
3140,2025-03-12T14:07:53
8453,2025-10-26T06:46:31
19954,2025-02-13T08:34:00
8888,2025-06-06T01:12:24
18953,2025-07-21T19:16:48
885,2025-05-23T20:47:05
8629,2025-03-27T03:25:58
10073,2025-07-14T02:45:34
3880,2025-07-14T18:37:22
475,2025-02-14T22:01:53
11256,2024-12-08T20:41:47
8712,2025-05-16T03:12:15
13175,2025-03-31T00:30:55
12849,2025-01-26T20:35:58
2662,2025-10-17T18:49:21
10063,2025-07-20T06:11:50
17966,2025-07-29T06:18:55
14322,2025-08-09T14:02:47
18999,2025-04-10T15:08:40
19071,2025-04-21T01:19:54
10243,2025-03-10T19:06:08
17183,2025-04-12T09:30:38
12946,2025-11-06T22:44:03.962981
5921,2024-11-09T05:40:05
5516,2024-12-15T19:09:35
10214,2025-07-26T06:00:32
8813,2025-03-25T18:45:26
8517,2025-02-17T12:05:21
9769,2025-02-17T01:52:12
13352,2025-07-08T18:20:46
18094,2025-02-11T01:44:18
9957,2025-11-06T22:57:03.963027
14344,2025-09-30T03:27:19
3831,2025-10-30T13:41:49
2287,2024-12-22T23:46:16
1445,2025-05-09T12:38:22
17298,2025-04-21T00:47:20
3246,2025-07-08T06:46:26
2780,2025-10-03T15:35:19
16398,2025-08-30T04:54:35
6483,2025-06-12T04:25:15
6376,2025-10-09T18:31:18
14853,2025-07-12T04:49:36
8516,2025-04-11T13:32:21
10489,2025-01-19T08:24:40
7570,2025-03-19T21:08:14
4127,2025-10-06T03:32:45
15526,2025-09-01T08:47:34
10402,2025-03-27T14:52:55
2118,2024-12-24T09:43:00
5212,2025-01-17T19:02:19
13224,2025-02-13T04:29:38
15885,2025-01-04T15:14:02
5752,2025-07-09T02:36:44
5877,2025-08-31T23:04:46
443,2025-03-31T09:34:03
5827,2025-07-27T03:54:25
6239,2025-08-04T20:50:53
16830,2025-03-17T05:25:40
1905,2025-11-06T22:06:03.963179
9592,2025-10-25T23:59:32
15134,2025-02-16T20:18:12
12012,2025-06-01T02:27:18
7466,2025-11-06T22:33:03.963204
4991,2025-01-01T08:56:23
18320,2025-11-06T22:04:03.963218
9127,2025-08-19T14:04:40
6157,2025-01-02T15:58:23
16021,2025-01-02T22:00:10
18727,2025-11-06T22:54:03.963243
15743,2025-08-10T15:03:54
11347,2025-06-17T23:10:13
10741,2025-11-06T22:28:03.963262
14041,2025-10-26T23:50:10
1753,2024-12-29T22:09:43
16911,2025-02-18T21:33:24
14413,2025-03-15T09:52:03
4953,2025-02-12T04:03:19
8281,2025-01-19T11:02:13
7307,2025-06-02T04:20:06
6906,2025-01-05T20:40:33
7607,2025-11-06T22:24:03.963305
16388,2024-12-27T16:50:17
13029,2025-09-24T17:59:26
3739,2024-12-30T04:28:31
8297,2025-04-09T22:00:29
16596,2025-11-06T22:41:03.963330
13796,2025-11-01T03:08:44
17121,2025-05-26T04:25:13
16531,2025-01-26T10:50:36
1477,2025-07-25T19:45:51
11718,2025-09-20T01:39:16
17541,2025-04-03T08:14:37
9912,2024-12-30T02:46:44
13355,2025-07-15T19:21:11
2451,2025-08-09T06:54:43
19327,2025-04-26T14:37:14
13606,2025-09-30T15:04:31
19798,2025-03-03T11:42:25
16626,2025-11-06T22:40:03.963389
5289,2025-01-24T19:58:29
14353,2025-10-20T18:28:14
7046,2025-03-16T20:35:48
14710,2025-11-05T23:43:55
10259,2025-06-16T16:50:14
1401,2025-05-04T17:08:13
3701,2024-11-26T01:15:30
2742,2024-12-03T22:18:00
5693,2025-10-12T22:31:56
15065,2024-12-14T14:57:46
15648,2025-11-06T22:53:03.963441
4620,2025-11-06T22:21:03.963448
9054,2025-01-26T23:40:15
19255,2025-05-05T13:57:07
18741,2025-09-11T14:00:08
17772,2025-10-03T23:49:05
12075,2025-01-01T05:28:57
10379,2025-09-04T19:25:11
14787,2025-02-05T01:15:47
5954,2025-01-24T01:42:44
19073,2025-11-03T21:22:21
15525,2025-05-22T21:52:00
293,2025-05-02T15:42:33
17990,2024-12-28T12:14:40
11627,2025-10-12T13:44:19
12044,2025-01-13T05:33:26
11415,2025-09-24T06:54:04
14788,2025-09-05T21:12:18
12953,2025-10-10T07:47:27
7892,2025-07-31T03:18:30
18298,2025-03-27T10:35:09
1790,2025-09-10T12:13:03
19852,2025-10-27T10:31:56
5879,2025-03-30T06:03:31
16599,2024-11-28T09:55:23
9053,2025-01-17T11:54:13
13057,2025-08-27T18:29:41
302,2024-11-29T15:28:10
8643,2025-03-24T20:12:14
783,2024-12-20T11:15:06
12076,2025-02-11T14:52:22
4354,2025-05-23T10:10:35
19309,2025-04-12T15:54:33
3010,2025-01-31T18:17:51
17543,2025-04-02T09:35:25
6992,2025-07-04T22:03:46
15441,2025-09-16T22:28:23
1082,2025-09-17T07:55:32
12600,2025-10-16T18:52:37
10276,2025-02-15T05:27:31
7272,2024-11-29T16:06:20
6068,2025-05-31T20:41:19
15157,2025-02-07T01:11:09
15269,2025-08-31T07:59:49
17570,2025-09-23T11:43:04
4187,2025-03-01T17:58:45
14270,2025-04-17T05:24:26
17410,2025-11-06T22:38:03.964665
18995,2025-03-06T14:51:58
14645,2025-08-11T20:31:15
4223,2025-03-01T19:57:43
13938,2025-03-28T09:52:22
6448,2025-01-20T18:25:03
10189,2025-06-16T05:13:46
19755,2025-11-06T22:15:03.964741
1347,2025-01-12T18:01:47
8566,2025-11-06T22:15:03.964767
18136,2025-05-21T21:29:22
11510,2025-04-23T15:59:09
8662,2025-11-06T22:35:03.964949
3285,2025-05-26T09:16:54
3064,2025-02-13T00:40:41
7058,2025-02-08T04:53:33
17718,2025-07-07T04:49:57
1051,2025-10-16T11:01:23
7671,2025-03-31T20:58:23
4764,2025-06-30T02:27:31
11053,2025-06-30T14:50:41
154,2025-03-05T14:08:08
451,2025-09-30T02:34:43
1179,2025-03-05T21:00:03
11066,2025-11-06T22:08:03.965034
19066,2025-07-19T13:41:57
9324,2025-04-24T23:00:09
19241,2025-10-07T14:58:58
15375,2025-03-06T09:41:38
7507,2025-11-06T22:19:03.965066
2049,2025-07-26T02:05:06
4897,2025-10-05T22:17:25
6880,2025-10-11T17:01:13
2888,2025-09-24T19:18:36
6229,2025-03-01T23:49:00
6764,2025-02-15T08:15:06
11543,2025-08-21T09:52:32
15254,2025-08-11T10:40:12
2257,2025-01-20T20:29:18
8492,2025-06-15T03:26:04
7652,2025-05-22T17:17:55
880,2024-12-25T01:45:39
14018,2025-03-25T18:39:45
4147,2024-12-13T06:59:11
71,2025-05-02T01:25:21
11788,2025-10-15T06:27:11
13454,2025-11-06T22:20:03.965174
19228,2025-10-19T18:42:18
251,2025-02-24T10:30:13
17631,2025-03-23T22:10:16
8125,2025-02-07T19:52:26
13704,2025-08-11T21:55:56
13716,2025-06-02T20:54:15
102,2025-02-22T12:38:50
13109,2025-10-01T20:03:23
15569,2025-09-06T19:42:14
3447,2025-05-30T18:24:33
6561,2025-07-30T12:55:52
440,2025-02-10T23:29:28
12777,2025-01-02T23:01:52
14723,2025-11-06T22:28:03.965258
873,2025-06-14T14:27:41
17469,2025-07-29T01:07:30
19184,2024-12-27T22:52:24
4586,2025-11-06T22:30:03.965283
16454,2025-10-12T01:19:06
16770,2025-06-21T17:34:24
14956,2025-09-07T15:16:35
15153,2024-12-05T05:40:47
15220,2025-07-09T03:55:59
2444,2025-04-06T22:39:20
535,2025-11-06T22:28:03.965465
6208,2025-11-06T22:02:03.965474
5287,2025-05-21T09:32:32
5141,2025-08-16T22:49:36
5135,2025-09-03T16:43:27
13372,2025-07-28T21:53:12
8109,2025-08-02T01:31:35
1324,2025-08-06T02:13:55
7342,2025-04-30T22:33:10
10870,2025-06-26T01:16:29
17738,2025-04-14T16:50:33
10977,2025-11-06T22:32:03.965544
2628,2025-09-06T04:36:19
1222,2025-03-18T04:32:51
18119,2025-03-14T07:59:25
19482,2025-05-30T17:06:15
7578,2025-11-03T00:49:17
13533,2025-08-22T16:02:18
9198,2025-09-20T18:03:00
6339,2025-02-03T06:49:17
4160,2025-10-18T04:01:11
9951,2025-11-06T22:14:03.965608
4500,2025-03-08T08:02:57
7775,2025-02-27T22:33:12
14039,2025-07-25T02:41:15
13859,2025-10-30T19:01:49
17892,2024-12-04T05:01:59
4716,2025-04-12T15:46:19
3758,2024-12-01T08:31:15
1593,2025-11-06T22:53:03.965658
6154,2024-12-26T08:34:44
3856,2025-11-06T22:33:03.965672
11423,2025-11-06T22:05:03.965679
18342,2025-09-14T13:15:45
12042,2025-08-08T01:02:06
9889,2025-08-30T05:09:43
6247,2025-05-30T23:07:54
234,2025-11-06T22:46:03.965706
4477,2025-04-14T05:19:38
2076,2025-02-28T21:52:08
6675,2025-09-19T11:07:11
19385,2025-03-02T07:04:07
18366,2025-08-13T14:11:58
13949,2025-02-02T14:36:36
4743,2025-05-27T18:52:56
17227,2025-07-16T04:48:41
9193,2025-01-25T15:08:08
17089,2025-11-06T22:01:03.965759
10752,2025-11-06T22:39:03.965773
13623,2025-03-23T08:36:28
16949,2025-05-26T12:24:43
12891,2025-06-29T01:02:17
17647,2025-05-31T02:03:03
11802,2025-06-29T07:24:50
147,2025-08-11T12:35:30
15204,2025-07-26T03:31:32
2085,2025-05-16T19:17:00
16645,2025-06-23T19:00:03
16041,2025-09-16T20:07:14
1495,2025-11-06T22:23:03.965830
14001,2025-04-10T07:44:49
3852,2025-04-09T17:52:25
18227,2025-03-13T07:25:17
12053,2025-07-31T11:51:45
5324,2025-06-09T03:07:30
2573,2025-03-08T06:59:29
17683,2025-06-14T14:40:31
1278,2025-06-11T06:00:40
7540,2025-09-05T11:54:05
18236,2025-04-06T00:50:26
19583,2025-02-07T01:26:04
1605,2025-09-12T18:23:19
1106,2025-02-27T04:18:02
10509,2025-10-31T18:57:27
16233,2024-12-21T09:28:08
6292,2025-05-08T06:55:30
10908,2025-01-05T10:10:03
12329,2025-08-01T06:18:59
1568,2025-04-24T23:30:20
19612,2025-07-17T16:25:37
9117,2025-09-02T12:02:43
1060,2025-02-17T14:16:33
784,2025-04-21T13:10:10
18687,2025-02-17T09:13:36
13000,2025-08-23T16:53:52
7733,2025-11-06T22:47:03.965960
19008,2025-09-22T23:59:40
7087,2025-08-06T01:27:26
16016,2025-07-17T15:03:20
18209,2025-03-16T00:48:29
2738,2025-03-07T00:56:23
2209,2025-05-08T07:03:59
18030,2025-03-24T00:08:06
946,2025-03-28T11:31:57
8671,2025-01-31T11:08:47
2361,2025-05-10T11:04:51
855,2025-10-09T18:10:16
3362,2025-04-06T16:13:59
10730,2024-12-29T23:16:51
2241,2025-05-16T20:13:20
17958,2025-10-04T21:39:26
15613,2025-01-29T12:35:02
5872,2025-05-22T15:40:46
5686,2025-11-06T22:04:03.966055
5122,2025-04-06T13:34:03
17524,2025-09-28T11:05:36
4596,2024-12-30T18:58:31
2352,2025-07-03T14:47:40
7555,2025-01-03T09:41:33
4202,2024-12-14T18:08:00
18087,2025-05-20T18:44:10
548,2025-11-06T22:04:03.966105
1517,2024-12-02T06:12:11
864,2025-08-08T21:37:37
13328,2025-04-21T18:20:24
12333,2025-01-26T23:24:17
12274,2025-09-16T12:12:05
7007,2025-11-06T22:33:03.966137
2395,2025-04-23T06:24:40
1926,2025-11-06T22:34:03.966149
1634,2025-10-15T22:08:13
19817,2025-06-07T00:48:36
10264,2024-12-21T23:35:25
11675,2025-11-06T22:44:03.966172
3191,2025-07-25T20:01:15
15581,2025-11-06T22:40:03.966184
6038,2025-07-24T17:47:02
11283,2024-12-23T07:59:33
2430,2024-11-14T13:21:03
12386,2025-03-27T01:31:42
17094,2025-10-13T20:30:57
2203,2025-04-29T18:07:45
12727,2025-03-25T02:09:39
10104,2025-07-04T14:27:12
19203,2025-04-07T02:06:58
16821,2025-01-22T17:57:02
802,2025-01-31T21:39:39
16294,2025-11-06T22:48:03.966250
10000,2025-06-13T09:22:17
18974,2025-08-30T05:37:20
8292,2025-09-25T14:26:22
15423,2025-07-09T16:04:07
68,2025-09-19T00:47:02
16585,2024-12-29T18:35:12
9063,2025-07-08T04:59:30
573,2025-08-20T05:27:50
10848,2025-09-04T18:10:57
6665,2024-12-26T00:01:50
15398,2024-12-25T02:54:17
10521,2025-08-29T20:42:57
5492,2025-02-14T02:06:19
16204,2025-01-03T12:00:39
11063,2025-02-02T06:23:08
12539,2025-08-11T03:20:03
15151,2025-06-09T22:50:51
10412,2025-01-20T22:00:30
8397,2025-08-10T07:04:30
8058,2025-03-06T14:57:01
16196,2025-06-15T12:50:48
19601,2025-03-20T08:51:58
15053,2025-08-26T07:25:36
5192,2025-07-17T01:38:26
6689,2025-06-01T15:44:40
19207,2025-02-09T13:49:27
18319,2025-09-17T23:46:49
1759,2025-05-22T22:55:02
12066,2025-11-06T22:57:03.966408
6132,2025-05-23T02:21:09
14587,2025-09-28T15:15:08
12860,2025-03-09T14:32:17
6905,2025-03-22T09:52:08
14679,2025-03-05T05:52:28
9796,2025-06-22T10:00:05
5357,2025-11-06T22:57:03.966448
9670,2025-02-03T02:16:45
3298,2024-11-10T03:21:00
17655,2025-01-04T17:25:47
12926,2025-11-06T22:02:03.966472
579,2025-06-08T00:05:27
10691,2025-11-06T22:53:03.966486
2087,2025-08-13T10:41:48
19881,2025-06-23T10:11:20
13193,2024-12-27T21:02:39
8716,2025-11-06T22:13:03.966509
6342,2025-01-03T02:58:21
16706,2025-07-21T05:49:32
5564,2025-09-08T06:41:14
13867,2025-01-25T05:17:19
3463,2025-03-01T05:01:03
14813,2025-11-06T22:02:03.966556
17586,2025-05-17T13:27:35
13350,2025-10-10T14:35:23
17822,2025-02-18T18:03:49
2279,2025-01-03T10:25:57
4499,2025-06-21T15:39:09
13782,2025-07-18T13:02:56
5421,2025-07-29T04:04:44
17490,2025-02-04T16:42:44
10404,2025-04-24T16:11:03
18714,2025-06-14T23:16:26
10867,2025-02-15T04:25:51
4775,2025-11-06T22:47:03.966616
13562,2025-06-12T21:14:55
16153,2025-05-30T15:29:26
14964,2025-06-17T15:18:16
17099,2025-04-07T06:39:11
17439,2025-05-24T20:09:30
12875,2024-11-13T21:47:54
5782,2025-07-12T07:09:51
15830,2025-06-17T03:01:47
1806,2025-11-06T16:39:22
16714,2025-06-30T23:28:45
14120,2025-11-06T09:07:04
4047,2025-11-06T22:57:03.966700
7068,2025-03-25T07:45:52
8943,2024-11-28T08:11:55
2302,2024-12-27T00:35:01
6707,2025-06-06T00:05:51
10411,2025-05-13T05:34:42
7485,2025-10-25T08:55:30
13141,2025-02-27T05:12:41
18267,2025-10-02T02:26:15
1783,2025-06-27T07:20:16
18596,2025-04-07T00:30:25
14672,2025-01-15T18:47:51
3624,2025-04-29T13:12:27
12913,2025-11-06T22:03:03.966853
18986,2025-03-08T13:48:03
19677,2025-06-25T23:56:19
16834,2025-01-07T01:32:39
13042,2024-11-25T21:07:41
15788,2025-01-28T01:35:02
18698,2025-04-18T21:26:48
17340,2024-11-18T22:07:00
19492,2025-11-04T21:24:56
16801,2025-09-16T02:28:17
4538,2025-04-21T11:15:53
587,2025-03-30T00:46:13
17312,2025-03-09T13:54:57
16669,2025-06-14T11:00:36
8755,2025-11-06T22:01:03.966928
4444,2025-07-26T21:03:49
2892,2025-09-23T11:01:17
8457,2025-02-07T11:28:41
3995,2024-12-10T20:25:59
19076,2025-05-25T04:57:50
11722,2025-07-07T02:53:02
1173,2025-01-03T16:47:12
6631,2025-08-04T20:23:03
14558,2025-02-17T09:24:43
10336,2025-05-16T12:09:38
3433,2025-08-31T15:54:04
8559,2025-03-25T07:11:02
6299,2025-11-06T22:58:03.966992
8905,2025-02-09T06:03:54
14072,2025-11-06T22:35:03.967004
4964,2025-09-30T07:13:39
10466,2025-08-22T13:00:45
14692,2025-03-25T11:18:48
9224,2025-05-04T21:16:20
8149,2025-07-10T14:59:03
5852,2025-02-15T10:45:04
85,2025-04-15T11:24:12
14237,2025-02-11T03:32:09
1118,2025-10-15T00:33:10
13679,2025-09-01T05:30:34
10710,2025-01-03T11:07:13
12210,2025-07-02T09:51:51
15341,2024-12-12T05:51:43
5820,2025-04-10T03:06:02
14131,2025-04-12T15:20:09
11620,2025-07-01T18:50:46
18768,2025-07-09T04:31:28
19770,2025-05-25T00:51:36
3400,2025-07-17T09:04:11
15330,2025-09-21T12:50:48
5669,2025-02-25T14:48:52
13128,2025-07-14T00:12:01
18300,2025-06-06T15:33:57
8319,2025-01-18T05:46:20
6750,2025-04-09T09:12:34
8687,2025-11-06T22:09:03.967133
6515,2025-04-13T14:34:22
6795,2025-08-31T09:50:44
18958,2025-10-07T04:09:03
12143,2025-01-15T04:42:18
11219,2025-06-29T20:06:53
6868,2025-04-18T19:06:24
9804,2025-06-16T01:38:26
5741,2025-03-12T03:41:51
11849,2025-08-26T17:08:55
1840,2025-10-13T05:57:25
5793,2025-07-02T04:54:53
5732,2025-05-15T21:56:56
684,2025-08-24T04:19:03
11261,2025-05-08T12:29:15
8590,2025-03-14T13:18:51
17517,2025-01-09T16:56:34
7069,2025-01-20T21:47:15
17373,2025-02-21T03:25:40
6217,2025-03-05T03:41:39
5398,2025-02-28T18:45:50
19943,2024-12-31T08:46:39
19515,2025-03-11T06:07:46
11377,2025-10-26T00:47:24
2873,2025-05-04T23:18:13
7975,2025-01-09T02:01:47
4674,2025-08-06T09:01:59
15317,2025-11-03T12:54:10
6544,2025-08-21T18:53:58
15695,2025-04-23T16:04:56
2511,2025-02-19T17:34:08
12652,2025-11-06T22:40:03.967268
12152,2025-02-05T01:27:49
1649,2025-08-18T02:14:05
9993,2025-11-06T22:51:03.967285
12867,2025-09-24T22:37:19
6824,2025-03-21T20:33:36
19857,2025-04-12T13:26:21
19613,2025-07-19T03:18:50
3110,2025-06-09T21:42:31
15756,2025-09-23T05:31:31
18020,2025-06-01T03:52:46
13946,2025-08-14T15:10:19
12343,2025-11-04T07:40:06
3083,2025-05-07T03:00:16
16469,2025-04-08T17:44:23
2227,2025-07-09T10:34:30
10985,2025-08-07T11:59:24
17033,2025-11-06T21:59:03.967347
12643,2025-01-17T09:37:20
15400,2025-09-04T20:04:44
16997,2025-03-17T01:10:12
4422,2025-01-10T19:10:45
5825,2025-09-14T11:32:47
15659,2025-03-04T06:34:37
14202,2024-12-31T07:58:33
15096,2025-11-06T22:46:03.967384
12759,2025-01-15T01:32:06
8170,2025-05-12T00:51:26
4482,2025-01-07T21:55:18
9669,2024-12-08T20:54:26
10529,2025-02-04T02:52:48
5057,2025-08-04T19:52:38
7687,2025-01-22T19:52:05
577,2025-07-08T06:14:03
13973,2025-07-23T08:33:20
8322,2025-07-07T00:48:11
5022,2025-09-27T22:21:04
8541,2025-09-04T12:58:16
15271,2025-07-17T17:01:23
14773,2025-07-12T21:05:06
2683,2025-08-02T09:00:23
8655,2025-05-18T00:36:28
4287,2025-06-08T10:02:43
14092,2025-07-12T07:30:29
5159,2025-04-30T03:34:27
16094,2025-06-03T03:16:28
15344,2025-07-25T05:33:10
13106,2025-07-08T08:40:38
381,2025-05-31T01:23:16
2242,2025-09-22T23:50:20
19239,2025-10-23T08:51:30
19134,2025-07-04T10:01:06
8433,2025-06-05T16:26:10
8449,2025-05-24T02:58:22
17265,2025-03-21T11:09:05
1934,2024-12-20T11:47:47
9484,2025-11-06T22:27:03.967518
13026,2025-04-09T07:47:14
19206,2025-03-27T13:40:24
1757,2025-02-28T06:03:05
4136,2025-07-20T01:59:18
2901,2025-11-06T22:30:03.967542
8717,2025-06-03T11:37:48
977,2025-07-09T11:06:01
14066,2025-08-03T15:18:45
3630,2025-01-18T23:04:59
621,2025-07-07T01:29:55
13991,2025-01-30T18:51:28
5010,2025-01-18T10:54:18
18518,2025-11-06T22:14:03.967578
14637,2025-01-27T07:52:44
1091,2025-08-27T06:39:07
14514,2025-08-26T09:44:04
5233,2025-07-07T23:51:26
19368,2025-05-28T22:40:26
4435,2025-05-26T00:49:24
3672,2025-03-13T18:48:19
5974,2025-02-22T19:03:53
15020,2024-11-23T03:48:15
16277,2025-04-15T06:37:50
18330,2025-05-06T15:03:16
16851,2025-04-02T18:06:47
19875,2025-08-25T15:16:15
10229,2025-02-09T00:58:26
12213,2025-08-03T19:56:01
453,2025-10-03T15:56:31
12905,2025-11-05T12:51:02
16936,2025-09-16T06:53:33
18042,2025-08-03T13:15:42
10707,2025-06-01T00:14:16
8534,2025-06-29T03:04:13
10287,2024-12-26T02:42:24
7498,2025-11-06T22:14:03.967677
6834,2025-05-02T01:39:59
7450,2025-06-24T22:00:41
4960,2025-09-08T17:59:26
7893,2025-11-06T22:28:03.967697
2296,2025-02-21T00:19:13
13123,2025-11-06T22:24:03.967708
11313,2025-04-11T23:32:59
15777,2025-04-20T13:22:32
13363,2025-08-03T13:39:35
18281,2025-03-10T03:04:56
4263,2025-09-11T02:00:16
10010,2025-06-15T12:43:30
11579,2025-01-31T09:43:41
19908,2025-11-06T22:40:03.967752
13362,2025-08-11T13:27:13
436,2025-08-12T03:07:10
9302,2025-06-11T02:01:41
12492,2025-09-18T02:11:33
5934,2025-06-05T14:08:56
30,2025-01-04T15:31:16
17642,2025-04-11T15:30:55
16081,2025-04-10T10:23:39
13780,2025-08-31T15:49:51
4467,2025-09-09T19:36:08
16453,2025-01-14T15:15:40
19487,2025-01-13T19:48:56
9347,2025-08-05T03:01:29
11451,2025-03-04T20:20:12
10858,2024-12-06T21:59:04
19222,2025-05-29T13:06:58
2334,2025-09-02T22:39:11
2038,2025-02-06T23:09:49
19945,2025-11-06T22:26:03.967838
7416,2025-08-15T15:24:43
13282,2024-12-31T08:38:43
9588,2025-11-06T22:18:03.967854
8317,2024-12-24T10:52:42
18765,2025-02-17T08:50:58
8386,2025-08-30T21:03:38
8678,2025-03-12T04:07:30
2389,2025-08-06T11:05:31
3665,2025-06-21T08:55:06
4749,2025-01-16T09:00:36
9813,2024-12-29T23:48:40
8638,2025-02-23T05:10:14
5747,2025-03-09T15:13:18
15060,2025-06-21T13:31:17
15276,2025-05-10T02:46:09
12425,2025-10-26T08:25:20
4840,2025-03-07T15:29:52
7937,2025-07-16T19:40:39
15888,2025-07-05T14:42:31
12807,2025-08-11T15:15:46
6940,2025-08-21T09:55:42
6266,2025-02-19T04:47:51
13460,2025-01-10T16:10:10
9390,2025-02-23T16:01:05
15736,2025-11-06T22:42:03.967953
4997,2025-08-13T23:09:03
4754,2025-03-13T03:07:15
5773,2025-08-18T06:27:43
18566,2025-07-18T14:35:19
9716,2025-04-26T10:46:32
15995,2025-06-23T03:36:00
12161,2025-03-01T10:50:37
13550,2025-05-28T18:37:15
15211,2025-04-03T13:29:40
5172,2025-03-24T18:43:45
7000,2025-02-12T21:06:34
16546,2025-11-06T10:14:05
16337,2024-12-21T16:15:23
5576,2025-01-07T18:47:52
9448,2025-03-23T17:42:17
2293,2025-10-04T08:15:23
3035,2025-07-12T00:29:52
18198,2024-12-16T14:46:23
8440,2025-03-30T17:00:55
5404,2025-06-01T16:57:23
4380,2025-08-23T12:17:24
16874,2025-08-17T20:27:58
5880,2025-11-05T01:45:20
984,2025-10-12T10:04:45
1892,2025-02-09T17:09:39
18045,2025-07-29T11:55:06
5124,2025-10-12T05:49:49
2313,2025-05-23T04:57:34
15817,2025-01-01T05:56:27
1190,2025-08-19T01:30:17
814,2024-12-19T16:57:02
170,2025-05-15T07:03:48
12714,2025-02-19T11:20:39
3166,2025-09-25T08:02:50
1359,2025-02-25T08:55:20
6058,2025-01-17T23:29:36
13636,2025-01-02T09:55:05
12889,2025-04-27T02:55:14
1307,2025-07-28T12:36:21
16665,2025-11-06T22:15:03.968126
14522,2025-03-09T02:15:41
7240,2024-12-27T20:52:31
771,2025-03-30T14:34:40
19753,2025-04-24T18:55:29
9229,2025-09-15T18:51:27
13179,2024-12-11T09:44:04
14716,2025-04-29T11:15:16
183,2024-12-07T14:31:10
13767,2025-01-28T20:47:01
14044,2025-05-01T02:08:58
7958,2025-05-30T17:01:32
17824,2025-02-24T01:10:15
6512,2025-05-17T22:54:01
15734,2025-01-17T18:24:55
890,2025-05-17T17:45:47
18587,2025-08-12T06:03:50
5406,2025-09-16T20:04:49
3806,2025-08-19T05:07:19
11782,2025-03-29T03:08:17
17588,2025-06-01T15:52:26
17303,2025-08-13T07:25:47
216,2025-09-07T12:51:02
13279,2025-09-03T23:43:56
17917,2025-10-27T06:56:59
12768,2025-02-19T17:51:21
8286,2025-11-03T07:59:49
565,2025-09-19T13:15:42
13148,2025-08-06T12:52:46
9342,2025-03-04T16:57:48
18597,2025-09-01T08:24:49
2316,2025-04-27T09:13:15
10024,2024-11-26T02:02:56
2130,2024-12-14T16:17:35
15804,2025-03-02T10:35:29
6332,2025-05-03T20:22:21
17945,2025-04-06T14:34:04
3297,2025-01-13T14:48:19
8146,2025-05-25T13:06:47
3996,2025-08-02T17:34:00
10208,2025-04-01T14:01:41
12250,2025-05-16T19:00:37
15370,2025-09-17T10:55:17
3322,2025-03-31T09:26:39
9842,2025-11-06T22:06:03.968330
9238,2025-04-12T12:57:44
13060,2025-01-04T14:29:26
10970,2025-07-02T23:29:59
5803,2025-10-14T02:09:00
4061,2025-03-24T13:44:06
15750,2025-02-24T01:25:59
16048,2025-09-15T23:06:19
11217,2025-01-05T17:29:27
15722,2024-12-07T19:48:47
4851,2024-12-11T03:00:16
16771,2025-05-07T13:22:14
8893,2025-09-03T18:41:54
18736,2025-03-07T11:33:43
4046,2025-06-18T07:44:48
11157,2025-03-13T04:34:26
8591,2025-05-06T04:35:23
14628,2025-09-17T12:36:38
8361,2025-10-05T09:33:33
47,2025-01-09T13:16:54
19632,2025-04-13T18:27:51
95,2025-02-22T06:41:25
2312,2025-09-07T10:11:21
6042,2025-08-21T08:55:56
18062,2025-04-21T20:26:08
19751,2025-05-28T18:47:07
2366,2025-07-10T18:10:05
3681,2025-05-24T22:15:28
8385,2025-08-30T16:35:48
14275,2025-03-10T20:51:26
19219,2025-05-28T23:13:03
14465,2025-09-24T03:44:14
17311,2025-03-02T15:10:35
7741,2025-10-01T02:04:47
16950,2025-10-08T22:23:11
5739,2025-02-02T14:08:52
2676,2025-03-16T03:27:15
9873,2024-12-13T06:11:11
15084,2025-10-30T11:52:36
2980,2025-05-22T06:28:09
8198,2025-01-12T20:13:55
5113,2025-07-31T05:23:53
4941,2025-04-20T14:10:30
11610,2025-03-20T10:50:26
9115,2025-08-12T22:16:38
7859,2025-03-01T10:36:13
5992,2025-06-13T19:34:30
14922,2025-03-28T16:34:10
4495,2025-04-22T01:35:25
127,2025-07-17T04:26:00
5510,2025-10-13T02:12:06
12992,2025-08-20T22:14:03
5095,2025-06-17T04:02:50
16415,2025-11-06T22:38:03.968546
12426,2025-05-25T02:53:49
15780,2025-02-09T03:46:30
15075,2025-10-20T16:51:45
16549,2025-02-23T09:02:53
18824,2025-04-15T20:08:43
2434,2025-03-19T06:00:36
17932,2025-04-16T01:13:33
18426,2025-02-28T11:30:42
2803,2025-09-12T03:33:47
12406,2025-04-29T14:01:54
9638,2025-09-19T15:58:37
464,2025-05-31T13:32:42
14683,2025-02-11T15:16:03
16074,2025-09-12T12:55:42
1356,2025-11-06T22:24:03.968626
9528,2025-03-03T19:02:14
14242,2025-04-07T07:52:53
5501,2025-04-07T07:12:49
8260,2025-07-26T20:28:00
16426,2025-05-17T18:59:57
1647,2025-10-24T09:22:50
8734,2025-01-18T08:58:54
19616,2025-07-10T22:07:59
11508,2025-05-17T00:18:18
11714,2025-06-29T04:30:45
13158,2025-04-14T02:06:10
6854,2025-04-09T04:53:54
10140,2025-11-06T22:47:03.968689
19415,2025-07-05T09:28:57
3408,2025-06-02T01:21:29
7621,2025-06-04T00:08:06
17182,2025-06-13T16:36:12
17708,2025-09-14T18:44:17
2775,2025-11-06T22:50:03.968715
7059,2025-01-15T12:12:36
11975,2025-01-17T08:24:20
19423,2025-11-06T21:59:03.968732
433,2025-07-16T10:38:23
2350,2025-01-08T17:55:37
4956,2025-03-04T21:22:10
19429,2025-06-15T03:55:37
18610,2025-10-30T20:22:49
12710,2025-09-13T13:51:36
10022,2025-06-10T22:51:28
2883,2025-11-06T22:37:03.968770
12448,2024-12-03T20:01:27
1549,2025-08-04T07:08:33
262,2025-03-20T12:23:03
14278,2025-01-08T03:46:49
1300,2025-06-01T10:44:29
17023,2025-01-14T02:35:42
5449,2025-07-06T08:41:46
7350,2025-01-18T03:56:49
17117,2025-08-22T12:47:59
8829,2025-10-10T18:51:12
18174,2025-03-18T03:21:50
6414,2025-09-05T16:52:58
19408,2025-04-20T13:10:58
16231,2025-09-25T02:18:27
9781,2025-06-08T10:40:36
9683,2025-01-27T01:54:30
12341,2025-11-06T22:24:03.968838
9206,2025-11-02T00:43:40
9005,2025-08-18T14:43:43
14556,2025-02-05T03:49:24
14982,2025-04-02T09:23:23
19393,2025-03-17T06:12:09
5695,2025-05-22T11:03:55
12757,2025-10-08T01:35:31
7821,2025-02-05T05:24:53
4504,2025-11-03T23:28:31
10785,2025-08-20T14:54:46
8978,2025-05-03T00:54:23
18540,2025-07-30T17:15:17
4565,2025-05-17T08:23:41
18421,2025-05-31T11:22:33
1601,2025-10-10T09:20:16
15195,2025-07-15T20:51:32
13439,2025-01-06T07:50:09
8554,2025-06-26T12:16:32
4138,2025-11-06T22:44:03.968912
16754,2025-08-12T01:42:45
875,2025-05-20T22:47:22
15982,2025-02-11T06:40:36
11887,2025-05-12T01:29:46
17367,2025-07-25T17:05:22
9654,2025-08-27T22:39:30
1078,2025-09-11T01:23:00
2308,2025-10-29T01:36:06
17288,2025-05-21T22:01:24
17938,2025-09-09T23:42:11
14865,2025-07-25T16:02:00
12823,2025-04-24T16:43:29
2380,2024-12-08T13:22:01
16360,2025-03-23T21:14:26
8301,2025-01-21T14:06:22
9907,2025-06-15T16:28:07
16876,2025-01-24T18:29:29
3960,2025-11-04T16:54:17
17268,2025-04-12T13:04:38
12765,2025-07-31T20:04:33
3201,2025-10-31T02:55:01
6330,2025-01-24T14:58:55
13117,2025-11-06T22:13:03.969005
18138,2025-09-28T18:51:15
19792,2025-06-14T07:53:13
16783,2025-09-23T00:17:15
1066,2025-02-26T09:12:48
13074,2025-07-25T22:49:57
9803,2025-04-11T09:23:23
6738,2025-07-17T06:51:50
7618,2025-05-05T22:49:32
15821,2025-10-17T20:07:11
3591,2025-03-29T08:27:06
4069,2025-09-27T22:47:45
1121,2025-04-04T10:17:05
3186,2025-07-16T02:22:53
7156,2025-06-22T03:20:43
2971,2025-07-18T17:52:07
9574,2025-04-26T00:40:12
17898,2025-09-30T10:02:15
12624,2025-10-31T06:59:18
17860,2025-04-30T05:53:12
6297,2025-05-14T17:06:42
13078,2025-08-18T04:49:49
19609,2024-11-26T15:33:17
3277,2024-12-28T00:59:44
11701,2025-09-11T05:45:44
16905,2025-05-05T18:02:59
2527,2025-03-06T19:36:35
7722,2025-07-07T04:17:29
7863,2025-07-11T13:23:19
8944,2025-11-06T22:06:03.969117
13497,2025-07-13T18:35:07
18826,2025-04-19T09:05:25
17174,2025-06-29T07:40:55
10685,2025-06-23T19:18:54
16756,2025-06-10T05:48:26
12072,2025-09-10T05:17:50
11464,2025-05-10T05:06:21
408,2025-07-01T10:02:53
11626,2025-10-20T10:37:35
1380,2025-09-08T07:50:40
7443,2025-10-12T02:23:55
15300,2025-05-05T17:53:41
3736,2025-04-11T00:54:23
19296,2024-12-19T13:30:24
792,2025-05-24T15:18:28
172,2025-04-09T14:33:45
4437,2025-04-15T23:49:20
12721,2025-01-31T04:05:28
12265,2025-01-17T23:14:11
17313,2025-05-29T10:18:46
3750,2025-09-18T17:25:57
13348,2025-03-28T00:56:34
9119,2025-11-06T22:00:03.969206
4937,2025-01-13T04:29:27
7464,2025-10-20T08:02:44
14169,2025-01-29T02:33:52
12910,2025-11-06T22:43:03.969225
2354,2025-10-25T04:13:13
13923,2025-04-27T21:18:46
15915,2025-06-08T13:46:03
7226,2025-04-17T19:13:01
11558,2025-09-04T07:31:17
2440,2025-04-06T22:59:03
16695,2024-11-29T10:23:11
7868,2025-06-22T00:49:58
5624,2025-09-05T05:48:38
4323,2025-02-10T05:25:57
6789,2025-06-28T17:51:35
11602,2025-07-08T04:32:34
5420,2025-07-07T22:41:03
9854,2025-07-06T16:58:09
7895,2025-06-13T12:03:47
8083,2025-06-25T11:07:20
6959,2025-09-23T04:35:45
8640,2025-05-04T18:26:14
4175,2025-10-25T11:16:39
8753,2025-09-10T03:51:21
16660,2025-06-15T11:27:39
10740,2025-04-18T23:34:02
17646,2025-04-14T15:00:04
8209,2025-04-08T23:13:10
10269,2025-11-06T22:38:03.969330
8669,2025-09-06T11:28:21
10822,2025-03-28T18:24:07
3280,2025-07-22T16:17:07
811,2024-12-28T11:22:09
1081,2025-04-24T16:25:13
7022,2024-12-08T03:30:55
15550,2025-02-04T02:42:06
8153,2024-12-15T09:43:31
8459,2024-12-31T06:19:54
16742,2025-10-16T06:03:04
14713,2025-03-02T09:52:08
1176,2025-01-05T19:36:34
6610,2025-03-25T16:11:45
14656,2025-06-13T14:33:15
13288,2025-02-25T04:24:20
5278,2025-01-09T20:38:08
5760,2025-05-01T14:00:19
4124,2025-10-19T22:11:15
3041,2025-11-06T22:52:03.969402
11570,2024-12-08T12:45:40
18900,2025-03-08T01:02:22
13457,2025-08-22T11:22:57
9893,2024-11-20T09:08:36
7078,2025-10-17T08:36:08
1775,2025-11-04T18:00:23
15351,2025-04-19T10:33:59
19358,2025-11-02T07:13:14
19550,2025-04-12T01:01:22
2450,2025-05-20T00:52:13
7187,2025-07-05T04:21:13
11190,2025-06-25T07:04:25
6829,2025-08-11T02:37:29
10248,2025-04-25T14:57:24
13753,2025-11-06T22:50:03.969460
1389,2025-07-31T15:17:32
4013,2025-08-23T06:58:19
7762,2025-01-14T03:57:57
19646,2025-07-26T18:06:52
5858,2025-11-06T22:51:03.969480
4261,2025-08-20T01:54:28
17496,2025-07-07T03:36:43
7012,2025-11-04T13:06:50
11455,2025-10-07T16:32:09
18695,2024-12-23T23:10:53
8067,2025-04-22T15:32:19
1485,2024-12-04T04:16:24
5687,2025-05-21T21:44:33
4826,2025-09-28T09:22:08
4492,2025-08-07T13:56:08
9086,2025-10-09T13:58:57
19719,2025-11-06T22:06:03.969624
10589,2025-10-29T03:28:20
14084,2025-02-04T11:55:24
15229,2025-05-11T23:39:33
9703,2025-10-31T07:45:40
13063,2025-08-07T18:34:53
16918,2025-01-29T02:14:19
13226,2025-09-30T07:40:36
19391,2025-02-25T06:26:16
1848,2025-10-29T05:40:51
7574,2025-04-01T23:07:50
3724,2025-11-06T22:48:03.969667
7100,2025-06-07T03:06:20
14765,2025-07-03T18:54:49
6638,2025-09-30T00:18:35
17689,2025-03-31T23:43:29
11191,2025-06-18T10:16:18
19279,2025-03-23T00:25:39
1779,2025-03-10T10:06:35
1141,2025-11-06T22:27:03.969699
10868,2024-12-15T02:55:34
19272,2025-08-23T19:00:51
18257,2025-07-04T08:59:53
5368,2025-03-17T18:45:21
1467,2025-05-02T07:48:10
16439,2025-04-19T02:51:54
7434,2025-07-12T04:13:16
16322,2025-02-02T22:20:08
10058,2025-08-13T16:00:47
17922,2025-02-20T05:07:53
17944,2025-09-14T01:16:01
9626,2025-04-22T10:57:11
19414,2025-06-19T07:33:40
7534,2025-08-19T02:08:02
469,2025-03-24T15:19:26
9534,2025-06-29T06:36:04
7661,2025-01-11T22:43:49
1465,2025-08-04T17:10:05
3689,2025-08-23T07:16:53
120,2025-11-06T22:00:03.969775
5399,2025-07-30T16:29:50
349,2025-04-28T18:46:16
7777,2025-01-05T23:37:14
17028,2025-01-31T04:53:10
5419,2025-04-05T01:40:10
18234,2025-01-07T11:52:49
12604,2025-10-29T10:05:30
19005,2025-01-27T02:31:41
18396,2025-08-19T18:29:03
8700,2025-02-17T19:43:17
19555,2025-09-18T09:56:51
19365,2025-08-18T03:17:51
13067,2025-05-19T15:40:08
19055,2025-07-02T06:24:53
3905,2025-04-23T13:42:26
6199,2024-12-17T12:31:05
17847,2025-03-07T14:12:26
6023,2025-04-26T06:54:40
1851,2025-05-09T00:09:27
14952,2025-10-25T10:36:59
12380,2025-03-09T09:34:07
3149,2025-10-02T09:29:09
15597,2025-11-06T18:00:22
17266,2025-02-25T22:40:25
8066,2025-07-23T15:06:49
7033,2025-09-19T20:50:59
15005,2025-10-27T06:54:17
9567,2025-06-15T05:54:21
547,2025-11-06T22:38:03.969901
18524,2025-09-24T05:14:17
3242,2025-11-06T22:36:03.969911
8981,2025-04-10T19:36:08
13283,2025-08-22T23:27:15
11654,2025-07-12T13:41:47
1186,2025-10-29T17:10:37
5685,2025-02-21T07:15:37
3549,2025-04-13T08:15:24
212,2025-01-30T23:48:43
17625,2025-03-14T08:22:56
15127,2025-06-10T18:05:04
12812,2025-06-05T11:25:30
12317,2025-01-05T20:09:18
14114,2025-08-02T07:13:36
14433,2025-06-13T18:49:37
11600,2025-07-01T03:30:07
14197,2025-02-06T01:26:53
19086,2025-03-30T02:41:22
19373,2025-06-09T14:19:47
4128,2025-08-12T13:03:21
11883,2025-02-10T14:36:02
5253,2025-05-04T01:16:41
10086,2025-02-05T01:12:43
17699,2025-03-06T14:56:37
2749,2025-09-12T05:24:10
12081,2025-02-19T11:21:34
6714,2025-05-30T19:56:59
15214,2025-03-17T16:16:19
2771,2025-04-14T02:01:21
19866,2025-05-08T06:39:49
14068,2025-10-24T04:32:58
17199,2025-03-11T01:18:52
6306,2025-01-17T06:34:08
11790,2025-04-16T09:30:37
1510,2025-03-05T02:08:27
11285,2025-01-12T21:47:20
1363,2024-11-27T14:14:52
6809,2025-05-12T14:37:58
4546,2025-06-19T12:21:37
7294,2025-11-06T22:08:03.970051
5288,2025-06-08T17:40:25
11949,2024-11-29T13:27:52
14496,2025-02-23T23:13:29
7748,2025-03-30T06:32:32
15477,2025-07-17T08:48:21
10992,2025-05-22T23:27:11
13685,2025-07-07T19:18:10
11681,2025-01-09T03:18:47
7529,2025-08-02T07:47:39
15221,2025-01-08T18:08:56
709,2025-10-19T17:34:04
6513,2025-05-16T14:23:13
9235,2025-03-14T17:25:50
5153,2024-12-24T03:36:36
13142,2025-11-06T22:40:03.970106
11799,2025-02-04T19:01:32
15881,2025-11-06T22:16:03.970116
10398,2025-10-10T21:52:25
8966,2025-07-25T08:22:01
15534,2025-01-28T18:03:50
19018,2025-02-10T23:14:06
11729,2025-10-15T17:07:39
17450,2025-04-22T13:23:09
5787,2025-11-06T22:15:03.970143
3019,2025-01-28T18:06:18
15165,2025-08-05T00:20:37
4360,2025-10-18T01:49:05
8635,2025-06-27T00:52:48
12245,2024-12-13T00:58:58
9079,2025-10-28T04:56:20
9013,2025-03-21T11:53:08
17381,2025-05-19T02:47:00
11111,2025-01-15T01:50:00
11405,2025-03-29T00:06:43
6437,2025-01-06T12:31:47
4250,2025-07-02T22:11:39
385,2025-09-02T07:56:25
6876,2025-09-22T08:00:16
19703,2025-07-18T20:58:35
6788,2025-06-06T08:48:12
19141,2025-05-13T23:57:06
12820,2025-05-12T12:58:49
14236,2025-09-30T06:41:54
7831,2025-07-14T16:21:37
15951,2024-12-29T11:24:05
1597,2025-11-06T22:44:03.970226
3756,2025-02-02T21:27:47
2,2025-01-22T05:27:12
4179,2025-08-25T23:12:42
10234,2025-06-01T11:21:18
16500,2025-07-28T17:56:37
1682,2025-03-03T21:26:58
4312,2025-04-05T05:52:22
11571,2025-03-09T02:38:45
8858,2025-10-23T07:19:56
17876,2025-05-19T08:56:14
9438,2024-12-17T10:14:06
14226,2025-10-19T00:51:37
9768,2025-02-08T04:23:29
4247,2025-11-04T09:19:59
5488,2025-01-19T21:06:28
15430,2025-02-24T21:16:43
10139,2025-06-05T10:23:25
6840,2025-04-25T09:15:03
15966,2024-12-27T09:15:56
12626,2025-06-03T02:03:14
10018,2025-04-24T15:36:45
12561,2025-11-06T22:00:03.970364
17684,2025-11-06T22:29:03.970371
664,2025-07-06T07:46:03
8990,2025-05-16T14:56:51
7201,2025-11-01T04:34:09
5193,2025-02-21T10:34:55
9332,2025-08-23T04:09:16
16680,2025-08-22T00:18:23
18252,2025-04-14T02:39:39
18355,2025-11-04T05:25:36
14194,2025-01-30T14:33:44
6886,2025-04-17T04:07:47
15969,2025-04-21T17:34:56
6015,2025-11-06T22:49:03.970418
714,2025-03-02T18:29:20
13436,2025-10-01T02:25:11
17968,2025-07-24T07:40:02
7566,2025-02-13T22:22:41
14884,2025-08-22T23:27:40
10061,2025-04-26T18:26:37
4769,2025-01-16T04:34:02
10610,2025-05-24T12:16:32
844,2025-09-02T04:51:54
4039,2025-10-24T08:03:23
6242,2025-08-29T05:41:28
3920,2025-05-07T22:04:53
3187,2025-01-12T17:52:10
7591,2025-04-15T19:49:15
1182,2025-07-18T22:28:35
4378,2025-04-01T03:54:23
12607,2025-05-16T08:33:50
19776,2025-11-06T22:10:03.970627
2667,2025-07-03T14:57:43
10077,2025-09-22T23:57:07
18294,2025-01-07T22:17:33
11096,2025-04-20T01:39:04
12959,2025-04-11T14:09:57
4671,2025-05-10T18:29:03
1846,2025-07-23T12:07:36
6901,2025-02-14T16:53:43
8392,2025-06-17T01:49:51
16802,2024-12-10T19:49:07
15803,2025-07-31T16:47:27
14315,2025-09-29T22:20:03
16157,2025-07-11T08:15:58
7303,2025-05-15T07:07:37
11560,2024-12-17T20:56:05
7366,2024-12-03T15:51:19
3178,2025-11-06T22:21:03.970704
18450,2025-11-06T22:55:03.970711
8131,2025-08-11T10:55:58
2383,2025-05-31T19:08:00
10050,2025-05-06T16:00:05
4140,2025-07-19T11:39:59
1262,2025-03-18T11:41:42
937,2025-03-01T16:41:07
18655,2025-09-30T14:19:35
16275,2025-07-04T04:42:29
15992,2025-07-02T11:24:41
16265,2025-11-06T22:56:03.970751
12580,2025-10-11T19:29:29
1440,2025-07-08T21:47:22
10410,2025-10-13T20:21:29
12434,2024-12-11T19:07:11
16146,2025-07-03T09:35:23
16373,2025-05-02T19:56:29
8321,2025-06-17T13:39:06
3596,2025-09-03T10:53:26
14930,2024-11-27T06:46:27
19880,2025-11-06T22:26:03.970815
16164,2025-03-10T12:25:13
4009,2024-11-29T04:07:44
17267,2025-04-16T07:07:28
15644,2025-04-26T13:02:33
5607,2025-10-31T12:03:12
14333,2024-12-26T20:51:56
12751,2025-02-20T13:08:21
6882,2025-11-06T22:51:03.970867
3318,2025-11-06T22:00:03.970875
4313,2024-11-09T19:58:40
11808,2024-12-02T23:49:21
1524,2025-01-07T07:21:46
19681,2024-12-17T17:36:56
5428,2025-05-04T13:26:42
8906,2025-06-10T02:17:55
18231,2025-06-04T02:55:06
326,2025-07-22T21:17:19
229,2024-11-21T03:12:57
19687,2024-12-09T01:30:43
12034,2025-07-11T10:21:06
2015,2025-04-22T20:20:15
2715,2025-03-11T02:31:45
19696,2025-05-13T17:28:13
5437,2024-12-24T14:27:07
5928,2025-06-03T15:01:00
2139,2025-09-01T11:47:48
448,2025-11-06T22:49:03.970980
12772,2025-01-20T12:52:05
9689,2025-09-06T19:02:16
11346,2025-06-10T00:35:01
4689,2025-05-23T07:41:46
2957,2025-07-06T23:34:53
14061,2024-12-15T05:14:35
15701,2025-05-30T13:20:30
16243,2025-10-24T09:06:26
2840,2025-01-19T00:56:34
16020,2025-06-20T01:51:05
10966,2025-04-12T10:14:54
17343,2025-02-09T12:35:09
14031,2025-07-24T10:46:29
3703,2025-07-07T12:58:15
6573,2025-11-06T22:14:03.971058
700,2025-04-13T12:40:20
15443,2025-04-08T15:16:06
3089,2025-08-26T00:42:30
9280,2025-06-18T02:43:49
3377,2025-01-08T09:36:57
16348,2025-01-22T03:15:42
13244,2025-10-13T12:15:13
3976,2025-09-02T09:34:43
3706,2025-09-04T12:33:54
13805,2025-05-18T12:42:38
3551,2025-07-16T19:50:29
11875,2025-03-03T07:53:31
5896,2025-03-23T21:50:54
13912,2024-12-22T07:39:11
19481,2025-02-03T04:33:16
2021,2025-11-03T03:23:07
11395,2024-12-14T18:54:21
4928,2025-07-23T23:07:32
5841,2025-02-22T05:21:31
5639,2025-09-12T04:40:15
19442,2024-12-22T20:40:25
10609,2025-08-30T01:55:31
13770,2025-01-28T07:56:08
10397,2025-03-24T08:02:08
3486,2025-08-04T13:56:31
12602,2025-07-06T03:59:36
4405,2025-01-14T03:22:25
3704,2025-02-19T18:39:00
524,2025-09-21T19:32:06
7872,2025-04-09T12:18:12
15251,2025-01-09T17:20:56
1917,2025-11-06T22:04:03.971347
18618,2025-05-17T01:44:15
7392,2025-02-15T16:52:01
14695,2025-03-13T19:16:18
10257,2025-08-19T15:37:07
3642,2025-07-18T08:46:01
15143,2025-03-28T12:47:17
16359,2025-04-07T20:16:03
3221,2025-10-28T05:55:37
3542,2024-12-30T04:26:23
10162,2025-06-22T22:59:23
4578,2025-10-18T11:21:22
12248,2025-04-20T03:46:16
1171,2025-07-07T07:03:24
13177,2025-06-05T02:27:13
10100,2025-02-21T12:44:12
8929,2025-08-31T16:59:02
7755,2025-05-23T02:49:58
8408,2025-02-09T23:18:55
5786,2025-06-23T12:17:00
5502,2025-09-27T04:36:13
16354,2025-01-23T16:53:27
15051,2024-12-16T10:07:18
16970,2025-06-13T05:26:16
4659,2025-07-09T13:55:26
7689,2024-12-19T03:22:08
12704,2025-11-06T22:52:03.971490
15474,2025-05-28T23:30:46
10039,2025-09-10T23:25:20
19699,2025-06-11T03:05:37
5999,2025-06-30T16:37:13
6188,2025-11-06T22:07:03.971518
14445,2025-05-10T01:39:23
6046,2025-05-19T11:34:52
16135,2025-05-12T18:50:03
1187,2025-08-06T06:25:59
13502,2025-10-30T00:58:44
1673,2025-06-24T11:54:17
3295,2025-11-06T22:58:03.971556
4172,2025-05-09T08:26:15
7064,2025-06-08T15:17:45
18794,2025-02-28T14:54:10
9399,2025-06-29T03:49:21
4595,2025-05-22T03:07:56
14498,2025-02-14T22:32:10
10392,2025-03-05T13:33:51
7401,2025-07-15T20:23:28
16001,2025-07-23T17:24:57
19538,2024-12-10T09:21:03
2823,2025-01-27T01:24:57
8405,2025-03-07T02:03:18
8999,2025-11-06T22:54:03.971626
11963,2025-04-10T16:22:30
12535,2025-04-09T13:30:08
14632,2025-02-24T03:35:41
14479,2025-02-28T15:18:04
4751,2025-10-08T02:08:06
10892,2025-10-31T20:24:58
1769,2025-09-26T13:45:12
6104,2025-02-03T09:53:28
4340,2025-06-24T23:45:47
9630,2025-07-09T22:33:11
15365,2025-11-06T22:25:03.971673
16365,2025-09-15T10:42:35
8464,2024-12-26T02:24:26
19443,2025-01-16T08:04:16
8194,2025-10-10T09:12:41
7729,2025-05-10T06:57:13
2265,2025-09-30T10:10:21
10033,2025-10-02T14:03:52
12547,2025-11-06T22:10:03.971703
12895,2025-07-14T16:20:19
19813,2025-08-19T12:58:03
19624,2025-07-25T23:36:28
12363,2025-10-10T17:16:46
5181,2025-08-15T13:25:15
11707,2025-07-15T05:47:44
11216,2025-11-06T21:59:03.971730
19387,2024-12-15T06:48:40
13024,2024-12-19T10:25:55
8064,2025-11-06T22:17:03.971743
11617,2025-07-15T14:59:29
12606,2025-06-08T11:52:14
12803,2025-02-11T18:58:36
11223,2025-09-13T05:05:26
16622,2025-11-06T22:12:03.971764
8715,2025-11-06T22:26:03.971769
16428,2025-08-18T20:08:29
18188,2025-02-05T09:33:36
671,2025-11-06T22:35:03.971782
1402,2025-02-25T21:21:06
8659,2025-08-08T05:09:06
8050,2025-08-04T05:50:55
9072,2025-05-15T04:42:08
1030,2025-11-06T22:49:03.971802
2033,2025-11-06T22:41:03.971808
12423,2025-08-28T03:29:36
19318,2025-03-18T20:29:52
9222,2025-03-31T22:40:40
1978,2025-03-20T03:33:38
11853,2025-03-16T01:36:56
4473,2025-06-29T06:58:02
5680,2025-11-06T22:30:03.971836
11144,2025-08-05T06:36:34
6130,2025-06-05T04:05:29
8227,2025-07-12T09:37:18
17110,2025-02-16T15:08:33
9066,2025-11-01T20:36:22
5177,2025-02-22T20:00:08
19553,2025-05-07T05:35:50
16697,2025-01-09T07:50:24
3232,2025-05-29T16:36:43
1271,2025-07-28T15:16:50
4530,2025-05-16T09:26:12
12677,2024-12-17T05:02:01
5993,2025-01-05T10:09:08
1587,2025-05-26T20:26:22
2170,2025-02-28T16:46:01
9250,2025-10-24T14:11:53
5224,2025-09-30T17:09:47
1875,2025-07-08T09:14:24
4344,2025-11-06T22:30:03.971905
15794,2024-12-02T22:50:04
19168,2025-01-17T00:30:16
3643,2025-05-02T03:29:35
4450,2024-12-30T03:11:34
19395,2025-08-18T10:30:39
9541,2025-09-06T21:40:33
12952,2025-04-03T03:58:36
169,2025-07-16T09:07:34
16958,2025-01-16T02:19:29
14040,2025-05-30T07:47:38
10180,2025-07-20T16:03:25
29,2025-07-11T23:08:43
7716,2025-01-15T18:14:19
15891,2025-04-01T10:07:49
5434,2025-06-05T04:55:25
3307,2025-07-06T08:48:01
2605,2025-10-05T17:50:20
19432,2025-07-02T03:04:40
6815,2025-04-14T15:09:45
11386,2025-06-17T20:54:29
4805,2025-01-17T10:33:40
10998,2025-09-21T09:30:48
7004,2025-03-16T19:50:51
17885,2025-09-24T11:11:21
9122,2025-08-17T12:51:51
13365,2025-08-05T21:18:21
10119,2025-06-14T18:38:40
18811,2025-08-04T01:19:21
14677,2025-08-02T14:17:55
9296,2025-11-06T22:40:03.972014
9089,2025-01-11T02:01:37
19198,2025-09-24T15:39:31
1608,2025-03-20T13:56:45
6484,2025-11-06T22:35:03.972031
13786,2025-09-05T10:08:22
4721,2024-12-21T00:05:04
13880,2025-04-16T08:03:37
7311,2025-03-30T12:13:55
9136,2025-11-06T22:23:03.972050
4265,2025-05-11T07:40:15
13578,2025-05-18T05:44:40
15822,2024-12-08T21:19:37
10407,2025-05-01T20:41:15
9855,2024-11-14T16:37:07
15476,2025-10-30T15:37:23
14495,2025-07-27T08:03:11
12745,2025-03-14T10:28:08
12551,2025-11-06T22:44:03.972087
18712,2025-06-25T23:11:27
19637,2025-05-19T23:29:49
4430,2025-11-06T22:41:03.972100
2962,2025-05-26T19:57:05
6088,2025-05-15T23:33:22
5126,2025-09-01T09:37:03
19016,2025-05-28T13:47:41
5580,2025-07-27T10:21:19
14109,2025-06-08T23:20:28
273,2025-02-14T21:16:55
15353,2025-11-06T22:31:03.972132
799,2025-11-06T22:18:03.972138
3180,2025-08-10T03:56:55
1387,2025-11-06T22:10:03.972148
4164,2025-10-21T00:16:10
3126,2025-09-22T18:12:51
7728,2025-11-06T22:31:03.972161
16712,2025-10-20T06:32:11
16985,2024-12-09T02:59:53
8677,2025-10-12T21:39:34
14189,2025-06-19T06:47:46
17781,2025-01-08T18:25:35
18486,2025-05-31T11:28:18
16554,2025-09-01T02:09:28
3690,2025-08-29T06:33:29
5724,2025-06-30T22:12:54
8243,2025-10-11T20:00:53
11803,2024-12-01T18:09:44
7118,2025-08-09T23:05:29
561,2024-12-27T06:13:41
6093,2025-01-06T08:40:05
2935,2025-11-06T22:05:03.972240
19132,2025-06-07T08:26:06
18053,2025-02-04T20:09:03
8527,2024-12-31T10:04:15
2436,2025-07-31T08:54:18
15383,2024-12-02T08:14:35
16268,2025-07-13T06:03:27
16416,2025-10-21T19:38:16
19917,2025-04-19T10:06:54
10446,2025-04-19T16:22:17
5206,2024-12-11T09:36:23
241,2025-03-13T11:58:15
6529,2025-11-06T22:16:03.972287
15000,2025-08-12T18:56:01
4883,2025-11-06T22:56:03.972297
1308,2025-06-03T10:56:39
14123,2024-12-25T03:57:28
15696,2025-07-06T04:51:21
4464,2025-04-18T11:54:51
5290,2025-05-04T15:36:17
14885,2025-04-09T22:26:45
4583,2025-05-17T06:36:08
13100,2025-04-20T18:40:58
2192,2025-10-18T14:54:48
2761,2025-10-23T19:15:02
13625,2025-01-09T20:06:42
19924,2025-03-05T12:55:17
10636,2025-01-26T18:13:27
2267,2025-06-23T15:16:35
14162,2025-11-06T22:29:03.972354
18022,2025-06-16T12:09:02
12723,2025-04-23T02:37:03
10513,2025-02-24T22:28:19
4386,2025-01-19T20:10:59
4503,2025-02-21T05:22:03
13819,2025-06-24T11:34:35
4284,2025-03-26T09:15:18
5066,2025-10-11T03:40:38
7215,2025-09-19T22:46:25
14250,2025-05-06T18:52:21
11933,2025-01-22T14:13:58
5862,2025-06-04T12:07:51
8735,2025-09-16T06:47:44
8171,2024-11-16T05:00:56
1962,2025-08-05T17:32:24
7842,2025-08-28T12:48:53
18134,2025-02-10T17:45:51
2458,2025-05-17T03:29:34
16952,2025-05-05T23:33:24
6422,2025-10-15T05:03:22
14573,2025-08-10T10:58:22
12700,2025-03-26T10:16:25
10659,2025-01-06T14:13:56
13495,2025-07-01T06:13:45
9413,2025-05-12T08:27:35
10912,2025-11-06T22:14:03.972452
4574,2025-11-06T22:04:03.972458
15705,2025-02-22T06:58:39
7203,2025-07-10T12:07:17
15339,2024-12-18T18:00:52
14712,2025-04-30T02:28:54
8884,2025-04-13T20:31:35
18280,2025-04-30T16:06:58
2104,2025-08-30T15:22:22
12896,2025-05-09T09:37:17
14747,2025-03-16T20:26:22
11757,2025-11-06T22:37:03.972499
6435,2025-11-05T09:35:02
11720,2025-06-06T02:17:57
14697,2025-04-25T14:46:02
12619,2025-05-31T15:14:34
19366,2025-02-28T15:28:47
15932,2025-05-02T22:21:50
12082,2025-08-20T20:01:49
15657,2025-10-31T12:23:18
15698,2025-10-19T15:46:52
11319,2025-11-06T22:36:03.972539
3240,2025-11-06T22:10:03.972545
6270,2025-07-17T17:22:57
3788,2025-04-06T05:26:46
11519,2025-01-24T08:35:00
4581,2025-10-02T11:29:37
18602,2025-06-20T05:30:34
16179,2025-10-19T19:54:04
6282,2024-12-28T05:49:10
9129,2025-10-15T01:41:50
12306,2025-03-25T06:04:38
4462,2025-08-26T10:56:46
3070,2025-07-16T15:49:28
6951,2025-01-09T22:32:43
10599,2025-04-07T02:40:28
3874,2025-08-30T03:44:35
1691,2024-12-08T13:02:03
807,2025-02-19T15:11:18
18514,2025-03-24T02:18:17
1129,2025-10-13T11:06:11
2598,2025-09-03T03:48:37
16571,2025-03-08T05:39:00
11233,2025-11-06T22:07:03.972798
10172,2025-01-03T02:55:53
8080,2025-10-16T05:54:21
1375,2025-06-08T19:55:01
1627,2025-07-06T05:05:55
16658,2025-09-21T21:09:18
9258,2025-03-05T04:23:47
16229,2025-04-12T03:23:51
7246,2025-03-02T21:38:11
10436,2025-01-16T06:45:42
4845,2025-02-05T20:28:23
374,2024-11-23T15:20:03
2745,2025-10-01T04:21:51
2206,2025-08-31T04:49:49
14584,2025-04-28T14:07:56
9624,2025-10-22T09:57:59
4291,2025-05-07T16:22:33
19504,2025-09-30T12:52:25
3046,2025-07-01T15:07:54
13389,2025-03-02T18:29:01
19212,2025-04-02T19:21:18
139,2025-08-31T02:48:51
3441,2025-10-01T23:59:33
4858,2025-03-27T13:13:04
16938,2025-07-01T02:24:19
4612,2025-05-21T08:39:08
13746,2025-02-18T01:38:43
13268,2025-05-31T21:02:44
7233,2025-05-17T08:15:03
4063,2025-10-12T17:37:36
3717,2025-09-02T21:39:48
13675,2025-04-26T17:13:00
15094,2025-05-21T16:54:56
3207,2024-12-27T06:27:14
12618,2024-12-23T18:25:49
17509,2025-01-16T13:38:05
18442,2025-06-17T13:11:44
1478,2025-04-16T22:28:24
14100,2025-09-15T13:06:33
4939,2025-11-06T22:16:03.972956
12413,2025-08-06T14:52:21
5152,2025-11-06T22:58:03.972966
515,2025-06-27T01:40:20
3883,2025-05-22T12:50:56
18612,2025-11-06T22:06:03.972980
6375,2025-05-11T14:05:04
576,2025-03-17T20:26:11
10456,2025-07-16T23:57:54
11641,2025-04-20T15:49:13
4682,2025-10-04T15:08:54
17083,2025-02-16T18:02:12
238,2025-04-18T02:24:57
2599,2025-04-19T05:36:19
4687,2025-11-06T22:31:03.973021
14784,2025-06-28T12:18:33
17810,2025-03-09T11:52:49
15494,2025-02-24T22:10:42
1603,2025-09-18T21:31:30
17092,2025-11-06T22:04:03.973043
19931,2025-07-05T05:58:44
3491,2025-09-05T05:27:44
16485,2025-04-26T14:46:11
1028,2025-07-18T10:02:39
17680,2025-09-29T14:18:28
14042,2025-02-17T16:39:16
2340,2025-02-17T15:32:26
17795,2025-09-18T13:57:12
9709,2025-07-15T18:44:17
18383,2025-05-28T15:12:50
14666,2025-03-07T07:23:33
4718,2025-11-06T22:45:03.973095
4553,2025-08-31T18:04:23
10550,2025-01-04T22:43:21
12280,2025-06-30T04:12:58
591,2025-11-06T22:40:03.973113
6680,2025-09-02T09:16:00
12864,2025-09-14T08:38:35
16943,2025-08-09T05:47:24
5217,2024-12-22T23:48:26
18221,2025-07-24T05:56:51
9852,2025-06-30T20:20:07
2875,2025-06-23T00:59:10
18541,2025-06-09T20:29:33
9961,2025-05-17T17:43:04
17558,2025-01-29T06:14:50
10374,2025-11-06T22:26:03.973161
8111,2025-06-02T17:11:40
8543,2025-06-14T07:12:37
11429,2025-02-20T05:15:25
6384,2025-11-06T22:08:03.973179
215,2025-04-15T17:07:27
18499,2025-03-04T04:57:23
11291,2025-06-03T10:16:35
18531,2024-11-30T17:36:12
17197,2025-07-15T04:55:32
17155,2025-06-12T21:52:29
6016,2025-06-07T00:40:32
3664,2025-01-24T10:14:56
746,2025-03-28T21:18:12
12546,2024-11-18T08:47:14
10760,2025-03-05T19:52:07
17050,2025-09-09T05:58:54
18957,2025-10-18T12:52:51
8278,2024-12-26T22:57:59
17595,2025-04-21T22:04:48
10228,2025-09-20T06:51:25
6719,2025-07-25T10:12:48
4740,2025-06-06T01:07:29
1035,2025-09-10T01:24:17
15027,2025-08-11T19:04:16
17943,2025-04-28T21:28:23
18397,2025-06-05T00:55:45
12201,2025-08-04T05:42:43
6902,2025-03-14T13:57:04
14248,2025-09-13T10:36:32
15124,2025-07-02T19:53:40
14302,2025-05-18T09:30:31
6468,2025-05-27T03:05:56
18567,2025-07-11T16:48:12
5286,2025-04-01T17:25:39
5319,2025-04-30T02:36:52
3060,2025-05-30T16:03:02
17016,2025-03-11T12:10:34
16189,2025-07-02T07:41:25
9680,2024-11-26T08:02:36
1531,2025-02-09T15:39:16
3746,2025-09-05T16:24:23
5574,2024-12-26T19:51:19
3279,2025-03-26T19:15:25
518,2025-06-12T07:23:21
15049,2025-08-15T15:43:09
3226,2025-05-05T01:53:05
12715,2024-12-08T06:37:44
17628,2025-07-03T08:20:42
17521,2025-08-19T21:58:53
19028,2025-02-25T00:13:30
10669,2025-09-02T23:24:17
7216,2025-06-01T21:25:55
11239,2025-01-14T11:48:40
8000,2025-07-09T12:49:18
9124,2025-09-26T13:27:37
19620,2025-06-10T19:34:12
12877,2025-03-08T22:20:30
18558,2024-12-15T23:07:33
3286,2025-07-14T12:49:28
19347,2025-01-04T10:09:12
14171,2025-06-19T03:24:58
11663,2025-01-05T06:41:01
16580,2025-08-27T16:03:57
11900,2025-01-07T08:12:51
13463,2025-11-06T22:02:03.973431
19117,2025-01-21T06:58:32
15666,2025-01-14T01:13:42
1788,2025-06-23T11:21:48
3751,2025-07-21T11:59:46
3466,2025-02-07T23:21:48
17681,2025-04-15T18:18:43
867,2025-09-18T23:06:50
19254,2025-05-12T11:22:50
1859,2025-04-24T01:37:51
18715,2025-06-07T20:12:31
4731,2025-02-15T14:27:56
10359,2025-03-23T19:04:29
5385,2025-09-13T15:27:29
11791,2025-05-11T15:08:52
16760,2025-01-10T13:20:09
11773,2024-12-29T16:20:30
13493,2025-10-19T18:48:01
17852,2025-11-06T22:41:03.973521
2513,2025-03-13T13:40:53
6475,2025-10-19T03:09:48
2320,2025-11-06T22:42:03.973537
6097,2025-07-02T23:20:47
9357,2025-02-14T11:49:33
4990,2025-01-26T18:17:45
18278,2025-05-06T04:32:36
8622,2025-10-12T12:21:47
17328,2025-09-05T11:52:50
7778,2025-10-15T00:43:18
13978,2025-06-30T13:37:35
512,2025-11-06T22:03:03.973576
7265,2024-12-19T04:34:54
19214,2025-11-06T22:12:03.973588
2080,2025-11-06T22:05:03.973595
10630,2025-11-06T22:52:03.973601
393,2024-11-14T16:08:23
13926,2025-08-02T23:00:06
4735,2025-03-11T01:15:17
19396,2025-11-02T07:11:09
8963,2025-01-25T19:33:43
2381,2025-06-11T17:13:28
4176,2025-09-10T21:36:40
17756,2025-10-21T03:27:43
16825,2025-08-30T03:55:36
8315,2025-03-24T13:56:45
13448,2025-03-26T23:21:32
304,2025-04-30T20:50:13
9869,2025-02-26T20:14:15
1761,2025-04-18T14:17:10
253,2025-09-19T13:26:47
16632,2025-11-06T22:11:03.973672
14,2025-11-06T22:17:03.973678
14989,2025-06-01T05:05:03
9200,2025-03-19T20:33:45
18313,2025-02-26T16:06:46
13491,2025-06-19T19:56:37
18185,2025-08-23T16:38:27
14159,2025-02-27T09:15:35
6158,2025-03-24T01:55:28
11957,2025-07-11T18:34:01
6442,2025-05-01T16:24:03
6353,2025-11-04T21:21:45
15482,2024-12-29T11:42:35
2137,2024-12-06T03:46:36
1258,2025-09-25T04:08:54
10019,2025-07-11T14:19:29
2135,2025-05-12T19:38:37
12899,2024-11-28T02:16:43
10745,2025-06-01T05:54:09
13994,2025-04-02T09:06:07
3065,2025-05-11T21:27:03
8744,2025-11-06T22:13:03.973766
740,2025-10-23T05:26:49
2623,2025-11-06T22:54:03.973777
5140,2025-04-27T18:38:56
19465,2025-05-07T22:17:11
6207,2024-12-25T15:11:21
4059,2025-01-15T04:09:20
19867,2025-11-05T03:08:11
6033,2025-07-05T02:46:14
16476,2025-07-09T20:09:13
1268,2025-01-30T11:07:10
7840,2025-07-19T06:20:40
18915,2024-12-16T06:34:40
11389,2025-09-12T14:22:54
16166,2025-01-07T18:42:41
4074,2025-11-06T22:32:03.973834
1756,2025-11-06T22:13:03.973840
3983,2025-07-22T14:29:57
16221,2025-04-03T22:35:10
12533,2025-10-31T06:51:31
12842,2025-08-26T17:13:20
5467,2025-03-16T20:07:17
18347,2024-12-13T08:47:12
7151,2025-04-30T13:48:54
17560,2025-05-17T06:18:34
1640,2025-01-11T10:20:03
10361,2025-07-01T03:57:47
3335,2025-09-26T12:38:31
17501,2025-05-24T20:10:42
16394,2025-06-12T16:31:19
15785,2025-06-30T10:00:45
8078,2024-12-10T15:55:10
18913,2025-02-16T04:01:27
13674,2025-07-04T21:28:27
15303,2025-11-06T22:38:03.973918
5503,2025-06-23T16:17:55
7191,2025-06-03T12:43:47
15689,2025-08-04T07:37:58
19801,2025-09-15T17:41:41
3251,2024-12-22T07:47:19
1072,2025-03-12T11:54:10
4594,2025-10-01T16:18:52
19199,2025-04-14T20:45:15
6964,2025-03-18T02:17:40
12990,2025-08-10T22:52:38
17176,2025-08-07T19:03:46
10810,2025-04-01T00:56:26
12795,2025-02-14T09:58:33
13118,2025-10-06T05:08:16
10700,2025-02-28T08:43:34
5468,2025-04-22T15:34:39
19189,2025-10-11T03:15:20
8491,2025-07-26T14:42:35
17043,2025-06-17T10:52:38
13269,2025-06-06T07:45:14
4544,2025-08-28T22:19:16
7362,2025-08-29T12:31:30
3865,2025-06-27T00:59:16
9093,2025-10-28T04:38:39
19213,2025-08-05T19:48:44
11349,2025-11-06T22:14:03.974032
6116,2025-10-09T00:55:13
11516,2025-04-01T14:17:56
8037,2025-02-22T11:03:01
2169,2025-10-18T05:34:19
16975,2025-07-04T19:42:53
14947,2025-08-03T18:09:21
19766,2025-10-05T21:20:40
13114,2025-01-24T09:27:28
4455,2025-11-06T22:12:03.974257
14887,2025-11-06T17:47:55
14700,2025-11-06T22:58:03.974270
12503,2024-12-26T05:54:46
1311,2025-05-25T07:31:26
8854,2024-12-29T06:30:52
17946,2025-07-23T23:16:23
15544,2025-04-21T18:42:38
19094,2024-12-31T12:10:43
4420,2025-11-06T22:53:03.974314
5980,2025-04-28T01:58:58
12402,2025-04-01T17:50:43
10102,2025-10-07T15:12:25
3117,2025-08-04T22:21:44
10721,2025-10-28T10:30:57
8203,2025-05-06T16:32:52
16351,2024-12-20T05:15:44
7959,2025-11-06T22:19:03.974353
3044,2025-05-24T19:52:19
4763,2025-04-12T05:49:39
13073,2025-01-28T12:26:52
14992,2025-09-24T19:46:35
598,2025-08-26T04:45:31
19950,2025-11-06T22:05:03.974384
4267,2025-08-24T12:24:19
5703,2024-12-14T18:49:28
2251,2025-09-30T04:58:22
17247,2025-01-13T06:47:51
18867,2025-07-11T15:03:08
7418,2025-05-26T23:34:33
5536,2025-01-07T13:15:17
2188,2025-02-19T03:25:52
13266,2025-10-24T12:22:34
3539,2025-04-14T12:17:25
1708,2025-04-28T16:22:22
5008,2025-09-26T23:04:30
4357,2025-05-28T09:04:08
2000,2025-01-31T09:12:23
16948,2025-06-17T10:57:27
3072,2025-11-06T22:36:03.974459
6449,2025-11-06T22:44:03.974466
10284,2025-06-28T16:54:20
14767,2025-08-29T05:56:25
16833,2025-02-15T06:02:54
16411,2025-04-18T10:58:58
5438,2025-08-21T06:17:37
15565,2025-05-25T05:19:06
11201,2025-02-27T05:19:49
7672,2025-01-11T19:55:48
6712,2025-10-29T21:41:50
15455,2025-02-17T20:45:12
14718,2025-09-15T08:58:49
13252,2025-06-05T20:06:40
12769,2025-10-30T07:07:58
10495,2025-07-05T07:37:54
1724,2025-02-03T09:40:42
11021,2025-11-06T22:14:03.974541
7024,2025-03-05T05:31:54
19340,2025-09-24T10:24:17
999,2025-08-28T13:23:46
9539,2025-09-07T13:44:23
1175,2024-12-31T12:23:24
13343,2025-03-28T09:23:07
1256,2025-10-02T17:47:43
2887,2025-01-16T01:09:08
17347,2025-08-01T02:07:59
12691,2025-01-28T18:18:21
3616,2025-06-29T20:45:12
9109,2025-05-18T03:32:13
5090,2025-09-30T05:32:54
4065,2025-10-27T22:28:37
5997,2025-05-19T19:17:16
17991,2025-02-06T12:04:06
10338,2025-11-06T22:14:03.974620
11478,2025-04-15T12:34:11
12544,2025-10-23T12:23:43
4974,2024-12-16T18:48:42
19369,2025-01-27T12:20:13
14578,2025-07-10T04:18:44
17679,2025-06-07T12:38:19
16687,2025-08-25T09:16:07
19171,2025-11-05T03:11:20
2056,2025-10-22T02:58:37
18534,2025-06-28T16:30:52
4819,2025-11-06T22:56:03.974673
10062,2025-07-11T12:36:45
12388,2025-04-25T13:16:26
13667,2025-08-17T01:50:02
16211,2025-07-30T12:11:50
2824,2025-10-01T05:26:48
6751,2025-05-11T07:59:08
6919,2025-02-11T00:09:51
12925,2025-09-20T18:58:13
12687,2025-09-13T07:15:48
9597,2025-07-19T16:07:53
9327,2025-11-06T22:55:03.974724
9548,2025-04-13T06:19:28
13596,2025-06-04T10:44:13
4020,2025-10-23T08:54:38
18730,2025-07-07T20:34:38
7670,2025-04-11T02:28:30
16103,2025-11-06T22:09:03.974753
18605,2025-03-16T06:56:53
19519,2025-11-06T22:20:03.974765
7602,2025-06-09T22:29:19
1947,2025-06-19T06:34:00
19196,2025-06-30T02:32:09
15062,2024-12-26T10:14:14
8033,2025-01-23T07:40:58
8710,2025-09-13T14:52:22
11276,2025-01-17T18:21:09
17294,2025-06-15T01:30:44
1781,2025-08-13T04:33:30
11816,2025-07-16T01:11:59
7564,2025-11-06T22:37:03.974817
9910,2025-07-01T14:13:22
9178,2025-10-23T08:01:55
5223,2025-11-02T07:43:09
6127,2025-01-13T03:47:45
1542,2025-06-05T15:24:06
12545,2025-03-27T22:21:10
14471,2025-04-13T07:02:16
10938,2024-12-27T21:08:46
18000,2025-07-31T11:15:54
14130,2025-02-20T12:50:16
2804,2025-03-21T23:16:53
12564,2025-03-04T02:07:01
12015,2025-10-19T17:05:36
5771,2025-04-03T21:44:51
9591,2025-06-01T07:07:21
1963,2025-04-30T02:53:28
8389,2025-03-21T04:22:21
10616,2025-09-20T14:16:52
16447,2025-02-13T01:11:15
16234,2025-08-18T01:30:39
5547,2025-01-25T09:28:05
6327,2025-11-06T22:55:03.974935
5452,2025-04-20T04:57:36
10258,2025-07-28T22:43:10
940,2025-10-03T16:35:42
9519,2025-11-06T22:22:03.974956
18086,2024-12-06T20:59:36
19007,2025-11-06T22:48:03.974969
1221,2025-10-13T18:39:00
6293,2025-06-24T21:18:26
11035,2025-06-28T05:23:33
5851,2025-04-24T08:24:10
1872,2025-01-13T19:04:13
3824,2024-12-16T03:19:26
7565,2025-03-12T07:31:57
59,2025-05-16T20:42:13
13945,2025-03-30T03:19:42
6445,2025-10-06T08:39:31
5598,2025-10-03T12:24:18
17563,2025-03-13T06:17:52
12354,2025-05-27T04:38:06
8443,2025-03-23T08:15:39
3189,2025-08-08T02:44:08
18572,2025-07-10T20:23:17
19344,2025-09-12T12:36:18
19002,2025-11-05T13:37:59
5297,2025-09-16T15:33:20
2468,2025-04-30T22:36:36
335,2025-07-11T22:56:28
17986,2025-07-31T08:59:25
236,2025-09-07T12:25:07
3660,2025-02-01T08:10:19
4285,2025-03-08T05:55:30
4110,2025-03-13T01:56:14
5391,2025-11-01T12:04:49
7332,2025-07-22T06:17:40
14883,2025-06-12T01:19:26
8596,2025-09-18T01:18:43
14390,2025-07-30T03:30:35
5707,2025-01-11T17:57:57
6405,2024-11-10T10:39:56
9871,2024-12-26T08:40:04
11783,2025-05-02T18:37:12
4237,2025-07-10T08:42:34
13568,2025-03-28T18:39:21
15628,2025-11-06T22:23:03.975150
18437,2025-02-08T00:49:12
12203,2025-05-07T11:56:31
15125,2025-11-06T22:13:03.975167
13147,2025-05-04T13:53:51
1538,2025-08-23T05:56:19
9968,2025-10-21T14:32:57
15538,2025-02-02T09:37:39
2612,2025-05-26T11:42:29
10095,2025-06-26T10:01:28
6152,2025-07-03T20:32:48
19991,2025-03-11T03:15:48
2020,2025-04-11T18:26:43
2069,2025-01-28T19:10:46
4244,2025-07-29T22:03:28
19860,2025-04-15T20:36:56
8679,2025-03-20T14:55:43
13727,2025-11-06T22:37:03.975235
8681,2025-01-27T23:51:27
8309,2025-04-21T19:45:43
18262,2025-10-23T18:59:25
6111,2025-05-26T15:05:07
19113,2025-02-07T09:43:36
10242,2025-04-21T14:36:39
9477,2025-01-27T06:38:51
13359,2025-01-14T08:25:09
3139,2025-04-15T08:29:37
17295,2025-04-15T04:14:49
6945,2025-10-26T18:57:17
10076,2025-07-04T17:15:41
17125,2025-04-01T03:53:24
8465,2025-05-03T09:17:15
15629,2025-07-12T12:27:36
15369,2025-09-19T14:03:08
7799,2025-11-06T22:02:03.975315
10638,2025-11-06T22:47:03.975323
8647,2025-07-21T19:19:24
5555,2025-11-06T22:23:03.975335
18271,2025-05-20T21:17:06
8592,2025-11-06T22:40:03.975347
7436,2025-03-27T14:02:30
16564,2025-08-26T21:39:22
5948,2025-04-20T05:35:17
2151,2025-08-04T00:10:04
7383,2025-06-23T03:11:09
18831,2025-08-23T12:12:15
9756,2025-08-13T01:40:31
11652,2025-09-10T03:26:02
12445,2025-05-15T18:58:27
15678,2025-11-02T21:38:17
6045,2025-09-08T07:52:24
10918,2025-05-16T08:46:29
13662,2025-09-23T07:55:03
1006,2025-11-06T22:19:03.975415
823,2024-12-12T13:43:32
8569,2025-07-19T22:15:09
12130,2025-04-14T06:06:27
17954,2025-01-30T15:42:17
17142,2025-09-18T08:18:27
6892,2025-10-13T02:59:57
1915,2025-06-23T00:33:03
4599,2025-09-03T14:00:41
5211,2025-06-18T00:26:09
16420,2025-09-22T22:40:41
849,2025-07-11T10:55:59
4343,2025-11-06T22:11:03.975481
10135,2025-07-20T13:00:40
545,2025-06-06T18:59:08
14232,2025-10-26T11:49:08
6398,2025-03-29T12:55:11
18115,2024-11-12T05:26:21
8857,2025-08-15T10:01:07
1706,2025-01-04T03:34:16
5811,2025-07-22T08:46:15
19571,2025-09-25T14:33:22
11225,2025-05-31T12:33:27
5850,2025-04-02T22:41:22
4524,2024-12-31T16:58:51
16974,2025-03-22T04:37:49
12429,2025-06-05T14:20:57
1101,2024-11-24T07:58:11
4814,2025-11-06T22:01:03.975558
7991,2025-06-14T14:54:07
1484,2025-11-06T22:14:03.975571
2558,2025-08-26T19:02:23
2024,2025-05-07T11:31:30
15002,2024-12-28T15:45:32
3679,2025-07-22T19:20:55
1015,2025-02-04T03:05:45
519,2025-03-08T23:36:40
16282,2025-04-22T21:04:34
16362,2025-10-03T19:55:55
2891,2025-08-12T02:05:29
10346,2025-05-06T01:44:18
9035,2025-01-27T12:37:58
2954,2025-07-29T03:38:30
10510,2025-05-05T08:43:39
19659,2025-07-06T19:59:57
11847,2025-10-30T18:47:00
19843,2025-06-18T01:57:12
16867,2025-05-20T07:45:34
16008,2025-07-17T02:45:21
615,2025-10-19T13:21:54
18157,2025-09-04T20:28:45
8568,2024-12-12T00:39:33
2834,2025-07-14T18:20:39
11573,2025-11-06T22:10:03.975680
5573,2025-10-03T18:59:15
12658,2025-04-04T03:21:12
15162,2025-09-16T15:26:38
11694,2025-06-04T19:45:32
7537,2025-06-24T07:05:44
14626,2025-04-02T21:33:59
10820,2025-08-26T13:51:36
6360,2025-05-04T19:41:09
2701,2025-03-26T02:48:30
16758,2025-06-07T08:53:40
6081,2025-07-30T10:17:44
2124,2025-08-28T06:23:49
18028,2025-03-09T03:10:17
5186,2025-03-12T23:51:01
18440,2025-10-12T01:57:36
12496,2025-03-19T06:17:24
4641,2025-04-26T02:58:15
16636,2025-02-23T00:37:36
5301,2025-06-16T00:43:44
12002,2025-04-15T02:12:18
3122,2025-06-13T21:09:49
7055,2025-10-14T01:31:00
3290,2025-03-22T17:18:51
13801,2025-11-06T22:24:03.975831
11763,2025-07-01T16:41:00
6103,2025-10-26T01:37:37
3674,2025-10-19T13:23:09
9304,2025-03-29T03:01:54
9,2025-07-22T20:08:30
8933,2025-02-02T21:16:48
13403,2025-03-04T16:11:45
5259,2025-03-22T10:14:27
109,2025-05-08T20:17:42
3755,2025-03-28T13:16:29
2978,2025-10-01T20:37:44
11650,2025-08-30T03:38:17
19378,2025-06-12T17:33:43
7132,2025-11-06T22:18:03.975913
9045,2025-01-15T15:06:40
9251,2025-05-08T15:53:11
10535,2025-08-15T01:59:20
10335,2025-07-15T19:42:03
16642,2025-07-12T05:16:01
9219,2025-01-13T10:42:36
188,2025-02-06T23:02:56
9393,2025-05-26T13:24:17
8263,2025-08-18T10:24:24
7667,2025-06-03T17:55:02
8704,2025-02-16T12:12:30
5024,2025-08-03T22:21:00
18924,2024-11-19T07:16:04
16198,2025-01-01T02:12:27
5232,2025-08-13T04:50:44
4196,2025-06-30T20:33:04
2327,2025-02-01T02:07:49
18482,2025-05-02T00:28:12
10718,2025-02-20T21:09:35
16923,2025-05-24T02:13:26
11049,2024-12-23T22:15:54
13571,2025-03-17T11:24:17
19409,2025-10-13T19:01:07
12798,2025-02-20T17:38:55
16281,2025-09-19T14:19:57
10157,2024-12-13T00:32:53
12579,2024-12-21T06:45:11
9643,2025-02-24T17:18:41
15252,2025-08-11T00:13:16
4895,2025-10-14T13:41:13
11985,2025-01-02T13:21:13
2894,2025-06-29T17:12:01
5659,2025-07-19T00:10:40
11273,2024-12-25T14:45:15
7933,2025-06-14T02:55:00
11304,2025-08-23T04:09:13
7426,2025-04-08T14:42:39
15160,2025-10-06T00:50:33
9113,2025-01-30T11:11:51
5638,2025-01-02T06:49:42
4734,2024-11-20T02:23:26
8571,2025-02-04T20:58:05
2355,2025-05-20T04:07:00
14476,2025-09-19T11:22:14
4772,2025-06-25T20:54:44
12902,2025-07-25T02:00:43
16562,2025-04-17T21:10:51
8105,2025-06-15T03:31:15
15991,2025-09-18T00:06:46
4389,2024-12-24T10:57:10
12127,2025-09-30T09:18:25
4100,2025-10-19T20:08:18
17998,2025-06-16T19:17:25
4519,2025-11-06T22:52:03.976184
6163,2025-08-17T18:06:03
17557,2025-02-14T09:57:02
8682,2024-12-24T23:16:26
6204,2025-09-19T12:24:48
1557,2025-03-14T19:59:51
15599,2025-07-12T12:57:53
3574,2025-05-19T02:05:57
11815,2025-11-06T22:56:03.976237
3910,2024-12-31T16:39:39
1669,2025-08-26T20:37:05
15807,2025-09-06T04:35:52
3953,2025-10-28T10:35:36
15805,2025-08-20T21:41:39
4330,2025-04-22T04:54:55
3103,2025-11-06T22:51:03.976273
8445,2025-10-30T20:04:52
4150,2025-04-21T18:02:20
8298,2025-06-10T09:38:55
13890,2025-10-31T18:11:21
18894,2024-12-06T13:43:04
9939,2025-11-06T22:21:03.976305
14060,2025-07-14T22:12:02
7894,2025-01-05T15:36:43
19690,2025-05-20T03:25:57
17825,2025-09-07T08:47:48
1183,2025-05-07T00:16:33
18034,2025-05-06T22:57:43
1067,2024-11-11T07:39:09
7304,2025-06-21T20:01:39
6869,2025-09-12T07:50:57
15694,2025-02-13T15:05:11
8729,2025-04-15T05:04:56
4525,2025-08-17T23:09:09
10605,2025-01-10T00:36:35
17195,2025-05-28T05:58:28
17794,2025-03-13T23:51:45
3866,2025-07-22T17:26:31
13314,2025-02-09T02:45:06
4699,2025-08-23T14:06:57
8995,2025-09-28T08:58:24
18292,2025-01-15T14:10:21
10141,2025-11-06T22:22:03.976405
8436,2025-01-10T15:15:32
14291,2025-02-05T22:57:32
13861,2025-09-19T10:44:21
10271,2025-03-24T02:14:07
3198,2025-10-11T10:00:42
8180,2025-04-28T10:34:27
5710,2025-08-17T04:38:26
7744,2025-01-19T00:06:24
2193,2024-12-04T22:15:42
19407,2025-03-07T00:55:49
11728,2025-02-18T02:33:39
1502,2025-09-11T06:32:06
18880,2025-01-19T08:50:47
16810,2025-03-31T18:56:41
4168,2025-01-09T06:07:45
2727,2025-02-14T10:15:24
9896,2025-04-26T15:38:25
11898,2025-03-10T02:17:04
6351,2024-12-18T13:13:17
13582,2025-09-10T20:39:40
7338,2025-05-23T00:34:44
2480,2025-09-15T00:57:58
382,2024-12-12T20:56:44
14782,2025-04-01T20:02:41
8610,2024-12-28T08:16:52
7217,2025-08-30T00:31:25
14261,2025-07-26T11:50:00
9223,2025-02-05T16:21:00
15509,2025-04-12T17:19:59
17785,2025-10-25T19:12:29
9167,2025-10-02T10:42:46
10531,2025-05-16T12:56:08
14490,2025-07-03T16:12:53
13238,2025-04-28T03:53:35
9274,2024-12-28T04:52:43
16343,2025-10-01T18:26:56
3396,2025-08-10T00:00:59
15023,2025-04-23T09:45:37
404,2025-01-18T20:16:01
9381,2025-02-23T06:55:40
19508,2025-03-16T16:00:32
5666,2025-07-15T05:20:53
3182,2025-03-02T03:16:29
13466,2025-01-16T03:11:13
6430,2025-10-16T18:44:01
3133,2025-11-06T17:15:04
4518,2025-06-26T05:40:05
5908,2025-09-17T23:38:29
8862,2025-06-14T15:41:36
8881,2025-10-28T13:11:10
15826,2025-11-06T22:11:03.976633
18931,2025-06-27T07:34:02
13503,2025-11-06T22:21:03.976645
3392,2025-03-11T06:19:03
12468,2024-12-21T07:03:32
15336,2025-07-05T18:19:06
5995,2025-02-18T12:54:39
14649,2025-10-20T20:36:05
17447,2025-02-17T02:56:00
8106,2025-08-23T18:21:49
19542,2025-07-19T10:20:09
15848,2025-07-29T10:43:22
11055,2025-04-20T12:33:08
12321,2025-11-06T22:53:03.976698
657,2025-10-04T11:26:08
19765,2025-10-08T18:52:55
14762,2025-06-10T21:37:37
6018,2025-06-18T10:59:10
9619,2025-03-18T21:06:16
9732,2025-10-16T02:45:38
1126,2025-10-03T09:54:26
17621,2025-05-18T01:44:20
3608,2025-01-09T09:36:10
3042,2025-08-04T07:04:54
15099,2025-05-05T11:59:26
16018,2025-04-13T08:39:12
6441,2025-04-05T03:00:23
17748,2025-03-19T19:58:19
62,2025-02-07T01:40:07
15342,2025-10-04T03:40:15
7557,2025-10-15T23:42:43
1178,2025-10-10T09:40:43
10851,2025-01-05T08:05:39
7972,2025-02-28T16:16:52
17379,2024-12-17T00:09:07
724,2025-10-17T18:33:29
4980,2025-06-27T10:18:10
222,2025-06-20T12:52:06
37,2024-12-06T03:39:05
40,2025-05-29T08:24:37
8300,2025-11-06T22:22:03.977071
6990,2025-04-20T15:30:36
2784,2025-04-24T06:39:19
6613,2025-01-14T04:41:27
17602,2025-10-28T03:54:34
7049,2025-07-17T12:38:44
8885,2025-10-08T17:48:07
14414,2025-10-18T19:23:34
11935,2025-06-07T16:31:40
12861,2025-07-19T15:00:50
4996,2025-09-20T15:54:00
1114,2025-11-06T22:30:03.977133
365,2025-09-14T21:27:38
597,2025-06-30T10:21:38
4152,2025-01-14T10:38:25
4119,2024-11-24T06:14:09
18551,2025-03-17T00:53:33
10886,2025-07-09T19:49:33
7249,2025-06-23T04:11:20
1683,2025-11-06T22:25:03.977178
2714,2025-07-16T11:43:32
4409,2025-02-18T04:18:49
6870,2025-10-04T16:49:38
19851,2025-10-15T10:23:31
15433,2025-10-19T21:02:54
531,2025-09-13T03:12:42
4086,2025-01-09T19:47:35
7153,2025-10-23T10:40:57
1095,2025-01-24T10:48:02
12246,2025-06-28T07:27:42
17829,2025-07-03T06:22:01
8046,2025-02-23T01:06:55
460,2025-06-10T21:56:20
10842,2025-11-06T22:31:03.977252
1489,2025-05-25T14:19:43
3055,2025-11-06T22:01:03.977265
13755,2025-05-07T16:41:01
9807,2025-02-12T13:11:24
19825,2025-06-23T19:31:29
8136,2025-01-07T06:58:48
12888,2025-08-31T03:59:53
1927,2025-07-02T21:11:39
10481,2025-07-11T13:37:51
129,2025-07-30T09:10:36
2608,2024-12-03T15:06:57
17913,2025-05-27T13:37:12
2811,2025-04-19T17:30:40
14822,2025-02-27T02:53:06
9485,2025-10-07T07:41:26
5757,2025-10-04T08:10:56
17504,2025-02-17T17:10:52
17106,2025-07-09T02:46:36
13366,2025-08-28T17:01:04
11717,2025-08-29T09:40:42
14106,2025-10-28T15:41:41
15201,2025-10-28T19:43:58
3043,2025-10-30T14:47:36
1205,2024-12-23T10:51:03
3170,2025-03-22T08:29:45
5490,2025-07-06T07:21:54
17737,2025-05-14T15:42:39
7932,2024-12-06T13:24:08
18490,2025-02-12T03:41:54
17747,2025-02-19T02:24:03
1393,2025-05-21T08:52:56
5915,2025-08-21T02:09:19
17186,2025-10-16T02:04:50
8346,2025-04-16T15:51:25
16957,2024-12-19T23:11:47
1685,2025-11-01T15:42:29
10179,2025-04-28T16:32:40
5304,2025-09-12T03:38:30
4217,2025-09-03T02:57:52
7146,2025-03-14T11:19:51
9205,2025-02-04T10:35:39
4319,2025-10-02T20:07:44
9055,2025-03-24T13:37:17
16464,2025-05-21T19:44:08
13230,2025-06-21T11:04:46
16795,2025-10-24T06:41:10
4994,2025-07-19T09:32:38
1416,2025-05-13T00:27:20
9940,2025-11-06T22:48:03.977493
19728,2025-11-06T22:15:03.977502
508,2025-01-22T21:40:00
11533,2025-07-22T18:52:13
12095,2025-09-01T11:32:21
455,2025-03-11T07:47:57
19112,2025-03-24T01:47:38
7635,2025-10-02T04:12:12
16767,2024-12-30T20:42:39
6412,2025-07-15T12:28:45
6460,2025-02-15T21:24:42
10917,2024-11-14T18:50:45
2107,2025-07-06T14:52:23
11912,2025-01-11T18:36:52
1227,2025-03-18T09:41:22
13779,2025-01-13T03:31:09
18163,2025-10-21T13:56:31
14749,2025-03-28T10:43:59
19027,2025-08-23T10:18:37
15008,2025-10-03T22:08:21
17519,2025-07-15T11:47:43
4472,2025-09-01T06:16:31
18883,2025-10-10T16:08:59
13483,2025-05-08T22:12:14
15563,2025-04-28T22:18:04
16129,2024-12-24T23:42:00
3981,2025-04-16T06:02:01
10856,2025-06-08T11:07:50
11524,2025-08-21T13:37:17
8641,2025-04-15T16:23:26
3436,2025-08-14T05:59:11
12880,2025-04-15T20:37:53
7633,2024-11-30T08:55:55
8468,2025-03-18T22:27:47
5517,2025-07-19T19:22:02
10485,2025-07-12T22:14:14
14511,2025-09-27T12:42:45
3135,2025-03-09T23:59:30
1798,2025-04-15T08:20:16
14217,2025-02-18T16:11:36
12559,2025-01-27T11:36:10
52,2025-08-14T22:50:26
16256,2025-08-01T23:53:50
17982,2025-01-25T07:41:27
6494,2025-04-22T09:21:14
14523,2025-07-08T17:16:35
5909,2025-08-06T00:25:18
13469,2025-01-24T15:42:36
6776,2025-01-08T13:02:14
5697,2024-12-06T22:33:21
430,2025-10-06T19:08:30
11861,2025-08-28T14:05:28
3594,2025-04-15T07:18:03
12116,2025-06-20T10:07:37
8505,2024-11-22T21:30:51
9723,2024-12-23T17:26:28
10303,2025-01-24T12:56:31
11886,2025-07-07T06:42:09
1349,2025-03-28T18:31:11
7773,2024-11-24T18:31:22
1315,2024-12-04T07:03:22
4305,2025-10-14T02:45:35
1045,2025-09-23T00:13:32
12943,2025-11-06T22:01:03.977856
10940,2025-03-16T20:54:15
12988,2025-11-06T22:58:03.977868
14430,2025-09-02T23:40:29
6570,2025-07-31T06:30:23
17787,2024-12-31T02:09:24
17629,2025-01-15T04:53:27
17830,2025-06-25T04:04:49
6642,2025-05-05T03:01:37
5086,2025-07-23T04:11:45
11445,2025-05-14T20:00:17
8118,2025-01-14T14:48:54
19889,2025-11-05T03:04:48
18767,2025-06-01T21:32:37
10344,2025-04-15T19:11:28
8,2025-05-28T17:59:55
16978,2025-10-10T02:46:27
4286,2025-06-15T21:27:55
16249,2025-10-02T21:28:26
742,2025-11-06T22:01:03.977944
5444,2025-09-23T12:34:55
10142,2025-09-20T09:23:23
9350,2024-12-23T19:59:52
2845,2025-02-15T03:21:38
130,2025-01-24T07:20:33
18251,2025-03-29T17:37:52
13069,2025-08-10T12:58:18
17234,2024-12-07T13:46:19
16662,2025-05-18T10:42:11
179,2025-02-13T20:02:53
14975,2025-07-12T21:16:49
18504,2025-04-15T21:20:00
303,2025-09-01T23:51:20
7738,2025-09-07T10:32:54
18425,2025-08-21T07:41:37
4795,2024-12-03T18:38:28
2177,2025-09-19T23:11:45
2917,2025-11-06T21:59:03.978024
17574,2025-07-15T17:28:58
1943,2025-05-06T14:38:40
4979,2025-08-12T09:50:17
18248,2025-01-03T17:43:16
6715,2025-02-08T00:14:48
2682,2025-03-10T10:12:54
7407,2025-01-23T02:14:12
13059,2025-07-03T07:52:59
17398,2025-11-06T22:26:03.978065
9878,2025-10-04T02:07:50
2360,2025-08-16T17:06:23
13600,2025-05-02T09:03:50
19993,2025-03-13T23:03:57
6213,2025-11-03T14:52:11
9092,2025-06-13T14:23:07
2876,2025-02-21T19:54:33
7812,2025-06-05T06:55:33
3971,2025-07-10T20:34:05
17306,2024-12-14T17:12:43
9290,2025-06-08T22:54:56
14146,2025-01-06T20:42:45
1897,2025-04-02T20:13:56
10031,2025-04-23T16:53:05
5545,2025-07-23T04:20:52
18124,2025-05-01T17:04:51
6967,2025-11-06T22:05:03.978150
2726,2025-06-28T15:47:05
16544,2025-08-08T13:54:30
8612,2025-11-03T19:55:06
221,2025-04-17T16:02:02
2979,2025-01-25T01:20:41
2508,2025-08-14T04:14:54
4216,2025-01-23T02:08:34
456,2025-11-06T22:02:03.978194
5340,2025-07-26T05:35:16
18812,2025-06-19T14:07:09
8072,2024-11-24T07:51:12
12628,2025-02-05T01:50:47
19124,2025-10-17T12:51:32
4485,2025-03-06T21:02:24
13546,2025-03-19T02:23:56
11175,2025-10-19T00:42:29
15097,2025-09-12T04:30:35
1743,2025-04-26T15:31:24
7998,2025-07-15T09:56:34
19217,2024-12-15T01:02:40
15585,2025-07-17T22:20:55
15483,2025-01-08T01:41:32
11004,2024-12-25T02:40:26
15590,2025-07-08T10:10:54
6370,2025-03-15T03:19:09
10419,2025-10-29T04:50:11
5940,2025-10-13T10:47:13
15727,2025-01-26T13:33:11
5975,2025-11-01T05:32:17
7484,2024-12-27T14:51:05
19595,2025-10-21T03:34:45
14094,2025-07-23T15:26:25
15540,2025-03-31T05:19:46
3130,2025-08-03T00:10:40
2149,2025-11-06T22:25:03.978323
18088,2025-08-26T04:41:57
15851,2025-04-21T00:38:06
4424,2025-10-25T08:37:15
69,2025-09-22T01:40:11
1991,2025-11-06T22:28:03.978348
11500,2024-12-16T00:44:20
17925,2025-06-16T00:17:30
5054,2025-06-10T23:43:03
12159,2025-10-27T00:16:35
14499,2025-01-19T00:22:39
8345,2025-11-06T21:59:03.978384
9458,2025-02-23T13:00:50
17811,2024-12-14T09:41:41
15770,2025-03-17T21:49:05
13499,2025-10-04T20:36:48
5080,2025-02-05T07:13:43
2591,2025-10-12T21:51:21
8911,2025-11-06T22:56:03.978418
8258,2025-10-06T17:31:17
19756,2025-05-01T08:21:36
7891,2025-07-07T11:38:05
7978,2025-10-29T00:09:32
3972,2025-06-29T00:01:31
1805,2025-03-18T03:53:23
5121,2025-02-12T13:21:30
2221,2025-06-05T16:28:22
16822,2024-12-09T04:01:25
2032,2024-11-18T11:27:26
4757,2025-08-08T13:17:04
15682,2025-06-21T13:22:58
14937,2024-12-10T05:23:17
18882,2025-10-30T11:20:28
7739,2024-12-29T16:24:29
16798,2025-10-03T07:57:37
1265,2025-08-10T18:31:51
14902,2025-07-13T14:22:48
16298,2025-03-25T00:07:34
5552,2025-05-13T14:05:32
6548,2025-01-02T08:34:35
13023,2025-11-06T22:41:03.978522
6077,2024-12-21T13:27:24
16095,2025-03-07T21:36:31
17122,2025-02-28T09:50:50
18435,2025-05-14T08:53:13
1463,2025-10-28T13:50:09
2943,2025-02-05T00:39:50
9118,2025-02-25T06:27:17
11461,2025-05-12T05:58:26
12553,2025-04-01T20:53:55
2854,2025-11-06T22:05:03.978602
4922,2025-05-18T17:20:24
11363,2025-02-02T16:38:17
6746,2025-04-19T04:18:03
3677,2025-10-27T12:06:47
13915,2025-01-10T21:37:13
18301,2025-10-30T02:28:31
9316,2025-09-13T10:41:34
6983,2025-10-11T23:41:53
17282,2025-01-28T12:36:16
5494,2025-07-21T02:41:34
18465,2025-09-18T02:17:09
17671,2025-08-13T03:17:33
1218,2025-10-21T00:09:04
2707,2024-12-17T20:15:55
15264,2025-05-19T19:06:49
19062,2025-11-06T22:25:03.978740
7693,2025-05-13T08:43:54
12119,2025-08-02T08:55:14
5309,2025-08-17T21:16:08
10932,2025-11-06T22:46:03.978812
5453,2025-10-08T13:21:52
16430,2025-02-12T11:57:38
3581,2025-05-26T01:55:42
16679,2025-07-01T19:25:54
9374,2025-08-31T03:41:17
8548,2025-06-23T08:49:27
17739,2025-04-19T15:05:51
14772,2025-09-02T14:21:27
3426,2024-11-29T23:14:22
4577,2025-10-13T13:12:06
74,2024-12-19T07:15:29
3384,2025-10-16T21:22:19
19130,2025-03-09T08:57:55
2364,2025-05-24T12:36:05
5267,2025-04-08T19:25:32
16301,2025-05-28T00:50:51
5914,2025-08-30T22:04:54
11678,2025-08-26T20:16:59
5220,2025-06-11T10:34:02
6438,2024-12-09T23:31:27
15413,2025-08-18T09:17:37
19562,2025-03-18T09:57:48
4924,2025-03-16T10:21:45
17514,2025-10-31T02:49:25
14231,2025-04-28T05:37:37
12106,2025-06-18T03:30:21
6546,2025-05-28T02:57:13
9197,2025-09-15T17:02:46
6197,2025-09-02T05:07:46
4282,2025-10-08T17:40:53
488,2025-11-03T17:23:27
156,2025-01-03T08:13:47
753,2025-04-16T18:31:15
11026,2025-02-04T06:58:05
2648,2024-12-28T23:25:50
10321,2025-07-20T01:10:52
14483,2025-01-29T11:38:16
8784,2025-09-26T21:28:58
10873,2024-12-25T17:42:20
11168,2025-09-09T20:23:02
17462,2025-06-29T11:48:11
10765,2025-07-05T20:25:31
16309,2025-02-21T21:21:32
4889,2024-12-04T02:07:22
17140,2025-04-21T01:00:17
9850,2025-03-08T00:11:10
16787,2025-08-16T23:39:55
16891,2025-09-28T20:21:58
15473,2024-12-29T02:01:18
15120,2025-11-06T22:29:03.979066
17446,2025-09-11T21:20:00
4058,2025-05-06T20:47:48
8202,2025-11-06T22:27:03.979092
4722,2025-02-02T17:48:55
9204,2025-04-01T09:56:58
13729,2025-07-02T13:45:29
1715,2025-02-27T17:29:34
11275,2024-11-26T19:44:51
18530,2025-02-03T14:56:51
19651,2025-06-03T16:23:12
3309,2025-07-24T12:17:37
18371,2025-10-13T16:44:01
2412,2025-07-31T07:08:20
2539,2025-11-06T22:34:03.979148
5225,2025-05-26T06:33:51
13338,2025-08-04T16:46:03
5134,2025-11-06T22:15:03.979165
14082,2025-09-30T19:49:28
4388,2025-10-24T05:04:02
242,2025-11-06T22:40:03.979187
16149,2025-01-02T21:44:45
18039,2025-11-06T22:13:03.979200
1855,2025-10-20T08:59:43
7533,2025-04-24T09:49:55
15315,2025-09-17T04:58:56
15728,2025-04-19T23:42:47
14111,2025-09-16T06:32:04
13440,2025-09-16T07:24:17
15101,2025-01-28T03:14:47
7170,2025-03-12T17:37:02
10608,2025-06-13T12:19:27
18126,2025-08-08T16:41:46
18832,2025-11-06T22:23:03.979267
5778,2025-11-06T22:08:03.979275
10327,2025-06-03T18:03:29
5479,2025-09-01T05:22:29
13910,2025-11-06T22:17:03.979294
2200,2025-09-28T03:09:12
10522,2025-07-24T18:40:49
12457,2024-12-09T03:43:11
396,2025-09-24T20:18:04
9746,2025-05-29T07:42:27
17159,2025-08-30T17:42:04
7860,2025-03-06T11:04:16
6774,2025-04-05T10:50:21
6146,2025-08-06T20:59:05
18854,2025-09-16T06:56:53
18588,2025-03-19T19:37:10
5899,2024-12-24T19:02:03
7040,2025-10-30T07:49:11
7874,2025-07-30T11:32:05
13792,2025-10-31T22:25:43
18202,2025-03-20T17:36:47
12070,2025-11-06T22:46:03.979463
3759,2025-01-31T09:26:15
14731,2025-08-07T00:23:37
8637,2025-10-13T08:29:23
9392,2025-11-06T22:13:03.979484
16286,2025-02-25T00:36:24
4481,2025-01-23T20:30:36
4613,2025-10-19T16:41:25
10528,2025-10-25T15:18:03
11994,2025-05-04T20:35:57
17059,2025-09-13T02:48:13
3707,2025-06-01T23:01:48
5759,2025-04-18T04:41:12
6074,2025-08-06T10:56:50
9735,2024-12-19T10:51:48
10805,2025-02-28T04:59:08
17828,2025-10-16T06:15:26
98,2025-10-05T05:28:00
9944,2025-09-14T15:44:34
19248,2025-04-05T21:32:38
5087,2025-06-01T18:05:11
4570,2024-12-10T23:48:08
16920,2025-06-23T19:17:00
2644,2025-02-24T14:40:20
12813,2025-08-05T11:11:39
9247,2024-12-19T05:26:34
19799,2025-02-15T13:43:09
4933,2025-02-20T17:33:38
8082,2025-04-26T06:03:27
13380,2025-09-14T01:48:17
19854,2025-01-16T23:38:05
5386,2025-01-24T18:06:13
3450,2025-06-23T23:38:58
6637,2025-05-03T20:18:49
8372,2025-01-14T05:59:20
18132,2025-10-06T22:55:00
1720,2025-05-09T23:28:31
3479,2025-01-22T18:06:17
4239,2025-09-07T16:03:26
15566,2025-07-21T10:54:33
3932,2025-04-30T16:34:28
1492,2025-11-06T22:49:03.979650
5342,2025-01-23T12:25:17
14907,2025-04-16T15:05:17
3391,2025-01-12T15:17:03
2657,2025-11-06T22:55:03.979670
7431,2025-10-24T17:15:32
18065,2025-03-07T11:29:02
9824,2025-07-29T09:13:43
8604,2025-10-03T08:37:02
10116,2025-01-03T10:02:44
16009,2025-10-19T18:41:05
5595,2025-08-30T21:21:25
1615,2025-06-03T08:20:52
18584,2025-07-08T22:23:24
7678,2025-06-04T01:27:31
8856,2025-06-25T01:29:51
17840,2025-03-26T20:12:07
17973,2025-02-18T12:37:21
2710,2025-10-19T12:20:17
10023,2025-01-22T03:40:21
9362,2025-02-11T15:20:42
33,2024-12-18T05:07:27
6918,2025-11-06T22:19:03.979756
407,2025-06-07T05:29:39
12671,2025-04-16T04:09:17
2702,2025-05-24T22:22:05
17468,2025-03-01T03:50:53
11653,2025-04-07T10:10:43
18907,2025-11-06T22:49:03.979785
13519,2025-01-16T17:32:51
3794,2025-09-08T16:22:42
6652,2025-06-23T08:32:38
6651,2025-08-21T16:56:55
16934,2025-03-04T20:57:55
144,2025-11-06T22:14:03.979814
1254,2025-06-01T06:50:27
15310,2025-08-10T22:07:37
11911,2025-06-07T10:22:09
12024,2025-07-23T12:47:30
14437,2025-02-14T18:17:47
9754,2025-03-31T07:56:13
6914,2025-11-06T22:30:03.979857
2148,2025-01-11T02:14:57
5835,2025-04-03T18:53:48
18349,2025-02-12T11:09:21
11051,2025-07-16T11:59:48
8274,2025-02-27T19:13:29
6350,2025-01-28T19:55:30
1959,2025-03-05T17:18:16
13327,2025-11-03T13:07:27
3804,2025-06-21T16:22:13
14067,2025-04-20T19:17:22
3389,2025-03-25T12:46:16
3764,2025-05-21T18:10:15
5563,2025-04-05T14:08:18
2810,2025-10-07T02:21:04
8247,2025-06-22T03:54:17
8713,2025-04-08T21:38:34
17304,2025-11-06T22:10:03.979937
8608,2025-05-20T14:22:43
19294,2025-03-15T18:05:13
19193,2025-10-25T10:39:40
8826,2025-08-16T05:17:39
18058,2025-07-15T04:09:16
2880,2025-02-07T04:54:55
19972,2025-01-04T16:16:25
8522,2025-08-09T18:58:50
4089,2024-12-23T21:20:54
1643,2025-01-14T02:48:13
104,2025-01-01T02:19:16
19089,2025-03-16T12:28:56
15806,2025-08-01T03:40:27
180,2024-11-19T11:54:10
3725,2025-03-05T01:00:16
18076,2025-10-21T06:24:40
4854,2025-03-25T12:18:28
6284,2025-11-06T22:56:03.980019
49,2025-05-28T03:26:11
9997,2025-06-16T14:47:43
10168,2025-04-09T21:37:42
14660,2025-10-28T08:15:51
15192,2025-11-06T22:16:03.980048
6511,2025-06-18T06:25:57
18031,2025-11-06T22:01:03.980064
6101,2025-01-14T22:10:55
18919,2025-10-27T04:13:44
6211,2024-12-19T11:19:16
6053,2025-08-27T06:46:02
7774,2025-09-06T00:05:10
15865,2024-11-21T11:01:36
14663,2025-05-21T06:43:54
6057,2025-04-11T12:14:53
13351,2025-04-28T17:33:25
7270,2025-06-24T10:46:57
8783,2025-02-05T04:37:35
5761,2024-12-25T10:21:40
3808,2024-11-25T15:54:41
688,2025-03-23T12:11:30
4083,2025-04-23T21:30:54
16336,2025-04-03T17:33:50
16220,2025-11-06T22:41:03.980141
4022,2025-10-10T18:03:13
8939,2025-06-27T08:10:24
779,2025-02-20T02:11:40
7408,2025-06-04T12:56:42
18148,2025-11-06T22:28:03.980175
17864,2024-11-28T13:12:37
8976,2025-11-02T20:56:11
12254,2025-03-05T19:11:36
13274,2025-07-15T08:44:01
9366,2025-07-23T21:13:06
4681,2025-06-23T05:49:14
12865,2025-05-18T14:29:11
7690,2025-07-19T00:51:14
17232,2025-01-28T10:27:48
446,2024-12-16T22:53:33
19745,2025-01-12T08:32:30
12962,2025-07-08T02:46:17
3576,2025-10-04T22:33:53
16289,2025-05-14T15:13:24
5110,2025-03-30T05:37:06
14475,2025-01-29T11:05:16
13006,2025-11-06T22:38:03.980253
13834,2025-01-03T12:37:21
2125,2025-07-08T15:32:38
18131,2025-07-07T00:21:14
7742,2025-03-22T05:13:27
12620,2025-06-28T09:08:42
4113,2025-10-15T17:12:42
16764,2025-04-03T05:20:29
15420,2025-07-15T13:14:11
16099,2025-08-04T02:27:34
13426,2025-03-22T10:14:45
2792,2025-02-25T11:45:42
17567,2025-07-16T04:53:10
1684,2025-01-26T12:05:47
6432,2025-06-16T18:29:35
11942,2025-05-18T15:47:49
12090,2025-08-03T15:05:36
12416,2025-09-25T00:56:41
6369,2025-04-29T16:45:41
10808,2025-08-17T01:00:00
5160,2025-10-26T20:40:56
7644,2025-06-08T22:15:33
3513,2025-06-06T14:02:21
9786,2025-07-05T10:17:00
15596,2025-05-09T07:03:42
1681,2025-01-05T21:33:14
8778,2025-04-01T20:57:54
19098,2025-10-16T00:00:55
15095,2025-11-06T22:46:03.980381
3641,2025-09-03T07:44:49
9542,2024-12-23T02:32:45
8168,2025-07-21T03:42:13
3458,2025-09-27T19:03:19
7843,2025-03-04T19:29:32
9942,2025-07-24T22:52:31
12062,2025-07-11T13:30:32
10634,2024-12-22T22:04:33
13182,2025-03-20T19:23:30
3959,2025-03-01T16:50:45
15541,2025-11-06T22:18:03.980432
7973,2025-10-24T11:13:39
606,2024-11-22T05:00:38
12725,2025-10-06T16:33:41
3885,2025-05-07T01:42:32
13877,2025-05-22T05:35:54
19261,2025-02-21T16:12:17
1094,2025-03-08T08:12:05
1388,2025-01-06T16:58:28
13661,2025-05-26T09:00:48
8709,2025-10-03T09:14:27
4982,2025-04-20T16:35:06
4456,2025-02-27T04:32:02
10555,2025-01-05T10:50:34
19826,2025-05-15T23:46:47
929,2025-05-12T02:53:17
6676,2025-08-14T02:12:24
1230,2025-11-06T22:44:03.980536
10717,2025-08-13T12:27:44
8425,2025-11-06T22:43:03.980548
832,2025-01-05T08:11:42
5855,2025-08-09T13:56:11
11435,2025-06-25T23:10:03
15017,2025-02-18T10:26:59
12467,2025-03-20T23:54:55
16037,2025-08-17T09:16:34
11079,2025-01-12T00:17:26
853,2025-11-01T14:28:33
1003,2025-09-10T07:05:25
18040,2025-06-24T06:29:20
4348,2025-05-22T11:05:16
11345,2025-05-19T09:52:11
16914,2025-11-04T01:14:55
10632,2025-09-13T17:00:27
1660,2025-10-18T15:17:05
15561,2025-01-14T23:55:59
12742,2025-01-21T03:07:00
16600,2025-10-20T06:43:21
10818,2025-10-13T06:08:33
11592,2025-02-26T07:33:52
13692,2024-12-30T21:58:41
2720,2025-01-01T16:13:18
15450,2024-12-25T15:49:18
14935,2025-07-22T20:42:02
18520,2025-06-13T10:35:41
8395,2025-09-22T18:42:43
19653,2025-07-20T20:35:29
9216,2025-08-05T02:29:55
1600,2025-05-06T21:23:00
16809,2025-06-05T06:49:30
826,2025-03-29T03:04:06
2271,2025-11-06T22:34:03.980692
11683,2025-04-06T22:16:29
18385,2025-03-04T10:31:46
4274,2025-10-10T09:29:20
17149,2025-07-12T00:09:26
12587,2025-10-27T04:39:48
3598,2024-12-05T15:58:27
17173,2025-06-23T04:23:41
3945,2025-11-06T22:44:03.980731
5768,2025-10-20T23:00:00
8623,2025-09-22T08:22:35
18673,2025-01-16T10:26:14
2800,2025-07-14T09:17:20
1644,2025-11-06T22:48:03.980755
1663,2025-09-23T07:25:07
11428,2025-09-15T20:51:43
18561,2025-11-02T23:09:55
10667,2024-11-24T16:44:32
8670,2025-04-17T19:05:37
19210,2025-05-06T14:59:54
4833,2024-12-01T23:26:55
5972,2024-12-07T05:03:18
19025,2024-12-31T21:54:14
17827,2025-09-16T10:58:34
19154,2025-01-29T22:27:40
11330,2024-12-27T20:54:14
18598,2025-02-11T12:23:03
16979,2024-12-13T04:26:45
17145,2024-12-25T17:16:14
10841,2025-06-03T17:56:56
2541,2025-07-29T20:47:55
16328,2024-11-30T12:04:22
5575,2025-07-29T18:25:17
10931,2025-09-09T06:31:47
5652,2025-11-06T22:26:03.980850
537,2025-11-06T22:08:03.980857
15176,2025-06-28T19:22:04
11801,2025-11-06T22:41:03.980898
3058,2025-11-06T22:23:03.980906
6542,2025-11-06T22:30:03.980915
8890,2025-03-22T01:16:43
9151,2025-03-07T21:34:16
9398,2025-07-25T15:03:25
2289,2025-09-15T23:19:52
8270,2025-08-30T15:43:15
13225,2025-09-10T09:02:05
10595,2024-12-01T21:51:21
12039,2025-03-03T08:35:02
4662,2025-10-07T04:39:51
13064,2025-01-14T09:20:55
11563,2025-01-08T05:59:27
11331,2025-01-17T20:44:38
10560,2025-11-06T22:29:03.980980
6082,2025-04-21T15:28:01
7657,2025-04-18T12:19:44
14447,2025-07-04T11:21:44
3305,2025-06-10T23:19:39
1251,2025-11-06T22:16:03.981007
5060,2025-02-18T03:17:01
18820,2025-01-21T13:26:53
9084,2025-09-06T13:30:50
3393,2025-01-14T23:06:41
15640,2025-05-03T21:40:47
18843,2025-07-17T11:14:07
1782,2025-11-06T22:18:03.981046
904,2025-05-01T02:39:05
17221,2025-04-09T21:50:33
7002,2025-11-06T22:29:03.981068
13604,2025-05-23T01:34:19
11679,2025-01-04T17:35:48
19234,2025-07-09T05:11:44
19818,2025-04-06T04:40:52
5016,2025-08-08T17:33:59
11095,2025-05-23T14:09:37
7261,2025-08-26T13:23:15
3833,2025-05-05T04:03:37
7491,2025-06-30T13:51:16
9059,2025-08-08T06:54:46
9065,2025-04-13T13:22:04
7497,2025-06-28T00:15:19
11092,2025-02-09T23:13:54
10937,2025-10-15T16:19:41
707,2025-01-12T10:49:29
17395,2025-05-21T00:31:53
10464,2025-05-11T13:36:21
6356,2024-12-25T12:06:18
18200,2025-11-06T22:47:03.981159
10864,2025-10-16T22:44:17
425,2025-02-02T14:46:25
7877,2025-10-22T20:42:10
5958,2025-04-20T09:50:11
8199,2024-12-27T09:16:33
12816,2025-10-14T01:41:55
7605,2025-08-07T19:40:30
16412,2025-05-17T17:59:08
15974,2025-10-13T16:29:59
11666,2025-11-06T22:28:03.981208
6043,2025-02-13T17:25:01
8448,2024-12-22T00:30:06
14017,2024-11-23T17:17:32
15234,2025-05-08T08:12:40
14810,2025-04-13T15:07:30
2119,2025-11-06T22:24:03.981241
14827,2025-02-05T04:24:01
14973,2025-09-15T08:10:03
11165,2025-01-16T02:02:27
19524,2025-03-26T17:56:42
380,2025-04-29T00:55:42
8628,2025-10-07T19:37:33
1209,2025-07-30T22:29:32
690,2025-11-06T22:48:03.981281
11588,2025-10-19T13:52:11
6606,2025-05-15T19:18:02
15466,2025-10-09T15:27:02
9315,2025-04-11T19:39:28
7244,2025-06-10T14:37:02
16383,2025-10-18T18:00:08
11383,2025-03-09T12:29:29
16557,2025-01-04T01:56:35
13826,2025-03-05T15:00:01
9299,2025-03-14T06:39:18
3160,2025-01-03T02:58:25
786,2025-07-10T02:29:55
6562,2025-05-21T20:21:56
17339,2025-04-11T20:43:22
8506,2025-05-02T23:29:54
17147,2024-12-28T14:17:48
11638,2025-11-06T22:46:03.981363
19844,2025-10-18T05:27:23
7764,2025-07-03T04:58:41
1808,2025-11-06T21:59:03.981380
3949,2025-02-08T14:51:37
19716,2025-06-10T19:52:21
11699,2025-08-09T12:59:52
7596,2025-08-14T19:49:34
17217,2025-05-25T09:59:10
11075,2025-08-26T17:36:36
14944,2025-09-23T05:11:09
16768,2025-05-22T21:24:30
13277,2025-01-07T00:26:45
19615,2025-10-13T15:12:38
17452,2025-04-02T23:47:56
91,2025-04-19T21:11:26
4938,2025-07-04T14:19:44
706,2025-09-01T17:30:40
12937,2025-05-03T04:47:10
15381,2025-03-16T12:55:32
13640,2025-01-07T09:21:18
3474,2025-02-20T07:15:24
6922,2025-04-16T22:09:37
12528,2025-04-22T00:42:22
892,2025-03-20T22:30:32
6780,2025-08-05T09:26:54
2471,2025-04-02T19:56:23
11173,2025-08-09T22:28:56
11117,2025-03-27T14:59:49
12476,2025-04-21T01:08:58
14112,2025-11-06T22:37:03.981509
1697,2025-03-13T01:21:53
13300,2025-07-17T19:45:11
5204,2025-10-23T22:06:15
17384,2025-05-14T05:48:51
7820,2025-01-07T03:08:50
9363,2025-10-28T20:58:49
9272,2025-04-29T08:54:53
18170,2025-01-20T06:40:17
14900,2025-03-22T00:02:38
13115,2024-12-07T17:42:56
2526,2025-04-07T22:47:18
9645,2025-07-15T05:54:51
14320,2024-12-10T11:50:00
12108,2025-08-23T22:09:37
10233,2025-04-19T11:41:08
13614,2025-06-05T13:04:18
9722,2025-11-06T22:15:03.981591
4675,2025-05-04T02:43:50
6989,2025-11-06T22:07:03.981603
9116,2025-09-26T13:14:39
715,2025-10-25T04:41:30
4476,2025-03-20T01:39:42
3812,2025-10-20T04:19:43
4016,2025-01-16T02:27:03
16058,2025-03-11T15:03:39
7161,2025-11-06T22:03:03.981639
5038,2025-09-25T03:39:52
1155,2025-04-25T01:15:35
3374,2025-08-27T13:19:54
847,2025-07-15T04:12:11
4946,2025-08-18T08:48:06
19003,2025-11-06T22:46:03.981670
16407,2025-06-15T09:10:03
6011,2025-01-15T01:23:00
1038,2025-10-14T11:38:12
2138,2025-08-19T11:50:31
11786,2025-10-09T17:42:50
15899,2025-07-21T08:48:23
16755,2025-08-31T06:45:58
9829,2024-12-25T02:37:33
2023,2025-06-21T05:52:19
4758,2025-04-22T20:20:26
12189,2024-12-16T06:56:17
11876,2025-08-09T16:58:04
18825,2025-10-16T04:15:49
2739,2025-08-15T01:23:39
1749,2025-09-15T19:34:42
9164,2025-01-31T05:39:00
15072,2025-05-10T11:23:44
16982,2025-10-19T10:54:39
17015,2024-12-30T19:26:00
14501,2025-04-21T11:46:38
7870,2025-04-26T12:27:40
2973,2025-10-18T05:56:16
14080,2025-09-12T09:56:29
6278,2025-11-06T22:45:03.981784
18110,2025-07-16T04:22:47
18959,2024-12-13T06:09:12
17235,2025-03-03T16:52:26
9486,2025-09-17T04:55:44
5370,2025-06-16T11:22:26
16409,2025-02-04T11:20:23
19233,2025-10-28T19:15:06
11420,2025-06-01T15:24:18
10536,2025-06-28T15:07:56
11625,2025-06-25T05:10:14
1314,2025-10-24T06:30:16
10888,2024-12-30T23:37:26
13894,2025-01-09T16:19:12
7790,2025-09-06T08:42:33
3106,2025-08-05T04:13:55
13307,2024-12-29T00:24:47
4853,2025-03-23T01:46:07
16116,2025-10-14T01:00:27
18776,2025-02-04T04:37:55
3013,2025-01-12T06:11:46
3265,2025-07-17T17:48:46
6955,2025-04-29T20:45:33
13110,2025-08-06T15:39:11
9920,2025-07-12T19:05:14
18153,2025-02-22T15:21:31
325,2025-04-17T13:41:04
9150,2025-03-24T21:16:04
6027,2024-12-16T01:30:53
3275,2025-05-16T09:43:14
10300,2025-04-08T14:01:35
3603,2025-10-09T12:16:38
7199,2025-04-07T23:26:21
14627,2025-09-18T23:41:33
16133,2025-08-20T13:17:07
7666,2025-01-29T10:26:45
17673,2025-06-03T01:19:38
5679,2025-08-13T15:30:03
19994,2025-10-20T00:32:59
11211,2025-05-29T22:36:55
5947,2025-04-16T20:21:38
14516,2025-03-20T13:39:07
6087,2025-11-06T22:28:03.981983
1476,2025-08-27T04:15:13
2277,2025-01-18T09:39:30
16311,2025-05-10T17:24:58
8873,2025-03-05T18:00:17
15786,2025-09-05T06:41:15
1286,2025-02-04T18:55:06
342,2025-11-06T22:55:03.982019
17727,2025-03-01T02:27:49
5315,2025-07-02T02:24:18
406,2025-02-08T07:09:57
10715,2025-03-12T10:48:36
9435,2025-10-17T06:31:55
14051,2025-11-06T22:40:03.982050
17196,2025-10-09T16:32:13
17724,2025-08-26T12:07:00
18948,2025-03-01T14:59:32
14418,2025-11-04T21:47:59
2337,2025-07-24T20:05:02
5795,2025-09-25T10:15:18
13052,2025-05-10T05:25:49
10034,2025-06-22T18:20:39
248,2024-12-23T00:35:41
1377,2025-08-25T12:12:05
9073,2025-09-18T07:51:21
14398,2025-04-29T17:11:35
10542,2025-11-06T22:38:03.982115
15530,2025-04-01T08:27:48
5210,2025-03-17T00:30:10
13442,2025-01-11T12:45:41
19406,2025-03-06T22:38:18
8444,2025-07-09T04:28:27
11566,2025-06-24T05:27:12
8065,2025-11-06T22:50:03.982152
87,2025-01-18T09:40:59
9303,2025-02-03T22:37:26
10553,2025-10-22T07:47:46
4644,2025-10-10T15:58:50
15058,2025-05-05T06:34:58
3185,2025-10-17T16:39:14
16990,2025-09-04T13:18:03
11657,2025-04-06T15:57:18
10753,2025-11-06T21:59:03.982194
6273,2025-11-04T01:46:26
421,2025-11-06T22:03:03.982206
15872,2025-08-13T19:02:09
13127,2025-10-10T03:54:42
6655,2025-11-06T22:43:03.982223
4454,2025-03-10T19:10:27
16314,2025-02-16T05:42:53
11100,2025-11-06T22:13:03.982240
1771,2025-06-23T20:27:13
13485,2025-08-22T06:02:41
9841,2025-04-21T16:11:10
14891,2025-01-12T05:43:50
18048,2025-11-04T10:09:50
7073,2025-09-22T21:15:08
15021,2025-06-11T02:31:21
7964,2025-11-06T22:45:03.982278
2246,2025-10-23T17:06:42
7213,2025-10-14T19:05:03
13605,2025-09-08T02:47:54
9929,2025-07-21T15:29:57
6344,2025-04-13T03:32:29
15592,2025-03-13T19:13:13
19614,2025-02-21T03:49:32
17226,2025-08-06T11:44:12
17020,2025-07-16T01:59:19
1395,2025-06-08T10:15:38
17031,2025-03-14T15:52:57
477,2025-05-16T19:37:14
4438,2025-08-09T19:46:15
14991,2025-09-06T10:50:40
2713,2025-01-16T22:52:35
13947,2025-11-06T22:15:03.982350
727,2025-07-09T18:04:14
14468,2025-10-07T12:44:43
726,2025-09-11T18:47:15
17426,2025-07-25T14:49:50
7882,2025-09-12T23:02:28
4651,2025-06-21T05:17:23
3190,2025-04-03T16:36:41
14959,2025-11-06T22:08:03.982387
5781,2025-04-13T13:32:12
9264,2025-04-01T14:35:39
2225,2025-05-15T00:21:52
4829,2025-04-22T08:44:19
3951,2025-04-12T11:28:08
7523,2025-04-08T05:00:09
16676,2025-09-25T23:33:24
6427,2025-07-06T12:13:58
5355,2025-03-04T12:32:28
10540,2025-07-29T23:34:35
6540,2025-07-09T18:36:19
3720,2025-11-06T22:29:03.982476
14898,2025-09-23T09:37:31
2261,2024-12-29T22:45:01
19634,2024-12-28T17:55:57
2817,2025-06-17T07:44:32
649,2025-09-07T13:54:39
15763,2025-01-19T05:34:33
17947,2024-12-18T16:45:14
19329,2025-04-19T16:56:02
1518,2025-03-10T06:50:34
19440,2025-06-01T05:03:44
9686,2025-04-13T19:48:15
2689,2025-10-27T01:55:46
10915,2025-06-21T10:39:05
16709,2025-02-05T04:41:00
8878,2025-04-07T21:23:39
12667,2025-06-22T03:53:26
2294,2025-08-11T11:19:38
7067,2025-06-10T09:08:54
17175,2025-10-19T06:13:18
6236,2025-04-21T23:46:55
1868,2024-12-23T13:11:41
6713,2025-01-08T11:12:00
4520,2025-06-30T15:05:33
14927,2025-04-22T17:54:00
14481,2025-08-21T12:01:44
5821,2024-12-25T04:49:16
3214,2025-01-26T15:24:09
2234,2025-10-19T22:29:53
4920,2025-11-06T22:17:03.982607
14760,2025-06-03T16:22:54
13666,2025-01-31T02:41:29
7013,2025-06-19T04:33:49
11163,2025-05-30T17:48:50
9147,2025-10-30T05:05:45
3548,2025-09-11T03:58:05
1812,2025-06-12T14:00:10
3482,2025-08-20T18:10:40
8184,2025-08-20T04:27:18
17246,2025-06-21T09:22:16
19131,2025-08-14T15:12:04
9137,2025-08-05T04:29:12
1750,2025-09-16T14:49:15
5664,2025-05-20T03:34:50
2504,2025-04-03T04:40:35
6698,2025-08-10T17:50:24
12954,2025-06-08T11:15:02
7092,2025-01-09T23:57:06
2205,2025-04-21T08:31:23
4874,2025-10-19T12:42:38
6980,2025-06-06T19:43:43
5375,2025-06-05T02:49:04
2514,2025-07-20T21:48:23
17437,2025-09-02T16:24:48
18879,2025-06-07T12:35:24
11419,2025-04-07T22:55:18
1421,2025-03-08T22:51:39
1950,2025-02-21T13:10:24
14352,2025-04-24T06:11:43
11702,2025-01-06T01:18:38
5530,2025-11-06T22:53:03.982746
9788,2025-09-14T11:29:17
14801,2025-11-03T11:59:36
7302,2025-11-05T16:18:15
862,2025-06-18T00:36:15
19224,2025-01-24T14:04:36
17369,2025-08-27T14:50:32
14059,2025-04-29T23:38:47
18143,2025-11-06T22:53:03.982785
9777,2025-07-04T21:33:33
5804,2025-01-05T02:33:22
5749,2025-04-16T19:29:58
1545,2025-07-13T20:44:54
4907,2025-04-17T20:06:00
18090,2025-04-29T03:20:11
10438,2025-03-09T04:16:25
10530,2025-06-23T11:48:30
2052,2025-10-23T03:54:07
7857,2025-08-18T12:41:04
19114,2025-10-23T10:22:13
2435,2025-07-02T03:40:58
10934,2025-03-28T02:20:24
16458,2025-06-27T14:19:48
7928,2025-10-20T16:42:59
6107,2025-04-15T06:52:37
13870,2025-02-02T20:03:42
13136,2025-06-14T09:46:40
11078,2025-04-06T15:00:24
16471,2025-01-18T00:49:58
10982,2025-06-09T19:58:42
6694,2025-10-14T07:42:39
5605,2025-05-13T15:20:59
8486,2025-11-06T22:14:03.982903
19388,2025-02-03T12:26:58
4279,2025-10-12T23:18:09
2190,2025-02-18T18:38:13
2653,2025-06-24T22:23:18
7624,2025-01-03T11:47:44
3571,2025-10-29T12:05:43
16044,2025-04-08T05:25:14
11222,2025-05-07T07:23:29
6796,2025-04-28T07:13:45
14230,2025-03-22T09:55:26
279,2025-07-17T23:00:48
18624,2025-06-12T00:11:29
673,2025-06-20T17:58:47
2958,2025-07-24T15:27:18
1086,2025-11-06T22:06:03.982979
5234,2025-10-04T22:26:03
14456,2025-01-17T11:51:15
11906,2025-03-26T13:37:28
4781,2025-08-10T23:46:12
7809,2025-07-15T16:14:51
17645,2025-01-03T05:50:52
5865,2025-07-01T03:45:45
16870,2025-11-06T22:06:03.983018
8314,2025-08-14T19:09:37
19788,2025-10-14T14:54:35
6454,2025-03-23T09:04:46
15519,2025-01-22T02:15:42
19545,2025-11-06T22:25:03.983043
4692,2025-10-22T04:59:39
9779,2025-11-05T21:46:04
9520,2025-10-14T19:16:19
19498,2025-11-06T22:46:03.983064
18333,2025-02-13T18:07:58
13644,2025-08-28T13:18:50
9018,2024-12-23T02:57:53
1728,2025-11-04T19:01:24
8009,2025-05-16T18:51:00
2220,2025-05-14T07:41:30
17765,2025-05-25T12:01:25
7979,2025-07-14T18:49:00
5388,2025-09-27T03:30:17
16611,2025-04-16T15:24:40
11094,2025-02-26T00:01:48
2826,2025-01-28T14:35:15
16263,2025-03-29T19:22:41
9618,2025-07-27T20:14:45
11156,2025-11-06T22:31:03.983131
16425,2025-01-28T23:41:19
14075,2025-03-26T01:55:07
9956,2025-01-14T01:58:42
4151,2025-04-20T05:35:54
10826,2025-02-14T22:02:07
16685,2025-05-23T17:17:21
12025,2025-09-28T05:47:52
4115,2025-09-15T18:21:41
6013,2025-03-20T05:50:43
2099,2025-05-27T23:27:06
8997,2025-01-13T22:25:35
994,2024-12-07T12:30:49
5807,2025-01-21T00:08:17
3656,2024-12-26T15:57:24
2851,2025-03-11T20:41:31
9140,2024-11-29T08:27:51
10951,2025-10-31T09:40:26
18451,2025-10-04T03:54:01
2373,2025-02-06T10:26:50
18130,2025-01-01T21:53:39
14480,2024-12-15T11:49:13
11089,2025-07-22T03:14:27
14979,2025-06-10T22:06:08
2420,2025-02-01T03:17:29
11585,2025-07-13T21:11:34
11231,2025-08-11T00:37:15
4523,2024-11-14T17:38:22
11385,2025-10-29T03:38:24
5883,2025-04-28T23:20:45
17928,2025-03-01T13:34:58
6916,2025-07-01T12:31:52
7344,2025-07-29T06:46:42
14831,2025-05-01T18:09:48
15958,2025-06-11T01:41:39
16436,2025-07-21T11:44:37
4968,2025-03-06T03:38:41
9027,2025-09-19T20:11:51
19015,2025-06-01T14:58:22
10503,2025-11-06T22:42:03.983295
12261,2025-07-09T15:45:42
8334,2025-09-13T10:20:34
39,2025-02-08T21:54:36
6233,2024-12-27T00:02:33
17544,2025-10-12T22:32:36
8476,2025-01-19T04:37:47
14987,2025-07-28T06:29:20
4015,2025-01-30T05:33:47
13677,2025-08-14T16:13:01
12584,2025-11-05T13:55:00
9632,2025-06-05T12:16:43
370,2025-06-09T01:19:43
1843,2025-01-03T15:35:46
1042,2025-03-05T19:32:14
17385,2025-09-19T07:33:03
3507,2025-06-30T00:33:37
9985,2025-07-10T09:59:27
2014,2025-05-13T12:40:55
89,2025-05-04T00:58:21
11260,2025-03-24T16:02:15
4068,2024-12-31T01:30:42
12917,2025-01-01T03:02:28
2746,2024-12-06T17:34:33
14969,2025-06-20T13:37:21
6717,2025-05-26T02:52:25
2693,2024-12-21T02:50:19
15989,2024-11-24T15:03:05
3409,2025-10-27T18:04:35
14091,2025-02-22T03:51:31
8181,2025-04-06T17:01:30
5073,2025-09-18T09:16:58
6443,2025-02-22T09:13:39
11482,2025-04-19T22:47:03
18083,2025-01-23T03:25:08
16776,2025-06-23T22:58:00
9741,2025-01-10T21:29:06
6890,2025-04-04T00:15:35
2674,2025-06-16T16:45:06
1948,2025-04-06T04:20:31
12217,2025-07-08T22:36:30
1595,2025-08-15T06:56:25
6736,2025-05-18T12:33:36
13315,2025-07-07T01:31:36
14335,2025-10-27T14:25:32
5067,2025-10-15T00:51:53
491,2025-04-27T11:10:50
19308,2025-04-15T07:14:14
14461,2025-11-06T22:15:03.983514
18556,2025-02-13T23:23:34
10914,2025-11-06T22:55:03.983524
9468,2024-12-13T09:57:27
3820,2025-05-30T04:18:37
2236,2025-02-09T19:49:03
7637,2025-06-07T14:12:33
9292,2025-04-10T06:35:08
13322,2025-04-08T00:17:44
10028,2024-11-24T03:58:08
14466,2025-06-01T12:13:02
1556,2025-04-24T17:09:17
575,2025-10-23T22:03:07
7163,2025-02-06T12:19:05
9963,2025-03-04T19:37:25
18795,2025-06-29T11:45:59
1967,2025-10-11T21:43:13
10926,2025-03-30T10:57:41
12193,2025-03-26T20:23:24
6718,2025-11-06T22:35:03.983598
15158,2025-10-04T09:01:32
7286,2025-09-29T15:05:35
17627,2025-05-30T22:32:37
9616,2025-04-02T09:49:14
9397,2025-07-25T20:58:49
10799,2025-09-02T13:56:03
2254,2025-01-29T23:21:59
1049,2024-12-18T09:06:21
5583,2025-04-26T03:42:40
19451,2025-04-08T21:53:42
7883,2025-09-28T06:46:38
3017,2025-09-17T02:17:59
2317,2025-07-05T18:52:45
4465,2025-03-11T17:31:31
1866,2025-11-06T22:12:03.983680
16785,2025-03-16T05:51:35
15836,2024-12-08T17:10:37
19229,2025-08-26T03:41:21
6866,2025-07-25T22:17:57
19190,2025-11-01T06:32:24
666,2025-10-28T20:00:03
9015,2025-05-23T01:31:37
12649,2025-01-08T22:29:06
2893,2025-02-12T22:24:10
1241,2024-12-29T07:46:12
6577,2025-03-14T23:47:35
15334,2025-05-22T23:38:46
1348,2025-09-17T22:25:20
16917,2025-10-25T08:18:30
3659,2025-11-06T22:13:03.983754
15835,2025-01-21T17:10:43
11080,2025-01-31T13:20:08
14748,2025-09-05T17:36:49
1310,2025-11-06T22:13:03.983774
16115,2025-05-01T14:40:04
1755,2025-07-19T04:50:36
19047,2025-01-28T08:40:27
6831,2025-03-14T04:11:20
755,2025-03-23T18:26:29
16883,2025-06-10T23:52:34
65,2025-04-02T06:05:14
6425,2025-02-17T18:53:23
2214,2024-12-18T17:56:49
11469,2025-01-29T11:43:28
1695,2025-08-19T22:22:31
13393,2025-08-29T06:36:56
19984,2025-11-06T20:25:58
4066,2025-10-16T12:59:01
9783,2025-07-23T02:27:20
9774,2025-02-12T11:14:44
19832,2025-06-06T08:08:20
11039,2025-11-06T22:33:03.983883
15829,2024-12-25T14:35:20
15327,2025-06-14T20:15:14
2131,2025-10-14T08:53:44
1371,2025-09-15T03:02:18
16251,2025-05-11T17:01:06
18796,2025-01-28T10:38:43
6451,2025-06-10T19:27:32
2815,2025-07-29T20:07:18
2224,2025-03-26T13:38:14
16908,2025-11-06T22:48:03.983927
5794,2025-05-17T19:59:47
8383,2025-06-26T05:12:17
10733,2025-10-08T02:03:44
15994,2025-03-26T01:09:08
18454,2025-02-20T10:25:01
14752,2025-04-19T22:40:17
11948,2025-02-28T09:48:39
14899,2025-03-05T21:17:33
14594,2025-01-14T05:02:24
1392,2025-11-06T22:57:03.983972
18782,2025-05-03T08:00:31
53,2025-02-08T08:09:20
4700,2025-10-26T13:12:17
8096,2025-07-13T15:48:19
17902,2025-08-12T05:21:45
5352,2025-04-09T09:42:44
3155,2025-06-14T13:53:25
11764,2025-07-16T10:16:57
17168,2025-11-06T22:29:03.984013
14050,2025-07-13T04:18:38
9062,2025-02-06T16:00:05
8434,2025-05-27T17:53:35
9457,2025-02-08T08:10:11
16743,2025-02-06T12:53:55
11213,2025-11-06T22:19:03.984041
9925,2025-10-31T17:46:40
16659,2025-10-19T11:56:54
3249,2025-04-23T06:47:03
7003,2025-08-18T22:40:03
17740,2025-09-18T21:11:43
14374,2025-04-15T05:32:14
7094,2025-09-27T11:46:55
8550,2025-09-18T06:44:39
1102,2025-04-17T19:47:44
11133,2025-05-15T09:34:08
10881,2024-12-25T04:09:57
11704,2025-06-04T12:13:42
10393,2025-03-20T05:19:27
17431,2025-11-06T22:30:03.984100
18506,2025-09-08T10:28:50
17259,2025-09-14T22:37:35
19063,2025-10-13T01:35:33
3761,2025-09-25T00:35:53
9002,2025-02-12T11:22:08
7745,2025-10-13T11:17:34
6076,2025-06-26T12:52:28
18025,2025-04-30T10:59:00
2528,2024-12-15T22:36:51
17911,2025-07-11T06:25:59
7912,2025-03-05T16:13:43
18930,2024-12-15T18:25:56
8794,2025-04-30T11:43:48
2503,2025-04-26T12:50:26
18652,2025-01-04T02:37:34
11164,2025-03-06T18:12:47
2863,2025-01-24T00:29:17
12694,2025-07-26T09:25:37
4502,2025-11-06T22:53:03.984194
13296,2025-11-06T22:55:03.984201
17150,2025-11-06T22:10:03.984207
11197,2025-02-02T06:12:42
9146,2025-10-06T00:28:58
10169,2024-11-24T12:58:58
14015,2025-10-06T18:17:56
8113,2025-09-15T13:55:31
5191,2025-09-12T13:38:20
13723,2025-11-06T22:17:03.984239
9442,2025-01-23T04:44:58
6024,2024-12-17T09:17:53
11565,2025-11-06T22:34:03.984253
1213,2025-06-02T09:49:04
19382,2025-01-14T16:24:48
8115,2025-09-07T11:02:19
11749,2025-04-02T08:32:20
6317,2025-05-25T14:56:19
19050,2025-10-24T20:28:10
7530,2025-11-04T18:04:06
125,2025-07-20T20:01:23
13476,2025-09-21T15:48:34
6761,2025-04-02T12:28:05
18527,2024-11-23T18:29:58
10876,2025-11-06T22:33:03.984305
6578,2025-01-14T14:06:23
10954,2025-08-07T00:05:52
1803,2025-05-24T17:42:43
11695,2025-11-06T22:17:03.984324
4733,2025-04-18T21:52:13
5237,2025-10-27T10:59:43
1351,2025-07-12T22:21:10
6,2024-12-28T06:39:06
17040,2025-06-22T10:18:16
6605,2025-01-16T04:15:03
11506,2025-11-06T22:36:03.984354
5809,2025-05-03T04:58:45
18338,2025-04-06T02:10:49
7106,2025-06-13T22:16:08
17660,2025-03-22T21:49:43
15627,2025-05-28T08:41:21
679,2025-04-13T11:09:30
15019,2025-08-23T21:18:31
8583,2025-03-17T05:19:03
5823,2025-01-08T03:48:15
8114,2025-11-06T22:37:03.984417
16382,2025-04-16T18:25:30
4170,2025-05-16T22:14:05
16207,2025-06-29T03:24:24
8991,2025-07-11T05:50:01
6806,2025-03-26T11:32:38
18077,2025-08-30T22:10:32
3992,2025-03-28T13:04:46
12922,2025-03-08T09:33:43
5111,2025-04-11T17:10:16
18415,2025-01-28T04:55:18
4461,2025-09-02T11:05:35
13309,2025-07-21T22:23:40
14085,2025-06-30T06:59:33
23,2025-11-06T22:17:03.984494
4203,2025-02-22T20:09:11
3495,2025-10-29T02:30:35
19383,2025-07-18T12:17:12
3481,2025-01-31T09:15:38
4353,2025-11-06T22:58:03.984525
13255,2025-11-06T22:35:03.984533
5246,2025-07-29T15:11:52
10012,2025-10-22T06:29:37
2750,2025-11-04T09:28:15
13157,2025-05-05T18:02:48
3529,2025-04-17T17:57:29
16904,2025-01-25T12:38:50
12309,2024-12-26T23:23:36
13302,2025-10-21T17:45:25
7224,2025-07-16T06:04:25
13317,2025-11-06T22:14:03.984599
17967,2025-07-16T06:58:14
11287,2025-06-17T18:14:52
11370,2025-07-17T21:19:58
12651,2025-03-02T18:16:14
4663,2025-05-19T15:53:14
10782,2025-01-08T04:02:28
7470,2025-06-04T17:19:44
12466,2025-05-04T07:01:37
3501,2025-11-06T22:50:03.984644
7228,2025-11-06T22:55:03.984650
2090,2025-10-02T15:05:59
18151,2025-06-22T06:03:03
10413,2025-03-13T03:23:08
955,2025-04-07T15:19:09
15935,2025-04-27T02:21:57
13548,2025-08-12T13:50:10
8668,2025-02-21T09:44:41
8730,2025-04-16T05:00:44
15607,2025-06-19T03:22:31
4191,2025-02-01T04:24:46
17577,2025-10-19T23:04:22
13864,2025-06-27T08:23:13
4055,2025-10-20T00:55:39
9389,2025-03-13T10:50:51
17332,2025-10-09T09:36:14
11296,2025-04-28T04:00:55
5369,2025-02-14T18:43:32
7701,2025-05-04T20:41:50
6210,2025-03-28T11:16:27
13825,2025-06-19T13:14:29
10282,2025-02-04T19:19:05
14289,2025-08-21T23:35:26
16604,2025-03-29T12:57:44
16533,2025-11-06T22:42:03.984766
3337,2025-11-06T22:00:03.984772
919,2025-09-21T03:10:35
14277,2025-11-06T22:33:03.984783
19988,2025-08-07T08:00:09
13456,2025-04-27T07:40:47
2953,2025-01-06T00:43:58
13391,2025-05-12T20:01:37
9692,2025-11-06T22:54:03.984813
17573,2024-12-19T21:05:03
17038,2025-05-25T00:55:48
9025,2025-07-02T14:56:25
11267,2025-06-03T06:53:07
2343,2025-06-20T02:43:41
8560,2025-03-29T07:51:14
14681,2025-04-28T23:27:52
17633,2025-11-06T22:26:03.984852
18852,2025-10-28T17:15:50
19284,2025-02-25T10:02:59
14994,2025-03-21T22:14:53
7544,2025-05-01T11:39:38
2306,2025-02-23T20:19:20
10308,2025-10-25T14:20:28
16570,2025-01-30T15:02:21
131,2025-09-02T17:46:12
17607,2025-08-11T00:33:55
4515,2025-08-26T19:54:30
1362,2025-09-29T09:16:48
17497,2025-05-03T15:30:13
7420,2025-01-11T03:58:52
5713,2025-07-21T20:54:31
14963,2025-04-15T20:59:18
11336,2025-02-06T17:15:45
5219,2025-04-24T05:53:36
6187,2025-09-17T12:36:13
6620,2025-11-06T22:18:03.984937
15142,2025-02-26T01:40:18
14978,2025-04-30T11:37:57
7062,2025-09-17T06:02:55
4003,2025-05-17T19:57:51
941,2025-05-07T01:23:30
15243,2025-08-04T11:27:27
16295,2025-06-14T09:16:37
8188,2025-06-13T22:47:27
133,2025-04-14T11:54:13
4364,2024-12-25T08:48:05
3086,2025-10-22T19:48:15
1210,2025-02-23T05:58:20
7890,2024-12-28T15:23:34
15155,2025-11-06T22:23:03.985010
10396,2025-05-10T08:32:41
1320,2025-03-17T10:28:20
19979,2025-09-21T22:55:33
5356,2025-08-14T15:48:28
12638,2025-05-06T15:52:48
474,2025-11-06T22:55:03.985043
16290,2024-11-28T19:36:08
4514,2025-11-06T22:01:03.985058
16976,2025-05-27T03:43:49
16818,2025-02-11T17:08:44
16922,2025-04-16T02:07:27
16477,2024-12-27T07:35:11
9833,2025-08-13T23:46:06
7915,2024-12-07T19:27:19
3718,2025-07-02T08:03:30
14690,2025-03-07T02:55:30
3620,2025-03-11T07:29:33
15616,2025-03-25T15:48:28
17451,2025-04-11T02:32:14
10591,2025-04-13T19:58:59
11368,2025-11-06T22:14:03.985116
15028,2025-08-02T18:07:11
16527,2025-03-07T19:49:29
15850,2024-11-24T16:35:27
10075,2025-10-14T16:48:57
2252,2025-04-06T05:22:48
7629,2025-05-22T02:08:27
763,2025-09-14T17:34:24
626,2025-11-06T22:11:03.985149
4194,2025-01-05T22:37:02
7548,2025-10-12T15:27:29
17664,2025-01-27T19:37:37
3444,2025-04-19T01:04:59
4342,2024-12-23T06:07:37
2718,2025-09-29T15:09:50
8895,2025-04-06T15:31:07
569,2025-01-13T02:43:07
18962,2025-09-10T12:24:16
4910,2025-09-04T14:05:12
15690,2025-01-27T17:25:08
15007,2025-05-19T01:10:36
16239,2025-01-11T20:33:41
4193,2025-04-13T21:37:02
10267,2025-11-06T22:58:03.985210
5241,2025-10-17T01:45:16
9627,2025-05-20T21:18:48
7713,2025-07-30T11:27:43
18205,2025-01-01T03:43:02
6501,2025-11-06T22:35:03.985231
4634,2025-03-14T02:38:17
9978,2025-03-03T08:57:18
3662,2024-12-31T10:54:24
15385,2025-01-27T00:22:16
11097,2025-05-12T21:06:45
4694,2025-05-17T19:51:51
8553,2025-05-17T19:03:51
9305,2025-07-14T12:07:10
17856,2025-06-21T04:26:50
8807,2025-09-04T14:33:07
364,2025-08-26T03:05:11
15831,2025-08-08T12:30:54
5173,2025-07-14T18:10:04
7122,2025-07-13T07:37:29
7636,2025-05-23T17:20:24
15687,2025-11-06T21:59:03.985294
9149,2025-04-14T18:48:13
4646,2025-09-13T23:09:46
821,2025-08-08T08:44:59
16717,2025-11-06T22:07:03.985311
18669,2025-03-29T02:36:12
14064,2025-06-20T07:05:08
4916,2025-06-01T01:00:42
628,2025-07-17T19:38:35
15454,2025-03-16T07:43:38
17779,2025-06-11T21:43:55
1869,2025-07-30T04:17:22
7922,2025-10-04T19:45:19
15270,2025-05-15T14:54:28
17995,2025-01-20T13:07:53
8951,2025-11-06T22:17:03.985387
2027,2025-11-06T22:56:03.985393
578,2025-09-01T20:09:47
11488,2025-05-18T17:04:25
13784,2025-03-02T09:33:33
8791,2025-09-30T05:00:10
2455,2025-06-13T02:53:33
4070,2025-06-04T19:40:43
80,2025-06-05T00:22:29
6820,2025-10-29T19:39:31
6174,2025-05-13T11:17:47
18247,2025-09-04T05:07:04
12811,2025-01-24T18:31:47
16291,2025-11-06T16:01:36
12878,2025-01-09T05:03:38
5957,2024-11-12T03:34:44
3505,2025-03-08T08:09:29
4307,2025-07-13T04:38:49
1922,2025-10-27T16:21:03
7235,2025-08-08T12:59:42
54,2025-05-24T23:11:39
2530,2025-03-09T13:16:12
14670,2025-04-14T08:45:00
18167,2025-11-06T22:15:03.985477
776,2024-11-19T10:24:17
11674,2025-08-07T14:06:03
16007,2025-02-05T00:22:34
3781,2025-04-22T20:34:17
5245,2025-11-06T22:47:03.985505
10508,2025-02-22T04:00:01
3552,2025-10-12T15:46:22
8140,2025-02-12T23:58:10
6486,2025-05-20T23:28:24
5941,2025-10-25T13:13:58
10831,2025-05-12T17:38:00
2601,2025-08-04T06:53:50
10585,2025-07-11T02:17:11
8930,2025-04-30T04:48:11
1656,2025-06-02T09:30:11
895,2025-09-20T09:49:30
16227,2025-05-06T06:50:41
14108,2025-10-31T08:20:59
5077,2025-06-12T23:17:36
3263,2024-12-20T21:53:51
6002,2025-03-10T12:12:20
17899,2024-12-10T22:38:43
19158,2025-11-06T22:25:03.985573
9989,2025-10-06T20:29:43
19663,2025-03-26T14:05:36
9424,2025-07-20T23:27:17
7198,2025-09-24T16:54:48
7388,2025-06-12T13:30:44
11076,2025-05-10T13:55:00
13956,2025-02-09T11:07:01
9704,2025-08-12T20:52:42
16838,2024-12-14T23:44:35
14492,2025-08-08T13:52:26
480,2025-07-20T07:40:45
18084,2025-10-05T14:15:38
3638,2024-12-06T03:11:53
13388,2025-06-21T21:34:51
9036,2025-03-12T04:52:59
15016,2025-02-05T07:29:04
2082,2025-11-06T22:42:03.985638
15283,2025-02-28T11:00:07
4966,2025-07-06T13:30:12
2999,2025-10-29T04:29:32
16592,2025-06-12T04:11:16
2339,2025-05-01T14:53:45
2371,2025-04-16T04:12:43
8030,2025-01-06T12:40:55
16395,2025-07-10T09:53:14
13210,2025-09-07T23:55:06
17412,2025-11-06T22:04:03.985676
1525,2025-05-21T20:43:54
1752,2025-11-06T22:37:03.985686
1202,2025-05-07T18:56:40
10036,2025-03-01T11:16:56
8034,2025-11-06T22:21:03.985699
7111,2025-03-04T19:35:57
13581,2025-06-21T19:45:12
15797,2025-11-06T22:37:03.985712
11840,2024-12-16T21:41:33
6775,2025-08-31T00:48:20
2756,2025-09-26T09:29:30
16597,2025-08-18T03:00:43
10134,2025-07-21T20:03:43
12536,2025-11-06T22:38:03.985736
1952,2025-07-21T04:33:09
9098,2025-10-02T10:40:55
4043,2025-02-01T04:38:58
15575,2025-10-15T19:56:44
3257,2025-11-06T22:09:03.985757
9928,2024-12-31T19:02:06
1793,2025-05-31T10:44:22
5040,2025-06-25T18:31:14
1025,2025-07-31T06:05:49
18079,2025-02-24T05:23:32
202,2025-10-02T13:48:09
11568,2025-05-09T04:39:15
6682,2024-12-21T17:50:14
18614,2024-11-29T09:59:37
14355,2025-02-28T12:24:34
931,2025-08-19T20:21:09
16293,2025-08-01T12:11:40
9231,2025-08-25T10:46:51
10354,2025-11-06T22:56:03.985812
8519,2025-09-26T20:42:35
13475,2025-08-16T17:22:29
4989,2025-04-06T08:42:37
5335,2025-01-30T03:19:14
8798,2025-01-03T15:09:45
15936,2025-07-17T20:59:21
7492,2025-07-28T13:00:19
6968,2024-11-15T15:23:44
12684,2025-11-06T22:19:03.985846
5534,2025-04-29T06:34:12
11501,2025-10-16T07:28:33
4415,2025-07-03T22:03:32
19648,2025-03-27T12:42:39
11748,2025-01-31T20:52:04
3131,2025-09-25T04:48:00
13478,2024-12-14T20:00:21
4303,2025-07-12T17:36:45
13306,2025-03-25T12:38:58
16601,2025-07-27T10:01:03
16803,2025-01-03T00:57:35
18235,2025-09-19T17:42:19
13511,2025-11-06T22:54:03.985897
8026,2025-10-26T21:17:58
18340,2024-12-12T11:18:47
8185,2025-05-28T19:45:20
11546,2025-04-27T17:46:20
850,2025-06-07T07:21:24
584,2025-09-22T21:10:03
9165,2025-11-06T22:57:03.985927
9334,2025-07-24T07:47:54
7006,2025-01-16T01:36:13
17584,2025-11-04T07:31:47
17118,2025-10-03T14:53:27
737,2025-06-30T02:14:24
15144,2025-05-12T14:49:37
7081,2025-04-12T07:57:22
19803,2025-08-08T17:05:45
4555,2025-01-21T23:40:36
2187,2025-03-03T20:04:00
16029,2025-02-07T14:20:11
19537,2025-06-06T19:46:05
7521,2025-07-12T15:07:50
18914,2025-07-01T13:49:41
18056,2025-10-19T07:19:07
18904,2025-11-06T22:47:03.985985
4719,2025-07-16T20:38:20
11580,2025-07-11T21:49:15
12500,2025-04-19T13:39:01
18896,2025-11-06T22:20:03.986001
17970,2025-11-06T22:33:03.986006
9263,2024-12-28T10:49:14
5893,2025-03-11T19:23:46
10038,2025-08-07T10:12:17
5629,2025-09-09T03:42:39
19215,2025-06-22T12:42:01
2182,2025-07-24T22:17:43
13841,2025-11-06T22:41:03.986032
18256,2025-04-19T00:55:07
12146,2025-01-15T01:53:13
18212,2024-12-18T14:25:17
15329,2025-11-05T01:47:20
9139,2025-08-12T20:19:09
16866,2025-01-12T03:08:17
14383,2025-08-21T01:38:31
7887,2025-02-07T19:27:10
17153,2025-06-23T21:01:40
5704,2025-01-20T16:16:46
15960,2025-03-14T15:45:49
19460,2025-01-17T09:49:30
9771,2025-02-14T02:53:37
16740,2025-02-18T04:19:27
992,2025-07-08T01:00:12
11754,2025-01-05T06:09:49
9991,2025-01-07T21:50:37
7962,2025-10-10T14:48:32
681,2025-07-13T05:47:43
3602,2025-01-31T09:38:46
16887,2025-05-06T00:01:07
10193,2024-12-14T04:44:10
5044,2025-10-17T21:49:59
4737,2025-02-22T22:41:09
10490,2025-08-12T19:47:23
4521,2025-07-11T16:03:19
1583,2025-07-04T03:39:23
10219,2025-10-18T16:56:43
10319,2025-07-11T00:05:40
16944,2024-12-10T22:33:33
12474,2025-08-14T18:23:53
6841,2025-03-16T10:15:14
10611,2025-07-18T11:20:16
10623,2025-07-05T17:54:07
16805,2024-12-07T15:37:12
12407,2025-06-24T08:29:10
15228,2025-05-06T10:18:12
6051,2024-12-04T19:11:51
7125,2025-10-19T02:29:47
15546,2025-10-18T05:42:36
4007,2025-04-07T02:12:04
3921,2024-12-23T15:29:20
16873,2025-11-06T22:24:03.986185
5791,2025-10-08T22:41:10
8690,2025-11-06T22:02:03.986194
14269,2025-05-25T11:32:08
11758,2025-04-17T02:57:12
137,2025-07-25T13:45:54
19665,2025-01-06T06:36:23
5763,2025-11-06T22:07:03.986213
12187,2025-02-26T22:38:57
7563,2025-04-27T05:48:39
10458,2025-03-07T02:50:32
12497,2025-02-04T18:14:55
1170,2025-01-29T13:48:11
9232,2025-10-13T07:37:04
11881,2024-11-17T18:43:35
10126,2025-01-20T05:25:50
16276,2025-09-27T09:20:37
11396,2025-11-06T22:10:03.986250
3410,2025-06-18T10:17:04
12191,2025-02-27T16:17:35
12296,2025-01-16T18:05:50
16629,2025-05-01T03:21:21
12238,2025-09-29T20:31:51
9953,2025-05-20T12:37:18
7168,2025-03-09T09:14:59
8143,2025-09-13T05:45:55
13130,2025-06-21T22:40:40
11007,2025-10-24T08:57:14
14906,2024-12-08T11:46:19
10442,2025-09-15T22:32:25
16143,2024-11-23T07:54:58
10559,2025-01-12T06:38:22
15922,2025-06-19T07:07:34
5839,2025-02-04T14:00:29
17753,2025-11-03T01:56:25
12494,2024-12-11T12:13:11
17368,2025-09-29T04:25:57
16496,2025-11-06T22:42:03.986321
10692,2025-05-27T23:10:01
14339,2025-07-06T21:04:19
16707,2025-08-16T06:41:37
17698,2025-07-23T07:05:35
15606,2025-02-11T00:09:49
1624,2025-05-28T18:25:49
18568,2025-10-30T01:45:36
7490,2025-07-16T23:50:08
7115,2025-11-05T04:28:38
13504,2025-11-02T18:05:42
5018,2024-11-29T08:12:53
5088,2025-02-24T08:28:44
18756,2025-01-19T13:48:38
8882,2025-09-02T11:24:54
660,2024-12-27T03:23:59
10133,2025-05-15T18:03:19
16353,2025-10-31T18:23:19
2536,2025-01-27T09:00:55
15384,2025-03-25T13:28:43
19907,2025-08-02T04:33:02
15295,2025-04-30T22:29:09
2521,2025-11-06T22:28:03.986403
4483,2025-09-04T18:52:52
16741,2025-09-11T15:52:03
6807,2025-03-01T17:27:55
1004,2025-09-26T07:11:49
1076,2025-01-20T22:31:55
18702,2025-06-20T20:31:52
1745,2025-03-08T14:49:07
12370,2025-06-10T06:22:23
19588,2025-09-15T23:23:58
12611,2025-11-01T04:14:20
1865,2025-07-25T02:12:28
16945,2025-08-04T17:30:35
990,2025-09-27T15:41:53
16274,2025-11-06T22:24:03.986451
5426,2025-03-29T04:59:45
11280,2025-04-24T03:45:32
9069,2025-01-23T16:21:52
505,2025-03-19T09:04:36
19734,2025-07-31T08:03:44
5364,2025-09-03T10:45:53
19,2025-01-17T15:27:48
6345,2025-03-05T16:50:55
5187,2025-05-15T05:36:56
6060,2025-02-26T17:53:21
14323,2025-06-19T13:55:30
3946,2025-09-18T18:33:29
8595,2025-05-12T06:56:21
5866,2025-09-23T23:39:16
1807,2025-09-10T18:59:53
14808,2025-04-21T23:52:38
18043,2025-11-06T22:49:03.986518
207,2025-09-03T12:04:38
10645,2025-04-03T07:58:22
6474,2025-03-15T21:00:06
12303,2025-04-20T10:08:32
10399,2025-08-11T13:23:29
18627,2025-03-23T10:56:30
14589,2024-12-12T21:14:16
5982,2025-11-06T22:41:03.986569
6826,2025-04-24T10:48:44
9228,2025-08-07T03:12:46
7037,2025-01-14T03:00:07
8362,2025-11-06T17:34:53
11064,2025-08-16T11:24:02
18574,2025-06-15T18:40:11
8957,2025-11-06T22:02:03.986602
6693,2025-09-01T17:33:11
1454,2025-03-28T17:15:31
18622,2025-05-08T19:01:35
19321,2025-07-08T04:45:40
17532,2025-01-19T20:43:09
1581,2025-05-02T15:36:01
2059,2025-11-06T22:35:03.986628
100,2025-03-09T11:57:55
7044,2025-01-21T09:20:24
17859,2025-11-06T22:39:03.986640
15146,2025-04-09T00:45:06
2447,2025-01-25T10:38:07
2575,2025-01-20T11:38:40
7793,2025-09-30T09:59:58
4886,2025-05-17T20:06:52
19864,2025-03-16T13:28:07
12833,2025-09-16T07:18:01
7803,2025-10-02T03:08:49
19446,2025-09-08T13:32:43
10235,2024-12-25T18:13:14
10089,2025-11-06T22:28:03.986680
17700,2025-07-08T07:57:43
19606,2025-08-06T23:45:25
12501,2025-05-04T06:22:35
1928,2025-10-01T10:33:57
17750,2025-10-27T18:25:33
2587,2024-12-31T18:45:09
2172,2025-05-14T23:58:14
14263,2025-11-06T22:35:03.986708
5751,2025-07-25T04:19:22
14193,2025-11-01T19:41:09
6895,2025-02-27T15:54:48
14932,2025-10-22T11:03:14
1115,2025-07-29T13:16:29
5229,2024-12-21T15:04:38
15853,2025-07-13T18:14:48
17955,2025-06-10T11:22:56
9811,2025-11-06T22:16:03.986741
18370,2025-06-30T01:54:04
317,2025-05-29T21:02:45
10492,2024-12-16T04:33:43
10613,2025-10-09T15:35:59
12901,2025-04-17T05:54:00
7469,2025-11-06T22:16:03.986762
7197,2025-03-19T10:15:02
17205,2025-02-10T07:42:29
10051,2025-05-06T13:10:16
16728,2025-04-28T02:00:07
5416,2025-05-26T09:47:02
8041,2025-04-08T01:10:58
15926,2025-06-19T18:17:00
12897,2025-08-08T05:28:51
11176,2025-11-06T22:32:03.986795
7822,2025-11-05T10:35:12
19218,2025-04-08T12:23:59
165,2025-05-03T20:20:44
12006,2025-01-26T21:23:20
19312,2024-12-25T11:11:44
12975,2025-05-08T11:20:03
11837,2025-10-27T14:36:58
15463,2025-10-26T14:16:08
15150,2025-05-08T02:36:49
1733,2025-04-03T22:26:20
2108,2025-06-29T09:05:16
15040,2025-11-04T11:14:36
5775,2025-06-18T08:40:31
19142,2025-01-12T04:32:14
13952,2025-09-28T16:57:42
2762,2025-01-08T16:04:38
17238,2025-07-15T05:58:04
8076,2025-10-26T11:30:07
13570,2025-02-28T22:55:09
19535,2025-03-29T11:09:09
19004,2025-05-29T07:42:36
7682,2025-05-30T19:54:14
5735,2024-12-19T00:00:04
2821,2025-02-24T15:41:19
191,2025-05-06T09:29:16
14940,2025-11-06T22:24:03.986886
8964,2025-08-08T09:50:45
10270,2025-06-01T22:51:36
3181,2025-09-10T05:32:23
2291,2025-05-08T21:49:11
6274,2025-09-08T11:54:42
10015,2025-11-06T04:48:59
15925,2024-12-27T01:49:05
8806,2025-11-06T22:28:03.986914
10356,2025-11-06T22:24:03.986920
7029,2025-10-11T07:47:56
19921,2025-07-19T11:58:25
12052,2025-01-05T12:45:38
1883,2025-09-06T14:32:39
7903,2025-09-28T16:22:55
17163,2025-05-20T02:36:40
18732,2025-04-23T17:19:08
14955,2025-07-06T16:27:06
12313,2025-11-06T22:43:03.986953
8762,2025-04-15T21:14:12
6742,2025-11-06T22:21:03.986962
17255,2024-12-24T15:14:37
9988,2025-09-12T07:34:34
1044,2025-10-28T08:13:46
851,2025-05-24T22:25:54
14766,2025-04-30T13:19:45
17344,2025-09-25T00:10:25
15699,2025-01-20T17:58:55
9114,2025-03-25T02:50:11
5299,2025-06-04T22:28:33
2422,2025-02-22T05:45:21
161,2025-09-13T02:09:14
3791,2025-08-02T22:40:57
14546,2024-12-30T20:37:59
11258,2025-01-21T16:04:13
12244,2025-02-24T03:14:56
5311,2025-05-13T19:16:00
19652,2025-03-01T20:51:54
11965,2025-04-01T06:07:26
8653,2025-11-06T22:01:03.987028
16886,2025-09-13T20:06:45
14642,2025-09-12T03:43:19
10292,2025-06-08T22:40:43
13270,2025-11-06T22:23:03.987047
5417,2025-06-17T01:49:05
16451,2025-08-28T01:34:25
9499,2025-03-18T21:29:40
15057,2025-10-05T08:33:54
3860,2025-05-04T04:45:21
17143,2025-05-15T17:42:54
3296,2025-11-06T22:12:03.987071
15108,2025-10-16T08:55:46
1372,2025-02-11T15:34:40
15517,2025-11-06T22:13:03.987083
795,2025-04-29T00:45:47
11960,2025-06-26T19:58:25
19247,2025-07-27T13:47:21
19893,2025-11-06T22:03:03.987098
13337,2025-10-18T22:16:24
4526,2025-10-14T22:59:18
3742,2025-03-03T18:57:17
1273,2025-11-06T22:10:03.987113
1946,2025-07-05T18:21:43
17661,2025-01-31T17:18:50
14251,2025-03-19T02:27:33
4149,2025-08-01T01:25:06
16034,2025-09-06T13:47:39
8768,2025-05-08T18:27:32
204,2025-07-24T01:07:07
17626,2025-01-07T01:06:21
7189,2025-05-14T22:55:22
15407,2025-04-15T22:14:25
3502,2025-11-06T22:05:03.987150
3927,2025-10-30T21:16:33
12346,2025-10-30T05:49:24
1751,2025-10-21T03:12:56
17076,2025-01-29T12:43:57
15633,2025-04-16T09:23:51
1797,2025-02-16T08:53:18
15962,2025-10-02T11:00:15
1031,2025-03-21T10:34:50
18640,2025-03-10T14:09:11
118,2025-04-21T04:20:00
11928,2025-08-23T15:13:13
14423,2025-08-30T07:25:50
12635,2025-06-06T15:06:04
18697,2024-12-18T07:10:11
16692,2025-01-25T15:32:54
11130,2025-05-25T01:53:50
11034,2025-11-06T22:16:03.987209
3722,2025-09-18T00:19:09
10109,2025-02-26T06:14:10
2498,2025-05-09T03:01:49
14249,2025-11-04T05:50:01
15015,2024-12-11T18:05:57
14244,2025-06-24T09:37:51
5847,2024-12-19T14:04:36
8515,2025-05-27T14:08:39
17854,2025-03-04T16:40:10
19501,2025-11-06T22:12:03.987243
16326,2025-10-21T22:36:50
17590,2025-02-26T11:38:34
1710,2025-11-03T10:40:51
3589,2025-05-14T11:40:40
12308,2025-02-19T15:07:12
10859,2025-04-24T06:52:22
18478,2025-06-29T15:40:23
18679,2025-01-30T08:02:12
9356,2025-11-06T22:43:03.987275
17049,2025-11-05T20:23:08
6971,2025-03-02T09:19:55
16734,2025-04-07T01:02:02
16376,2025-11-05T12:54:46
17129,2025-10-22T08:14:28
15980,2025-01-19T09:26:47
10428,2025-09-07T13:15:32
2796,2025-06-26T17:50:44
12381,2025-02-17T22:05:31
19580,2025-04-26T21:05:57
6009,2025-10-24T23:50:57
1588,2025-02-12T15:41:42
1702,2025-11-06T22:37:03.987319
3203,2025-02-16T02:17:50
8733,2025-01-28T14:34:32
18865,2025-07-05T17:26:14
6500,2025-01-29T19:09:11
7017,2025-07-12T09:53:51
5271,2025-07-01T16:47:05
1930,2025-07-01T05:24:55
16894,2025-11-06T22:57:03.987347
17767,2025-05-22T17:45:25
12456,2025-05-26T22:55:56
13740,2025-10-20T11:15:47
2862,2025-02-05T17:47:49
10181,2025-10-21T01:46:34
1631,2025-06-03T05:49:38
17788,2025-11-06T22:48:03.987371
3401,2025-01-17T21:55:37
3974,2025-08-03T01:14:39
15045,2024-12-28T03:44:13
8694,2025-04-03T09:26:33
6069,2025-07-08T16:48:02
7658,2025-11-06T22:20:03.987393
17349,2025-04-26T16:14:24
8456,2025-04-19T05:43:19
171,2025-07-11T06:27:11
19541,2025-10-21T12:29:39
14833,2025-04-25T15:17:26
6143,2025-09-03T06:24:04
4747,2025-11-01T15:33:19
17593,2025-10-11T20:41:33
285,2025-11-04T17:11:52
14086,2025-05-16T18:19:31
18947,2024-12-02T05:10:57
14334,2025-11-06T22:43:03.987434
15358,2025-11-06T22:12:03.987439
18630,2025-03-15T22:22:43
13951,2025-10-21T20:21:37
9492,2025-05-31T00:08:41
14571,2024-11-25T15:56:16
9331,2025-01-26T08:07:26
14284,2025-06-12T21:41:32
18137,2025-08-31T14:50:24
5672,2025-08-30T17:11:57
6358,2025-02-09T07:52:55
15242,2025-01-09T15:55:01
8692,2024-12-28T19:25:45
4269,2025-07-06T17:16:35
2307,2025-05-18T12:31:21
1646,2025-03-26T05:37:50
8045,2025-10-02T05:16:17
5081,2025-05-30T22:25:16
12754,2025-08-11T19:24:50
2651,2025-08-14T05:28:29
8737,2025-04-23T06:14:06
16031,2025-11-03T13:35:23
14881,2025-08-21T21:06:36
9473,2024-12-07T00:41:33
16247,2025-05-27T02:42:55
15508,2025-10-01T03:46:50
1344,2025-02-03T05:32:42
17713,2025-03-18T21:55:59
1410,2025-05-19T00:19:51
224,2025-11-06T22:10:03.987530
10285,2025-10-25T21:45:59
6792,2025-05-06T20:27:22
14977,2025-05-05T19:54:08
5314,2025-08-29T23:56:47
11393,2025-07-11T18:38:07
6602,2025-01-02T23:24:54
2112,2025-07-27T08:46:10
4324,2025-10-15T23:02:00
14913,2025-01-15T08:01:06
18363,2025-01-08T17:02:28
8098,2025-10-01T02:52:19
4102,2025-08-11T07:15:14
5377,2025-02-12T17:14:22
1687,2025-06-17T02:27:37
17714,2025-06-18T08:43:05
18071,2025-08-11T22:22:59
19575,2025-04-22T21:54:42
2500,2025-07-07T18:03:30
10079,2025-07-24T22:23:27
14675,2025-08-13T23:28:56
980,2025-05-03T19:09:57
13215,2025-11-06T22:58:03.987601
353,2025-07-22T07:31:28
2981,2025-10-07T15:11:20
1606,2025-08-08T12:23:09
17755,2025-05-17T19:51:32
6183,2024-12-24T04:48:28
15296,2024-12-06T05:23:24
5860,2025-06-18T03:12:19
1713,2025-05-05T19:46:28
8658,2025-01-05T12:51:00
1284,2025-06-13T16:37:39
476,2025-03-11T10:42:09
3477,2025-08-22T23:01:31
9950,2025-02-13T04:40:14
4443,2025-01-03T22:40:11
7494,2024-12-17T19:49:46
11337,2025-02-28T22:51:51
3348,2025-05-24T06:24:51
12005,2025-05-16T14:23:30
16259,2025-11-04T08:54:49
14857,2025-10-06T22:55:57
8994,2025-07-08T01:57:59
759,2025-06-29T04:31:25
9121,2025-10-31T00:27:16
13560,2025-10-19T00:29:41
16855,2025-05-01T02:16:55
4588,2025-05-17T15:17:05
1661,2025-09-08T01:59:00
7052,2025-02-26T17:11:38
12540,2025-03-07T07:53:54
11099,2024-12-06T09:56:06
15643,2025-02-11T12:21:02
13695,2025-07-10T04:51:44
15779,2025-08-20T10:04:02
682,2025-02-24T16:54:29
8619,2025-03-29T14:25:57
7989,2024-12-12T03:56:38
13356,2025-09-25T00:03:16
17465,2025-06-09T02:07:40
4755,2025-01-20T20:09:44
10576,2025-03-12T22:06:14
6874,2025-01-29T22:15:40
17116,2025-01-16T03:34:35
17355,2025-11-06T22:32:03.987753
18951,2025-06-14T19:46:12
12118,2025-09-06T19:36:57
14305,2025-09-26T05:42:01
11594,2025-02-18T22:09:50
3231,2024-12-01T04:22:23
4609,2025-05-27T09:25:30
10449,2025-08-31T18:15:01
14889,2025-02-27T19:39:00
18113,2025-01-25T07:15:42
9915,2025-01-13T19:20:42
8987,2025-02-05T16:40:15
14600,2025-07-03T06:21:15
8876,2025-10-11T15:44:13
14543,2025-11-06T22:35:03.987799
15280,2025-10-07T20:16:10
11043,2025-02-13T01:20:56
8845,2025-10-01T18:42:39
4664,2025-03-30T16:46:33
15352,2025-07-24T03:17:13
18404,2025-07-14T04:09:46
17476,2025-10-30T15:16:13
13246,2025-01-15T21:51:55
12548,2025-05-05T05:38:20
11988,2025-11-06T22:50:03.987832
12186,2025-04-14T09:09:14
5840,2025-10-01T21:38:59
777,2025-01-21T04:12:31
7119,2025-09-14T22:31:12
2809,2025-01-16T04:52:23
8760,2025-10-27T16:50:06
7648,2025-11-06T04:09:53
7660,2025-10-13T01:33:20
16610,2025-10-18T23:41:46
1339,2025-03-17T17:43:15
15366,2025-03-01T08:42:39
8236,2025-10-23T07:34:33
14000,2025-06-23T22:57:43
11564,2025-11-06T22:06:03.987878
3846,2025-06-01T19:55:01
18204,2025-08-12T08:12:44
3366,2025-10-15T04:01:05
6604,2025-11-06T22:09:03.987892
8611,2025-07-03T17:18:49
12174,2025-02-07T05:28:45
18463,2025-06-03T16:52:58
14145,2025-03-16T12:25:51
3780,2025-02-22T04:24:45
14918,2025-03-23T08:26:06
17624,2025-05-04T00:44:19
13944,2025-07-29T21:07:21
5213,2025-02-22T11:49:42
9105,2025-08-09T08:01:16
5988,2025-02-08T04:59:38
5924,2025-06-23T22:18:14
1582,2025-01-26T12:28:59
19471,2025-07-09T15:44:38
19162,2025-08-17T02:03:47
8349,2025-11-06T22:30:03.987946
15598,2025-05-10T06:50:10
16226,2025-02-07T15:44:44
13188,2025-09-08T19:59:19
10455,2025-11-06T22:29:03.987960
15697,2025-05-22T03:32:27
6346,2025-05-19T05:23:51
18713,2025-01-20T05:49:16
16667,2025-05-01T04:05:48
1198,2025-07-17T02:07:44
15442,2025-11-06T22:50:03.987980
18769,2025-06-24T13:17:55
9866,2025-01-07T22:06:34
13632,2025-02-13T22:45:08
19955,2024-12-24T01:13:32
12158,2025-09-16T09:14:02
13447,2024-12-28T05:44:06
15078,2025-10-09T06:28:45
2218,2025-11-01T22:51:51
17420,2025-06-13T09:04:02
15372,2025-05-01T05:24:27
18429,2025-08-27T01:26:33
18685,2025-07-14T23:59:20
9607,2024-12-27T06:07:45
5977,2025-11-05T07:03:20
11515,2025-10-15T02:04:25
9902,2025-07-24T12:37:59
13853,2025-01-29T23:17:43
16040,2025-07-23T12:53:55
1299,2025-02-28T17:20:47
12160,2025-10-15T22:24:57
756,2025-04-11T20:02:47
13340,2025-09-07T01:12:53
7513,2025-01-16T07:08:17
782,2025-07-28T11:13:22
14630,2025-11-06T22:26:03.988063
11980,2025-01-07T16:21:39
3993,2024-12-24T20:32:52
11789,2025-02-03T23:00:30
2061,2025-09-02T15:51:51
7281,2025-11-06T22:46:03.988080
796,2024-12-25T18:12:10
6243,2024-11-26T09:53:05
12928,2025-07-18T23:42:17
260,2025-05-15T21:30:01
7731,2025-07-11T06:11:55
12458,2025-11-06T22:20:03.988100
167,2025-01-24T13:00:27
6533,2025-08-12T23:27:28
16650,2025-11-03T16:13:36
15908,2025-10-22T11:25:53
5256,2024-12-28T11:07:31
13233,2025-07-26T00:21:47
5238,2025-09-17T14:03:35
2641,2025-08-03T06:27:53
7009,2025-07-11T01:27:19
4144,2025-06-18T15:54:13
19982,2025-11-06T22:23:03.988135
12088,2024-12-13T00:41:51
13507,2025-06-04T10:02:28
17428,2025-11-06T22:58:03.988146
9023,2025-04-29T21:03:12
9017,2025-07-02T04:22:40
14124,2025-01-04T05:40:32
14136,2025-08-06T23:55:04
16872,2025-03-26T19:57:12
549,2025-08-20T00:53:09
559,2025-09-26T05:21:25
4093,2025-08-31T14:41:30
16588,2025-05-24T09:04:01
14531,2025-09-25T09:06:34
19085,2025-04-15T20:01:12
16561,2025-10-26T23:31:35
9561,2025-09-06T20:18:43
6263,2025-07-23T23:37:03
15869,2025-03-05T16:36:34
9394,2025-11-06T22:20:03.988198
1942,2025-07-12T01:50:36
187,2025-04-24T19:33:59
12799,2025-01-25T06:53:34
14933,2025-08-09T13:09:05
12996,2025-09-12T20:33:41
18823,2025-11-06T22:37:03.988218
7014,2025-02-26T11:25:24
5131,2025-02-03T18:34:53
8741,2025-03-30T23:54:05
15273,2024-12-18T05:57:55
4640,2025-10-29T16:30:16
2256,2025-05-14T23:45:09
9853,2025-11-06T22:39:03.988241
7829,2025-09-22T03:21:28
13203,2025-01-06T14:30:59
15259,2025-02-23T17:58:49
2018,2025-06-01T06:10:04
8428,2025-04-26T02:14:17
9192,2025-06-17T02:13:11
13545,2025-02-28T07:56:59
124,2025-08-29T07:56:34
1496,2025-08-13T14:23:02
13966,2025-09-08T07:01:29
19534,2025-07-21T07:42:57
17868,2025-11-06T22:09:03.988279
8512,2025-07-20T15:31:58
5959,2025-10-06T22:33:46
13608,2025-11-06T22:35:03.988293
13924,2024-12-31T09:13:06
11397,2025-10-25T00:15:11
6362,2025-05-23T04:21:57
14101,2025-06-16T20:47:18
15360,2025-04-13T21:37:12
10148,2025-09-20T14:02:52
9282,2025-06-06T09:39:05
14267,2025-01-13T15:34:55
11401,2025-07-02T04:01:39
6555,2025-04-20T21:35:12
6265,2025-01-28T07:56:09
4028,2025-07-09T14:18:34
9810,2025-10-25T17:21:08
19435,2025-02-19T22:41:34
8138,2025-07-17T15:00:43
13748,2025-10-18T16:38:08
8128,2025-02-18T19:33:09
9082,2024-12-24T15:25:20
1689,2025-08-21T22:36:59
18233,2025-05-01T11:50:54
11824,2025-08-09T19:17:27
11623,2024-12-18T13:56:11
16704,2025-06-29T17:05:43
17731,2025-02-25T12:50:44
2645,2025-06-07T16:06:00
12384,2025-02-05T04:14:35
17734,2024-12-20T10:54:55
16699,2025-03-27T14:14:06
373,2025-11-01T21:03:13
18166,2025-05-12T18:29:13
19838,2025-06-18T06:39:41
15674,2025-05-11T02:36:00
12623,2025-02-12T23:03:33
11422,2025-05-09T00:15:41
5682,2025-04-13T09:58:19
12216,2025-08-05T20:27:44
14791,2025-02-12T08:17:40
9846,2025-03-22T05:06:47
13082,2025-02-21T08:09:59
14183,2025-11-03T10:55:48
19958,2025-11-06T22:26:03.988421
12188,2025-03-23T19:55:59
19814,2025-11-06T22:08:03.988428
7646,2025-03-17T18:33:21
17299,2025-06-19T14:33:04
8451,2025-06-13T04:39:10
2071,2025-03-04T23:49:33
9727,2025-06-12T11:03:38
6184,2024-12-16T20:44:21
12283,2025-08-02T10:48:46
6974,2025-11-06T22:14:03.988453
19579,2025-07-10T09:23:26
8536,2024-12-07T20:28:52
16884,2025-09-13T02:11:59
16784,2025-09-18T20:57:04
12900,2025-08-30T18:30:25
11041,2025-01-22T07:42:12
246,2025-01-16T23:39:12
13095,2024-12-15T10:45:11
5466,2025-02-26T22:43:05
16996,2025-10-20T18:28:45
14258,2025-05-14T04:52:42
6957,2025-11-06T22:04:03.988496
2816,2024-12-23T16:30:03
13425,2025-09-15T04:43:43
7280,2025-09-05T08:21:32
7164,2025-03-12T11:52:57
18664,2025-08-20T01:45:01
2378,2025-03-16T20:20:46
4507,2025-10-12T01:43:28
2921,2025-04-13T06:11:55
4077,2025-07-25T19:53:49
883,2025-06-13T21:29:00
14195,2025-02-07T16:15:45
11218,2024-12-11T19:17:55
18427,2025-04-07T08:53:07
15858,2025-05-13T16:44:29
14803,2025-04-07T05:50:28
17883,2025-07-15T00:21:26
1630,2025-09-05T00:58:35
449,2025-02-10T07:43:45
2728,2025-03-21T20:11:12
14071,2025-05-03T16:26:59
3728,2025-01-15T11:33:18
1374,2025-06-22T14:16:01
6391,2025-06-13T11:19:34
11011,2025-06-20T15:49:55
6144,2025-02-18T14:03:02
18190,2025-04-03T06:27:36
13038,2025-02-01T14:18:50
11210,2025-06-14T15:40:04
17331,2025-06-18T16:30:29
9556,2025-09-24T18:17:29
4255,2025-11-06T22:56:03.988588
19332,2025-04-24T16:32:11
529,2025-10-17T21:16:16
5041,2025-09-08T07:39:18
5046,2025-02-26T05:03:51
458,2025-08-03T14:12:19
9309,2025-11-06T22:36:03.988607
16678,2025-08-14T08:07:40
12648,2025-06-12T16:58:47
1012,2025-08-27T13:33:44
19966,2025-04-27T10:00:01
16900,2025-08-14T05:34:44
10067,2024-11-23T08:58:56
16828,2025-10-04T15:07:22
3849,2025-03-28T21:53:36
18475,2025-01-21T18:53:42
7558,2025-01-06T18:06:17
16319,2025-08-14T08:56:42
6381,2025-04-13T02:10:56
4917,2025-10-30T09:06:40
19483,2025-04-29T06:06:29
2235,2025-01-08T05:27:45
13618,2024-12-30T05:36:23
13543,2025-02-16T10:10:27
15815,2025-02-19T23:10:10
4627,2025-02-12T21:18:47
1969,2025-07-28T01:21:41
1373,2025-10-05T11:16:26
18557,2025-07-17T08:09:04
18672,2025-08-13T23:09:21
17994,2025-04-02T15:47:11
2387,2025-03-31T14:22:58
2388,2025-04-04T19:11:05
16999,2025-11-06T22:11:03.988707
14704,2025-09-03T18:19:28
6080,2025-04-07T02:19:47
281,2025-05-27T01:06:22
240,2025-04-24T22:12:25
15416,2025-04-18T18:59:42
2439,2025-03-29T03:18:32
19305,2025-11-04T20:14:59
6030,2025-11-06T22:56:03.988732
5069,2025-08-03T03:41:44
1161,2025-10-12T12:32:52
18382,2025-03-20T02:36:01
7279,2025-04-28T13:31:19
4231,2025-04-28T16:53:24
19649,2025-06-14T22:26:59
8996,2025-04-12T01:43:30
2008,2025-02-04T14:38:18
12132,2025-06-22T22:55:46
10212,2025-09-11T10:16:52
16306,2025-02-24T04:29:56
12967,2025-10-07T02:56:47
594,2025-01-24T16:58:42
8701,2025-03-28T09:26:58
7276,2025-10-03T13:09:46
12007,2025-06-07T19:53:59
15963,2025-01-31T04:18:51
15408,2025-03-19T08:32:27
18681,2025-07-26T05:46:58
14640,2025-01-11T14:53:09
13745,2025-03-05T10:59:04
16903,2025-02-24T21:05:10
18963,2024-12-18T01:32:41
8010,2025-03-29T12:01:18
16620,2025-04-14T15:49:06
19155,2025-11-06T22:19:03.988808
8220,2025-11-06T22:03:03.988813
4023,2025-03-30T04:22:38
7295,2025-07-26T23:16:26
11037,2025-10-25T17:17:10
9527,2025-03-03T01:34:17
9326,2025-06-10T05:54:18
4224,2025-10-25T15:21:55
11183,2025-08-08T16:42:52
10357,2025-03-08T11:41:32
1257,2025-01-06T06:29:25
2083,2024-12-31T19:34:36
19488,2025-01-10T12:23:44
836,2024-12-15T16:51:09
1479,2024-12-02T19:10:21
17286,2025-02-23T17:53:19
9959,2025-02-23T18:09:55
19430,2025-06-13T15:55:13
3429,2025-07-05T13:36:55
15856,2025-09-16T02:37:32
17649,2025-04-26T10:05:06
15658,2025-04-14T07:06:17
13416,2025-06-10T07:47:47
15838,2025-09-21T10:25:22
4598,2025-01-07T13:56:49
15578,2024-11-14T10:37:48
11716,2025-11-02T23:57:21
876,2025-07-15T02:02:47
12336,2025-03-29T20:06:50
5395,2025-11-06T22:53:03.988897
18710,2025-09-08T18:29:32
13617,2025-09-16T04:51:21
16174,2025-06-16T14:54:49
12933,2025-08-15T22:56:50
7020,2024-12-17T11:01:45
7613,2025-07-18T12:47:59
9097,2025-02-12T19:14:09
1976,2025-10-08T21:03:06
9994,2025-10-14T18:12:59
318,2025-09-18T20:15:30
10240,2025-03-01T15:57:51
5618,2025-04-11T02:13:29
19992,2025-06-23T13:02:24
9623,2025-10-14T16:53:33
9666,2025-03-08T16:25:59
1856,2025-06-15T02:02:15
17533,2025-09-24T22:56:46
17556,2025-11-05T16:51:05
17729,2024-12-03T02:52:58
14851,2025-11-06T22:34:03.988958
10534,2025-09-30T09:55:29
18775,2025-01-16T02:03:17
17585,2025-03-22T19:21:51
10526,2025-10-04T05:09:24
9715,2025-06-20T19:11:38
2690,2025-10-01T05:56:01
19855,2025-01-05T09:33:18
19274,2025-05-21T02:39:34
4406,2025-01-31T07:56:59
14612,2025-11-05T10:50:56
10132,2025-02-11T19:25:58
14401,2025-01-13T21:47:18
13763,2025-01-21T07:01:00
15999,2025-10-04T12:39:49
829,2025-02-15T13:46:56
10183,2025-03-16T03:07:14
6740,2025-09-01T02:54:06
8867,2025-09-03T01:38:40
11430,2025-09-14T01:09:35
10767,2025-03-10T19:57:07
15941,2025-08-13T20:47:51
9175,2025-11-06T22:11:03.989034
15905,2025-11-06T22:38:03.989040
3912,2025-07-10T16:35:16
14487,2025-05-28T13:47:47
8918,2025-08-09T02:56:05
5602,2025-01-31T07:03:00
5392,2025-09-26T16:23:26
917,2025-04-26T07:49:30
10198,2025-04-11T09:40:43
5719,2025-08-26T02:58:35
1879,2025-06-28T15:55:08
10215,2025-11-06T22:14:03.989085
19040,2025-06-26T20:05:29
8230,2025-11-05T07:31:31
10853,2025-11-06T22:35:03.989096
15642,2025-01-16T22:58:05
2858,2025-09-17T20:48:37
19630,2025-09-25T03:03:13
18579,2025-09-09T01:54:34
11077,2025-05-31T03:43:30
17146,2025-02-03T23:56:47
9523,2025-03-24T06:42:40
1701,2025-03-02T13:41:57
19348,2025-01-22T19:53:31
1333,2024-12-09T10:49:31
18133,2025-05-03T22:46:56
7546,2025-10-11T05:50:17
13741,2025-03-26T18:08:26
18744,2025-11-06T22:39:03.989143
6377,2025-06-22T03:47:06
6700,2025-06-01T12:44:19
10619,2025-06-25T10:37:01
11241,2025-10-09T04:56:54
12934,2025-01-16T06:52:03
19439,2025-06-27T08:34:44
3787,2025-10-10T04:19:46
6584,2024-12-13T01:04:38
12390,2025-02-28T11:04:24
13107,2025-08-29T10:26:37
1921,2025-09-30T07:40:31
6653,2025-03-27T13:15:04
18335,2025-07-21T14:27:59
2870,2025-03-28T19:26:12
4494,2024-12-18T18:06:27
8871,2025-08-02T12:02:21
7823,2025-07-17T16:11:07
10735,2025-08-26T04:10:40
9990,2025-09-08T21:57:03
10427,2025-07-22T09:40:34
4486,2025-09-07T01:56:15
1801,2025-05-09T20:04:44
12641,2025-06-27T17:18:04
19125,2025-05-08T18:09:32
4295,2024-11-12T12:27:51
7957,2025-09-28T04:57:05
14155,2025-08-16T04:45:03
733,2025-01-22T13:30:54
7679,2025-03-19T08:22:33
18428,2025-02-19T22:09:32
7088,2025-01-24T01:40:53
16,2025-10-31T17:07:42
17459,2025-01-24T11:47:46
10008,2025-06-25T10:44:26
4940,2025-06-24T14:22:55
16015,2025-04-05T00:40:57
5063,2025-03-09T10:21:06
19054,2025-01-04T12:52:24
6575,2025-10-06T11:47:35
13917,2025-07-23T04:22:50
14422,2025-05-08T03:22:52
4158,2025-04-07T14:02:50
5269,2025-01-14T17:58:02
17073,2025-03-27T23:50:43
889,2025-09-22T14:08:18
10004,2025-05-03T08:34:31
11288,2025-11-02T05:58:54
11851,2025-01-21T09:26:22
3485,2025-05-08T21:36:21
1811,2025-01-09T15:03:36
15654,2025-01-15T16:32:25
8479,2025-06-12T07:06:35
7250,2024-11-29T22:28:23
5415,2025-11-06T22:33:03.989303
11902,2024-12-21T16:13:32
9958,2025-07-15T23:51:14
13561,2024-12-22T11:32:15
12180,2025-06-08T11:45:35
11709,2025-09-26T09:30:05
13459,2024-12-30T02:57:02
17357,2025-06-28T17:54:37
19842,2024-12-18T11:19:40
7027,2025-05-16T15:47:58
12073,2025-05-07T08:47:38
8865,2025-06-03T08:58:15
9230,2025-06-04T05:09:39
3386,2025-05-05T16:39:00
19873,2024-12-16T15:54:43
11930,2025-07-28T12:33:59
4488,2025-04-22T05:58:16
13512,2025-10-17T23:06:41
16246,2025-10-28T05:49:58
3145,2025-02-23T02:03:43
11081,2025-04-12T21:02:02
18960,2025-04-29T15:05:19
14685,2025-09-03T22:10:32
824,2025-06-23T23:02:53
17198,2025-05-14T19:47:01
7082,2025-09-13T08:08:03
12393,2024-11-23T05:31:01
11332,2025-01-27T08:30:31
18327,2025-08-16T17:42:16
11208,2025-07-05T13:55:42
1886,2025-04-17T18:06:49
16519,2025-01-03T09:41:56
2332,2025-05-08T18:56:18
7547,2025-09-18T10:36:49
15919,2025-04-22T02:51:36
15461,2025-07-27T15:38:03
11020,2025-06-15T04:13:30
18032,2025-07-22T20:12:48
18332,2025-01-31T08:41:22
12935,2025-02-24T15:32:49
7137,2025-07-25T19:24:28
3000,2025-08-15T07:51:46
11826,2025-11-06T22:06:03.989422
13041,2025-01-03T21:13:23
4141,2025-03-05T17:35:33
6084,2025-07-06T23:46:43
2077,2024-12-15T13:21:17
8339,2025-11-06T22:06:03.989437
10719,2025-05-15T08:01:20
14807,2025-05-29T11:27:33
15787,2025-03-11T01:49:35
11477,2025-01-01T17:28:20
12705,2025-07-11T22:26:03
2120,2025-04-25T02:44:14
2630,2025-01-02T18:38:35
8008,2025-09-26T18:14:08
2895,2025-08-12T12:16:20
5348,2024-12-17T07:32:28
12233,2025-04-10T15:08:46
15202,2025-08-17T01:46:31
12892,2025-10-03T08:08:29
3299,2025-03-11T04:29:43
17865,2025-02-19T14:27:44
11910,2025-04-13T17:40:11
19161,2025-11-06T22:28:03.989486
13693,2025-01-11T02:42:04
7794,2025-01-11T03:05:37
2165,2025-10-01T03:02:40
17850,2025-10-20T00:56:00
13071,2025-11-01T06:42:03
55,2025-03-01T15:36:53
15769,2025-03-26T12:57:19
13754,2025-01-20T01:32:41
1112,2025-06-19T15:45:56
6931,2025-11-06T22:49:03.989515
16745,2025-04-20T15:08:35
19126,2025-07-26T02:18:22
10682,2025-05-23T21:57:23
18620,2025-11-06T22:36:03.989527
9236,2025-04-12T02:19:17
7001,2025-07-21T15:50:57
13594,2025-10-18T13:05:13
9185,2025-02-07T08:45:32
16812,2025-02-15T03:03:02
17650,2025-05-04T11:49:23
13750,2025-03-15T11:32:52
6595,2025-09-02T07:28:58
4146,2025-05-20T06:03:17
19890,2025-03-26T08:34:21
17401,2025-04-09T04:16:03
15313,2025-02-24T03:50:55
4944,2025-04-07T00:01:24
12166,2025-09-04T19:20:22
5483,2025-02-20T21:41:51
10207,2025-03-07T11:53:46
19291,2024-12-27T07:25:13
19692,2025-08-08T21:08:59
10262,2025-04-25T15:52:23
5677,2024-12-14T17:44:46
15793,2025-01-14T05:41:45
4771,2025-06-15T14:56:00
1014,2025-03-19T23:04:31
17296,2025-10-25T21:32:13
10256,2025-09-09T21:03:51
13271,2025-01-09T03:01:15
15328,2025-02-20T21:56:08
11418,2025-06-05T12:24:31
3092,2024-12-17T12:49:52
7245,2025-03-05T00:30:54
6014,2025-04-15T22:35:22
1929,2025-08-03T16:48:41
5313,2025-10-24T01:06:34
5486,2025-03-26T14:53:08
16618,2025-11-06T18:42:13
5942,2025-09-27T09:12:04
5978,2025-07-23T14:57:24
3394,2025-03-16T17:04:54
6385,2025-03-21T18:44:17
18081,2025-03-22T11:37:47
2321,2025-01-21T18:38:38
4228,2025-11-05T06:36:14
19948,2025-03-08T04:26:14
721,2025-11-06T22:20:03.989679
15952,2025-05-25T16:52:54
797,2025-10-03T21:03:55
12722,2025-02-04T21:34:33
9496,2025-11-06T22:16:03.989691
6431,2025-11-06T22:44:03.989696
9751,2025-03-13T10:56:43
12302,2025-03-06T21:29:26
6588,2025-07-26T06:06:11
2685,2025-01-04T10:36:55
3104,2025-11-06T22:29:03.989711
19081,2025-04-07T00:03:34
15516,2025-05-15T13:11:16
9937,2025-11-06T22:52:03.989721
17256,2024-12-27T22:10:14
7010,2025-11-06T22:17:03.989728
19762,2025-10-07T01:03:54
5986,2025-06-06T21:57:26
14201,2025-11-06T21:59:03.989738
9090,2024-12-31T04:42:59
401,2025-05-02T21:35:20
1434,2025-09-05T10:30:10
912,2025-08-26T22:35:00
12912,2025-02-18T18:16:45
11407,2025-04-15T15:55:57
7668,2025-10-07T09:21:44
13653,2025-03-28T19:21:10
10866,2025-06-09T16:05:27
15355,2025-11-06T22:33:03.989767
8925,2025-02-08T06:42:47
15624,2025-09-15T19:56:22
83,2025-09-04T09:23:02
1240,2025-11-06T22:53:03.989779
15686,2025-08-16T05:19:10
2611,2025-07-15T12:34:35
13980,2025-11-06T22:05:03.989789
14211,2025-06-19T17:53:32
11284,2025-09-16T17:45:29
669,2024-12-17T22:12:05
13489,2025-09-13T01:13:01
12257,2025-08-24T06:43:46
18543,2024-11-27T13:15:00
13953,2025-06-17T09:03:51
7481,2025-05-11T13:32:49
10213,2025-01-09T17:40:05
14386,2025-05-31T08:02:00
13349,2025-03-17T06:27:22
17726,2025-05-09T07:17:36
16457,2025-08-20T12:00:59
324,2025-11-06T22:31:03.989830
7653,2025-02-28T11:24:11
13971,2025-05-09T20:37:08
7327,2025-07-02T20:09:45
10584,2025-10-04T06:06:22
12365,2025-09-21T00:20:46
7685,2025-09-21T07:50:46
10646,2025-04-05T01:59:48
3941,2025-06-05T14:23:46
16840,2025-07-11T04:23:40
12473,2024-12-15T10:10:28
4346,2024-12-18T13:57:39
7641,2025-05-31T01:09:13
7802,2025-05-17T11:28:39
14540,2025-02-17T08:14:39
16509,2025-04-27T08:19:50
3962,2025-05-04T05:16:37
1692,2025-03-15T06:50:54
17861,2025-08-01T14:02:55
14076,2025-09-03T13:16:05
2806,2025-01-07T10:15:45
2968,2025-10-19T10:38:07
17302,2025-01-25T23:24:53
5072,2025-11-04T10:43:56
8556,2025-07-24T10:22:26
2849,2025-01-03T00:01:33
4614,2025-08-18T10:15:27
9155,2025-01-16T11:12:25
7306,2024-12-31T22:43:13
1122,2025-01-11T22:37:51
5025,2025-10-26T01:56:05
3803,2025-10-30T18:20:18
13045,2025-01-14T00:23:03
8599,2025-11-06T22:31:03.989933
8191,2025-09-22T16:16:53
13982,2025-01-03T08:23:54
11613,2025-06-11T17:19:16
454,2025-09-10T22:38:40
6777,2025-02-09T20:17:13
12463,2025-10-09T18:00:02
10615,2025-09-14T01:54:40
18653,2025-05-20T14:29:01
2836,2025-08-05T12:27:40
3693,2025-11-06T22:57:03.989962
19324,2024-12-03T06:40:08
2425,2025-10-02T20:50:02
18872,2025-04-08T16:46:14
4816,2025-05-14T12:55:56
15691,2024-12-09T23:09:42
7862,2025-09-30T10:54:55
4356,2025-05-10T17:33:16
7459,2025-07-21T14:56:00
14452,2024-12-27T01:04:14
2095,2024-12-02T05:41:14
4882,2025-09-01T04:13:41
2173,2025-06-26T00:54:36
982,2025-08-05T04:54:01
10474,2025-08-17T05:32:31
1785,2025-01-08T12:38:01
3617,2025-06-30T04:35:15
13256,2025-02-01T15:24:08
7640,2025-10-21T15:09:21
8232,2025-01-07T07:01:10
3137,2025-08-08T01:14:06
704,2025-08-26T04:42:22
12069,2025-11-06T22:20:03.990022
1145,2025-11-02T04:49:46
9661,2025-04-15T21:19:09
12517,2025-03-14T06:13:28
19532,2025-09-04T19:13:27
4633,2025-07-26T06:20:42
2655,2025-05-03T01:44:10
11124,2025-10-24T07:15:10
8864,2024-12-29T06:22:07
15492,2025-05-23T06:14:44
13333,2025-03-09T19:31:43
1261,2025-11-06T22:22:03.990055
6837,2025-11-06T22:06:03.990059
1313,2025-08-01T06:02:56
14365,2024-12-27T20:51:16
4988,2025-09-21T18:55:49
6877,2025-11-06T22:52:03.990072
15489,2025-03-06T20:15:24
19905,2025-09-23T09:38:04
1814,2025-03-30T05:02:44
1329,2025-07-12T18:04:44
18643,2025-04-13T04:04:23
8049,2025-11-05T13:09:42
17697,2025-03-20T12:13:32
7715,2025-11-06T22:54:03.990095
6256,2025-04-04T00:46:00
4490,2025-11-06T22:05:03.990102
19636,2025-04-23T18:01:33
18457,2025-11-06T22:39:03.990109
9008,2025-02-01T10:55:01
6541,2025-01-15T20:17:58
19110,2025-02-28T16:39:16
14596,2025-02-18T22:31:10
16865,2025-05-28T17:09:22
1747,2025-04-08T19:12:58
9812,2025-09-04T19:39:46
8614,2025-08-16T00:18:49
729,2024-11-20T10:31:02
19006,2025-05-31T05:00:58
6280,2025-06-24T06:01:48
906,2025-10-23T18:04:28
8582,2025-09-14T08:38:55
17289,2025-09-08T08:45:46
3449,2025-05-11T00:08:14
13913,2025-07-26T23:22:47
14664,2025-06-30T19:27:49
6078,2025-09-03T10:01:24
3328,2025-05-12T22:28:34
14629,2025-10-26T10:08:49
17674,2025-07-15T17:33:41
13010,2025-09-27T16:27:58
14897,2025-03-09T02:49:56
18634,2025-08-02T20:33:22
181,2025-07-19T09:37:50
11555,2025-09-21T00:47:01
6853,2025-05-28T07:49:05
9172,2025-10-11T09:17:40
6928,2025-03-12T22:38:12
4773,2025-02-15T12:17:23
17874,2025-10-10T09:20:09
2933,2025-11-02T07:43:52
4081,2024-12-27T10:46:02
10883,2025-01-28T23:03:01
3459,2025-04-24T14:59:48
2857,2024-12-04T17:06:51
16548,2025-02-05T20:41:03
1894,2025-05-24T01:37:12
970,2025-11-06T22:13:03.990213
4961,2025-03-17T02:42:14
15916,2025-10-09T00:18:47
3387,2025-06-18T09:40:50
16782,2025-09-26T05:56:23
19450,2025-01-05T08:29:15
12851,2025-01-20T02:23:03
6386,2025-06-12T17:00:57
10424,2025-03-03T10:18:51
5675,2024-12-24T13:58:08
2706,2025-03-25T23:53:37
19478,2025-04-27T19:19:31
7057,2025-11-06T21:59:03.990246
4171,2025-08-07T13:04:45
14811,2025-03-07T18:56:38
13652,2025-07-28T14:20:17
13135,2024-12-27T04:03:57
17783,2025-07-28T01:06:37
16504,2025-09-10T20:08:04
3314,2025-11-06T22:48:03.990265
5546,2025-04-07T02:30:57
10906,2025-01-16T21:07:44
19527,2025-05-27T05:28:55
2825,2025-01-17T10:08:21
11373,2025-11-06T22:43:03.990280
4351,2025-05-31T08:48:18
16148,2025-10-15T15:12:10
5265,2025-11-06T22:36:03.990289
6614,2025-10-29T19:31:18
2570,2025-06-10T09:39:17
14358,2025-08-05T09:40:46
11406,2025-11-06T22:54:03.990301
10434,2025-08-01T18:53:28
19068,2025-08-05T19:10:38
11736,2025-08-22T23:59:30
4983,2025-02-12T01:02:45
3163,2025-02-02T23:48:31
12698,2025-08-16T13:13:48
8814,2025-02-21T19:12:50
5971,2025-07-10T11:19:08
12359,2025-03-17T00:42:57
6203,2025-08-06T00:43:15
6709,2025-10-19T09:45:30
16550,2025-05-07T20:23:43
1323,2025-02-23T17:18:54
13418,2025-02-01T08:49:47
9242,2025-09-30T23:19:11
12966,2025-08-23T15:36:58
8439,2025-04-07T17:34:21
12979,2025-09-29T12:45:17
9012,2025-04-16T05:18:06
5591,2025-04-26T09:40:06
4475,2025-11-06T22:20:03.990355
9662,2025-10-23T00:42:51
12495,2025-02-02T06:11:51
10003,2025-04-28T06:56:07
6061,2025-02-15T01:53:32
110,2025-06-13T18:10:14
6594,2025-02-03T08:11:06
17981,2025-10-18T09:24:44
11703,2025-11-06T22:06:03.990379
4491,2025-04-03T06:45:31
15882,2025-10-29T03:39:57
9437,2025-08-19T23:09:53
17905,2024-12-12T02:17:55
3939,2025-09-01T15:49:00
18173,2025-08-25T04:33:13
4379,2025-03-10T20:35:30
3324,2025-09-17T20:27:20
14104,2025-02-20T00:25:57
17417,2025-04-24T15:21:55
16297,2025-10-27T18:06:48
6031,2025-06-23T08:36:18
19237,2025-04-10T01:12:41
16951,2025-10-02T17:47:44
4842,2025-09-23T07:02:05
11467,2025-06-15T22:11:57
5154,2025-06-10T11:18:28
1832,2025-02-06T15:04:31
13168,2025-09-25T00:40:08
14510,2025-08-20T20:36:30
2309,2025-11-06T22:22:03.990432
14725,2025-08-03T10:38:25
12872,2025-10-27T16:58:49
19901,2025-11-06T22:22:03.990441
11734,2025-09-10T08:00:20
5765,2025-08-10T02:43:57
4258,2025-02-25T12:57:26
18464,2025-06-03T09:25:07
11481,2025-10-10T01:35:48
6318,2025-10-13T11:27:24
17445,2025-08-30T08:51:22
16637,2025-08-07T02:39:58
12809,2025-04-10T09:06:43
2088,2025-01-23T01:03:19
16836,2025-11-05T22:11:19
12958,2025-11-06T22:49:03.990493
3657,2025-05-25T17:53:06
1704,2025-10-31T14:49:01
9081,2025-04-09T16:05:42
13773,2025-06-27T22:53:21
1208,2025-05-12T17:29:51
16646,2024-12-10T01:55:56
2449,2025-10-17T01:49:16
15703,2025-05-18T14:03:43
7309,2025-04-06T10:21:52
1041,2025-07-31T19:14:42
2637,2025-05-21T02:34:11
132,2025-02-23T00:26:18
15272,2025-10-18T18:55:10
18564,2025-10-07T09:05:40
12478,2025-03-29T16:33:26
3278,2025-03-29T19:22:47
2191,2025-08-07T20:02:44
6086,2025-03-06T06:35:50
17875,2025-11-06T22:09:03.990542
9543,2025-06-15T21:34:52
7921,2025-04-15T07:07:18
2919,2025-06-10T22:32:14
11630,2025-11-06T22:24:03.990553
18536,2025-08-28T17:59:07
11182,2025-04-22T07:36:42
8215,2025-03-05T13:54:10
18789,2025-08-27T11:55:46
7206,2025-05-01T10:54:40
17611,2025-03-12T11:55:46
6720,2025-02-12T02:05:41
3430,2025-11-06T22:13:03.990575
3730,2025-11-06T22:14:03.990579
10726,2025-06-17T10:45:55
16062,2025-03-22T14:35:22
10152,2025-09-11T16:38:23
16316,2025-11-06T22:35:03.990590
7399,2025-06-26T09:53:48
14611,2025-04-19T13:11:09
360,2025-06-23T06:18:00
11822,2025-02-28T09:05:10
10631,2025-01-16T05:36:30
18661,2025-11-06T22:31:03.990607
13030,2025-10-27T13:30:41
17869,2025-01-12T13:39:13
7394,2025-11-06T22:50:03.990616
5104,2025-09-24T03:11:36
16737,2025-05-30T09:30:48
7599,2025-01-04T21:13:56
19939,2025-09-23T14:52:38
12379,2025-05-14T00:43:42
9586,2025-04-01T22:06:46
5458,2025-04-22T01:22:34
1810,2025-03-27T13:52:06
916,2025-03-23T04:34:57
10343,2025-03-29T14:21:24
6867,2025-03-31T20:26:44
2866,2025-10-29T10:07:10
4288,2025-02-10T03:54:23
7444,2025-05-23T11:49:49
17702,2025-10-10T03:44:14
5673,2025-01-11T18:08:47
14825,2025-03-20T08:23:44
13131,2025-11-06T22:29:03.990661
16423,2025-02-06T22:22:24
1016,2025-04-16T00:36:54
17863,2025-10-23T23:25:31
4984,2025-05-27T12:59:27
15410,2025-02-24T11:23:00
1754,2025-09-03T06:33:12
1142,2025-10-21T04:00:54
1795,2025-04-19T03:22:10
13751,2025-10-20T06:57:44
3582,2025-04-06T10:00:11
3147,2025-11-06T22:45:03.990689
1982,2025-08-29T19:22:15
11526,2025-07-02T22:56:19
19754,2024-12-17T14:28:03
7750,2025-05-13T07:10:35
10567,2025-10-16T10:18:44
11486,2025-05-30T10:16:12
13992,2025-09-11T12:47:31
12211,2025-07-06T18:08:09
15009,2025-04-02T18:30:14
1469,2025-11-06T06:13:54
6616,2025-01-07T22:36:06
7147,2025-02-09T03:45:58
10011,2025-03-16T19:30:10
7360,2025-04-05T15:04:29
19260,2025-07-25T09:55:17
11725,2025-09-14T14:52:52
10839,2025-06-10T06:43:25
16086,2025-10-13T08:45:03
8815,2025-04-13T18:57:18
3621,2025-05-24T05:12:15
3649,2025-09-02T06:53:36
5222,2025-11-06T22:11:03.990750
3432,2025-10-04T00:44:33
1419,2025-02-10T05:27:45
8926,2025-03-22T05:05:14
9832,2025-09-28T06:24:32
17814,2025-09-25T22:09:53
3437,2025-02-03T07:30:12
1970,2025-08-07T02:31:00
6917,2024-12-10T14:40:40
13815,2025-01-28T22:37:11
4888,2024-11-22T00:14:18
19118,2025-08-10T06:32:38
63,2025-06-25T10:52:25
6254,2025-03-29T19:40:39
19808,2024-12-04T06:39:11
11765,2025-11-06T22:35:03.990789
12644,2025-06-29T07:42:27
13812,2024-12-05T03:58:29
9056,2025-02-22T20:53:19
11129,2025-05-29T11:56:25
9375,2025-02-01T23:21:36
19804,2025-02-09T02:53:25
5365,2025-04-20T20:02:47
19180,2024-12-16T00:53:49
205,2025-08-09T15:08:01
19841,2025-02-17T17:02:00
9161,2024-12-28T02:36:50
1551,2025-07-22T11:37:45
9982,2024-12-22T22:27:22
11237,2025-06-13T14:44:30
19960,2025-08-03T05:27:34
18142,2025-07-15T23:32:58
1602,2025-06-05T05:54:05
12622,2025-08-19T21:33:46
7080,2024-12-25T22:29:15
3863,2025-06-02T17:35:09
5582,2025-03-07T05:35:53
6227,2025-03-01T12:04:47
15782,2025-10-06T07:51:25
14049,2025-11-03T15:39:36
12720,2025-03-15T15:04:50
8438,2025-06-18T22:47:26
14225,2025-05-27T20:02:09
3867,2025-07-20T09:06:43
18149,2025-03-04T20:08:14
14122,2025-05-26T20:34:43
1893,2025-03-08T07:38:33
17608,2024-12-30T18:03:36
3194,2024-12-24T06:10:06
19593,2025-04-01T06:09:35
19331,2025-05-30T11:49:21
17069,2025-07-12T11:26:00
8145,2024-12-06T18:57:58
7960,2025-04-23T14:26:17
13579,2024-12-27T02:09:22
16370,2025-03-20T03:28:47
19523,2025-09-17T10:41:32
9641,2025-03-01T11:29:01
995,2025-01-16T02:02:19
13298,2025-03-23T18:30:54
7791,2025-03-10T09:57:53
13156,2025-03-16T12:35:43
5670,2025-11-06T22:49:03.990910
13558,2025-09-05T11:06:26
5474,2025-05-13T15:13:55
10268,2025-01-02T19:38:27
19182,2025-01-30T18:48:16
14744,2025-11-04T07:35:44
11978,2025-05-20T01:11:57
2474,2025-06-28T14:37:03
7345,2025-07-21T09:48:46
18357,2024-12-04T02:18:06
11307,2025-03-30T23:02:22
9547,2025-03-15T04:37:52
14794,2025-11-06T22:33:03.990943
4010,2024-11-17T16:00:57
11870,2025-04-07T01:56:34
9096,2025-03-28T21:45:46
5586,2025-11-06T22:37:03.990955
10957,2025-02-22T21:44:56
5663,2025-04-12T15:10:22
15973,2025-08-10T11:04:25
7318,2025-05-24T23:54:26
12521,2025-03-18T21:26:30
16746,2025-01-15T13:23:58
7684,2025-04-18T07:33:35
13595,2024-11-26T05:20:19
11195,2025-11-06T22:44:03.990979
1890,2025-07-11T18:54:13
6858,2025-10-02T10:36:01
13847,2025-07-27T15:27:25
11744,2024-12-22T19:51:10
16358,2025-03-14T10:37:08
9947,2025-10-07T00:21:21
4434,2025-09-04T18:36:23
15710,2025-03-20T02:31:03
11979,2025-01-17T23:16:11
4585,2025-03-25T13:54:38
6528,2025-04-14T02:19:16
10862,2025-01-13T07:28:19
17506,2025-04-04T07:21:43
4254,2025-09-03T02:46:57
14095,2025-05-06T12:26:33
17337,2025-07-27T13:55:54
9365,2025-05-14T22:10:30
2567,2025-10-26T07:27:08
245,2025-06-18T13:38:35
839,2025-09-05T16:40:41
14667,2025-03-16T08:03:48
2694,2025-06-04T10:40:49
5945,2025-11-06T22:48:03.991041
4186,2025-05-27T22:02:49
11127,2025-06-02T12:29:33
3311,2025-10-07T00:28:40
11101,2025-08-18T19:17:35
7783,2025-03-23T12:43:35
634,2025-08-30T18:18:31
19639,2025-05-01T22:29:41
18308,2025-11-06T22:27:03.991063
15139,2025-10-18T17:54:14
18052,2025-11-06T22:46:03.991069
4587,2025-01-24T13:25:51
7855,2025-06-21T08:01:46
13882,2025-11-06T22:58:03.991078
16582,2025-11-06T22:11:03.991083
2913,2025-04-13T21:58:55
6822,2025-07-10T18:52:25
19619,2025-04-10T04:33:11
18047,2025-09-08T12:16:10
13154,2025-09-24T03:21:01
10145,2025-11-06T22:56:03.991103
6656,2024-12-08T07:47:24
3952,2025-07-02T03:14:07
332,2025-08-09T06:07:09
10112,2025-06-01T12:04:22
3766,2025-08-11T10:05:54
13320,2025-02-04T17:57:10
2230,2025-01-06T07:22:22
12595,2025-06-15T12:46:38
18785,2025-05-21T10:02:25
11544,2024-12-17T19:55:18
10278,2025-11-06T22:43:03.991131
4080,2024-12-18T21:10:22
19269,2025-05-26T15:11:31
4466,2025-02-28T19:49:02
1766,2025-11-04T18:59:37
9600,2025-11-06T22:43:03.991145
6893,2025-06-19T17:24:58
14743,2025-05-11T08:16:31
11983,2025-11-06T22:01:03.991154
16463,2025-04-21T22:22:59
12297,2025-03-24T15:18:47
6368,2025-03-10T15:20:21
9064,2025-01-14T03:51:58
13037,2025-05-18T11:03:50
16939,2025-01-05T15:12:01
11119,2025-06-18T07:47:29
12882,2025-07-13T13:22:28
6323,2025-10-20T15:40:17
18305,2024-12-02T12:14:48
9610,2025-07-08T17:41:45
14727,2025-10-09T15:56:01
17816,2025-05-06T04:49:29
4709,2025-11-06T22:51:03.991189
17989,2024-12-14T09:35:04
12337,2025-04-09T20:54:34
13143,2025-02-11T05:18:22
19281,2025-10-17T08:35:18
12214,2025-04-09T16:42:00
9634,2025-04-02T15:03:33
11344,2024-12-21T10:09:46
2495,2025-05-28T20:11:24
6633,2025-01-20T20:20:26
18635,2025-11-06T22:04:03.991215
9423,2025-09-30T23:29:36
15404,2024-12-19T08:20:49
18875,2025-09-16T22:27:25
361,2025-04-29T02:56:24
13874,2025-07-19T23:07:10
7212,2025-05-15T19:31:40
16926,2025-06-17T20:34:34
4335,2025-03-10T08:49:58
8122,2025-08-11T10:56:21
14984,2025-04-18T14:27:03
7899,2025-06-04T09:54:12
6818,2025-06-05T12:00:54
18839,2025-11-06T22:31:03.991248
12444,2025-11-06T22:24:03.991252
3747,2024-12-01T19:02:59
45,2025-11-06T22:22:03.991259
10143,2025-10-01T17:04:13
4426,2025-09-06T01:36:33
15536,2025-11-06T22:58:03.991267
3740,2025-02-01T05:15:30
13169,2025-01-24T10:05:12
99,2025-07-09T17:37:46
10923,2025-10-22T22:35:09
19505,2025-02-09T12:09:52
6898,2025-07-24T23:40:05
5590,2025-06-19T20:53:52
7884,2025-07-23T03:08:03
10896,2025-06-06T16:03:52
19878,2025-03-22T23:40:06
13569,2025-06-16T04:56:18
399,2025-07-17T02:22:03
581,2025-02-04T22:44:27
8285,2025-06-02T10:46:36
17997,2025-10-15T22:12:49
12654,2025-07-19T03:08:00
9156,2025-06-27T11:44:41
9507,2025-01-21T06:43:38
9464,2025-10-25T17:02:41
11038,2025-07-09T18:13:16
16713,2025-03-02T10:31:42
3150,2025-02-14T05:08:56
5960,2025-11-06T22:22:03.991343
10447,2025-04-18T14:36:18
13940,2025-11-06T22:31:03.991349
2154,2025-07-28T05:31:17
5258,2025-05-04T23:03:53
11658,2025-01-20T20:21:43
18516,2025-07-09T08:03:52
6195,2025-06-20T05:21:48
9821,2024-11-22T01:51:28
16374,2025-04-30T02:20:17
17136,2025-11-06T05:08:00
7384,2025-06-02T12:48:19
10433,2024-12-19T01:34:02
2116,2025-05-24T08:09:27
9006,2025-07-18T03:13:20
9782,2025-03-04T05:43:26
9141,2025-10-21T00:16:26
610,2025-09-18T21:51:19
15677,2025-02-14T14:54:14
16340,2025-01-14T08:29:58
19266,2025-07-26T10:24:21
2431,2025-02-06T15:11:50
13101,2024-12-26T08:46:43
