id_ksiazki,nr_isbn,numer_inwentarzowy,tytul,autor,id_kategorii,id_filii,rok_wydania,numer_edycji,liczba_stron,dostepna_online,opis,status
1,9781167966286,8228,Prawdziwy postępowanie okno,Anastazja Soczewka,8,2,1977,Wydanie I,314,False,Koncert bardzo potrafić suma morze. Dialekt podnosić pani rzeczownik model wieża tamten wóz.,dostępny
2,9781698428123,26813,Ulegać dyrektor koza gwałtowny,Kaja Kałwa,3,9,1992,Wydanie I,762,True,Miejscowość utwór mężczyzna wszelki chociaż narząd lód. Fakt zniszczyć hałas no mowa aktywny ślad.,w konserwacji
3,9781718044685,96034,Pisarz prezydent dowód,Marianna Poleszak,2,4,1968,Wydanie I,561,True,Porządek srebro używać wycieczka zawód zniszczyć go.,wypożyczony
4,9780094652866,92556,Używać specjalny międzynarodowy móc,Krystian Serwach,7,10,1967,Wydanie I,696,False,Współczesny biskup opinia futro. Ogromny zimno wiosna wino. Słońce specjalny państwo jednostka.,dostępny
5,9781435262805,9253,Sześćdziesiąt więcej piętro ani po,Marianna Berus,5,8,1998,Wydanie I,285,True,Budowla przypadek alkohol strefa ciemny flaga słoneczny. Trzymać wiek autor król nic 3 chemiczny.,dostępny
6,9781345231809,66717,Chłop moneta dziesięć granica ochrona,Andrzej Stein,10,2,2004,Wydanie I,278,False,Lot strefa klucz robić Polak. Cecha ozdoba międzynarodowy fałszywy lód uciekać.,wypożyczony
7,9781759252018,96547,Węgiel kilometr czyn a własny,Jerzy Pabisiak,5,8,1997,Wydanie I,471,True,"Piasek kolor późny chleb.
Lud jeszcze góra tylko.",wypożyczony
8,9780094652866,61894,Używać specjalny międzynarodowy móc,Krystian Serwach,7,3,1967,Wydanie I,696,False,Współczesny biskup opinia futro. Ogromny zimno wiosna wino. Słońce specjalny państwo jednostka.,w konserwacji
9,9781874227250,98056,Warstwa wina zwykły,Cyprian Kott,2,9,1994,Wydanie I,776,False,Płeć obowiązywać powinien zdolność. Rachunek siostra radio można wysyłać krzew rasa złożony.,wypożyczony
10,9781865407234,85252,Włosy kwiecień most zespół budować,Albert Zarzeczna,5,10,1962,Wydanie I,347,True,Starożytny dobro rzeka plecy otwór patrzeć strój.,wypożyczony
11,9781545385265,30389,Cecha zakończenie pomarańczowy wreszcie ten,pan Marek Hermanowicz,3,8,1981,Wydanie I,155,True,Aż żart powstawać długość ona w typ. Piosenka Niemiec Holandia.,wypożyczony
12,9781426248160,62760,Wiersz poniedziałek skała,pan Tobiasz Michnik,6,4,1953,Wydanie I,314,False,Świadczyć technika lista zmiana temat stworzyć. Swój posiłek drewniany dawny większość powstanie.,wypożyczony
13,9780798423175,92666,Pić czerwony,Borys Getka,9,7,1958,Wydanie I,650,False,Słoneczny zachodni nocny. Pasek los także delikatny przychodzić.,wypożyczony
14,9781874227250,70930,Warstwa wina zwykły,Cyprian Kott,2,5,1994,Wydanie I,776,True,Płeć obowiązywać powinien zdolność. Rachunek siostra radio można wysyłać krzew rasa złożony.,w konserwacji
15,9780690936506,70166,Pomysł 40 temat znany,Julita Drobot,9,2,2016,Wydanie I,505,True,Zwycięstwo biec uznawać powodować. Czapka doskonały jakby.,wypożyczony
16,9780094652866,63974,Używać specjalny międzynarodowy móc,Krystian Serwach,7,7,1967,Wydanie I,696,False,Współczesny biskup opinia futro. Ogromny zimno wiosna wino. Słońce specjalny państwo jednostka.,dostępny
17,9780690936506,16911,Pomysł 40 temat znany,Julita Drobot,9,5,2016,Wydanie I,505,True,Zwycięstwo biec uznawać powodować. Czapka doskonały jakby.,dostępny
18,9781426248160,13994,Wiersz poniedziałek skała,pan Tobiasz Michnik,6,10,1953,Wydanie I,314,False,Świadczyć technika lista zmiana temat stworzyć. Swój posiłek drewniany dawny większość powstanie.,w konserwacji
19,9780414399907,18943,Owca przepis leżeć Egipt,Piotr Przekwas,6,6,2008,Wydanie I,212,False,Własny oficjalny dobrze. Wysoki użycie słodki akcja. Nigdy zima bóg uwaga stanowić.,w konserwacji
20,9780928916836,11353,Użytkownik posługiwać się rasa próba,Kornelia Kuczaj,6,4,1978,Wydanie I,466,True,Wobec słodki sport charakter. Jechać niebo temperatura bilet powiat kolega.,w konserwacji
21,9780501265870,52555,Pająk istnieć robota trzeba poziom,Paweł Stanclik,7,6,1963,Wydanie I,572,True,Błąd zaś pewien rasa właściwość. Cel lewy księżyc figura produkcja.,wypożyczony
22,9781435262805,30280,Sześćdziesiąt więcej piętro ani po,Marianna Berus,5,5,1998,Wydanie I,285,True,Budowla przypadek alkohol strefa ciemny flaga słoneczny. Trzymać wiek autor król nic 3 chemiczny.,wypożyczony
23,9781432155315,10343,Zajmować Się następować zwykle biec,Mariusz Bartoszczyk,9,4,1977,Wydanie I,588,True,Wystawa prezent odzież wstyd. Być masa łatwy barwa środa usta kochać.,dostępny
24,9781337968874,90719,Zasada flaga coś ze,Angelika Trzyna,10,5,1980,Wydanie I,217,False,Lista kosztować ogon śpiewać. Ryba dać przyczyna.,dostępny
25,9781616142964,38129,Okazja chmura święto ziemia,pani Justyna Nowotny,10,2,1979,Wydanie I,784,False,Dowód otrzymać brzuch chodzić godzina port. Bułgarski 4 za pomocą pić właściwy szósty wy.,wypożyczony
26,9780798423175,55789,Pić czerwony,Borys Getka,9,8,1958,Wydanie I,650,True,Słoneczny zachodni nocny. Pasek los także delikatny przychodzić.,dostępny
27,9780928916836,67028,Użytkownik posługiwać się rasa próba,Kornelia Kuczaj,6,10,1978,Wydanie I,466,True,Wobec słodki sport charakter. Jechać niebo temperatura bilet powiat kolega.,dostępny
28,9781017268270,58125,Odwaga dziać się taki,pan Borys Kobak,1,3,1954,Wydanie I,171,False,Płyn Chiny staw nagle. Egipt strumień azjatycki różny wolny stać. Kapelusz umysł budynek wojna.,wypożyczony
29,9780466343330,8325,Marka bić dolina pożar oglądać,Klara Ciarka,9,4,2024,Wydanie I,697,True,Transport wysyłać zmienić plecy chcieć wielkość. Tylko cienki powiat widzieć Austria.,wypożyczony
30,9780743425230,6223,Unia Europejska grupa narkotyk,pani Marika Kluczek,8,6,2017,Wydanie I,166,True,Stacja surowy dodać stacja pięć. Istnienie kłopot zajęcie mądry relacja okręt zając.,wypożyczony
31,9780380954667,98725,Użytkownik jeśli św. sprzęt,Krystian Piaścik,4,10,1981,Wydanie I,552,True,Jedenaście otwierać zwykły prawdziwy prędkość malować kolorowy. Tłumaczyć grać transport jednak.,dostępny
32,9780362591026,61256,Trzeba oko,Janina Kołak,8,3,1976,Wydanie I,669,True,Krok świeży bar stary dół kolega. Dziura studia pas majuskuła.,dostępny
33,9780543464620,20039,Cierpieć jakość czekolada,Tymon Myk,3,3,1983,Wydanie I,353,True,Kolano bogini polityka szósty obwód. Według lato konstrukcja bogini naczynie.,w konserwacji
34,9780428279417,12795,Wśród wy 80,Igor Ciaś,6,4,2000,Wydanie I,796,False,Pani sygnał pani ramię. Świecić dodać mama broń pojęcie zwykły.,wypożyczony
35,9781759252018,70030,Węgiel kilometr czyn a własny,Jerzy Pabisiak,5,9,1997,Wydanie I,471,True,"Piasek kolor późny chleb.
Lud jeszcze góra tylko.",wypożyczony
36,9780280858225,56269,Natychmiast zbyt trawa atak,Antoni Warzybok,5,8,1951,Wydanie I,164,True,Żydowski anioł powstawać sędzia pragnąć. Dzień los wspaniały chcieć.,dostępny
37,9780280858225,80343,Natychmiast zbyt trawa atak,Antoni Warzybok,5,5,1951,Wydanie I,164,False,Żydowski anioł powstawać sędzia pragnąć. Dzień los wspaniały chcieć.,dostępny
38,9781134555819,83758,Oraz kilka,pan Wojciech Lenda,4,6,1981,Wydanie I,268,True,Metal lampa substancja mąż. Wiedzieć walczyć strefa pacjent nie ma piękny.,w konserwacji
39,9781874227250,24822,Warstwa wina zwykły,Cyprian Kott,2,3,1994,Wydanie I,776,False,Płeć obowiązywać powinien zdolność. Rachunek siostra radio można wysyłać krzew rasa złożony.,dostępny
40,9781616142964,66475,Okazja chmura święto ziemia,pani Justyna Nowotny,10,1,1979,Wydanie I,784,True,Dowód otrzymać brzuch chodzić godzina port. Bułgarski 4 za pomocą pić właściwy szósty wy.,wypożyczony
41,9780393892420,80943,Przyrząd zapalenie,pan Konrad Wojtak,1,8,1973,Wydanie I,547,False,Skłonność szkło rozwój nieść skała jednocześnie. Lato słyszeć podczas morski wóz spadać atak.,w konserwacji
42,9780690936506,38065,Pomysł 40 temat znany,Julita Drobot,9,3,2016,Wydanie I,505,True,Zwycięstwo biec uznawać powodować. Czapka doskonały jakby.,dostępny
43,9780768677201,62838,40 dzięki w formie zostać,Malwina Materek,9,6,1967,Wydanie I,355,True,Dyrektor w kształcie Ameryka władza.,dostępny
44,9780668657846,88996,Księga powstawać późno moralny dziecięcy,pani Julita Rajchel,10,1,1957,Wydanie I,511,False,Srebro mieszkanie prawny procent dobro chwila. Polityczny popularny dół istnienie dolina.,dostępny
45,9780027914276,87560,Powodować polityczny strona,Jędrzej Pielach,3,7,2013,Wydanie I,590,False,Gaz w końcu drzwi słońce las. Plac pewien leczenie.,dostępny
46,9781432155315,30071,Zajmować Się następować zwykle biec,Mariusz Bartoszczyk,9,4,1977,Wydanie I,588,True,Wystawa prezent odzież wstyd. Być masa łatwy barwa środa usta kochać.,wypożyczony
47,9780582900776,73307,Dźwięk istnienie,Ewelina Fras,10,10,2018,Wydanie I,336,False,Większość wystawa osiemdziesiąt wnętrze. Myśl dodać przykład Francja z.,wypożyczony
48,9781786430304,86691,- otwierać możliwy bawić się,Urszula Lejk,4,4,1971,Wydanie I,729,True,Wskazywać natychmiast spodnie stawać się za tradycyjny.,dostępny
49,9780134362441,69852,Królowa kuchnia pod głowa,Adam Zbrożek,4,9,2000,Wydanie I,506,True,W Ciągu skutek łatwo czekolada zakończyć. Turecki nikt kurs ona miejscowość nadawać.,w konserwacji
50,9781616142964,34800,Okazja chmura święto ziemia,pani Justyna Nowotny,10,7,1979,Wydanie I,784,True,Dowód otrzymać brzuch chodzić godzina port. Bułgarski 4 za pomocą pić właściwy szósty wy.,wypożyczony
51,9780768677201,14506,40 dzięki w formie zostać,Malwina Materek,9,1,1967,Wydanie I,355,False,Dyrektor w kształcie Ameryka władza.,wypożyczony
52,9780380954667,88262,Użytkownik jeśli św. sprzęt,Krystian Piaścik,4,2,1981,Wydanie I,552,False,Jedenaście otwierać zwykły prawdziwy prędkość malować kolorowy. Tłumaczyć grać transport jednak.,dostępny
53,9781759252018,52377,Węgiel kilometr czyn a własny,Jerzy Pabisiak,5,7,1997,Wydanie I,471,False,"Piasek kolor późny chleb.
Lud jeszcze góra tylko.",w konserwacji
54,9780582900776,41689,Dźwięk istnienie,Ewelina Fras,10,8,2018,Wydanie I,336,False,Większość wystawa osiemdziesiąt wnętrze. Myśl dodać przykład Francja z.,wypożyczony
55,9781138492578,98052,Teoria obywatelka dzisiaj ziarno,Maciej Pyrkosz,9,3,1998,Wydanie I,487,False,Woda ostry wytwarzać katastrofa spór znaczny oficjalny.,dostępny
56,9780005513132,12453,60 ogród gwiazda,Julianna Żmija,2,6,1980,Wydanie I,626,True,Dodatkowy pływać czwartek studiować swój.,dostępny
57,9780280858225,1694,Natychmiast zbyt trawa atak,Antoni Warzybok,5,7,1951,Wydanie I,164,True,Żydowski anioł powstawać sędzia pragnąć. Dzień los wspaniały chcieć.,dostępny
58,9780134362441,41637,Królowa kuchnia pod głowa,Adam Zbrożek,4,6,2000,Wydanie I,506,False,W Ciągu skutek łatwo czekolada zakończyć. Turecki nikt kurs ona miejscowość nadawać.,w konserwacji
59,9780582900776,22263,Dźwięk istnienie,Ewelina Fras,10,5,2018,Wydanie I,336,True,Większość wystawa osiemdziesiąt wnętrze. Myśl dodać przykład Francja z.,w konserwacji
60,9780501265870,63506,Pająk istnieć robota trzeba poziom,Paweł Stanclik,7,9,1963,Wydanie I,572,False,Błąd zaś pewien rasa właściwość. Cel lewy księżyc figura produkcja.,dostępny
61,9780928916836,38244,Użytkownik posługiwać się rasa próba,Kornelia Kuczaj,6,7,1978,Wydanie I,466,True,Wobec słodki sport charakter. Jechać niebo temperatura bilet powiat kolega.,dostępny
62,9781874227250,8847,Warstwa wina zwykły,Cyprian Kott,2,6,1994,Wydanie I,776,True,Płeć obowiązywać powinien zdolność. Rachunek siostra radio można wysyłać krzew rasa złożony.,w konserwacji
63,9781435262805,10470,Sześćdziesiąt więcej piętro ani po,Marianna Berus,5,9,1998,Wydanie I,285,True,Budowla przypadek alkohol strefa ciemny flaga słoneczny. Trzymać wiek autor król nic 3 chemiczny.,dostępny
64,9781874227250,67595,Warstwa wina zwykły,Cyprian Kott,2,10,1994,Wydanie I,776,True,Płeć obowiązywać powinien zdolność. Rachunek siostra radio można wysyłać krzew rasa złożony.,wypożyczony
65,9780094652866,38219,Używać specjalny międzynarodowy móc,Krystian Serwach,7,5,1967,Wydanie I,696,False,Współczesny biskup opinia futro. Ogromny zimno wiosna wino. Słońce specjalny państwo jednostka.,wypożyczony
66,9781345231809,82818,Chłop moneta dziesięć granica ochrona,Andrzej Stein,10,3,2004,Wydanie I,278,True,Lot strefa klucz robić Polak. Cecha ozdoba międzynarodowy fałszywy lód uciekać.,w konserwacji
67,9781256020141,76726,Północny sytuacja umysł zawierać,Apolonia Lorenz,8,8,1993,Wydanie I,445,True,Danie pomarańczowy aktor but.,wypożyczony
68,9780625136742,23147,Trochę miód umieszczać siostra,pani Agnieszka Kazubek,3,5,1968,Wydanie I,755,False,Dno japoński sprzedaż ziarno naukowy tłumaczyć. Słyszeć łatwo język zbudować późny późno.,wypożyczony
69,9780428279417,45317,Wśród wy 80,Igor Ciaś,6,5,2000,Wydanie I,796,True,Pani sygnał pani ramię. Świecić dodać mama broń pojęcie zwykły.,w konserwacji
70,9781545385265,64030,Cecha zakończenie pomarańczowy wreszcie ten,pan Marek Hermanowicz,3,3,1981,Wydanie I,155,False,Aż żart powstawać długość ona w typ. Piosenka Niemiec Holandia.,w konserwacji
71,9780280858225,47653,Natychmiast zbyt trawa atak,Antoni Warzybok,5,6,1951,Wydanie I,164,False,Żydowski anioł powstawać sędzia pragnąć. Dzień los wspaniały chcieć.,wypożyczony
72,9781134555819,97134,Oraz kilka,pan Wojciech Lenda,4,1,1981,Wydanie I,268,True,Metal lampa substancja mąż. Wiedzieć walczyć strefa pacjent nie ma piękny.,dostępny
73,9780393892420,34343,Przyrząd zapalenie,pan Konrad Wojtak,1,4,1973,Wydanie I,547,False,Skłonność szkło rozwój nieść skała jednocześnie. Lato słyszeć podczas morski wóz spadać atak.,w konserwacji
74,9781759252018,97181,Węgiel kilometr czyn a własny,Jerzy Pabisiak,5,4,1997,Wydanie I,471,False,"Piasek kolor późny chleb.
Lud jeszcze góra tylko.",wypożyczony
75,9781536822250,71824,Kula sztuczny włożyć Ameryka,Aleks Staśko,5,9,1960,Wydanie I,786,True,Gospodarka wywołać tam wszystek 7 wygrać słodki zysk. Ucho siedziba zmęczony właściwy obok.,w konserwacji
76,9780393892420,91108,Przyrząd zapalenie,pan Konrad Wojtak,1,8,1973,Wydanie I,547,False,Skłonność szkło rozwój nieść skała jednocześnie. Lato słyszeć podczas morski wóz spadać atak.,w konserwacji
77,9780735005464,56625,Pogoda żyć przebywać ciemność pociąg,pani Klara Dziewit,4,6,1997,Wydanie I,442,False,Taki głośny wąski filmowy jeździć. Żywy osioł strefa wróg.,wypożyczony
78,9780428279417,77851,Wśród wy 80,Igor Ciaś,6,10,2000,Wydanie I,796,True,Pani sygnał pani ramię. Świecić dodać mama broń pojęcie zwykły.,w konserwacji
79,9781296362881,73678,Góra szacunek rzeczownik kosz pomieszczenie,Urszula Wyroślak,2,3,1970,Wydanie I,197,False,Ryzyko wschód ćwiczenie radiowy tor. Chrystus cukier banknot stworzyć góra.,w konserwacji
80,9780027914276,9998,Powodować polityczny strona,Jędrzej Pielach,3,5,2013,Wydanie I,590,True,Gaz w końcu drzwi słońce las. Plac pewien leczenie.,wypożyczony
81,9780543464620,24265,Cierpieć jakość czekolada,Tymon Myk,3,8,1983,Wydanie I,353,True,Kolano bogini polityka szósty obwód. Według lato konstrukcja bogini naczynie.,wypożyczony
82,9780005513132,83304,60 ogród gwiazda,Julianna Żmija,2,6,1980,Wydanie I,626,True,Dodatkowy pływać czwartek studiować swój.,w konserwacji
83,9781865407234,88059,Włosy kwiecień most zespół budować,Albert Zarzeczna,5,4,1962,Wydanie I,347,True,Starożytny dobro rzeka plecy otwór patrzeć strój.,wypożyczony
84,9780380954667,15514,Użytkownik jeśli św. sprzęt,Krystian Piaścik,4,7,1981,Wydanie I,552,False,Jedenaście otwierać zwykły prawdziwy prędkość malować kolorowy. Tłumaczyć grać transport jednak.,dostępny
85,9780280858225,23820,Natychmiast zbyt trawa atak,Antoni Warzybok,5,9,1951,Wydanie I,164,True,Żydowski anioł powstawać sędzia pragnąć. Dzień los wspaniały chcieć.,dostępny
86,9781256020141,69553,Północny sytuacja umysł zawierać,Apolonia Lorenz,8,3,1993,Wydanie I,445,True,Danie pomarańczowy aktor but.,dostępny
87,9781773311876,91344,Córka dźwięk jeść,pani Sonia Kościesza,4,1,1950,Wydanie I,797,True,Móc wspomnienie gdzieś uciec grzech. Metal rezultat wewnątrz liść rynek zmieniać brzuch.,w konserwacji
88,9780523118734,16580,Skutek imię oraz elektryczny,pan Oliwier Stefankiewicz,7,4,2012,Wydanie I,139,True,Marzec wpaść pod. Obchodzić włożyć reguła kula miasto handlowy katastrofa wesoły.,wypożyczony
89,9781874227250,96500,Warstwa wina zwykły,Cyprian Kott,2,4,1994,Wydanie I,776,False,Płeć obowiązywać powinien zdolność. Rachunek siostra radio można wysyłać krzew rasa złożony.,wypożyczony
90,9781024774184,25131,Czwartek ząb stać się królewski zegar,Cyprian Rudyk,1,6,2013,Wydanie I,118,True,Marzec zachowanie pełny w końcu. Nad czy ubogi zielony Niemcy biblioteka.,dostępny
91,9780380954667,32035,Użytkownik jeśli św. sprzęt,Krystian Piaścik,4,9,1981,Wydanie I,552,False,Jedenaście otwierać zwykły prawdziwy prędkość malować kolorowy. Tłumaczyć grać transport jednak.,dostępny
92,9781385509982,9500,Anglia silnik tylko swój około,Anastazja Larysz,2,9,1984,Wydanie I,739,True,Chwila pamięć szybko gdzie postać sąd. Państwowy Piotr postawa hałas plemię artystyczny.,dostępny
93,9781718044685,96835,Pisarz prezydent dowód,Marianna Poleszak,2,10,1968,Wydanie I,561,False,Porządek srebro używać wycieczka zawód zniszczyć go.,dostępny
94,9781138492578,89842,Teoria obywatelka dzisiaj ziarno,Maciej Pyrkosz,9,8,1998,Wydanie I,487,False,Woda ostry wytwarzać katastrofa spór znaczny oficjalny.,w konserwacji
95,9781432155315,8120,Zajmować Się następować zwykle biec,Mariusz Bartoszczyk,9,1,1977,Wydanie I,588,True,Wystawa prezent odzież wstyd. Być masa łatwy barwa środa usta kochać.,dostępny
96,9781865407234,22783,Włosy kwiecień most zespół budować,Albert Zarzeczna,5,1,1962,Wydanie I,347,True,Starożytny dobro rzeka plecy otwór patrzeć strój.,wypożyczony
97,9781256020141,68814,Północny sytuacja umysł zawierać,Apolonia Lorenz,8,2,1993,Wydanie I,445,True,Danie pomarańczowy aktor but.,wypożyczony
98,9781698428123,62392,Ulegać dyrektor koza gwałtowny,Kaja Kałwa,3,9,1992,Wydanie I,762,False,Miejscowość utwór mężczyzna wszelki chociaż narząd lód. Fakt zniszczyć hałas no mowa aktywny ślad.,wypożyczony
99,9780466343330,13080,Marka bić dolina pożar oglądać,Klara Ciarka,9,3,2024,Wydanie I,697,False,Transport wysyłać zmienić plecy chcieć wielkość. Tylko cienki powiat widzieć Austria.,wypożyczony
100,9780735005464,31736,Pogoda żyć przebywać ciemność pociąg,pani Klara Dziewit,4,2,1997,Wydanie I,442,False,Taki głośny wąski filmowy jeździć. Żywy osioł strefa wróg.,w konserwacji
101,9781024774184,66770,Czwartek ząb stać się królewski zegar,Cyprian Rudyk,1,4,2013,Wydanie I,118,False,Marzec zachowanie pełny w końcu. Nad czy ubogi zielony Niemcy biblioteka.,wypożyczony
102,9781024774184,18477,Czwartek ząb stać się królewski zegar,Cyprian Rudyk,1,6,2013,Wydanie I,118,True,Marzec zachowanie pełny w końcu. Nad czy ubogi zielony Niemcy biblioteka.,dostępny
103,9780362591026,51037,Trzeba oko,Janina Kołak,8,2,1976,Wydanie I,669,False,Krok świeży bar stary dół kolega. Dziura studia pas majuskuła.,wypożyczony
104,9781874227250,49787,Warstwa wina zwykły,Cyprian Kott,2,6,1994,Wydanie I,776,False,Płeć obowiązywać powinien zdolność. Rachunek siostra radio można wysyłać krzew rasa złożony.,w konserwacji
105,9780582900776,10981,Dźwięk istnienie,Ewelina Fras,10,9,2018,Wydanie I,336,True,Większość wystawa osiemdziesiąt wnętrze. Myśl dodać przykład Francja z.,wypożyczony
106,9781616142964,55453,Okazja chmura święto ziemia,pani Justyna Nowotny,10,7,1979,Wydanie I,784,False,Dowód otrzymać brzuch chodzić godzina port. Bułgarski 4 za pomocą pić właściwy szósty wy.,w konserwacji
107,9780690936506,60065,Pomysł 40 temat znany,Julita Drobot,9,9,2016,Wydanie I,505,False,Zwycięstwo biec uznawać powodować. Czapka doskonały jakby.,wypożyczony
108,9780362591026,49704,Trzeba oko,Janina Kołak,8,9,1976,Wydanie I,669,True,Krok świeży bar stary dół kolega. Dziura studia pas majuskuła.,wypożyczony
109,9780582900776,62512,Dźwięk istnienie,Ewelina Fras,10,6,2018,Wydanie I,336,False,Większość wystawa osiemdziesiąt wnętrze. Myśl dodać przykład Francja z.,w konserwacji
110,9781426248160,37185,Wiersz poniedziałek skała,pan Tobiasz Michnik,6,6,1953,Wydanie I,314,True,Świadczyć technika lista zmiana temat stworzyć. Swój posiłek drewniany dawny większość powstanie.,dostępny
111,9780523118734,10960,Skutek imię oraz elektryczny,pan Oliwier Stefankiewicz,7,4,2012,Wydanie I,139,False,Marzec wpaść pod. Obchodzić włożyć reguła kula miasto handlowy katastrofa wesoły.,w konserwacji
112,9780582900776,92975,Dźwięk istnienie,Ewelina Fras,10,7,2018,Wydanie I,336,True,Większość wystawa osiemdziesiąt wnętrze. Myśl dodać przykład Francja z.,w konserwacji
113,9781072287513,25180,Fabryka skończyć operacja dorosły,pani Anna Maria Fiołek,6,8,2020,Wydanie I,241,True,Kamień fala długo Czechy czysty.,wypożyczony
114,9780743425230,60374,Unia Europejska grupa narkotyk,pani Marika Kluczek,8,1,2017,Wydanie I,166,True,Stacja surowy dodać stacja pięć. Istnienie kłopot zajęcie mądry relacja okręt zając.,wypożyczony
115,9781698428123,68707,Ulegać dyrektor koza gwałtowny,Kaja Kałwa,3,3,1992,Wydanie I,762,True,Miejscowość utwór mężczyzna wszelki chociaż narząd lód. Fakt zniszczyć hałas no mowa aktywny ślad.,wypożyczony
116,9781345231809,84236,Chłop moneta dziesięć granica ochrona,Andrzej Stein,10,3,2004,Wydanie I,278,True,Lot strefa klucz robić Polak. Cecha ozdoba międzynarodowy fałszywy lód uciekać.,w konserwacji
117,9780735005464,20949,Pogoda żyć przebywać ciemność pociąg,pani Klara Dziewit,4,10,1997,Wydanie I,442,False,Taki głośny wąski filmowy jeździć. Żywy osioł strefa wróg.,dostępny
118,9780414399907,68587,Owca przepis leżeć Egipt,Piotr Przekwas,6,4,2008,Wydanie I,212,False,Własny oficjalny dobrze. Wysoki użycie słodki akcja. Nigdy zima bóg uwaga stanowić.,w konserwacji
119,9780027914276,41507,Powodować polityczny strona,Jędrzej Pielach,3,4,2013,Wydanie I,590,True,Gaz w końcu drzwi słońce las. Plac pewien leczenie.,w konserwacji
120,9780928916836,35037,Użytkownik posługiwać się rasa próba,Kornelia Kuczaj,6,3,1978,Wydanie I,466,False,Wobec słodki sport charakter. Jechać niebo temperatura bilet powiat kolega.,wypożyczony
121,9780768677201,89163,40 dzięki w formie zostać,Malwina Materek,9,1,1967,Wydanie I,355,True,Dyrektor w kształcie Ameryka władza.,dostępny
122,9780134362441,82316,Królowa kuchnia pod głowa,Adam Zbrożek,4,8,2000,Wydanie I,506,True,W Ciągu skutek łatwo czekolada zakończyć. Turecki nikt kurs ona miejscowość nadawać.,dostępny
123,9780094652866,50733,Używać specjalny międzynarodowy móc,Krystian Serwach,7,10,1967,Wydanie I,696,False,Współczesny biskup opinia futro. Ogromny zimno wiosna wino. Słońce specjalny państwo jednostka.,dostępny
124,9780380954667,16423,Użytkownik jeśli św. sprzęt,Krystian Piaścik,4,5,1981,Wydanie I,552,True,Jedenaście otwierać zwykły prawdziwy prędkość malować kolorowy. Tłumaczyć grać transport jednak.,dostępny
125,9780005513132,72759,60 ogród gwiazda,Julianna Żmija,2,4,1980,Wydanie I,626,False,Dodatkowy pływać czwartek studiować swój.,dostępny
126,9781759252018,74453,Węgiel kilometr czyn a własny,Jerzy Pabisiak,5,5,1997,Wydanie I,471,False,"Piasek kolor późny chleb.
Lud jeszcze góra tylko.",w konserwacji
127,9781024774184,76781,Czwartek ząb stać się królewski zegar,Cyprian Rudyk,1,6,2013,Wydanie I,118,False,Marzec zachowanie pełny w końcu. Nad czy ubogi zielony Niemcy biblioteka.,wypożyczony
128,9781345231809,68913,Chłop moneta dziesięć granica ochrona,Andrzej Stein,10,2,2004,Wydanie I,278,False,Lot strefa klucz robić Polak. Cecha ozdoba międzynarodowy fałszywy lód uciekać.,dostępny
129,9780928916836,7523,Użytkownik posługiwać się rasa próba,Kornelia Kuczaj,6,4,1978,Wydanie I,466,False,Wobec słodki sport charakter. Jechać niebo temperatura bilet powiat kolega.,w konserwacji
130,9780814943571,21901,Stado lud krew,Łukasz Radzewicz,4,6,1982,Wydanie I,347,False,Pierwiastek koszt wystawa lewy niezwykły wyspa. W Ciągu pieniądz krok wychodzić literatura wydać.,wypożyczony
131,9780094652866,19303,Używać specjalny międzynarodowy móc,Krystian Serwach,7,3,1967,Wydanie I,696,False,Współczesny biskup opinia futro. Ogromny zimno wiosna wino. Słońce specjalny państwo jednostka.,w konserwacji
132,9780466343330,25903,Marka bić dolina pożar oglądać,Klara Ciarka,9,7,2024,Wydanie I,697,False,Transport wysyłać zmienić plecy chcieć wielkość. Tylko cienki powiat widzieć Austria.,wypożyczony
133,9781718044685,72201,Pisarz prezydent dowód,Marianna Poleszak,2,9,1968,Wydanie I,561,False,Porządek srebro używać wycieczka zawód zniszczyć go.,wypożyczony
134,9780668657846,99495,Księga powstawać późno moralny dziecięcy,pani Julita Rajchel,10,9,1957,Wydanie I,511,True,Srebro mieszkanie prawny procent dobro chwila. Polityczny popularny dół istnienie dolina.,dostępny
135,9780735005464,50048,Pogoda żyć przebywać ciemność pociąg,pani Klara Dziewit,4,1,1997,Wydanie I,442,False,Taki głośny wąski filmowy jeździć. Żywy osioł strefa wróg.,dostępny
136,9780348977738,20542,Do dorosły,pani Ada Flisiak,7,1,1956,Wydanie I,782,True,Wakacje 100 siedemdziesiąt firma wtorek budowa. Reguła archipelag Szwecja ucho szkodliwy.,dostępny
137,9781256020141,30282,Północny sytuacja umysł zawierać,Apolonia Lorenz,8,8,1993,Wydanie I,445,True,Danie pomarańczowy aktor but.,dostępny
138,9780735005464,31449,Pogoda żyć przebywać ciemność pociąg,pani Klara Dziewit,4,9,1997,Wydanie I,442,True,Taki głośny wąski filmowy jeździć. Żywy osioł strefa wróg.,w konserwacji
139,9780743425230,79926,Unia Europejska grupa narkotyk,pani Marika Kluczek,8,9,2017,Wydanie I,166,True,Stacja surowy dodać stacja pięć. Istnienie kłopot zajęcie mądry relacja okręt zając.,dostępny
140,9781759252018,15606,Węgiel kilometr czyn a własny,Jerzy Pabisiak,5,7,1997,Wydanie I,471,True,"Piasek kolor późny chleb.
Lud jeszcze góra tylko.",w konserwacji
141,9781385509982,26912,Anglia silnik tylko swój około,Anastazja Larysz,2,8,1984,Wydanie I,739,True,Chwila pamięć szybko gdzie postać sąd. Państwowy Piotr postawa hałas plemię artystyczny.,dostępny
142,9781167966286,63310,Prawdziwy postępowanie okno,Anastazja Soczewka,8,6,1977,Wydanie I,314,True,Koncert bardzo potrafić suma morze. Dialekt podnosić pani rzeczownik model wieża tamten wóz.,dostępny
143,9781759252018,74862,Węgiel kilometr czyn a własny,Jerzy Pabisiak,5,7,1997,Wydanie I,471,False,"Piasek kolor późny chleb.
Lud jeszcze góra tylko.",wypożyczony
144,9780414399907,81249,Owca przepis leżeć Egipt,Piotr Przekwas,6,1,2008,Wydanie I,212,True,Własny oficjalny dobrze. Wysoki użycie słodki akcja. Nigdy zima bóg uwaga stanowić.,dostępny
145,9781865407234,67552,Włosy kwiecień most zespół budować,Albert Zarzeczna,5,5,1962,Wydanie I,347,False,Starożytny dobro rzeka plecy otwór patrzeć strój.,w konserwacji
146,9781345231809,5572,Chłop moneta dziesięć granica ochrona,Andrzej Stein,10,8,2004,Wydanie I,278,False,Lot strefa klucz robić Polak. Cecha ozdoba międzynarodowy fałszywy lód uciekać.,w konserwacji
147,9780005513132,51067,60 ogród gwiazda,Julianna Żmija,2,1,1980,Wydanie I,626,False,Dodatkowy pływać czwartek studiować swój.,wypożyczony
148,9780798423175,60207,Pić czerwony,Borys Getka,9,5,1958,Wydanie I,650,False,Słoneczny zachodni nocny. Pasek los także delikatny przychodzić.,w konserwacji
149,9780094652866,5054,Używać specjalny międzynarodowy móc,Krystian Serwach,7,7,1967,Wydanie I,696,True,Współczesny biskup opinia futro. Ogromny zimno wiosna wino. Słońce specjalny państwo jednostka.,w konserwacji
150,9781616142964,59193,Okazja chmura święto ziemia,pani Justyna Nowotny,10,1,1979,Wydanie I,784,False,Dowód otrzymać brzuch chodzić godzina port. Bułgarski 4 za pomocą pić właściwy szósty wy.,wypożyczony
151,9781865407234,68222,Włosy kwiecień most zespół budować,Albert Zarzeczna,5,3,1962,Wydanie I,347,False,Starożytny dobro rzeka plecy otwór patrzeć strój.,wypożyczony
152,9780768677201,87247,40 dzięki w formie zostać,Malwina Materek,9,6,1967,Wydanie I,355,False,Dyrektor w kształcie Ameryka władza.,w konserwacji
153,9781874227250,48520,Warstwa wina zwykły,Cyprian Kott,2,6,1994,Wydanie I,776,False,Płeć obowiązywać powinien zdolność. Rachunek siostra radio można wysyłać krzew rasa złożony.,wypożyczony
154,9780501265870,43494,Pająk istnieć robota trzeba poziom,Paweł Stanclik,7,9,1963,Wydanie I,572,False,Błąd zaś pewien rasa właściwość. Cel lewy księżyc figura produkcja.,wypożyczony
155,9780362591026,87329,Trzeba oko,Janina Kołak,8,7,1976,Wydanie I,669,True,Krok świeży bar stary dół kolega. Dziura studia pas majuskuła.,dostępny
156,9781134555819,82615,Oraz kilka,pan Wojciech Lenda,4,1,1981,Wydanie I,268,True,Metal lampa substancja mąż. Wiedzieć walczyć strefa pacjent nie ma piękny.,w konserwacji
157,9780005513132,42757,60 ogród gwiazda,Julianna Żmija,2,2,1980,Wydanie I,626,False,Dodatkowy pływać czwartek studiować swój.,w konserwacji
158,9781536822250,36858,Kula sztuczny włożyć Ameryka,Aleks Staśko,5,2,1960,Wydanie I,786,False,Gospodarka wywołać tam wszystek 7 wygrać słodki zysk. Ucho siedziba zmęczony właściwy obok.,wypożyczony
159,9780523118734,76243,Skutek imię oraz elektryczny,pan Oliwier Stefankiewicz,7,2,2012,Wydanie I,139,True,Marzec wpaść pod. Obchodzić włożyć reguła kula miasto handlowy katastrofa wesoły.,wypożyczony
160,9780362591026,71357,Trzeba oko,Janina Kołak,8,5,1976,Wydanie I,669,True,Krok świeży bar stary dół kolega. Dziura studia pas majuskuła.,wypożyczony
161,9781072287513,34948,Fabryka skończyć operacja dorosły,pani Anna Maria Fiołek,6,2,2020,Wydanie I,241,False,Kamień fala długo Czechy czysty.,w konserwacji
162,9781138492578,54612,Teoria obywatelka dzisiaj ziarno,Maciej Pyrkosz,9,1,1998,Wydanie I,487,False,Woda ostry wytwarzać katastrofa spór znaczny oficjalny.,dostępny
163,9781759252018,12315,Węgiel kilometr czyn a własny,Jerzy Pabisiak,5,9,1997,Wydanie I,471,False,"Piasek kolor późny chleb.
Lud jeszcze góra tylko.",w konserwacji
164,9780888596710,86715,Dokładnie te dorosły zgadzać się most,pan Igor Doruch,4,3,1950,Wydanie I,165,True,Park rynek zgodny francuski. Dziób trwać idea obowiązywać zbiór papier jakość.,w konserwacji
165,9781435262805,63256,Sześćdziesiąt więcej piętro ani po,Marianna Berus,5,2,1998,Wydanie I,285,False,Budowla przypadek alkohol strefa ciemny flaga słoneczny. Trzymać wiek autor król nic 3 chemiczny.,w konserwacji
166,9780523118734,3289,Skutek imię oraz elektryczny,pan Oliwier Stefankiewicz,7,1,2012,Wydanie I,139,False,Marzec wpaść pod. Obchodzić włożyć reguła kula miasto handlowy katastrofa wesoły.,wypożyczony
167,9780027914276,83431,Powodować polityczny strona,Jędrzej Pielach,3,2,2013,Wydanie I,590,False,Gaz w końcu drzwi słońce las. Plac pewien leczenie.,w konserwacji
168,9781134555819,29208,Oraz kilka,pan Wojciech Lenda,4,6,1981,Wydanie I,268,False,Metal lampa substancja mąż. Wiedzieć walczyć strefa pacjent nie ma piękny.,dostępny
169,9781167966286,84787,Prawdziwy postępowanie okno,Anastazja Soczewka,8,5,1977,Wydanie I,314,False,Koncert bardzo potrafić suma morze. Dialekt podnosić pani rzeczownik model wieża tamten wóz.,w konserwacji
170,9780814943571,97782,Stado lud krew,Łukasz Radzewicz,4,4,1982,Wydanie I,347,True,Pierwiastek koszt wystawa lewy niezwykły wyspa. W Ciągu pieniądz krok wychodzić literatura wydać.,wypożyczony
171,9781786430304,49823,- otwierać możliwy bawić się,Urszula Lejk,4,9,1971,Wydanie I,729,False,Wskazywać natychmiast spodnie stawać się za tradycyjny.,wypożyczony
172,9781134555819,92214,Oraz kilka,pan Wojciech Lenda,4,5,1981,Wydanie I,268,False,Metal lampa substancja mąż. Wiedzieć walczyć strefa pacjent nie ma piękny.,dostępny
173,9781426248160,18498,Wiersz poniedziałek skała,pan Tobiasz Michnik,6,8,1953,Wydanie I,314,True,Świadczyć technika lista zmiana temat stworzyć. Swój posiłek drewniany dawny większość powstanie.,w konserwacji
174,9780466343330,19943,Marka bić dolina pożar oglądać,Klara Ciarka,9,1,2024,Wydanie I,697,False,Transport wysyłać zmienić plecy chcieć wielkość. Tylko cienki powiat widzieć Austria.,w konserwacji
175,9781426248160,65183,Wiersz poniedziałek skała,pan Tobiasz Michnik,6,2,1953,Wydanie I,314,True,Świadczyć technika lista zmiana temat stworzyć. Swój posiłek drewniany dawny większość powstanie.,w konserwacji
176,9781072287513,50188,Fabryka skończyć operacja dorosły,pani Anna Maria Fiołek,6,2,2020,Wydanie I,241,True,Kamień fala długo Czechy czysty.,dostępny
177,9780582900776,39379,Dźwięk istnienie,Ewelina Fras,10,6,2018,Wydanie I,336,True,Większość wystawa osiemdziesiąt wnętrze. Myśl dodać przykład Francja z.,wypożyczony
178,9781718044685,27520,Pisarz prezydent dowód,Marianna Poleszak,2,7,1968,Wydanie I,561,False,Porządek srebro używać wycieczka zawód zniszczyć go.,wypożyczony
179,9780768677201,98983,40 dzięki w formie zostać,Malwina Materek,9,8,1967,Wydanie I,355,False,Dyrektor w kształcie Ameryka władza.,dostępny
180,9780523118734,95299,Skutek imię oraz elektryczny,pan Oliwier Stefankiewicz,7,6,2012,Wydanie I,139,False,Marzec wpaść pod. Obchodzić włożyć reguła kula miasto handlowy katastrofa wesoły.,wypożyczony
181,9781167966286,97655,Prawdziwy postępowanie okno,Anastazja Soczewka,8,7,1977,Wydanie I,314,False,Koncert bardzo potrafić suma morze. Dialekt podnosić pani rzeczownik model wieża tamten wóz.,wypożyczony
182,9780134362441,17456,Królowa kuchnia pod głowa,Adam Zbrożek,4,8,2000,Wydanie I,506,False,W Ciągu skutek łatwo czekolada zakończyć. Turecki nikt kurs ona miejscowość nadawać.,w konserwacji
183,9780501265870,65999,Pająk istnieć robota trzeba poziom,Paweł Stanclik,7,5,1963,Wydanie I,572,False,Błąd zaś pewien rasa właściwość. Cel lewy księżyc figura produkcja.,dostępny
184,9780501265870,80613,Pająk istnieć robota trzeba poziom,Paweł Stanclik,7,9,1963,Wydanie I,572,False,Błąd zaś pewien rasa właściwość. Cel lewy księżyc figura produkcja.,wypożyczony
185,9780582900776,15403,Dźwięk istnienie,Ewelina Fras,10,6,2018,Wydanie I,336,True,Większość wystawa osiemdziesiąt wnętrze. Myśl dodać przykład Francja z.,wypożyczony
186,9780768677201,35212,40 dzięki w formie zostać,Malwina Materek,9,1,1967,Wydanie I,355,True,Dyrektor w kształcie Ameryka władza.,dostępny
187,9780005513132,91501,60 ogród gwiazda,Julianna Żmija,2,2,1980,Wydanie I,626,True,Dodatkowy pływać czwartek studiować swój.,wypożyczony
188,9781545385265,70776,Cecha zakończenie pomarańczowy wreszcie ten,pan Marek Hermanowicz,3,2,1981,Wydanie I,155,True,Aż żart powstawać długość ona w typ. Piosenka Niemiec Holandia.,dostępny
189,9781536822250,99659,Kula sztuczny włożyć Ameryka,Aleks Staśko,5,4,1960,Wydanie I,786,False,Gospodarka wywołać tam wszystek 7 wygrać słodki zysk. Ucho siedziba zmęczony właściwy obok.,w konserwacji
190,9781865407234,12277,Włosy kwiecień most zespół budować,Albert Zarzeczna,5,8,1962,Wydanie I,347,True,Starożytny dobro rzeka plecy otwór patrzeć strój.,wypożyczony
191,9780543464620,49491,Cierpieć jakość czekolada,Tymon Myk,3,8,1983,Wydanie I,353,True,Kolano bogini polityka szósty obwód. Według lato konstrukcja bogini naczynie.,dostępny
192,9781167966286,31587,Prawdziwy postępowanie okno,Anastazja Soczewka,8,1,1977,Wydanie I,314,False,Koncert bardzo potrafić suma morze. Dialekt podnosić pani rzeczownik model wieża tamten wóz.,w konserwacji
193,9780735005464,23363,Pogoda żyć przebywać ciemność pociąg,pani Klara Dziewit,4,1,1997,Wydanie I,442,True,Taki głośny wąski filmowy jeździć. Żywy osioł strefa wróg.,wypożyczony
194,9781545385265,42120,Cecha zakończenie pomarańczowy wreszcie ten,pan Marek Hermanowicz,3,2,1981,Wydanie I,155,False,Aż żart powstawać długość ona w typ. Piosenka Niemiec Holandia.,wypożyczony
195,9781426248160,15104,Wiersz poniedziałek skała,pan Tobiasz Michnik,6,4,1953,Wydanie I,314,False,Świadczyć technika lista zmiana temat stworzyć. Swój posiłek drewniany dawny większość powstanie.,w konserwacji
196,9780362591026,99210,Trzeba oko,Janina Kołak,8,7,1976,Wydanie I,669,False,Krok świeży bar stary dół kolega. Dziura studia pas majuskuła.,wypożyczony
197,9781545385265,11765,Cecha zakończenie pomarańczowy wreszcie ten,pan Marek Hermanowicz,3,5,1981,Wydanie I,155,True,Aż żart powstawać długość ona w typ. Piosenka Niemiec Holandia.,dostępny
198,9781385509982,30763,Anglia silnik tylko swój około,Anastazja Larysz,2,5,1984,Wydanie I,739,True,Chwila pamięć szybko gdzie postać sąd. Państwowy Piotr postawa hałas plemię artystyczny.,dostępny
199,9781865407234,6477,Włosy kwiecień most zespół budować,Albert Zarzeczna,5,7,1962,Wydanie I,347,False,Starożytny dobro rzeka plecy otwór patrzeć strój.,wypożyczony
200,9781138492578,58001,Teoria obywatelka dzisiaj ziarno,Maciej Pyrkosz,9,5,1998,Wydanie I,487,False,Woda ostry wytwarzać katastrofa spór znaczny oficjalny.,wypożyczony
201,9781134555819,45520,Oraz kilka,pan Wojciech Lenda,4,10,1981,Wydanie I,268,False,Metal lampa substancja mąż. Wiedzieć walczyć strefa pacjent nie ma piękny.,dostępny
202,9781616142964,61329,Okazja chmura święto ziemia,pani Justyna Nowotny,10,5,1979,Wydanie I,784,False,Dowód otrzymać brzuch chodzić godzina port. Bułgarski 4 za pomocą pić właściwy szósty wy.,wypożyczony
203,9780414399907,8557,Owca przepis leżeć Egipt,Piotr Przekwas,6,7,2008,Wydanie I,212,False,Własny oficjalny dobrze. Wysoki użycie słodki akcja. Nigdy zima bóg uwaga stanowić.,wypożyczony
204,9781435262805,53017,Sześćdziesiąt więcej piętro ani po,Marianna Berus,5,9,1998,Wydanie I,285,True,Budowla przypadek alkohol strefa ciemny flaga słoneczny. Trzymać wiek autor król nic 3 chemiczny.,dostępny
205,9780543464620,51822,Cierpieć jakość czekolada,Tymon Myk,3,1,1983,Wydanie I,353,True,Kolano bogini polityka szósty obwód. Według lato konstrukcja bogini naczynie.,dostępny
206,9780888596710,63713,Dokładnie te dorosły zgadzać się most,pan Igor Doruch,4,6,1950,Wydanie I,165,True,Park rynek zgodny francuski. Dziób trwać idea obowiązywać zbiór papier jakość.,w konserwacji
207,9781072287513,45577,Fabryka skończyć operacja dorosły,pani Anna Maria Fiołek,6,5,2020,Wydanie I,241,False,Kamień fala długo Czechy czysty.,wypożyczony
208,9780134362441,59812,Królowa kuchnia pod głowa,Adam Zbrożek,4,6,2000,Wydanie I,506,True,W Ciągu skutek łatwo czekolada zakończyć. Turecki nikt kurs ona miejscowość nadawać.,wypożyczony
209,9781345231809,81877,Chłop moneta dziesięć granica ochrona,Andrzej Stein,10,2,2004,Wydanie I,278,True,Lot strefa klucz robić Polak. Cecha ozdoba międzynarodowy fałszywy lód uciekać.,w konserwacji
210,9780501265870,79063,Pająk istnieć robota trzeba poziom,Paweł Stanclik,7,4,1963,Wydanie I,572,True,Błąd zaś pewien rasa właściwość. Cel lewy księżyc figura produkcja.,dostępny
211,9780134362441,31137,Królowa kuchnia pod głowa,Adam Zbrożek,4,7,2000,Wydanie I,506,False,W Ciągu skutek łatwo czekolada zakończyć. Turecki nikt kurs ona miejscowość nadawać.,dostępny
212,9780743425230,75438,Unia Europejska grupa narkotyk,pani Marika Kluczek,8,9,2017,Wydanie I,166,False,Stacja surowy dodać stacja pięć. Istnienie kłopot zajęcie mądry relacja okręt zając.,w konserwacji
213,9780690936506,84177,Pomysł 40 temat znany,Julita Drobot,9,6,2016,Wydanie I,505,False,Zwycięstwo biec uznawać powodować. Czapka doskonały jakby.,dostępny
214,9781874227250,7521,Warstwa wina zwykły,Cyprian Kott,2,6,1994,Wydanie I,776,True,Płeć obowiązywać powinien zdolność. Rachunek siostra radio można wysyłać krzew rasa złożony.,wypożyczony
215,9780393892420,93225,Przyrząd zapalenie,pan Konrad Wojtak,1,1,1973,Wydanie I,547,False,Skłonność szkło rozwój nieść skała jednocześnie. Lato słyszeć podczas morski wóz spadać atak.,wypożyczony
216,9781865407234,37172,Włosy kwiecień most zespół budować,Albert Zarzeczna,5,6,1962,Wydanie I,347,False,Starożytny dobro rzeka plecy otwór patrzeć strój.,dostępny
217,9780348977738,76721,Do dorosły,pani Ada Flisiak,7,5,1956,Wydanie I,782,True,Wakacje 100 siedemdziesiąt firma wtorek budowa. Reguła archipelag Szwecja ucho szkodliwy.,w konserwacji
218,9781138492578,34328,Teoria obywatelka dzisiaj ziarno,Maciej Pyrkosz,9,2,1998,Wydanie I,487,False,Woda ostry wytwarzać katastrofa spór znaczny oficjalny.,dostępny
219,9781072287513,92959,Fabryka skończyć operacja dorosły,pani Anna Maria Fiołek,6,9,2020,Wydanie I,241,False,Kamień fala długo Czechy czysty.,w konserwacji
220,9780888596710,85604,Dokładnie te dorosły zgadzać się most,pan Igor Doruch,4,4,1950,Wydanie I,165,True,Park rynek zgodny francuski. Dziób trwać idea obowiązywać zbiór papier jakość.,w konserwacji
221,9781865407234,95105,Włosy kwiecień most zespół budować,Albert Zarzeczna,5,8,1962,Wydanie I,347,True,Starożytny dobro rzeka plecy otwór patrzeć strój.,w konserwacji
222,9780768677201,85640,40 dzięki w formie zostać,Malwina Materek,9,1,1967,Wydanie I,355,True,Dyrektor w kształcie Ameryka władza.,w konserwacji
223,9780768677201,56834,40 dzięki w formie zostać,Malwina Materek,9,8,1967,Wydanie I,355,True,Dyrektor w kształcie Ameryka władza.,wypożyczony
224,9781138492578,58964,Teoria obywatelka dzisiaj ziarno,Maciej Pyrkosz,9,2,1998,Wydanie I,487,False,Woda ostry wytwarzać katastrofa spór znaczny oficjalny.,w konserwacji
225,9780094652866,74527,Używać specjalny międzynarodowy móc,Krystian Serwach,7,9,1967,Wydanie I,696,False,Współczesny biskup opinia futro. Ogromny zimno wiosna wino. Słońce specjalny państwo jednostka.,wypożyczony
226,9781536822250,33244,Kula sztuczny włożyć Ameryka,Aleks Staśko,5,7,1960,Wydanie I,786,True,Gospodarka wywołać tam wszystek 7 wygrać słodki zysk. Ucho siedziba zmęczony właściwy obok.,w konserwacji
227,9780798423175,36479,Pić czerwony,Borys Getka,9,2,1958,Wydanie I,650,False,Słoneczny zachodni nocny. Pasek los także delikatny przychodzić.,dostępny
228,9780501265870,9868,Pająk istnieć robota trzeba poziom,Paweł Stanclik,7,1,1963,Wydanie I,572,False,Błąd zaś pewien rasa właściwość. Cel lewy księżyc figura produkcja.,wypożyczony
229,9781134555819,2814,Oraz kilka,pan Wojciech Lenda,4,2,1981,Wydanie I,268,True,Metal lampa substancja mąż. Wiedzieć walczyć strefa pacjent nie ma piękny.,w konserwacji
230,9781773311876,24002,Córka dźwięk jeść,pani Sonia Kościesza,4,7,1950,Wydanie I,797,True,Móc wspomnienie gdzieś uciec grzech. Metal rezultat wewnątrz liść rynek zmieniać brzuch.,w konserwacji
231,9781698428123,36253,Ulegać dyrektor koza gwałtowny,Kaja Kałwa,3,10,1992,Wydanie I,762,False,Miejscowość utwór mężczyzna wszelki chociaż narząd lód. Fakt zniszczyć hałas no mowa aktywny ślad.,dostępny
232,9780428279417,43177,Wśród wy 80,Igor Ciaś,6,9,2000,Wydanie I,796,True,Pani sygnał pani ramię. Świecić dodać mama broń pojęcie zwykły.,wypożyczony
233,9781773311876,19237,Córka dźwięk jeść,pani Sonia Kościesza,4,6,1950,Wydanie I,797,False,Móc wspomnienie gdzieś uciec grzech. Metal rezultat wewnątrz liść rynek zmieniać brzuch.,dostępny
234,9780134362441,39006,Królowa kuchnia pod głowa,Adam Zbrożek,4,3,2000,Wydanie I,506,False,W Ciągu skutek łatwo czekolada zakończyć. Turecki nikt kurs ona miejscowość nadawać.,dostępny
235,9781024774184,28887,Czwartek ząb stać się królewski zegar,Cyprian Rudyk,1,10,2013,Wydanie I,118,True,Marzec zachowanie pełny w końcu. Nad czy ubogi zielony Niemcy biblioteka.,dostępny
236,9781536822250,79504,Kula sztuczny włożyć Ameryka,Aleks Staśko,5,9,1960,Wydanie I,786,False,Gospodarka wywołać tam wszystek 7 wygrać słodki zysk. Ucho siedziba zmęczony właściwy obok.,w konserwacji
237,9780690936506,73578,Pomysł 40 temat znany,Julita Drobot,9,1,2016,Wydanie I,505,False,Zwycięstwo biec uznawać powodować. Czapka doskonały jakby.,w konserwacji
238,9781536822250,6725,Kula sztuczny włożyć Ameryka,Aleks Staśko,5,7,1960,Wydanie I,786,False,Gospodarka wywołać tam wszystek 7 wygrać słodki zysk. Ucho siedziba zmęczony właściwy obok.,dostępny
239,9780362591026,2267,Trzeba oko,Janina Kołak,8,4,1976,Wydanie I,669,False,Krok świeży bar stary dół kolega. Dziura studia pas majuskuła.,w konserwacji
240,9780690936506,85567,Pomysł 40 temat znany,Julita Drobot,9,9,2016,Wydanie I,505,True,Zwycięstwo biec uznawać powodować. Czapka doskonały jakby.,dostępny
241,9780362591026,37828,Trzeba oko,Janina Kołak,8,8,1976,Wydanie I,669,True,Krok świeży bar stary dół kolega. Dziura studia pas majuskuła.,wypożyczony
242,9780768677201,34230,40 dzięki w formie zostać,Malwina Materek,9,6,1967,Wydanie I,355,False,Dyrektor w kształcie Ameryka władza.,w konserwacji
243,9781759252018,22228,Węgiel kilometr czyn a własny,Jerzy Pabisiak,5,10,1997,Wydanie I,471,True,"Piasek kolor późny chleb.
Lud jeszcze góra tylko.",wypożyczony
244,9780362591026,3835,Trzeba oko,Janina Kołak,8,8,1976,Wydanie I,669,True,Krok świeży bar stary dół kolega. Dziura studia pas majuskuła.,dostępny
245,9781072287513,13442,Fabryka skończyć operacja dorosły,pani Anna Maria Fiołek,6,1,2020,Wydanie I,241,False,Kamień fala długo Czechy czysty.,w konserwacji
246,9780501265870,44659,Pająk istnieć robota trzeba poziom,Paweł Stanclik,7,7,1963,Wydanie I,572,True,Błąd zaś pewien rasa właściwość. Cel lewy księżyc figura produkcja.,dostępny
247,9781718044685,6997,Pisarz prezydent dowód,Marianna Poleszak,2,3,1968,Wydanie I,561,False,Porządek srebro używać wycieczka zawód zniszczyć go.,dostępny
248,9780690936506,21709,Pomysł 40 temat znany,Julita Drobot,9,1,2016,Wydanie I,505,True,Zwycięstwo biec uznawać powodować. Czapka doskonały jakby.,w konserwacji
249,9781256020141,30615,Północny sytuacja umysł zawierać,Apolonia Lorenz,8,3,1993,Wydanie I,445,False,Danie pomarańczowy aktor but.,w konserwacji
250,9780798423175,33380,Pić czerwony,Borys Getka,9,10,1958,Wydanie I,650,False,Słoneczny zachodni nocny. Pasek los także delikatny przychodzić.,dostępny
251,9780428279417,5567,Wśród wy 80,Igor Ciaś,6,4,2000,Wydanie I,796,True,Pani sygnał pani ramię. Świecić dodać mama broń pojęcie zwykły.,wypożyczony
252,9781134555819,39374,Oraz kilka,pan Wojciech Lenda,4,1,1981,Wydanie I,268,False,Metal lampa substancja mąż. Wiedzieć walczyć strefa pacjent nie ma piękny.,dostępny
253,9780888596710,30469,Dokładnie te dorosły zgadzać się most,pan Igor Doruch,4,8,1950,Wydanie I,165,False,Park rynek zgodny francuski. Dziób trwać idea obowiązywać zbiór papier jakość.,wypożyczony
254,9781256020141,72258,Północny sytuacja umysł zawierać,Apolonia Lorenz,8,2,1993,Wydanie I,445,False,Danie pomarańczowy aktor but.,dostępny
255,9780280858225,49540,Natychmiast zbyt trawa atak,Antoni Warzybok,5,10,1951,Wydanie I,164,True,Żydowski anioł powstawać sędzia pragnąć. Dzień los wspaniały chcieć.,wypożyczony
256,9780348977738,34102,Do dorosły,pani Ada Flisiak,7,9,1956,Wydanie I,782,True,Wakacje 100 siedemdziesiąt firma wtorek budowa. Reguła archipelag Szwecja ucho szkodliwy.,w konserwacji
257,9780814943571,99722,Stado lud krew,Łukasz Radzewicz,4,3,1982,Wydanie I,347,True,Pierwiastek koszt wystawa lewy niezwykły wyspa. W Ciągu pieniądz krok wychodzić literatura wydać.,dostępny
258,9780768677201,21468,40 dzięki w formie zostać,Malwina Materek,9,2,1967,Wydanie I,355,True,Dyrektor w kształcie Ameryka władza.,w konserwacji
259,9780814943571,78622,Stado lud krew,Łukasz Radzewicz,4,5,1982,Wydanie I,347,True,Pierwiastek koszt wystawa lewy niezwykły wyspa. W Ciągu pieniądz krok wychodzić literatura wydać.,wypożyczony
260,9780543464620,76016,Cierpieć jakość czekolada,Tymon Myk,3,6,1983,Wydanie I,353,True,Kolano bogini polityka szósty obwód. Według lato konstrukcja bogini naczynie.,wypożyczony
261,9781256020141,38727,Północny sytuacja umysł zawierać,Apolonia Lorenz,8,6,1993,Wydanie I,445,True,Danie pomarańczowy aktor but.,dostępny
262,9780768677201,16845,40 dzięki w formie zostać,Malwina Materek,9,10,1967,Wydanie I,355,False,Dyrektor w kształcie Ameryka władza.,w konserwacji
263,9781017268270,97884,Odwaga dziać się taki,pan Borys Kobak,1,4,1954,Wydanie I,171,True,Płyn Chiny staw nagle. Egipt strumień azjatycki różny wolny stać. Kapelusz umysł budynek wojna.,wypożyczony
264,9781426248160,59043,Wiersz poniedziałek skała,pan Tobiasz Michnik,6,3,1953,Wydanie I,314,True,Świadczyć technika lista zmiana temat stworzyć. Swój posiłek drewniany dawny większość powstanie.,w konserwacji
265,9781874227250,53048,Warstwa wina zwykły,Cyprian Kott,2,8,1994,Wydanie I,776,False,Płeć obowiązywać powinien zdolność. Rachunek siostra radio można wysyłać krzew rasa złożony.,dostępny
266,9780625136742,59939,Trochę miód umieszczać siostra,pani Agnieszka Kazubek,3,1,1968,Wydanie I,755,True,Dno japoński sprzedaż ziarno naukowy tłumaczyć. Słyszeć łatwo język zbudować późny późno.,dostępny
267,9781698428123,8555,Ulegać dyrektor koza gwałtowny,Kaja Kałwa,3,9,1992,Wydanie I,762,False,Miejscowość utwór mężczyzna wszelki chociaż narząd lód. Fakt zniszczyć hałas no mowa aktywny ślad.,w konserwacji
268,9781167966286,32449,Prawdziwy postępowanie okno,Anastazja Soczewka,8,9,1977,Wydanie I,314,True,Koncert bardzo potrafić suma morze. Dialekt podnosić pani rzeczownik model wieża tamten wóz.,dostępny
269,9781536822250,78435,Kula sztuczny włożyć Ameryka,Aleks Staśko,5,8,1960,Wydanie I,786,False,Gospodarka wywołać tam wszystek 7 wygrać słodki zysk. Ucho siedziba zmęczony właściwy obok.,dostępny
270,9781256020141,18475,Północny sytuacja umysł zawierać,Apolonia Lorenz,8,4,1993,Wydanie I,445,True,Danie pomarańczowy aktor but.,wypożyczony
271,9780814943571,67819,Stado lud krew,Łukasz Radzewicz,4,5,1982,Wydanie I,347,True,Pierwiastek koszt wystawa lewy niezwykły wyspa. W Ciągu pieniądz krok wychodzić literatura wydać.,w konserwacji
272,9780625136742,24034,Trochę miód umieszczać siostra,pani Agnieszka Kazubek,3,2,1968,Wydanie I,755,True,Dno japoński sprzedaż ziarno naukowy tłumaczyć. Słyszeć łatwo język zbudować późny późno.,dostępny
273,9781138492578,11648,Teoria obywatelka dzisiaj ziarno,Maciej Pyrkosz,9,2,1998,Wydanie I,487,False,Woda ostry wytwarzać katastrofa spór znaczny oficjalny.,dostępny
274,9781865407234,22755,Włosy kwiecień most zespół budować,Albert Zarzeczna,5,9,1962,Wydanie I,347,False,Starożytny dobro rzeka plecy otwór patrzeć strój.,dostępny
275,9781256020141,81737,Północny sytuacja umysł zawierać,Apolonia Lorenz,8,8,1993,Wydanie I,445,False,Danie pomarańczowy aktor but.,dostępny
276,9780690936506,94136,Pomysł 40 temat znany,Julita Drobot,9,1,2016,Wydanie I,505,True,Zwycięstwo biec uznawać powodować. Czapka doskonały jakby.,dostępny
277,9781167966286,49635,Prawdziwy postępowanie okno,Anastazja Soczewka,8,6,1977,Wydanie I,314,False,Koncert bardzo potrafić suma morze. Dialekt podnosić pani rzeczownik model wieża tamten wóz.,w konserwacji
278,9780094652866,21833,Używać specjalny międzynarodowy móc,Krystian Serwach,7,3,1967,Wydanie I,696,True,Współczesny biskup opinia futro. Ogromny zimno wiosna wino. Słońce specjalny państwo jednostka.,wypożyczony
279,9781874227250,42325,Warstwa wina zwykły,Cyprian Kott,2,4,1994,Wydanie I,776,True,Płeć obowiązywać powinien zdolność. Rachunek siostra radio można wysyłać krzew rasa złożony.,w konserwacji
280,9781017268270,53999,Odwaga dziać się taki,pan Borys Kobak,1,6,1954,Wydanie I,171,True,Płyn Chiny staw nagle. Egipt strumień azjatycki różny wolny stać. Kapelusz umysł budynek wojna.,wypożyczony
281,9781786430304,68893,- otwierać możliwy bawić się,Urszula Lejk,4,9,1971,Wydanie I,729,True,Wskazywać natychmiast spodnie stawać się za tradycyjny.,w konserwacji
282,9781296362881,39969,Góra szacunek rzeczownik kosz pomieszczenie,Urszula Wyroślak,2,5,1970,Wydanie I,197,False,Ryzyko wschód ćwiczenie radiowy tor. Chrystus cukier banknot stworzyć góra.,dostępny
283,9780414399907,8621,Owca przepis leżeć Egipt,Piotr Przekwas,6,4,2008,Wydanie I,212,False,Własny oficjalny dobrze. Wysoki użycie słodki akcja. Nigdy zima bóg uwaga stanowić.,wypożyczony
284,9780466343330,43566,Marka bić dolina pożar oglądać,Klara Ciarka,9,9,2024,Wydanie I,697,True,Transport wysyłać zmienić plecy chcieć wielkość. Tylko cienki powiat widzieć Austria.,wypożyczony
285,9780005513132,5398,60 ogród gwiazda,Julianna Żmija,2,1,1980,Wydanie I,626,True,Dodatkowy pływać czwartek studiować swój.,w konserwacji
286,9781773311876,15273,Córka dźwięk jeść,pani Sonia Kościesza,4,7,1950,Wydanie I,797,False,Móc wspomnienie gdzieś uciec grzech. Metal rezultat wewnątrz liść rynek zmieniać brzuch.,w konserwacji
287,9781426248160,76947,Wiersz poniedziałek skała,pan Tobiasz Michnik,6,3,1953,Wydanie I,314,True,Świadczyć technika lista zmiana temat stworzyć. Swój posiłek drewniany dawny większość powstanie.,w konserwacji
288,9781138492578,44707,Teoria obywatelka dzisiaj ziarno,Maciej Pyrkosz,9,6,1998,Wydanie I,487,False,Woda ostry wytwarzać katastrofa spór znaczny oficjalny.,dostępny
289,9781256020141,62614,Północny sytuacja umysł zawierać,Apolonia Lorenz,8,4,1993,Wydanie I,445,False,Danie pomarańczowy aktor but.,w konserwacji
290,9781017268270,2043,Odwaga dziać się taki,pan Borys Kobak,1,8,1954,Wydanie I,171,False,Płyn Chiny staw nagle. Egipt strumień azjatycki różny wolny stać. Kapelusz umysł budynek wojna.,wypożyczony
291,9781256020141,9262,Północny sytuacja umysł zawierać,Apolonia Lorenz,8,3,1993,Wydanie I,445,True,Danie pomarańczowy aktor but.,wypożyczony
292,9781385509982,75512,Anglia silnik tylko swój około,Anastazja Larysz,2,3,1984,Wydanie I,739,False,Chwila pamięć szybko gdzie postać sąd. Państwowy Piotr postawa hałas plemię artystyczny.,w konserwacji
293,9781024774184,12922,Czwartek ząb stać się królewski zegar,Cyprian Rudyk,1,9,2013,Wydanie I,118,False,Marzec zachowanie pełny w końcu. Nad czy ubogi zielony Niemcy biblioteka.,w konserwacji
294,9781345231809,56035,Chłop moneta dziesięć granica ochrona,Andrzej Stein,10,2,2004,Wydanie I,278,False,Lot strefa klucz robić Polak. Cecha ozdoba międzynarodowy fałszywy lód uciekać.,w konserwacji
295,9781337968874,53912,Zasada flaga coś ze,Angelika Trzyna,10,3,1980,Wydanie I,217,False,Lista kosztować ogon śpiewać. Ryba dać przyczyna.,dostępny
296,9780380954667,68252,Użytkownik jeśli św. sprzęt,Krystian Piaścik,4,2,1981,Wydanie I,552,False,Jedenaście otwierać zwykły prawdziwy prędkość malować kolorowy. Tłumaczyć grać transport jednak.,dostępny
297,9780814943571,51344,Stado lud krew,Łukasz Radzewicz,4,8,1982,Wydanie I,347,False,Pierwiastek koszt wystawa lewy niezwykły wyspa. W Ciągu pieniądz krok wychodzić literatura wydać.,wypożyczony
298,9780362591026,61222,Trzeba oko,Janina Kołak,8,6,1976,Wydanie I,669,True,Krok świeży bar stary dół kolega. Dziura studia pas majuskuła.,wypożyczony
299,9780501265870,31658,Pająk istnieć robota trzeba poziom,Paweł Stanclik,7,4,1963,Wydanie I,572,True,Błąd zaś pewien rasa właściwość. Cel lewy księżyc figura produkcja.,dostępny
300,9780428279417,42856,Wśród wy 80,Igor Ciaś,6,4,2000,Wydanie I,796,False,Pani sygnał pani ramię. Świecić dodać mama broń pojęcie zwykły.,dostępny
301,9781072287513,48028,Fabryka skończyć operacja dorosły,pani Anna Maria Fiołek,6,7,2020,Wydanie I,241,False,Kamień fala długo Czechy czysty.,wypożyczony
302,9781698428123,99197,Ulegać dyrektor koza gwałtowny,Kaja Kałwa,3,9,1992,Wydanie I,762,False,Miejscowość utwór mężczyzna wszelki chociaż narząd lód. Fakt zniszczyć hałas no mowa aktywny ślad.,w konserwacji
303,9780743425230,80129,Unia Europejska grupa narkotyk,pani Marika Kluczek,8,4,2017,Wydanie I,166,True,Stacja surowy dodać stacja pięć. Istnienie kłopot zajęcie mądry relacja okręt zając.,dostępny
304,9780094652866,75786,Używać specjalny międzynarodowy móc,Krystian Serwach,7,8,1967,Wydanie I,696,True,Współczesny biskup opinia futro. Ogromny zimno wiosna wino. Słońce specjalny państwo jednostka.,w konserwacji
305,9780348977738,20840,Do dorosły,pani Ada Flisiak,7,5,1956,Wydanie I,782,False,Wakacje 100 siedemdziesiąt firma wtorek budowa. Reguła archipelag Szwecja ucho szkodliwy.,w konserwacji
306,9781773311876,41826,Córka dźwięk jeść,pani Sonia Kościesza,4,2,1950,Wydanie I,797,True,Móc wspomnienie gdzieś uciec grzech. Metal rezultat wewnątrz liść rynek zmieniać brzuch.,dostępny
307,9781718044685,66619,Pisarz prezydent dowód,Marianna Poleszak,2,10,1968,Wydanie I,561,False,Porządek srebro używać wycieczka zawód zniszczyć go.,w konserwacji
308,9781017268270,16464,Odwaga dziać się taki,pan Borys Kobak,1,9,1954,Wydanie I,171,False,Płyn Chiny staw nagle. Egipt strumień azjatycki różny wolny stać. Kapelusz umysł budynek wojna.,w konserwacji
309,9780814943571,36340,Stado lud krew,Łukasz Radzewicz,4,9,1982,Wydanie I,347,True,Pierwiastek koszt wystawa lewy niezwykły wyspa. W Ciągu pieniądz krok wychodzić literatura wydać.,w konserwacji
310,9780348977738,83124,Do dorosły,pani Ada Flisiak,7,6,1956,Wydanie I,782,True,Wakacje 100 siedemdziesiąt firma wtorek budowa. Reguła archipelag Szwecja ucho szkodliwy.,w konserwacji
311,9780027914276,7214,Powodować polityczny strona,Jędrzej Pielach,3,9,2013,Wydanie I,590,False,Gaz w końcu drzwi słońce las. Plac pewien leczenie.,w konserwacji
312,9780625136742,37555,Trochę miód umieszczać siostra,pani Agnieszka Kazubek,3,2,1968,Wydanie I,755,True,Dno japoński sprzedaż ziarno naukowy tłumaczyć. Słyszeć łatwo język zbudować późny późno.,wypożyczony
313,9781426248160,56461,Wiersz poniedziałek skała,pan Tobiasz Michnik,6,6,1953,Wydanie I,314,True,Świadczyć technika lista zmiana temat stworzyć. Swój posiłek drewniany dawny większość powstanie.,dostępny
314,9780523118734,59586,Skutek imię oraz elektryczny,pan Oliwier Stefankiewicz,7,5,2012,Wydanie I,139,False,Marzec wpaść pod. Obchodzić włożyć reguła kula miasto handlowy katastrofa wesoły.,w konserwacji
315,9780743425230,40850,Unia Europejska grupa narkotyk,pani Marika Kluczek,8,8,2017,Wydanie I,166,False,Stacja surowy dodać stacja pięć. Istnienie kłopot zajęcie mądry relacja okręt zając.,wypożyczony
316,9780768677201,89627,40 dzięki w formie zostać,Malwina Materek,9,2,1967,Wydanie I,355,True,Dyrektor w kształcie Ameryka władza.,dostępny
317,9781759252018,83885,Węgiel kilometr czyn a własny,Jerzy Pabisiak,5,2,1997,Wydanie I,471,True,"Piasek kolor późny chleb.
Lud jeszcze góra tylko.",dostępny
318,9780668657846,12296,Księga powstawać późno moralny dziecięcy,pani Julita Rajchel,10,5,1957,Wydanie I,511,True,Srebro mieszkanie prawny procent dobro chwila. Polityczny popularny dół istnienie dolina.,wypożyczony
319,9781256020141,53158,Północny sytuacja umysł zawierać,Apolonia Lorenz,8,2,1993,Wydanie I,445,False,Danie pomarańczowy aktor but.,dostępny
320,9780393892420,15585,Przyrząd zapalenie,pan Konrad Wojtak,1,7,1973,Wydanie I,547,False,Skłonność szkło rozwój nieść skała jednocześnie. Lato słyszeć podczas morski wóz spadać atak.,dostępny
321,9781773311876,92294,Córka dźwięk jeść,pani Sonia Kościesza,4,4,1950,Wydanie I,797,True,Móc wspomnienie gdzieś uciec grzech. Metal rezultat wewnątrz liść rynek zmieniać brzuch.,dostępny
322,9781138492578,80435,Teoria obywatelka dzisiaj ziarno,Maciej Pyrkosz,9,2,1998,Wydanie I,487,True,Woda ostry wytwarzać katastrofa spór znaczny oficjalny.,wypożyczony
323,9780523118734,74022,Skutek imię oraz elektryczny,pan Oliwier Stefankiewicz,7,4,2012,Wydanie I,139,False,Marzec wpaść pod. Obchodzić włożyć reguła kula miasto handlowy katastrofa wesoły.,dostępny
324,9780348977738,16149,Do dorosły,pani Ada Flisiak,7,3,1956,Wydanie I,782,False,Wakacje 100 siedemdziesiąt firma wtorek budowa. Reguła archipelag Szwecja ucho szkodliwy.,w konserwacji
325,9781759252018,29640,Węgiel kilometr czyn a własny,Jerzy Pabisiak,5,4,1997,Wydanie I,471,False,"Piasek kolor późny chleb.
Lud jeszcze góra tylko.",wypożyczony
326,9781874227250,39625,Warstwa wina zwykły,Cyprian Kott,2,1,1994,Wydanie I,776,True,Płeć obowiązywać powinien zdolność. Rachunek siostra radio można wysyłać krzew rasa złożony.,w konserwacji
327,9781337968874,73719,Zasada flaga coś ze,Angelika Trzyna,10,6,1980,Wydanie I,217,True,Lista kosztować ogon śpiewać. Ryba dać przyczyna.,dostępny
328,9781345231809,55442,Chłop moneta dziesięć granica ochrona,Andrzej Stein,10,1,2004,Wydanie I,278,False,Lot strefa klucz robić Polak. Cecha ozdoba międzynarodowy fałszywy lód uciekać.,wypożyczony
329,9780005513132,74053,60 ogród gwiazda,Julianna Żmija,2,2,1980,Wydanie I,626,True,Dodatkowy pływać czwartek studiować swój.,w konserwacji
330,9780768677201,44723,40 dzięki w formie zostać,Malwina Materek,9,5,1967,Wydanie I,355,True,Dyrektor w kształcie Ameryka władza.,wypożyczony
331,9781167966286,16376,Prawdziwy postępowanie okno,Anastazja Soczewka,8,5,1977,Wydanie I,314,True,Koncert bardzo potrafić suma morze. Dialekt podnosić pani rzeczownik model wieża tamten wóz.,wypożyczony
332,9781616142964,89288,Okazja chmura święto ziemia,pani Justyna Nowotny,10,7,1979,Wydanie I,784,True,Dowód otrzymać brzuch chodzić godzina port. Bułgarski 4 za pomocą pić właściwy szósty wy.,dostępny
333,9780625136742,7789,Trochę miód umieszczać siostra,pani Agnieszka Kazubek,3,8,1968,Wydanie I,755,False,Dno japoński sprzedaż ziarno naukowy tłumaczyć. Słyszeć łatwo język zbudować późny późno.,dostępny
334,9781345231809,3108,Chłop moneta dziesięć granica ochrona,Andrzej Stein,10,8,2004,Wydanie I,278,False,Lot strefa klucz robić Polak. Cecha ozdoba międzynarodowy fałszywy lód uciekać.,dostępny
335,9781017268270,86697,Odwaga dziać się taki,pan Borys Kobak,1,7,1954,Wydanie I,171,True,Płyn Chiny staw nagle. Egipt strumień azjatycki różny wolny stać. Kapelusz umysł budynek wojna.,wypożyczony
336,9780380954667,87524,Użytkownik jeśli św. sprzęt,Krystian Piaścik,4,4,1981,Wydanie I,552,True,Jedenaście otwierać zwykły prawdziwy prędkość malować kolorowy. Tłumaczyć grać transport jednak.,w konserwacji
337,9780380954667,38020,Użytkownik jeśli św. sprzęt,Krystian Piaścik,4,3,1981,Wydanie I,552,False,Jedenaście otwierać zwykły prawdziwy prędkość malować kolorowy. Tłumaczyć grać transport jednak.,w konserwacji
338,9780393892420,95634,Przyrząd zapalenie,pan Konrad Wojtak,1,4,1973,Wydanie I,547,False,Skłonność szkło rozwój nieść skała jednocześnie. Lato słyszeć podczas morski wóz spadać atak.,wypożyczony
339,9780466343330,20092,Marka bić dolina pożar oglądać,Klara Ciarka,9,7,2024,Wydanie I,697,False,Transport wysyłać zmienić plecy chcieć wielkość. Tylko cienki powiat widzieć Austria.,w konserwacji
340,9780094652866,6850,Używać specjalny międzynarodowy móc,Krystian Serwach,7,2,1967,Wydanie I,696,False,Współczesny biskup opinia futro. Ogromny zimno wiosna wino. Słońce specjalny państwo jednostka.,dostępny
341,9780690936506,30990,Pomysł 40 temat znany,Julita Drobot,9,10,2016,Wydanie I,505,True,Zwycięstwo biec uznawać powodować. Czapka doskonały jakby.,w konserwacji
342,9781874227250,92046,Warstwa wina zwykły,Cyprian Kott,2,2,1994,Wydanie I,776,True,Płeć obowiązywać powinien zdolność. Rachunek siostra radio można wysyłać krzew rasa złożony.,wypożyczony
343,9780814943571,22628,Stado lud krew,Łukasz Radzewicz,4,9,1982,Wydanie I,347,True,Pierwiastek koszt wystawa lewy niezwykły wyspa. W Ciągu pieniądz krok wychodzić literatura wydać.,wypożyczony
344,9781072287513,15962,Fabryka skończyć operacja dorosły,pani Anna Maria Fiołek,6,4,2020,Wydanie I,241,True,Kamień fala długo Czechy czysty.,w konserwacji
345,9780543464620,50457,Cierpieć jakość czekolada,Tymon Myk,3,1,1983,Wydanie I,353,True,Kolano bogini polityka szósty obwód. Według lato konstrukcja bogini naczynie.,dostępny
346,9781435262805,53625,Sześćdziesiąt więcej piętro ani po,Marianna Berus,5,5,1998,Wydanie I,285,False,Budowla przypadek alkohol strefa ciemny flaga słoneczny. Trzymać wiek autor król nic 3 chemiczny.,wypożyczony
347,9781536822250,72489,Kula sztuczny włożyć Ameryka,Aleks Staśko,5,4,1960,Wydanie I,786,False,Gospodarka wywołać tam wszystek 7 wygrać słodki zysk. Ucho siedziba zmęczony właściwy obok.,w konserwacji
348,9780280858225,56212,Natychmiast zbyt trawa atak,Antoni Warzybok,5,7,1951,Wydanie I,164,False,Żydowski anioł powstawać sędzia pragnąć. Dzień los wspaniały chcieć.,wypożyczony
349,9781759252018,79674,Węgiel kilometr czyn a własny,Jerzy Pabisiak,5,10,1997,Wydanie I,471,False,"Piasek kolor późny chleb.
Lud jeszcze góra tylko.",w konserwacji
350,9780743425230,21756,Unia Europejska grupa narkotyk,pani Marika Kluczek,8,7,2017,Wydanie I,166,True,Stacja surowy dodać stacja pięć. Istnienie kłopot zajęcie mądry relacja okręt zając.,dostępny
351,9781345231809,60514,Chłop moneta dziesięć granica ochrona,Andrzej Stein,10,2,2004,Wydanie I,278,False,Lot strefa klucz robić Polak. Cecha ozdoba międzynarodowy fałszywy lód uciekać.,w konserwacji
352,9780280858225,36227,Natychmiast zbyt trawa atak,Antoni Warzybok,5,10,1951,Wydanie I,164,True,Żydowski anioł powstawać sędzia pragnąć. Dzień los wspaniały chcieć.,w konserwacji
353,9780348977738,90224,Do dorosły,pani Ada Flisiak,7,4,1956,Wydanie I,782,True,Wakacje 100 siedemdziesiąt firma wtorek budowa. Reguła archipelag Szwecja ucho szkodliwy.,dostępny
354,9781865407234,14450,Włosy kwiecień most zespół budować,Albert Zarzeczna,5,6,1962,Wydanie I,347,True,Starożytny dobro rzeka plecy otwór patrzeć strój.,wypożyczony
355,9780798423175,64685,Pić czerwony,Borys Getka,9,5,1958,Wydanie I,650,False,Słoneczny zachodni nocny. Pasek los także delikatny przychodzić.,dostępny
356,9780798423175,55365,Pić czerwony,Borys Getka,9,10,1958,Wydanie I,650,False,Słoneczny zachodni nocny. Pasek los także delikatny przychodzić.,dostępny
357,9780888596710,33645,Dokładnie te dorosły zgadzać się most,pan Igor Doruch,4,3,1950,Wydanie I,165,True,Park rynek zgodny francuski. Dziób trwać idea obowiązywać zbiór papier jakość.,dostępny
358,9781759252018,86349,Węgiel kilometr czyn a własny,Jerzy Pabisiak,5,4,1997,Wydanie I,471,False,"Piasek kolor późny chleb.
Lud jeszcze góra tylko.",wypożyczony
359,9781134555819,75030,Oraz kilka,pan Wojciech Lenda,4,8,1981,Wydanie I,268,True,Metal lampa substancja mąż. Wiedzieć walczyć strefa pacjent nie ma piękny.,w konserwacji
360,9781545385265,79481,Cecha zakończenie pomarańczowy wreszcie ten,pan Marek Hermanowicz,3,10,1981,Wydanie I,155,False,Aż żart powstawać długość ona w typ. Piosenka Niemiec Holandia.,wypożyczony
361,9780027914276,8911,Powodować polityczny strona,Jędrzej Pielach,3,6,2013,Wydanie I,590,False,Gaz w końcu drzwi słońce las. Plac pewien leczenie.,w konserwacji
362,9780362591026,83985,Trzeba oko,Janina Kołak,8,3,1976,Wydanie I,669,False,Krok świeży bar stary dół kolega. Dziura studia pas majuskuła.,wypożyczony
363,9780393892420,20575,Przyrząd zapalenie,pan Konrad Wojtak,1,3,1973,Wydanie I,547,True,Skłonność szkło rozwój nieść skała jednocześnie. Lato słyszeć podczas morski wóz spadać atak.,w konserwacji
364,9781072287513,39541,Fabryka skończyć operacja dorosły,pani Anna Maria Fiołek,6,8,2020,Wydanie I,241,False,Kamień fala długo Czechy czysty.,wypożyczony
365,9781432155315,61408,Zajmować Się następować zwykle biec,Mariusz Bartoszczyk,9,1,1977,Wydanie I,588,True,Wystawa prezent odzież wstyd. Być masa łatwy barwa środa usta kochać.,dostępny
366,9781874227250,9807,Warstwa wina zwykły,Cyprian Kott,2,4,1994,Wydanie I,776,True,Płeć obowiązywać powinien zdolność. Rachunek siostra radio można wysyłać krzew rasa złożony.,wypożyczony
367,9781536822250,48129,Kula sztuczny włożyć Ameryka,Aleks Staśko,5,7,1960,Wydanie I,786,False,Gospodarka wywołać tam wszystek 7 wygrać słodki zysk. Ucho siedziba zmęczony właściwy obok.,w konserwacji
368,9781138492578,72322,Teoria obywatelka dzisiaj ziarno,Maciej Pyrkosz,9,1,1998,Wydanie I,487,False,Woda ostry wytwarzać katastrofa spór znaczny oficjalny.,wypożyczony
369,9780501265870,48152,Pająk istnieć robota trzeba poziom,Paweł Stanclik,7,3,1963,Wydanie I,572,False,Błąd zaś pewien rasa właściwość. Cel lewy księżyc figura produkcja.,dostępny
370,9780814943571,40445,Stado lud krew,Łukasz Radzewicz,4,8,1982,Wydanie I,347,False,Pierwiastek koszt wystawa lewy niezwykły wyspa. W Ciągu pieniądz krok wychodzić literatura wydać.,wypożyczony
371,9781786430304,24359,- otwierać możliwy bawić się,Urszula Lejk,4,5,1971,Wydanie I,729,True,Wskazywać natychmiast spodnie stawać się za tradycyjny.,w konserwacji
372,9780094652866,9390,Używać specjalny międzynarodowy móc,Krystian Serwach,7,6,1967,Wydanie I,696,False,Współczesny biskup opinia futro. Ogromny zimno wiosna wino. Słońce specjalny państwo jednostka.,w konserwacji
373,9780414399907,24343,Owca przepis leżeć Egipt,Piotr Przekwas,6,3,2008,Wydanie I,212,False,Własny oficjalny dobrze. Wysoki użycie słodki akcja. Nigdy zima bóg uwaga stanowić.,dostępny
374,9780814943571,42461,Stado lud krew,Łukasz Radzewicz,4,2,1982,Wydanie I,347,True,Pierwiastek koszt wystawa lewy niezwykły wyspa. W Ciągu pieniądz krok wychodzić literatura wydać.,dostępny
375,9781134555819,27277,Oraz kilka,pan Wojciech Lenda,4,6,1981,Wydanie I,268,True,Metal lampa substancja mąż. Wiedzieć walczyć strefa pacjent nie ma piękny.,wypożyczony
376,9781256020141,11612,Północny sytuacja umysł zawierać,Apolonia Lorenz,8,9,1993,Wydanie I,445,True,Danie pomarańczowy aktor but.,dostępny
377,9781616142964,51177,Okazja chmura święto ziemia,pani Justyna Nowotny,10,2,1979,Wydanie I,784,False,Dowód otrzymać brzuch chodzić godzina port. Bułgarski 4 za pomocą pić właściwy szósty wy.,w konserwacji
378,9780280858225,22840,Natychmiast zbyt trawa atak,Antoni Warzybok,5,8,1951,Wydanie I,164,False,Żydowski anioł powstawać sędzia pragnąć. Dzień los wspaniały chcieć.,dostępny
379,9780362591026,38717,Trzeba oko,Janina Kołak,8,1,1976,Wydanie I,669,False,Krok świeży bar stary dół kolega. Dziura studia pas majuskuła.,w konserwacji
380,9780348977738,73881,Do dorosły,pani Ada Flisiak,7,8,1956,Wydanie I,782,False,Wakacje 100 siedemdziesiąt firma wtorek budowa. Reguła archipelag Szwecja ucho szkodliwy.,dostępny
381,9781435262805,34653,Sześćdziesiąt więcej piętro ani po,Marianna Berus,5,10,1998,Wydanie I,285,True,Budowla przypadek alkohol strefa ciemny flaga słoneczny. Trzymać wiek autor król nic 3 chemiczny.,w konserwacji
382,9781072287513,41648,Fabryka skończyć operacja dorosły,pani Anna Maria Fiołek,6,2,2020,Wydanie I,241,False,Kamień fala długo Czechy czysty.,dostępny
383,9781256020141,79655,Północny sytuacja umysł zawierać,Apolonia Lorenz,8,8,1993,Wydanie I,445,True,Danie pomarańczowy aktor but.,wypożyczony
384,9780393892420,51012,Przyrząd zapalenie,pan Konrad Wojtak,1,5,1973,Wydanie I,547,False,Skłonność szkło rozwój nieść skała jednocześnie. Lato słyszeć podczas morski wóz spadać atak.,w konserwacji
385,9781616142964,71821,Okazja chmura święto ziemia,pani Justyna Nowotny,10,5,1979,Wydanie I,784,True,Dowód otrzymać brzuch chodzić godzina port. Bułgarski 4 za pomocą pić właściwy szósty wy.,wypożyczony
386,9781432155315,39364,Zajmować Się następować zwykle biec,Mariusz Bartoszczyk,9,2,1977,Wydanie I,588,False,Wystawa prezent odzież wstyd. Być masa łatwy barwa środa usta kochać.,w konserwacji
387,9780414399907,10718,Owca przepis leżeć Egipt,Piotr Przekwas,6,3,2008,Wydanie I,212,True,Własny oficjalny dobrze. Wysoki użycie słodki akcja. Nigdy zima bóg uwaga stanowić.,wypożyczony
388,9780928916836,54250,Użytkownik posługiwać się rasa próba,Kornelia Kuczaj,6,4,1978,Wydanie I,466,False,Wobec słodki sport charakter. Jechać niebo temperatura bilet powiat kolega.,w konserwacji
389,9780523118734,69087,Skutek imię oraz elektryczny,pan Oliwier Stefankiewicz,7,2,2012,Wydanie I,139,True,Marzec wpaść pod. Obchodzić włożyć reguła kula miasto handlowy katastrofa wesoły.,dostępny
390,9781616142964,91439,Okazja chmura święto ziemia,pani Justyna Nowotny,10,2,1979,Wydanie I,784,False,Dowód otrzymać brzuch chodzić godzina port. Bułgarski 4 za pomocą pić właściwy szósty wy.,dostępny
391,9780735005464,82538,Pogoda żyć przebywać ciemność pociąg,pani Klara Dziewit,4,4,1997,Wydanie I,442,True,Taki głośny wąski filmowy jeździć. Żywy osioł strefa wróg.,wypożyczony
392,9780543464620,5989,Cierpieć jakość czekolada,Tymon Myk,3,7,1983,Wydanie I,353,True,Kolano bogini polityka szósty obwód. Według lato konstrukcja bogini naczynie.,dostępny
393,9780414399907,97076,Owca przepis leżeć Egipt,Piotr Przekwas,6,2,2008,Wydanie I,212,False,Własny oficjalny dobrze. Wysoki użycie słodki akcja. Nigdy zima bóg uwaga stanowić.,wypożyczony
394,9781786430304,53001,- otwierać możliwy bawić się,Urszula Lejk,4,2,1971,Wydanie I,729,False,Wskazywać natychmiast spodnie stawać się za tradycyjny.,wypożyczony
395,9781134555819,61331,Oraz kilka,pan Wojciech Lenda,4,5,1981,Wydanie I,268,False,Metal lampa substancja mąż. Wiedzieć walczyć strefa pacjent nie ma piękny.,wypożyczony
396,9781545385265,62703,Cecha zakończenie pomarańczowy wreszcie ten,pan Marek Hermanowicz,3,6,1981,Wydanie I,155,True,Aż żart powstawać długość ona w typ. Piosenka Niemiec Holandia.,dostępny
397,9781874227250,98821,Warstwa wina zwykły,Cyprian Kott,2,9,1994,Wydanie I,776,True,Płeć obowiązywać powinien zdolność. Rachunek siostra radio można wysyłać krzew rasa złożony.,w konserwacji
398,9780466343330,3052,Marka bić dolina pożar oglądać,Klara Ciarka,9,1,2024,Wydanie I,697,True,Transport wysyłać zmienić plecy chcieć wielkość. Tylko cienki powiat widzieć Austria.,w konserwacji
399,9780134362441,39334,Królowa kuchnia pod głowa,Adam Zbrożek,4,10,2000,Wydanie I,506,False,W Ciągu skutek łatwo czekolada zakończyć. Turecki nikt kurs ona miejscowość nadawać.,w konserwacji
400,9781385509982,76955,Anglia silnik tylko swój około,Anastazja Larysz,2,8,1984,Wydanie I,739,False,Chwila pamięć szybko gdzie postać sąd. Państwowy Piotr postawa hałas plemię artystyczny.,dostępny
401,9780280858225,66313,Natychmiast zbyt trawa atak,Antoni Warzybok,5,7,1951,Wydanie I,164,False,Żydowski anioł powstawać sędzia pragnąć. Dzień los wspaniały chcieć.,dostępny
402,9781536822250,38199,Kula sztuczny włożyć Ameryka,Aleks Staśko,5,4,1960,Wydanie I,786,False,Gospodarka wywołać tam wszystek 7 wygrać słodki zysk. Ucho siedziba zmęczony właściwy obok.,w konserwacji
403,9781167966286,74247,Prawdziwy postępowanie okno,Anastazja Soczewka,8,1,1977,Wydanie I,314,False,Koncert bardzo potrafić suma morze. Dialekt podnosić pani rzeczownik model wieża tamten wóz.,wypożyczony
404,9780414399907,8867,Owca przepis leżeć Egipt,Piotr Przekwas,6,4,2008,Wydanie I,212,True,Własny oficjalny dobrze. Wysoki użycie słodki akcja. Nigdy zima bóg uwaga stanowić.,w konserwacji
405,9781545385265,65402,Cecha zakończenie pomarańczowy wreszcie ten,pan Marek Hermanowicz,3,1,1981,Wydanie I,155,False,Aż żart powstawać długość ona w typ. Piosenka Niemiec Holandia.,dostępny
406,9780393892420,49807,Przyrząd zapalenie,pan Konrad Wojtak,1,8,1973,Wydanie I,547,False,Skłonność szkło rozwój nieść skała jednocześnie. Lato słyszeć podczas morski wóz spadać atak.,w konserwacji
407,9780134362441,95620,Królowa kuchnia pod głowa,Adam Zbrożek,4,10,2000,Wydanie I,506,False,W Ciągu skutek łatwo czekolada zakończyć. Turecki nikt kurs ona miejscowość nadawać.,w konserwacji
408,9780523118734,28679,Skutek imię oraz elektryczny,pan Oliwier Stefankiewicz,7,7,2012,Wydanie I,139,False,Marzec wpaść pod. Obchodzić włożyć reguła kula miasto handlowy katastrofa wesoły.,w konserwacji
409,9780005513132,89867,60 ogród gwiazda,Julianna Żmija,2,2,1980,Wydanie I,626,True,Dodatkowy pływać czwartek studiować swój.,dostępny
410,9781337968874,45502,Zasada flaga coś ze,Angelika Trzyna,10,7,1980,Wydanie I,217,True,Lista kosztować ogon śpiewać. Ryba dać przyczyna.,w konserwacji
411,9781134555819,51489,Oraz kilka,pan Wojciech Lenda,4,10,1981,Wydanie I,268,False,Metal lampa substancja mąż. Wiedzieć walczyć strefa pacjent nie ma piękny.,wypożyczony
412,9780798423175,24245,Pić czerwony,Borys Getka,9,5,1958,Wydanie I,650,True,Słoneczny zachodni nocny. Pasek los także delikatny przychodzić.,wypożyczony
413,9781072287513,7513,Fabryka skończyć operacja dorosły,pani Anna Maria Fiołek,6,6,2020,Wydanie I,241,False,Kamień fala długo Czechy czysty.,w konserwacji
414,9781432155315,2684,Zajmować Się następować zwykle biec,Mariusz Bartoszczyk,9,10,1977,Wydanie I,588,True,Wystawa prezent odzież wstyd. Być masa łatwy barwa środa usta kochać.,wypożyczony
415,9780743425230,66005,Unia Europejska grupa narkotyk,pani Marika Kluczek,8,7,2017,Wydanie I,166,True,Stacja surowy dodać stacja pięć. Istnienie kłopot zajęcie mądry relacja okręt zając.,dostępny
416,9780625136742,38321,Trochę miód umieszczać siostra,pani Agnieszka Kazubek,3,2,1968,Wydanie I,755,False,Dno japoński sprzedaż ziarno naukowy tłumaczyć. Słyszeć łatwo język zbudować późny późno.,dostępny
417,9780348977738,7578,Do dorosły,pani Ada Flisiak,7,2,1956,Wydanie I,782,False,Wakacje 100 siedemdziesiąt firma wtorek budowa. Reguła archipelag Szwecja ucho szkodliwy.,dostępny
418,9781759252018,10769,Węgiel kilometr czyn a własny,Jerzy Pabisiak,5,9,1997,Wydanie I,471,False,"Piasek kolor późny chleb.
Lud jeszcze góra tylko.",dostępny
419,9781759252018,75224,Węgiel kilometr czyn a własny,Jerzy Pabisiak,5,5,1997,Wydanie I,471,False,"Piasek kolor późny chleb.
Lud jeszcze góra tylko.",dostępny
420,9781432155315,70427,Zajmować Się następować zwykle biec,Mariusz Bartoszczyk,9,7,1977,Wydanie I,588,True,Wystawa prezent odzież wstyd. Być masa łatwy barwa środa usta kochać.,dostępny
421,9780668657846,88754,Księga powstawać późno moralny dziecięcy,pani Julita Rajchel,10,10,1957,Wydanie I,511,True,Srebro mieszkanie prawny procent dobro chwila. Polityczny popularny dół istnienie dolina.,w konserwacji
422,9780362591026,3132,Trzeba oko,Janina Kołak,8,3,1976,Wydanie I,669,True,Krok świeży bar stary dół kolega. Dziura studia pas majuskuła.,wypożyczony
423,9781616142964,74208,Okazja chmura święto ziemia,pani Justyna Nowotny,10,3,1979,Wydanie I,784,True,Dowód otrzymać brzuch chodzić godzina port. Bułgarski 4 za pomocą pić właściwy szósty wy.,w konserwacji
424,9781024774184,1579,Czwartek ząb stać się królewski zegar,Cyprian Rudyk,1,10,2013,Wydanie I,118,True,Marzec zachowanie pełny w końcu. Nad czy ubogi zielony Niemcy biblioteka.,wypożyczony
425,9780743425230,20678,Unia Europejska grupa narkotyk,pani Marika Kluczek,8,5,2017,Wydanie I,166,False,Stacja surowy dodać stacja pięć. Istnienie kłopot zajęcie mądry relacja okręt zając.,dostępny
426,9781435262805,9034,Sześćdziesiąt więcej piętro ani po,Marianna Berus,5,4,1998,Wydanie I,285,True,Budowla przypadek alkohol strefa ciemny flaga słoneczny. Trzymać wiek autor król nic 3 chemiczny.,w konserwacji
427,9781017268270,46051,Odwaga dziać się taki,pan Borys Kobak,1,2,1954,Wydanie I,171,False,Płyn Chiny staw nagle. Egipt strumień azjatycki różny wolny stać. Kapelusz umysł budynek wojna.,dostępny
428,9780743425230,86760,Unia Europejska grupa narkotyk,pani Marika Kluczek,8,8,2017,Wydanie I,166,False,Stacja surowy dodać stacja pięć. Istnienie kłopot zajęcie mądry relacja okręt zając.,w konserwacji
429,9780005513132,9631,60 ogród gwiazda,Julianna Żmija,2,2,1980,Wydanie I,626,True,Dodatkowy pływać czwartek studiować swój.,dostępny
430,9780414399907,71905,Owca przepis leżeć Egipt,Piotr Przekwas,6,5,2008,Wydanie I,212,True,Własny oficjalny dobrze. Wysoki użycie słodki akcja. Nigdy zima bóg uwaga stanowić.,w konserwacji
431,9781773311876,92464,Córka dźwięk jeść,pani Sonia Kościesza,4,9,1950,Wydanie I,797,True,Móc wspomnienie gdzieś uciec grzech. Metal rezultat wewnątrz liść rynek zmieniać brzuch.,dostępny
432,9781256020141,39368,Północny sytuacja umysł zawierać,Apolonia Lorenz,8,2,1993,Wydanie I,445,True,Danie pomarańczowy aktor but.,dostępny
433,9781874227250,90407,Warstwa wina zwykły,Cyprian Kott,2,4,1994,Wydanie I,776,False,Płeć obowiązywać powinien zdolność. Rachunek siostra radio można wysyłać krzew rasa złożony.,w konserwacji
434,9780380954667,75910,Użytkownik jeśli św. sprzęt,Krystian Piaścik,4,2,1981,Wydanie I,552,True,Jedenaście otwierać zwykły prawdziwy prędkość malować kolorowy. Tłumaczyć grać transport jednak.,dostępny
435,9781874227250,2727,Warstwa wina zwykły,Cyprian Kott,2,3,1994,Wydanie I,776,True,Płeć obowiązywać powinien zdolność. Rachunek siostra radio można wysyłać krzew rasa złożony.,wypożyczony
436,9781536822250,50392,Kula sztuczny włożyć Ameryka,Aleks Staśko,5,4,1960,Wydanie I,786,True,Gospodarka wywołać tam wszystek 7 wygrać słodki zysk. Ucho siedziba zmęczony właściwy obok.,wypożyczony
437,9781786430304,95143,- otwierać możliwy bawić się,Urszula Lejk,4,8,1971,Wydanie I,729,True,Wskazywać natychmiast spodnie stawać się za tradycyjny.,wypożyczony
438,9780094652866,50749,Używać specjalny międzynarodowy móc,Krystian Serwach,7,6,1967,Wydanie I,696,True,Współczesny biskup opinia futro. Ogromny zimno wiosna wino. Słońce specjalny państwo jednostka.,wypożyczony
439,9780928916836,97785,Użytkownik posługiwać się rasa próba,Kornelia Kuczaj,6,6,1978,Wydanie I,466,True,Wobec słodki sport charakter. Jechać niebo temperatura bilet powiat kolega.,wypożyczony
440,9781385509982,99457,Anglia silnik tylko swój około,Anastazja Larysz,2,9,1984,Wydanie I,739,False,Chwila pamięć szybko gdzie postać sąd. Państwowy Piotr postawa hałas plemię artystyczny.,dostępny
441,9780027914276,17278,Powodować polityczny strona,Jędrzej Pielach,3,8,2013,Wydanie I,590,True,Gaz w końcu drzwi słońce las. Plac pewien leczenie.,w konserwacji
442,9781426248160,44075,Wiersz poniedziałek skała,pan Tobiasz Michnik,6,5,1953,Wydanie I,314,False,Świadczyć technika lista zmiana temat stworzyć. Swój posiłek drewniany dawny większość powstanie.,wypożyczony
443,9780380954667,66128,Użytkownik jeśli św. sprzęt,Krystian Piaścik,4,4,1981,Wydanie I,552,False,Jedenaście otwierać zwykły prawdziwy prędkość malować kolorowy. Tłumaczyć grać transport jednak.,dostępny
444,9780888596710,59226,Dokładnie te dorosły zgadzać się most,pan Igor Doruch,4,2,1950,Wydanie I,165,False,Park rynek zgodny francuski. Dziób trwać idea obowiązywać zbiór papier jakość.,dostępny
445,9780798423175,99507,Pić czerwony,Borys Getka,9,3,1958,Wydanie I,650,False,Słoneczny zachodni nocny. Pasek los także delikatny przychodzić.,dostępny
446,9781256020141,56226,Północny sytuacja umysł zawierać,Apolonia Lorenz,8,5,1993,Wydanie I,445,False,Danie pomarańczowy aktor but.,dostępny
447,9781256020141,35099,Północny sytuacja umysł zawierać,Apolonia Lorenz,8,5,1993,Wydanie I,445,True,Danie pomarańczowy aktor but.,wypożyczony
448,9781759252018,8938,Węgiel kilometr czyn a własny,Jerzy Pabisiak,5,10,1997,Wydanie I,471,True,"Piasek kolor późny chleb.
Lud jeszcze góra tylko.",wypożyczony
449,9780466343330,67345,Marka bić dolina pożar oglądać,Klara Ciarka,9,6,2024,Wydanie I,697,False,Transport wysyłać zmienić plecy chcieć wielkość. Tylko cienki powiat widzieć Austria.,wypożyczony
450,9781138492578,18557,Teoria obywatelka dzisiaj ziarno,Maciej Pyrkosz,9,8,1998,Wydanie I,487,False,Woda ostry wytwarzać katastrofa spór znaczny oficjalny.,w konserwacji
451,9780888596710,40711,Dokładnie te dorosły zgadzać się most,pan Igor Doruch,4,9,1950,Wydanie I,165,True,Park rynek zgodny francuski. Dziób trwać idea obowiązywać zbiór papier jakość.,wypożyczony
452,9781296362881,98882,Góra szacunek rzeczownik kosz pomieszczenie,Urszula Wyroślak,2,8,1970,Wydanie I,197,True,Ryzyko wschód ćwiczenie radiowy tor. Chrystus cukier banknot stworzyć góra.,w konserwacji
453,9780523118734,71584,Skutek imię oraz elektryczny,pan Oliwier Stefankiewicz,7,5,2012,Wydanie I,139,False,Marzec wpaść pod. Obchodzić włożyć reguła kula miasto handlowy katastrofa wesoły.,dostępny
454,9780690936506,25465,Pomysł 40 temat znany,Julita Drobot,9,8,2016,Wydanie I,505,True,Zwycięstwo biec uznawać powodować. Czapka doskonały jakby.,dostępny
455,9780094652866,45734,Używać specjalny międzynarodowy móc,Krystian Serwach,7,2,1967,Wydanie I,696,False,Współczesny biskup opinia futro. Ogromny zimno wiosna wino. Słońce specjalny państwo jednostka.,dostępny
456,9781138492578,62846,Teoria obywatelka dzisiaj ziarno,Maciej Pyrkosz,9,3,1998,Wydanie I,487,True,Woda ostry wytwarzać katastrofa spór znaczny oficjalny.,w konserwacji
457,9780005513132,48718,60 ogród gwiazda,Julianna Żmija,2,10,1980,Wydanie I,626,False,Dodatkowy pływać czwartek studiować swój.,w konserwacji
458,9780501265870,79524,Pająk istnieć robota trzeba poziom,Paweł Stanclik,7,8,1963,Wydanie I,572,True,Błąd zaś pewien rasa właściwość. Cel lewy księżyc figura produkcja.,wypożyczony
459,9780348977738,1985,Do dorosły,pani Ada Flisiak,7,6,1956,Wydanie I,782,False,Wakacje 100 siedemdziesiąt firma wtorek budowa. Reguła archipelag Szwecja ucho szkodliwy.,dostępny
460,9780735005464,59197,Pogoda żyć przebywać ciemność pociąg,pani Klara Dziewit,4,10,1997,Wydanie I,442,False,Taki głośny wąski filmowy jeździć. Żywy osioł strefa wróg.,w konserwacji
461,9780625136742,14229,Trochę miód umieszczać siostra,pani Agnieszka Kazubek,3,7,1968,Wydanie I,755,False,Dno japoński sprzedaż ziarno naukowy tłumaczyć. Słyszeć łatwo język zbudować późny późno.,dostępny
462,9780393892420,57741,Przyrząd zapalenie,pan Konrad Wojtak,1,9,1973,Wydanie I,547,True,Skłonność szkło rozwój nieść skała jednocześnie. Lato słyszeć podczas morski wóz spadać atak.,w konserwacji
463,9780380954667,91457,Użytkownik jeśli św. sprzęt,Krystian Piaścik,4,8,1981,Wydanie I,552,False,Jedenaście otwierać zwykły prawdziwy prędkość malować kolorowy. Tłumaczyć grać transport jednak.,w konserwacji
464,9780501265870,42346,Pająk istnieć robota trzeba poziom,Paweł Stanclik,7,8,1963,Wydanie I,572,True,Błąd zaś pewien rasa właściwość. Cel lewy księżyc figura produkcja.,wypożyczony
465,9781718044685,42707,Pisarz prezydent dowód,Marianna Poleszak,2,5,1968,Wydanie I,561,False,Porządek srebro używać wycieczka zawód zniszczyć go.,w konserwacji
466,9781616142964,70165,Okazja chmura święto ziemia,pani Justyna Nowotny,10,3,1979,Wydanie I,784,False,Dowód otrzymać brzuch chodzić godzina port. Bułgarski 4 za pomocą pić właściwy szósty wy.,dostępny
467,9781345231809,47490,Chłop moneta dziesięć granica ochrona,Andrzej Stein,10,10,2004,Wydanie I,278,False,Lot strefa klucz robić Polak. Cecha ozdoba międzynarodowy fałszywy lód uciekać.,wypożyczony
468,9780280858225,11068,Natychmiast zbyt trawa atak,Antoni Warzybok,5,8,1951,Wydanie I,164,False,Żydowski anioł powstawać sędzia pragnąć. Dzień los wspaniały chcieć.,w konserwacji
469,9780625136742,65410,Trochę miód umieszczać siostra,pani Agnieszka Kazubek,3,3,1968,Wydanie I,755,False,Dno japoński sprzedaż ziarno naukowy tłumaczyć. Słyszeć łatwo język zbudować późny późno.,wypożyczony
470,9781296362881,14183,Góra szacunek rzeczownik kosz pomieszczenie,Urszula Wyroślak,2,10,1970,Wydanie I,197,True,Ryzyko wschód ćwiczenie radiowy tor. Chrystus cukier banknot stworzyć góra.,wypożyczony
471,9781024774184,90645,Czwartek ząb stać się królewski zegar,Cyprian Rudyk,1,1,2013,Wydanie I,118,False,Marzec zachowanie pełny w końcu. Nad czy ubogi zielony Niemcy biblioteka.,dostępny
472,9781698428123,55947,Ulegać dyrektor koza gwałtowny,Kaja Kałwa,3,7,1992,Wydanie I,762,True,Miejscowość utwór mężczyzna wszelki chociaż narząd lód. Fakt zniszczyć hałas no mowa aktywny ślad.,dostępny
473,9781786430304,19757,- otwierać możliwy bawić się,Urszula Lejk,4,3,1971,Wydanie I,729,False,Wskazywać natychmiast spodnie stawać się za tradycyjny.,w konserwacji
474,9781432155315,63531,Zajmować Się następować zwykle biec,Mariusz Bartoszczyk,9,8,1977,Wydanie I,588,False,Wystawa prezent odzież wstyd. Być masa łatwy barwa środa usta kochać.,w konserwacji
475,9780814943571,62506,Stado lud krew,Łukasz Radzewicz,4,9,1982,Wydanie I,347,True,Pierwiastek koszt wystawa lewy niezwykły wyspa. W Ciągu pieniądz krok wychodzić literatura wydać.,w konserwacji
476,9780428279417,39582,Wśród wy 80,Igor Ciaś,6,9,2000,Wydanie I,796,True,Pani sygnał pani ramię. Świecić dodać mama broń pojęcie zwykły.,w konserwacji
477,9780798423175,29527,Pić czerwony,Borys Getka,9,6,1958,Wydanie I,650,False,Słoneczny zachodni nocny. Pasek los także delikatny przychodzić.,wypożyczony
478,9781435262805,71764,Sześćdziesiąt więcej piętro ani po,Marianna Berus,5,5,1998,Wydanie I,285,False,Budowla przypadek alkohol strefa ciemny flaga słoneczny. Trzymać wiek autor król nic 3 chemiczny.,w konserwacji
479,9780743425230,92612,Unia Europejska grupa narkotyk,pani Marika Kluczek,8,6,2017,Wydanie I,166,False,Stacja surowy dodać stacja pięć. Istnienie kłopot zajęcie mądry relacja okręt zając.,w konserwacji
480,9781426248160,6013,Wiersz poniedziałek skała,pan Tobiasz Michnik,6,5,1953,Wydanie I,314,False,Świadczyć technika lista zmiana temat stworzyć. Swój posiłek drewniany dawny większość powstanie.,wypożyczony
481,9780380954667,7139,Użytkownik jeśli św. sprzęt,Krystian Piaścik,4,4,1981,Wydanie I,552,False,Jedenaście otwierać zwykły prawdziwy prędkość malować kolorowy. Tłumaczyć grać transport jednak.,w konserwacji
482,9780428279417,51126,Wśród wy 80,Igor Ciaś,6,10,2000,Wydanie I,796,False,Pani sygnał pani ramię. Świecić dodać mama broń pojęcie zwykły.,w konserwacji
483,9781874227250,55545,Warstwa wina zwykły,Cyprian Kott,2,10,1994,Wydanie I,776,True,Płeć obowiązywać powinien zdolność. Rachunek siostra radio można wysyłać krzew rasa złożony.,wypożyczony
484,9780362591026,86236,Trzeba oko,Janina Kołak,8,5,1976,Wydanie I,669,True,Krok świeży bar stary dół kolega. Dziura studia pas majuskuła.,dostępny
485,9781718044685,3907,Pisarz prezydent dowód,Marianna Poleszak,2,3,1968,Wydanie I,561,True,Porządek srebro używać wycieczka zawód zniszczyć go.,wypożyczony
486,9780690936506,27065,Pomysł 40 temat znany,Julita Drobot,9,3,2016,Wydanie I,505,False,Zwycięstwo biec uznawać powodować. Czapka doskonały jakby.,dostępny
487,9781345231809,81935,Chłop moneta dziesięć granica ochrona,Andrzej Stein,10,3,2004,Wydanie I,278,True,Lot strefa klucz robić Polak. Cecha ozdoba międzynarodowy fałszywy lód uciekać.,wypożyczony
488,9781786430304,21268,- otwierać możliwy bawić się,Urszula Lejk,4,7,1971,Wydanie I,729,True,Wskazywać natychmiast spodnie stawać się za tradycyjny.,wypożyczony
489,9781426248160,96522,Wiersz poniedziałek skała,pan Tobiasz Michnik,6,3,1953,Wydanie I,314,False,Świadczyć technika lista zmiana temat stworzyć. Swój posiłek drewniany dawny większość powstanie.,wypożyczony
490,9780768677201,85174,40 dzięki w formie zostać,Malwina Materek,9,2,1967,Wydanie I,355,True,Dyrektor w kształcie Ameryka władza.,w konserwacji
491,9781134555819,55656,Oraz kilka,pan Wojciech Lenda,4,10,1981,Wydanie I,268,False,Metal lampa substancja mąż. Wiedzieć walczyć strefa pacjent nie ma piękny.,wypożyczony
492,9781865407234,11010,Włosy kwiecień most zespół budować,Albert Zarzeczna,5,1,1962,Wydanie I,347,True,Starożytny dobro rzeka plecy otwór patrzeć strój.,dostępny
493,9781786430304,89575,- otwierać możliwy bawić się,Urszula Lejk,4,4,1971,Wydanie I,729,False,Wskazywać natychmiast spodnie stawać się za tradycyjny.,w konserwacji
494,9780690936506,38594,Pomysł 40 temat znany,Julita Drobot,9,10,2016,Wydanie I,505,True,Zwycięstwo biec uznawać powodować. Czapka doskonały jakby.,dostępny
495,9780523118734,34511,Skutek imię oraz elektryczny,pan Oliwier Stefankiewicz,7,2,2012,Wydanie I,139,True,Marzec wpaść pod. Obchodzić włożyć reguła kula miasto handlowy katastrofa wesoły.,dostępny
496,9781536822250,5656,Kula sztuczny włożyć Ameryka,Aleks Staśko,5,3,1960,Wydanie I,786,False,Gospodarka wywołać tam wszystek 7 wygrać słodki zysk. Ucho siedziba zmęczony właściwy obok.,w konserwacji
497,9781426248160,15738,Wiersz poniedziałek skała,pan Tobiasz Michnik,6,2,1953,Wydanie I,314,True,Świadczyć technika lista zmiana temat stworzyć. Swój posiłek drewniany dawny większość powstanie.,w konserwacji
498,9780735005464,50102,Pogoda żyć przebywać ciemność pociąg,pani Klara Dziewit,4,3,1997,Wydanie I,442,True,Taki głośny wąski filmowy jeździć. Żywy osioł strefa wróg.,w konserwacji
499,9781024774184,3961,Czwartek ząb stać się królewski zegar,Cyprian Rudyk,1,9,2013,Wydanie I,118,False,Marzec zachowanie pełny w końcu. Nad czy ubogi zielony Niemcy biblioteka.,wypożyczony
500,9781134555819,55228,Oraz kilka,pan Wojciech Lenda,4,3,1981,Wydanie I,268,True,Metal lampa substancja mąż. Wiedzieć walczyć strefa pacjent nie ma piękny.,dostępny
501,9781134555819,30021,Oraz kilka,pan Wojciech Lenda,4,8,1981,Wydanie I,268,True,Metal lampa substancja mąż. Wiedzieć walczyć strefa pacjent nie ma piękny.,w konserwacji
502,9780380954667,49185,Użytkownik jeśli św. sprzęt,Krystian Piaścik,4,10,1981,Wydanie I,552,False,Jedenaście otwierać zwykły prawdziwy prędkość malować kolorowy. Tłumaczyć grać transport jednak.,dostępny
503,9781432155315,14795,Zajmować Się następować zwykle biec,Mariusz Bartoszczyk,9,4,1977,Wydanie I,588,True,Wystawa prezent odzież wstyd. Być masa łatwy barwa środa usta kochać.,dostępny
504,9780348977738,51227,Do dorosły,pani Ada Flisiak,7,9,1956,Wydanie I,782,False,Wakacje 100 siedemdziesiąt firma wtorek budowa. Reguła archipelag Szwecja ucho szkodliwy.,w konserwacji
505,9780798423175,56720,Pić czerwony,Borys Getka,9,7,1958,Wydanie I,650,True,Słoneczny zachodni nocny. Pasek los także delikatny przychodzić.,w konserwacji
506,9781296362881,60882,Góra szacunek rzeczownik kosz pomieszczenie,Urszula Wyroślak,2,7,1970,Wydanie I,197,True,Ryzyko wschód ćwiczenie radiowy tor. Chrystus cukier banknot stworzyć góra.,wypożyczony
507,9781138492578,27114,Teoria obywatelka dzisiaj ziarno,Maciej Pyrkosz,9,4,1998,Wydanie I,487,True,Woda ostry wytwarzać katastrofa spór znaczny oficjalny.,wypożyczony
508,9781786430304,85677,- otwierać możliwy bawić się,Urszula Lejk,4,6,1971,Wydanie I,729,True,Wskazywać natychmiast spodnie stawać się za tradycyjny.,dostępny
509,9780380954667,48376,Użytkownik jeśli św. sprzęt,Krystian Piaścik,4,3,1981,Wydanie I,552,False,Jedenaście otwierać zwykły prawdziwy prędkość malować kolorowy. Tłumaczyć grać transport jednak.,dostępny
510,9780280858225,56201,Natychmiast zbyt trawa atak,Antoni Warzybok,5,9,1951,Wydanie I,164,True,Żydowski anioł powstawać sędzia pragnąć. Dzień los wspaniały chcieć.,dostępny
511,9781432155315,63273,Zajmować Się następować zwykle biec,Mariusz Bartoszczyk,9,5,1977,Wydanie I,588,True,Wystawa prezent odzież wstyd. Być masa łatwy barwa środa usta kochać.,w konserwacji
512,9780743425230,46791,Unia Europejska grupa narkotyk,pani Marika Kluczek,8,5,2017,Wydanie I,166,False,Stacja surowy dodać stacja pięć. Istnienie kłopot zajęcie mądry relacja okręt zając.,w konserwacji
513,9780582900776,30499,Dźwięk istnienie,Ewelina Fras,10,3,2018,Wydanie I,336,True,Większość wystawa osiemdziesiąt wnętrze. Myśl dodać przykład Francja z.,w konserwacji
514,9780466343330,50084,Marka bić dolina pożar oglądać,Klara Ciarka,9,5,2024,Wydanie I,697,True,Transport wysyłać zmienić plecy chcieć wielkość. Tylko cienki powiat widzieć Austria.,dostępny
515,9780134362441,49237,Królowa kuchnia pod głowa,Adam Zbrożek,4,7,2000,Wydanie I,506,False,W Ciągu skutek łatwo czekolada zakończyć. Turecki nikt kurs ona miejscowość nadawać.,w konserwacji
516,9780393892420,11436,Przyrząd zapalenie,pan Konrad Wojtak,1,9,1973,Wydanie I,547,False,Skłonność szkło rozwój nieść skała jednocześnie. Lato słyszeć podczas morski wóz spadać atak.,w konserwacji
517,9780814943571,98853,Stado lud krew,Łukasz Radzewicz,4,6,1982,Wydanie I,347,True,Pierwiastek koszt wystawa lewy niezwykły wyspa. W Ciągu pieniądz krok wychodzić literatura wydać.,w konserwacji
518,9780280858225,29003,Natychmiast zbyt trawa atak,Antoni Warzybok,5,2,1951,Wydanie I,164,True,Żydowski anioł powstawać sędzia pragnąć. Dzień los wspaniały chcieć.,w konserwacji
519,9781138492578,16669,Teoria obywatelka dzisiaj ziarno,Maciej Pyrkosz,9,2,1998,Wydanie I,487,False,Woda ostry wytwarzać katastrofa spór znaczny oficjalny.,dostępny
520,9781296362881,80303,Góra szacunek rzeczownik kosz pomieszczenie,Urszula Wyroślak,2,7,1970,Wydanie I,197,False,Ryzyko wschód ćwiczenie radiowy tor. Chrystus cukier banknot stworzyć góra.,dostępny
521,9781865407234,35222,Włosy kwiecień most zespół budować,Albert Zarzeczna,5,6,1962,Wydanie I,347,True,Starożytny dobro rzeka plecy otwór patrzeć strój.,w konserwacji
522,9781545385265,52605,Cecha zakończenie pomarańczowy wreszcie ten,pan Marek Hermanowicz,3,4,1981,Wydanie I,155,False,Aż żart powstawać długość ona w typ. Piosenka Niemiec Holandia.,dostępny
523,9780380954667,73889,Użytkownik jeśli św. sprzęt,Krystian Piaścik,4,8,1981,Wydanie I,552,False,Jedenaście otwierać zwykły prawdziwy prędkość malować kolorowy. Tłumaczyć grać transport jednak.,wypożyczony
524,9781337968874,62769,Zasada flaga coś ze,Angelika Trzyna,10,7,1980,Wydanie I,217,False,Lista kosztować ogon śpiewać. Ryba dać przyczyna.,wypożyczony
525,9781865407234,53857,Włosy kwiecień most zespół budować,Albert Zarzeczna,5,7,1962,Wydanie I,347,False,Starożytny dobro rzeka plecy otwór patrzeć strój.,wypożyczony
526,9780668657846,38865,Księga powstawać późno moralny dziecięcy,pani Julita Rajchel,10,9,1957,Wydanie I,511,False,Srebro mieszkanie prawny procent dobro chwila. Polityczny popularny dół istnienie dolina.,dostępny
527,9780094652866,3610,Używać specjalny międzynarodowy móc,Krystian Serwach,7,3,1967,Wydanie I,696,False,Współczesny biskup opinia futro. Ogromny zimno wiosna wino. Słońce specjalny państwo jednostka.,dostępny
528,9780134362441,72063,Królowa kuchnia pod głowa,Adam Zbrożek,4,6,2000,Wydanie I,506,False,W Ciągu skutek łatwo czekolada zakończyć. Turecki nikt kurs ona miejscowość nadawać.,w konserwacji
529,9780094652866,56914,Używać specjalny międzynarodowy móc,Krystian Serwach,7,2,1967,Wydanie I,696,True,Współczesny biskup opinia futro. Ogromny zimno wiosna wino. Słońce specjalny państwo jednostka.,wypożyczony
530,9781017268270,89542,Odwaga dziać się taki,pan Borys Kobak,1,9,1954,Wydanie I,171,False,Płyn Chiny staw nagle. Egipt strumień azjatycki różny wolny stać. Kapelusz umysł budynek wojna.,wypożyczony
531,9780466343330,99603,Marka bić dolina pożar oglądać,Klara Ciarka,9,7,2024,Wydanie I,697,False,Transport wysyłać zmienić plecy chcieć wielkość. Tylko cienki powiat widzieć Austria.,dostępny
532,9781134555819,65787,Oraz kilka,pan Wojciech Lenda,4,4,1981,Wydanie I,268,False,Metal lampa substancja mąż. Wiedzieć walczyć strefa pacjent nie ma piękny.,dostępny
533,9780523118734,92041,Skutek imię oraz elektryczny,pan Oliwier Stefankiewicz,7,4,2012,Wydanie I,139,False,Marzec wpaść pod. Obchodzić włożyć reguła kula miasto handlowy katastrofa wesoły.,w konserwacji
534,9780393892420,62912,Przyrząd zapalenie,pan Konrad Wojtak,1,6,1973,Wydanie I,547,True,Skłonność szkło rozwój nieść skała jednocześnie. Lato słyszeć podczas morski wóz spadać atak.,wypożyczony
535,9780582900776,17022,Dźwięk istnienie,Ewelina Fras,10,2,2018,Wydanie I,336,True,Większość wystawa osiemdziesiąt wnętrze. Myśl dodać przykład Francja z.,w konserwacji
536,9780348977738,99767,Do dorosły,pani Ada Flisiak,7,10,1956,Wydanie I,782,True,Wakacje 100 siedemdziesiąt firma wtorek budowa. Reguła archipelag Szwecja ucho szkodliwy.,dostępny
537,9780428279417,87221,Wśród wy 80,Igor Ciaś,6,2,2000,Wydanie I,796,False,Pani sygnał pani ramię. Świecić dodać mama broń pojęcie zwykły.,wypożyczony
538,9780428279417,11217,Wśród wy 80,Igor Ciaś,6,1,2000,Wydanie I,796,False,Pani sygnał pani ramię. Świecić dodać mama broń pojęcie zwykły.,dostępny
539,9780094652866,58436,Używać specjalny międzynarodowy móc,Krystian Serwach,7,3,1967,Wydanie I,696,True,Współczesny biskup opinia futro. Ogromny zimno wiosna wino. Słońce specjalny państwo jednostka.,wypożyczony
540,9780348977738,98681,Do dorosły,pani Ada Flisiak,7,2,1956,Wydanie I,782,False,Wakacje 100 siedemdziesiąt firma wtorek budowa. Reguła archipelag Szwecja ucho szkodliwy.,dostępny
541,9780414399907,38237,Owca przepis leżeć Egipt,Piotr Przekwas,6,10,2008,Wydanie I,212,False,Własny oficjalny dobrze. Wysoki użycie słodki akcja. Nigdy zima bóg uwaga stanowić.,dostępny
542,9780466343330,95936,Marka bić dolina pożar oglądać,Klara Ciarka,9,6,2024,Wydanie I,697,False,Transport wysyłać zmienić plecy chcieć wielkość. Tylko cienki powiat widzieć Austria.,wypożyczony
543,9781536822250,88315,Kula sztuczny włożyć Ameryka,Aleks Staśko,5,3,1960,Wydanie I,786,False,Gospodarka wywołać tam wszystek 7 wygrać słodki zysk. Ucho siedziba zmęczony właściwy obok.,wypożyczony
544,9780690936506,96168,Pomysł 40 temat znany,Julita Drobot,9,2,2016,Wydanie I,505,True,Zwycięstwo biec uznawać powodować. Czapka doskonały jakby.,w konserwacji
545,9780005513132,71688,60 ogród gwiazda,Julianna Żmija,2,5,1980,Wydanie I,626,False,Dodatkowy pływać czwartek studiować swój.,w konserwacji
546,9781072287513,8172,Fabryka skończyć operacja dorosły,pani Anna Maria Fiołek,6,3,2020,Wydanie I,241,True,Kamień fala długo Czechy czysty.,w konserwacji
547,9781435262805,13973,Sześćdziesiąt więcej piętro ani po,Marianna Berus,5,9,1998,Wydanie I,285,True,Budowla przypadek alkohol strefa ciemny flaga słoneczny. Trzymać wiek autor król nic 3 chemiczny.,wypożyczony
548,9781718044685,93462,Pisarz prezydent dowód,Marianna Poleszak,2,7,1968,Wydanie I,561,True,Porządek srebro używać wycieczka zawód zniszczyć go.,dostępny
549,9780094652866,79543,Używać specjalny międzynarodowy móc,Krystian Serwach,7,9,1967,Wydanie I,696,False,Współczesny biskup opinia futro. Ogromny zimno wiosna wino. Słońce specjalny państwo jednostka.,w konserwacji
550,9781432155315,14387,Zajmować Się następować zwykle biec,Mariusz Bartoszczyk,9,3,1977,Wydanie I,588,False,Wystawa prezent odzież wstyd. Być masa łatwy barwa środa usta kochać.,w konserwacji
551,9780348977738,53217,Do dorosły,pani Ada Flisiak,7,9,1956,Wydanie I,782,False,Wakacje 100 siedemdziesiąt firma wtorek budowa. Reguła archipelag Szwecja ucho szkodliwy.,wypożyczony
552,9780690936506,38047,Pomysł 40 temat znany,Julita Drobot,9,10,2016,Wydanie I,505,False,Zwycięstwo biec uznawać powodować. Czapka doskonały jakby.,w konserwacji
553,9780735005464,59658,Pogoda żyć przebywać ciemność pociąg,pani Klara Dziewit,4,10,1997,Wydanie I,442,False,Taki głośny wąski filmowy jeździć. Żywy osioł strefa wróg.,dostępny
554,9780094652866,4077,Używać specjalny międzynarodowy móc,Krystian Serwach,7,2,1967,Wydanie I,696,True,Współczesny biskup opinia futro. Ogromny zimno wiosna wino. Słońce specjalny państwo jednostka.,w konserwacji
555,9781337968874,56875,Zasada flaga coś ze,Angelika Trzyna,10,4,1980,Wydanie I,217,False,Lista kosztować ogon śpiewać. Ryba dać przyczyna.,wypożyczony
556,9780134362441,8681,Królowa kuchnia pod głowa,Adam Zbrożek,4,3,2000,Wydanie I,506,False,W Ciągu skutek łatwo czekolada zakończyć. Turecki nikt kurs ona miejscowość nadawać.,dostępny
557,9780768677201,34577,40 dzięki w formie zostać,Malwina Materek,9,7,1967,Wydanie I,355,False,Dyrektor w kształcie Ameryka władza.,wypożyczony
558,9781432155315,51894,Zajmować Się następować zwykle biec,Mariusz Bartoszczyk,9,1,1977,Wydanie I,588,False,Wystawa prezent odzież wstyd. Być masa łatwy barwa środa usta kochać.,dostępny
559,9781345231809,84492,Chłop moneta dziesięć granica ochrona,Andrzej Stein,10,10,2004,Wydanie I,278,False,Lot strefa klucz robić Polak. Cecha ozdoba międzynarodowy fałszywy lód uciekać.,w konserwacji
560,9781616142964,29367,Okazja chmura święto ziemia,pani Justyna Nowotny,10,5,1979,Wydanie I,784,True,Dowód otrzymać brzuch chodzić godzina port. Bułgarski 4 za pomocą pić właściwy szósty wy.,dostępny
561,9781874227250,79226,Warstwa wina zwykły,Cyprian Kott,2,1,1994,Wydanie I,776,False,Płeć obowiązywać powinien zdolność. Rachunek siostra radio można wysyłać krzew rasa złożony.,wypożyczony
562,9780428279417,24092,Wśród wy 80,Igor Ciaś,6,10,2000,Wydanie I,796,True,Pani sygnał pani ramię. Świecić dodać mama broń pojęcie zwykły.,w konserwacji
563,9780743425230,98811,Unia Europejska grupa narkotyk,pani Marika Kluczek,8,3,2017,Wydanie I,166,False,Stacja surowy dodać stacja pięć. Istnienie kłopot zajęcie mądry relacja okręt zając.,dostępny
564,9780393892420,36444,Przyrząd zapalenie,pan Konrad Wojtak,1,5,1973,Wydanie I,547,True,Skłonność szkło rozwój nieść skała jednocześnie. Lato słyszeć podczas morski wóz spadać atak.,wypożyczony
565,9781536822250,43420,Kula sztuczny włożyć Ameryka,Aleks Staśko,5,1,1960,Wydanie I,786,True,Gospodarka wywołać tam wszystek 7 wygrać słodki zysk. Ucho siedziba zmęczony właściwy obok.,dostępny
566,9781138492578,60039,Teoria obywatelka dzisiaj ziarno,Maciej Pyrkosz,9,3,1998,Wydanie I,487,True,Woda ostry wytwarzać katastrofa spór znaczny oficjalny.,w konserwacji
567,9780380954667,54507,Użytkownik jeśli św. sprzęt,Krystian Piaścik,4,6,1981,Wydanie I,552,False,Jedenaście otwierać zwykły prawdziwy prędkość malować kolorowy. Tłumaczyć grać transport jednak.,w konserwacji
568,9781138492578,73433,Teoria obywatelka dzisiaj ziarno,Maciej Pyrkosz,9,1,1998,Wydanie I,487,True,Woda ostry wytwarzać katastrofa spór znaczny oficjalny.,dostępny
569,9780668657846,24601,Księga powstawać późno moralny dziecięcy,pani Julita Rajchel,10,6,1957,Wydanie I,511,True,Srebro mieszkanie prawny procent dobro chwila. Polityczny popularny dół istnienie dolina.,wypożyczony
570,9781337968874,61118,Zasada flaga coś ze,Angelika Trzyna,10,2,1980,Wydanie I,217,False,Lista kosztować ogon śpiewać. Ryba dać przyczyna.,wypożyczony
571,9781167966286,57316,Prawdziwy postępowanie okno,Anastazja Soczewka,8,3,1977,Wydanie I,314,False,Koncert bardzo potrafić suma morze. Dialekt podnosić pani rzeczownik model wieża tamten wóz.,w konserwacji
572,9780005513132,22425,60 ogród gwiazda,Julianna Żmija,2,1,1980,Wydanie I,626,False,Dodatkowy pływać czwartek studiować swój.,wypożyczony
573,9780362591026,10489,Trzeba oko,Janina Kołak,8,2,1976,Wydanie I,669,False,Krok świeży bar stary dół kolega. Dziura studia pas majuskuła.,dostępny
574,9780362591026,59855,Trzeba oko,Janina Kołak,8,1,1976,Wydanie I,669,True,Krok świeży bar stary dół kolega. Dziura studia pas majuskuła.,wypożyczony
575,9781385509982,93128,Anglia silnik tylko swój około,Anastazja Larysz,2,6,1984,Wydanie I,739,False,Chwila pamięć szybko gdzie postać sąd. Państwowy Piotr postawa hałas plemię artystyczny.,wypożyczony
576,9781718044685,58879,Pisarz prezydent dowód,Marianna Poleszak,2,3,1968,Wydanie I,561,False,Porządek srebro używać wycieczka zawód zniszczyć go.,dostępny
577,9781435262805,31884,Sześćdziesiąt więcej piętro ani po,Marianna Berus,5,8,1998,Wydanie I,285,False,Budowla przypadek alkohol strefa ciemny flaga słoneczny. Trzymać wiek autor król nic 3 chemiczny.,dostępny
578,9780625136742,76236,Trochę miód umieszczać siostra,pani Agnieszka Kazubek,3,5,1968,Wydanie I,755,True,Dno japoński sprzedaż ziarno naukowy tłumaczyć. Słyszeć łatwo język zbudować późny późno.,dostępny
579,9780735005464,36401,Pogoda żyć przebywać ciemność pociąg,pani Klara Dziewit,4,9,1997,Wydanie I,442,True,Taki głośny wąski filmowy jeździć. Żywy osioł strefa wróg.,wypożyczony
580,9781024774184,45703,Czwartek ząb stać się królewski zegar,Cyprian Rudyk,1,3,2013,Wydanie I,118,True,Marzec zachowanie pełny w końcu. Nad czy ubogi zielony Niemcy biblioteka.,wypożyczony
581,9780523118734,21911,Skutek imię oraz elektryczny,pan Oliwier Stefankiewicz,7,4,2012,Wydanie I,139,True,Marzec wpaść pod. Obchodzić włożyć reguła kula miasto handlowy katastrofa wesoły.,wypożyczony
582,9780362591026,66637,Trzeba oko,Janina Kołak,8,9,1976,Wydanie I,669,True,Krok świeży bar stary dół kolega. Dziura studia pas majuskuła.,wypożyczony
583,9780928916836,15585,Użytkownik posługiwać się rasa próba,Kornelia Kuczaj,6,5,1978,Wydanie I,466,False,Wobec słodki sport charakter. Jechać niebo temperatura bilet powiat kolega.,dostępny
584,9781865407234,42358,Włosy kwiecień most zespół budować,Albert Zarzeczna,5,4,1962,Wydanie I,347,True,Starożytny dobro rzeka plecy otwór patrzeć strój.,w konserwacji
585,9780428279417,41282,Wśród wy 80,Igor Ciaś,6,2,2000,Wydanie I,796,True,Pani sygnał pani ramię. Świecić dodać mama broń pojęcie zwykły.,dostępny
586,9780027914276,68220,Powodować polityczny strona,Jędrzej Pielach,3,8,2013,Wydanie I,590,False,Gaz w końcu drzwi słońce las. Plac pewien leczenie.,dostępny
587,9781345231809,58540,Chłop moneta dziesięć granica ochrona,Andrzej Stein,10,5,2004,Wydanie I,278,True,Lot strefa klucz robić Polak. Cecha ozdoba międzynarodowy fałszywy lód uciekać.,dostępny
588,9781426248160,93282,Wiersz poniedziałek skała,pan Tobiasz Michnik,6,3,1953,Wydanie I,314,False,Świadczyć technika lista zmiana temat stworzyć. Swój posiłek drewniany dawny większość powstanie.,dostępny
589,9780027914276,44105,Powodować polityczny strona,Jędrzej Pielach,3,6,2013,Wydanie I,590,True,Gaz w końcu drzwi słońce las. Plac pewien leczenie.,w konserwacji
590,9780348977738,55626,Do dorosły,pani Ada Flisiak,7,4,1956,Wydanie I,782,False,Wakacje 100 siedemdziesiąt firma wtorek budowa. Reguła archipelag Szwecja ucho szkodliwy.,wypożyczony
591,9781385509982,3926,Anglia silnik tylko swój około,Anastazja Larysz,2,4,1984,Wydanie I,739,True,Chwila pamięć szybko gdzie postać sąd. Państwowy Piotr postawa hałas plemię artystyczny.,w konserwacji
592,9781435262805,29528,Sześćdziesiąt więcej piętro ani po,Marianna Berus,5,3,1998,Wydanie I,285,True,Budowla przypadek alkohol strefa ciemny flaga słoneczny. Trzymać wiek autor król nic 3 chemiczny.,w konserwacji
593,9780888596710,3965,Dokładnie te dorosły zgadzać się most,pan Igor Doruch,4,7,1950,Wydanie I,165,False,Park rynek zgodny francuski. Dziób trwać idea obowiązywać zbiór papier jakość.,wypożyczony
594,9780798423175,76329,Pić czerwony,Borys Getka,9,4,1958,Wydanie I,650,False,Słoneczny zachodni nocny. Pasek los także delikatny przychodzić.,wypożyczony
595,9781718044685,15126,Pisarz prezydent dowód,Marianna Poleszak,2,1,1968,Wydanie I,561,True,Porządek srebro używać wycieczka zawód zniszczyć go.,wypożyczony
596,9781024774184,73700,Czwartek ząb stać się królewski zegar,Cyprian Rudyk,1,6,2013,Wydanie I,118,True,Marzec zachowanie pełny w końcu. Nad czy ubogi zielony Niemcy biblioteka.,dostępny
597,9780362591026,93153,Trzeba oko,Janina Kołak,8,5,1976,Wydanie I,669,True,Krok świeży bar stary dół kolega. Dziura studia pas majuskuła.,w konserwacji
598,9781759252018,89584,Węgiel kilometr czyn a własny,Jerzy Pabisiak,5,6,1997,Wydanie I,471,True,"Piasek kolor późny chleb.
Lud jeszcze góra tylko.",w konserwacji
599,9780005513132,31926,60 ogród gwiazda,Julianna Żmija,2,1,1980,Wydanie I,626,True,Dodatkowy pływać czwartek studiować swój.,wypożyczony
600,9781072287513,89226,Fabryka skończyć operacja dorosły,pani Anna Maria Fiołek,6,5,2020,Wydanie I,241,False,Kamień fala długo Czechy czysty.,w konserwacji
601,9780543464620,65801,Cierpieć jakość czekolada,Tymon Myk,3,7,1983,Wydanie I,353,True,Kolano bogini polityka szósty obwód. Według lato konstrukcja bogini naczynie.,w konserwacji
602,9781545385265,10970,Cecha zakończenie pomarańczowy wreszcie ten,pan Marek Hermanowicz,3,10,1981,Wydanie I,155,True,Aż żart powstawać długość ona w typ. Piosenka Niemiec Holandia.,wypożyczony
603,9781786430304,13013,- otwierać możliwy bawić się,Urszula Lejk,4,5,1971,Wydanie I,729,False,Wskazywać natychmiast spodnie stawać się za tradycyjny.,wypożyczony
604,9781435262805,81459,Sześćdziesiąt więcej piętro ani po,Marianna Berus,5,1,1998,Wydanie I,285,True,Budowla przypadek alkohol strefa ciemny flaga słoneczny. Trzymać wiek autor król nic 3 chemiczny.,wypożyczony
605,9780888596710,20740,Dokładnie te dorosły zgadzać się most,pan Igor Doruch,4,2,1950,Wydanie I,165,False,Park rynek zgodny francuski. Dziób trwać idea obowiązywać zbiór papier jakość.,dostępny
606,9781698428123,60309,Ulegać dyrektor koza gwałtowny,Kaja Kałwa,3,6,1992,Wydanie I,762,False,Miejscowość utwór mężczyzna wszelki chociaż narząd lód. Fakt zniszczyć hałas no mowa aktywny ślad.,dostępny
607,9780523118734,50025,Skutek imię oraz elektryczny,pan Oliwier Stefankiewicz,7,6,2012,Wydanie I,139,True,Marzec wpaść pod. Obchodzić włożyć reguła kula miasto handlowy katastrofa wesoły.,wypożyczony
608,9780280858225,1780,Natychmiast zbyt trawa atak,Antoni Warzybok,5,4,1951,Wydanie I,164,False,Żydowski anioł powstawać sędzia pragnąć. Dzień los wspaniały chcieć.,wypożyczony
609,9781435262805,35326,Sześćdziesiąt więcej piętro ani po,Marianna Berus,5,7,1998,Wydanie I,285,False,Budowla przypadek alkohol strefa ciemny flaga słoneczny. Trzymać wiek autor król nic 3 chemiczny.,dostępny
610,9781167966286,6748,Prawdziwy postępowanie okno,Anastazja Soczewka,8,6,1977,Wydanie I,314,True,Koncert bardzo potrafić suma morze. Dialekt podnosić pani rzeczownik model wieża tamten wóz.,w konserwacji
611,9780134362441,41062,Królowa kuchnia pod głowa,Adam Zbrożek,4,8,2000,Wydanie I,506,True,W Ciągu skutek łatwo czekolada zakończyć. Turecki nikt kurs ona miejscowość nadawać.,dostępny
612,9780414399907,21485,Owca przepis leżeć Egipt,Piotr Przekwas,6,2,2008,Wydanie I,212,True,Własny oficjalny dobrze. Wysoki użycie słodki akcja. Nigdy zima bóg uwaga stanowić.,dostępny
613,9781718044685,96417,Pisarz prezydent dowód,Marianna Poleszak,2,1,1968,Wydanie I,561,False,Porządek srebro używać wycieczka zawód zniszczyć go.,dostępny
614,9780625136742,53261,Trochę miód umieszczać siostra,pani Agnieszka Kazubek,3,4,1968,Wydanie I,755,True,Dno japoński sprzedaż ziarno naukowy tłumaczyć. Słyszeć łatwo język zbudować późny późno.,wypożyczony
615,9781616142964,17248,Okazja chmura święto ziemia,pani Justyna Nowotny,10,5,1979,Wydanie I,784,True,Dowód otrzymać brzuch chodzić godzina port. Bułgarski 4 za pomocą pić właściwy szósty wy.,w konserwacji
616,9780888596710,37950,Dokładnie te dorosły zgadzać się most,pan Igor Doruch,4,2,1950,Wydanie I,165,True,Park rynek zgodny francuski. Dziób trwać idea obowiązywać zbiór papier jakość.,wypożyczony
617,9780798423175,69354,Pić czerwony,Borys Getka,9,3,1958,Wydanie I,650,True,Słoneczny zachodni nocny. Pasek los także delikatny przychodzić.,dostępny
618,9781385509982,9604,Anglia silnik tylko swój około,Anastazja Larysz,2,7,1984,Wydanie I,739,False,Chwila pamięć szybko gdzie postać sąd. Państwowy Piotr postawa hałas plemię artystyczny.,wypożyczony
619,9781545385265,61315,Cecha zakończenie pomarańczowy wreszcie ten,pan Marek Hermanowicz,3,10,1981,Wydanie I,155,False,Aż żart powstawać długość ona w typ. Piosenka Niemiec Holandia.,w konserwacji
620,9781138492578,19927,Teoria obywatelka dzisiaj ziarno,Maciej Pyrkosz,9,6,1998,Wydanie I,487,True,Woda ostry wytwarzać katastrofa spór znaczny oficjalny.,wypożyczony
621,9781337968874,32616,Zasada flaga coś ze,Angelika Trzyna,10,4,1980,Wydanie I,217,True,Lista kosztować ogon śpiewać. Ryba dać przyczyna.,w konserwacji
622,9781432155315,99609,Zajmować Się następować zwykle biec,Mariusz Bartoszczyk,9,3,1977,Wydanie I,588,True,Wystawa prezent odzież wstyd. Być masa łatwy barwa środa usta kochać.,wypożyczony
623,9780414399907,3606,Owca przepis leżeć Egipt,Piotr Przekwas,6,5,2008,Wydanie I,212,False,Własny oficjalny dobrze. Wysoki użycie słodki akcja. Nigdy zima bóg uwaga stanowić.,w konserwacji
624,9780625136742,51764,Trochę miód umieszczać siostra,pani Agnieszka Kazubek,3,5,1968,Wydanie I,755,True,Dno japoński sprzedaż ziarno naukowy tłumaczyć. Słyszeć łatwo język zbudować późny późno.,dostępny
625,9781167966286,53235,Prawdziwy postępowanie okno,Anastazja Soczewka,8,6,1977,Wydanie I,314,False,Koncert bardzo potrafić suma morze. Dialekt podnosić pani rzeczownik model wieża tamten wóz.,dostępny
626,9781865407234,17991,Włosy kwiecień most zespół budować,Albert Zarzeczna,5,10,1962,Wydanie I,347,True,Starożytny dobro rzeka plecy otwór patrzeć strój.,wypożyczony
627,9780393892420,40858,Przyrząd zapalenie,pan Konrad Wojtak,1,3,1973,Wydanie I,547,True,Skłonność szkło rozwój nieść skała jednocześnie. Lato słyszeć podczas morski wóz spadać atak.,w konserwacji
628,9780362591026,40340,Trzeba oko,Janina Kołak,8,7,1976,Wydanie I,669,False,Krok świeży bar stary dół kolega. Dziura studia pas majuskuła.,wypożyczony
629,9780928916836,19862,Użytkownik posługiwać się rasa próba,Kornelia Kuczaj,6,8,1978,Wydanie I,466,False,Wobec słodki sport charakter. Jechać niebo temperatura bilet powiat kolega.,wypożyczony
630,9780888596710,5148,Dokładnie te dorosły zgadzać się most,pan Igor Doruch,4,2,1950,Wydanie I,165,False,Park rynek zgodny francuski. Dziób trwać idea obowiązywać zbiór papier jakość.,w konserwacji
631,9781345231809,74171,Chłop moneta dziesięć granica ochrona,Andrzej Stein,10,10,2004,Wydanie I,278,False,Lot strefa klucz robić Polak. Cecha ozdoba międzynarodowy fałszywy lód uciekać.,dostępny
632,9781865407234,71755,Włosy kwiecień most zespół budować,Albert Zarzeczna,5,8,1962,Wydanie I,347,True,Starożytny dobro rzeka plecy otwór patrzeć strój.,w konserwacji
633,9781256020141,94649,Północny sytuacja umysł zawierać,Apolonia Lorenz,8,8,1993,Wydanie I,445,True,Danie pomarańczowy aktor but.,dostępny
634,9780523118734,59215,Skutek imię oraz elektryczny,pan Oliwier Stefankiewicz,7,6,2012,Wydanie I,139,False,Marzec wpaść pod. Obchodzić włożyć reguła kula miasto handlowy katastrofa wesoły.,w konserwacji
635,9781296362881,16421,Góra szacunek rzeczownik kosz pomieszczenie,Urszula Wyroślak,2,10,1970,Wydanie I,197,True,Ryzyko wschód ćwiczenie radiowy tor. Chrystus cukier banknot stworzyć góra.,wypożyczony
636,9780814943571,13298,Stado lud krew,Łukasz Radzewicz,4,6,1982,Wydanie I,347,True,Pierwiastek koszt wystawa lewy niezwykły wyspa. W Ciągu pieniądz krok wychodzić literatura wydać.,dostępny
637,9781337968874,32806,Zasada flaga coś ze,Angelika Trzyna,10,2,1980,Wydanie I,217,True,Lista kosztować ogon śpiewać. Ryba dać przyczyna.,w konserwacji
638,9780027914276,38548,Powodować polityczny strona,Jędrzej Pielach,3,4,2013,Wydanie I,590,False,Gaz w końcu drzwi słońce las. Plac pewien leczenie.,w konserwacji
639,9780928916836,48006,Użytkownik posługiwać się rasa próba,Kornelia Kuczaj,6,6,1978,Wydanie I,466,False,Wobec słodki sport charakter. Jechać niebo temperatura bilet powiat kolega.,wypożyczony
640,9781432155315,20242,Zajmować Się następować zwykle biec,Mariusz Bartoszczyk,9,7,1977,Wydanie I,588,False,Wystawa prezent odzież wstyd. Być masa łatwy barwa środa usta kochać.,wypożyczony
641,9781017268270,87685,Odwaga dziać się taki,pan Borys Kobak,1,8,1954,Wydanie I,171,False,Płyn Chiny staw nagle. Egipt strumień azjatycki różny wolny stać. Kapelusz umysł budynek wojna.,dostępny
642,9781536822250,64178,Kula sztuczny włożyć Ameryka,Aleks Staśko,5,10,1960,Wydanie I,786,False,Gospodarka wywołać tam wszystek 7 wygrać słodki zysk. Ucho siedziba zmęczony właściwy obok.,dostępny
643,9780466343330,16433,Marka bić dolina pożar oglądać,Klara Ciarka,9,10,2024,Wydanie I,697,True,Transport wysyłać zmienić plecy chcieć wielkość. Tylko cienki powiat widzieć Austria.,dostępny
644,9780428279417,53578,Wśród wy 80,Igor Ciaś,6,5,2000,Wydanie I,796,False,Pani sygnał pani ramię. Świecić dodać mama broń pojęcie zwykły.,wypożyczony
645,9780134362441,62304,Królowa kuchnia pod głowa,Adam Zbrożek,4,9,2000,Wydanie I,506,True,W Ciągu skutek łatwo czekolada zakończyć. Turecki nikt kurs ona miejscowość nadawać.,w konserwacji
646,9781759252018,65404,Węgiel kilometr czyn a własny,Jerzy Pabisiak,5,1,1997,Wydanie I,471,True,"Piasek kolor późny chleb.
Lud jeszcze góra tylko.",w konserwacji
647,9780888596710,47289,Dokładnie te dorosły zgadzać się most,pan Igor Doruch,4,9,1950,Wydanie I,165,False,Park rynek zgodny francuski. Dziób trwać idea obowiązywać zbiór papier jakość.,w konserwacji
648,9780888596710,90430,Dokładnie te dorosły zgadzać się most,pan Igor Doruch,4,8,1950,Wydanie I,165,True,Park rynek zgodny francuski. Dziób trwać idea obowiązywać zbiór papier jakość.,wypożyczony
649,9780690936506,60688,Pomysł 40 temat znany,Julita Drobot,9,7,2016,Wydanie I,505,False,Zwycięstwo biec uznawać powodować. Czapka doskonały jakby.,wypożyczony
650,9781138492578,29266,Teoria obywatelka dzisiaj ziarno,Maciej Pyrkosz,9,5,1998,Wydanie I,487,True,Woda ostry wytwarzać katastrofa spór znaczny oficjalny.,wypożyczony
651,9780523118734,47115,Skutek imię oraz elektryczny,pan Oliwier Stefankiewicz,7,8,2012,Wydanie I,139,True,Marzec wpaść pod. Obchodzić włożyć reguła kula miasto handlowy katastrofa wesoły.,w konserwacji
652,9781138492578,80017,Teoria obywatelka dzisiaj ziarno,Maciej Pyrkosz,9,10,1998,Wydanie I,487,False,Woda ostry wytwarzać katastrofa spór znaczny oficjalny.,wypożyczony
653,9780501265870,60159,Pająk istnieć robota trzeba poziom,Paweł Stanclik,7,10,1963,Wydanie I,572,False,Błąd zaś pewien rasa właściwość. Cel lewy księżyc figura produkcja.,dostępny
654,9780466343330,74183,Marka bić dolina pożar oglądać,Klara Ciarka,9,5,2024,Wydanie I,697,False,Transport wysyłać zmienić plecy chcieć wielkość. Tylko cienki powiat widzieć Austria.,w konserwacji
655,9781865407234,91537,Włosy kwiecień most zespół budować,Albert Zarzeczna,5,8,1962,Wydanie I,347,True,Starożytny dobro rzeka plecy otwór patrzeć strój.,dostępny
656,9780735005464,68678,Pogoda żyć przebywać ciemność pociąg,pani Klara Dziewit,4,1,1997,Wydanie I,442,False,Taki głośny wąski filmowy jeździć. Żywy osioł strefa wróg.,w konserwacji
657,9781773311876,71359,Córka dźwięk jeść,pani Sonia Kościesza,4,1,1950,Wydanie I,797,True,Móc wspomnienie gdzieś uciec grzech. Metal rezultat wewnątrz liść rynek zmieniać brzuch.,wypożyczony
658,9781874227250,5940,Warstwa wina zwykły,Cyprian Kott,2,3,1994,Wydanie I,776,True,Płeć obowiązywać powinien zdolność. Rachunek siostra radio można wysyłać krzew rasa złożony.,w konserwacji
659,9781545385265,12470,Cecha zakończenie pomarańczowy wreszcie ten,pan Marek Hermanowicz,3,3,1981,Wydanie I,155,False,Aż żart powstawać długość ona w typ. Piosenka Niemiec Holandia.,w konserwacji
660,9781296362881,5467,Góra szacunek rzeczownik kosz pomieszczenie,Urszula Wyroślak,2,7,1970,Wydanie I,197,False,Ryzyko wschód ćwiczenie radiowy tor. Chrystus cukier banknot stworzyć góra.,w konserwacji
661,9780005513132,96320,60 ogród gwiazda,Julianna Żmija,2,2,1980,Wydanie I,626,False,Dodatkowy pływać czwartek studiować swój.,w konserwacji
662,9781545385265,24498,Cecha zakończenie pomarańczowy wreszcie ten,pan Marek Hermanowicz,3,8,1981,Wydanie I,155,False,Aż żart powstawać długość ona w typ. Piosenka Niemiec Holandia.,wypożyczony
663,9780134362441,64830,Królowa kuchnia pod głowa,Adam Zbrożek,4,10,2000,Wydanie I,506,False,W Ciągu skutek łatwo czekolada zakończyć. Turecki nikt kurs ona miejscowość nadawać.,w konserwacji
664,9780362591026,55190,Trzeba oko,Janina Kołak,8,5,1976,Wydanie I,669,True,Krok świeży bar stary dół kolega. Dziura studia pas majuskuła.,wypożyczony
665,9780393892420,84820,Przyrząd zapalenie,pan Konrad Wojtak,1,1,1973,Wydanie I,547,True,Skłonność szkło rozwój nieść skała jednocześnie. Lato słyszeć podczas morski wóz spadać atak.,wypożyczony
666,9780735005464,5146,Pogoda żyć przebywać ciemność pociąg,pani Klara Dziewit,4,6,1997,Wydanie I,442,True,Taki głośny wąski filmowy jeździć. Żywy osioł strefa wróg.,wypożyczony
667,9780888596710,8753,Dokładnie te dorosły zgadzać się most,pan Igor Doruch,4,3,1950,Wydanie I,165,False,Park rynek zgodny francuski. Dziób trwać idea obowiązywać zbiór papier jakość.,dostępny
668,9780348977738,11340,Do dorosły,pani Ada Flisiak,7,1,1956,Wydanie I,782,False,Wakacje 100 siedemdziesiąt firma wtorek budowa. Reguła archipelag Szwecja ucho szkodliwy.,wypożyczony
669,9780380954667,52995,Użytkownik jeśli św. sprzęt,Krystian Piaścik,4,2,1981,Wydanie I,552,True,Jedenaście otwierać zwykły prawdziwy prędkość malować kolorowy. Tłumaczyć grać transport jednak.,dostępny
670,9781865407234,45130,Włosy kwiecień most zespół budować,Albert Zarzeczna,5,3,1962,Wydanie I,347,True,Starożytny dobro rzeka plecy otwór patrzeć strój.,w konserwacji
671,9781167966286,41242,Prawdziwy postępowanie okno,Anastazja Soczewka,8,4,1977,Wydanie I,314,False,Koncert bardzo potrafić suma morze. Dialekt podnosić pani rzeczownik model wieża tamten wóz.,w konserwacji
672,9781432155315,64583,Zajmować Się następować zwykle biec,Mariusz Bartoszczyk,9,6,1977,Wydanie I,588,True,Wystawa prezent odzież wstyd. Być masa łatwy barwa środa usta kochać.,dostępny
673,9781296362881,49080,Góra szacunek rzeczownik kosz pomieszczenie,Urszula Wyroślak,2,7,1970,Wydanie I,197,True,Ryzyko wschód ćwiczenie radiowy tor. Chrystus cukier banknot stworzyć góra.,wypożyczony
674,9781138492578,24575,Teoria obywatelka dzisiaj ziarno,Maciej Pyrkosz,9,2,1998,Wydanie I,487,False,Woda ostry wytwarzać katastrofa spór znaczny oficjalny.,dostępny
675,9780005513132,55022,60 ogród gwiazda,Julianna Żmija,2,5,1980,Wydanie I,626,False,Dodatkowy pływać czwartek studiować swój.,dostępny
676,9781296362881,71037,Góra szacunek rzeczownik kosz pomieszczenie,Urszula Wyroślak,2,8,1970,Wydanie I,197,False,Ryzyko wschód ćwiczenie radiowy tor. Chrystus cukier banknot stworzyć góra.,wypożyczony
677,9781773311876,34876,Córka dźwięk jeść,pani Sonia Kościesza,4,9,1950,Wydanie I,797,True,Móc wspomnienie gdzieś uciec grzech. Metal rezultat wewnątrz liść rynek zmieniać brzuch.,wypożyczony
678,9780501265870,8114,Pająk istnieć robota trzeba poziom,Paweł Stanclik,7,4,1963,Wydanie I,572,True,Błąd zaś pewien rasa właściwość. Cel lewy księżyc figura produkcja.,dostępny
679,9781432155315,60736,Zajmować Się następować zwykle biec,Mariusz Bartoszczyk,9,4,1977,Wydanie I,588,False,Wystawa prezent odzież wstyd. Być masa łatwy barwa środa usta kochać.,w konserwacji
680,9780362591026,61422,Trzeba oko,Janina Kołak,8,5,1976,Wydanie I,669,True,Krok świeży bar stary dół kolega. Dziura studia pas majuskuła.,w konserwacji
681,9780094652866,32286,Używać specjalny międzynarodowy móc,Krystian Serwach,7,9,1967,Wydanie I,696,False,Współczesny biskup opinia futro. Ogromny zimno wiosna wino. Słońce specjalny państwo jednostka.,w konserwacji
682,9780768677201,46954,40 dzięki w formie zostać,Malwina Materek,9,2,1967,Wydanie I,355,True,Dyrektor w kształcie Ameryka władza.,w konserwacji
683,9781759252018,81454,Węgiel kilometr czyn a własny,Jerzy Pabisiak,5,6,1997,Wydanie I,471,True,"Piasek kolor późny chleb.
Lud jeszcze góra tylko.",dostępny
684,9781345231809,88441,Chłop moneta dziesięć granica ochrona,Andrzej Stein,10,10,2004,Wydanie I,278,True,Lot strefa klucz robić Polak. Cecha ozdoba międzynarodowy fałszywy lód uciekać.,dostępny
685,9780094652866,5892,Używać specjalny międzynarodowy móc,Krystian Serwach,7,1,1967,Wydanie I,696,True,Współczesny biskup opinia futro. Ogromny zimno wiosna wino. Słońce specjalny państwo jednostka.,w konserwacji
686,9781072287513,61991,Fabryka skończyć operacja dorosły,pani Anna Maria Fiołek,6,7,2020,Wydanie I,241,False,Kamień fala długo Czechy czysty.,wypożyczony
687,9780466343330,92778,Marka bić dolina pożar oglądać,Klara Ciarka,9,1,2024,Wydanie I,697,False,Transport wysyłać zmienić plecy chcieć wielkość. Tylko cienki powiat widzieć Austria.,wypożyczony
688,9781545385265,84035,Cecha zakończenie pomarańczowy wreszcie ten,pan Marek Hermanowicz,3,10,1981,Wydanie I,155,True,Aż żart powstawać długość ona w typ. Piosenka Niemiec Holandia.,w konserwacji
689,9780582900776,37825,Dźwięk istnienie,Ewelina Fras,10,4,2018,Wydanie I,336,False,Większość wystawa osiemdziesiąt wnętrze. Myśl dodać przykład Francja z.,w konserwacji
690,9780393892420,83811,Przyrząd zapalenie,pan Konrad Wojtak,1,5,1973,Wydanie I,547,True,Skłonność szkło rozwój nieść skała jednocześnie. Lato słyszeć podczas morski wóz spadać atak.,w konserwacji
691,9781337968874,15519,Zasada flaga coś ze,Angelika Trzyna,10,3,1980,Wydanie I,217,False,Lista kosztować ogon śpiewać. Ryba dać przyczyna.,w konserwacji
692,9781874227250,9671,Warstwa wina zwykły,Cyprian Kott,2,8,1994,Wydanie I,776,False,Płeć obowiązywać powinien zdolność. Rachunek siostra radio można wysyłać krzew rasa złożony.,dostępny
693,9780735005464,59380,Pogoda żyć przebywać ciemność pociąg,pani Klara Dziewit,4,1,1997,Wydanie I,442,False,Taki głośny wąski filmowy jeździć. Żywy osioł strefa wróg.,dostępny
694,9781786430304,49742,- otwierać możliwy bawić się,Urszula Lejk,4,3,1971,Wydanie I,729,False,Wskazywać natychmiast spodnie stawać się za tradycyjny.,w konserwacji
695,9781017268270,37328,Odwaga dziać się taki,pan Borys Kobak,1,9,1954,Wydanie I,171,False,Płyn Chiny staw nagle. Egipt strumień azjatycki różny wolny stać. Kapelusz umysł budynek wojna.,dostępny
696,9781296362881,4101,Góra szacunek rzeczownik kosz pomieszczenie,Urszula Wyroślak,2,7,1970,Wydanie I,197,False,Ryzyko wschód ćwiczenie radiowy tor. Chrystus cukier banknot stworzyć góra.,w konserwacji
697,9781874227250,95952,Warstwa wina zwykły,Cyprian Kott,2,8,1994,Wydanie I,776,True,Płeć obowiązywać powinien zdolność. Rachunek siostra radio można wysyłać krzew rasa złożony.,wypożyczony
698,9781536822250,57708,Kula sztuczny włożyć Ameryka,Aleks Staśko,5,10,1960,Wydanie I,786,True,Gospodarka wywołać tam wszystek 7 wygrać słodki zysk. Ucho siedziba zmęczony właściwy obok.,wypożyczony
699,9781432155315,29395,Zajmować Się następować zwykle biec,Mariusz Bartoszczyk,9,9,1977,Wydanie I,588,True,Wystawa prezent odzież wstyd. Być masa łatwy barwa środa usta kochać.,wypożyczony
700,9780094652866,22697,Używać specjalny międzynarodowy móc,Krystian Serwach,7,5,1967,Wydanie I,696,True,Współczesny biskup opinia futro. Ogromny zimno wiosna wino. Słońce specjalny państwo jednostka.,wypożyczony
701,9781759252018,67632,Węgiel kilometr czyn a własny,Jerzy Pabisiak,5,7,1997,Wydanie I,471,True,"Piasek kolor późny chleb.
Lud jeszcze góra tylko.",wypożyczony
702,9780428279417,76676,Wśród wy 80,Igor Ciaś,6,4,2000,Wydanie I,796,False,Pani sygnał pani ramię. Świecić dodać mama broń pojęcie zwykły.,w konserwacji
703,9780798423175,57328,Pić czerwony,Borys Getka,9,2,1958,Wydanie I,650,False,Słoneczny zachodni nocny. Pasek los także delikatny przychodzić.,w konserwacji
704,9780888596710,62913,Dokładnie te dorosły zgadzać się most,pan Igor Doruch,4,7,1950,Wydanie I,165,True,Park rynek zgodny francuski. Dziób trwać idea obowiązywać zbiór papier jakość.,wypożyczony
705,9780668657846,84639,Księga powstawać późno moralny dziecięcy,pani Julita Rajchel,10,8,1957,Wydanie I,511,False,Srebro mieszkanie prawny procent dobro chwila. Polityczny popularny dół istnienie dolina.,wypożyczony
706,9780768677201,63537,40 dzięki w formie zostać,Malwina Materek,9,3,1967,Wydanie I,355,True,Dyrektor w kształcie Ameryka władza.,dostępny
707,9781426248160,13748,Wiersz poniedziałek skała,pan Tobiasz Michnik,6,3,1953,Wydanie I,314,True,Świadczyć technika lista zmiana temat stworzyć. Swój posiłek drewniany dawny większość powstanie.,dostępny
708,9781134555819,50563,Oraz kilka,pan Wojciech Lenda,4,1,1981,Wydanie I,268,True,Metal lampa substancja mąż. Wiedzieć walczyć strefa pacjent nie ma piękny.,wypożyczony
709,9781759252018,17374,Węgiel kilometr czyn a własny,Jerzy Pabisiak,5,9,1997,Wydanie I,471,True,"Piasek kolor późny chleb.
Lud jeszcze góra tylko.",dostępny
710,9781167966286,10252,Prawdziwy postępowanie okno,Anastazja Soczewka,8,6,1977,Wydanie I,314,False,Koncert bardzo potrafić suma morze. Dialekt podnosić pani rzeczownik model wieża tamten wóz.,w konserwacji
711,9781435262805,37607,Sześćdziesiąt więcej piętro ani po,Marianna Berus,5,3,1998,Wydanie I,285,False,Budowla przypadek alkohol strefa ciemny flaga słoneczny. Trzymać wiek autor król nic 3 chemiczny.,w konserwacji
712,9780005513132,42882,60 ogród gwiazda,Julianna Żmija,2,10,1980,Wydanie I,626,False,Dodatkowy pływać czwartek studiować swój.,dostępny
713,9780743425230,41357,Unia Europejska grupa narkotyk,pani Marika Kluczek,8,6,2017,Wydanie I,166,True,Stacja surowy dodać stacja pięć. Istnienie kłopot zajęcie mądry relacja okręt zając.,w konserwacji
714,9781616142964,26622,Okazja chmura święto ziemia,pani Justyna Nowotny,10,8,1979,Wydanie I,784,False,Dowód otrzymać brzuch chodzić godzina port. Bułgarski 4 za pomocą pić właściwy szósty wy.,w konserwacji
715,9780380954667,91852,Użytkownik jeśli św. sprzęt,Krystian Piaścik,4,2,1981,Wydanie I,552,True,Jedenaście otwierać zwykły prawdziwy prędkość malować kolorowy. Tłumaczyć grać transport jednak.,w konserwacji
716,9781616142964,99442,Okazja chmura święto ziemia,pani Justyna Nowotny,10,1,1979,Wydanie I,784,True,Dowód otrzymać brzuch chodzić godzina port. Bułgarski 4 za pomocą pić właściwy szósty wy.,wypożyczony
717,9781786430304,68984,- otwierać możliwy bawić się,Urszula Lejk,4,1,1971,Wydanie I,729,True,Wskazywać natychmiast spodnie stawać się za tradycyjny.,dostępny
718,9781345231809,11825,Chłop moneta dziesięć granica ochrona,Andrzej Stein,10,8,2004,Wydanie I,278,False,Lot strefa klucz robić Polak. Cecha ozdoba międzynarodowy fałszywy lód uciekać.,dostępny
719,9781134555819,85272,Oraz kilka,pan Wojciech Lenda,4,1,1981,Wydanie I,268,False,Metal lampa substancja mąż. Wiedzieć walczyć strefa pacjent nie ma piękny.,w konserwacji
720,9780743425230,40120,Unia Europejska grupa narkotyk,pani Marika Kluczek,8,8,2017,Wydanie I,166,True,Stacja surowy dodać stacja pięć. Istnienie kłopot zajęcie mądry relacja okręt zając.,wypożyczony
721,9781616142964,47882,Okazja chmura święto ziemia,pani Justyna Nowotny,10,9,1979,Wydanie I,784,True,Dowód otrzymać brzuch chodzić godzina port. Bułgarski 4 za pomocą pić właściwy szósty wy.,wypożyczony
722,9780428279417,27502,Wśród wy 80,Igor Ciaś,6,4,2000,Wydanie I,796,True,Pani sygnał pani ramię. Świecić dodać mama broń pojęcie zwykły.,wypożyczony
723,9780888596710,80713,Dokładnie te dorosły zgadzać się most,pan Igor Doruch,4,7,1950,Wydanie I,165,False,Park rynek zgodny francuski. Dziób trwać idea obowiązywać zbiór papier jakość.,dostępny
724,9780027914276,77144,Powodować polityczny strona,Jędrzej Pielach,3,3,2013,Wydanie I,590,True,Gaz w końcu drzwi słońce las. Plac pewien leczenie.,dostępny
725,9781345231809,97808,Chłop moneta dziesięć granica ochrona,Andrzej Stein,10,10,2004,Wydanie I,278,True,Lot strefa klucz robić Polak. Cecha ozdoba międzynarodowy fałszywy lód uciekać.,w konserwacji
726,9781072287513,71360,Fabryka skończyć operacja dorosły,pani Anna Maria Fiołek,6,5,2020,Wydanie I,241,False,Kamień fala długo Czechy czysty.,wypożyczony
727,9780393892420,1254,Przyrząd zapalenie,pan Konrad Wojtak,1,6,1973,Wydanie I,547,True,Skłonność szkło rozwój nieść skała jednocześnie. Lato słyszeć podczas morski wóz spadać atak.,w konserwacji
728,9781385509982,81905,Anglia silnik tylko swój około,Anastazja Larysz,2,10,1984,Wydanie I,739,False,Chwila pamięć szybko gdzie postać sąd. Państwowy Piotr postawa hałas plemię artystyczny.,dostępny
729,9781134555819,23063,Oraz kilka,pan Wojciech Lenda,4,8,1981,Wydanie I,268,False,Metal lampa substancja mąż. Wiedzieć walczyć strefa pacjent nie ma piękny.,dostępny
730,9780928916836,99231,Użytkownik posługiwać się rasa próba,Kornelia Kuczaj,6,2,1978,Wydanie I,466,True,Wobec słodki sport charakter. Jechać niebo temperatura bilet powiat kolega.,dostępny
731,9780814943571,5655,Stado lud krew,Łukasz Radzewicz,4,2,1982,Wydanie I,347,False,Pierwiastek koszt wystawa lewy niezwykły wyspa. W Ciągu pieniądz krok wychodzić literatura wydać.,w konserwacji
732,9780466343330,63735,Marka bić dolina pożar oglądać,Klara Ciarka,9,3,2024,Wydanie I,697,True,Transport wysyłać zmienić plecy chcieć wielkość. Tylko cienki powiat widzieć Austria.,dostępny
733,9780393892420,88577,Przyrząd zapalenie,pan Konrad Wojtak,1,9,1973,Wydanie I,547,False,Skłonność szkło rozwój nieść skała jednocześnie. Lato słyszeć podczas morski wóz spadać atak.,w konserwacji
734,9780768677201,17446,40 dzięki w formie zostać,Malwina Materek,9,4,1967,Wydanie I,355,False,Dyrektor w kształcie Ameryka władza.,w konserwacji
735,9781545385265,28736,Cecha zakończenie pomarańczowy wreszcie ten,pan Marek Hermanowicz,3,8,1981,Wydanie I,155,False,Aż żart powstawać długość ona w typ. Piosenka Niemiec Holandia.,w konserwacji
736,9780134362441,11634,Królowa kuchnia pod głowa,Adam Zbrożek,4,6,2000,Wydanie I,506,True,W Ciągu skutek łatwo czekolada zakończyć. Turecki nikt kurs ona miejscowość nadawać.,dostępny
737,9781536822250,80726,Kula sztuczny włożyć Ameryka,Aleks Staśko,5,10,1960,Wydanie I,786,True,Gospodarka wywołać tam wszystek 7 wygrać słodki zysk. Ucho siedziba zmęczony właściwy obok.,w konserwacji
738,9781024774184,74717,Czwartek ząb stać się królewski zegar,Cyprian Rudyk,1,3,2013,Wydanie I,118,False,Marzec zachowanie pełny w końcu. Nad czy ubogi zielony Niemcy biblioteka.,w konserwacji
739,9781024774184,60996,Czwartek ząb stać się królewski zegar,Cyprian Rudyk,1,4,2013,Wydanie I,118,False,Marzec zachowanie pełny w końcu. Nad czy ubogi zielony Niemcy biblioteka.,dostępny
740,9780743425230,83050,Unia Europejska grupa narkotyk,pani Marika Kluczek,8,5,2017,Wydanie I,166,False,Stacja surowy dodać stacja pięć. Istnienie kłopot zajęcie mądry relacja okręt zając.,dostępny
741,9781072287513,7206,Fabryka skończyć operacja dorosły,pani Anna Maria Fiołek,6,7,2020,Wydanie I,241,False,Kamień fala długo Czechy czysty.,dostępny
742,9780005513132,90404,60 ogród gwiazda,Julianna Żmija,2,10,1980,Wydanie I,626,True,Dodatkowy pływać czwartek studiować swój.,dostępny
743,9781698428123,26800,Ulegać dyrektor koza gwałtowny,Kaja Kałwa,3,6,1992,Wydanie I,762,True,Miejscowość utwór mężczyzna wszelki chociaż narząd lód. Fakt zniszczyć hałas no mowa aktywny ślad.,dostępny
744,9780928916836,53939,Użytkownik posługiwać się rasa próba,Kornelia Kuczaj,6,10,1978,Wydanie I,466,True,Wobec słodki sport charakter. Jechać niebo temperatura bilet powiat kolega.,dostępny
745,9781337968874,12522,Zasada flaga coś ze,Angelika Trzyna,10,8,1980,Wydanie I,217,True,Lista kosztować ogon śpiewać. Ryba dać przyczyna.,wypożyczony
746,9781536822250,9722,Kula sztuczny włożyć Ameryka,Aleks Staśko,5,4,1960,Wydanie I,786,True,Gospodarka wywołać tam wszystek 7 wygrać słodki zysk. Ucho siedziba zmęczony właściwy obok.,dostępny
747,9781718044685,9012,Pisarz prezydent dowód,Marianna Poleszak,2,5,1968,Wydanie I,561,False,Porządek srebro używać wycieczka zawód zniszczyć go.,w konserwacji
748,9781138492578,48382,Teoria obywatelka dzisiaj ziarno,Maciej Pyrkosz,9,1,1998,Wydanie I,487,False,Woda ostry wytwarzać katastrofa spór znaczny oficjalny.,wypożyczony
749,9780814943571,91073,Stado lud krew,Łukasz Radzewicz,4,7,1982,Wydanie I,347,True,Pierwiastek koszt wystawa lewy niezwykły wyspa. W Ciągu pieniądz krok wychodzić literatura wydać.,dostępny
750,9780582900776,58136,Dźwięk istnienie,Ewelina Fras,10,8,2018,Wydanie I,336,False,Większość wystawa osiemdziesiąt wnętrze. Myśl dodać przykład Francja z.,dostępny
751,9781337968874,91571,Zasada flaga coś ze,Angelika Trzyna,10,6,1980,Wydanie I,217,True,Lista kosztować ogon śpiewać. Ryba dać przyczyna.,w konserwacji
752,9781432155315,65036,Zajmować Się następować zwykle biec,Mariusz Bartoszczyk,9,10,1977,Wydanie I,588,False,Wystawa prezent odzież wstyd. Być masa łatwy barwa środa usta kochać.,wypożyczony
753,9781385509982,42808,Anglia silnik tylko swój około,Anastazja Larysz,2,7,1984,Wydanie I,739,False,Chwila pamięć szybko gdzie postać sąd. Państwowy Piotr postawa hałas plemię artystyczny.,dostępny
754,9781773311876,78724,Córka dźwięk jeść,pani Sonia Kościesza,4,6,1950,Wydanie I,797,True,Móc wspomnienie gdzieś uciec grzech. Metal rezultat wewnątrz liść rynek zmieniać brzuch.,dostępny
755,9781296362881,57556,Góra szacunek rzeczownik kosz pomieszczenie,Urszula Wyroślak,2,2,1970,Wydanie I,197,True,Ryzyko wschód ćwiczenie radiowy tor. Chrystus cukier banknot stworzyć góra.,wypożyczony
756,9781874227250,43236,Warstwa wina zwykły,Cyprian Kott,2,8,1994,Wydanie I,776,True,Płeć obowiązywać powinien zdolność. Rachunek siostra radio można wysyłać krzew rasa złożony.,wypożyczony
757,9780027914276,10148,Powodować polityczny strona,Jędrzej Pielach,3,4,2013,Wydanie I,590,True,Gaz w końcu drzwi słońce las. Plac pewien leczenie.,dostępny
758,9780466343330,61082,Marka bić dolina pożar oglądać,Klara Ciarka,9,3,2024,Wydanie I,697,True,Transport wysyłać zmienić plecy chcieć wielkość. Tylko cienki powiat widzieć Austria.,wypożyczony
759,9780005513132,79588,60 ogród gwiazda,Julianna Żmija,2,10,1980,Wydanie I,626,True,Dodatkowy pływać czwartek studiować swój.,w konserwacji
760,9781759252018,24934,Węgiel kilometr czyn a własny,Jerzy Pabisiak,5,3,1997,Wydanie I,471,True,"Piasek kolor późny chleb.
Lud jeszcze góra tylko.",dostępny
761,9780362591026,49647,Trzeba oko,Janina Kołak,8,3,1976,Wydanie I,669,False,Krok świeży bar stary dół kolega. Dziura studia pas majuskuła.,w konserwacji
762,9781773311876,66382,Córka dźwięk jeść,pani Sonia Kościesza,4,3,1950,Wydanie I,797,True,Móc wspomnienie gdzieś uciec grzech. Metal rezultat wewnątrz liść rynek zmieniać brzuch.,w konserwacji
763,9781024774184,30721,Czwartek ząb stać się królewski zegar,Cyprian Rudyk,1,9,2013,Wydanie I,118,False,Marzec zachowanie pełny w końcu. Nad czy ubogi zielony Niemcy biblioteka.,dostępny
764,9781134555819,15414,Oraz kilka,pan Wojciech Lenda,4,10,1981,Wydanie I,268,True,Metal lampa substancja mąż. Wiedzieć walczyć strefa pacjent nie ma piękny.,wypożyczony
765,9780005513132,51068,60 ogród gwiazda,Julianna Żmija,2,9,1980,Wydanie I,626,False,Dodatkowy pływać czwartek studiować swój.,w konserwacji
766,9780414399907,11493,Owca przepis leżeć Egipt,Piotr Przekwas,6,1,2008,Wydanie I,212,False,Własny oficjalny dobrze. Wysoki użycie słodki akcja. Nigdy zima bóg uwaga stanowić.,wypożyczony
767,9780280858225,93307,Natychmiast zbyt trawa atak,Antoni Warzybok,5,8,1951,Wydanie I,164,False,Żydowski anioł powstawać sędzia pragnąć. Dzień los wspaniały chcieć.,wypożyczony
768,9780280858225,14308,Natychmiast zbyt trawa atak,Antoni Warzybok,5,1,1951,Wydanie I,164,False,Żydowski anioł powstawać sędzia pragnąć. Dzień los wspaniały chcieć.,dostępny
769,9780625136742,1946,Trochę miód umieszczać siostra,pani Agnieszka Kazubek,3,6,1968,Wydanie I,755,True,Dno japoński sprzedaż ziarno naukowy tłumaczyć. Słyszeć łatwo język zbudować późny późno.,w konserwacji
770,9780027914276,67432,Powodować polityczny strona,Jędrzej Pielach,3,9,2013,Wydanie I,590,False,Gaz w końcu drzwi słońce las. Plac pewien leczenie.,w konserwacji
771,9780027914276,2932,Powodować polityczny strona,Jędrzej Pielach,3,5,2013,Wydanie I,590,False,Gaz w końcu drzwi słońce las. Plac pewien leczenie.,dostępny
772,9781296362881,40917,Góra szacunek rzeczownik kosz pomieszczenie,Urszula Wyroślak,2,9,1970,Wydanie I,197,True,Ryzyko wschód ćwiczenie radiowy tor. Chrystus cukier banknot stworzyć góra.,dostępny
773,9780768677201,78046,40 dzięki w formie zostać,Malwina Materek,9,9,1967,Wydanie I,355,False,Dyrektor w kształcie Ameryka władza.,wypożyczony
774,9780466343330,63309,Marka bić dolina pożar oglądać,Klara Ciarka,9,6,2024,Wydanie I,697,False,Transport wysyłać zmienić plecy chcieć wielkość. Tylko cienki powiat widzieć Austria.,wypożyczony
775,9780380954667,8384,Użytkownik jeśli św. sprzęt,Krystian Piaścik,4,9,1981,Wydanie I,552,False,Jedenaście otwierać zwykły prawdziwy prędkość malować kolorowy. Tłumaczyć grać transport jednak.,wypożyczony
776,9781435262805,75831,Sześćdziesiąt więcej piętro ani po,Marianna Berus,5,6,1998,Wydanie I,285,False,Budowla przypadek alkohol strefa ciemny flaga słoneczny. Trzymać wiek autor król nic 3 chemiczny.,dostępny
777,9781337968874,11310,Zasada flaga coś ze,Angelika Trzyna,10,8,1980,Wydanie I,217,True,Lista kosztować ogon śpiewać. Ryba dać przyczyna.,w konserwacji
778,9781134555819,29590,Oraz kilka,pan Wojciech Lenda,4,4,1981,Wydanie I,268,False,Metal lampa substancja mąż. Wiedzieć walczyć strefa pacjent nie ma piękny.,dostępny
779,9780888596710,32460,Dokładnie te dorosły zgadzać się most,pan Igor Doruch,4,10,1950,Wydanie I,165,False,Park rynek zgodny francuski. Dziób trwać idea obowiązywać zbiór papier jakość.,dostępny
780,9781017268270,55833,Odwaga dziać się taki,pan Borys Kobak,1,10,1954,Wydanie I,171,False,Płyn Chiny staw nagle. Egipt strumień azjatycki różny wolny stać. Kapelusz umysł budynek wojna.,w konserwacji
781,9781337968874,83746,Zasada flaga coś ze,Angelika Trzyna,10,9,1980,Wydanie I,217,False,Lista kosztować ogon śpiewać. Ryba dać przyczyna.,w konserwacji
782,9781167966286,64386,Prawdziwy postępowanie okno,Anastazja Soczewka,8,3,1977,Wydanie I,314,True,Koncert bardzo potrafić suma morze. Dialekt podnosić pani rzeczownik model wieża tamten wóz.,dostępny
783,9780134362441,47027,Królowa kuchnia pod głowa,Adam Zbrożek,4,6,2000,Wydanie I,506,True,W Ciągu skutek łatwo czekolada zakończyć. Turecki nikt kurs ona miejscowość nadawać.,w konserwacji
784,9780501265870,68454,Pająk istnieć robota trzeba poziom,Paweł Stanclik,7,10,1963,Wydanie I,572,True,Błąd zaś pewien rasa właściwość. Cel lewy księżyc figura produkcja.,w konserwacji
785,9780625136742,79048,Trochę miód umieszczać siostra,pani Agnieszka Kazubek,3,9,1968,Wydanie I,755,True,Dno japoński sprzedaż ziarno naukowy tłumaczyć. Słyszeć łatwo język zbudować późny późno.,wypożyczony
786,9780428279417,5012,Wśród wy 80,Igor Ciaś,6,9,2000,Wydanie I,796,True,Pani sygnał pani ramię. Świecić dodać mama broń pojęcie zwykły.,w konserwacji
787,9780543464620,46071,Cierpieć jakość czekolada,Tymon Myk,3,5,1983,Wydanie I,353,True,Kolano bogini polityka szósty obwód. Według lato konstrukcja bogini naczynie.,w konserwacji
788,9781865407234,98264,Włosy kwiecień most zespół budować,Albert Zarzeczna,5,2,1962,Wydanie I,347,False,Starożytny dobro rzeka plecy otwór patrzeć strój.,wypożyczony
789,9780348977738,48339,Do dorosły,pani Ada Flisiak,7,5,1956,Wydanie I,782,True,Wakacje 100 siedemdziesiąt firma wtorek budowa. Reguła archipelag Szwecja ucho szkodliwy.,dostępny
790,9781138492578,92527,Teoria obywatelka dzisiaj ziarno,Maciej Pyrkosz,9,7,1998,Wydanie I,487,False,Woda ostry wytwarzać katastrofa spór znaczny oficjalny.,dostępny
791,9780348977738,69409,Do dorosły,pani Ada Flisiak,7,1,1956,Wydanie I,782,False,Wakacje 100 siedemdziesiąt firma wtorek budowa. Reguła archipelag Szwecja ucho szkodliwy.,dostępny
792,9780543464620,54230,Cierpieć jakość czekolada,Tymon Myk,3,6,1983,Wydanie I,353,False,Kolano bogini polityka szósty obwód. Według lato konstrukcja bogini naczynie.,dostępny
793,9780027914276,18828,Powodować polityczny strona,Jędrzej Pielach,3,1,2013,Wydanie I,590,False,Gaz w końcu drzwi słońce las. Plac pewien leczenie.,w konserwacji
794,9780428279417,95850,Wśród wy 80,Igor Ciaś,6,9,2000,Wydanie I,796,False,Pani sygnał pani ramię. Świecić dodać mama broń pojęcie zwykły.,wypożyczony
795,9781072287513,28110,Fabryka skończyć operacja dorosły,pani Anna Maria Fiołek,6,6,2020,Wydanie I,241,True,Kamień fala długo Czechy czysty.,wypożyczony
796,9781773311876,78469,Córka dźwięk jeść,pani Sonia Kościesza,4,6,1950,Wydanie I,797,True,Móc wspomnienie gdzieś uciec grzech. Metal rezultat wewnątrz liść rynek zmieniać brzuch.,w konserwacji
797,9781786430304,98878,- otwierać możliwy bawić się,Urszula Lejk,4,3,1971,Wydanie I,729,False,Wskazywać natychmiast spodnie stawać się za tradycyjny.,w konserwacji
798,9781865407234,74940,Włosy kwiecień most zespół budować,Albert Zarzeczna,5,2,1962,Wydanie I,347,True,Starożytny dobro rzeka plecy otwór patrzeć strój.,dostępny
799,9780428279417,30148,Wśród wy 80,Igor Ciaś,6,4,2000,Wydanie I,796,False,Pani sygnał pani ramię. Świecić dodać mama broń pojęcie zwykły.,dostępny
800,9781616142964,34869,Okazja chmura święto ziemia,pani Justyna Nowotny,10,1,1979,Wydanie I,784,True,Dowód otrzymać brzuch chodzić godzina port. Bułgarski 4 za pomocą pić właściwy szósty wy.,w konserwacji
801,9780428279417,36261,Wśród wy 80,Igor Ciaś,6,9,2000,Wydanie I,796,True,Pani sygnał pani ramię. Świecić dodać mama broń pojęcie zwykły.,wypożyczony
802,9780523118734,93579,Skutek imię oraz elektryczny,pan Oliwier Stefankiewicz,7,3,2012,Wydanie I,139,True,Marzec wpaść pod. Obchodzić włożyć reguła kula miasto handlowy katastrofa wesoły.,dostępny
803,9780348977738,87304,Do dorosły,pani Ada Flisiak,7,1,1956,Wydanie I,782,True,Wakacje 100 siedemdziesiąt firma wtorek budowa. Reguła archipelag Szwecja ucho szkodliwy.,w konserwacji
804,9780027914276,46001,Powodować polityczny strona,Jędrzej Pielach,3,9,2013,Wydanie I,590,False,Gaz w końcu drzwi słońce las. Plac pewien leczenie.,w konserwacji
805,9780625136742,3439,Trochę miód umieszczać siostra,pani Agnieszka Kazubek,3,3,1968,Wydanie I,755,True,Dno japoński sprzedaż ziarno naukowy tłumaczyć. Słyszeć łatwo język zbudować późny późno.,w konserwacji
806,9781536822250,62564,Kula sztuczny włożyć Ameryka,Aleks Staśko,5,10,1960,Wydanie I,786,False,Gospodarka wywołać tam wszystek 7 wygrać słodki zysk. Ucho siedziba zmęczony właściwy obok.,w konserwacji
807,9780348977738,70472,Do dorosły,pani Ada Flisiak,7,8,1956,Wydanie I,782,True,Wakacje 100 siedemdziesiąt firma wtorek budowa. Reguła archipelag Szwecja ucho szkodliwy.,w konserwacji
808,9780094652866,50685,Używać specjalny międzynarodowy móc,Krystian Serwach,7,6,1967,Wydanie I,696,False,Współczesny biskup opinia futro. Ogromny zimno wiosna wino. Słońce specjalny państwo jednostka.,w konserwacji
809,9780280858225,93066,Natychmiast zbyt trawa atak,Antoni Warzybok,5,5,1951,Wydanie I,164,True,Żydowski anioł powstawać sędzia pragnąć. Dzień los wspaniały chcieć.,w konserwacji
810,9781773311876,84498,Córka dźwięk jeść,pani Sonia Kościesza,4,9,1950,Wydanie I,797,True,Móc wspomnienie gdzieś uciec grzech. Metal rezultat wewnątrz liść rynek zmieniać brzuch.,wypożyczony
811,9780798423175,36658,Pić czerwony,Borys Getka,9,7,1958,Wydanie I,650,False,Słoneczny zachodni nocny. Pasek los także delikatny przychodzić.,wypożyczony
812,9781017268270,16454,Odwaga dziać się taki,pan Borys Kobak,1,9,1954,Wydanie I,171,True,Płyn Chiny staw nagle. Egipt strumień azjatycki różny wolny stać. Kapelusz umysł budynek wojna.,w konserwacji
813,9780582900776,53421,Dźwięk istnienie,Ewelina Fras,10,7,2018,Wydanie I,336,True,Większość wystawa osiemdziesiąt wnętrze. Myśl dodać przykład Francja z.,wypożyczony
814,9780768677201,88330,40 dzięki w formie zostać,Malwina Materek,9,3,1967,Wydanie I,355,False,Dyrektor w kształcie Ameryka władza.,w konserwacji
815,9781385509982,40784,Anglia silnik tylko swój około,Anastazja Larysz,2,1,1984,Wydanie I,739,False,Chwila pamięć szybko gdzie postać sąd. Państwowy Piotr postawa hałas plemię artystyczny.,wypożyczony
816,9781773311876,89176,Córka dźwięk jeść,pani Sonia Kościesza,4,10,1950,Wydanie I,797,False,Móc wspomnienie gdzieś uciec grzech. Metal rezultat wewnątrz liść rynek zmieniać brzuch.,wypożyczony
817,9780928916836,42640,Użytkownik posługiwać się rasa próba,Kornelia Kuczaj,6,9,1978,Wydanie I,466,False,Wobec słodki sport charakter. Jechać niebo temperatura bilet powiat kolega.,dostępny
818,9780743425230,16058,Unia Europejska grupa narkotyk,pani Marika Kluczek,8,10,2017,Wydanie I,166,True,Stacja surowy dodać stacja pięć. Istnienie kłopot zajęcie mądry relacja okręt zając.,dostępny
819,9780280858225,64310,Natychmiast zbyt trawa atak,Antoni Warzybok,5,3,1951,Wydanie I,164,True,Żydowski anioł powstawać sędzia pragnąć. Dzień los wspaniały chcieć.,wypożyczony
820,9780428279417,49987,Wśród wy 80,Igor Ciaś,6,2,2000,Wydanie I,796,True,Pani sygnał pani ramię. Świecić dodać mama broń pojęcie zwykły.,dostępny
821,9780735005464,57796,Pogoda żyć przebywać ciemność pociąg,pani Klara Dziewit,4,5,1997,Wydanie I,442,False,Taki głośny wąski filmowy jeździć. Żywy osioł strefa wróg.,dostępny
822,9780743425230,22723,Unia Europejska grupa narkotyk,pani Marika Kluczek,8,2,2017,Wydanie I,166,False,Stacja surowy dodać stacja pięć. Istnienie kłopot zajęcie mądry relacja okręt zając.,dostępny
823,9781024774184,85154,Czwartek ząb stać się królewski zegar,Cyprian Rudyk,1,10,2013,Wydanie I,118,False,Marzec zachowanie pełny w końcu. Nad czy ubogi zielony Niemcy biblioteka.,dostępny
824,9780690936506,82681,Pomysł 40 temat znany,Julita Drobot,9,4,2016,Wydanie I,505,False,Zwycięstwo biec uznawać powodować. Czapka doskonały jakby.,wypożyczony
825,9781426248160,35317,Wiersz poniedziałek skała,pan Tobiasz Michnik,6,3,1953,Wydanie I,314,False,Świadczyć technika lista zmiana temat stworzyć. Swój posiłek drewniany dawny większość powstanie.,w konserwacji
826,9780735005464,95970,Pogoda żyć przebywać ciemność pociąg,pani Klara Dziewit,4,1,1997,Wydanie I,442,True,Taki głośny wąski filmowy jeździć. Żywy osioł strefa wróg.,wypożyczony
827,9780414399907,92503,Owca przepis leżeć Egipt,Piotr Przekwas,6,3,2008,Wydanie I,212,False,Własny oficjalny dobrze. Wysoki użycie słodki akcja. Nigdy zima bóg uwaga stanowić.,dostępny
828,9780668657846,66107,Księga powstawać późno moralny dziecięcy,pani Julita Rajchel,10,3,1957,Wydanie I,511,False,Srebro mieszkanie prawny procent dobro chwila. Polityczny popularny dół istnienie dolina.,w konserwacji
829,9780362591026,68089,Trzeba oko,Janina Kołak,8,8,1976,Wydanie I,669,True,Krok świeży bar stary dół kolega. Dziura studia pas majuskuła.,w konserwacji
830,9780134362441,94346,Królowa kuchnia pod głowa,Adam Zbrożek,4,5,2000,Wydanie I,506,False,W Ciągu skutek łatwo czekolada zakończyć. Turecki nikt kurs ona miejscowość nadawać.,dostępny
831,9780798423175,13618,Pić czerwony,Borys Getka,9,2,1958,Wydanie I,650,False,Słoneczny zachodni nocny. Pasek los także delikatny przychodzić.,dostępny
832,9780362591026,65724,Trzeba oko,Janina Kołak,8,2,1976,Wydanie I,669,False,Krok świeży bar stary dół kolega. Dziura studia pas majuskuła.,w konserwacji
833,9781167966286,94161,Prawdziwy postępowanie okno,Anastazja Soczewka,8,5,1977,Wydanie I,314,False,Koncert bardzo potrafić suma morze. Dialekt podnosić pani rzeczownik model wieża tamten wóz.,dostępny
834,9780027914276,45427,Powodować polityczny strona,Jędrzej Pielach,3,5,2013,Wydanie I,590,True,Gaz w końcu drzwi słońce las. Plac pewien leczenie.,dostępny
835,9781786430304,57063,- otwierać możliwy bawić się,Urszula Lejk,4,9,1971,Wydanie I,729,True,Wskazywać natychmiast spodnie stawać się za tradycyjny.,wypożyczony
836,9781432155315,35513,Zajmować Się następować zwykle biec,Mariusz Bartoszczyk,9,6,1977,Wydanie I,588,True,Wystawa prezent odzież wstyd. Być masa łatwy barwa środa usta kochać.,wypożyczony
837,9780005513132,14090,60 ogród gwiazda,Julianna Żmija,2,1,1980,Wydanie I,626,True,Dodatkowy pływać czwartek studiować swój.,w konserwacji
838,9780362591026,33795,Trzeba oko,Janina Kołak,8,2,1976,Wydanie I,669,False,Krok świeży bar stary dół kolega. Dziura studia pas majuskuła.,w konserwacji
839,9780005513132,63337,60 ogród gwiazda,Julianna Żmija,2,5,1980,Wydanie I,626,True,Dodatkowy pływać czwartek studiować swój.,dostępny
840,9780625136742,30142,Trochę miód umieszczać siostra,pani Agnieszka Kazubek,3,7,1968,Wydanie I,755,False,Dno japoński sprzedaż ziarno naukowy tłumaczyć. Słyszeć łatwo język zbudować późny późno.,dostępny
841,9781256020141,51270,Północny sytuacja umysł zawierać,Apolonia Lorenz,8,4,1993,Wydanie I,445,False,Danie pomarańczowy aktor but.,w konserwacji
842,9780690936506,36579,Pomysł 40 temat znany,Julita Drobot,9,7,2016,Wydanie I,505,True,Zwycięstwo biec uznawać powodować. Czapka doskonały jakby.,dostępny
843,9780414399907,10167,Owca przepis leżeć Egipt,Piotr Przekwas,6,2,2008,Wydanie I,212,False,Własny oficjalny dobrze. Wysoki użycie słodki akcja. Nigdy zima bóg uwaga stanowić.,wypożyczony
844,9780888596710,24100,Dokładnie te dorosły zgadzać się most,pan Igor Doruch,4,3,1950,Wydanie I,165,False,Park rynek zgodny francuski. Dziób trwać idea obowiązywać zbiór papier jakość.,w konserwacji
845,9781545385265,78441,Cecha zakończenie pomarańczowy wreszcie ten,pan Marek Hermanowicz,3,9,1981,Wydanie I,155,False,Aż żart powstawać długość ona w typ. Piosenka Niemiec Holandia.,dostępny
846,9781786430304,22971,- otwierać możliwy bawić się,Urszula Lejk,4,3,1971,Wydanie I,729,True,Wskazywać natychmiast spodnie stawać się za tradycyjny.,dostępny
847,9780668657846,57533,Księga powstawać późno moralny dziecięcy,pani Julita Rajchel,10,10,1957,Wydanie I,511,False,Srebro mieszkanie prawny procent dobro chwila. Polityczny popularny dół istnienie dolina.,w konserwacji
848,9781134555819,48052,Oraz kilka,pan Wojciech Lenda,4,10,1981,Wydanie I,268,True,Metal lampa substancja mąż. Wiedzieć walczyć strefa pacjent nie ma piękny.,dostępny
849,9780134362441,3000,Królowa kuchnia pod głowa,Adam Zbrożek,4,10,2000,Wydanie I,506,False,W Ciągu skutek łatwo czekolada zakończyć. Turecki nikt kurs ona miejscowość nadawać.,w konserwacji
850,9780625136742,56646,Trochę miód umieszczać siostra,pani Agnieszka Kazubek,3,9,1968,Wydanie I,755,False,Dno japoński sprzedaż ziarno naukowy tłumaczyć. Słyszeć łatwo język zbudować późny późno.,dostępny
851,9780668657846,19440,Księga powstawać późno moralny dziecięcy,pani Julita Rajchel,10,5,1957,Wydanie I,511,False,Srebro mieszkanie prawny procent dobro chwila. Polityczny popularny dół istnienie dolina.,w konserwacji
852,9781024774184,37929,Czwartek ząb stać się królewski zegar,Cyprian Rudyk,1,10,2013,Wydanie I,118,True,Marzec zachowanie pełny w końcu. Nad czy ubogi zielony Niemcy biblioteka.,dostępny
853,9780393892420,58751,Przyrząd zapalenie,pan Konrad Wojtak,1,3,1973,Wydanie I,547,True,Skłonność szkło rozwój nieść skała jednocześnie. Lato słyszeć podczas morski wóz spadać atak.,w konserwacji
854,9780280858225,25302,Natychmiast zbyt trawa atak,Antoni Warzybok,5,3,1951,Wydanie I,164,True,Żydowski anioł powstawać sędzia pragnąć. Dzień los wspaniały chcieć.,dostępny
855,9781256020141,19476,Północny sytuacja umysł zawierać,Apolonia Lorenz,8,1,1993,Wydanie I,445,True,Danie pomarańczowy aktor but.,w konserwacji
856,9781773311876,85571,Córka dźwięk jeść,pani Sonia Kościesza,4,8,1950,Wydanie I,797,False,Móc wspomnienie gdzieś uciec grzech. Metal rezultat wewnątrz liść rynek zmieniać brzuch.,w konserwacji
857,9780625136742,10776,Trochę miód umieszczać siostra,pani Agnieszka Kazubek,3,4,1968,Wydanie I,755,False,Dno japoński sprzedaż ziarno naukowy tłumaczyć. Słyszeć łatwo język zbudować późny późno.,w konserwacji
858,9781256020141,6692,Północny sytuacja umysł zawierać,Apolonia Lorenz,8,9,1993,Wydanie I,445,True,Danie pomarańczowy aktor but.,dostępny
859,9780094652866,22366,Używać specjalny międzynarodowy móc,Krystian Serwach,7,3,1967,Wydanie I,696,False,Współczesny biskup opinia futro. Ogromny zimno wiosna wino. Słońce specjalny państwo jednostka.,wypożyczony
860,9780523118734,29603,Skutek imię oraz elektryczny,pan Oliwier Stefankiewicz,7,7,2012,Wydanie I,139,True,Marzec wpaść pod. Obchodzić włożyć reguła kula miasto handlowy katastrofa wesoły.,wypożyczony
861,9780543464620,8206,Cierpieć jakość czekolada,Tymon Myk,3,4,1983,Wydanie I,353,True,Kolano bogini polityka szósty obwód. Według lato konstrukcja bogini naczynie.,w konserwacji
862,9781296362881,18559,Góra szacunek rzeczownik kosz pomieszczenie,Urszula Wyroślak,2,10,1970,Wydanie I,197,False,Ryzyko wschód ćwiczenie radiowy tor. Chrystus cukier banknot stworzyć góra.,dostępny
863,9780523118734,19453,Skutek imię oraz elektryczny,pan Oliwier Stefankiewicz,7,5,2012,Wydanie I,139,True,Marzec wpaść pod. Obchodzić włożyć reguła kula miasto handlowy katastrofa wesoły.,w konserwacji
864,9780414399907,93397,Owca przepis leżeć Egipt,Piotr Przekwas,6,6,2008,Wydanie I,212,False,Własny oficjalny dobrze. Wysoki użycie słodki akcja. Nigdy zima bóg uwaga stanowić.,wypożyczony
865,9781616142964,14889,Okazja chmura święto ziemia,pani Justyna Nowotny,10,7,1979,Wydanie I,784,True,Dowód otrzymać brzuch chodzić godzina port. Bułgarski 4 za pomocą pić właściwy szósty wy.,wypożyczony
866,9780523118734,85686,Skutek imię oraz elektryczny,pan Oliwier Stefankiewicz,7,10,2012,Wydanie I,139,False,Marzec wpaść pod. Obchodzić włożyć reguła kula miasto handlowy katastrofa wesoły.,dostępny
867,9780743425230,4381,Unia Europejska grupa narkotyk,pani Marika Kluczek,8,1,2017,Wydanie I,166,False,Stacja surowy dodać stacja pięć. Istnienie kłopot zajęcie mądry relacja okręt zając.,dostępny
868,9781759252018,17237,Węgiel kilometr czyn a własny,Jerzy Pabisiak,5,2,1997,Wydanie I,471,False,"Piasek kolor późny chleb.
Lud jeszcze góra tylko.",wypożyczony
869,9781698428123,82253,Ulegać dyrektor koza gwałtowny,Kaja Kałwa,3,6,1992,Wydanie I,762,True,Miejscowość utwór mężczyzna wszelki chociaż narząd lód. Fakt zniszczyć hałas no mowa aktywny ślad.,dostępny
870,9780466343330,18248,Marka bić dolina pożar oglądać,Klara Ciarka,9,4,2024,Wydanie I,697,False,Transport wysyłać zmienić plecy chcieć wielkość. Tylko cienki powiat widzieć Austria.,wypożyczony
871,9780735005464,12906,Pogoda żyć przebywać ciemność pociąg,pani Klara Dziewit,4,3,1997,Wydanie I,442,False,Taki głośny wąski filmowy jeździć. Żywy osioł strefa wróg.,w konserwacji
872,9780690936506,94040,Pomysł 40 temat znany,Julita Drobot,9,2,2016,Wydanie I,505,False,Zwycięstwo biec uznawać powodować. Czapka doskonały jakby.,w konserwacji
873,9781435262805,11332,Sześćdziesiąt więcej piętro ani po,Marianna Berus,5,6,1998,Wydanie I,285,False,Budowla przypadek alkohol strefa ciemny flaga słoneczny. Trzymać wiek autor król nic 3 chemiczny.,dostępny
874,9781698428123,98948,Ulegać dyrektor koza gwałtowny,Kaja Kałwa,3,3,1992,Wydanie I,762,True,Miejscowość utwór mężczyzna wszelki chociaż narząd lód. Fakt zniszczyć hałas no mowa aktywny ślad.,wypożyczony
875,9781698428123,14076,Ulegać dyrektor koza gwałtowny,Kaja Kałwa,3,3,1992,Wydanie I,762,True,Miejscowość utwór mężczyzna wszelki chociaż narząd lód. Fakt zniszczyć hałas no mowa aktywny ślad.,w konserwacji
876,9780280858225,75412,Natychmiast zbyt trawa atak,Antoni Warzybok,5,6,1951,Wydanie I,164,True,Żydowski anioł powstawać sędzia pragnąć. Dzień los wspaniały chcieć.,wypożyczony
877,9781167966286,83956,Prawdziwy postępowanie okno,Anastazja Soczewka,8,8,1977,Wydanie I,314,True,Koncert bardzo potrafić suma morze. Dialekt podnosić pani rzeczownik model wieża tamten wóz.,wypożyczony
878,9780798423175,79157,Pić czerwony,Borys Getka,9,10,1958,Wydanie I,650,True,Słoneczny zachodni nocny. Pasek los także delikatny przychodzić.,dostępny
879,9781345231809,27845,Chłop moneta dziesięć granica ochrona,Andrzej Stein,10,5,2004,Wydanie I,278,False,Lot strefa klucz robić Polak. Cecha ozdoba międzynarodowy fałszywy lód uciekać.,w konserwacji
880,9781698428123,56812,Ulegać dyrektor koza gwałtowny,Kaja Kałwa,3,10,1992,Wydanie I,762,False,Miejscowość utwór mężczyzna wszelki chociaż narząd lód. Fakt zniszczyć hałas no mowa aktywny ślad.,w konserwacji
881,9780501265870,48146,Pająk istnieć robota trzeba poziom,Paweł Stanclik,7,8,1963,Wydanie I,572,False,Błąd zaś pewien rasa właściwość. Cel lewy księżyc figura produkcja.,dostępny
882,9780768677201,89316,40 dzięki w formie zostać,Malwina Materek,9,2,1967,Wydanie I,355,False,Dyrektor w kształcie Ameryka władza.,w konserwacji
883,9781024774184,85429,Czwartek ząb stać się królewski zegar,Cyprian Rudyk,1,4,2013,Wydanie I,118,True,Marzec zachowanie pełny w końcu. Nad czy ubogi zielony Niemcy biblioteka.,w konserwacji
884,9780280858225,48664,Natychmiast zbyt trawa atak,Antoni Warzybok,5,5,1951,Wydanie I,164,False,Żydowski anioł powstawać sędzia pragnąć. Dzień los wspaniały chcieć.,wypożyczony
885,9780768677201,99243,40 dzięki w formie zostać,Malwina Materek,9,8,1967,Wydanie I,355,False,Dyrektor w kształcie Ameryka władza.,w konserwacji
886,9780743425230,44085,Unia Europejska grupa narkotyk,pani Marika Kluczek,8,8,2017,Wydanie I,166,False,Stacja surowy dodać stacja pięć. Istnienie kłopot zajęcie mądry relacja okręt zając.,w konserwacji
887,9780625136742,21314,Trochę miód umieszczać siostra,pani Agnieszka Kazubek,3,1,1968,Wydanie I,755,True,Dno japoński sprzedaż ziarno naukowy tłumaczyć. Słyszeć łatwo język zbudować późny późno.,w konserwacji
888,9780380954667,31789,Użytkownik jeśli św. sprzęt,Krystian Piaścik,4,10,1981,Wydanie I,552,True,Jedenaście otwierać zwykły prawdziwy prędkość malować kolorowy. Tłumaczyć grać transport jednak.,w konserwacji
889,9781167966286,56320,Prawdziwy postępowanie okno,Anastazja Soczewka,8,9,1977,Wydanie I,314,True,Koncert bardzo potrafić suma morze. Dialekt podnosić pani rzeczownik model wieża tamten wóz.,wypożyczony
890,9780743425230,21064,Unia Europejska grupa narkotyk,pani Marika Kluczek,8,4,2017,Wydanie I,166,False,Stacja surowy dodać stacja pięć. Istnienie kłopot zajęcie mądry relacja okręt zając.,dostępny
891,9780393892420,83409,Przyrząd zapalenie,pan Konrad Wojtak,1,7,1973,Wydanie I,547,False,Skłonność szkło rozwój nieść skała jednocześnie. Lato słyszeć podczas morski wóz spadać atak.,wypożyczony
892,9781718044685,2342,Pisarz prezydent dowód,Marianna Poleszak,2,8,1968,Wydanie I,561,False,Porządek srebro używać wycieczka zawód zniszczyć go.,wypożyczony
893,9780814943571,51901,Stado lud krew,Łukasz Radzewicz,4,4,1982,Wydanie I,347,True,Pierwiastek koszt wystawa lewy niezwykły wyspa. W Ciągu pieniądz krok wychodzić literatura wydać.,dostępny
894,9781786430304,48692,- otwierać możliwy bawić się,Urszula Lejk,4,1,1971,Wydanie I,729,True,Wskazywać natychmiast spodnie stawać się za tradycyjny.,wypożyczony
895,9781865407234,34708,Włosy kwiecień most zespół budować,Albert Zarzeczna,5,5,1962,Wydanie I,347,True,Starożytny dobro rzeka plecy otwór patrzeć strój.,w konserwacji
896,9781017268270,1645,Odwaga dziać się taki,pan Borys Kobak,1,6,1954,Wydanie I,171,True,Płyn Chiny staw nagle. Egipt strumień azjatycki różny wolny stać. Kapelusz umysł budynek wojna.,wypożyczony
897,9781865407234,48401,Włosy kwiecień most zespół budować,Albert Zarzeczna,5,8,1962,Wydanie I,347,False,Starożytny dobro rzeka plecy otwór patrzeć strój.,dostępny
898,9781345231809,61570,Chłop moneta dziesięć granica ochrona,Andrzej Stein,10,4,2004,Wydanie I,278,False,Lot strefa klucz robić Polak. Cecha ozdoba międzynarodowy fałszywy lód uciekać.,w konserwacji
899,9780414399907,69874,Owca przepis leżeć Egipt,Piotr Przekwas,6,10,2008,Wydanie I,212,False,Własny oficjalny dobrze. Wysoki użycie słodki akcja. Nigdy zima bóg uwaga stanowić.,w konserwacji
900,9780798423175,59848,Pić czerwony,Borys Getka,9,4,1958,Wydanie I,650,False,Słoneczny zachodni nocny. Pasek los także delikatny przychodzić.,dostępny
901,9780690936506,28764,Pomysł 40 temat znany,Julita Drobot,9,3,2016,Wydanie I,505,False,Zwycięstwo biec uznawać powodować. Czapka doskonały jakby.,dostępny
902,9780380954667,33748,Użytkownik jeśli św. sprzęt,Krystian Piaścik,4,1,1981,Wydanie I,552,True,Jedenaście otwierać zwykły prawdziwy prędkość malować kolorowy. Tłumaczyć grać transport jednak.,dostępny
903,9780414399907,65513,Owca przepis leżeć Egipt,Piotr Przekwas,6,10,2008,Wydanie I,212,True,Własny oficjalny dobrze. Wysoki użycie słodki akcja. Nigdy zima bóg uwaga stanowić.,dostępny
904,9780501265870,98824,Pająk istnieć robota trzeba poziom,Paweł Stanclik,7,10,1963,Wydanie I,572,False,Błąd zaś pewien rasa właściwość. Cel lewy księżyc figura produkcja.,wypożyczony
905,9780280858225,12482,Natychmiast zbyt trawa atak,Antoni Warzybok,5,2,1951,Wydanie I,164,False,Żydowski anioł powstawać sędzia pragnąć. Dzień los wspaniały chcieć.,wypożyczony
906,9780280858225,84541,Natychmiast zbyt trawa atak,Antoni Warzybok,5,7,1951,Wydanie I,164,False,Żydowski anioł powstawać sędzia pragnąć. Dzień los wspaniały chcieć.,w konserwacji
907,9781167966286,63469,Prawdziwy postępowanie okno,Anastazja Soczewka,8,10,1977,Wydanie I,314,False,Koncert bardzo potrafić suma morze. Dialekt podnosić pani rzeczownik model wieża tamten wóz.,dostępny
908,9780414399907,97720,Owca przepis leżeć Egipt,Piotr Przekwas,6,3,2008,Wydanie I,212,True,Własny oficjalny dobrze. Wysoki użycie słodki akcja. Nigdy zima bóg uwaga stanowić.,w konserwacji
909,9780798423175,58520,Pić czerwony,Borys Getka,9,1,1958,Wydanie I,650,True,Słoneczny zachodni nocny. Pasek los także delikatny przychodzić.,w konserwacji
910,9780027914276,66806,Powodować polityczny strona,Jędrzej Pielach,3,8,2013,Wydanie I,590,False,Gaz w końcu drzwi słońce las. Plac pewien leczenie.,dostępny
911,9781024774184,76814,Czwartek ząb stać się królewski zegar,Cyprian Rudyk,1,6,2013,Wydanie I,118,False,Marzec zachowanie pełny w końcu. Nad czy ubogi zielony Niemcy biblioteka.,dostępny
912,9780798423175,67732,Pić czerwony,Borys Getka,9,3,1958,Wydanie I,650,True,Słoneczny zachodni nocny. Pasek los także delikatny przychodzić.,wypożyczony
913,9780543464620,80606,Cierpieć jakość czekolada,Tymon Myk,3,4,1983,Wydanie I,353,True,Kolano bogini polityka szósty obwód. Według lato konstrukcja bogini naczynie.,w konserwacji
914,9781345231809,88561,Chłop moneta dziesięć granica ochrona,Andrzej Stein,10,6,2004,Wydanie I,278,True,Lot strefa klucz robić Polak. Cecha ozdoba międzynarodowy fałszywy lód uciekać.,dostępny
915,9781138492578,9216,Teoria obywatelka dzisiaj ziarno,Maciej Pyrkosz,9,6,1998,Wydanie I,487,True,Woda ostry wytwarzać katastrofa spór znaczny oficjalny.,dostępny
916,9781017268270,80532,Odwaga dziać się taki,pan Borys Kobak,1,9,1954,Wydanie I,171,True,Płyn Chiny staw nagle. Egipt strumień azjatycki różny wolny stać. Kapelusz umysł budynek wojna.,dostępny
917,9780027914276,34702,Powodować polityczny strona,Jędrzej Pielach,3,8,2013,Wydanie I,590,False,Gaz w końcu drzwi słońce las. Plac pewien leczenie.,wypożyczony
918,9780928916836,97017,Użytkownik posługiwać się rasa próba,Kornelia Kuczaj,6,7,1978,Wydanie I,466,False,Wobec słodki sport charakter. Jechać niebo temperatura bilet powiat kolega.,wypożyczony
919,9781134555819,77279,Oraz kilka,pan Wojciech Lenda,4,1,1981,Wydanie I,268,False,Metal lampa substancja mąż. Wiedzieć walczyć strefa pacjent nie ma piękny.,dostępny
920,9781138492578,81881,Teoria obywatelka dzisiaj ziarno,Maciej Pyrkosz,9,2,1998,Wydanie I,487,True,Woda ostry wytwarzać katastrofa spór znaczny oficjalny.,w konserwacji
921,9780798423175,28357,Pić czerwony,Borys Getka,9,7,1958,Wydanie I,650,True,Słoneczny zachodni nocny. Pasek los także delikatny przychodzić.,dostępny
922,9780134362441,64775,Królowa kuchnia pod głowa,Adam Zbrożek,4,7,2000,Wydanie I,506,False,W Ciągu skutek łatwo czekolada zakończyć. Turecki nikt kurs ona miejscowość nadawać.,wypożyczony
923,9781435262805,16891,Sześćdziesiąt więcej piętro ani po,Marianna Berus,5,4,1998,Wydanie I,285,True,Budowla przypadek alkohol strefa ciemny flaga słoneczny. Trzymać wiek autor król nic 3 chemiczny.,w konserwacji
924,9781718044685,4991,Pisarz prezydent dowód,Marianna Poleszak,2,9,1968,Wydanie I,561,False,Porządek srebro używać wycieczka zawód zniszczyć go.,wypożyczony
925,9781167966286,34098,Prawdziwy postępowanie okno,Anastazja Soczewka,8,3,1977,Wydanie I,314,False,Koncert bardzo potrafić suma morze. Dialekt podnosić pani rzeczownik model wieża tamten wóz.,w konserwacji
926,9780094652866,20609,Używać specjalny międzynarodowy móc,Krystian Serwach,7,6,1967,Wydanie I,696,True,Współczesny biskup opinia futro. Ogromny zimno wiosna wino. Słońce specjalny państwo jednostka.,w konserwacji
927,9780280858225,82287,Natychmiast zbyt trawa atak,Antoni Warzybok,5,5,1951,Wydanie I,164,False,Żydowski anioł powstawać sędzia pragnąć. Dzień los wspaniały chcieć.,wypożyczony
928,9781865407234,30550,Włosy kwiecień most zespół budować,Albert Zarzeczna,5,7,1962,Wydanie I,347,True,Starożytny dobro rzeka plecy otwór patrzeć strój.,wypożyczony
929,9780466343330,21579,Marka bić dolina pożar oglądać,Klara Ciarka,9,8,2024,Wydanie I,697,True,Transport wysyłać zmienić plecy chcieć wielkość. Tylko cienki powiat widzieć Austria.,wypożyczony
930,9780027914276,21894,Powodować polityczny strona,Jędrzej Pielach,3,1,2013,Wydanie I,590,False,Gaz w końcu drzwi słońce las. Plac pewien leczenie.,w konserwacji
931,9780543464620,6734,Cierpieć jakość czekolada,Tymon Myk,3,5,1983,Wydanie I,353,True,Kolano bogini polityka szósty obwód. Według lato konstrukcja bogini naczynie.,dostępny
932,9781256020141,42201,Północny sytuacja umysł zawierać,Apolonia Lorenz,8,1,1993,Wydanie I,445,True,Danie pomarańczowy aktor but.,dostępny
933,9780814943571,31590,Stado lud krew,Łukasz Radzewicz,4,2,1982,Wydanie I,347,True,Pierwiastek koszt wystawa lewy niezwykły wyspa. W Ciągu pieniądz krok wychodzić literatura wydać.,dostępny
934,9780005513132,62627,60 ogród gwiazda,Julianna Żmija,2,4,1980,Wydanie I,626,False,Dodatkowy pływać czwartek studiować swój.,w konserwacji
935,9781773311876,17239,Córka dźwięk jeść,pani Sonia Kościesza,4,3,1950,Wydanie I,797,False,Móc wspomnienie gdzieś uciec grzech. Metal rezultat wewnątrz liść rynek zmieniać brzuch.,wypożyczony
936,9780362591026,42172,Trzeba oko,Janina Kołak,8,3,1976,Wydanie I,669,False,Krok świeży bar stary dół kolega. Dziura studia pas majuskuła.,w konserwacji
937,9781435262805,49277,Sześćdziesiąt więcej piętro ani po,Marianna Berus,5,4,1998,Wydanie I,285,False,Budowla przypadek alkohol strefa ciemny flaga słoneczny. Trzymać wiek autor król nic 3 chemiczny.,wypożyczony
938,9781296362881,11024,Góra szacunek rzeczownik kosz pomieszczenie,Urszula Wyroślak,2,1,1970,Wydanie I,197,True,Ryzyko wschód ćwiczenie radiowy tor. Chrystus cukier banknot stworzyć góra.,w konserwacji
939,9781536822250,42798,Kula sztuczny włożyć Ameryka,Aleks Staśko,5,4,1960,Wydanie I,786,True,Gospodarka wywołać tam wszystek 7 wygrać słodki zysk. Ucho siedziba zmęczony właściwy obok.,dostępny
940,9781385509982,30959,Anglia silnik tylko swój około,Anastazja Larysz,2,3,1984,Wydanie I,739,False,Chwila pamięć szybko gdzie postać sąd. Państwowy Piotr postawa hałas plemię artystyczny.,w konserwacji
941,9781545385265,87117,Cecha zakończenie pomarańczowy wreszcie ten,pan Marek Hermanowicz,3,2,1981,Wydanie I,155,True,Aż żart powstawać długość ona w typ. Piosenka Niemiec Holandia.,w konserwacji
942,9780466343330,1810,Marka bić dolina pożar oglądać,Klara Ciarka,9,4,2024,Wydanie I,697,True,Transport wysyłać zmienić plecy chcieć wielkość. Tylko cienki powiat widzieć Austria.,w konserwacji
943,9781616142964,89404,Okazja chmura święto ziemia,pani Justyna Nowotny,10,10,1979,Wydanie I,784,False,Dowód otrzymać brzuch chodzić godzina port. Bułgarski 4 za pomocą pić właściwy szósty wy.,dostępny
944,9780625136742,94593,Trochę miód umieszczać siostra,pani Agnieszka Kazubek,3,7,1968,Wydanie I,755,True,Dno japoński sprzedaż ziarno naukowy tłumaczyć. Słyszeć łatwo język zbudować późny późno.,w konserwacji
945,9780362591026,51952,Trzeba oko,Janina Kołak,8,7,1976,Wydanie I,669,False,Krok świeży bar stary dół kolega. Dziura studia pas majuskuła.,w konserwacji
946,9781536822250,31009,Kula sztuczny włożyć Ameryka,Aleks Staśko,5,4,1960,Wydanie I,786,True,Gospodarka wywołać tam wszystek 7 wygrać słodki zysk. Ucho siedziba zmęczony właściwy obok.,dostępny
947,9781773311876,65991,Córka dźwięk jeść,pani Sonia Kościesza,4,6,1950,Wydanie I,797,False,Móc wspomnienie gdzieś uciec grzech. Metal rezultat wewnątrz liść rynek zmieniać brzuch.,dostępny
948,9781256020141,67971,Północny sytuacja umysł zawierać,Apolonia Lorenz,8,1,1993,Wydanie I,445,False,Danie pomarańczowy aktor but.,wypożyczony
949,9780625136742,97929,Trochę miód umieszczać siostra,pani Agnieszka Kazubek,3,6,1968,Wydanie I,755,True,Dno japoński sprzedaż ziarno naukowy tłumaczyć. Słyszeć łatwo język zbudować późny późno.,dostępny
950,9780625136742,92965,Trochę miód umieszczać siostra,pani Agnieszka Kazubek,3,2,1968,Wydanie I,755,True,Dno japoński sprzedaż ziarno naukowy tłumaczyć. Słyszeć łatwo język zbudować późny późno.,w konserwacji
951,9781435262805,70784,Sześćdziesiąt więcej piętro ani po,Marianna Berus,5,4,1998,Wydanie I,285,False,Budowla przypadek alkohol strefa ciemny flaga słoneczny. Trzymać wiek autor król nic 3 chemiczny.,w konserwacji
952,9780094652866,1114,Używać specjalny międzynarodowy móc,Krystian Serwach,7,10,1967,Wydanie I,696,True,Współczesny biskup opinia futro. Ogromny zimno wiosna wino. Słońce specjalny państwo jednostka.,dostępny
953,9781432155315,59440,Zajmować Się następować zwykle biec,Mariusz Bartoszczyk,9,2,1977,Wydanie I,588,False,Wystawa prezent odzież wstyd. Być masa łatwy barwa środa usta kochać.,dostępny
954,9781773311876,1040,Córka dźwięk jeść,pani Sonia Kościesza,4,1,1950,Wydanie I,797,True,Móc wspomnienie gdzieś uciec grzech. Metal rezultat wewnątrz liść rynek zmieniać brzuch.,wypożyczony
955,9781385509982,72210,Anglia silnik tylko swój około,Anastazja Larysz,2,10,1984,Wydanie I,739,True,Chwila pamięć szybko gdzie postać sąd. Państwowy Piotr postawa hałas plemię artystyczny.,wypożyczony
956,9781773311876,75219,Córka dźwięk jeść,pani Sonia Kościesza,4,1,1950,Wydanie I,797,False,Móc wspomnienie gdzieś uciec grzech. Metal rezultat wewnątrz liść rynek zmieniać brzuch.,wypożyczony
957,9780928916836,29682,Użytkownik posługiwać się rasa próba,Kornelia Kuczaj,6,9,1978,Wydanie I,466,True,Wobec słodki sport charakter. Jechać niebo temperatura bilet powiat kolega.,wypożyczony
958,9781759252018,34966,Węgiel kilometr czyn a własny,Jerzy Pabisiak,5,3,1997,Wydanie I,471,True,"Piasek kolor późny chleb.
Lud jeszcze góra tylko.",dostępny
959,9781345231809,62195,Chłop moneta dziesięć granica ochrona,Andrzej Stein,10,3,2004,Wydanie I,278,False,Lot strefa klucz robić Polak. Cecha ozdoba międzynarodowy fałszywy lód uciekać.,wypożyczony
960,9780362591026,28152,Trzeba oko,Janina Kołak,8,4,1976,Wydanie I,669,False,Krok świeży bar stary dół kolega. Dziura studia pas majuskuła.,w konserwacji
961,9780362591026,74963,Trzeba oko,Janina Kołak,8,10,1976,Wydanie I,669,False,Krok świeży bar stary dół kolega. Dziura studia pas majuskuła.,w konserwacji
962,9780523118734,76521,Skutek imię oraz elektryczny,pan Oliwier Stefankiewicz,7,1,2012,Wydanie I,139,True,Marzec wpaść pod. Obchodzić włożyć reguła kula miasto handlowy katastrofa wesoły.,dostępny
963,9780888596710,5882,Dokładnie te dorosły zgadzać się most,pan Igor Doruch,4,9,1950,Wydanie I,165,True,Park rynek zgodny francuski. Dziób trwać idea obowiązywać zbiór papier jakość.,w konserwacji
964,9780134362441,66610,Królowa kuchnia pod głowa,Adam Zbrożek,4,5,2000,Wydanie I,506,False,W Ciągu skutek łatwo czekolada zakończyć. Turecki nikt kurs ona miejscowość nadawać.,dostępny
965,9780928916836,49483,Użytkownik posługiwać się rasa próba,Kornelia Kuczaj,6,9,1978,Wydanie I,466,True,Wobec słodki sport charakter. Jechać niebo temperatura bilet powiat kolega.,wypożyczony
966,9781773311876,87422,Córka dźwięk jeść,pani Sonia Kościesza,4,1,1950,Wydanie I,797,False,Móc wspomnienie gdzieś uciec grzech. Metal rezultat wewnątrz liść rynek zmieniać brzuch.,wypożyczony
967,9781432155315,28023,Zajmować Się następować zwykle biec,Mariusz Bartoszczyk,9,10,1977,Wydanie I,588,False,Wystawa prezent odzież wstyd. Być masa łatwy barwa środa usta kochać.,wypożyczony
968,9780768677201,36980,40 dzięki w formie zostać,Malwina Materek,9,10,1967,Wydanie I,355,False,Dyrektor w kształcie Ameryka władza.,dostępny
969,9781536822250,1374,Kula sztuczny włożyć Ameryka,Aleks Staśko,5,8,1960,Wydanie I,786,True,Gospodarka wywołać tam wszystek 7 wygrać słodki zysk. Ucho siedziba zmęczony właściwy obok.,dostępny
970,9781786430304,74801,- otwierać możliwy bawić się,Urszula Lejk,4,2,1971,Wydanie I,729,True,Wskazywać natychmiast spodnie stawać się za tradycyjny.,w konserwacji
971,9781536822250,23233,Kula sztuczny włożyć Ameryka,Aleks Staśko,5,3,1960,Wydanie I,786,True,Gospodarka wywołać tam wszystek 7 wygrać słodki zysk. Ucho siedziba zmęczony właściwy obok.,dostępny
972,9781167966286,49014,Prawdziwy postępowanie okno,Anastazja Soczewka,8,4,1977,Wydanie I,314,False,Koncert bardzo potrafić suma morze. Dialekt podnosić pani rzeczownik model wieża tamten wóz.,dostępny
973,9781017268270,28894,Odwaga dziać się taki,pan Borys Kobak,1,8,1954,Wydanie I,171,True,Płyn Chiny staw nagle. Egipt strumień azjatycki różny wolny stać. Kapelusz umysł budynek wojna.,dostępny
974,9780743425230,64954,Unia Europejska grupa narkotyk,pani Marika Kluczek,8,6,2017,Wydanie I,166,True,Stacja surowy dodać stacja pięć. Istnienie kłopot zajęcie mądry relacja okręt zając.,w konserwacji
975,9780928916836,71096,Użytkownik posługiwać się rasa próba,Kornelia Kuczaj,6,4,1978,Wydanie I,466,False,Wobec słodki sport charakter. Jechać niebo temperatura bilet powiat kolega.,dostępny
976,9781134555819,78566,Oraz kilka,pan Wojciech Lenda,4,9,1981,Wydanie I,268,False,Metal lampa substancja mąż. Wiedzieć walczyć strefa pacjent nie ma piękny.,wypożyczony
977,9780888596710,84812,Dokładnie te dorosły zgadzać się most,pan Igor Doruch,4,3,1950,Wydanie I,165,True,Park rynek zgodny francuski. Dziób trwać idea obowiązywać zbiór papier jakość.,wypożyczony
978,9781435262805,36321,Sześćdziesiąt więcej piętro ani po,Marianna Berus,5,7,1998,Wydanie I,285,True,Budowla przypadek alkohol strefa ciemny flaga słoneczny. Trzymać wiek autor król nic 3 chemiczny.,wypożyczony
979,9781874227250,92106,Warstwa wina zwykły,Cyprian Kott,2,8,1994,Wydanie I,776,False,Płeć obowiązywać powinien zdolność. Rachunek siostra radio można wysyłać krzew rasa złożony.,w konserwacji
980,9781786430304,77815,- otwierać możliwy bawić się,Urszula Lejk,4,10,1971,Wydanie I,729,True,Wskazywać natychmiast spodnie stawać się za tradycyjny.,dostępny
981,9780768677201,69824,40 dzięki w formie zostać,Malwina Materek,9,9,1967,Wydanie I,355,False,Dyrektor w kształcie Ameryka władza.,w konserwacji
982,9780280858225,67832,Natychmiast zbyt trawa atak,Antoni Warzybok,5,10,1951,Wydanie I,164,True,Żydowski anioł powstawać sędzia pragnąć. Dzień los wspaniały chcieć.,dostępny
983,9781072287513,92866,Fabryka skończyć operacja dorosły,pani Anna Maria Fiołek,6,9,2020,Wydanie I,241,False,Kamień fala długo Czechy czysty.,wypożyczony
984,9781426248160,32775,Wiersz poniedziałek skała,pan Tobiasz Michnik,6,10,1953,Wydanie I,314,True,Świadczyć technika lista zmiana temat stworzyć. Swój posiłek drewniany dawny większość powstanie.,w konserwacji
985,9780466343330,32919,Marka bić dolina pożar oglądać,Klara Ciarka,9,9,2024,Wydanie I,697,True,Transport wysyłać zmienić plecy chcieć wielkość. Tylko cienki powiat widzieć Austria.,dostępny
986,9780625136742,97689,Trochę miód umieszczać siostra,pani Agnieszka Kazubek,3,7,1968,Wydanie I,755,False,Dno japoński sprzedaż ziarno naukowy tłumaczyć. Słyszeć łatwo język zbudować późny późno.,wypożyczony
987,9780005513132,3814,60 ogród gwiazda,Julianna Żmija,2,2,1980,Wydanie I,626,True,Dodatkowy pływać czwartek studiować swój.,w konserwacji
988,9780501265870,76154,Pająk istnieć robota trzeba poziom,Paweł Stanclik,7,5,1963,Wydanie I,572,False,Błąd zaś pewien rasa właściwość. Cel lewy księżyc figura produkcja.,wypożyczony
989,9781072287513,95451,Fabryka skończyć operacja dorosły,pani Anna Maria Fiołek,6,6,2020,Wydanie I,241,True,Kamień fala długo Czechy czysty.,w konserwacji
990,9780393892420,35223,Przyrząd zapalenie,pan Konrad Wojtak,1,4,1973,Wydanie I,547,False,Skłonność szkło rozwój nieść skała jednocześnie. Lato słyszeć podczas morski wóz spadać atak.,wypożyczony
991,9781167966286,58761,Prawdziwy postępowanie okno,Anastazja Soczewka,8,1,1977,Wydanie I,314,True,Koncert bardzo potrafić suma morze. Dialekt podnosić pani rzeczownik model wieża tamten wóz.,w konserwacji
992,9781256020141,53156,Północny sytuacja umysł zawierać,Apolonia Lorenz,8,10,1993,Wydanie I,445,False,Danie pomarańczowy aktor but.,dostępny
993,9780668657846,76642,Księga powstawać późno moralny dziecięcy,pani Julita Rajchel,10,1,1957,Wydanie I,511,False,Srebro mieszkanie prawny procent dobro chwila. Polityczny popularny dół istnienie dolina.,wypożyczony
994,9781698428123,76262,Ulegać dyrektor koza gwałtowny,Kaja Kałwa,3,5,1992,Wydanie I,762,True,Miejscowość utwór mężczyzna wszelki chociaż narząd lód. Fakt zniszczyć hałas no mowa aktywny ślad.,wypożyczony
995,9780743425230,1178,Unia Europejska grupa narkotyk,pani Marika Kluczek,8,10,2017,Wydanie I,166,True,Stacja surowy dodać stacja pięć. Istnienie kłopot zajęcie mądry relacja okręt zając.,wypożyczony
996,9780005513132,96929,60 ogród gwiazda,Julianna Żmija,2,8,1980,Wydanie I,626,False,Dodatkowy pływać czwartek studiować swój.,wypożyczony
997,9780393892420,47630,Przyrząd zapalenie,pan Konrad Wojtak,1,8,1973,Wydanie I,547,True,Skłonność szkło rozwój nieść skała jednocześnie. Lato słyszeć podczas morski wóz spadać atak.,w konserwacji
998,9780027914276,61004,Powodować polityczny strona,Jędrzej Pielach,3,5,2013,Wydanie I,590,False,Gaz w końcu drzwi słońce las. Plac pewien leczenie.,w konserwacji
999,9780798423175,42653,Pić czerwony,Borys Getka,9,4,1958,Wydanie I,650,True,Słoneczny zachodni nocny. Pasek los także delikatny przychodzić.,wypożyczony
1000,9781773311876,58069,Córka dźwięk jeść,pani Sonia Kościesza,4,10,1950,Wydanie I,797,True,Móc wspomnienie gdzieś uciec grzech. Metal rezultat wewnątrz liść rynek zmieniać brzuch.,w konserwacji
1001,9780393892420,71556,Przyrząd zapalenie,pan Konrad Wojtak,1,10,1973,Wydanie I,547,True,Skłonność szkło rozwój nieść skała jednocześnie. Lato słyszeć podczas morski wóz spadać atak.,w konserwacji
1002,9781337968874,7035,Zasada flaga coś ze,Angelika Trzyna,10,8,1980,Wydanie I,217,True,Lista kosztować ogon śpiewać. Ryba dać przyczyna.,wypożyczony
1003,9780928916836,95412,Użytkownik posługiwać się rasa próba,Kornelia Kuczaj,6,6,1978,Wydanie I,466,False,Wobec słodki sport charakter. Jechać niebo temperatura bilet powiat kolega.,wypożyczony
1004,9781337968874,16779,Zasada flaga coś ze,Angelika Trzyna,10,8,1980,Wydanie I,217,True,Lista kosztować ogon śpiewać. Ryba dać przyczyna.,w konserwacji
1005,9781134555819,70723,Oraz kilka,pan Wojciech Lenda,4,5,1981,Wydanie I,268,True,Metal lampa substancja mąż. Wiedzieć walczyć strefa pacjent nie ma piękny.,w konserwacji
1006,9780582900776,27021,Dźwięk istnienie,Ewelina Fras,10,10,2018,Wydanie I,336,True,Większość wystawa osiemdziesiąt wnętrze. Myśl dodać przykład Francja z.,dostępny
1007,9780690936506,34455,Pomysł 40 temat znany,Julita Drobot,9,4,2016,Wydanie I,505,True,Zwycięstwo biec uznawać powodować. Czapka doskonały jakby.,wypożyczony
1008,9781385509982,12382,Anglia silnik tylko swój około,Anastazja Larysz,2,4,1984,Wydanie I,739,False,Chwila pamięć szybko gdzie postać sąd. Państwowy Piotr postawa hałas plemię artystyczny.,wypożyczony
1009,9781256020141,67457,Północny sytuacja umysł zawierać,Apolonia Lorenz,8,5,1993,Wydanie I,445,True,Danie pomarańczowy aktor but.,wypożyczony
1010,9780380954667,30713,Użytkownik jeśli św. sprzęt,Krystian Piaścik,4,6,1981,Wydanie I,552,True,Jedenaście otwierać zwykły prawdziwy prędkość malować kolorowy. Tłumaczyć grać transport jednak.,wypożyczony
1011,9781435262805,3324,Sześćdziesiąt więcej piętro ani po,Marianna Berus,5,4,1998,Wydanie I,285,True,Budowla przypadek alkohol strefa ciemny flaga słoneczny. Trzymać wiek autor król nic 3 chemiczny.,w konserwacji
1012,9780414399907,2488,Owca przepis leżeć Egipt,Piotr Przekwas,6,8,2008,Wydanie I,212,False,Własny oficjalny dobrze. Wysoki użycie słodki akcja. Nigdy zima bóg uwaga stanowić.,dostępny
1013,9781134555819,87753,Oraz kilka,pan Wojciech Lenda,4,4,1981,Wydanie I,268,True,Metal lampa substancja mąż. Wiedzieć walczyć strefa pacjent nie ma piękny.,w konserwacji
1014,9781545385265,37509,Cecha zakończenie pomarańczowy wreszcie ten,pan Marek Hermanowicz,3,4,1981,Wydanie I,155,False,Aż żart powstawać długość ona w typ. Piosenka Niemiec Holandia.,wypożyczony
1015,9780888596710,77979,Dokładnie te dorosły zgadzać się most,pan Igor Doruch,4,9,1950,Wydanie I,165,False,Park rynek zgodny francuski. Dziób trwać idea obowiązywać zbiór papier jakość.,wypożyczony
1016,9781432155315,61946,Zajmować Się następować zwykle biec,Mariusz Bartoszczyk,9,1,1977,Wydanie I,588,False,Wystawa prezent odzież wstyd. Być masa łatwy barwa środa usta kochać.,w konserwacji
1017,9780134362441,55475,Królowa kuchnia pod głowa,Adam Zbrożek,4,2,2000,Wydanie I,506,False,W Ciągu skutek łatwo czekolada zakończyć. Turecki nikt kurs ona miejscowość nadawać.,w konserwacji
1018,9781718044685,28072,Pisarz prezydent dowód,Marianna Poleszak,2,8,1968,Wydanie I,561,False,Porządek srebro używać wycieczka zawód zniszczyć go.,wypożyczony
1019,9780814943571,6557,Stado lud krew,Łukasz Radzewicz,4,9,1982,Wydanie I,347,True,Pierwiastek koszt wystawa lewy niezwykły wyspa. W Ciągu pieniądz krok wychodzić literatura wydać.,wypożyczony
1020,9781426248160,35023,Wiersz poniedziałek skała,pan Tobiasz Michnik,6,6,1953,Wydanie I,314,True,Świadczyć technika lista zmiana temat stworzyć. Swój posiłek drewniany dawny większość powstanie.,dostępny
1021,9781337968874,47431,Zasada flaga coś ze,Angelika Trzyna,10,9,1980,Wydanie I,217,True,Lista kosztować ogon śpiewać. Ryba dać przyczyna.,wypożyczony
1022,9780094652866,42307,Używać specjalny międzynarodowy móc,Krystian Serwach,7,1,1967,Wydanie I,696,True,Współczesny biskup opinia futro. Ogromny zimno wiosna wino. Słońce specjalny państwo jednostka.,w konserwacji
1023,9780690936506,81670,Pomysł 40 temat znany,Julita Drobot,9,9,2016,Wydanie I,505,True,Zwycięstwo biec uznawać powodować. Czapka doskonały jakby.,dostępny
1024,9781865407234,31085,Włosy kwiecień most zespół budować,Albert Zarzeczna,5,9,1962,Wydanie I,347,False,Starożytny dobro rzeka plecy otwór patrzeć strój.,wypożyczony
1025,9781786430304,81751,- otwierać możliwy bawić się,Urszula Lejk,4,6,1971,Wydanie I,729,False,Wskazywać natychmiast spodnie stawać się za tradycyjny.,dostępny
1026,9780280858225,23548,Natychmiast zbyt trawa atak,Antoni Warzybok,5,2,1951,Wydanie I,164,True,Żydowski anioł powstawać sędzia pragnąć. Dzień los wspaniały chcieć.,wypożyczony
1027,9781773311876,51173,Córka dźwięk jeść,pani Sonia Kościesza,4,4,1950,Wydanie I,797,False,Móc wspomnienie gdzieś uciec grzech. Metal rezultat wewnątrz liść rynek zmieniać brzuch.,w konserwacji
1028,9780005513132,86259,60 ogród gwiazda,Julianna Żmija,2,10,1980,Wydanie I,626,False,Dodatkowy pływać czwartek studiować swój.,w konserwacji
1029,9780888596710,91431,Dokładnie te dorosły zgadzać się most,pan Igor Doruch,4,3,1950,Wydanie I,165,True,Park rynek zgodny francuski. Dziób trwać idea obowiązywać zbiór papier jakość.,dostępny
1030,9780735005464,5196,Pogoda żyć przebywać ciemność pociąg,pani Klara Dziewit,4,8,1997,Wydanie I,442,False,Taki głośny wąski filmowy jeździć. Żywy osioł strefa wróg.,w konserwacji
1031,9780523118734,63948,Skutek imię oraz elektryczny,pan Oliwier Stefankiewicz,7,6,2012,Wydanie I,139,False,Marzec wpaść pod. Obchodzić włożyć reguła kula miasto handlowy katastrofa wesoły.,wypożyczony
1032,9780625136742,28565,Trochę miód umieszczać siostra,pani Agnieszka Kazubek,3,8,1968,Wydanie I,755,True,Dno japoński sprzedaż ziarno naukowy tłumaczyć. Słyszeć łatwo język zbudować późny późno.,w konserwacji
1033,9781435262805,39491,Sześćdziesiąt więcej piętro ani po,Marianna Berus,5,10,1998,Wydanie I,285,False,Budowla przypadek alkohol strefa ciemny flaga słoneczny. Trzymać wiek autor król nic 3 chemiczny.,dostępny
1034,9780414399907,82887,Owca przepis leżeć Egipt,Piotr Przekwas,6,6,2008,Wydanie I,212,False,Własny oficjalny dobrze. Wysoki użycie słodki akcja. Nigdy zima bóg uwaga stanowić.,wypożyczony
1035,9780027914276,35917,Powodować polityczny strona,Jędrzej Pielach,3,10,2013,Wydanie I,590,False,Gaz w końcu drzwi słońce las. Plac pewien leczenie.,dostępny
1036,9781616142964,6639,Okazja chmura święto ziemia,pani Justyna Nowotny,10,10,1979,Wydanie I,784,False,Dowód otrzymać brzuch chodzić godzina port. Bułgarski 4 za pomocą pić właściwy szósty wy.,wypożyczony
1037,9780280858225,58566,Natychmiast zbyt trawa atak,Antoni Warzybok,5,8,1951,Wydanie I,164,True,Żydowski anioł powstawać sędzia pragnąć. Dzień los wspaniały chcieć.,w konserwacji
1038,9781167966286,48800,Prawdziwy postępowanie okno,Anastazja Soczewka,8,7,1977,Wydanie I,314,False,Koncert bardzo potrafić suma morze. Dialekt podnosić pani rzeczownik model wieża tamten wóz.,dostępny
1039,9780393892420,85581,Przyrząd zapalenie,pan Konrad Wojtak,1,6,1973,Wydanie I,547,True,Skłonność szkło rozwój nieść skała jednocześnie. Lato słyszeć podczas morski wóz spadać atak.,dostępny
1040,9781718044685,47039,Pisarz prezydent dowód,Marianna Poleszak,2,5,1968,Wydanie I,561,True,Porządek srebro używać wycieczka zawód zniszczyć go.,w konserwacji
1041,9781426248160,7067,Wiersz poniedziałek skała,pan Tobiasz Michnik,6,3,1953,Wydanie I,314,False,Świadczyć technika lista zmiana temat stworzyć. Swój posiłek drewniany dawny większość powstanie.,dostępny
1042,9780668657846,73166,Księga powstawać późno moralny dziecięcy,pani Julita Rajchel,10,8,1957,Wydanie I,511,True,Srebro mieszkanie prawny procent dobro chwila. Polityczny popularny dół istnienie dolina.,dostępny
1043,9780280858225,42221,Natychmiast zbyt trawa atak,Antoni Warzybok,5,10,1951,Wydanie I,164,True,Żydowski anioł powstawać sędzia pragnąć. Dzień los wspaniały chcieć.,w konserwacji
1044,9781426248160,66705,Wiersz poniedziałek skała,pan Tobiasz Michnik,6,2,1953,Wydanie I,314,True,Świadczyć technika lista zmiana temat stworzyć. Swój posiłek drewniany dawny większość powstanie.,w konserwacji
1045,9780428279417,3510,Wśród wy 80,Igor Ciaś,6,1,2000,Wydanie I,796,True,Pani sygnał pani ramię. Świecić dodać mama broń pojęcie zwykły.,dostępny
1046,9780393892420,56611,Przyrząd zapalenie,pan Konrad Wojtak,1,9,1973,Wydanie I,547,False,Skłonność szkło rozwój nieść skała jednocześnie. Lato słyszeć podczas morski wóz spadać atak.,dostępny
1047,9780466343330,76403,Marka bić dolina pożar oglądać,Klara Ciarka,9,10,2024,Wydanie I,697,True,Transport wysyłać zmienić plecy chcieć wielkość. Tylko cienki powiat widzieć Austria.,dostępny
1048,9780582900776,53942,Dźwięk istnienie,Ewelina Fras,10,8,2018,Wydanie I,336,True,Większość wystawa osiemdziesiąt wnętrze. Myśl dodać przykład Francja z.,wypożyczony
1049,9781426248160,59893,Wiersz poniedziałek skała,pan Tobiasz Michnik,6,6,1953,Wydanie I,314,False,Świadczyć technika lista zmiana temat stworzyć. Swój posiłek drewniany dawny większość powstanie.,dostępny
1050,9780735005464,31389,Pogoda żyć przebywać ciemność pociąg,pani Klara Dziewit,4,4,1997,Wydanie I,442,True,Taki głośny wąski filmowy jeździć. Żywy osioł strefa wróg.,wypożyczony
1051,9781865407234,89804,Włosy kwiecień most zespół budować,Albert Zarzeczna,5,3,1962,Wydanie I,347,False,Starożytny dobro rzeka plecy otwór patrzeć strój.,wypożyczony
1052,9781545385265,84882,Cecha zakończenie pomarańczowy wreszcie ten,pan Marek Hermanowicz,3,5,1981,Wydanie I,155,False,Aż żart powstawać długość ona w typ. Piosenka Niemiec Holandia.,w konserwacji
1053,9780005513132,2473,60 ogród gwiazda,Julianna Żmija,2,1,1980,Wydanie I,626,False,Dodatkowy pływać czwartek studiować swój.,dostępny
1054,9781167966286,92219,Prawdziwy postępowanie okno,Anastazja Soczewka,8,9,1977,Wydanie I,314,True,Koncert bardzo potrafić suma morze. Dialekt podnosić pani rzeczownik model wieża tamten wóz.,wypożyczony
1055,9781773311876,59072,Córka dźwięk jeść,pani Sonia Kościesza,4,1,1950,Wydanie I,797,True,Móc wspomnienie gdzieś uciec grzech. Metal rezultat wewnątrz liść rynek zmieniać brzuch.,wypożyczony
1056,9780523118734,13266,Skutek imię oraz elektryczny,pan Oliwier Stefankiewicz,7,10,2012,Wydanie I,139,True,Marzec wpaść pod. Obchodzić włożyć reguła kula miasto handlowy katastrofa wesoły.,dostępny
1057,9781337968874,54773,Zasada flaga coś ze,Angelika Trzyna,10,9,1980,Wydanie I,217,False,Lista kosztować ogon śpiewać. Ryba dać przyczyna.,wypożyczony
1058,9781718044685,15386,Pisarz prezydent dowód,Marianna Poleszak,2,2,1968,Wydanie I,561,True,Porządek srebro używać wycieczka zawód zniszczyć go.,w konserwacji
1059,9780501265870,15569,Pająk istnieć robota trzeba poziom,Paweł Stanclik,7,7,1963,Wydanie I,572,True,Błąd zaś pewien rasa właściwość. Cel lewy księżyc figura produkcja.,wypożyczony
1060,9781296362881,58299,Góra szacunek rzeczownik kosz pomieszczenie,Urszula Wyroślak,2,10,1970,Wydanie I,197,True,Ryzyko wschód ćwiczenie radiowy tor. Chrystus cukier banknot stworzyć góra.,wypożyczony
1061,9781616142964,86349,Okazja chmura święto ziemia,pani Justyna Nowotny,10,10,1979,Wydanie I,784,False,Dowód otrzymać brzuch chodzić godzina port. Bułgarski 4 za pomocą pić właściwy szósty wy.,w konserwacji
1062,9781426248160,58559,Wiersz poniedziałek skała,pan Tobiasz Michnik,6,9,1953,Wydanie I,314,True,Świadczyć technika lista zmiana temat stworzyć. Swój posiłek drewniany dawny większość powstanie.,wypożyczony
1063,9780798423175,33120,Pić czerwony,Borys Getka,9,5,1958,Wydanie I,650,True,Słoneczny zachodni nocny. Pasek los także delikatny przychodzić.,dostępny
1064,9780005513132,97963,60 ogród gwiazda,Julianna Żmija,2,5,1980,Wydanie I,626,False,Dodatkowy pływać czwartek studiować swój.,wypożyczony
1065,9780543464620,66942,Cierpieć jakość czekolada,Tymon Myk,3,1,1983,Wydanie I,353,False,Kolano bogini polityka szósty obwód. Według lato konstrukcja bogini naczynie.,wypożyczony
1066,9780428279417,76047,Wśród wy 80,Igor Ciaś,6,9,2000,Wydanie I,796,False,Pani sygnał pani ramię. Świecić dodać mama broń pojęcie zwykły.,w konserwacji
1067,9780362591026,80348,Trzeba oko,Janina Kołak,8,3,1976,Wydanie I,669,False,Krok świeży bar stary dół kolega. Dziura studia pas majuskuła.,w konserwacji
1068,9781773311876,38130,Córka dźwięk jeść,pani Sonia Kościesza,4,3,1950,Wydanie I,797,True,Móc wspomnienie gdzieś uciec grzech. Metal rezultat wewnątrz liść rynek zmieniać brzuch.,w konserwacji
1069,9781616142964,33599,Okazja chmura święto ziemia,pani Justyna Nowotny,10,7,1979,Wydanie I,784,True,Dowód otrzymać brzuch chodzić godzina port. Bułgarski 4 za pomocą pić właściwy szósty wy.,wypożyczony
1070,9781536822250,83691,Kula sztuczny włożyć Ameryka,Aleks Staśko,5,4,1960,Wydanie I,786,False,Gospodarka wywołać tam wszystek 7 wygrać słodki zysk. Ucho siedziba zmęczony właściwy obok.,wypożyczony
1071,9780814943571,71590,Stado lud krew,Łukasz Radzewicz,4,10,1982,Wydanie I,347,False,Pierwiastek koszt wystawa lewy niezwykły wyspa. W Ciągu pieniądz krok wychodzić literatura wydać.,w konserwacji
1072,9781167966286,97973,Prawdziwy postępowanie okno,Anastazja Soczewka,8,3,1977,Wydanie I,314,True,Koncert bardzo potrafić suma morze. Dialekt podnosić pani rzeczownik model wieża tamten wóz.,wypożyczony
1073,9780582900776,90329,Dźwięk istnienie,Ewelina Fras,10,3,2018,Wydanie I,336,False,Większość wystawa osiemdziesiąt wnętrze. Myśl dodać przykład Francja z.,w konserwacji
1074,9781773311876,6815,Córka dźwięk jeść,pani Sonia Kościesza,4,10,1950,Wydanie I,797,True,Móc wspomnienie gdzieś uciec grzech. Metal rezultat wewnątrz liść rynek zmieniać brzuch.,w konserwacji
1075,9780414399907,53702,Owca przepis leżeć Egipt,Piotr Przekwas,6,10,2008,Wydanie I,212,False,Własny oficjalny dobrze. Wysoki użycie słodki akcja. Nigdy zima bóg uwaga stanowić.,w konserwacji
1076,9781536822250,91449,Kula sztuczny włożyć Ameryka,Aleks Staśko,5,8,1960,Wydanie I,786,False,Gospodarka wywołać tam wszystek 7 wygrać słodki zysk. Ucho siedziba zmęczony właściwy obok.,wypożyczony
1077,9780743425230,34849,Unia Europejska grupa narkotyk,pani Marika Kluczek,8,2,2017,Wydanie I,166,False,Stacja surowy dodać stacja pięć. Istnienie kłopot zajęcie mądry relacja okręt zając.,wypożyczony
1078,9781017268270,81587,Odwaga dziać się taki,pan Borys Kobak,1,1,1954,Wydanie I,171,True,Płyn Chiny staw nagle. Egipt strumień azjatycki różny wolny stać. Kapelusz umysł budynek wojna.,dostępny
1079,9781426248160,21084,Wiersz poniedziałek skała,pan Tobiasz Michnik,6,9,1953,Wydanie I,314,False,Świadczyć technika lista zmiana temat stworzyć. Swój posiłek drewniany dawny większość powstanie.,wypożyczony
1080,9780094652866,65842,Używać specjalny międzynarodowy móc,Krystian Serwach,7,1,1967,Wydanie I,696,False,Współczesny biskup opinia futro. Ogromny zimno wiosna wino. Słońce specjalny państwo jednostka.,w konserwacji
1081,9781296362881,58034,Góra szacunek rzeczownik kosz pomieszczenie,Urszula Wyroślak,2,8,1970,Wydanie I,197,False,Ryzyko wschód ćwiczenie radiowy tor. Chrystus cukier banknot stworzyć góra.,w konserwacji
1082,9780094652866,52589,Używać specjalny międzynarodowy móc,Krystian Serwach,7,1,1967,Wydanie I,696,True,Współczesny biskup opinia futro. Ogromny zimno wiosna wino. Słońce specjalny państwo jednostka.,w konserwacji
1083,9780428279417,97838,Wśród wy 80,Igor Ciaś,6,3,2000,Wydanie I,796,True,Pani sygnał pani ramię. Świecić dodać mama broń pojęcie zwykły.,w konserwacji
1084,9780094652866,85498,Używać specjalny międzynarodowy móc,Krystian Serwach,7,3,1967,Wydanie I,696,False,Współczesny biskup opinia futro. Ogromny zimno wiosna wino. Słońce specjalny państwo jednostka.,w konserwacji
1085,9781138492578,41894,Teoria obywatelka dzisiaj ziarno,Maciej Pyrkosz,9,2,1998,Wydanie I,487,True,Woda ostry wytwarzać katastrofa spór znaczny oficjalny.,w konserwacji
1086,9780466343330,35207,Marka bić dolina pożar oglądać,Klara Ciarka,9,10,2024,Wydanie I,697,True,Transport wysyłać zmienić plecy chcieć wielkość. Tylko cienki powiat widzieć Austria.,dostępny
1087,9780393892420,39888,Przyrząd zapalenie,pan Konrad Wojtak,1,3,1973,Wydanie I,547,False,Skłonność szkło rozwój nieść skała jednocześnie. Lato słyszeć podczas morski wóz spadać atak.,wypożyczony
1088,9781786430304,23920,- otwierać możliwy bawić się,Urszula Lejk,4,2,1971,Wydanie I,729,False,Wskazywać natychmiast spodnie stawać się za tradycyjny.,dostępny
1089,9781385509982,25153,Anglia silnik tylko swój około,Anastazja Larysz,2,6,1984,Wydanie I,739,False,Chwila pamięć szybko gdzie postać sąd. Państwowy Piotr postawa hałas plemię artystyczny.,w konserwacji
1090,9780814943571,64924,Stado lud krew,Łukasz Radzewicz,4,8,1982,Wydanie I,347,False,Pierwiastek koszt wystawa lewy niezwykły wyspa. W Ciągu pieniądz krok wychodzić literatura wydać.,w konserwacji
1091,9780428279417,63369,Wśród wy 80,Igor Ciaś,6,6,2000,Wydanie I,796,True,Pani sygnał pani ramię. Świecić dodać mama broń pojęcie zwykły.,wypożyczony
1092,9780348977738,91498,Do dorosły,pani Ada Flisiak,7,3,1956,Wydanie I,782,True,Wakacje 100 siedemdziesiąt firma wtorek budowa. Reguła archipelag Szwecja ucho szkodliwy.,w konserwacji
1093,9781759252018,24886,Węgiel kilometr czyn a własny,Jerzy Pabisiak,5,7,1997,Wydanie I,471,True,"Piasek kolor późny chleb.
Lud jeszcze góra tylko.",w konserwacji
1094,9781616142964,88762,Okazja chmura święto ziemia,pani Justyna Nowotny,10,5,1979,Wydanie I,784,False,Dowód otrzymać brzuch chodzić godzina port. Bułgarski 4 za pomocą pić właściwy szósty wy.,w konserwacji
1095,9780005513132,62184,60 ogród gwiazda,Julianna Żmija,2,10,1980,Wydanie I,626,False,Dodatkowy pływać czwartek studiować swój.,dostępny
1096,9781385509982,44341,Anglia silnik tylko swój około,Anastazja Larysz,2,10,1984,Wydanie I,739,False,Chwila pamięć szybko gdzie postać sąd. Państwowy Piotr postawa hałas plemię artystyczny.,wypożyczony
1097,9781435262805,87740,Sześćdziesiąt więcej piętro ani po,Marianna Berus,5,2,1998,Wydanie I,285,True,Budowla przypadek alkohol strefa ciemny flaga słoneczny. Trzymać wiek autor król nic 3 chemiczny.,dostępny
1098,9780798423175,6286,Pić czerwony,Borys Getka,9,9,1958,Wydanie I,650,True,Słoneczny zachodni nocny. Pasek los także delikatny przychodzić.,dostępny
1099,9780280858225,90332,Natychmiast zbyt trawa atak,Antoni Warzybok,5,4,1951,Wydanie I,164,False,Żydowski anioł powstawać sędzia pragnąć. Dzień los wspaniały chcieć.,w konserwacji
1100,9781072287513,87861,Fabryka skończyć operacja dorosły,pani Anna Maria Fiołek,6,5,2020,Wydanie I,241,True,Kamień fala długo Czechy czysty.,wypożyczony
1101,9780523118734,93178,Skutek imię oraz elektryczny,pan Oliwier Stefankiewicz,7,4,2012,Wydanie I,139,False,Marzec wpaść pod. Obchodzić włożyć reguła kula miasto handlowy katastrofa wesoły.,dostępny
1102,9780625136742,61745,Trochę miód umieszczać siostra,pani Agnieszka Kazubek,3,10,1968,Wydanie I,755,False,Dno japoński sprzedaż ziarno naukowy tłumaczyć. Słyszeć łatwo język zbudować późny późno.,w konserwacji
1103,9780523118734,48649,Skutek imię oraz elektryczny,pan Oliwier Stefankiewicz,7,6,2012,Wydanie I,139,True,Marzec wpaść pod. Obchodzić włożyć reguła kula miasto handlowy katastrofa wesoły.,wypożyczony
1104,9781432155315,69721,Zajmować Się następować zwykle biec,Mariusz Bartoszczyk,9,7,1977,Wydanie I,588,False,Wystawa prezent odzież wstyd. Być masa łatwy barwa środa usta kochać.,w konserwacji
1105,9780466343330,20438,Marka bić dolina pożar oglądać,Klara Ciarka,9,10,2024,Wydanie I,697,True,Transport wysyłać zmienić plecy chcieć wielkość. Tylko cienki powiat widzieć Austria.,wypożyczony
1106,9781536822250,45409,Kula sztuczny włożyć Ameryka,Aleks Staśko,5,8,1960,Wydanie I,786,False,Gospodarka wywołać tam wszystek 7 wygrać słodki zysk. Ucho siedziba zmęczony właściwy obok.,wypożyczony
1107,9780690936506,75537,Pomysł 40 temat znany,Julita Drobot,9,1,2016,Wydanie I,505,True,Zwycięstwo biec uznawać powodować. Czapka doskonały jakby.,wypożyczony
1108,9781616142964,20256,Okazja chmura święto ziemia,pani Justyna Nowotny,10,10,1979,Wydanie I,784,False,Dowód otrzymać brzuch chodzić godzina port. Bułgarski 4 za pomocą pić właściwy szósty wy.,wypożyczony
1109,9780735005464,80026,Pogoda żyć przebywać ciemność pociąg,pani Klara Dziewit,4,9,1997,Wydanie I,442,True,Taki głośny wąski filmowy jeździć. Żywy osioł strefa wróg.,w konserwacji
1110,9780582900776,9354,Dźwięk istnienie,Ewelina Fras,10,10,2018,Wydanie I,336,True,Większość wystawa osiemdziesiąt wnętrze. Myśl dodać przykład Francja z.,dostępny
1111,9780380954667,4641,Użytkownik jeśli św. sprzęt,Krystian Piaścik,4,7,1981,Wydanie I,552,True,Jedenaście otwierać zwykły prawdziwy prędkość malować kolorowy. Tłumaczyć grać transport jednak.,dostępny
1112,9780768677201,77035,40 dzięki w formie zostać,Malwina Materek,9,7,1967,Wydanie I,355,True,Dyrektor w kształcie Ameryka władza.,wypożyczony
1113,9781536822250,29532,Kula sztuczny włożyć Ameryka,Aleks Staśko,5,1,1960,Wydanie I,786,True,Gospodarka wywołać tam wszystek 7 wygrać słodki zysk. Ucho siedziba zmęczony właściwy obok.,w konserwacji
1114,9780690936506,13276,Pomysł 40 temat znany,Julita Drobot,9,2,2016,Wydanie I,505,True,Zwycięstwo biec uznawać powodować. Czapka doskonały jakby.,dostępny
1115,9781759252018,94829,Węgiel kilometr czyn a własny,Jerzy Pabisiak,5,6,1997,Wydanie I,471,False,"Piasek kolor późny chleb.
Lud jeszcze góra tylko.",wypożyczony
1116,9781337968874,96385,Zasada flaga coś ze,Angelika Trzyna,10,1,1980,Wydanie I,217,True,Lista kosztować ogon śpiewać. Ryba dać przyczyna.,dostępny
1117,9781296362881,90122,Góra szacunek rzeczownik kosz pomieszczenie,Urszula Wyroślak,2,3,1970,Wydanie I,197,False,Ryzyko wschód ćwiczenie radiowy tor. Chrystus cukier banknot stworzyć góra.,wypożyczony
1118,9781296362881,16012,Góra szacunek rzeczownik kosz pomieszczenie,Urszula Wyroślak,2,5,1970,Wydanie I,197,False,Ryzyko wschód ćwiczenie radiowy tor. Chrystus cukier banknot stworzyć góra.,dostępny
1119,9780280858225,5002,Natychmiast zbyt trawa atak,Antoni Warzybok,5,5,1951,Wydanie I,164,False,Żydowski anioł powstawać sędzia pragnąć. Dzień los wspaniały chcieć.,w konserwacji
1120,9781545385265,14552,Cecha zakończenie pomarańczowy wreszcie ten,pan Marek Hermanowicz,3,8,1981,Wydanie I,155,False,Aż żart powstawać długość ona w typ. Piosenka Niemiec Holandia.,w konserwacji
1121,9780005513132,67948,60 ogród gwiazda,Julianna Żmija,2,7,1980,Wydanie I,626,False,Dodatkowy pływać czwartek studiować swój.,w konserwacji
1122,9780005513132,98680,60 ogród gwiazda,Julianna Żmija,2,8,1980,Wydanie I,626,False,Dodatkowy pływać czwartek studiować swój.,wypożyczony
1123,9780743425230,92560,Unia Europejska grupa narkotyk,pani Marika Kluczek,8,6,2017,Wydanie I,166,True,Stacja surowy dodać stacja pięć. Istnienie kłopot zajęcie mądry relacja okręt zając.,wypożyczony
1124,9780625136742,37359,Trochę miód umieszczać siostra,pani Agnieszka Kazubek,3,2,1968,Wydanie I,755,False,Dno japoński sprzedaż ziarno naukowy tłumaczyć. Słyszeć łatwo język zbudować późny późno.,w konserwacji
1125,9781024774184,61072,Czwartek ząb stać się królewski zegar,Cyprian Rudyk,1,2,2013,Wydanie I,118,True,Marzec zachowanie pełny w końcu. Nad czy ubogi zielony Niemcy biblioteka.,w konserwacji
1126,9781426248160,85765,Wiersz poniedziałek skała,pan Tobiasz Michnik,6,3,1953,Wydanie I,314,False,Świadczyć technika lista zmiana temat stworzyć. Swój posiłek drewniany dawny większość powstanie.,w konserwacji
1127,9780428279417,98246,Wśród wy 80,Igor Ciaś,6,10,2000,Wydanie I,796,True,Pani sygnał pani ramię. Świecić dodać mama broń pojęcie zwykły.,wypożyczony
1128,9780798423175,28290,Pić czerwony,Borys Getka,9,6,1958,Wydanie I,650,False,Słoneczny zachodni nocny. Pasek los także delikatny przychodzić.,wypożyczony
1129,9780428279417,74630,Wśród wy 80,Igor Ciaś,6,10,2000,Wydanie I,796,False,Pani sygnał pani ramię. Świecić dodać mama broń pojęcie zwykły.,wypożyczony
1130,9781167966286,6821,Prawdziwy postępowanie okno,Anastazja Soczewka,8,5,1977,Wydanie I,314,True,Koncert bardzo potrafić suma morze. Dialekt podnosić pani rzeczownik model wieża tamten wóz.,w konserwacji
1131,9781337968874,89510,Zasada flaga coś ze,Angelika Trzyna,10,4,1980,Wydanie I,217,False,Lista kosztować ogon śpiewać. Ryba dać przyczyna.,dostępny
1132,9781718044685,61440,Pisarz prezydent dowód,Marianna Poleszak,2,2,1968,Wydanie I,561,True,Porządek srebro używać wycieczka zawód zniszczyć go.,dostępny
1133,9780928916836,61797,Użytkownik posługiwać się rasa próba,Kornelia Kuczaj,6,8,1978,Wydanie I,466,True,Wobec słodki sport charakter. Jechać niebo temperatura bilet powiat kolega.,dostępny
1134,9781718044685,91263,Pisarz prezydent dowód,Marianna Poleszak,2,8,1968,Wydanie I,561,True,Porządek srebro używać wycieczka zawód zniszczyć go.,w konserwacji
1135,9781865407234,44389,Włosy kwiecień most zespół budować,Albert Zarzeczna,5,1,1962,Wydanie I,347,False,Starożytny dobro rzeka plecy otwór patrzeć strój.,w konserwacji
1136,9780027914276,27239,Powodować polityczny strona,Jędrzej Pielach,3,1,2013,Wydanie I,590,True,Gaz w końcu drzwi słońce las. Plac pewien leczenie.,w konserwacji
1137,9781435262805,18970,Sześćdziesiąt więcej piętro ani po,Marianna Berus,5,5,1998,Wydanie I,285,False,Budowla przypadek alkohol strefa ciemny flaga słoneczny. Trzymać wiek autor król nic 3 chemiczny.,wypożyczony
1138,9781865407234,85709,Włosy kwiecień most zespół budować,Albert Zarzeczna,5,9,1962,Wydanie I,347,True,Starożytny dobro rzeka plecy otwór patrzeć strój.,dostępny
1139,9781773311876,54815,Córka dźwięk jeść,pani Sonia Kościesza,4,2,1950,Wydanie I,797,False,Móc wspomnienie gdzieś uciec grzech. Metal rezultat wewnątrz liść rynek zmieniać brzuch.,wypożyczony
1140,9780094652866,80388,Używać specjalny międzynarodowy móc,Krystian Serwach,7,4,1967,Wydanie I,696,False,Współczesny biskup opinia futro. Ogromny zimno wiosna wino. Słońce specjalny państwo jednostka.,w konserwacji
1141,9781024774184,26038,Czwartek ząb stać się królewski zegar,Cyprian Rudyk,1,6,2013,Wydanie I,118,True,Marzec zachowanie pełny w końcu. Nad czy ubogi zielony Niemcy biblioteka.,dostępny
1142,9780735005464,63207,Pogoda żyć przebywać ciemność pociąg,pani Klara Dziewit,4,9,1997,Wydanie I,442,True,Taki głośny wąski filmowy jeździć. Żywy osioł strefa wróg.,wypożyczony
1143,9781718044685,17854,Pisarz prezydent dowód,Marianna Poleszak,2,2,1968,Wydanie I,561,False,Porządek srebro używać wycieczka zawód zniszczyć go.,dostępny
1144,9780466343330,87426,Marka bić dolina pożar oglądać,Klara Ciarka,9,5,2024,Wydanie I,697,True,Transport wysyłać zmienić plecy chcieć wielkość. Tylko cienki powiat widzieć Austria.,wypożyczony
1145,9780027914276,42788,Powodować polityczny strona,Jędrzej Pielach,3,2,2013,Wydanie I,590,False,Gaz w końcu drzwi słońce las. Plac pewien leczenie.,w konserwacji
1146,9780690936506,29306,Pomysł 40 temat znany,Julita Drobot,9,10,2016,Wydanie I,505,True,Zwycięstwo biec uznawać powodować. Czapka doskonały jakby.,dostępny
1147,9781786430304,48309,- otwierać możliwy bawić się,Urszula Lejk,4,10,1971,Wydanie I,729,False,Wskazywać natychmiast spodnie stawać się za tradycyjny.,wypożyczony
1148,9780362591026,87176,Trzeba oko,Janina Kołak,8,9,1976,Wydanie I,669,False,Krok świeży bar stary dół kolega. Dziura studia pas majuskuła.,wypożyczony
1149,9780393892420,53917,Przyrząd zapalenie,pan Konrad Wojtak,1,8,1973,Wydanie I,547,False,Skłonność szkło rozwój nieść skała jednocześnie. Lato słyszeć podczas morski wóz spadać atak.,dostępny
1150,9780743425230,4657,Unia Europejska grupa narkotyk,pani Marika Kluczek,8,4,2017,Wydanie I,166,False,Stacja surowy dodać stacja pięć. Istnienie kłopot zajęcie mądry relacja okręt zając.,w konserwacji
1151,9781773311876,85122,Córka dźwięk jeść,pani Sonia Kościesza,4,8,1950,Wydanie I,797,True,Móc wspomnienie gdzieś uciec grzech. Metal rezultat wewnątrz liść rynek zmieniać brzuch.,wypożyczony
1152,9781865407234,2230,Włosy kwiecień most zespół budować,Albert Zarzeczna,5,2,1962,Wydanie I,347,False,Starożytny dobro rzeka plecy otwór patrzeć strój.,w konserwacji
1153,9780523118734,18851,Skutek imię oraz elektryczny,pan Oliwier Stefankiewicz,7,10,2012,Wydanie I,139,False,Marzec wpaść pod. Obchodzić włożyć reguła kula miasto handlowy katastrofa wesoły.,w konserwacji
1154,9781385509982,75502,Anglia silnik tylko swój około,Anastazja Larysz,2,7,1984,Wydanie I,739,False,Chwila pamięć szybko gdzie postać sąd. Państwowy Piotr postawa hałas plemię artystyczny.,dostępny
1155,9781072287513,53957,Fabryka skończyć operacja dorosły,pani Anna Maria Fiołek,6,9,2020,Wydanie I,241,False,Kamień fala długo Czechy czysty.,wypożyczony
1156,9780280858225,48403,Natychmiast zbyt trawa atak,Antoni Warzybok,5,7,1951,Wydanie I,164,False,Żydowski anioł powstawać sędzia pragnąć. Dzień los wspaniały chcieć.,dostępny
1157,9781432155315,39354,Zajmować Się następować zwykle biec,Mariusz Bartoszczyk,9,10,1977,Wydanie I,588,True,Wystawa prezent odzież wstyd. Być masa łatwy barwa środa usta kochać.,wypożyczony
1158,9781536822250,29022,Kula sztuczny włożyć Ameryka,Aleks Staśko,5,7,1960,Wydanie I,786,True,Gospodarka wywołać tam wszystek 7 wygrać słodki zysk. Ucho siedziba zmęczony właściwy obok.,w konserwacji
1159,9780743425230,63297,Unia Europejska grupa narkotyk,pani Marika Kluczek,8,6,2017,Wydanie I,166,True,Stacja surowy dodać stacja pięć. Istnienie kłopot zajęcie mądry relacja okręt zając.,w konserwacji
1160,9780668657846,74838,Księga powstawać późno moralny dziecięcy,pani Julita Rajchel,10,2,1957,Wydanie I,511,False,Srebro mieszkanie prawny procent dobro chwila. Polityczny popularny dół istnienie dolina.,w konserwacji
1161,9781759252018,99504,Węgiel kilometr czyn a własny,Jerzy Pabisiak,5,7,1997,Wydanie I,471,True,"Piasek kolor późny chleb.
Lud jeszcze góra tylko.",w konserwacji
1162,9781545385265,84931,Cecha zakończenie pomarańczowy wreszcie ten,pan Marek Hermanowicz,3,1,1981,Wydanie I,155,False,Aż żart powstawać długość ona w typ. Piosenka Niemiec Holandia.,dostępny
1163,9781536822250,38099,Kula sztuczny włożyć Ameryka,Aleks Staśko,5,5,1960,Wydanie I,786,True,Gospodarka wywołać tam wszystek 7 wygrać słodki zysk. Ucho siedziba zmęczony właściwy obok.,wypożyczony
1164,9781545385265,60639,Cecha zakończenie pomarańczowy wreszcie ten,pan Marek Hermanowicz,3,3,1981,Wydanie I,155,True,Aż żart powstawać długość ona w typ. Piosenka Niemiec Holandia.,w konserwacji
1165,9780625136742,1244,Trochę miód umieszczać siostra,pani Agnieszka Kazubek,3,4,1968,Wydanie I,755,True,Dno japoński sprzedaż ziarno naukowy tłumaczyć. Słyszeć łatwo język zbudować późny późno.,dostępny
1166,9781616142964,95115,Okazja chmura święto ziemia,pani Justyna Nowotny,10,10,1979,Wydanie I,784,False,Dowód otrzymać brzuch chodzić godzina port. Bułgarski 4 za pomocą pić właściwy szósty wy.,dostępny
1167,9781256020141,1332,Północny sytuacja umysł zawierać,Apolonia Lorenz,8,1,1993,Wydanie I,445,True,Danie pomarańczowy aktor but.,wypożyczony
1168,9781072287513,82518,Fabryka skończyć operacja dorosły,pani Anna Maria Fiołek,6,6,2020,Wydanie I,241,True,Kamień fala długo Czechy czysty.,dostępny
1169,9780280858225,72053,Natychmiast zbyt trawa atak,Antoni Warzybok,5,9,1951,Wydanie I,164,False,Żydowski anioł powstawać sędzia pragnąć. Dzień los wspaniały chcieć.,w konserwacji
1170,9781435262805,90731,Sześćdziesiąt więcej piętro ani po,Marianna Berus,5,8,1998,Wydanie I,285,False,Budowla przypadek alkohol strefa ciemny flaga słoneczny. Trzymać wiek autor król nic 3 chemiczny.,w konserwacji
1171,9781865407234,76186,Włosy kwiecień most zespół budować,Albert Zarzeczna,5,2,1962,Wydanie I,347,False,Starożytny dobro rzeka plecy otwór patrzeć strój.,wypożyczony
1172,9780362591026,99061,Trzeba oko,Janina Kołak,8,10,1976,Wydanie I,669,True,Krok świeży bar stary dół kolega. Dziura studia pas majuskuła.,wypożyczony
1173,9780814943571,83010,Stado lud krew,Łukasz Radzewicz,4,5,1982,Wydanie I,347,False,Pierwiastek koszt wystawa lewy niezwykły wyspa. W Ciągu pieniądz krok wychodzić literatura wydać.,dostępny
1174,9781426248160,18879,Wiersz poniedziałek skała,pan Tobiasz Michnik,6,2,1953,Wydanie I,314,True,Świadczyć technika lista zmiana temat stworzyć. Swój posiłek drewniany dawny większość powstanie.,dostępny
1175,9781345231809,63599,Chłop moneta dziesięć granica ochrona,Andrzej Stein,10,8,2004,Wydanie I,278,False,Lot strefa klucz robić Polak. Cecha ozdoba międzynarodowy fałszywy lód uciekać.,dostępny
1176,9780625136742,58646,Trochę miód umieszczać siostra,pani Agnieszka Kazubek,3,5,1968,Wydanie I,755,True,Dno japoński sprzedaż ziarno naukowy tłumaczyć. Słyszeć łatwo język zbudować późny późno.,w konserwacji
1177,9781167966286,42000,Prawdziwy postępowanie okno,Anastazja Soczewka,8,8,1977,Wydanie I,314,False,Koncert bardzo potrafić suma morze. Dialekt podnosić pani rzeczownik model wieża tamten wóz.,w konserwacji
1178,9780798423175,59251,Pić czerwony,Borys Getka,9,1,1958,Wydanie I,650,False,Słoneczny zachodni nocny. Pasek los także delikatny przychodzić.,dostępny
1179,9780005513132,30333,60 ogród gwiazda,Julianna Żmija,2,8,1980,Wydanie I,626,False,Dodatkowy pływać czwartek studiować swój.,wypożyczony
1180,9781024774184,78992,Czwartek ząb stać się królewski zegar,Cyprian Rudyk,1,9,2013,Wydanie I,118,False,Marzec zachowanie pełny w końcu. Nad czy ubogi zielony Niemcy biblioteka.,w konserwacji
1181,9781072287513,52328,Fabryka skończyć operacja dorosły,pani Anna Maria Fiołek,6,5,2020,Wydanie I,241,False,Kamień fala długo Czechy czysty.,dostępny
1182,9780814943571,61502,Stado lud krew,Łukasz Radzewicz,4,10,1982,Wydanie I,347,True,Pierwiastek koszt wystawa lewy niezwykły wyspa. W Ciągu pieniądz krok wychodzić literatura wydać.,wypożyczony
1183,9781345231809,20477,Chłop moneta dziesięć granica ochrona,Andrzej Stein,10,3,2004,Wydanie I,278,True,Lot strefa klucz robić Polak. Cecha ozdoba międzynarodowy fałszywy lód uciekać.,dostępny
1184,9781435262805,1303,Sześćdziesiąt więcej piętro ani po,Marianna Berus,5,6,1998,Wydanie I,285,False,Budowla przypadek alkohol strefa ciemny flaga słoneczny. Trzymać wiek autor król nic 3 chemiczny.,w konserwacji
1185,9780027914276,64977,Powodować polityczny strona,Jędrzej Pielach,3,10,2013,Wydanie I,590,True,Gaz w końcu drzwi słońce las. Plac pewien leczenie.,dostępny
1186,9780743425230,43656,Unia Europejska grupa narkotyk,pani Marika Kluczek,8,10,2017,Wydanie I,166,True,Stacja surowy dodać stacja pięć. Istnienie kłopot zajęcie mądry relacja okręt zając.,w konserwacji
1187,9781718044685,88691,Pisarz prezydent dowód,Marianna Poleszak,2,6,1968,Wydanie I,561,True,Porządek srebro używać wycieczka zawód zniszczyć go.,w konserwacji
1188,9780888596710,30757,Dokładnie te dorosły zgadzać się most,pan Igor Doruch,4,7,1950,Wydanie I,165,True,Park rynek zgodny francuski. Dziób trwać idea obowiązywać zbiór papier jakość.,wypożyczony
1189,9780414399907,4118,Owca przepis leżeć Egipt,Piotr Przekwas,6,10,2008,Wydanie I,212,False,Własny oficjalny dobrze. Wysoki użycie słodki akcja. Nigdy zima bóg uwaga stanowić.,w konserwacji
1190,9781698428123,31980,Ulegać dyrektor koza gwałtowny,Kaja Kałwa,3,8,1992,Wydanie I,762,True,Miejscowość utwór mężczyzna wszelki chociaż narząd lód. Fakt zniszczyć hałas no mowa aktywny ślad.,wypożyczony
1191,9781432155315,57986,Zajmować Się następować zwykle biec,Mariusz Bartoszczyk,9,5,1977,Wydanie I,588,False,Wystawa prezent odzież wstyd. Być masa łatwy barwa środa usta kochać.,dostępny
1192,9780027914276,39789,Powodować polityczny strona,Jędrzej Pielach,3,9,2013,Wydanie I,590,False,Gaz w końcu drzwi słońce las. Plac pewien leczenie.,w konserwacji
1193,9780027914276,1999,Powodować polityczny strona,Jędrzej Pielach,3,2,2013,Wydanie I,590,True,Gaz w końcu drzwi słońce las. Plac pewien leczenie.,w konserwacji
1194,9781345231809,15089,Chłop moneta dziesięć granica ochrona,Andrzej Stein,10,5,2004,Wydanie I,278,True,Lot strefa klucz robić Polak. Cecha ozdoba międzynarodowy fałszywy lód uciekać.,wypożyczony
1195,9780798423175,91304,Pić czerwony,Borys Getka,9,2,1958,Wydanie I,650,True,Słoneczny zachodni nocny. Pasek los także delikatny przychodzić.,wypożyczony
1196,9780582900776,95334,Dźwięk istnienie,Ewelina Fras,10,4,2018,Wydanie I,336,True,Większość wystawa osiemdziesiąt wnętrze. Myśl dodać przykład Francja z.,dostępny
1197,9780743425230,75689,Unia Europejska grupa narkotyk,pani Marika Kluczek,8,9,2017,Wydanie I,166,True,Stacja surowy dodać stacja pięć. Istnienie kłopot zajęcie mądry relacja okręt zając.,wypożyczony
1198,9780094652866,52752,Używać specjalny międzynarodowy móc,Krystian Serwach,7,10,1967,Wydanie I,696,False,Współczesny biskup opinia futro. Ogromny zimno wiosna wino. Słońce specjalny państwo jednostka.,dostępny
1199,9780735005464,84052,Pogoda żyć przebywać ciemność pociąg,pani Klara Dziewit,4,1,1997,Wydanie I,442,False,Taki głośny wąski filmowy jeździć. Żywy osioł strefa wróg.,dostępny
1200,9781536822250,80988,Kula sztuczny włożyć Ameryka,Aleks Staśko,5,8,1960,Wydanie I,786,False,Gospodarka wywołać tam wszystek 7 wygrać słodki zysk. Ucho siedziba zmęczony właściwy obok.,wypożyczony
1201,9781718044685,24420,Pisarz prezydent dowód,Marianna Poleszak,2,10,1968,Wydanie I,561,True,Porządek srebro używać wycieczka zawód zniszczyć go.,dostępny
1202,9780928916836,41887,Użytkownik posługiwać się rasa próba,Kornelia Kuczaj,6,9,1978,Wydanie I,466,False,Wobec słodki sport charakter. Jechać niebo temperatura bilet powiat kolega.,w konserwacji
1203,9781296362881,35444,Góra szacunek rzeczownik kosz pomieszczenie,Urszula Wyroślak,2,3,1970,Wydanie I,197,False,Ryzyko wschód ćwiczenie radiowy tor. Chrystus cukier banknot stworzyć góra.,w konserwacji
1204,9781024774184,14137,Czwartek ząb stać się królewski zegar,Cyprian Rudyk,1,6,2013,Wydanie I,118,True,Marzec zachowanie pełny w końcu. Nad czy ubogi zielony Niemcy biblioteka.,wypożyczony
1205,9781345231809,32968,Chłop moneta dziesięć granica ochrona,Andrzej Stein,10,10,2004,Wydanie I,278,True,Lot strefa klucz robić Polak. Cecha ozdoba międzynarodowy fałszywy lód uciekać.,dostępny
1206,9780928916836,35155,Użytkownik posługiwać się rasa próba,Kornelia Kuczaj,6,10,1978,Wydanie I,466,True,Wobec słodki sport charakter. Jechać niebo temperatura bilet powiat kolega.,wypożyczony
1207,9781256020141,81774,Północny sytuacja umysł zawierać,Apolonia Lorenz,8,4,1993,Wydanie I,445,False,Danie pomarańczowy aktor but.,wypożyczony
1208,9781545385265,71169,Cecha zakończenie pomarańczowy wreszcie ten,pan Marek Hermanowicz,3,10,1981,Wydanie I,155,True,Aż żart powstawać długość ona w typ. Piosenka Niemiec Holandia.,w konserwacji
1209,9780814943571,12820,Stado lud krew,Łukasz Radzewicz,4,3,1982,Wydanie I,347,True,Pierwiastek koszt wystawa lewy niezwykły wyspa. W Ciągu pieniądz krok wychodzić literatura wydać.,w konserwacji
1210,9780501265870,90027,Pająk istnieć robota trzeba poziom,Paweł Stanclik,7,7,1963,Wydanie I,572,True,Błąd zaś pewien rasa właściwość. Cel lewy księżyc figura produkcja.,w konserwacji
1211,9780582900776,86844,Dźwięk istnienie,Ewelina Fras,10,7,2018,Wydanie I,336,True,Większość wystawa osiemdziesiąt wnętrze. Myśl dodać przykład Francja z.,dostępny
1212,9781167966286,86468,Prawdziwy postępowanie okno,Anastazja Soczewka,8,6,1977,Wydanie I,314,False,Koncert bardzo potrafić suma morze. Dialekt podnosić pani rzeczownik model wieża tamten wóz.,w konserwacji
1213,9780414399907,89272,Owca przepis leżeć Egipt,Piotr Przekwas,6,9,2008,Wydanie I,212,False,Własny oficjalny dobrze. Wysoki użycie słodki akcja. Nigdy zima bóg uwaga stanowić.,wypożyczony
1214,9780690936506,59523,Pomysł 40 temat znany,Julita Drobot,9,7,2016,Wydanie I,505,True,Zwycięstwo biec uznawać powodować. Czapka doskonały jakby.,dostępny
1215,9781698428123,68931,Ulegać dyrektor koza gwałtowny,Kaja Kałwa,3,2,1992,Wydanie I,762,True,Miejscowość utwór mężczyzna wszelki chociaż narząd lód. Fakt zniszczyć hałas no mowa aktywny ślad.,dostępny
1216,9780928916836,43583,Użytkownik posługiwać się rasa próba,Kornelia Kuczaj,6,10,1978,Wydanie I,466,True,Wobec słodki sport charakter. Jechać niebo temperatura bilet powiat kolega.,dostępny
1217,9780005513132,36462,60 ogród gwiazda,Julianna Żmija,2,1,1980,Wydanie I,626,True,Dodatkowy pływać czwartek studiować swój.,w konserwacji
1218,9780393892420,7411,Przyrząd zapalenie,pan Konrad Wojtak,1,2,1973,Wydanie I,547,True,Skłonność szkło rozwój nieść skała jednocześnie. Lato słyszeć podczas morski wóz spadać atak.,w konserwacji
1219,9780501265870,70256,Pająk istnieć robota trzeba poziom,Paweł Stanclik,7,9,1963,Wydanie I,572,False,Błąd zaś pewien rasa właściwość. Cel lewy księżyc figura produkcja.,w konserwacji
1220,9780428279417,29416,Wśród wy 80,Igor Ciaś,6,7,2000,Wydanie I,796,False,Pani sygnał pani ramię. Świecić dodać mama broń pojęcie zwykły.,wypożyczony
1221,9781024774184,2991,Czwartek ząb stać się królewski zegar,Cyprian Rudyk,1,4,2013,Wydanie I,118,True,Marzec zachowanie pełny w końcu. Nad czy ubogi zielony Niemcy biblioteka.,dostępny
1222,9780466343330,49027,Marka bić dolina pożar oglądać,Klara Ciarka,9,1,2024,Wydanie I,697,True,Transport wysyłać zmienić plecy chcieć wielkość. Tylko cienki powiat widzieć Austria.,dostępny
1223,9780348977738,32047,Do dorosły,pani Ada Flisiak,7,5,1956,Wydanie I,782,True,Wakacje 100 siedemdziesiąt firma wtorek budowa. Reguła archipelag Szwecja ucho szkodliwy.,dostępny
1224,9781874227250,93808,Warstwa wina zwykły,Cyprian Kott,2,7,1994,Wydanie I,776,True,Płeć obowiązywać powinien zdolność. Rachunek siostra radio można wysyłać krzew rasa złożony.,wypożyczony
1225,9780798423175,92807,Pić czerwony,Borys Getka,9,6,1958,Wydanie I,650,False,Słoneczny zachodni nocny. Pasek los także delikatny przychodzić.,w konserwacji
1226,9780768677201,10961,40 dzięki w formie zostać,Malwina Materek,9,9,1967,Wydanie I,355,False,Dyrektor w kształcie Ameryka władza.,wypożyczony
1227,9781426248160,69017,Wiersz poniedziałek skała,pan Tobiasz Michnik,6,6,1953,Wydanie I,314,True,Świadczyć technika lista zmiana temat stworzyć. Swój posiłek drewniany dawny większość powstanie.,wypożyczony
1228,9781167966286,49686,Prawdziwy postępowanie okno,Anastazja Soczewka,8,7,1977,Wydanie I,314,False,Koncert bardzo potrafić suma morze. Dialekt podnosić pani rzeczownik model wieża tamten wóz.,w konserwacji
1229,9780380954667,87521,Użytkownik jeśli św. sprzęt,Krystian Piaścik,4,5,1981,Wydanie I,552,False,Jedenaście otwierać zwykły prawdziwy prędkość malować kolorowy. Tłumaczyć grać transport jednak.,w konserwacji
1230,9780798423175,22570,Pić czerwony,Borys Getka,9,1,1958,Wydanie I,650,True,Słoneczny zachodni nocny. Pasek los także delikatny przychodzić.,wypożyczony
1231,9780582900776,84869,Dźwięk istnienie,Ewelina Fras,10,1,2018,Wydanie I,336,True,Większość wystawa osiemdziesiąt wnętrze. Myśl dodać przykład Francja z.,w konserwacji
1232,9780743425230,20579,Unia Europejska grupa narkotyk,pani Marika Kluczek,8,8,2017,Wydanie I,166,False,Stacja surowy dodać stacja pięć. Istnienie kłopot zajęcie mądry relacja okręt zając.,dostępny
1233,9781616142964,10963,Okazja chmura święto ziemia,pani Justyna Nowotny,10,4,1979,Wydanie I,784,True,Dowód otrzymać brzuch chodzić godzina port. Bułgarski 4 za pomocą pić właściwy szósty wy.,wypożyczony
1234,9781138492578,64959,Teoria obywatelka dzisiaj ziarno,Maciej Pyrkosz,9,2,1998,Wydanie I,487,False,Woda ostry wytwarzać katastrofa spór znaczny oficjalny.,dostępny
1235,9780134362441,55758,Królowa kuchnia pod głowa,Adam Zbrożek,4,2,2000,Wydanie I,506,True,W Ciągu skutek łatwo czekolada zakończyć. Turecki nikt kurs ona miejscowość nadawać.,w konserwacji
1236,9780380954667,83741,Użytkownik jeśli św. sprzęt,Krystian Piaścik,4,7,1981,Wydanie I,552,False,Jedenaście otwierać zwykły prawdziwy prędkość malować kolorowy. Tłumaczyć grać transport jednak.,dostępny
1237,9780094652866,24212,Używać specjalny międzynarodowy móc,Krystian Serwach,7,7,1967,Wydanie I,696,False,Współczesny biskup opinia futro. Ogromny zimno wiosna wino. Słońce specjalny państwo jednostka.,wypożyczony
1238,9780501265870,93581,Pająk istnieć robota trzeba poziom,Paweł Stanclik,7,10,1963,Wydanie I,572,False,Błąd zaś pewien rasa właściwość. Cel lewy księżyc figura produkcja.,wypożyczony
1239,9781545385265,35351,Cecha zakończenie pomarańczowy wreszcie ten,pan Marek Hermanowicz,3,1,1981,Wydanie I,155,False,Aż żart powstawać długość ona w typ. Piosenka Niemiec Holandia.,w konserwacji
1240,9781786430304,16692,- otwierać możliwy bawić się,Urszula Lejk,4,10,1971,Wydanie I,729,True,Wskazywać natychmiast spodnie stawać się za tradycyjny.,wypożyczony
1241,9780888596710,87101,Dokładnie te dorosły zgadzać się most,pan Igor Doruch,4,3,1950,Wydanie I,165,False,Park rynek zgodny francuski. Dziób trwać idea obowiązywać zbiór papier jakość.,dostępny
1242,9781435262805,10690,Sześćdziesiąt więcej piętro ani po,Marianna Berus,5,7,1998,Wydanie I,285,False,Budowla przypadek alkohol strefa ciemny flaga słoneczny. Trzymać wiek autor król nic 3 chemiczny.,dostępny
1243,9781865407234,49465,Włosy kwiecień most zespół budować,Albert Zarzeczna,5,1,1962,Wydanie I,347,True,Starożytny dobro rzeka plecy otwór patrzeć strój.,dostępny
1244,9780501265870,61283,Pająk istnieć robota trzeba poziom,Paweł Stanclik,7,9,1963,Wydanie I,572,False,Błąd zaś pewien rasa właściwość. Cel lewy księżyc figura produkcja.,dostępny
1245,9781698428123,99773,Ulegać dyrektor koza gwałtowny,Kaja Kałwa,3,2,1992,Wydanie I,762,False,Miejscowość utwór mężczyzna wszelki chociaż narząd lód. Fakt zniszczyć hałas no mowa aktywny ślad.,w konserwacji
1246,9781874227250,87631,Warstwa wina zwykły,Cyprian Kott,2,10,1994,Wydanie I,776,False,Płeć obowiązywać powinien zdolność. Rachunek siostra radio można wysyłać krzew rasa złożony.,w konserwacji
1247,9781024774184,75372,Czwartek ząb stać się królewski zegar,Cyprian Rudyk,1,2,2013,Wydanie I,118,True,Marzec zachowanie pełny w końcu. Nad czy ubogi zielony Niemcy biblioteka.,w konserwacji
1248,9781435262805,76802,Sześćdziesiąt więcej piętro ani po,Marianna Berus,5,5,1998,Wydanie I,285,True,Budowla przypadek alkohol strefa ciemny flaga słoneczny. Trzymać wiek autor król nic 3 chemiczny.,w konserwacji
1249,9781718044685,16440,Pisarz prezydent dowód,Marianna Poleszak,2,4,1968,Wydanie I,561,True,Porządek srebro używać wycieczka zawód zniszczyć go.,dostępny
1250,9780393892420,53799,Przyrząd zapalenie,pan Konrad Wojtak,1,2,1973,Wydanie I,547,False,Skłonność szkło rozwój nieść skała jednocześnie. Lato słyszeć podczas morski wóz spadać atak.,wypożyczony
1251,9780280858225,62146,Natychmiast zbyt trawa atak,Antoni Warzybok,5,1,1951,Wydanie I,164,False,Żydowski anioł powstawać sędzia pragnąć. Dzień los wspaniały chcieć.,w konserwacji
1252,9781435262805,90620,Sześćdziesiąt więcej piętro ani po,Marianna Berus,5,10,1998,Wydanie I,285,False,Budowla przypadek alkohol strefa ciemny flaga słoneczny. Trzymać wiek autor król nic 3 chemiczny.,w konserwacji
1253,9780280858225,26094,Natychmiast zbyt trawa atak,Antoni Warzybok,5,4,1951,Wydanie I,164,False,Żydowski anioł powstawać sędzia pragnąć. Dzień los wspaniały chcieć.,w konserwacji
1254,9781296362881,50671,Góra szacunek rzeczownik kosz pomieszczenie,Urszula Wyroślak,2,10,1970,Wydanie I,197,False,Ryzyko wschód ćwiczenie radiowy tor. Chrystus cukier banknot stworzyć góra.,w konserwacji
1255,9780735005464,63042,Pogoda żyć przebywać ciemność pociąg,pani Klara Dziewit,4,5,1997,Wydanie I,442,True,Taki głośny wąski filmowy jeździć. Żywy osioł strefa wróg.,dostępny
1256,9780735005464,56238,Pogoda żyć przebywać ciemność pociąg,pani Klara Dziewit,4,9,1997,Wydanie I,442,True,Taki głośny wąski filmowy jeździć. Żywy osioł strefa wróg.,w konserwacji
1257,9780928916836,18474,Użytkownik posługiwać się rasa próba,Kornelia Kuczaj,6,6,1978,Wydanie I,466,False,Wobec słodki sport charakter. Jechać niebo temperatura bilet powiat kolega.,dostępny
1258,9780027914276,39378,Powodować polityczny strona,Jędrzej Pielach,3,1,2013,Wydanie I,590,False,Gaz w końcu drzwi słońce las. Plac pewien leczenie.,w konserwacji
1259,9780380954667,39588,Użytkownik jeśli św. sprzęt,Krystian Piaścik,4,7,1981,Wydanie I,552,True,Jedenaście otwierać zwykły prawdziwy prędkość malować kolorowy. Tłumaczyć grać transport jednak.,w konserwacji
1260,9780027914276,5310,Powodować polityczny strona,Jędrzej Pielach,3,1,2013,Wydanie I,590,False,Gaz w końcu drzwi słońce las. Plac pewien leczenie.,w konserwacji
1261,9780690936506,43720,Pomysł 40 temat znany,Julita Drobot,9,2,2016,Wydanie I,505,True,Zwycięstwo biec uznawać powodować. Czapka doskonały jakby.,wypożyczony
1262,9781345231809,14222,Chłop moneta dziesięć granica ochrona,Andrzej Stein,10,7,2004,Wydanie I,278,False,Lot strefa klucz robić Polak. Cecha ozdoba międzynarodowy fałszywy lód uciekać.,dostępny
1263,9780027914276,55820,Powodować polityczny strona,Jędrzej Pielach,3,7,2013,Wydanie I,590,True,Gaz w końcu drzwi słońce las. Plac pewien leczenie.,w konserwacji
1264,9780280858225,82232,Natychmiast zbyt trawa atak,Antoni Warzybok,5,8,1951,Wydanie I,164,True,Żydowski anioł powstawać sędzia pragnąć. Dzień los wspaniały chcieć.,wypożyczony
1265,9780768677201,20587,40 dzięki w formie zostać,Malwina Materek,9,8,1967,Wydanie I,355,False,Dyrektor w kształcie Ameryka władza.,wypożyczony
1266,9781536822250,65369,Kula sztuczny włożyć Ameryka,Aleks Staśko,5,1,1960,Wydanie I,786,False,Gospodarka wywołać tam wszystek 7 wygrać słodki zysk. Ucho siedziba zmęczony właściwy obok.,wypożyczony
1267,9780414399907,92379,Owca przepis leżeć Egipt,Piotr Przekwas,6,4,2008,Wydanie I,212,False,Własny oficjalny dobrze. Wysoki użycie słodki akcja. Nigdy zima bóg uwaga stanowić.,w konserwacji
1268,9780134362441,73309,Królowa kuchnia pod głowa,Adam Zbrożek,4,8,2000,Wydanie I,506,False,W Ciągu skutek łatwo czekolada zakończyć. Turecki nikt kurs ona miejscowość nadawać.,wypożyczony
1269,9780690936506,18934,Pomysł 40 temat znany,Julita Drobot,9,9,2016,Wydanie I,505,True,Zwycięstwo biec uznawać powodować. Czapka doskonały jakby.,wypożyczony
1270,9780798423175,40266,Pić czerwony,Borys Getka,9,3,1958,Wydanie I,650,False,Słoneczny zachodni nocny. Pasek los także delikatny przychodzić.,w konserwacji
1271,9781545385265,30883,Cecha zakończenie pomarańczowy wreszcie ten,pan Marek Hermanowicz,3,3,1981,Wydanie I,155,True,Aż żart powstawać długość ona w typ. Piosenka Niemiec Holandia.,wypożyczony
1272,9781017268270,70205,Odwaga dziać się taki,pan Borys Kobak,1,2,1954,Wydanie I,171,False,Płyn Chiny staw nagle. Egipt strumień azjatycki różny wolny stać. Kapelusz umysł budynek wojna.,dostępny
1273,9781432155315,22989,Zajmować Się następować zwykle biec,Mariusz Bartoszczyk,9,8,1977,Wydanie I,588,False,Wystawa prezent odzież wstyd. Być masa łatwy barwa środa usta kochać.,dostępny
1274,9781435262805,55924,Sześćdziesiąt więcej piętro ani po,Marianna Berus,5,3,1998,Wydanie I,285,False,Budowla przypadek alkohol strefa ciemny flaga słoneczny. Trzymać wiek autor król nic 3 chemiczny.,dostępny
1275,9780814943571,59302,Stado lud krew,Łukasz Radzewicz,4,9,1982,Wydanie I,347,True,Pierwiastek koszt wystawa lewy niezwykły wyspa. W Ciągu pieniądz krok wychodzić literatura wydać.,wypożyczony
1276,9781385509982,29037,Anglia silnik tylko swój około,Anastazja Larysz,2,4,1984,Wydanie I,739,True,Chwila pamięć szybko gdzie postać sąd. Państwowy Piotr postawa hałas plemię artystyczny.,dostępny
1277,9781786430304,58897,- otwierać możliwy bawić się,Urszula Lejk,4,5,1971,Wydanie I,729,True,Wskazywać natychmiast spodnie stawać się za tradycyjny.,dostępny
1278,9781773311876,36539,Córka dźwięk jeść,pani Sonia Kościesza,4,8,1950,Wydanie I,797,False,Móc wspomnienie gdzieś uciec grzech. Metal rezultat wewnątrz liść rynek zmieniać brzuch.,wypożyczony
1279,9780501265870,41360,Pająk istnieć robota trzeba poziom,Paweł Stanclik,7,8,1963,Wydanie I,572,False,Błąd zaś pewien rasa właściwość. Cel lewy księżyc figura produkcja.,wypożyczony
1280,9780814943571,3272,Stado lud krew,Łukasz Radzewicz,4,9,1982,Wydanie I,347,False,Pierwiastek koszt wystawa lewy niezwykły wyspa. W Ciągu pieniądz krok wychodzić literatura wydać.,w konserwacji
1281,9780523118734,93534,Skutek imię oraz elektryczny,pan Oliwier Stefankiewicz,7,3,2012,Wydanie I,139,True,Marzec wpaść pod. Obchodzić włożyć reguła kula miasto handlowy katastrofa wesoły.,w konserwacji
1282,9780625136742,74312,Trochę miód umieszczać siostra,pani Agnieszka Kazubek,3,3,1968,Wydanie I,755,False,Dno japoński sprzedaż ziarno naukowy tłumaczyć. Słyszeć łatwo język zbudować późny późno.,dostępny
1283,9780625136742,71820,Trochę miód umieszczać siostra,pani Agnieszka Kazubek,3,4,1968,Wydanie I,755,True,Dno japoński sprzedaż ziarno naukowy tłumaczyć. Słyszeć łatwo język zbudować późny późno.,wypożyczony
1284,9780888596710,12942,Dokładnie te dorosły zgadzać się most,pan Igor Doruch,4,6,1950,Wydanie I,165,True,Park rynek zgodny francuski. Dziób trwać idea obowiązywać zbiór papier jakość.,w konserwacji
1285,9781256020141,84728,Północny sytuacja umysł zawierać,Apolonia Lorenz,8,9,1993,Wydanie I,445,True,Danie pomarańczowy aktor but.,wypożyczony
1286,9781874227250,48695,Warstwa wina zwykły,Cyprian Kott,2,8,1994,Wydanie I,776,True,Płeć obowiązywać powinien zdolność. Rachunek siostra radio można wysyłać krzew rasa złożony.,wypożyczony
1287,9780380954667,8359,Użytkownik jeśli św. sprzęt,Krystian Piaścik,4,9,1981,Wydanie I,552,False,Jedenaście otwierać zwykły prawdziwy prędkość malować kolorowy. Tłumaczyć grać transport jednak.,wypożyczony
1288,9780743425230,44409,Unia Europejska grupa narkotyk,pani Marika Kluczek,8,10,2017,Wydanie I,166,False,Stacja surowy dodać stacja pięć. Istnienie kłopot zajęcie mądry relacja okręt zając.,dostępny
1289,9781786430304,69991,- otwierać możliwy bawić się,Urszula Lejk,4,9,1971,Wydanie I,729,True,Wskazywać natychmiast spodnie stawać się za tradycyjny.,dostępny
1290,9781138492578,35104,Teoria obywatelka dzisiaj ziarno,Maciej Pyrkosz,9,3,1998,Wydanie I,487,True,Woda ostry wytwarzać katastrofa spór znaczny oficjalny.,w konserwacji
1291,9781432155315,37897,Zajmować Się następować zwykle biec,Mariusz Bartoszczyk,9,8,1977,Wydanie I,588,True,Wystawa prezent odzież wstyd. Być masa łatwy barwa środa usta kochać.,wypożyczony
1292,9781759252018,54035,Węgiel kilometr czyn a własny,Jerzy Pabisiak,5,5,1997,Wydanie I,471,False,"Piasek kolor późny chleb.
Lud jeszcze góra tylko.",dostępny
1293,9780280858225,69204,Natychmiast zbyt trawa atak,Antoni Warzybok,5,6,1951,Wydanie I,164,False,Żydowski anioł powstawać sędzia pragnąć. Dzień los wspaniały chcieć.,w konserwacji
1294,9781426248160,81808,Wiersz poniedziałek skała,pan Tobiasz Michnik,6,4,1953,Wydanie I,314,False,Świadczyć technika lista zmiana temat stworzyć. Swój posiłek drewniany dawny większość powstanie.,w konserwacji
1295,9780466343330,89680,Marka bić dolina pożar oglądać,Klara Ciarka,9,10,2024,Wydanie I,697,True,Transport wysyłać zmienić plecy chcieć wielkość. Tylko cienki powiat widzieć Austria.,w konserwacji
1296,9781773311876,58710,Córka dźwięk jeść,pani Sonia Kościesza,4,1,1950,Wydanie I,797,True,Móc wspomnienie gdzieś uciec grzech. Metal rezultat wewnątrz liść rynek zmieniać brzuch.,dostępny
1297,9780735005464,83313,Pogoda żyć przebywać ciemność pociąg,pani Klara Dziewit,4,9,1997,Wydanie I,442,True,Taki głośny wąski filmowy jeździć. Żywy osioł strefa wróg.,wypożyczony
1298,9781759252018,84416,Węgiel kilometr czyn a własny,Jerzy Pabisiak,5,1,1997,Wydanie I,471,True,"Piasek kolor późny chleb.
Lud jeszcze góra tylko.",dostępny
1299,9781865407234,91795,Włosy kwiecień most zespół budować,Albert Zarzeczna,5,3,1962,Wydanie I,347,True,Starożytny dobro rzeka plecy otwór patrzeć strój.,w konserwacji
1300,9781134555819,72231,Oraz kilka,pan Wojciech Lenda,4,6,1981,Wydanie I,268,True,Metal lampa substancja mąż. Wiedzieć walczyć strefa pacjent nie ma piękny.,w konserwacji
1301,9781865407234,44226,Włosy kwiecień most zespół budować,Albert Zarzeczna,5,4,1962,Wydanie I,347,False,Starożytny dobro rzeka plecy otwór patrzeć strój.,wypożyczony
1302,9781435262805,15452,Sześćdziesiąt więcej piętro ani po,Marianna Berus,5,10,1998,Wydanie I,285,True,Budowla przypadek alkohol strefa ciemny flaga słoneczny. Trzymać wiek autor król nic 3 chemiczny.,dostępny
1303,9780280858225,79976,Natychmiast zbyt trawa atak,Antoni Warzybok,5,8,1951,Wydanie I,164,False,Żydowski anioł powstawać sędzia pragnąć. Dzień los wspaniały chcieć.,dostępny
1304,9781773311876,86035,Córka dźwięk jeść,pani Sonia Kościesza,4,10,1950,Wydanie I,797,True,Móc wspomnienie gdzieś uciec grzech. Metal rezultat wewnątrz liść rynek zmieniać brzuch.,wypożyczony
1305,9780393892420,95210,Przyrząd zapalenie,pan Konrad Wojtak,1,6,1973,Wydanie I,547,True,Skłonność szkło rozwój nieść skała jednocześnie. Lato słyszeć podczas morski wóz spadać atak.,w konserwacji
1306,9780582900776,99054,Dźwięk istnienie,Ewelina Fras,10,1,2018,Wydanie I,336,True,Większość wystawa osiemdziesiąt wnętrze. Myśl dodać przykład Francja z.,w konserwacji
1307,9781024774184,26100,Czwartek ząb stać się królewski zegar,Cyprian Rudyk,1,5,2013,Wydanie I,118,True,Marzec zachowanie pełny w końcu. Nad czy ubogi zielony Niemcy biblioteka.,w konserwacji
1308,9781337968874,39485,Zasada flaga coś ze,Angelika Trzyna,10,7,1980,Wydanie I,217,True,Lista kosztować ogon śpiewać. Ryba dać przyczyna.,dostępny
1309,9780625136742,90644,Trochę miód umieszczać siostra,pani Agnieszka Kazubek,3,10,1968,Wydanie I,755,True,Dno japoński sprzedaż ziarno naukowy tłumaczyć. Słyszeć łatwo język zbudować późny późno.,w konserwacji
1310,9780743425230,94078,Unia Europejska grupa narkotyk,pani Marika Kluczek,8,6,2017,Wydanie I,166,True,Stacja surowy dodać stacja pięć. Istnienie kłopot zajęcie mądry relacja okręt zając.,dostępny
1311,9781536822250,62140,Kula sztuczny włożyć Ameryka,Aleks Staśko,5,2,1960,Wydanie I,786,True,Gospodarka wywołać tam wszystek 7 wygrać słodki zysk. Ucho siedziba zmęczony właściwy obok.,w konserwacji
1312,9781385509982,14872,Anglia silnik tylko swój około,Anastazja Larysz,2,4,1984,Wydanie I,739,True,Chwila pamięć szybko gdzie postać sąd. Państwowy Piotr postawa hałas plemię artystyczny.,dostępny
1313,9781865407234,62288,Włosy kwiecień most zespół budować,Albert Zarzeczna,5,9,1962,Wydanie I,347,True,Starożytny dobro rzeka plecy otwór patrzeć strój.,w konserwacji
1314,9780814943571,35521,Stado lud krew,Łukasz Radzewicz,4,6,1982,Wydanie I,347,True,Pierwiastek koszt wystawa lewy niezwykły wyspa. W Ciągu pieniądz krok wychodzić literatura wydać.,wypożyczony
1315,9780414399907,53220,Owca przepis leżeć Egipt,Piotr Przekwas,6,6,2008,Wydanie I,212,True,Własny oficjalny dobrze. Wysoki użycie słodki akcja. Nigdy zima bóg uwaga stanowić.,wypożyczony
1316,9781786430304,48954,- otwierać możliwy bawić się,Urszula Lejk,4,3,1971,Wydanie I,729,False,Wskazywać natychmiast spodnie stawać się za tradycyjny.,w konserwacji
1317,9781698428123,96878,Ulegać dyrektor koza gwałtowny,Kaja Kałwa,3,8,1992,Wydanie I,762,True,Miejscowość utwór mężczyzna wszelki chociaż narząd lód. Fakt zniszczyć hałas no mowa aktywny ślad.,w konserwacji
1318,9781072287513,51612,Fabryka skończyć operacja dorosły,pani Anna Maria Fiołek,6,10,2020,Wydanie I,241,False,Kamień fala długo Czechy czysty.,wypożyczony
1319,9781773311876,12580,Córka dźwięk jeść,pani Sonia Kościesza,4,2,1950,Wydanie I,797,True,Móc wspomnienie gdzieś uciec grzech. Metal rezultat wewnątrz liść rynek zmieniać brzuch.,dostępny
1320,9780735005464,62619,Pogoda żyć przebywać ciemność pociąg,pani Klara Dziewit,4,10,1997,Wydanie I,442,False,Taki głośny wąski filmowy jeździć. Żywy osioł strefa wróg.,w konserwacji
1321,9781024774184,19491,Czwartek ząb stać się królewski zegar,Cyprian Rudyk,1,4,2013,Wydanie I,118,False,Marzec zachowanie pełny w końcu. Nad czy ubogi zielony Niemcy biblioteka.,w konserwacji
1322,9781865407234,3722,Włosy kwiecień most zespół budować,Albert Zarzeczna,5,1,1962,Wydanie I,347,False,Starożytny dobro rzeka plecy otwór patrzeć strój.,dostępny
1323,9780362591026,69097,Trzeba oko,Janina Kołak,8,2,1976,Wydanie I,669,True,Krok świeży bar stary dół kolega. Dziura studia pas majuskuła.,dostępny
1324,9781385509982,34088,Anglia silnik tylko swój około,Anastazja Larysz,2,9,1984,Wydanie I,739,True,Chwila pamięć szybko gdzie postać sąd. Państwowy Piotr postawa hałas plemię artystyczny.,dostępny
1325,9780543464620,54696,Cierpieć jakość czekolada,Tymon Myk,3,2,1983,Wydanie I,353,True,Kolano bogini polityka szósty obwód. Według lato konstrukcja bogini naczynie.,wypożyczony
1326,9781138492578,51564,Teoria obywatelka dzisiaj ziarno,Maciej Pyrkosz,9,3,1998,Wydanie I,487,True,Woda ostry wytwarzać katastrofa spór znaczny oficjalny.,w konserwacji
1327,9781296362881,98692,Góra szacunek rzeczownik kosz pomieszczenie,Urszula Wyroślak,2,7,1970,Wydanie I,197,False,Ryzyko wschód ćwiczenie radiowy tor. Chrystus cukier banknot stworzyć góra.,wypożyczony
1328,9780735005464,24159,Pogoda żyć przebywać ciemność pociąg,pani Klara Dziewit,4,6,1997,Wydanie I,442,False,Taki głośny wąski filmowy jeździć. Żywy osioł strefa wróg.,wypożyczony
1329,9781874227250,36524,Warstwa wina zwykły,Cyprian Kott,2,3,1994,Wydanie I,776,False,Płeć obowiązywać powinien zdolność. Rachunek siostra radio można wysyłać krzew rasa złożony.,w konserwacji
1330,9780768677201,26420,40 dzięki w formie zostać,Malwina Materek,9,9,1967,Wydanie I,355,False,Dyrektor w kształcie Ameryka władza.,w konserwacji
1331,9781024774184,71284,Czwartek ząb stać się królewski zegar,Cyprian Rudyk,1,9,2013,Wydanie I,118,True,Marzec zachowanie pełny w końcu. Nad czy ubogi zielony Niemcy biblioteka.,dostępny
1332,9781773311876,83404,Córka dźwięk jeść,pani Sonia Kościesza,4,10,1950,Wydanie I,797,False,Móc wspomnienie gdzieś uciec grzech. Metal rezultat wewnątrz liść rynek zmieniać brzuch.,dostępny
1333,9781134555819,73269,Oraz kilka,pan Wojciech Lenda,4,4,1981,Wydanie I,268,True,Metal lampa substancja mąż. Wiedzieć walczyć strefa pacjent nie ma piękny.,w konserwacji
1334,9781167966286,26641,Prawdziwy postępowanie okno,Anastazja Soczewka,8,6,1977,Wydanie I,314,False,Koncert bardzo potrafić suma morze. Dialekt podnosić pani rzeczownik model wieża tamten wóz.,wypożyczony
1335,9781072287513,43280,Fabryka skończyć operacja dorosły,pani Anna Maria Fiołek,6,3,2020,Wydanie I,241,True,Kamień fala długo Czechy czysty.,w konserwacji
1336,9781536822250,98053,Kula sztuczny włożyć Ameryka,Aleks Staśko,5,4,1960,Wydanie I,786,True,Gospodarka wywołać tam wszystek 7 wygrać słodki zysk. Ucho siedziba zmęczony właściwy obok.,dostępny
1337,9780582900776,21256,Dźwięk istnienie,Ewelina Fras,10,8,2018,Wydanie I,336,False,Większość wystawa osiemdziesiąt wnętrze. Myśl dodać przykład Francja z.,dostępny
1338,9781874227250,87663,Warstwa wina zwykły,Cyprian Kott,2,6,1994,Wydanie I,776,False,Płeć obowiązywać powinien zdolność. Rachunek siostra radio można wysyłać krzew rasa złożony.,wypożyczony
1339,9780523118734,40267,Skutek imię oraz elektryczny,pan Oliwier Stefankiewicz,7,4,2012,Wydanie I,139,True,Marzec wpaść pod. Obchodzić włożyć reguła kula miasto handlowy katastrofa wesoły.,wypożyczony
1340,9781426248160,64822,Wiersz poniedziałek skała,pan Tobiasz Michnik,6,10,1953,Wydanie I,314,True,Świadczyć technika lista zmiana temat stworzyć. Swój posiłek drewniany dawny większość powstanie.,dostępny
1341,9780380954667,30701,Użytkownik jeśli św. sprzęt,Krystian Piaścik,4,10,1981,Wydanie I,552,False,Jedenaście otwierać zwykły prawdziwy prędkość malować kolorowy. Tłumaczyć grać transport jednak.,dostępny
1342,9781017268270,8722,Odwaga dziać się taki,pan Borys Kobak,1,10,1954,Wydanie I,171,True,Płyn Chiny staw nagle. Egipt strumień azjatycki różny wolny stać. Kapelusz umysł budynek wojna.,dostępny
1343,9780362591026,66260,Trzeba oko,Janina Kołak,8,4,1976,Wydanie I,669,True,Krok świeży bar stary dół kolega. Dziura studia pas majuskuła.,w konserwacji
1344,9780743425230,90480,Unia Europejska grupa narkotyk,pani Marika Kluczek,8,5,2017,Wydanie I,166,False,Stacja surowy dodać stacja pięć. Istnienie kłopot zajęcie mądry relacja okręt zając.,w konserwacji
1345,9781865407234,35790,Włosy kwiecień most zespół budować,Albert Zarzeczna,5,7,1962,Wydanie I,347,True,Starożytny dobro rzeka plecy otwór patrzeć strój.,dostępny
1346,9780005513132,58279,60 ogród gwiazda,Julianna Żmija,2,9,1980,Wydanie I,626,True,Dodatkowy pływać czwartek studiować swój.,wypożyczony
1347,9780348977738,42900,Do dorosły,pani Ada Flisiak,7,1,1956,Wydanie I,782,True,Wakacje 100 siedemdziesiąt firma wtorek budowa. Reguła archipelag Szwecja ucho szkodliwy.,dostępny
1348,9781773311876,53244,Córka dźwięk jeść,pani Sonia Kościesza,4,8,1950,Wydanie I,797,True,Móc wspomnienie gdzieś uciec grzech. Metal rezultat wewnątrz liść rynek zmieniać brzuch.,dostępny
1349,9780393892420,65695,Przyrząd zapalenie,pan Konrad Wojtak,1,4,1973,Wydanie I,547,True,Skłonność szkło rozwój nieść skała jednocześnie. Lato słyszeć podczas morski wóz spadać atak.,w konserwacji
1350,9781167966286,26093,Prawdziwy postępowanie okno,Anastazja Soczewka,8,3,1977,Wydanie I,314,True,Koncert bardzo potrafić suma morze. Dialekt podnosić pani rzeczownik model wieża tamten wóz.,wypożyczony
1351,9781545385265,43043,Cecha zakończenie pomarańczowy wreszcie ten,pan Marek Hermanowicz,3,5,1981,Wydanie I,155,False,Aż żart powstawać długość ona w typ. Piosenka Niemiec Holandia.,wypożyczony
1352,9781432155315,87658,Zajmować Się następować zwykle biec,Mariusz Bartoszczyk,9,1,1977,Wydanie I,588,True,Wystawa prezent odzież wstyd. Być masa łatwy barwa środa usta kochać.,wypożyczony
1353,9781435262805,76401,Sześćdziesiąt więcej piętro ani po,Marianna Berus,5,2,1998,Wydanie I,285,True,Budowla przypadek alkohol strefa ciemny flaga słoneczny. Trzymać wiek autor król nic 3 chemiczny.,wypożyczony
1354,9780027914276,21182,Powodować polityczny strona,Jędrzej Pielach,3,5,2013,Wydanie I,590,False,Gaz w końcu drzwi słońce las. Plac pewien leczenie.,wypożyczony
1355,9780501265870,86379,Pająk istnieć robota trzeba poziom,Paweł Stanclik,7,3,1963,Wydanie I,572,False,Błąd zaś pewien rasa właściwość. Cel lewy księżyc figura produkcja.,w konserwacji
1356,9781017268270,10858,Odwaga dziać się taki,pan Borys Kobak,1,9,1954,Wydanie I,171,True,Płyn Chiny staw nagle. Egipt strumień azjatycki różny wolny stać. Kapelusz umysł budynek wojna.,dostępny
1357,9780466343330,64777,Marka bić dolina pożar oglądać,Klara Ciarka,9,10,2024,Wydanie I,697,True,Transport wysyłać zmienić plecy chcieć wielkość. Tylko cienki powiat widzieć Austria.,wypożyczony
1358,9780888596710,89885,Dokładnie te dorosły zgadzać się most,pan Igor Doruch,4,5,1950,Wydanie I,165,False,Park rynek zgodny francuski. Dziób trwać idea obowiązywać zbiór papier jakość.,wypożyczony
1359,9780814943571,27001,Stado lud krew,Łukasz Radzewicz,4,6,1982,Wydanie I,347,False,Pierwiastek koszt wystawa lewy niezwykły wyspa. W Ciągu pieniądz krok wychodzić literatura wydać.,w konserwacji
1360,9781167966286,29671,Prawdziwy postępowanie okno,Anastazja Soczewka,8,2,1977,Wydanie I,314,True,Koncert bardzo potrafić suma morze. Dialekt podnosić pani rzeczownik model wieża tamten wóz.,wypożyczony
1361,9780582900776,39301,Dźwięk istnienie,Ewelina Fras,10,8,2018,Wydanie I,336,True,Większość wystawa osiemdziesiąt wnętrze. Myśl dodać przykład Francja z.,wypożyczony
1362,9781337968874,41095,Zasada flaga coś ze,Angelika Trzyna,10,8,1980,Wydanie I,217,False,Lista kosztować ogon śpiewać. Ryba dać przyczyna.,wypożyczony
1363,9780027914276,40448,Powodować polityczny strona,Jędrzej Pielach,3,9,2013,Wydanie I,590,True,Gaz w końcu drzwi słońce las. Plac pewien leczenie.,wypożyczony
1364,9780523118734,28232,Skutek imię oraz elektryczny,pan Oliwier Stefankiewicz,7,10,2012,Wydanie I,139,True,Marzec wpaść pod. Obchodzić włożyć reguła kula miasto handlowy katastrofa wesoły.,w konserwacji
1365,9780523118734,28921,Skutek imię oraz elektryczny,pan Oliwier Stefankiewicz,7,10,2012,Wydanie I,139,True,Marzec wpaść pod. Obchodzić włożyć reguła kula miasto handlowy katastrofa wesoły.,wypożyczony
1366,9781718044685,67764,Pisarz prezydent dowód,Marianna Poleszak,2,6,1968,Wydanie I,561,True,Porządek srebro używać wycieczka zawód zniszczyć go.,w konserwacji
1367,9780798423175,86045,Pić czerwony,Borys Getka,9,1,1958,Wydanie I,650,False,Słoneczny zachodni nocny. Pasek los także delikatny przychodzić.,wypożyczony
1368,9781017268270,66374,Odwaga dziać się taki,pan Borys Kobak,1,5,1954,Wydanie I,171,False,Płyn Chiny staw nagle. Egipt strumień azjatycki różny wolny stać. Kapelusz umysł budynek wojna.,wypożyczony
1369,9781296362881,92617,Góra szacunek rzeczownik kosz pomieszczenie,Urszula Wyroślak,2,8,1970,Wydanie I,197,True,Ryzyko wschód ćwiczenie radiowy tor. Chrystus cukier banknot stworzyć góra.,wypożyczony
1370,9781773311876,35638,Córka dźwięk jeść,pani Sonia Kościesza,4,10,1950,Wydanie I,797,False,Móc wspomnienie gdzieś uciec grzech. Metal rezultat wewnątrz liść rynek zmieniać brzuch.,dostępny
1371,9780743425230,73911,Unia Europejska grupa narkotyk,pani Marika Kluczek,8,5,2017,Wydanie I,166,False,Stacja surowy dodać stacja pięć. Istnienie kłopot zajęcie mądry relacja okręt zając.,w konserwacji
1372,9780582900776,23586,Dźwięk istnienie,Ewelina Fras,10,1,2018,Wydanie I,336,True,Większość wystawa osiemdziesiąt wnętrze. Myśl dodać przykład Francja z.,w konserwacji
1373,9781759252018,82815,Węgiel kilometr czyn a własny,Jerzy Pabisiak,5,8,1997,Wydanie I,471,False,"Piasek kolor późny chleb.
Lud jeszcze góra tylko.",dostępny
1374,9781616142964,94719,Okazja chmura święto ziemia,pani Justyna Nowotny,10,2,1979,Wydanie I,784,False,Dowód otrzymać brzuch chodzić godzina port. Bułgarski 4 za pomocą pić właściwy szósty wy.,wypożyczony
1375,9781256020141,24579,Północny sytuacja umysł zawierać,Apolonia Lorenz,8,5,1993,Wydanie I,445,False,Danie pomarańczowy aktor but.,wypożyczony
1376,9780380954667,64973,Użytkownik jeśli św. sprzęt,Krystian Piaścik,4,3,1981,Wydanie I,552,True,Jedenaście otwierać zwykły prawdziwy prędkość malować kolorowy. Tłumaczyć grać transport jednak.,w konserwacji
1377,9781773311876,16393,Córka dźwięk jeść,pani Sonia Kościesza,4,10,1950,Wydanie I,797,False,Móc wspomnienie gdzieś uciec grzech. Metal rezultat wewnątrz liść rynek zmieniać brzuch.,w konserwacji
1378,9780134362441,15684,Królowa kuchnia pod głowa,Adam Zbrożek,4,9,2000,Wydanie I,506,True,W Ciągu skutek łatwo czekolada zakończyć. Turecki nikt kurs ona miejscowość nadawać.,w konserwacji
1379,9781545385265,90335,Cecha zakończenie pomarańczowy wreszcie ten,pan Marek Hermanowicz,3,1,1981,Wydanie I,155,True,Aż żart powstawać długość ona w typ. Piosenka Niemiec Holandia.,w konserwacji
1380,9781874227250,51824,Warstwa wina zwykły,Cyprian Kott,2,5,1994,Wydanie I,776,True,Płeć obowiązywać powinien zdolność. Rachunek siostra radio można wysyłać krzew rasa złożony.,dostępny
1381,9780523118734,44171,Skutek imię oraz elektryczny,pan Oliwier Stefankiewicz,7,9,2012,Wydanie I,139,False,Marzec wpaść pod. Obchodzić włożyć reguła kula miasto handlowy katastrofa wesoły.,w konserwacji
1382,9781698428123,48207,Ulegać dyrektor koza gwałtowny,Kaja Kałwa,3,5,1992,Wydanie I,762,False,Miejscowość utwór mężczyzna wszelki chociaż narząd lód. Fakt zniszczyć hałas no mowa aktywny ślad.,wypożyczony
1383,9781134555819,80797,Oraz kilka,pan Wojciech Lenda,4,9,1981,Wydanie I,268,True,Metal lampa substancja mąż. Wiedzieć walczyć strefa pacjent nie ma piękny.,w konserwacji
1384,9781536822250,70238,Kula sztuczny włożyć Ameryka,Aleks Staśko,5,7,1960,Wydanie I,786,True,Gospodarka wywołać tam wszystek 7 wygrać słodki zysk. Ucho siedziba zmęczony właściwy obok.,w konserwacji
1385,9781017268270,55756,Odwaga dziać się taki,pan Borys Kobak,1,1,1954,Wydanie I,171,False,Płyn Chiny staw nagle. Egipt strumień azjatycki różny wolny stać. Kapelusz umysł budynek wojna.,w konserwacji
1386,9781024774184,46288,Czwartek ząb stać się królewski zegar,Cyprian Rudyk,1,4,2013,Wydanie I,118,True,Marzec zachowanie pełny w końcu. Nad czy ubogi zielony Niemcy biblioteka.,wypożyczony
1387,9781536822250,6871,Kula sztuczny włożyć Ameryka,Aleks Staśko,5,1,1960,Wydanie I,786,True,Gospodarka wywołać tam wszystek 7 wygrać słodki zysk. Ucho siedziba zmęczony właściwy obok.,dostępny
1388,9781385509982,14130,Anglia silnik tylko swój około,Anastazja Larysz,2,7,1984,Wydanie I,739,True,Chwila pamięć szybko gdzie postać sąd. Państwowy Piotr postawa hałas plemię artystyczny.,w konserwacji
1389,9781536822250,23876,Kula sztuczny włożyć Ameryka,Aleks Staśko,5,8,1960,Wydanie I,786,True,Gospodarka wywołać tam wszystek 7 wygrać słodki zysk. Ucho siedziba zmęczony właściwy obok.,wypożyczony
1390,9781426248160,2835,Wiersz poniedziałek skała,pan Tobiasz Michnik,6,2,1953,Wydanie I,314,True,Świadczyć technika lista zmiana temat stworzyć. Swój posiłek drewniany dawny większość powstanie.,wypożyczony
1391,9780348977738,71154,Do dorosły,pani Ada Flisiak,7,5,1956,Wydanie I,782,False,Wakacje 100 siedemdziesiąt firma wtorek budowa. Reguła archipelag Szwecja ucho szkodliwy.,wypożyczony
1392,9781865407234,12509,Włosy kwiecień most zespół budować,Albert Zarzeczna,5,10,1962,Wydanie I,347,False,Starożytny dobro rzeka plecy otwór patrzeć strój.,dostępny
1393,9780690936506,51700,Pomysł 40 temat znany,Julita Drobot,9,3,2016,Wydanie I,505,True,Zwycięstwo biec uznawać powodować. Czapka doskonały jakby.,wypożyczony
1394,9780393892420,60900,Przyrząd zapalenie,pan Konrad Wojtak,1,9,1973,Wydanie I,547,True,Skłonność szkło rozwój nieść skała jednocześnie. Lato słyszeć podczas morski wóz spadać atak.,w konserwacji
1395,9780362591026,60487,Trzeba oko,Janina Kołak,8,9,1976,Wydanie I,669,False,Krok świeży bar stary dół kolega. Dziura studia pas majuskuła.,w konserwacji
1396,9780134362441,27773,Królowa kuchnia pod głowa,Adam Zbrożek,4,10,2000,Wydanie I,506,True,W Ciągu skutek łatwo czekolada zakończyć. Turecki nikt kurs ona miejscowość nadawać.,wypożyczony
1397,9780280858225,60751,Natychmiast zbyt trawa atak,Antoni Warzybok,5,10,1951,Wydanie I,164,True,Żydowski anioł powstawać sędzia pragnąć. Dzień los wspaniały chcieć.,w konserwacji
1398,9781167966286,35696,Prawdziwy postępowanie okno,Anastazja Soczewka,8,9,1977,Wydanie I,314,True,Koncert bardzo potrafić suma morze. Dialekt podnosić pani rzeczownik model wieża tamten wóz.,dostępny
1399,9781432155315,59527,Zajmować Się następować zwykle biec,Mariusz Bartoszczyk,9,6,1977,Wydanie I,588,False,Wystawa prezent odzież wstyd. Być masa łatwy barwa środa usta kochać.,dostępny
1400,9780348977738,36343,Do dorosły,pani Ada Flisiak,7,10,1956,Wydanie I,782,True,Wakacje 100 siedemdziesiąt firma wtorek budowa. Reguła archipelag Szwecja ucho szkodliwy.,wypożyczony
1401,9780414399907,74748,Owca przepis leżeć Egipt,Piotr Przekwas,6,10,2008,Wydanie I,212,True,Własny oficjalny dobrze. Wysoki użycie słodki akcja. Nigdy zima bóg uwaga stanowić.,w konserwacji
1402,9781024774184,22382,Czwartek ząb stać się królewski zegar,Cyprian Rudyk,1,7,2013,Wydanie I,118,False,Marzec zachowanie pełny w końcu. Nad czy ubogi zielony Niemcy biblioteka.,dostępny
1403,9780523118734,97049,Skutek imię oraz elektryczny,pan Oliwier Stefankiewicz,7,6,2012,Wydanie I,139,True,Marzec wpaść pod. Obchodzić włożyć reguła kula miasto handlowy katastrofa wesoły.,dostępny
1404,9780380954667,55240,Użytkownik jeśli św. sprzęt,Krystian Piaścik,4,5,1981,Wydanie I,552,False,Jedenaście otwierać zwykły prawdziwy prędkość malować kolorowy. Tłumaczyć grać transport jednak.,dostępny
1405,9781138492578,52041,Teoria obywatelka dzisiaj ziarno,Maciej Pyrkosz,9,1,1998,Wydanie I,487,False,Woda ostry wytwarzać katastrofa spór znaczny oficjalny.,w konserwacji
1406,9780625136742,95006,Trochę miód umieszczać siostra,pani Agnieszka Kazubek,3,3,1968,Wydanie I,755,False,Dno japoński sprzedaż ziarno naukowy tłumaczyć. Słyszeć łatwo język zbudować późny późno.,wypożyczony
1407,9780735005464,62314,Pogoda żyć przebywać ciemność pociąg,pani Klara Dziewit,4,6,1997,Wydanie I,442,False,Taki głośny wąski filmowy jeździć. Żywy osioł strefa wróg.,dostępny
1408,9780743425230,6082,Unia Europejska grupa narkotyk,pani Marika Kluczek,8,9,2017,Wydanie I,166,False,Stacja surowy dodać stacja pięć. Istnienie kłopot zajęcie mądry relacja okręt zając.,wypożyczony
1409,9780814943571,15480,Stado lud krew,Łukasz Radzewicz,4,5,1982,Wydanie I,347,True,Pierwiastek koszt wystawa lewy niezwykły wyspa. W Ciągu pieniądz krok wychodzić literatura wydać.,dostępny
1410,9781426248160,85246,Wiersz poniedziałek skała,pan Tobiasz Michnik,6,5,1953,Wydanie I,314,False,Świadczyć technika lista zmiana temat stworzyć. Swój posiłek drewniany dawny większość powstanie.,wypożyczony
1411,9780668657846,25381,Księga powstawać późno moralny dziecięcy,pani Julita Rajchel,10,4,1957,Wydanie I,511,False,Srebro mieszkanie prawny procent dobro chwila. Polityczny popularny dół istnienie dolina.,wypożyczony
1412,9781616142964,85244,Okazja chmura święto ziemia,pani Justyna Nowotny,10,5,1979,Wydanie I,784,False,Dowód otrzymać brzuch chodzić godzina port. Bułgarski 4 za pomocą pić właściwy szósty wy.,dostępny
1413,9781874227250,68785,Warstwa wina zwykły,Cyprian Kott,2,4,1994,Wydanie I,776,False,Płeć obowiązywać powinien zdolność. Rachunek siostra radio można wysyłać krzew rasa złożony.,dostępny
1414,9780414399907,45227,Owca przepis leżeć Egipt,Piotr Przekwas,6,8,2008,Wydanie I,212,False,Własny oficjalny dobrze. Wysoki użycie słodki akcja. Nigdy zima bóg uwaga stanowić.,wypożyczony
1415,9781759252018,14033,Węgiel kilometr czyn a własny,Jerzy Pabisiak,5,7,1997,Wydanie I,471,False,"Piasek kolor późny chleb.
Lud jeszcze góra tylko.",w konserwacji
1416,9780743425230,4316,Unia Europejska grupa narkotyk,pani Marika Kluczek,8,10,2017,Wydanie I,166,False,Stacja surowy dodać stacja pięć. Istnienie kłopot zajęcie mądry relacja okręt zając.,w konserwacji
1417,9780005513132,78255,60 ogród gwiazda,Julianna Żmija,2,5,1980,Wydanie I,626,False,Dodatkowy pływać czwartek studiować swój.,w konserwacji
1418,9780501265870,79617,Pająk istnieć robota trzeba poziom,Paweł Stanclik,7,7,1963,Wydanie I,572,False,Błąd zaś pewien rasa właściwość. Cel lewy księżyc figura produkcja.,dostępny
1419,9781167966286,82150,Prawdziwy postępowanie okno,Anastazja Soczewka,8,10,1977,Wydanie I,314,True,Koncert bardzo potrafić suma morze. Dialekt podnosić pani rzeczownik model wieża tamten wóz.,dostępny
1420,9780582900776,40033,Dźwięk istnienie,Ewelina Fras,10,2,2018,Wydanie I,336,False,Większość wystawa osiemdziesiąt wnętrze. Myśl dodać przykład Francja z.,wypożyczony
1421,9780743425230,34084,Unia Europejska grupa narkotyk,pani Marika Kluczek,8,7,2017,Wydanie I,166,False,Stacja surowy dodać stacja pięć. Istnienie kłopot zajęcie mądry relacja okręt zając.,wypożyczony
1422,9780582900776,45597,Dźwięk istnienie,Ewelina Fras,10,10,2018,Wydanie I,336,False,Większość wystawa osiemdziesiąt wnętrze. Myśl dodać przykład Francja z.,dostępny
1423,9780690936506,59667,Pomysł 40 temat znany,Julita Drobot,9,4,2016,Wydanie I,505,False,Zwycięstwo biec uznawać powodować. Czapka doskonały jakby.,dostępny
1424,9780768677201,29565,40 dzięki w formie zostać,Malwina Materek,9,5,1967,Wydanie I,355,True,Dyrektor w kształcie Ameryka władza.,dostępny
1425,9780134362441,97506,Królowa kuchnia pod głowa,Adam Zbrożek,4,5,2000,Wydanie I,506,True,W Ciągu skutek łatwo czekolada zakończyć. Turecki nikt kurs ona miejscowość nadawać.,dostępny
1426,9781385509982,66227,Anglia silnik tylko swój około,Anastazja Larysz,2,8,1984,Wydanie I,739,False,Chwila pamięć szybko gdzie postać sąd. Państwowy Piotr postawa hałas plemię artystyczny.,w konserwacji
1427,9780690936506,96016,Pomysł 40 temat znany,Julita Drobot,9,4,2016,Wydanie I,505,True,Zwycięstwo biec uznawać powodować. Czapka doskonały jakby.,wypożyczony
1428,9780094652866,60108,Używać specjalny międzynarodowy móc,Krystian Serwach,7,10,1967,Wydanie I,696,False,Współczesny biskup opinia futro. Ogromny zimno wiosna wino. Słońce specjalny państwo jednostka.,wypożyczony
1429,9780466343330,36182,Marka bić dolina pożar oglądać,Klara Ciarka,9,10,2024,Wydanie I,697,False,Transport wysyłać zmienić plecy chcieć wielkość. Tylko cienki powiat widzieć Austria.,dostępny
1430,9780798423175,82220,Pić czerwony,Borys Getka,9,6,1958,Wydanie I,650,False,Słoneczny zachodni nocny. Pasek los także delikatny przychodzić.,dostępny
1431,9780668657846,16871,Księga powstawać późno moralny dziecięcy,pani Julita Rajchel,10,7,1957,Wydanie I,511,False,Srebro mieszkanie prawny procent dobro chwila. Polityczny popularny dół istnienie dolina.,dostępny
1432,9781017268270,99221,Odwaga dziać się taki,pan Borys Kobak,1,10,1954,Wydanie I,171,True,Płyn Chiny staw nagle. Egipt strumień azjatycki różny wolny stać. Kapelusz umysł budynek wojna.,w konserwacji
1433,9780466343330,40737,Marka bić dolina pożar oglądać,Klara Ciarka,9,6,2024,Wydanie I,697,False,Transport wysyłać zmienić plecy chcieć wielkość. Tylko cienki powiat widzieć Austria.,wypożyczony
1434,9780280858225,38837,Natychmiast zbyt trawa atak,Antoni Warzybok,5,2,1951,Wydanie I,164,True,Żydowski anioł powstawać sędzia pragnąć. Dzień los wspaniały chcieć.,w konserwacji
1435,9781545385265,81406,Cecha zakończenie pomarańczowy wreszcie ten,pan Marek Hermanowicz,3,7,1981,Wydanie I,155,False,Aż żart powstawać długość ona w typ. Piosenka Niemiec Holandia.,dostępny
1436,9780348977738,4122,Do dorosły,pani Ada Flisiak,7,7,1956,Wydanie I,782,True,Wakacje 100 siedemdziesiąt firma wtorek budowa. Reguła archipelag Szwecja ucho szkodliwy.,dostępny
1437,9780735005464,53335,Pogoda żyć przebywać ciemność pociąg,pani Klara Dziewit,4,5,1997,Wydanie I,442,True,Taki głośny wąski filmowy jeździć. Żywy osioł strefa wróg.,w konserwacji
1438,9781337968874,98296,Zasada flaga coś ze,Angelika Trzyna,10,6,1980,Wydanie I,217,True,Lista kosztować ogon śpiewać. Ryba dać przyczyna.,wypożyczony
1439,9781167966286,31214,Prawdziwy postępowanie okno,Anastazja Soczewka,8,6,1977,Wydanie I,314,False,Koncert bardzo potrafić suma morze. Dialekt podnosić pani rzeczownik model wieża tamten wóz.,w konserwacji
1440,9781432155315,91794,Zajmować Się następować zwykle biec,Mariusz Bartoszczyk,9,4,1977,Wydanie I,588,True,Wystawa prezent odzież wstyd. Być masa łatwy barwa środa usta kochać.,w konserwacji
1441,9781072287513,7424,Fabryka skończyć operacja dorosły,pani Anna Maria Fiołek,6,8,2020,Wydanie I,241,False,Kamień fala długo Czechy czysty.,w konserwacji
1442,9780348977738,38689,Do dorosły,pani Ada Flisiak,7,3,1956,Wydanie I,782,True,Wakacje 100 siedemdziesiąt firma wtorek budowa. Reguła archipelag Szwecja ucho szkodliwy.,w konserwacji
1443,9781435262805,93144,Sześćdziesiąt więcej piętro ani po,Marianna Berus,5,2,1998,Wydanie I,285,True,Budowla przypadek alkohol strefa ciemny flaga słoneczny. Trzymać wiek autor król nic 3 chemiczny.,dostępny
1444,9780888596710,68854,Dokładnie te dorosły zgadzać się most,pan Igor Doruch,4,10,1950,Wydanie I,165,True,Park rynek zgodny francuski. Dziób trwać idea obowiązywać zbiór papier jakość.,dostępny
1445,9781072287513,93236,Fabryka skończyć operacja dorosły,pani Anna Maria Fiołek,6,6,2020,Wydanie I,241,False,Kamień fala długo Czechy czysty.,dostępny
1446,9781536822250,37246,Kula sztuczny włożyć Ameryka,Aleks Staśko,5,8,1960,Wydanie I,786,False,Gospodarka wywołać tam wszystek 7 wygrać słodki zysk. Ucho siedziba zmęczony właściwy obok.,dostępny
1447,9781337968874,37282,Zasada flaga coś ze,Angelika Trzyna,10,8,1980,Wydanie I,217,False,Lista kosztować ogon śpiewać. Ryba dać przyczyna.,wypożyczony
1448,9781017268270,37114,Odwaga dziać się taki,pan Borys Kobak,1,9,1954,Wydanie I,171,False,Płyn Chiny staw nagle. Egipt strumień azjatycki różny wolny stać. Kapelusz umysł budynek wojna.,w konserwacji
1449,9780005513132,98836,60 ogród gwiazda,Julianna Żmija,2,7,1980,Wydanie I,626,True,Dodatkowy pływać czwartek studiować swój.,w konserwacji
1450,9781759252018,18282,Węgiel kilometr czyn a własny,Jerzy Pabisiak,5,10,1997,Wydanie I,471,True,"Piasek kolor późny chleb.
Lud jeszcze góra tylko.",w konserwacji
1451,9781017268270,75520,Odwaga dziać się taki,pan Borys Kobak,1,9,1954,Wydanie I,171,False,Płyn Chiny staw nagle. Egipt strumień azjatycki różny wolny stać. Kapelusz umysł budynek wojna.,w konserwacji
1452,9780768677201,8535,40 dzięki w formie zostać,Malwina Materek,9,1,1967,Wydanie I,355,True,Dyrektor w kształcie Ameryka władza.,dostępny
1453,9780625136742,94756,Trochę miód umieszczać siostra,pani Agnieszka Kazubek,3,1,1968,Wydanie I,755,False,Dno japoński sprzedaż ziarno naukowy tłumaczyć. Słyszeć łatwo język zbudować późny późno.,w konserwacji
1454,9780501265870,28770,Pająk istnieć robota trzeba poziom,Paweł Stanclik,7,7,1963,Wydanie I,572,False,Błąd zaś pewien rasa właściwość. Cel lewy księżyc figura produkcja.,w konserwacji
1455,9780768677201,33006,40 dzięki w formie zostać,Malwina Materek,9,10,1967,Wydanie I,355,True,Dyrektor w kształcie Ameryka władza.,dostępny
1456,9781432155315,28116,Zajmować Się następować zwykle biec,Mariusz Bartoszczyk,9,8,1977,Wydanie I,588,True,Wystawa prezent odzież wstyd. Być masa łatwy barwa środa usta kochać.,dostępny
1457,9780543464620,14237,Cierpieć jakość czekolada,Tymon Myk,3,3,1983,Wydanie I,353,True,Kolano bogini polityka szósty obwód. Według lato konstrukcja bogini naczynie.,dostępny
1458,9780523118734,59660,Skutek imię oraz elektryczny,pan Oliwier Stefankiewicz,7,7,2012,Wydanie I,139,True,Marzec wpaść pod. Obchodzić włożyć reguła kula miasto handlowy katastrofa wesoły.,w konserwacji
1459,9781759252018,63275,Węgiel kilometr czyn a własny,Jerzy Pabisiak,5,1,1997,Wydanie I,471,True,"Piasek kolor późny chleb.
Lud jeszcze góra tylko.",wypożyczony
1460,9781296362881,7765,Góra szacunek rzeczownik kosz pomieszczenie,Urszula Wyroślak,2,8,1970,Wydanie I,197,False,Ryzyko wschód ćwiczenie radiowy tor. Chrystus cukier banknot stworzyć góra.,wypożyczony
1461,9780743425230,85183,Unia Europejska grupa narkotyk,pani Marika Kluczek,8,1,2017,Wydanie I,166,False,Stacja surowy dodać stacja pięć. Istnienie kłopot zajęcie mądry relacja okręt zając.,wypożyczony
1462,9780690936506,80043,Pomysł 40 temat znany,Julita Drobot,9,2,2016,Wydanie I,505,False,Zwycięstwo biec uznawać powodować. Czapka doskonały jakby.,wypożyczony
1463,9780543464620,25282,Cierpieć jakość czekolada,Tymon Myk,3,1,1983,Wydanie I,353,False,Kolano bogini polityka szósty obwód. Według lato konstrukcja bogini naczynie.,w konserwacji
1464,9781256020141,82481,Północny sytuacja umysł zawierać,Apolonia Lorenz,8,9,1993,Wydanie I,445,True,Danie pomarańczowy aktor but.,wypożyczony
1465,9781337968874,93539,Zasada flaga coś ze,Angelika Trzyna,10,9,1980,Wydanie I,217,True,Lista kosztować ogon śpiewać. Ryba dać przyczyna.,w konserwacji
1466,9780005513132,16494,60 ogród gwiazda,Julianna Żmija,2,7,1980,Wydanie I,626,True,Dodatkowy pływać czwartek studiować swój.,wypożyczony
1467,9781134555819,97168,Oraz kilka,pan Wojciech Lenda,4,7,1981,Wydanie I,268,True,Metal lampa substancja mąż. Wiedzieć walczyć strefa pacjent nie ma piękny.,wypożyczony
1468,9781773311876,37742,Córka dźwięk jeść,pani Sonia Kościesza,4,4,1950,Wydanie I,797,False,Móc wspomnienie gdzieś uciec grzech. Metal rezultat wewnątrz liść rynek zmieniać brzuch.,dostępny
1469,9781773311876,27969,Córka dźwięk jeść,pani Sonia Kościesza,4,4,1950,Wydanie I,797,True,Móc wspomnienie gdzieś uciec grzech. Metal rezultat wewnątrz liść rynek zmieniać brzuch.,w konserwacji
1470,9780888596710,71581,Dokładnie te dorosły zgadzać się most,pan Igor Doruch,4,7,1950,Wydanie I,165,True,Park rynek zgodny francuski. Dziób trwać idea obowiązywać zbiór papier jakość.,dostępny
1471,9781385509982,97964,Anglia silnik tylko swój około,Anastazja Larysz,2,7,1984,Wydanie I,739,False,Chwila pamięć szybko gdzie postać sąd. Państwowy Piotr postawa hałas plemię artystyczny.,w konserwacji
1472,9780005513132,34720,60 ogród gwiazda,Julianna Żmija,2,10,1980,Wydanie I,626,True,Dodatkowy pływać czwartek studiować swój.,wypożyczony
1473,9781698428123,14119,Ulegać dyrektor koza gwałtowny,Kaja Kałwa,3,10,1992,Wydanie I,762,False,Miejscowość utwór mężczyzna wszelki chociaż narząd lód. Fakt zniszczyć hałas no mowa aktywny ślad.,dostępny
1474,9781426248160,35187,Wiersz poniedziałek skała,pan Tobiasz Michnik,6,7,1953,Wydanie I,314,False,Świadczyć technika lista zmiana temat stworzyć. Swój posiłek drewniany dawny większość powstanie.,w konserwacji
1475,9780625136742,34902,Trochę miód umieszczać siostra,pani Agnieszka Kazubek,3,4,1968,Wydanie I,755,True,Dno japoński sprzedaż ziarno naukowy tłumaczyć. Słyszeć łatwo język zbudować późny późno.,w konserwacji
1476,9781167966286,89503,Prawdziwy postępowanie okno,Anastazja Soczewka,8,8,1977,Wydanie I,314,True,Koncert bardzo potrafić suma morze. Dialekt podnosić pani rzeczownik model wieża tamten wóz.,w konserwacji
1477,9780348977738,80091,Do dorosły,pani Ada Flisiak,7,7,1956,Wydanie I,782,True,Wakacje 100 siedemdziesiąt firma wtorek budowa. Reguła archipelag Szwecja ucho szkodliwy.,w konserwacji
1478,9781134555819,17110,Oraz kilka,pan Wojciech Lenda,4,10,1981,Wydanie I,268,False,Metal lampa substancja mąż. Wiedzieć walczyć strefa pacjent nie ma piękny.,w konserwacji
1479,9780280858225,90073,Natychmiast zbyt trawa atak,Antoni Warzybok,5,9,1951,Wydanie I,164,False,Żydowski anioł powstawać sędzia pragnąć. Dzień los wspaniały chcieć.,w konserwacji
1480,9781435262805,41256,Sześćdziesiąt więcej piętro ani po,Marianna Berus,5,2,1998,Wydanie I,285,True,Budowla przypadek alkohol strefa ciemny flaga słoneczny. Trzymać wiek autor król nic 3 chemiczny.,w konserwacji
1481,9780414399907,57897,Owca przepis leżeć Egipt,Piotr Przekwas,6,8,2008,Wydanie I,212,True,Własny oficjalny dobrze. Wysoki użycie słodki akcja. Nigdy zima bóg uwaga stanowić.,wypożyczony
1482,9780625136742,39110,Trochę miód umieszczać siostra,pani Agnieszka Kazubek,3,6,1968,Wydanie I,755,False,Dno japoński sprzedaż ziarno naukowy tłumaczyć. Słyszeć łatwo język zbudować późny późno.,dostępny
1483,9781345231809,26838,Chłop moneta dziesięć granica ochrona,Andrzej Stein,10,8,2004,Wydanie I,278,True,Lot strefa klucz robić Polak. Cecha ozdoba międzynarodowy fałszywy lód uciekać.,w konserwacji
1484,9781773311876,56163,Córka dźwięk jeść,pani Sonia Kościesza,4,7,1950,Wydanie I,797,True,Móc wspomnienie gdzieś uciec grzech. Metal rezultat wewnątrz liść rynek zmieniać brzuch.,wypożyczony
1485,9780428279417,62150,Wśród wy 80,Igor Ciaś,6,8,2000,Wydanie I,796,True,Pani sygnał pani ramię. Świecić dodać mama broń pojęcie zwykły.,dostępny
1486,9781256020141,62880,Północny sytuacja umysł zawierać,Apolonia Lorenz,8,6,1993,Wydanie I,445,False,Danie pomarańczowy aktor but.,wypożyczony
1487,9780543464620,97676,Cierpieć jakość czekolada,Tymon Myk,3,6,1983,Wydanie I,353,False,Kolano bogini polityka szósty obwód. Według lato konstrukcja bogini naczynie.,wypożyczony
1488,9780735005464,40945,Pogoda żyć przebywać ciemność pociąg,pani Klara Dziewit,4,2,1997,Wydanie I,442,True,Taki głośny wąski filmowy jeździć. Żywy osioł strefa wróg.,wypożyczony
1489,9781134555819,92782,Oraz kilka,pan Wojciech Lenda,4,8,1981,Wydanie I,268,False,Metal lampa substancja mąż. Wiedzieć walczyć strefa pacjent nie ma piękny.,wypożyczony
1490,9780005513132,58513,60 ogród gwiazda,Julianna Żmija,2,2,1980,Wydanie I,626,True,Dodatkowy pływać czwartek studiować swój.,w konserwacji
1491,9780690936506,92123,Pomysł 40 temat znany,Julita Drobot,9,9,2016,Wydanie I,505,True,Zwycięstwo biec uznawać powodować. Czapka doskonały jakby.,w konserwacji
1492,9780543464620,88087,Cierpieć jakość czekolada,Tymon Myk,3,1,1983,Wydanie I,353,True,Kolano bogini polityka szósty obwód. Według lato konstrukcja bogini naczynie.,w konserwacji
1493,9780743425230,18772,Unia Europejska grupa narkotyk,pani Marika Kluczek,8,8,2017,Wydanie I,166,False,Stacja surowy dodać stacja pięć. Istnienie kłopot zajęcie mądry relacja okręt zając.,dostępny
1494,9781256020141,96944,Północny sytuacja umysł zawierać,Apolonia Lorenz,8,7,1993,Wydanie I,445,True,Danie pomarańczowy aktor but.,wypożyczony
1495,9780928916836,38683,Użytkownik posługiwać się rasa próba,Kornelia Kuczaj,6,10,1978,Wydanie I,466,False,Wobec słodki sport charakter. Jechać niebo temperatura bilet powiat kolega.,w konserwacji
1496,9780501265870,82103,Pająk istnieć robota trzeba poziom,Paweł Stanclik,7,10,1963,Wydanie I,572,True,Błąd zaś pewien rasa właściwość. Cel lewy księżyc figura produkcja.,dostępny
1497,9781167966286,84940,Prawdziwy postępowanie okno,Anastazja Soczewka,8,5,1977,Wydanie I,314,False,Koncert bardzo potrafić suma morze. Dialekt podnosić pani rzeczownik model wieża tamten wóz.,dostępny
1498,9781072287513,73434,Fabryka skończyć operacja dorosły,pani Anna Maria Fiołek,6,9,2020,Wydanie I,241,True,Kamień fala długo Czechy czysty.,wypożyczony
1499,9780814943571,27759,Stado lud krew,Łukasz Radzewicz,4,8,1982,Wydanie I,347,True,Pierwiastek koszt wystawa lewy niezwykły wyspa. W Ciągu pieniądz krok wychodzić literatura wydać.,w konserwacji
1500,9780380954667,12798,Użytkownik jeśli św. sprzęt,Krystian Piaścik,4,2,1981,Wydanie I,552,True,Jedenaście otwierać zwykły prawdziwy prędkość malować kolorowy. Tłumaczyć grać transport jednak.,dostępny
1501,9781874227250,91268,Warstwa wina zwykły,Cyprian Kott,2,1,1994,Wydanie I,776,True,Płeć obowiązywać powinien zdolność. Rachunek siostra radio można wysyłać krzew rasa złożony.,wypożyczony
1502,9780134362441,25085,Królowa kuchnia pod głowa,Adam Zbrożek,4,9,2000,Wydanie I,506,False,W Ciągu skutek łatwo czekolada zakończyć. Turecki nikt kurs ona miejscowość nadawać.,dostępny
1503,9780668657846,45817,Księga powstawać późno moralny dziecięcy,pani Julita Rajchel,10,9,1957,Wydanie I,511,False,Srebro mieszkanie prawny procent dobro chwila. Polityczny popularny dół istnienie dolina.,dostępny
1504,9781874227250,40503,Warstwa wina zwykły,Cyprian Kott,2,3,1994,Wydanie I,776,True,Płeć obowiązywać powinien zdolność. Rachunek siostra radio można wysyłać krzew rasa złożony.,dostępny
1505,9781865407234,31916,Włosy kwiecień most zespół budować,Albert Zarzeczna,5,9,1962,Wydanie I,347,True,Starożytny dobro rzeka plecy otwór patrzeć strój.,w konserwacji
1506,9780625136742,47631,Trochę miód umieszczać siostra,pani Agnieszka Kazubek,3,6,1968,Wydanie I,755,False,Dno japoński sprzedaż ziarno naukowy tłumaczyć. Słyszeć łatwo język zbudować późny późno.,dostępny
1507,9781698428123,86754,Ulegać dyrektor koza gwałtowny,Kaja Kałwa,3,6,1992,Wydanie I,762,True,Miejscowość utwór mężczyzna wszelki chociaż narząd lód. Fakt zniszczyć hałas no mowa aktywny ślad.,w konserwacji
1508,9780888596710,50037,Dokładnie te dorosły zgadzać się most,pan Igor Doruch,4,10,1950,Wydanie I,165,True,Park rynek zgodny francuski. Dziób trwać idea obowiązywać zbiór papier jakość.,w konserwacji
1509,9781435262805,71151,Sześćdziesiąt więcej piętro ani po,Marianna Berus,5,5,1998,Wydanie I,285,False,Budowla przypadek alkohol strefa ciemny flaga słoneczny. Trzymać wiek autor król nic 3 chemiczny.,dostępny
1510,9781024774184,63863,Czwartek ząb stać się królewski zegar,Cyprian Rudyk,1,2,2013,Wydanie I,118,False,Marzec zachowanie pełny w końcu. Nad czy ubogi zielony Niemcy biblioteka.,wypożyczony
1511,9781337968874,80233,Zasada flaga coś ze,Angelika Trzyna,10,3,1980,Wydanie I,217,False,Lista kosztować ogon śpiewać. Ryba dać przyczyna.,dostępny
1512,9781759252018,52921,Węgiel kilometr czyn a własny,Jerzy Pabisiak,5,10,1997,Wydanie I,471,False,"Piasek kolor późny chleb.
Lud jeszcze góra tylko.",wypożyczony
1513,9780543464620,58371,Cierpieć jakość czekolada,Tymon Myk,3,8,1983,Wydanie I,353,True,Kolano bogini polityka szósty obwód. Według lato konstrukcja bogini naczynie.,wypożyczony
1514,9781345231809,94534,Chłop moneta dziesięć granica ochrona,Andrzej Stein,10,2,2004,Wydanie I,278,True,Lot strefa klucz robić Polak. Cecha ozdoba międzynarodowy fałszywy lód uciekać.,dostępny
1515,9780094652866,45097,Używać specjalny międzynarodowy móc,Krystian Serwach,7,10,1967,Wydanie I,696,False,Współczesny biskup opinia futro. Ogromny zimno wiosna wino. Słońce specjalny państwo jednostka.,w konserwacji
1516,9781337968874,40130,Zasada flaga coś ze,Angelika Trzyna,10,5,1980,Wydanie I,217,True,Lista kosztować ogon śpiewać. Ryba dać przyczyna.,wypożyczony
1517,9781698428123,44711,Ulegać dyrektor koza gwałtowny,Kaja Kałwa,3,8,1992,Wydanie I,762,True,Miejscowość utwór mężczyzna wszelki chociaż narząd lód. Fakt zniszczyć hałas no mowa aktywny ślad.,dostępny
1518,9781786430304,91178,- otwierać możliwy bawić się,Urszula Lejk,4,4,1971,Wydanie I,729,True,Wskazywać natychmiast spodnie stawać się za tradycyjny.,w konserwacji
1519,9780928916836,62940,Użytkownik posługiwać się rasa próba,Kornelia Kuczaj,6,5,1978,Wydanie I,466,False,Wobec słodki sport charakter. Jechać niebo temperatura bilet powiat kolega.,dostępny
1520,9781385509982,13733,Anglia silnik tylko swój około,Anastazja Larysz,2,1,1984,Wydanie I,739,False,Chwila pamięć szybko gdzie postać sąd. Państwowy Piotr postawa hałas plemię artystyczny.,dostępny
1521,9780393892420,14661,Przyrząd zapalenie,pan Konrad Wojtak,1,3,1973,Wydanie I,547,False,Skłonność szkło rozwój nieść skała jednocześnie. Lato słyszeć podczas morski wóz spadać atak.,dostępny
1522,9781698428123,77085,Ulegać dyrektor koza gwałtowny,Kaja Kałwa,3,3,1992,Wydanie I,762,True,Miejscowość utwór mężczyzna wszelki chociaż narząd lód. Fakt zniszczyć hałas no mowa aktywny ślad.,dostępny
1523,9781138492578,18903,Teoria obywatelka dzisiaj ziarno,Maciej Pyrkosz,9,10,1998,Wydanie I,487,True,Woda ostry wytwarzać katastrofa spór znaczny oficjalny.,w konserwacji
1524,9781345231809,25955,Chłop moneta dziesięć granica ochrona,Andrzej Stein,10,6,2004,Wydanie I,278,True,Lot strefa klucz robić Polak. Cecha ozdoba międzynarodowy fałszywy lód uciekać.,w konserwacji
1525,9780428279417,65804,Wśród wy 80,Igor Ciaś,6,10,2000,Wydanie I,796,True,Pani sygnał pani ramię. Świecić dodać mama broń pojęcie zwykły.,wypożyczony
1526,9781698428123,69169,Ulegać dyrektor koza gwałtowny,Kaja Kałwa,3,1,1992,Wydanie I,762,True,Miejscowość utwór mężczyzna wszelki chociaż narząd lód. Fakt zniszczyć hałas no mowa aktywny ślad.,w konserwacji
1527,9781017268270,82190,Odwaga dziać się taki,pan Borys Kobak,1,4,1954,Wydanie I,171,True,Płyn Chiny staw nagle. Egipt strumień azjatycki różny wolny stać. Kapelusz umysł budynek wojna.,w konserwacji
1528,9780768677201,93985,40 dzięki w formie zostać,Malwina Materek,9,3,1967,Wydanie I,355,False,Dyrektor w kształcie Ameryka władza.,w konserwacji
1529,9781773311876,39022,Córka dźwięk jeść,pani Sonia Kościesza,4,9,1950,Wydanie I,797,False,Móc wspomnienie gdzieś uciec grzech. Metal rezultat wewnątrz liść rynek zmieniać brzuch.,w konserwacji
1530,9781874227250,54964,Warstwa wina zwykły,Cyprian Kott,2,9,1994,Wydanie I,776,True,Płeć obowiązywać powinien zdolność. Rachunek siostra radio można wysyłać krzew rasa złożony.,wypożyczony
1531,9780625136742,63726,Trochę miód umieszczać siostra,pani Agnieszka Kazubek,3,9,1968,Wydanie I,755,True,Dno japoński sprzedaż ziarno naukowy tłumaczyć. Słyszeć łatwo język zbudować późny późno.,wypożyczony
1532,9780348977738,24098,Do dorosły,pani Ada Flisiak,7,2,1956,Wydanie I,782,False,Wakacje 100 siedemdziesiąt firma wtorek budowa. Reguła archipelag Szwecja ucho szkodliwy.,dostępny
1533,9780582900776,98534,Dźwięk istnienie,Ewelina Fras,10,5,2018,Wydanie I,336,False,Większość wystawa osiemdziesiąt wnętrze. Myśl dodać przykład Francja z.,dostępny
1534,9780690936506,22810,Pomysł 40 temat znany,Julita Drobot,9,1,2016,Wydanie I,505,True,Zwycięstwo biec uznawać powodować. Czapka doskonały jakby.,dostępny
1535,9780466343330,4779,Marka bić dolina pożar oglądać,Klara Ciarka,9,8,2024,Wydanie I,697,False,Transport wysyłać zmienić plecy chcieć wielkość. Tylko cienki powiat widzieć Austria.,w konserwacji
1536,9780668657846,90442,Księga powstawać późno moralny dziecięcy,pani Julita Rajchel,10,4,1957,Wydanie I,511,True,Srebro mieszkanie prawny procent dobro chwila. Polityczny popularny dół istnienie dolina.,dostępny
1537,9781759252018,3820,Węgiel kilometr czyn a własny,Jerzy Pabisiak,5,4,1997,Wydanie I,471,True,"Piasek kolor późny chleb.
Lud jeszcze góra tylko.",dostępny
1538,9781024774184,82702,Czwartek ząb stać się królewski zegar,Cyprian Rudyk,1,8,2013,Wydanie I,118,False,Marzec zachowanie pełny w końcu. Nad czy ubogi zielony Niemcy biblioteka.,dostępny
1539,9780582900776,11322,Dźwięk istnienie,Ewelina Fras,10,5,2018,Wydanie I,336,True,Większość wystawa osiemdziesiąt wnętrze. Myśl dodać przykład Francja z.,wypożyczony
1540,9780625136742,55026,Trochę miód umieszczać siostra,pani Agnieszka Kazubek,3,5,1968,Wydanie I,755,False,Dno japoński sprzedaż ziarno naukowy tłumaczyć. Słyszeć łatwo język zbudować późny późno.,w konserwacji
1541,9780005513132,30650,60 ogród gwiazda,Julianna Żmija,2,3,1980,Wydanie I,626,False,Dodatkowy pływać czwartek studiować swój.,w konserwacji
1542,9780134362441,48157,Królowa kuchnia pod głowa,Adam Zbrożek,4,1,2000,Wydanie I,506,False,W Ciągu skutek łatwo czekolada zakończyć. Turecki nikt kurs ona miejscowość nadawać.,wypożyczony
1543,9781167966286,55401,Prawdziwy postępowanie okno,Anastazja Soczewka,8,5,1977,Wydanie I,314,False,Koncert bardzo potrafić suma morze. Dialekt podnosić pani rzeczownik model wieża tamten wóz.,w konserwacji
1544,9781138492578,85921,Teoria obywatelka dzisiaj ziarno,Maciej Pyrkosz,9,1,1998,Wydanie I,487,True,Woda ostry wytwarzać katastrofa spór znaczny oficjalny.,w konserwacji
1545,9781616142964,11674,Okazja chmura święto ziemia,pani Justyna Nowotny,10,7,1979,Wydanie I,784,False,Dowód otrzymać brzuch chodzić godzina port. Bułgarski 4 za pomocą pić właściwy szósty wy.,dostępny
1546,9780690936506,65216,Pomysł 40 temat znany,Julita Drobot,9,4,2016,Wydanie I,505,False,Zwycięstwo biec uznawać powodować. Czapka doskonały jakby.,w konserwacji
1547,9781536822250,6810,Kula sztuczny włożyć Ameryka,Aleks Staśko,5,5,1960,Wydanie I,786,False,Gospodarka wywołać tam wszystek 7 wygrać słodki zysk. Ucho siedziba zmęczony właściwy obok.,dostępny
1548,9780735005464,13081,Pogoda żyć przebywać ciemność pociąg,pani Klara Dziewit,4,10,1997,Wydanie I,442,False,Taki głośny wąski filmowy jeździć. Żywy osioł strefa wróg.,dostępny
1549,9780582900776,76686,Dźwięk istnienie,Ewelina Fras,10,8,2018,Wydanie I,336,True,Większość wystawa osiemdziesiąt wnętrze. Myśl dodać przykład Francja z.,wypożyczony
1550,9781345231809,51698,Chłop moneta dziesięć granica ochrona,Andrzej Stein,10,9,2004,Wydanie I,278,False,Lot strefa klucz robić Polak. Cecha ozdoba międzynarodowy fałszywy lód uciekać.,dostępny
1551,9780428279417,1816,Wśród wy 80,Igor Ciaś,6,7,2000,Wydanie I,796,False,Pani sygnał pani ramię. Świecić dodać mama broń pojęcie zwykły.,dostępny
1552,9781256020141,6681,Północny sytuacja umysł zawierać,Apolonia Lorenz,8,4,1993,Wydanie I,445,True,Danie pomarańczowy aktor but.,wypożyczony
1553,9780798423175,7196,Pić czerwony,Borys Getka,9,3,1958,Wydanie I,650,False,Słoneczny zachodni nocny. Pasek los także delikatny przychodzić.,w konserwacji
1554,9780928916836,70968,Użytkownik posługiwać się rasa próba,Kornelia Kuczaj,6,9,1978,Wydanie I,466,True,Wobec słodki sport charakter. Jechać niebo temperatura bilet powiat kolega.,dostępny
1555,9781017268270,67798,Odwaga dziać się taki,pan Borys Kobak,1,5,1954,Wydanie I,171,True,Płyn Chiny staw nagle. Egipt strumień azjatycki różny wolny stać. Kapelusz umysł budynek wojna.,dostępny
1556,9780768677201,56542,40 dzięki w formie zostać,Malwina Materek,9,5,1967,Wydanie I,355,True,Dyrektor w kształcie Ameryka władza.,dostępny
1557,9780690936506,83921,Pomysł 40 temat znany,Julita Drobot,9,4,2016,Wydanie I,505,True,Zwycięstwo biec uznawać powodować. Czapka doskonały jakby.,w konserwacji
1558,9781072287513,5512,Fabryka skończyć operacja dorosły,pani Anna Maria Fiołek,6,3,2020,Wydanie I,241,False,Kamień fala długo Czechy czysty.,w konserwacji
1559,9781616142964,64394,Okazja chmura święto ziemia,pani Justyna Nowotny,10,6,1979,Wydanie I,784,True,Dowód otrzymać brzuch chodzić godzina port. Bułgarski 4 za pomocą pić właściwy szósty wy.,wypożyczony
1560,9780428279417,45272,Wśród wy 80,Igor Ciaś,6,1,2000,Wydanie I,796,False,Pani sygnał pani ramię. Świecić dodać mama broń pojęcie zwykły.,w konserwacji
1561,9780625136742,20184,Trochę miód umieszczać siostra,pani Agnieszka Kazubek,3,4,1968,Wydanie I,755,True,Dno japoński sprzedaż ziarno naukowy tłumaczyć. Słyszeć łatwo język zbudować późny późno.,w konserwacji
1562,9781759252018,75139,Węgiel kilometr czyn a własny,Jerzy Pabisiak,5,9,1997,Wydanie I,471,True,"Piasek kolor późny chleb.
Lud jeszcze góra tylko.",w konserwacji
1563,9781536822250,61620,Kula sztuczny włożyć Ameryka,Aleks Staśko,5,6,1960,Wydanie I,786,True,Gospodarka wywołać tam wszystek 7 wygrać słodki zysk. Ucho siedziba zmęczony właściwy obok.,dostępny
1564,9780428279417,56170,Wśród wy 80,Igor Ciaś,6,8,2000,Wydanie I,796,True,Pani sygnał pani ramię. Świecić dodać mama broń pojęcie zwykły.,w konserwacji
1565,9780414399907,43636,Owca przepis leżeć Egipt,Piotr Przekwas,6,6,2008,Wydanie I,212,False,Własny oficjalny dobrze. Wysoki użycie słodki akcja. Nigdy zima bóg uwaga stanowić.,wypożyczony
1566,9780414399907,91404,Owca przepis leżeć Egipt,Piotr Przekwas,6,8,2008,Wydanie I,212,False,Własny oficjalny dobrze. Wysoki użycie słodki akcja. Nigdy zima bóg uwaga stanowić.,wypożyczony
1567,9780768677201,36511,40 dzięki w formie zostać,Malwina Materek,9,1,1967,Wydanie I,355,True,Dyrektor w kształcie Ameryka władza.,dostępny
1568,9780280858225,19326,Natychmiast zbyt trawa atak,Antoni Warzybok,5,2,1951,Wydanie I,164,True,Żydowski anioł powstawać sędzia pragnąć. Dzień los wspaniały chcieć.,w konserwacji
1569,9781432155315,83650,Zajmować Się następować zwykle biec,Mariusz Bartoszczyk,9,9,1977,Wydanie I,588,True,Wystawa prezent odzież wstyd. Być masa łatwy barwa środa usta kochać.,w konserwacji
1570,9780814943571,50509,Stado lud krew,Łukasz Radzewicz,4,2,1982,Wydanie I,347,False,Pierwiastek koszt wystawa lewy niezwykły wyspa. W Ciągu pieniądz krok wychodzić literatura wydać.,w konserwacji
1571,9781134555819,14361,Oraz kilka,pan Wojciech Lenda,4,3,1981,Wydanie I,268,False,Metal lampa substancja mąż. Wiedzieć walczyć strefa pacjent nie ma piękny.,wypożyczony
1572,9780005513132,95531,60 ogród gwiazda,Julianna Żmija,2,6,1980,Wydanie I,626,False,Dodatkowy pływać czwartek studiować swój.,dostępny
1573,9780690936506,12696,Pomysł 40 temat znany,Julita Drobot,9,5,2016,Wydanie I,505,True,Zwycięstwo biec uznawać powodować. Czapka doskonały jakby.,wypożyczony
1574,9781773311876,27791,Córka dźwięk jeść,pani Sonia Kościesza,4,2,1950,Wydanie I,797,False,Móc wspomnienie gdzieś uciec grzech. Metal rezultat wewnątrz liść rynek zmieniać brzuch.,wypożyczony
1575,9780380954667,2117,Użytkownik jeśli św. sprzęt,Krystian Piaścik,4,3,1981,Wydanie I,552,False,Jedenaście otwierać zwykły prawdziwy prędkość malować kolorowy. Tłumaczyć grać transport jednak.,w konserwacji
1576,9781385509982,42193,Anglia silnik tylko swój około,Anastazja Larysz,2,7,1984,Wydanie I,739,False,Chwila pamięć szybko gdzie postać sąd. Państwowy Piotr postawa hałas plemię artystyczny.,w konserwacji
1577,9781426248160,93062,Wiersz poniedziałek skała,pan Tobiasz Michnik,6,8,1953,Wydanie I,314,False,Świadczyć technika lista zmiana temat stworzyć. Swój posiłek drewniany dawny większość powstanie.,wypożyczony
1578,9780814943571,97193,Stado lud krew,Łukasz Radzewicz,4,7,1982,Wydanie I,347,False,Pierwiastek koszt wystawa lewy niezwykły wyspa. W Ciągu pieniądz krok wychodzić literatura wydać.,dostępny
1579,9780625136742,37181,Trochę miód umieszczać siostra,pani Agnieszka Kazubek,3,10,1968,Wydanie I,755,True,Dno japoński sprzedaż ziarno naukowy tłumaczyć. Słyszeć łatwo język zbudować późny późno.,dostępny
1580,9780928916836,34529,Użytkownik posługiwać się rasa próba,Kornelia Kuczaj,6,1,1978,Wydanie I,466,True,Wobec słodki sport charakter. Jechać niebo temperatura bilet powiat kolega.,dostępny
1581,9780414399907,3804,Owca przepis leżeć Egipt,Piotr Przekwas,6,7,2008,Wydanie I,212,True,Własny oficjalny dobrze. Wysoki użycie słodki akcja. Nigdy zima bóg uwaga stanowić.,wypożyczony
1582,9781337968874,54700,Zasada flaga coś ze,Angelika Trzyna,10,5,1980,Wydanie I,217,False,Lista kosztować ogon śpiewać. Ryba dać przyczyna.,wypożyczony
1583,9780005513132,82428,60 ogród gwiazda,Julianna Żmija,2,1,1980,Wydanie I,626,False,Dodatkowy pływać czwartek studiować swój.,w konserwacji
1584,9780280858225,28951,Natychmiast zbyt trawa atak,Antoni Warzybok,5,9,1951,Wydanie I,164,False,Żydowski anioł powstawać sędzia pragnąć. Dzień los wspaniały chcieć.,dostępny
1585,9780027914276,20136,Powodować polityczny strona,Jędrzej Pielach,3,8,2013,Wydanie I,590,True,Gaz w końcu drzwi słońce las. Plac pewien leczenie.,w konserwacji
1586,9780466343330,21984,Marka bić dolina pożar oglądać,Klara Ciarka,9,1,2024,Wydanie I,697,True,Transport wysyłać zmienić plecy chcieć wielkość. Tylko cienki powiat widzieć Austria.,w konserwacji
1587,9781337968874,62029,Zasada flaga coś ze,Angelika Trzyna,10,6,1980,Wydanie I,217,True,Lista kosztować ogon śpiewać. Ryba dać przyczyna.,w konserwacji
1588,9780414399907,52649,Owca przepis leżeć Egipt,Piotr Przekwas,6,9,2008,Wydanie I,212,False,Własny oficjalny dobrze. Wysoki użycie słodki akcja. Nigdy zima bóg uwaga stanowić.,wypożyczony
1589,9781545385265,15878,Cecha zakończenie pomarańczowy wreszcie ten,pan Marek Hermanowicz,3,10,1981,Wydanie I,155,False,Aż żart powstawać długość ona w typ. Piosenka Niemiec Holandia.,dostępny
1590,9781698428123,11752,Ulegać dyrektor koza gwałtowny,Kaja Kałwa,3,8,1992,Wydanie I,762,False,Miejscowość utwór mężczyzna wszelki chociaż narząd lód. Fakt zniszczyć hałas no mowa aktywny ślad.,w konserwacji
1591,9780582900776,69050,Dźwięk istnienie,Ewelina Fras,10,1,2018,Wydanie I,336,False,Większość wystawa osiemdziesiąt wnętrze. Myśl dodać przykład Francja z.,dostępny
1592,9781432155315,49124,Zajmować Się następować zwykle biec,Mariusz Bartoszczyk,9,9,1977,Wydanie I,588,True,Wystawa prezent odzież wstyd. Być masa łatwy barwa środa usta kochać.,w konserwacji
1593,9781718044685,93628,Pisarz prezydent dowód,Marianna Poleszak,2,2,1968,Wydanie I,561,True,Porządek srebro używać wycieczka zawód zniszczyć go.,dostępny
1594,9781385509982,57121,Anglia silnik tylko swój około,Anastazja Larysz,2,6,1984,Wydanie I,739,True,Chwila pamięć szybko gdzie postać sąd. Państwowy Piotr postawa hałas plemię artystyczny.,wypożyczony
1595,9780814943571,46463,Stado lud krew,Łukasz Radzewicz,4,3,1982,Wydanie I,347,True,Pierwiastek koszt wystawa lewy niezwykły wyspa. W Ciągu pieniądz krok wychodzić literatura wydać.,wypożyczony
1596,9781698428123,72994,Ulegać dyrektor koza gwałtowny,Kaja Kałwa,3,9,1992,Wydanie I,762,True,Miejscowość utwór mężczyzna wszelki chociaż narząd lód. Fakt zniszczyć hałas no mowa aktywny ślad.,wypożyczony
1597,9780543464620,50453,Cierpieć jakość czekolada,Tymon Myk,3,7,1983,Wydanie I,353,True,Kolano bogini polityka szósty obwód. Według lato konstrukcja bogini naczynie.,w konserwacji
1598,9781345231809,34317,Chłop moneta dziesięć granica ochrona,Andrzej Stein,10,1,2004,Wydanie I,278,True,Lot strefa klucz robić Polak. Cecha ozdoba międzynarodowy fałszywy lód uciekać.,w konserwacji
1599,9780362591026,90775,Trzeba oko,Janina Kołak,8,5,1976,Wydanie I,669,True,Krok świeży bar stary dół kolega. Dziura studia pas majuskuła.,wypożyczony
1600,9781134555819,35805,Oraz kilka,pan Wojciech Lenda,4,10,1981,Wydanie I,268,True,Metal lampa substancja mąż. Wiedzieć walczyć strefa pacjent nie ma piękny.,wypożyczony
1601,9781759252018,74298,Węgiel kilometr czyn a własny,Jerzy Pabisiak,5,5,1997,Wydanie I,471,False,"Piasek kolor późny chleb.
Lud jeszcze góra tylko.",wypożyczony
1602,9781337968874,16439,Zasada flaga coś ze,Angelika Trzyna,10,9,1980,Wydanie I,217,False,Lista kosztować ogon śpiewać. Ryba dać przyczyna.,wypożyczony
1603,9780668657846,58412,Księga powstawać późno moralny dziecięcy,pani Julita Rajchel,10,10,1957,Wydanie I,511,True,Srebro mieszkanie prawny procent dobro chwila. Polityczny popularny dół istnienie dolina.,dostępny
1604,9780134362441,69302,Królowa kuchnia pod głowa,Adam Zbrożek,4,2,2000,Wydanie I,506,True,W Ciągu skutek łatwo czekolada zakończyć. Turecki nikt kurs ona miejscowość nadawać.,wypożyczony
1605,9780888596710,57897,Dokładnie te dorosły zgadzać się most,pan Igor Doruch,4,1,1950,Wydanie I,165,False,Park rynek zgodny francuski. Dziób trwać idea obowiązywać zbiór papier jakość.,wypożyczony
1606,9781786430304,95679,- otwierać możliwy bawić się,Urszula Lejk,4,2,1971,Wydanie I,729,True,Wskazywać natychmiast spodnie stawać się za tradycyjny.,dostępny
1607,9780668657846,60712,Księga powstawać późno moralny dziecięcy,pani Julita Rajchel,10,10,1957,Wydanie I,511,False,Srebro mieszkanie prawny procent dobro chwila. Polityczny popularny dół istnienie dolina.,dostępny
1608,9780348977738,65139,Do dorosły,pani Ada Flisiak,7,9,1956,Wydanie I,782,True,Wakacje 100 siedemdziesiąt firma wtorek budowa. Reguła archipelag Szwecja ucho szkodliwy.,w konserwacji
1609,9781337968874,50809,Zasada flaga coś ze,Angelika Trzyna,10,2,1980,Wydanie I,217,False,Lista kosztować ogon śpiewać. Ryba dać przyczyna.,dostępny
1610,9781786430304,20942,- otwierać możliwy bawić się,Urszula Lejk,4,1,1971,Wydanie I,729,True,Wskazywać natychmiast spodnie stawać się za tradycyjny.,w konserwacji
1611,9780380954667,8646,Użytkownik jeśli św. sprzęt,Krystian Piaścik,4,4,1981,Wydanie I,552,False,Jedenaście otwierać zwykły prawdziwy prędkość malować kolorowy. Tłumaczyć grać transport jednak.,wypożyczony
1612,9781167966286,15538,Prawdziwy postępowanie okno,Anastazja Soczewka,8,3,1977,Wydanie I,314,False,Koncert bardzo potrafić suma morze. Dialekt podnosić pani rzeczownik model wieża tamten wóz.,wypożyczony
1613,9781616142964,46390,Okazja chmura święto ziemia,pani Justyna Nowotny,10,8,1979,Wydanie I,784,False,Dowód otrzymać brzuch chodzić godzina port. Bułgarski 4 za pomocą pić właściwy szósty wy.,wypożyczony
1614,9780582900776,13050,Dźwięk istnienie,Ewelina Fras,10,10,2018,Wydanie I,336,False,Większość wystawa osiemdziesiąt wnętrze. Myśl dodać przykład Francja z.,dostępny
1615,9780668657846,51831,Księga powstawać późno moralny dziecięcy,pani Julita Rajchel,10,1,1957,Wydanie I,511,False,Srebro mieszkanie prawny procent dobro chwila. Polityczny popularny dół istnienie dolina.,w konserwacji
1616,9780414399907,11413,Owca przepis leżeć Egipt,Piotr Przekwas,6,1,2008,Wydanie I,212,False,Własny oficjalny dobrze. Wysoki użycie słodki akcja. Nigdy zima bóg uwaga stanowić.,wypożyczony
1617,9780928916836,87438,Użytkownik posługiwać się rasa próba,Kornelia Kuczaj,6,3,1978,Wydanie I,466,False,Wobec słodki sport charakter. Jechać niebo temperatura bilet powiat kolega.,w konserwacji
1618,9780501265870,86426,Pająk istnieć robota trzeba poziom,Paweł Stanclik,7,5,1963,Wydanie I,572,False,Błąd zaś pewien rasa właściwość. Cel lewy księżyc figura produkcja.,dostępny
1619,9781337968874,73511,Zasada flaga coś ze,Angelika Trzyna,10,8,1980,Wydanie I,217,True,Lista kosztować ogon śpiewać. Ryba dać przyczyna.,dostępny
1620,9781865407234,71559,Włosy kwiecień most zespół budować,Albert Zarzeczna,5,1,1962,Wydanie I,347,False,Starożytny dobro rzeka plecy otwór patrzeć strój.,dostępny
1621,9780428279417,21563,Wśród wy 80,Igor Ciaś,6,10,2000,Wydanie I,796,True,Pani sygnał pani ramię. Świecić dodać mama broń pojęcie zwykły.,w konserwacji
1622,9781536822250,83393,Kula sztuczny włożyć Ameryka,Aleks Staśko,5,6,1960,Wydanie I,786,False,Gospodarka wywołać tam wszystek 7 wygrać słodki zysk. Ucho siedziba zmęczony właściwy obok.,w konserwacji
1623,9781435262805,69872,Sześćdziesiąt więcej piętro ani po,Marianna Berus,5,1,1998,Wydanie I,285,False,Budowla przypadek alkohol strefa ciemny flaga słoneczny. Trzymać wiek autor król nic 3 chemiczny.,dostępny
1624,9780625136742,71094,Trochę miód umieszczać siostra,pani Agnieszka Kazubek,3,6,1968,Wydanie I,755,True,Dno japoński sprzedaż ziarno naukowy tłumaczyć. Słyszeć łatwo język zbudować późny późno.,dostępny
1625,9781345231809,94342,Chłop moneta dziesięć granica ochrona,Andrzej Stein,10,3,2004,Wydanie I,278,True,Lot strefa klucz robić Polak. Cecha ozdoba międzynarodowy fałszywy lód uciekać.,wypożyczony
1626,9780668657846,37083,Księga powstawać późno moralny dziecięcy,pani Julita Rajchel,10,7,1957,Wydanie I,511,True,Srebro mieszkanie prawny procent dobro chwila. Polityczny popularny dół istnienie dolina.,dostępny
1627,9780582900776,80688,Dźwięk istnienie,Ewelina Fras,10,7,2018,Wydanie I,336,True,Większość wystawa osiemdziesiąt wnętrze. Myśl dodać przykład Francja z.,w konserwacji
1628,9781024774184,27132,Czwartek ząb stać się królewski zegar,Cyprian Rudyk,1,3,2013,Wydanie I,118,True,Marzec zachowanie pełny w końcu. Nad czy ubogi zielony Niemcy biblioteka.,w konserwacji
1629,9781773311876,25337,Córka dźwięk jeść,pani Sonia Kościesza,4,5,1950,Wydanie I,797,False,Móc wspomnienie gdzieś uciec grzech. Metal rezultat wewnątrz liść rynek zmieniać brzuch.,wypożyczony
1630,9780414399907,91674,Owca przepis leżeć Egipt,Piotr Przekwas,6,9,2008,Wydanie I,212,True,Własny oficjalny dobrze. Wysoki użycie słodki akcja. Nigdy zima bóg uwaga stanowić.,wypożyczony
1631,9781536822250,37780,Kula sztuczny włożyć Ameryka,Aleks Staśko,5,9,1960,Wydanie I,786,False,Gospodarka wywołać tam wszystek 7 wygrać słodki zysk. Ucho siedziba zmęczony właściwy obok.,dostępny
1632,9781385509982,70232,Anglia silnik tylko swój około,Anastazja Larysz,2,5,1984,Wydanie I,739,False,Chwila pamięć szybko gdzie postać sąd. Państwowy Piotr postawa hałas plemię artystyczny.,w konserwacji
1633,9781698428123,35657,Ulegać dyrektor koza gwałtowny,Kaja Kałwa,3,1,1992,Wydanie I,762,False,Miejscowość utwór mężczyzna wszelki chociaż narząd lód. Fakt zniszczyć hałas no mowa aktywny ślad.,wypożyczony
1634,9780798423175,65766,Pić czerwony,Borys Getka,9,7,1958,Wydanie I,650,True,Słoneczny zachodni nocny. Pasek los także delikatny przychodzić.,wypożyczony
1635,9781426248160,50374,Wiersz poniedziałek skała,pan Tobiasz Michnik,6,7,1953,Wydanie I,314,False,Świadczyć technika lista zmiana temat stworzyć. Swój posiłek drewniany dawny większość powstanie.,dostępny
1636,9780668657846,17810,Księga powstawać późno moralny dziecięcy,pani Julita Rajchel,10,7,1957,Wydanie I,511,False,Srebro mieszkanie prawny procent dobro chwila. Polityczny popularny dół istnienie dolina.,wypożyczony
1637,9781874227250,16102,Warstwa wina zwykły,Cyprian Kott,2,6,1994,Wydanie I,776,False,Płeć obowiązywać powinien zdolność. Rachunek siostra radio można wysyłać krzew rasa złożony.,dostępny
1638,9780814943571,54816,Stado lud krew,Łukasz Radzewicz,4,4,1982,Wydanie I,347,True,Pierwiastek koszt wystawa lewy niezwykły wyspa. W Ciągu pieniądz krok wychodzić literatura wydać.,dostępny
1639,9780625136742,88991,Trochę miód umieszczać siostra,pani Agnieszka Kazubek,3,6,1968,Wydanie I,755,True,Dno japoński sprzedaż ziarno naukowy tłumaczyć. Słyszeć łatwo język zbudować późny późno.,wypożyczony
1640,9781616142964,11099,Okazja chmura święto ziemia,pani Justyna Nowotny,10,5,1979,Wydanie I,784,False,Dowód otrzymać brzuch chodzić godzina port. Bułgarski 4 za pomocą pić właściwy szósty wy.,wypożyczony
1641,9780414399907,15453,Owca przepis leżeć Egipt,Piotr Przekwas,6,9,2008,Wydanie I,212,True,Własny oficjalny dobrze. Wysoki użycie słodki akcja. Nigdy zima bóg uwaga stanowić.,wypożyczony
1642,9780005513132,14671,60 ogród gwiazda,Julianna Żmija,2,9,1980,Wydanie I,626,True,Dodatkowy pływać czwartek studiować swój.,w konserwacji
1643,9781759252018,26575,Węgiel kilometr czyn a własny,Jerzy Pabisiak,5,8,1997,Wydanie I,471,False,"Piasek kolor późny chleb.
Lud jeszcze góra tylko.",dostępny
1644,9781345231809,42840,Chłop moneta dziesięć granica ochrona,Andrzej Stein,10,3,2004,Wydanie I,278,False,Lot strefa klucz robić Polak. Cecha ozdoba międzynarodowy fałszywy lód uciekać.,wypożyczony
1645,9781337968874,89181,Zasada flaga coś ze,Angelika Trzyna,10,1,1980,Wydanie I,217,False,Lista kosztować ogon śpiewać. Ryba dać przyczyna.,wypożyczony
1646,9780414399907,86400,Owca przepis leżeć Egipt,Piotr Przekwas,6,10,2008,Wydanie I,212,False,Własny oficjalny dobrze. Wysoki użycie słodki akcja. Nigdy zima bóg uwaga stanowić.,w konserwacji
1647,9780393892420,35029,Przyrząd zapalenie,pan Konrad Wojtak,1,5,1973,Wydanie I,547,True,Skłonność szkło rozwój nieść skała jednocześnie. Lato słyszeć podczas morski wóz spadać atak.,wypożyczony
1648,9780094652866,95226,Używać specjalny międzynarodowy móc,Krystian Serwach,7,9,1967,Wydanie I,696,False,Współczesny biskup opinia futro. Ogromny zimno wiosna wino. Słońce specjalny państwo jednostka.,wypożyczony
1649,9780668657846,64698,Księga powstawać późno moralny dziecięcy,pani Julita Rajchel,10,5,1957,Wydanie I,511,True,Srebro mieszkanie prawny procent dobro chwila. Polityczny popularny dół istnienie dolina.,dostępny
1650,9781616142964,6448,Okazja chmura święto ziemia,pani Justyna Nowotny,10,7,1979,Wydanie I,784,True,Dowód otrzymać brzuch chodzić godzina port. Bułgarski 4 za pomocą pić właściwy szósty wy.,wypożyczony
1651,9780928916836,36143,Użytkownik posługiwać się rasa próba,Kornelia Kuczaj,6,2,1978,Wydanie I,466,False,Wobec słodki sport charakter. Jechać niebo temperatura bilet powiat kolega.,w konserwacji
1652,9780094652866,98251,Używać specjalny międzynarodowy móc,Krystian Serwach,7,8,1967,Wydanie I,696,True,Współczesny biskup opinia futro. Ogromny zimno wiosna wino. Słońce specjalny państwo jednostka.,dostępny
1653,9781345231809,16706,Chłop moneta dziesięć granica ochrona,Andrzej Stein,10,6,2004,Wydanie I,278,False,Lot strefa klucz robić Polak. Cecha ozdoba międzynarodowy fałszywy lód uciekać.,wypożyczony
1654,9780393892420,50800,Przyrząd zapalenie,pan Konrad Wojtak,1,10,1973,Wydanie I,547,True,Skłonność szkło rozwój nieść skała jednocześnie. Lato słyszeć podczas morski wóz spadać atak.,dostępny
1655,9780582900776,6472,Dźwięk istnienie,Ewelina Fras,10,6,2018,Wydanie I,336,True,Większość wystawa osiemdziesiąt wnętrze. Myśl dodać przykład Francja z.,wypożyczony
1656,9780690936506,62766,Pomysł 40 temat znany,Julita Drobot,9,10,2016,Wydanie I,505,False,Zwycięstwo biec uznawać powodować. Czapka doskonały jakby.,w konserwacji
1657,9781337968874,23801,Zasada flaga coś ze,Angelika Trzyna,10,9,1980,Wydanie I,217,True,Lista kosztować ogon śpiewać. Ryba dać przyczyna.,w konserwacji
1658,9781874227250,1969,Warstwa wina zwykły,Cyprian Kott,2,4,1994,Wydanie I,776,False,Płeć obowiązywać powinien zdolność. Rachunek siostra radio można wysyłać krzew rasa złożony.,w konserwacji
1659,9780523118734,7059,Skutek imię oraz elektryczny,pan Oliwier Stefankiewicz,7,10,2012,Wydanie I,139,True,Marzec wpaść pod. Obchodzić włożyć reguła kula miasto handlowy katastrofa wesoły.,dostępny
1660,9781024774184,28966,Czwartek ząb stać się królewski zegar,Cyprian Rudyk,1,5,2013,Wydanie I,118,True,Marzec zachowanie pełny w końcu. Nad czy ubogi zielony Niemcy biblioteka.,wypożyczony
1661,9781296362881,78954,Góra szacunek rzeczownik kosz pomieszczenie,Urszula Wyroślak,2,9,1970,Wydanie I,197,False,Ryzyko wschód ćwiczenie radiowy tor. Chrystus cukier banknot stworzyć góra.,w konserwacji
1662,9780798423175,61357,Pić czerwony,Borys Getka,9,4,1958,Wydanie I,650,False,Słoneczny zachodni nocny. Pasek los także delikatny przychodzić.,dostępny
1663,9780027914276,7308,Powodować polityczny strona,Jędrzej Pielach,3,4,2013,Wydanie I,590,True,Gaz w końcu drzwi słońce las. Plac pewien leczenie.,wypożyczony
1664,9780094652866,62017,Używać specjalny międzynarodowy móc,Krystian Serwach,7,3,1967,Wydanie I,696,False,Współczesny biskup opinia futro. Ogromny zimno wiosna wino. Słońce specjalny państwo jednostka.,dostępny
1665,9781256020141,66820,Północny sytuacja umysł zawierać,Apolonia Lorenz,8,2,1993,Wydanie I,445,True,Danie pomarańczowy aktor but.,wypożyczony
1666,9781718044685,63064,Pisarz prezydent dowód,Marianna Poleszak,2,7,1968,Wydanie I,561,False,Porządek srebro używać wycieczka zawód zniszczyć go.,w konserwacji
1667,9780735005464,60793,Pogoda żyć przebywać ciemność pociąg,pani Klara Dziewit,4,10,1997,Wydanie I,442,False,Taki głośny wąski filmowy jeździć. Żywy osioł strefa wróg.,dostępny
1668,9781138492578,70105,Teoria obywatelka dzisiaj ziarno,Maciej Pyrkosz,9,7,1998,Wydanie I,487,True,Woda ostry wytwarzać katastrofa spór znaczny oficjalny.,wypożyczony
1669,9780380954667,25534,Użytkownik jeśli św. sprzęt,Krystian Piaścik,4,10,1981,Wydanie I,552,False,Jedenaście otwierać zwykły prawdziwy prędkość malować kolorowy. Tłumaczyć grać transport jednak.,w konserwacji
1670,9781616142964,23447,Okazja chmura święto ziemia,pani Justyna Nowotny,10,4,1979,Wydanie I,784,True,Dowód otrzymać brzuch chodzić godzina port. Bułgarski 4 za pomocą pić właściwy szósty wy.,dostępny
1671,9781786430304,6104,- otwierać możliwy bawić się,Urszula Lejk,4,7,1971,Wydanie I,729,True,Wskazywać natychmiast spodnie stawać się za tradycyjny.,wypożyczony
1672,9781786430304,39533,- otwierać możliwy bawić się,Urszula Lejk,4,9,1971,Wydanie I,729,False,Wskazywać natychmiast spodnie stawać się za tradycyjny.,wypożyczony
1673,9781718044685,36221,Pisarz prezydent dowód,Marianna Poleszak,2,2,1968,Wydanie I,561,False,Porządek srebro używać wycieczka zawód zniszczyć go.,w konserwacji
1674,9781432155315,75081,Zajmować Się następować zwykle biec,Mariusz Bartoszczyk,9,3,1977,Wydanie I,588,False,Wystawa prezent odzież wstyd. Być masa łatwy barwa środa usta kochać.,wypożyczony
1675,9780690936506,92883,Pomysł 40 temat znany,Julita Drobot,9,3,2016,Wydanie I,505,True,Zwycięstwo biec uznawać powodować. Czapka doskonały jakby.,w konserwacji
1676,9780380954667,78685,Użytkownik jeśli św. sprzęt,Krystian Piaścik,4,1,1981,Wydanie I,552,False,Jedenaście otwierać zwykły prawdziwy prędkość malować kolorowy. Tłumaczyć grać transport jednak.,w konserwacji
1677,9780768677201,84785,40 dzięki w formie zostać,Malwina Materek,9,5,1967,Wydanie I,355,False,Dyrektor w kształcie Ameryka władza.,wypożyczony
1678,9781296362881,1969,Góra szacunek rzeczownik kosz pomieszczenie,Urszula Wyroślak,2,4,1970,Wydanie I,197,True,Ryzyko wschód ćwiczenie radiowy tor. Chrystus cukier banknot stworzyć góra.,dostępny
1679,9780543464620,88888,Cierpieć jakość czekolada,Tymon Myk,3,5,1983,Wydanie I,353,True,Kolano bogini polityka szósty obwód. Według lato konstrukcja bogini naczynie.,dostępny
1680,9780428279417,36488,Wśród wy 80,Igor Ciaś,6,2,2000,Wydanie I,796,True,Pani sygnał pani ramię. Świecić dodać mama broń pojęcie zwykły.,wypożyczony
1681,9780582900776,34338,Dźwięk istnienie,Ewelina Fras,10,1,2018,Wydanie I,336,True,Większość wystawa osiemdziesiąt wnętrze. Myśl dodać przykład Francja z.,wypożyczony
1682,9781773311876,3535,Córka dźwięk jeść,pani Sonia Kościesza,4,5,1950,Wydanie I,797,True,Móc wspomnienie gdzieś uciec grzech. Metal rezultat wewnątrz liść rynek zmieniać brzuch.,dostępny
1683,9781432155315,92760,Zajmować Się następować zwykle biec,Mariusz Bartoszczyk,9,6,1977,Wydanie I,588,False,Wystawa prezent odzież wstyd. Być masa łatwy barwa środa usta kochać.,dostępny
1684,9780625136742,79995,Trochę miód umieszczać siostra,pani Agnieszka Kazubek,3,8,1968,Wydanie I,755,True,Dno japoński sprzedaż ziarno naukowy tłumaczyć. Słyszeć łatwo język zbudować późny późno.,dostępny
1685,9780690936506,11091,Pomysł 40 temat znany,Julita Drobot,9,6,2016,Wydanie I,505,True,Zwycięstwo biec uznawać powodować. Czapka doskonały jakby.,wypożyczony
1686,9781138492578,77200,Teoria obywatelka dzisiaj ziarno,Maciej Pyrkosz,9,6,1998,Wydanie I,487,True,Woda ostry wytwarzać katastrofa spór znaczny oficjalny.,wypożyczony
1687,9780362591026,28044,Trzeba oko,Janina Kołak,8,8,1976,Wydanie I,669,True,Krok świeży bar stary dół kolega. Dziura studia pas majuskuła.,w konserwacji
1688,9781759252018,45222,Węgiel kilometr czyn a własny,Jerzy Pabisiak,5,2,1997,Wydanie I,471,False,"Piasek kolor późny chleb.
Lud jeszcze góra tylko.",w konserwacji
1689,9781385509982,44962,Anglia silnik tylko swój około,Anastazja Larysz,2,6,1984,Wydanie I,739,True,Chwila pamięć szybko gdzie postać sąd. Państwowy Piotr postawa hałas plemię artystyczny.,wypożyczony
1690,9780798423175,18992,Pić czerwony,Borys Getka,9,4,1958,Wydanie I,650,False,Słoneczny zachodni nocny. Pasek los także delikatny przychodzić.,w konserwacji
1691,9780668657846,21118,Księga powstawać późno moralny dziecięcy,pani Julita Rajchel,10,1,1957,Wydanie I,511,True,Srebro mieszkanie prawny procent dobro chwila. Polityczny popularny dół istnienie dolina.,w konserwacji
1692,9781337968874,30087,Zasada flaga coś ze,Angelika Trzyna,10,9,1980,Wydanie I,217,True,Lista kosztować ogon śpiewać. Ryba dać przyczyna.,dostępny
1693,9781017268270,7439,Odwaga dziać się taki,pan Borys Kobak,1,7,1954,Wydanie I,171,False,Płyn Chiny staw nagle. Egipt strumień azjatycki różny wolny stać. Kapelusz umysł budynek wojna.,w konserwacji
1694,9781167966286,16002,Prawdziwy postępowanie okno,Anastazja Soczewka,8,6,1977,Wydanie I,314,True,Koncert bardzo potrafić suma morze. Dialekt podnosić pani rzeczownik model wieża tamten wóz.,w konserwacji
1695,9781134555819,89207,Oraz kilka,pan Wojciech Lenda,4,3,1981,Wydanie I,268,False,Metal lampa substancja mąż. Wiedzieć walczyć strefa pacjent nie ma piękny.,w konserwacji
1696,9781345231809,92391,Chłop moneta dziesięć granica ochrona,Andrzej Stein,10,5,2004,Wydanie I,278,False,Lot strefa klucz robić Polak. Cecha ozdoba międzynarodowy fałszywy lód uciekać.,dostępny
1697,9780027914276,34348,Powodować polityczny strona,Jędrzej Pielach,3,7,2013,Wydanie I,590,True,Gaz w końcu drzwi słońce las. Plac pewien leczenie.,w konserwacji
1698,9781024774184,59632,Czwartek ząb stać się królewski zegar,Cyprian Rudyk,1,5,2013,Wydanie I,118,True,Marzec zachowanie pełny w końcu. Nad czy ubogi zielony Niemcy biblioteka.,dostępny
1699,9780380954667,18742,Użytkownik jeśli św. sprzęt,Krystian Piaścik,4,2,1981,Wydanie I,552,False,Jedenaście otwierać zwykły prawdziwy prędkość malować kolorowy. Tłumaczyć grać transport jednak.,w konserwacji
1700,9780543464620,63468,Cierpieć jakość czekolada,Tymon Myk,3,6,1983,Wydanie I,353,False,Kolano bogini polityka szósty obwód. Według lato konstrukcja bogini naczynie.,dostępny
1701,9781017268270,38307,Odwaga dziać się taki,pan Borys Kobak,1,10,1954,Wydanie I,171,True,Płyn Chiny staw nagle. Egipt strumień azjatycki różny wolny stać. Kapelusz umysł budynek wojna.,wypożyczony
1702,9781167966286,64989,Prawdziwy postępowanie okno,Anastazja Soczewka,8,4,1977,Wydanie I,314,False,Koncert bardzo potrafić suma morze. Dialekt podnosić pani rzeczownik model wieża tamten wóz.,wypożyczony
1703,9780743425230,41718,Unia Europejska grupa narkotyk,pani Marika Kluczek,8,2,2017,Wydanie I,166,True,Stacja surowy dodać stacja pięć. Istnienie kłopot zajęcie mądry relacja okręt zając.,wypożyczony
1704,9781718044685,40639,Pisarz prezydent dowód,Marianna Poleszak,2,9,1968,Wydanie I,561,True,Porządek srebro używać wycieczka zawód zniszczyć go.,wypożyczony
1705,9780928916836,47727,Użytkownik posługiwać się rasa próba,Kornelia Kuczaj,6,8,1978,Wydanie I,466,True,Wobec słodki sport charakter. Jechać niebo temperatura bilet powiat kolega.,wypożyczony
1706,9780380954667,57430,Użytkownik jeśli św. sprzęt,Krystian Piaścik,4,4,1981,Wydanie I,552,True,Jedenaście otwierać zwykły prawdziwy prędkość malować kolorowy. Tłumaczyć grać transport jednak.,dostępny
1707,9780768677201,3151,40 dzięki w formie zostać,Malwina Materek,9,3,1967,Wydanie I,355,False,Dyrektor w kształcie Ameryka władza.,dostępny
1708,9780362591026,53679,Trzeba oko,Janina Kołak,8,5,1976,Wydanie I,669,False,Krok świeży bar stary dół kolega. Dziura studia pas majuskuła.,dostępny
1709,9781337968874,58380,Zasada flaga coś ze,Angelika Trzyna,10,3,1980,Wydanie I,217,False,Lista kosztować ogon śpiewać. Ryba dać przyczyna.,w konserwacji
1710,9781167966286,52344,Prawdziwy postępowanie okno,Anastazja Soczewka,8,2,1977,Wydanie I,314,True,Koncert bardzo potrafić suma morze. Dialekt podnosić pani rzeczownik model wieża tamten wóz.,w konserwacji
1711,9780027914276,27129,Powodować polityczny strona,Jędrzej Pielach,3,4,2013,Wydanie I,590,False,Gaz w końcu drzwi słońce las. Plac pewien leczenie.,dostępny
1712,9780348977738,44428,Do dorosły,pani Ada Flisiak,7,8,1956,Wydanie I,782,True,Wakacje 100 siedemdziesiąt firma wtorek budowa. Reguła archipelag Szwecja ucho szkodliwy.,dostępny
1713,9780582900776,1986,Dźwięk istnienie,Ewelina Fras,10,7,2018,Wydanie I,336,False,Większość wystawa osiemdziesiąt wnętrze. Myśl dodać przykład Francja z.,dostępny
1714,9780743425230,42386,Unia Europejska grupa narkotyk,pani Marika Kluczek,8,7,2017,Wydanie I,166,True,Stacja surowy dodać stacja pięć. Istnienie kłopot zajęcie mądry relacja okręt zając.,w konserwacji
1715,9780348977738,80886,Do dorosły,pani Ada Flisiak,7,8,1956,Wydanie I,782,True,Wakacje 100 siedemdziesiąt firma wtorek budowa. Reguła archipelag Szwecja ucho szkodliwy.,wypożyczony
1716,9780798423175,80692,Pić czerwony,Borys Getka,9,4,1958,Wydanie I,650,False,Słoneczny zachodni nocny. Pasek los także delikatny przychodzić.,dostępny
1717,9780768677201,76014,40 dzięki w formie zostać,Malwina Materek,9,8,1967,Wydanie I,355,True,Dyrektor w kształcie Ameryka władza.,w konserwacji
1718,9780768677201,97456,40 dzięki w formie zostać,Malwina Materek,9,5,1967,Wydanie I,355,True,Dyrektor w kształcie Ameryka władza.,w konserwacji
1719,9781435262805,46354,Sześćdziesiąt więcej piętro ani po,Marianna Berus,5,1,1998,Wydanie I,285,False,Budowla przypadek alkohol strefa ciemny flaga słoneczny. Trzymać wiek autor król nic 3 chemiczny.,dostępny
1720,9780134362441,92086,Królowa kuchnia pod głowa,Adam Zbrożek,4,8,2000,Wydanie I,506,False,W Ciągu skutek łatwo czekolada zakończyć. Turecki nikt kurs ona miejscowość nadawać.,wypożyczony
1721,9781426248160,66734,Wiersz poniedziałek skała,pan Tobiasz Michnik,6,1,1953,Wydanie I,314,True,Świadczyć technika lista zmiana temat stworzyć. Swój posiłek drewniany dawny większość powstanie.,dostępny
1722,9781337968874,40875,Zasada flaga coś ze,Angelika Trzyna,10,2,1980,Wydanie I,217,False,Lista kosztować ogon śpiewać. Ryba dać przyczyna.,w konserwacji
1723,9780134362441,82338,Królowa kuchnia pod głowa,Adam Zbrożek,4,6,2000,Wydanie I,506,True,W Ciągu skutek łatwo czekolada zakończyć. Turecki nikt kurs ona miejscowość nadawać.,dostępny
1724,9781426248160,11497,Wiersz poniedziałek skała,pan Tobiasz Michnik,6,6,1953,Wydanie I,314,False,Świadczyć technika lista zmiana temat stworzyć. Swój posiłek drewniany dawny większość powstanie.,w konserwacji
1725,9780027914276,49249,Powodować polityczny strona,Jędrzej Pielach,3,5,2013,Wydanie I,590,False,Gaz w końcu drzwi słońce las. Plac pewien leczenie.,dostępny
1726,9780501265870,49257,Pająk istnieć robota trzeba poziom,Paweł Stanclik,7,1,1963,Wydanie I,572,False,Błąd zaś pewien rasa właściwość. Cel lewy księżyc figura produkcja.,wypożyczony
1727,9781536822250,84370,Kula sztuczny włożyć Ameryka,Aleks Staśko,5,1,1960,Wydanie I,786,True,Gospodarka wywołać tam wszystek 7 wygrać słodki zysk. Ucho siedziba zmęczony właściwy obok.,w konserwacji
1728,9781865407234,50541,Włosy kwiecień most zespół budować,Albert Zarzeczna,5,2,1962,Wydanie I,347,False,Starożytny dobro rzeka plecy otwór patrzeć strój.,dostępny
1729,9781435262805,53266,Sześćdziesiąt więcej piętro ani po,Marianna Berus,5,6,1998,Wydanie I,285,True,Budowla przypadek alkohol strefa ciemny flaga słoneczny. Trzymać wiek autor król nic 3 chemiczny.,wypożyczony
1730,9780668657846,85409,Księga powstawać późno moralny dziecięcy,pani Julita Rajchel,10,3,1957,Wydanie I,511,False,Srebro mieszkanie prawny procent dobro chwila. Polityczny popularny dół istnienie dolina.,w konserwacji
1731,9781773311876,21307,Córka dźwięk jeść,pani Sonia Kościesza,4,9,1950,Wydanie I,797,False,Móc wspomnienie gdzieś uciec grzech. Metal rezultat wewnątrz liść rynek zmieniać brzuch.,dostępny
1732,9780027914276,62467,Powodować polityczny strona,Jędrzej Pielach,3,8,2013,Wydanie I,590,False,Gaz w końcu drzwi słońce las. Plac pewien leczenie.,dostępny
1733,9780523118734,54232,Skutek imię oraz elektryczny,pan Oliwier Stefankiewicz,7,4,2012,Wydanie I,139,False,Marzec wpaść pod. Obchodzić włożyć reguła kula miasto handlowy katastrofa wesoły.,w konserwacji
1734,9780134362441,96167,Królowa kuchnia pod głowa,Adam Zbrożek,4,3,2000,Wydanie I,506,False,W Ciągu skutek łatwo czekolada zakończyć. Turecki nikt kurs ona miejscowość nadawać.,dostępny
1735,9781545385265,50324,Cecha zakończenie pomarańczowy wreszcie ten,pan Marek Hermanowicz,3,1,1981,Wydanie I,155,True,Aż żart powstawać długość ona w typ. Piosenka Niemiec Holandia.,dostępny
1736,9780362591026,92823,Trzeba oko,Janina Kołak,8,9,1976,Wydanie I,669,False,Krok świeży bar stary dół kolega. Dziura studia pas majuskuła.,wypożyczony
1737,9780414399907,26692,Owca przepis leżeć Egipt,Piotr Przekwas,6,1,2008,Wydanie I,212,False,Własny oficjalny dobrze. Wysoki użycie słodki akcja. Nigdy zima bóg uwaga stanowić.,wypożyczony
1738,9781426248160,91829,Wiersz poniedziałek skała,pan Tobiasz Michnik,6,2,1953,Wydanie I,314,True,Świadczyć technika lista zmiana temat stworzyć. Swój posiłek drewniany dawny większość powstanie.,w konserwacji
1739,9780543464620,53656,Cierpieć jakość czekolada,Tymon Myk,3,2,1983,Wydanie I,353,False,Kolano bogini polityka szósty obwód. Według lato konstrukcja bogini naczynie.,wypożyczony
1740,9780348977738,68971,Do dorosły,pani Ada Flisiak,7,3,1956,Wydanie I,782,True,Wakacje 100 siedemdziesiąt firma wtorek budowa. Reguła archipelag Szwecja ucho szkodliwy.,w konserwacji
1741,9780668657846,51049,Księga powstawać późno moralny dziecięcy,pani Julita Rajchel,10,2,1957,Wydanie I,511,False,Srebro mieszkanie prawny procent dobro chwila. Polityczny popularny dół istnienie dolina.,w konserwacji
1742,9781426248160,68385,Wiersz poniedziałek skała,pan Tobiasz Michnik,6,5,1953,Wydanie I,314,False,Świadczyć technika lista zmiana temat stworzyć. Swój posiłek drewniany dawny większość powstanie.,w konserwacji
1743,9781296362881,24573,Góra szacunek rzeczownik kosz pomieszczenie,Urszula Wyroślak,2,2,1970,Wydanie I,197,True,Ryzyko wschód ćwiczenie radiowy tor. Chrystus cukier banknot stworzyć góra.,dostępny
1744,9781432155315,69094,Zajmować Się następować zwykle biec,Mariusz Bartoszczyk,9,1,1977,Wydanie I,588,True,Wystawa prezent odzież wstyd. Być masa łatwy barwa środa usta kochać.,w konserwacji
1745,9780928916836,18706,Użytkownik posługiwać się rasa próba,Kornelia Kuczaj,6,2,1978,Wydanie I,466,False,Wobec słodki sport charakter. Jechać niebo temperatura bilet powiat kolega.,dostępny
1746,9780380954667,48807,Użytkownik jeśli św. sprzęt,Krystian Piaścik,4,4,1981,Wydanie I,552,False,Jedenaście otwierać zwykły prawdziwy prędkość malować kolorowy. Tłumaczyć grać transport jednak.,w konserwacji
1747,9780393892420,65436,Przyrząd zapalenie,pan Konrad Wojtak,1,8,1973,Wydanie I,547,False,Skłonność szkło rozwój nieść skała jednocześnie. Lato słyszeć podczas morski wóz spadać atak.,dostępny
1748,9780094652866,20049,Używać specjalny międzynarodowy móc,Krystian Serwach,7,6,1967,Wydanie I,696,False,Współczesny biskup opinia futro. Ogromny zimno wiosna wino. Słońce specjalny państwo jednostka.,w konserwacji
1749,9780094652866,55884,Używać specjalny międzynarodowy móc,Krystian Serwach,7,3,1967,Wydanie I,696,True,Współczesny biskup opinia futro. Ogromny zimno wiosna wino. Słońce specjalny państwo jednostka.,w konserwacji
1750,9781874227250,71367,Warstwa wina zwykły,Cyprian Kott,2,8,1994,Wydanie I,776,True,Płeć obowiązywać powinien zdolność. Rachunek siostra radio można wysyłać krzew rasa złożony.,wypożyczony
1751,9781432155315,52419,Zajmować Się następować zwykle biec,Mariusz Bartoszczyk,9,5,1977,Wydanie I,588,True,Wystawa prezent odzież wstyd. Być masa łatwy barwa środa usta kochać.,wypożyczony
1752,9780134362441,37646,Królowa kuchnia pod głowa,Adam Zbrożek,4,7,2000,Wydanie I,506,False,W Ciągu skutek łatwo czekolada zakończyć. Turecki nikt kurs ona miejscowość nadawać.,dostępny
1753,9781345231809,75988,Chłop moneta dziesięć granica ochrona,Andrzej Stein,10,7,2004,Wydanie I,278,True,Lot strefa klucz robić Polak. Cecha ozdoba międzynarodowy fałszywy lód uciekać.,wypożyczony
1754,9780414399907,12032,Owca przepis leżeć Egipt,Piotr Przekwas,6,10,2008,Wydanie I,212,False,Własny oficjalny dobrze. Wysoki użycie słodki akcja. Nigdy zima bóg uwaga stanowić.,w konserwacji
1755,9781865407234,87248,Włosy kwiecień most zespół budować,Albert Zarzeczna,5,4,1962,Wydanie I,347,True,Starożytny dobro rzeka plecy otwór patrzeć strój.,dostępny
1756,9780798423175,13996,Pić czerwony,Borys Getka,9,9,1958,Wydanie I,650,False,Słoneczny zachodni nocny. Pasek los także delikatny przychodzić.,dostępny
1757,9781759252018,43775,Węgiel kilometr czyn a własny,Jerzy Pabisiak,5,2,1997,Wydanie I,471,False,"Piasek kolor późny chleb.
Lud jeszcze góra tylko.",dostępny
1758,9781296362881,53265,Góra szacunek rzeczownik kosz pomieszczenie,Urszula Wyroślak,2,4,1970,Wydanie I,197,True,Ryzyko wschód ćwiczenie radiowy tor. Chrystus cukier banknot stworzyć góra.,wypożyczony
1759,9780466343330,1924,Marka bić dolina pożar oglądać,Klara Ciarka,9,4,2024,Wydanie I,697,False,Transport wysyłać zmienić plecy chcieć wielkość. Tylko cienki powiat widzieć Austria.,dostępny
1760,9781718044685,96563,Pisarz prezydent dowód,Marianna Poleszak,2,10,1968,Wydanie I,561,False,Porządek srebro używać wycieczka zawód zniszczyć go.,w konserwacji
1761,9780814943571,22223,Stado lud krew,Łukasz Radzewicz,4,3,1982,Wydanie I,347,True,Pierwiastek koszt wystawa lewy niezwykły wyspa. W Ciągu pieniądz krok wychodzić literatura wydać.,dostępny
1762,9780690936506,60817,Pomysł 40 temat znany,Julita Drobot,9,5,2016,Wydanie I,505,False,Zwycięstwo biec uznawać powodować. Czapka doskonały jakby.,dostępny
1763,9781296362881,35965,Góra szacunek rzeczownik kosz pomieszczenie,Urszula Wyroślak,2,5,1970,Wydanie I,197,False,Ryzyko wschód ćwiczenie radiowy tor. Chrystus cukier banknot stworzyć góra.,wypożyczony
1764,9781698428123,31292,Ulegać dyrektor koza gwałtowny,Kaja Kałwa,3,1,1992,Wydanie I,762,False,Miejscowość utwór mężczyzna wszelki chociaż narząd lód. Fakt zniszczyć hałas no mowa aktywny ślad.,w konserwacji
1765,9780348977738,26257,Do dorosły,pani Ada Flisiak,7,4,1956,Wydanie I,782,True,Wakacje 100 siedemdziesiąt firma wtorek budowa. Reguła archipelag Szwecja ucho szkodliwy.,w konserwacji
1766,9781017268270,4370,Odwaga dziać się taki,pan Borys Kobak,1,1,1954,Wydanie I,171,True,Płyn Chiny staw nagle. Egipt strumień azjatycki różny wolny stać. Kapelusz umysł budynek wojna.,w konserwacji
1767,9781296362881,90347,Góra szacunek rzeczownik kosz pomieszczenie,Urszula Wyroślak,2,1,1970,Wydanie I,197,True,Ryzyko wschód ćwiczenie radiowy tor. Chrystus cukier banknot stworzyć góra.,wypożyczony
1768,9780280858225,82183,Natychmiast zbyt trawa atak,Antoni Warzybok,5,1,1951,Wydanie I,164,True,Żydowski anioł powstawać sędzia pragnąć. Dzień los wspaniały chcieć.,dostępny
1769,9781432155315,10309,Zajmować Się następować zwykle biec,Mariusz Bartoszczyk,9,7,1977,Wydanie I,588,True,Wystawa prezent odzież wstyd. Być masa łatwy barwa środa usta kochać.,wypożyczony
1770,9781138492578,88174,Teoria obywatelka dzisiaj ziarno,Maciej Pyrkosz,9,4,1998,Wydanie I,487,True,Woda ostry wytwarzać katastrofa spór znaczny oficjalny.,w konserwacji
1771,9781072287513,32918,Fabryka skończyć operacja dorosły,pani Anna Maria Fiołek,6,1,2020,Wydanie I,241,False,Kamień fala długo Czechy czysty.,dostępny
1772,9781385509982,76232,Anglia silnik tylko swój około,Anastazja Larysz,2,3,1984,Wydanie I,739,False,Chwila pamięć szybko gdzie postać sąd. Państwowy Piotr postawa hałas plemię artystyczny.,wypożyczony
1773,9781167966286,18104,Prawdziwy postępowanie okno,Anastazja Soczewka,8,7,1977,Wydanie I,314,False,Koncert bardzo potrafić suma morze. Dialekt podnosić pani rzeczownik model wieża tamten wóz.,dostępny
1774,9781874227250,86990,Warstwa wina zwykły,Cyprian Kott,2,2,1994,Wydanie I,776,True,Płeć obowiązywać powinien zdolność. Rachunek siostra radio można wysyłać krzew rasa złożony.,wypożyczony
1775,9780690936506,10328,Pomysł 40 temat znany,Julita Drobot,9,8,2016,Wydanie I,505,True,Zwycięstwo biec uznawać powodować. Czapka doskonały jakby.,wypożyczony
1776,9780798423175,27380,Pić czerwony,Borys Getka,9,4,1958,Wydanie I,650,False,Słoneczny zachodni nocny. Pasek los także delikatny przychodzić.,dostępny
1777,9780798423175,58552,Pić czerwony,Borys Getka,9,6,1958,Wydanie I,650,True,Słoneczny zachodni nocny. Pasek los także delikatny przychodzić.,w konserwacji
1778,9780027914276,67227,Powodować polityczny strona,Jędrzej Pielach,3,6,2013,Wydanie I,590,True,Gaz w końcu drzwi słońce las. Plac pewien leczenie.,dostępny
1779,9781337968874,17955,Zasada flaga coś ze,Angelika Trzyna,10,8,1980,Wydanie I,217,False,Lista kosztować ogon śpiewać. Ryba dać przyczyna.,wypożyczony
1780,9780414399907,99184,Owca przepis leżeć Egipt,Piotr Przekwas,6,5,2008,Wydanie I,212,False,Własny oficjalny dobrze. Wysoki użycie słodki akcja. Nigdy zima bóg uwaga stanowić.,dostępny
1781,9781773311876,5495,Córka dźwięk jeść,pani Sonia Kościesza,4,5,1950,Wydanie I,797,True,Móc wspomnienie gdzieś uciec grzech. Metal rezultat wewnątrz liść rynek zmieniać brzuch.,dostępny
1782,9781616142964,73200,Okazja chmura święto ziemia,pani Justyna Nowotny,10,2,1979,Wydanie I,784,False,Dowód otrzymać brzuch chodzić godzina port. Bułgarski 4 za pomocą pić właściwy szósty wy.,dostępny
1783,9781545385265,7138,Cecha zakończenie pomarańczowy wreszcie ten,pan Marek Hermanowicz,3,8,1981,Wydanie I,155,True,Aż żart powstawać długość ona w typ. Piosenka Niemiec Holandia.,wypożyczony
1784,9781167966286,1369,Prawdziwy postępowanie okno,Anastazja Soczewka,8,3,1977,Wydanie I,314,True,Koncert bardzo potrafić suma morze. Dialekt podnosić pani rzeczownik model wieża tamten wóz.,wypożyczony
1785,9781786430304,2341,- otwierać możliwy bawić się,Urszula Lejk,4,5,1971,Wydanie I,729,True,Wskazywać natychmiast spodnie stawać się za tradycyjny.,w konserwacji
1786,9780466343330,5830,Marka bić dolina pożar oglądać,Klara Ciarka,9,9,2024,Wydanie I,697,False,Transport wysyłać zmienić plecy chcieć wielkość. Tylko cienki powiat widzieć Austria.,wypożyczony
1787,9781296362881,43843,Góra szacunek rzeczownik kosz pomieszczenie,Urszula Wyroślak,2,3,1970,Wydanie I,197,True,Ryzyko wschód ćwiczenie radiowy tor. Chrystus cukier banknot stworzyć góra.,w konserwacji
1788,9780798423175,82758,Pić czerwony,Borys Getka,9,4,1958,Wydanie I,650,False,Słoneczny zachodni nocny. Pasek los także delikatny przychodzić.,dostępny
1789,9780414399907,51342,Owca przepis leżeć Egipt,Piotr Przekwas,6,1,2008,Wydanie I,212,False,Własny oficjalny dobrze. Wysoki użycie słodki akcja. Nigdy zima bóg uwaga stanowić.,w konserwacji
1790,9781024774184,19693,Czwartek ząb stać się królewski zegar,Cyprian Rudyk,1,2,2013,Wydanie I,118,True,Marzec zachowanie pełny w końcu. Nad czy ubogi zielony Niemcy biblioteka.,dostępny
1791,9781616142964,63608,Okazja chmura święto ziemia,pani Justyna Nowotny,10,1,1979,Wydanie I,784,True,Dowód otrzymać brzuch chodzić godzina port. Bułgarski 4 za pomocą pić właściwy szósty wy.,wypożyczony
1792,9781616142964,84063,Okazja chmura święto ziemia,pani Justyna Nowotny,10,6,1979,Wydanie I,784,True,Dowód otrzymać brzuch chodzić godzina port. Bułgarski 4 za pomocą pić właściwy szósty wy.,wypożyczony
1793,9780928916836,11118,Użytkownik posługiwać się rasa próba,Kornelia Kuczaj,6,9,1978,Wydanie I,466,False,Wobec słodki sport charakter. Jechać niebo temperatura bilet powiat kolega.,dostępny
1794,9780414399907,91166,Owca przepis leżeć Egipt,Piotr Przekwas,6,7,2008,Wydanie I,212,True,Własny oficjalny dobrze. Wysoki użycie słodki akcja. Nigdy zima bóg uwaga stanowić.,dostępny
1795,9781536822250,6620,Kula sztuczny włożyć Ameryka,Aleks Staśko,5,1,1960,Wydanie I,786,False,Gospodarka wywołać tam wszystek 7 wygrać słodki zysk. Ucho siedziba zmęczony właściwy obok.,dostępny
1796,9780888596710,33766,Dokładnie te dorosły zgadzać się most,pan Igor Doruch,4,10,1950,Wydanie I,165,False,Park rynek zgodny francuski. Dziób trwać idea obowiązywać zbiór papier jakość.,w konserwacji
1797,9781773311876,67257,Córka dźwięk jeść,pani Sonia Kościesza,4,4,1950,Wydanie I,797,True,Móc wspomnienie gdzieś uciec grzech. Metal rezultat wewnątrz liść rynek zmieniać brzuch.,w konserwacji
1798,9781536822250,81689,Kula sztuczny włożyć Ameryka,Aleks Staśko,5,6,1960,Wydanie I,786,False,Gospodarka wywołać tam wszystek 7 wygrać słodki zysk. Ucho siedziba zmęczony właściwy obok.,w konserwacji
1799,9780668657846,61690,Księga powstawać późno moralny dziecięcy,pani Julita Rajchel,10,6,1957,Wydanie I,511,True,Srebro mieszkanie prawny procent dobro chwila. Polityczny popularny dół istnienie dolina.,dostępny
1800,9780094652866,66597,Używać specjalny międzynarodowy móc,Krystian Serwach,7,1,1967,Wydanie I,696,False,Współczesny biskup opinia futro. Ogromny zimno wiosna wino. Słońce specjalny państwo jednostka.,wypożyczony
1801,9780743425230,69717,Unia Europejska grupa narkotyk,pani Marika Kluczek,8,9,2017,Wydanie I,166,False,Stacja surowy dodać stacja pięć. Istnienie kłopot zajęcie mądry relacja okręt zając.,wypożyczony
1802,9780768677201,18189,40 dzięki w formie zostać,Malwina Materek,9,2,1967,Wydanie I,355,True,Dyrektor w kształcie Ameryka władza.,dostępny
1803,9780625136742,89240,Trochę miód umieszczać siostra,pani Agnieszka Kazubek,3,7,1968,Wydanie I,755,False,Dno japoński sprzedaż ziarno naukowy tłumaczyć. Słyszeć łatwo język zbudować późny późno.,w konserwacji
1804,9780768677201,15875,40 dzięki w formie zostać,Malwina Materek,9,8,1967,Wydanie I,355,False,Dyrektor w kształcie Ameryka władza.,dostępny
1805,9781024774184,83432,Czwartek ząb stać się królewski zegar,Cyprian Rudyk,1,1,2013,Wydanie I,118,True,Marzec zachowanie pełny w końcu. Nad czy ubogi zielony Niemcy biblioteka.,w konserwacji
1806,9781874227250,10221,Warstwa wina zwykły,Cyprian Kott,2,4,1994,Wydanie I,776,False,Płeć obowiązywać powinien zdolność. Rachunek siostra radio można wysyłać krzew rasa złożony.,wypożyczony
1807,9780414399907,33101,Owca przepis leżeć Egipt,Piotr Przekwas,6,3,2008,Wydanie I,212,True,Własny oficjalny dobrze. Wysoki użycie słodki akcja. Nigdy zima bóg uwaga stanowić.,w konserwacji
1808,9780523118734,20947,Skutek imię oraz elektryczny,pan Oliwier Stefankiewicz,7,8,2012,Wydanie I,139,False,Marzec wpaść pod. Obchodzić włożyć reguła kula miasto handlowy katastrofa wesoły.,dostępny
1809,9781134555819,44803,Oraz kilka,pan Wojciech Lenda,4,3,1981,Wydanie I,268,False,Metal lampa substancja mąż. Wiedzieć walczyć strefa pacjent nie ma piękny.,w konserwacji
1810,9781072287513,4038,Fabryka skończyć operacja dorosły,pani Anna Maria Fiołek,6,1,2020,Wydanie I,241,False,Kamień fala długo Czechy czysty.,dostępny
1811,9781759252018,38967,Węgiel kilometr czyn a własny,Jerzy Pabisiak,5,10,1997,Wydanie I,471,True,"Piasek kolor późny chleb.
Lud jeszcze góra tylko.",dostępny
1812,9780027914276,73986,Powodować polityczny strona,Jędrzej Pielach,3,3,2013,Wydanie I,590,False,Gaz w końcu drzwi słońce las. Plac pewien leczenie.,wypożyczony
1813,9780798423175,63629,Pić czerwony,Borys Getka,9,8,1958,Wydanie I,650,True,Słoneczny zachodni nocny. Pasek los także delikatny przychodzić.,wypożyczony
1814,9780428279417,32952,Wśród wy 80,Igor Ciaś,6,10,2000,Wydanie I,796,False,Pani sygnał pani ramię. Świecić dodać mama broń pojęcie zwykły.,w konserwacji
1815,9781536822250,10986,Kula sztuczny włożyć Ameryka,Aleks Staśko,5,3,1960,Wydanie I,786,False,Gospodarka wywołać tam wszystek 7 wygrać słodki zysk. Ucho siedziba zmęczony właściwy obok.,dostępny
1816,9780348977738,93577,Do dorosły,pani Ada Flisiak,7,4,1956,Wydanie I,782,False,Wakacje 100 siedemdziesiąt firma wtorek budowa. Reguła archipelag Szwecja ucho szkodliwy.,wypożyczony
1817,9780814943571,75159,Stado lud krew,Łukasz Radzewicz,4,6,1982,Wydanie I,347,False,Pierwiastek koszt wystawa lewy niezwykły wyspa. W Ciągu pieniądz krok wychodzić literatura wydać.,wypożyczony
1818,9780428279417,10486,Wśród wy 80,Igor Ciaś,6,6,2000,Wydanie I,796,True,Pani sygnał pani ramię. Świecić dodać mama broń pojęcie zwykły.,dostępny
1819,9781718044685,36246,Pisarz prezydent dowód,Marianna Poleszak,2,3,1968,Wydanie I,561,True,Porządek srebro używać wycieczka zawód zniszczyć go.,dostępny
1820,9780743425230,92078,Unia Europejska grupa narkotyk,pani Marika Kluczek,8,9,2017,Wydanie I,166,True,Stacja surowy dodać stacja pięć. Istnienie kłopot zajęcie mądry relacja okręt zając.,wypożyczony
1821,9781337968874,74961,Zasada flaga coś ze,Angelika Trzyna,10,1,1980,Wydanie I,217,True,Lista kosztować ogon śpiewać. Ryba dać przyczyna.,dostępny
1822,9781536822250,38656,Kula sztuczny włożyć Ameryka,Aleks Staśko,5,1,1960,Wydanie I,786,False,Gospodarka wywołać tam wszystek 7 wygrać słodki zysk. Ucho siedziba zmęczony właściwy obok.,wypożyczony
1823,9781718044685,63556,Pisarz prezydent dowód,Marianna Poleszak,2,10,1968,Wydanie I,561,False,Porządek srebro używać wycieczka zawód zniszczyć go.,dostępny
1824,9780414399907,57584,Owca przepis leżeć Egipt,Piotr Przekwas,6,4,2008,Wydanie I,212,True,Własny oficjalny dobrze. Wysoki użycie słodki akcja. Nigdy zima bóg uwaga stanowić.,w konserwacji
1825,9780523118734,16922,Skutek imię oraz elektryczny,pan Oliwier Stefankiewicz,7,3,2012,Wydanie I,139,False,Marzec wpaść pod. Obchodzić włożyć reguła kula miasto handlowy katastrofa wesoły.,w konserwacji
1826,9780888596710,25333,Dokładnie te dorosły zgadzać się most,pan Igor Doruch,4,7,1950,Wydanie I,165,False,Park rynek zgodny francuski. Dziób trwać idea obowiązywać zbiór papier jakość.,wypożyczony
1827,9781426248160,52226,Wiersz poniedziałek skała,pan Tobiasz Michnik,6,1,1953,Wydanie I,314,False,Świadczyć technika lista zmiana temat stworzyć. Swój posiłek drewniany dawny większość powstanie.,dostępny
1828,9781167966286,59304,Prawdziwy postępowanie okno,Anastazja Soczewka,8,9,1977,Wydanie I,314,True,Koncert bardzo potrafić suma morze. Dialekt podnosić pani rzeczownik model wieża tamten wóz.,wypożyczony
1829,9780798423175,49913,Pić czerwony,Borys Getka,9,5,1958,Wydanie I,650,True,Słoneczny zachodni nocny. Pasek los także delikatny przychodzić.,dostępny
1830,9780027914276,49392,Powodować polityczny strona,Jędrzej Pielach,3,9,2013,Wydanie I,590,False,Gaz w końcu drzwi słońce las. Plac pewien leczenie.,dostępny
1831,9781426248160,30148,Wiersz poniedziałek skała,pan Tobiasz Michnik,6,4,1953,Wydanie I,314,False,Świadczyć technika lista zmiana temat stworzyć. Swój posiłek drewniany dawny większość powstanie.,dostępny
1832,9780582900776,93163,Dźwięk istnienie,Ewelina Fras,10,2,2018,Wydanie I,336,False,Większość wystawa osiemdziesiąt wnętrze. Myśl dodać przykład Francja z.,wypożyczony
1833,9781432155315,7257,Zajmować Się następować zwykle biec,Mariusz Bartoszczyk,9,2,1977,Wydanie I,588,True,Wystawa prezent odzież wstyd. Być masa łatwy barwa środa usta kochać.,dostępny
1834,9780094652866,57061,Używać specjalny międzynarodowy móc,Krystian Serwach,7,9,1967,Wydanie I,696,True,Współczesny biskup opinia futro. Ogromny zimno wiosna wino. Słońce specjalny państwo jednostka.,wypożyczony
1835,9780094652866,6953,Używać specjalny międzynarodowy móc,Krystian Serwach,7,8,1967,Wydanie I,696,True,Współczesny biskup opinia futro. Ogromny zimno wiosna wino. Słońce specjalny państwo jednostka.,w konserwacji
1836,9780362591026,44796,Trzeba oko,Janina Kołak,8,3,1976,Wydanie I,669,True,Krok świeży bar stary dół kolega. Dziura studia pas majuskuła.,w konserwacji
1837,9780768677201,15406,40 dzięki w formie zostać,Malwina Materek,9,3,1967,Wydanie I,355,False,Dyrektor w kształcie Ameryka władza.,wypożyczony
1838,9781773311876,50410,Córka dźwięk jeść,pani Sonia Kościesza,4,1,1950,Wydanie I,797,False,Móc wspomnienie gdzieś uciec grzech. Metal rezultat wewnątrz liść rynek zmieniać brzuch.,w konserwacji
1839,9780027914276,16557,Powodować polityczny strona,Jędrzej Pielach,3,10,2013,Wydanie I,590,True,Gaz w końcu drzwi słońce las. Plac pewien leczenie.,wypożyczony
1840,9780814943571,23906,Stado lud krew,Łukasz Radzewicz,4,8,1982,Wydanie I,347,True,Pierwiastek koszt wystawa lewy niezwykły wyspa. W Ciągu pieniądz krok wychodzić literatura wydać.,w konserwacji
1841,9780027914276,27148,Powodować polityczny strona,Jędrzej Pielach,3,7,2013,Wydanie I,590,False,Gaz w końcu drzwi słońce las. Plac pewien leczenie.,w konserwacji
1842,9780743425230,42671,Unia Europejska grupa narkotyk,pani Marika Kluczek,8,5,2017,Wydanie I,166,True,Stacja surowy dodać stacja pięć. Istnienie kłopot zajęcie mądry relacja okręt zając.,wypożyczony
1843,9780280858225,67222,Natychmiast zbyt trawa atak,Antoni Warzybok,5,5,1951,Wydanie I,164,True,Żydowski anioł powstawać sędzia pragnąć. Dzień los wspaniały chcieć.,wypożyczony
1844,9780625136742,20144,Trochę miód umieszczać siostra,pani Agnieszka Kazubek,3,5,1968,Wydanie I,755,False,Dno japoński sprzedaż ziarno naukowy tłumaczyć. Słyszeć łatwo język zbudować późny późno.,wypożyczony
1845,9780928916836,82978,Użytkownik posługiwać się rasa próba,Kornelia Kuczaj,6,4,1978,Wydanie I,466,True,Wobec słodki sport charakter. Jechać niebo temperatura bilet powiat kolega.,wypożyczony
1846,9781134555819,13631,Oraz kilka,pan Wojciech Lenda,4,7,1981,Wydanie I,268,False,Metal lampa substancja mąż. Wiedzieć walczyć strefa pacjent nie ma piękny.,wypożyczony
1847,9780814943571,85218,Stado lud krew,Łukasz Radzewicz,4,9,1982,Wydanie I,347,True,Pierwiastek koszt wystawa lewy niezwykły wyspa. W Ciągu pieniądz krok wychodzić literatura wydać.,dostępny
1848,9780888596710,35786,Dokładnie te dorosły zgadzać się most,pan Igor Doruch,4,6,1950,Wydanie I,165,False,Park rynek zgodny francuski. Dziób trwać idea obowiązywać zbiór papier jakość.,dostępny
1849,9781616142964,86992,Okazja chmura święto ziemia,pani Justyna Nowotny,10,7,1979,Wydanie I,784,False,Dowód otrzymać brzuch chodzić godzina port. Bułgarski 4 za pomocą pić właściwy szósty wy.,dostępny
1850,9781385509982,62225,Anglia silnik tylko swój około,Anastazja Larysz,2,1,1984,Wydanie I,739,True,Chwila pamięć szybko gdzie postać sąd. Państwowy Piotr postawa hałas plemię artystyczny.,wypożyczony
1851,9781786430304,97087,- otwierać możliwy bawić się,Urszula Lejk,4,2,1971,Wydanie I,729,True,Wskazywać natychmiast spodnie stawać się za tradycyjny.,w konserwacji
1852,9780543464620,46866,Cierpieć jakość czekolada,Tymon Myk,3,7,1983,Wydanie I,353,False,Kolano bogini polityka szósty obwód. Według lato konstrukcja bogini naczynie.,w konserwacji
1853,9780380954667,68767,Użytkownik jeśli św. sprzęt,Krystian Piaścik,4,7,1981,Wydanie I,552,False,Jedenaście otwierać zwykły prawdziwy prędkość malować kolorowy. Tłumaczyć grać transport jednak.,w konserwacji
1854,9781024774184,82433,Czwartek ząb stać się królewski zegar,Cyprian Rudyk,1,7,2013,Wydanie I,118,True,Marzec zachowanie pełny w końcu. Nad czy ubogi zielony Niemcy biblioteka.,wypożyczony
1855,9781256020141,47750,Północny sytuacja umysł zawierać,Apolonia Lorenz,8,4,1993,Wydanie I,445,True,Danie pomarańczowy aktor but.,wypożyczony
1856,9780466343330,37496,Marka bić dolina pożar oglądać,Klara Ciarka,9,7,2024,Wydanie I,697,False,Transport wysyłać zmienić plecy chcieć wielkość. Tylko cienki powiat widzieć Austria.,dostępny
1857,9781432155315,36885,Zajmować Się następować zwykle biec,Mariusz Bartoszczyk,9,7,1977,Wydanie I,588,False,Wystawa prezent odzież wstyd. Być masa łatwy barwa środa usta kochać.,dostępny
1858,9780743425230,41343,Unia Europejska grupa narkotyk,pani Marika Kluczek,8,1,2017,Wydanie I,166,True,Stacja surowy dodać stacja pięć. Istnienie kłopot zajęcie mądry relacja okręt zając.,wypożyczony
1859,9780735005464,91949,Pogoda żyć przebywać ciemność pociąg,pani Klara Dziewit,4,1,1997,Wydanie I,442,True,Taki głośny wąski filmowy jeździć. Żywy osioł strefa wróg.,wypożyczony
1860,9781536822250,8949,Kula sztuczny włożyć Ameryka,Aleks Staśko,5,8,1960,Wydanie I,786,False,Gospodarka wywołać tam wszystek 7 wygrać słodki zysk. Ucho siedziba zmęczony właściwy obok.,w konserwacji
1861,9780094652866,24097,Używać specjalny międzynarodowy móc,Krystian Serwach,7,10,1967,Wydanie I,696,False,Współczesny biskup opinia futro. Ogromny zimno wiosna wino. Słońce specjalny państwo jednostka.,w konserwacji
1862,9781072287513,58196,Fabryka skończyć operacja dorosły,pani Anna Maria Fiołek,6,5,2020,Wydanie I,241,True,Kamień fala długo Czechy czysty.,dostępny
1863,9781698428123,52230,Ulegać dyrektor koza gwałtowny,Kaja Kałwa,3,1,1992,Wydanie I,762,True,Miejscowość utwór mężczyzna wszelki chociaż narząd lód. Fakt zniszczyć hałas no mowa aktywny ślad.,dostępny
1864,9780814943571,14758,Stado lud krew,Łukasz Radzewicz,4,8,1982,Wydanie I,347,True,Pierwiastek koszt wystawa lewy niezwykły wyspa. W Ciągu pieniądz krok wychodzić literatura wydać.,wypożyczony
1865,9781385509982,62490,Anglia silnik tylko swój około,Anastazja Larysz,2,5,1984,Wydanie I,739,True,Chwila pamięć szybko gdzie postać sąd. Państwowy Piotr postawa hałas plemię artystyczny.,w konserwacji
1866,9781545385265,76084,Cecha zakończenie pomarańczowy wreszcie ten,pan Marek Hermanowicz,3,4,1981,Wydanie I,155,True,Aż żart powstawać długość ona w typ. Piosenka Niemiec Holandia.,w konserwacji
1867,9781134555819,94182,Oraz kilka,pan Wojciech Lenda,4,8,1981,Wydanie I,268,True,Metal lampa substancja mąż. Wiedzieć walczyć strefa pacjent nie ma piękny.,dostępny
1868,9781435262805,32008,Sześćdziesiąt więcej piętro ani po,Marianna Berus,5,3,1998,Wydanie I,285,False,Budowla przypadek alkohol strefa ciemny flaga słoneczny. Trzymać wiek autor król nic 3 chemiczny.,wypożyczony
1869,9780466343330,69699,Marka bić dolina pożar oglądać,Klara Ciarka,9,9,2024,Wydanie I,697,True,Transport wysyłać zmienić plecy chcieć wielkość. Tylko cienki powiat widzieć Austria.,wypożyczony
1870,9780625136742,31167,Trochę miód umieszczać siostra,pani Agnieszka Kazubek,3,7,1968,Wydanie I,755,False,Dno japoński sprzedaż ziarno naukowy tłumaczyć. Słyszeć łatwo język zbudować późny późno.,dostępny
1871,9781296362881,73869,Góra szacunek rzeczownik kosz pomieszczenie,Urszula Wyroślak,2,6,1970,Wydanie I,197,False,Ryzyko wschód ćwiczenie radiowy tor. Chrystus cukier banknot stworzyć góra.,w konserwacji
1872,9781435262805,84226,Sześćdziesiąt więcej piętro ani po,Marianna Berus,5,5,1998,Wydanie I,285,True,Budowla przypadek alkohol strefa ciemny flaga słoneczny. Trzymać wiek autor król nic 3 chemiczny.,w konserwacji
1873,9781545385265,79364,Cecha zakończenie pomarańczowy wreszcie ten,pan Marek Hermanowicz,3,2,1981,Wydanie I,155,True,Aż żart powstawać długość ona w typ. Piosenka Niemiec Holandia.,dostępny
1874,9780735005464,31825,Pogoda żyć przebywać ciemność pociąg,pani Klara Dziewit,4,5,1997,Wydanie I,442,True,Taki głośny wąski filmowy jeździć. Żywy osioł strefa wróg.,wypożyczony
1875,9780582900776,57034,Dźwięk istnienie,Ewelina Fras,10,6,2018,Wydanie I,336,False,Większość wystawa osiemdziesiąt wnętrze. Myśl dodać przykład Francja z.,w konserwacji
1876,9780543464620,64199,Cierpieć jakość czekolada,Tymon Myk,3,10,1983,Wydanie I,353,True,Kolano bogini polityka szósty obwód. Według lato konstrukcja bogini naczynie.,wypożyczony
1877,9781432155315,44858,Zajmować Się następować zwykle biec,Mariusz Bartoszczyk,9,1,1977,Wydanie I,588,True,Wystawa prezent odzież wstyd. Być masa łatwy barwa środa usta kochać.,dostępny
1878,9781545385265,38233,Cecha zakończenie pomarańczowy wreszcie ten,pan Marek Hermanowicz,3,6,1981,Wydanie I,155,False,Aż żart powstawać długość ona w typ. Piosenka Niemiec Holandia.,wypożyczony
1879,9781874227250,83508,Warstwa wina zwykły,Cyprian Kott,2,6,1994,Wydanie I,776,True,Płeć obowiązywać powinien zdolność. Rachunek siostra radio można wysyłać krzew rasa złożony.,dostępny
1880,9781256020141,50432,Północny sytuacja umysł zawierać,Apolonia Lorenz,8,7,1993,Wydanie I,445,False,Danie pomarańczowy aktor but.,dostępny
1881,9780414399907,14168,Owca przepis leżeć Egipt,Piotr Przekwas,6,9,2008,Wydanie I,212,False,Własny oficjalny dobrze. Wysoki użycie słodki akcja. Nigdy zima bóg uwaga stanowić.,dostępny
1882,9781134555819,55218,Oraz kilka,pan Wojciech Lenda,4,1,1981,Wydanie I,268,False,Metal lampa substancja mąż. Wiedzieć walczyć strefa pacjent nie ma piękny.,w konserwacji
1883,9781435262805,41862,Sześćdziesiąt więcej piętro ani po,Marianna Berus,5,4,1998,Wydanie I,285,False,Budowla przypadek alkohol strefa ciemny flaga słoneczny. Trzymać wiek autor król nic 3 chemiczny.,wypożyczony
1884,9780735005464,89729,Pogoda żyć przebywać ciemność pociąg,pani Klara Dziewit,4,7,1997,Wydanie I,442,False,Taki głośny wąski filmowy jeździć. Żywy osioł strefa wróg.,w konserwacji
1885,9780735005464,52406,Pogoda żyć przebywać ciemność pociąg,pani Klara Dziewit,4,1,1997,Wydanie I,442,True,Taki głośny wąski filmowy jeździć. Żywy osioł strefa wróg.,wypożyczony
1886,9781545385265,42558,Cecha zakończenie pomarańczowy wreszcie ten,pan Marek Hermanowicz,3,3,1981,Wydanie I,155,True,Aż żart powstawać długość ona w typ. Piosenka Niemiec Holandia.,wypożyczony
1887,9780928916836,88304,Użytkownik posługiwać się rasa próba,Kornelia Kuczaj,6,3,1978,Wydanie I,466,False,Wobec słodki sport charakter. Jechać niebo temperatura bilet powiat kolega.,dostępny
1888,9781718044685,2091,Pisarz prezydent dowód,Marianna Poleszak,2,6,1968,Wydanie I,561,False,Porządek srebro używać wycieczka zawód zniszczyć go.,wypożyczony
1889,9780814943571,17510,Stado lud krew,Łukasz Radzewicz,4,8,1982,Wydanie I,347,True,Pierwiastek koszt wystawa lewy niezwykły wyspa. W Ciągu pieniądz krok wychodzić literatura wydać.,w konserwacji
1890,9781017268270,51146,Odwaga dziać się taki,pan Borys Kobak,1,6,1954,Wydanie I,171,True,Płyn Chiny staw nagle. Egipt strumień azjatycki różny wolny stać. Kapelusz umysł budynek wojna.,wypożyczony
1891,9780888596710,36532,Dokładnie te dorosły zgadzać się most,pan Igor Doruch,4,4,1950,Wydanie I,165,True,Park rynek zgodny francuski. Dziób trwać idea obowiązywać zbiór papier jakość.,dostępny
1892,9780668657846,45847,Księga powstawać późno moralny dziecięcy,pani Julita Rajchel,10,3,1957,Wydanie I,511,True,Srebro mieszkanie prawny procent dobro chwila. Polityczny popularny dół istnienie dolina.,wypożyczony
1893,9780280858225,97864,Natychmiast zbyt trawa atak,Antoni Warzybok,5,1,1951,Wydanie I,164,True,Żydowski anioł powstawać sędzia pragnąć. Dzień los wspaniały chcieć.,dostępny
1894,9781698428123,11700,Ulegać dyrektor koza gwałtowny,Kaja Kałwa,3,7,1992,Wydanie I,762,True,Miejscowość utwór mężczyzna wszelki chociaż narząd lód. Fakt zniszczyć hałas no mowa aktywny ślad.,wypożyczony
1895,9781786430304,62831,- otwierać możliwy bawić się,Urszula Lejk,4,10,1971,Wydanie I,729,True,Wskazywać natychmiast spodnie stawać się za tradycyjny.,w konserwacji
1896,9780362591026,26596,Trzeba oko,Janina Kołak,8,6,1976,Wydanie I,669,False,Krok świeży bar stary dół kolega. Dziura studia pas majuskuła.,w konserwacji
1897,9781435262805,90945,Sześćdziesiąt więcej piętro ani po,Marianna Berus,5,4,1998,Wydanie I,285,False,Budowla przypadek alkohol strefa ciemny flaga słoneczny. Trzymać wiek autor król nic 3 chemiczny.,w konserwacji
1898,9781698428123,71860,Ulegać dyrektor koza gwałtowny,Kaja Kałwa,3,3,1992,Wydanie I,762,False,Miejscowość utwór mężczyzna wszelki chociaż narząd lód. Fakt zniszczyć hałas no mowa aktywny ślad.,wypożyczony
1899,9780501265870,48560,Pająk istnieć robota trzeba poziom,Paweł Stanclik,7,7,1963,Wydanie I,572,True,Błąd zaś pewien rasa właściwość. Cel lewy księżyc figura produkcja.,dostępny
1900,9780768677201,55665,40 dzięki w formie zostać,Malwina Materek,9,6,1967,Wydanie I,355,True,Dyrektor w kształcie Ameryka władza.,w konserwacji
1901,9780362591026,31605,Trzeba oko,Janina Kołak,8,10,1976,Wydanie I,669,False,Krok świeży bar stary dół kolega. Dziura studia pas majuskuła.,dostępny
1902,9781017268270,67544,Odwaga dziać się taki,pan Borys Kobak,1,9,1954,Wydanie I,171,False,Płyn Chiny staw nagle. Egipt strumień azjatycki różny wolny stać. Kapelusz umysł budynek wojna.,w konserwacji
1903,9780428279417,64131,Wśród wy 80,Igor Ciaś,6,5,2000,Wydanie I,796,True,Pani sygnał pani ramię. Świecić dodać mama broń pojęcie zwykły.,dostępny
1904,9781545385265,49331,Cecha zakończenie pomarańczowy wreszcie ten,pan Marek Hermanowicz,3,7,1981,Wydanie I,155,True,Aż żart powstawać długość ona w typ. Piosenka Niemiec Holandia.,dostępny
1905,9781773311876,31373,Córka dźwięk jeść,pani Sonia Kościesza,4,3,1950,Wydanie I,797,False,Móc wspomnienie gdzieś uciec grzech. Metal rezultat wewnątrz liść rynek zmieniać brzuch.,wypożyczony
1906,9781536822250,10586,Kula sztuczny włożyć Ameryka,Aleks Staśko,5,6,1960,Wydanie I,786,False,Gospodarka wywołać tam wszystek 7 wygrać słodki zysk. Ucho siedziba zmęczony właściwy obok.,w konserwacji
1907,9781759252018,72946,Węgiel kilometr czyn a własny,Jerzy Pabisiak,5,2,1997,Wydanie I,471,True,"Piasek kolor późny chleb.
Lud jeszcze góra tylko.",wypożyczony
1908,9781432155315,33594,Zajmować Się następować zwykle biec,Mariusz Bartoszczyk,9,10,1977,Wydanie I,588,True,Wystawa prezent odzież wstyd. Być masa łatwy barwa środa usta kochać.,wypożyczony
1909,9780690936506,32657,Pomysł 40 temat znany,Julita Drobot,9,1,2016,Wydanie I,505,True,Zwycięstwo biec uznawać powodować. Czapka doskonały jakby.,dostępny
1910,9780928916836,11111,Użytkownik posługiwać się rasa próba,Kornelia Kuczaj,6,5,1978,Wydanie I,466,False,Wobec słodki sport charakter. Jechać niebo temperatura bilet powiat kolega.,dostępny
1911,9780582900776,27854,Dźwięk istnienie,Ewelina Fras,10,2,2018,Wydanie I,336,False,Większość wystawa osiemdziesiąt wnętrze. Myśl dodać przykład Francja z.,dostępny
1912,9780414399907,68961,Owca przepis leżeć Egipt,Piotr Przekwas,6,5,2008,Wydanie I,212,True,Własny oficjalny dobrze. Wysoki użycie słodki akcja. Nigdy zima bóg uwaga stanowić.,w konserwacji
1913,9780094652866,88816,Używać specjalny międzynarodowy móc,Krystian Serwach,7,1,1967,Wydanie I,696,False,Współczesny biskup opinia futro. Ogromny zimno wiosna wino. Słońce specjalny państwo jednostka.,w konserwacji
1914,9780798423175,81050,Pić czerwony,Borys Getka,9,8,1958,Wydanie I,650,False,Słoneczny zachodni nocny. Pasek los także delikatny przychodzić.,wypożyczony
1915,9781337968874,44667,Zasada flaga coś ze,Angelika Trzyna,10,10,1980,Wydanie I,217,False,Lista kosztować ogon śpiewać. Ryba dać przyczyna.,dostępny
1916,9780743425230,81687,Unia Europejska grupa narkotyk,pani Marika Kluczek,8,8,2017,Wydanie I,166,False,Stacja surowy dodać stacja pięć. Istnienie kłopot zajęcie mądry relacja okręt zając.,wypożyczony
1917,9780380954667,26512,Użytkownik jeśli św. sprzęt,Krystian Piaścik,4,1,1981,Wydanie I,552,True,Jedenaście otwierać zwykły prawdziwy prędkość malować kolorowy. Tłumaczyć grać transport jednak.,dostępny
1918,9781138492578,66013,Teoria obywatelka dzisiaj ziarno,Maciej Pyrkosz,9,5,1998,Wydanie I,487,True,Woda ostry wytwarzać katastrofa spór znaczny oficjalny.,w konserwacji
1919,9781786430304,24043,- otwierać możliwy bawić się,Urszula Lejk,4,2,1971,Wydanie I,729,False,Wskazywać natychmiast spodnie stawać się za tradycyjny.,wypożyczony
1920,9780414399907,79743,Owca przepis leżeć Egipt,Piotr Przekwas,6,6,2008,Wydanie I,212,False,Własny oficjalny dobrze. Wysoki użycie słodki akcja. Nigdy zima bóg uwaga stanowić.,dostępny
1921,9781773311876,22311,Córka dźwięk jeść,pani Sonia Kościesza,4,5,1950,Wydanie I,797,False,Móc wspomnienie gdzieś uciec grzech. Metal rezultat wewnątrz liść rynek zmieniać brzuch.,wypożyczony
1922,9780027914276,11405,Powodować polityczny strona,Jędrzej Pielach,3,10,2013,Wydanie I,590,False,Gaz w końcu drzwi słońce las. Plac pewien leczenie.,wypożyczony
1923,9781698428123,38887,Ulegać dyrektor koza gwałtowny,Kaja Kałwa,3,8,1992,Wydanie I,762,False,Miejscowość utwór mężczyzna wszelki chociaż narząd lód. Fakt zniszczyć hałas no mowa aktywny ślad.,w konserwacji
1924,9780735005464,20341,Pogoda żyć przebywać ciemność pociąg,pani Klara Dziewit,4,6,1997,Wydanie I,442,True,Taki głośny wąski filmowy jeździć. Żywy osioł strefa wróg.,dostępny
1925,9780582900776,73252,Dźwięk istnienie,Ewelina Fras,10,4,2018,Wydanie I,336,True,Większość wystawa osiemdziesiąt wnętrze. Myśl dodać przykład Francja z.,wypożyczony
1926,9780094652866,68082,Używać specjalny międzynarodowy móc,Krystian Serwach,7,10,1967,Wydanie I,696,False,Współczesny biskup opinia futro. Ogromny zimno wiosna wino. Słońce specjalny państwo jednostka.,dostępny
1927,9781072287513,49955,Fabryka skończyć operacja dorosły,pani Anna Maria Fiołek,6,8,2020,Wydanie I,241,True,Kamień fala długo Czechy czysty.,dostępny
1928,9780362591026,68713,Trzeba oko,Janina Kołak,8,10,1976,Wydanie I,669,False,Krok świeży bar stary dół kolega. Dziura studia pas majuskuła.,dostępny
1929,9781759252018,37218,Węgiel kilometr czyn a własny,Jerzy Pabisiak,5,7,1997,Wydanie I,471,True,"Piasek kolor późny chleb.
Lud jeszcze góra tylko.",w konserwacji
1930,9781865407234,32433,Włosy kwiecień most zespół budować,Albert Zarzeczna,5,7,1962,Wydanie I,347,False,Starożytny dobro rzeka plecy otwór patrzeć strój.,wypożyczony
1931,9780798423175,59689,Pić czerwony,Borys Getka,9,8,1958,Wydanie I,650,True,Słoneczny zachodni nocny. Pasek los także delikatny przychodzić.,wypożyczony
1932,9781874227250,15929,Warstwa wina zwykły,Cyprian Kott,2,1,1994,Wydanie I,776,False,Płeć obowiązywać powinien zdolność. Rachunek siostra radio można wysyłać krzew rasa złożony.,wypożyczony
1933,9781017268270,39360,Odwaga dziać się taki,pan Borys Kobak,1,4,1954,Wydanie I,171,True,Płyn Chiny staw nagle. Egipt strumień azjatycki różny wolny stać. Kapelusz umysł budynek wojna.,wypożyczony
1934,9780501265870,34389,Pająk istnieć robota trzeba poziom,Paweł Stanclik,7,9,1963,Wydanie I,572,True,Błąd zaś pewien rasa właściwość. Cel lewy księżyc figura produkcja.,w konserwacji
1935,9781138492578,18482,Teoria obywatelka dzisiaj ziarno,Maciej Pyrkosz,9,1,1998,Wydanie I,487,True,Woda ostry wytwarzać katastrofa spór znaczny oficjalny.,w konserwacji
1936,9780668657846,55440,Księga powstawać późno moralny dziecięcy,pani Julita Rajchel,10,6,1957,Wydanie I,511,True,Srebro mieszkanie prawny procent dobro chwila. Polityczny popularny dół istnienie dolina.,w konserwacji
1937,9781536822250,10331,Kula sztuczny włożyć Ameryka,Aleks Staśko,5,2,1960,Wydanie I,786,False,Gospodarka wywołać tam wszystek 7 wygrać słodki zysk. Ucho siedziba zmęczony właściwy obok.,wypożyczony
1938,9781345231809,34411,Chłop moneta dziesięć granica ochrona,Andrzej Stein,10,2,2004,Wydanie I,278,False,Lot strefa klucz robić Polak. Cecha ozdoba międzynarodowy fałszywy lód uciekać.,w konserwacji
1939,9781024774184,38873,Czwartek ząb stać się królewski zegar,Cyprian Rudyk,1,9,2013,Wydanie I,118,True,Marzec zachowanie pełny w końcu. Nad czy ubogi zielony Niemcy biblioteka.,wypożyczony
1940,9781017268270,68453,Odwaga dziać się taki,pan Borys Kobak,1,2,1954,Wydanie I,171,True,Płyn Chiny staw nagle. Egipt strumień azjatycki różny wolny stać. Kapelusz umysł budynek wojna.,wypożyczony
1941,9780280858225,22300,Natychmiast zbyt trawa atak,Antoni Warzybok,5,4,1951,Wydanie I,164,False,Żydowski anioł powstawać sędzia pragnąć. Dzień los wspaniały chcieć.,wypożyczony
1942,9780280858225,94135,Natychmiast zbyt trawa atak,Antoni Warzybok,5,5,1951,Wydanie I,164,False,Żydowski anioł powstawać sędzia pragnąć. Dzień los wspaniały chcieć.,dostępny
1943,9780380954667,77691,Użytkownik jeśli św. sprzęt,Krystian Piaścik,4,4,1981,Wydanie I,552,False,Jedenaście otwierać zwykły prawdziwy prędkość malować kolorowy. Tłumaczyć grać transport jednak.,w konserwacji
1944,9780814943571,22528,Stado lud krew,Łukasz Radzewicz,4,5,1982,Wydanie I,347,False,Pierwiastek koszt wystawa lewy niezwykły wyspa. W Ciągu pieniądz krok wychodzić literatura wydać.,dostępny
1945,9780582900776,48635,Dźwięk istnienie,Ewelina Fras,10,9,2018,Wydanie I,336,True,Większość wystawa osiemdziesiąt wnętrze. Myśl dodać przykład Francja z.,w konserwacji
1946,9780501265870,17932,Pająk istnieć robota trzeba poziom,Paweł Stanclik,7,4,1963,Wydanie I,572,True,Błąd zaś pewien rasa właściwość. Cel lewy księżyc figura produkcja.,dostępny
1947,9780393892420,20896,Przyrząd zapalenie,pan Konrad Wojtak,1,8,1973,Wydanie I,547,False,Skłonność szkło rozwój nieść skała jednocześnie. Lato słyszeć podczas morski wóz spadać atak.,dostępny
1948,9780743425230,47068,Unia Europejska grupa narkotyk,pani Marika Kluczek,8,9,2017,Wydanie I,166,False,Stacja surowy dodać stacja pięć. Istnienie kłopot zajęcie mądry relacja okręt zając.,w konserwacji
1949,9781024774184,70371,Czwartek ząb stać się królewski zegar,Cyprian Rudyk,1,6,2013,Wydanie I,118,False,Marzec zachowanie pełny w końcu. Nad czy ubogi zielony Niemcy biblioteka.,dostępny
1950,9781072287513,18460,Fabryka skończyć operacja dorosły,pani Anna Maria Fiołek,6,10,2020,Wydanie I,241,True,Kamień fala długo Czechy czysty.,dostępny
1951,9780668657846,80342,Księga powstawać późno moralny dziecięcy,pani Julita Rajchel,10,8,1957,Wydanie I,511,True,Srebro mieszkanie prawny procent dobro chwila. Polityczny popularny dół istnienie dolina.,wypożyczony
1952,9780134362441,62380,Królowa kuchnia pod głowa,Adam Zbrożek,4,8,2000,Wydanie I,506,False,W Ciągu skutek łatwo czekolada zakończyć. Turecki nikt kurs ona miejscowość nadawać.,w konserwacji
1953,9780348977738,90367,Do dorosły,pani Ada Flisiak,7,2,1956,Wydanie I,782,True,Wakacje 100 siedemdziesiąt firma wtorek budowa. Reguła archipelag Szwecja ucho szkodliwy.,wypożyczony
1954,9781426248160,47528,Wiersz poniedziałek skała,pan Tobiasz Michnik,6,8,1953,Wydanie I,314,True,Świadczyć technika lista zmiana temat stworzyć. Swój posiłek drewniany dawny większość powstanie.,dostępny
1955,9780798423175,23899,Pić czerwony,Borys Getka,9,4,1958,Wydanie I,650,True,Słoneczny zachodni nocny. Pasek los także delikatny przychodzić.,dostępny
1956,9780414399907,36721,Owca przepis leżeć Egipt,Piotr Przekwas,6,7,2008,Wydanie I,212,False,Własny oficjalny dobrze. Wysoki użycie słodki akcja. Nigdy zima bóg uwaga stanowić.,w konserwacji
1957,9780668657846,9690,Księga powstawać późno moralny dziecięcy,pani Julita Rajchel,10,4,1957,Wydanie I,511,False,Srebro mieszkanie prawny procent dobro chwila. Polityczny popularny dół istnienie dolina.,w konserwacji
1958,9780362591026,15611,Trzeba oko,Janina Kołak,8,1,1976,Wydanie I,669,True,Krok świeży bar stary dół kolega. Dziura studia pas majuskuła.,dostępny
1959,9780668657846,75470,Księga powstawać późno moralny dziecięcy,pani Julita Rajchel,10,5,1957,Wydanie I,511,False,Srebro mieszkanie prawny procent dobro chwila. Polityczny popularny dół istnienie dolina.,wypożyczony
1960,9781024774184,72106,Czwartek ząb stać się królewski zegar,Cyprian Rudyk,1,7,2013,Wydanie I,118,True,Marzec zachowanie pełny w końcu. Nad czy ubogi zielony Niemcy biblioteka.,wypożyczony
1961,9780582900776,88288,Dźwięk istnienie,Ewelina Fras,10,7,2018,Wydanie I,336,True,Większość wystawa osiemdziesiąt wnętrze. Myśl dodać przykład Francja z.,wypożyczony
1962,9781072287513,80116,Fabryka skończyć operacja dorosły,pani Anna Maria Fiołek,6,8,2020,Wydanie I,241,False,Kamień fala długo Czechy czysty.,wypożyczony
1963,9780582900776,5349,Dźwięk istnienie,Ewelina Fras,10,6,2018,Wydanie I,336,True,Większość wystawa osiemdziesiąt wnętrze. Myśl dodać przykład Francja z.,wypożyczony
1964,9781017268270,50186,Odwaga dziać się taki,pan Borys Kobak,1,9,1954,Wydanie I,171,True,Płyn Chiny staw nagle. Egipt strumień azjatycki różny wolny stać. Kapelusz umysł budynek wojna.,wypożyczony
1965,9781718044685,19896,Pisarz prezydent dowód,Marianna Poleszak,2,3,1968,Wydanie I,561,True,Porządek srebro używać wycieczka zawód zniszczyć go.,dostępny
1966,9781545385265,20435,Cecha zakończenie pomarańczowy wreszcie ten,pan Marek Hermanowicz,3,3,1981,Wydanie I,155,True,Aż żart powstawać długość ona w typ. Piosenka Niemiec Holandia.,dostępny
1967,9781256020141,89267,Północny sytuacja umysł zawierać,Apolonia Lorenz,8,9,1993,Wydanie I,445,False,Danie pomarańczowy aktor but.,dostępny
1968,9781786430304,28991,- otwierać możliwy bawić się,Urszula Lejk,4,3,1971,Wydanie I,729,False,Wskazywać natychmiast spodnie stawać się za tradycyjny.,dostępny
1969,9780743425230,35141,Unia Europejska grupa narkotyk,pani Marika Kluczek,8,8,2017,Wydanie I,166,True,Stacja surowy dodać stacja pięć. Istnienie kłopot zajęcie mądry relacja okręt zając.,wypożyczony
1970,9780668657846,44235,Księga powstawać późno moralny dziecięcy,pani Julita Rajchel,10,2,1957,Wydanie I,511,True,Srebro mieszkanie prawny procent dobro chwila. Polityczny popularny dół istnienie dolina.,dostępny
1971,9780668657846,92928,Księga powstawać późno moralny dziecięcy,pani Julita Rajchel,10,5,1957,Wydanie I,511,True,Srebro mieszkanie prawny procent dobro chwila. Polityczny popularny dół istnienie dolina.,dostępny
1972,9780582900776,22900,Dźwięk istnienie,Ewelina Fras,10,6,2018,Wydanie I,336,False,Większość wystawa osiemdziesiąt wnętrze. Myśl dodać przykład Francja z.,wypożyczony
1973,9781426248160,25351,Wiersz poniedziałek skała,pan Tobiasz Michnik,6,8,1953,Wydanie I,314,True,Świadczyć technika lista zmiana temat stworzyć. Swój posiłek drewniany dawny większość powstanie.,wypożyczony
1974,9781134555819,26205,Oraz kilka,pan Wojciech Lenda,4,2,1981,Wydanie I,268,True,Metal lampa substancja mąż. Wiedzieć walczyć strefa pacjent nie ma piękny.,w konserwacji
1975,9781759252018,70154,Węgiel kilometr czyn a własny,Jerzy Pabisiak,5,2,1997,Wydanie I,471,False,"Piasek kolor późny chleb.
Lud jeszcze góra tylko.",dostępny
1976,9781385509982,18185,Anglia silnik tylko swój około,Anastazja Larysz,2,1,1984,Wydanie I,739,True,Chwila pamięć szybko gdzie postać sąd. Państwowy Piotr postawa hałas plemię artystyczny.,w konserwacji
1977,9780888596710,22850,Dokładnie te dorosły zgadzać się most,pan Igor Doruch,4,6,1950,Wydanie I,165,False,Park rynek zgodny francuski. Dziób trwać idea obowiązywać zbiór papier jakość.,w konserwacji
1978,9780380954667,52600,Użytkownik jeśli św. sprzęt,Krystian Piaścik,4,3,1981,Wydanie I,552,True,Jedenaście otwierać zwykły prawdziwy prędkość malować kolorowy. Tłumaczyć grać transport jednak.,dostępny
1979,9780625136742,44228,Trochę miód umieszczać siostra,pani Agnieszka Kazubek,3,1,1968,Wydanie I,755,True,Dno japoński sprzedaż ziarno naukowy tłumaczyć. Słyszeć łatwo język zbudować późny późno.,wypożyczony
1980,9781718044685,31038,Pisarz prezydent dowód,Marianna Poleszak,2,1,1968,Wydanie I,561,True,Porządek srebro używać wycieczka zawód zniszczyć go.,w konserwacji
1981,9781616142964,83370,Okazja chmura święto ziemia,pani Justyna Nowotny,10,4,1979,Wydanie I,784,True,Dowód otrzymać brzuch chodzić godzina port. Bułgarski 4 za pomocą pić właściwy szósty wy.,dostępny
1982,9780743425230,19889,Unia Europejska grupa narkotyk,pani Marika Kluczek,8,5,2017,Wydanie I,166,True,Stacja surowy dodać stacja pięć. Istnienie kłopot zajęcie mądry relacja okręt zając.,wypożyczony
1983,9780094652866,53313,Używać specjalny międzynarodowy móc,Krystian Serwach,7,5,1967,Wydanie I,696,True,Współczesny biskup opinia futro. Ogromny zimno wiosna wino. Słońce specjalny państwo jednostka.,wypożyczony
1984,9781017268270,86823,Odwaga dziać się taki,pan Borys Kobak,1,3,1954,Wydanie I,171,True,Płyn Chiny staw nagle. Egipt strumień azjatycki różny wolny stać. Kapelusz umysł budynek wojna.,wypożyczony
1985,9781865407234,10278,Włosy kwiecień most zespół budować,Albert Zarzeczna,5,3,1962,Wydanie I,347,True,Starożytny dobro rzeka plecy otwór patrzeć strój.,w konserwacji
1986,9780888596710,74555,Dokładnie te dorosły zgadzać się most,pan Igor Doruch,4,1,1950,Wydanie I,165,True,Park rynek zgodny francuski. Dziób trwać idea obowiązywać zbiór papier jakość.,w konserwacji
1987,9780668657846,87358,Księga powstawać późno moralny dziecięcy,pani Julita Rajchel,10,5,1957,Wydanie I,511,False,Srebro mieszkanie prawny procent dobro chwila. Polityczny popularny dół istnienie dolina.,wypożyczony
1988,9780523118734,5075,Skutek imię oraz elektryczny,pan Oliwier Stefankiewicz,7,3,2012,Wydanie I,139,True,Marzec wpaść pod. Obchodzić włożyć reguła kula miasto handlowy katastrofa wesoły.,wypożyczony
1989,9780027914276,71211,Powodować polityczny strona,Jędrzej Pielach,3,6,2013,Wydanie I,590,True,Gaz w końcu drzwi słońce las. Plac pewien leczenie.,w konserwacji
1990,9780005513132,69667,60 ogród gwiazda,Julianna Żmija,2,3,1980,Wydanie I,626,True,Dodatkowy pływać czwartek studiować swój.,wypożyczony
1991,9781385509982,34685,Anglia silnik tylko swój około,Anastazja Larysz,2,1,1984,Wydanie I,739,True,Chwila pamięć szybko gdzie postać sąd. Państwowy Piotr postawa hałas plemię artystyczny.,wypożyczony
1992,9780582900776,67341,Dźwięk istnienie,Ewelina Fras,10,3,2018,Wydanie I,336,True,Większość wystawa osiemdziesiąt wnętrze. Myśl dodać przykład Francja z.,w konserwacji
1993,9781024774184,59443,Czwartek ząb stać się królewski zegar,Cyprian Rudyk,1,2,2013,Wydanie I,118,True,Marzec zachowanie pełny w końcu. Nad czy ubogi zielony Niemcy biblioteka.,w konserwacji
1994,9781759252018,8989,Węgiel kilometr czyn a własny,Jerzy Pabisiak,5,9,1997,Wydanie I,471,False,"Piasek kolor późny chleb.
Lud jeszcze góra tylko.",w konserwacji
1995,9780501265870,4993,Pająk istnieć robota trzeba poziom,Paweł Stanclik,7,4,1963,Wydanie I,572,False,Błąd zaś pewien rasa właściwość. Cel lewy księżyc figura produkcja.,wypożyczony
1996,9781296362881,76332,Góra szacunek rzeczownik kosz pomieszczenie,Urszula Wyroślak,2,10,1970,Wydanie I,197,False,Ryzyko wschód ćwiczenie radiowy tor. Chrystus cukier banknot stworzyć góra.,w konserwacji
1997,9780280858225,23916,Natychmiast zbyt trawa atak,Antoni Warzybok,5,7,1951,Wydanie I,164,True,Żydowski anioł powstawać sędzia pragnąć. Dzień los wspaniały chcieć.,dostępny
1998,9780027914276,60927,Powodować polityczny strona,Jędrzej Pielach,3,7,2013,Wydanie I,590,True,Gaz w końcu drzwi słońce las. Plac pewien leczenie.,w konserwacji
1999,9780428279417,76005,Wśród wy 80,Igor Ciaś,6,6,2000,Wydanie I,796,True,Pani sygnał pani ramię. Świecić dodać mama broń pojęcie zwykły.,wypożyczony
2000,9781536822250,85615,Kula sztuczny włożyć Ameryka,Aleks Staśko,5,3,1960,Wydanie I,786,True,Gospodarka wywołać tam wszystek 7 wygrać słodki zysk. Ucho siedziba zmęczony właściwy obok.,w konserwacji
2001,9780768677201,20678,40 dzięki w formie zostać,Malwina Materek,9,9,1967,Wydanie I,355,False,Dyrektor w kształcie Ameryka władza.,w konserwacji
2002,9781426248160,22499,Wiersz poniedziałek skała,pan Tobiasz Michnik,6,7,1953,Wydanie I,314,False,Świadczyć technika lista zmiana temat stworzyć. Swój posiłek drewniany dawny większość powstanie.,dostępny
2003,9780798423175,78134,Pić czerwony,Borys Getka,9,5,1958,Wydanie I,650,False,Słoneczny zachodni nocny. Pasek los także delikatny przychodzić.,wypożyczony
2004,9780888596710,2496,Dokładnie te dorosły zgadzać się most,pan Igor Doruch,4,7,1950,Wydanie I,165,True,Park rynek zgodny francuski. Dziób trwać idea obowiązywać zbiór papier jakość.,dostępny
2005,9781024774184,14701,Czwartek ząb stać się królewski zegar,Cyprian Rudyk,1,5,2013,Wydanie I,118,False,Marzec zachowanie pełny w końcu. Nad czy ubogi zielony Niemcy biblioteka.,wypożyczony
2006,9781545385265,30697,Cecha zakończenie pomarańczowy wreszcie ten,pan Marek Hermanowicz,3,6,1981,Wydanie I,155,False,Aż żart powstawać długość ona w typ. Piosenka Niemiec Holandia.,w konserwacji
2007,9781167966286,53078,Prawdziwy postępowanie okno,Anastazja Soczewka,8,5,1977,Wydanie I,314,False,Koncert bardzo potrafić suma morze. Dialekt podnosić pani rzeczownik model wieża tamten wóz.,w konserwacji
2008,9781017268270,90455,Odwaga dziać się taki,pan Borys Kobak,1,7,1954,Wydanie I,171,True,Płyn Chiny staw nagle. Egipt strumień azjatycki różny wolny stać. Kapelusz umysł budynek wojna.,w konserwacji
2009,9781072287513,32334,Fabryka skończyć operacja dorosły,pani Anna Maria Fiołek,6,1,2020,Wydanie I,241,True,Kamień fala długo Czechy czysty.,wypożyczony
2010,9780735005464,30830,Pogoda żyć przebywać ciemność pociąg,pani Klara Dziewit,4,6,1997,Wydanie I,442,True,Taki głośny wąski filmowy jeździć. Żywy osioł strefa wróg.,dostępny
2011,9780134362441,36255,Królowa kuchnia pod głowa,Adam Zbrożek,4,5,2000,Wydanie I,506,False,W Ciągu skutek łatwo czekolada zakończyć. Turecki nikt kurs ona miejscowość nadawać.,wypożyczony
2012,9781865407234,26912,Włosy kwiecień most zespół budować,Albert Zarzeczna,5,5,1962,Wydanie I,347,False,Starożytny dobro rzeka plecy otwór patrzeć strój.,wypożyczony
2013,9781698428123,2240,Ulegać dyrektor koza gwałtowny,Kaja Kałwa,3,10,1992,Wydanie I,762,False,Miejscowość utwór mężczyzna wszelki chociaż narząd lód. Fakt zniszczyć hałas no mowa aktywny ślad.,wypożyczony
2014,9780625136742,63806,Trochę miód umieszczać siostra,pani Agnieszka Kazubek,3,8,1968,Wydanie I,755,False,Dno japoński sprzedaż ziarno naukowy tłumaczyć. Słyszeć łatwo język zbudować późny późno.,w konserwacji
2015,9780393892420,46757,Przyrząd zapalenie,pan Konrad Wojtak,1,1,1973,Wydanie I,547,False,Skłonność szkło rozwój nieść skała jednocześnie. Lato słyszeć podczas morski wóz spadać atak.,dostępny
2016,9781072287513,56913,Fabryka skończyć operacja dorosły,pani Anna Maria Fiołek,6,1,2020,Wydanie I,241,False,Kamień fala długo Czechy czysty.,wypożyczony
2017,9781874227250,56112,Warstwa wina zwykły,Cyprian Kott,2,8,1994,Wydanie I,776,False,Płeć obowiązywać powinien zdolność. Rachunek siostra radio można wysyłać krzew rasa złożony.,w konserwacji
2018,9780362591026,51236,Trzeba oko,Janina Kołak,8,3,1976,Wydanie I,669,True,Krok świeży bar stary dół kolega. Dziura studia pas majuskuła.,wypożyczony
2019,9781024774184,1060,Czwartek ząb stać się królewski zegar,Cyprian Rudyk,1,5,2013,Wydanie I,118,True,Marzec zachowanie pełny w końcu. Nad czy ubogi zielony Niemcy biblioteka.,wypożyczony
2020,9781256020141,52207,Północny sytuacja umysł zawierać,Apolonia Lorenz,8,9,1993,Wydanie I,445,False,Danie pomarańczowy aktor but.,wypożyczony
2021,9781435262805,65598,Sześćdziesiąt więcej piętro ani po,Marianna Berus,5,10,1998,Wydanie I,285,False,Budowla przypadek alkohol strefa ciemny flaga słoneczny. Trzymać wiek autor król nic 3 chemiczny.,wypożyczony
2022,9781017268270,72996,Odwaga dziać się taki,pan Borys Kobak,1,3,1954,Wydanie I,171,False,Płyn Chiny staw nagle. Egipt strumień azjatycki różny wolny stać. Kapelusz umysł budynek wojna.,wypożyczony
2023,9780690936506,52757,Pomysł 40 temat znany,Julita Drobot,9,1,2016,Wydanie I,505,True,Zwycięstwo biec uznawać powodować. Czapka doskonały jakby.,wypożyczony
2024,9781616142964,13553,Okazja chmura święto ziemia,pani Justyna Nowotny,10,4,1979,Wydanie I,784,False,Dowód otrzymać brzuch chodzić godzina port. Bułgarski 4 za pomocą pić właściwy szósty wy.,wypożyczony
2025,9781138492578,81179,Teoria obywatelka dzisiaj ziarno,Maciej Pyrkosz,9,10,1998,Wydanie I,487,True,Woda ostry wytwarzać katastrofa spór znaczny oficjalny.,w konserwacji
2026,9780393892420,90209,Przyrząd zapalenie,pan Konrad Wojtak,1,8,1973,Wydanie I,547,False,Skłonność szkło rozwój nieść skała jednocześnie. Lato słyszeć podczas morski wóz spadać atak.,w konserwacji
2027,9780625136742,83023,Trochę miód umieszczać siostra,pani Agnieszka Kazubek,3,9,1968,Wydanie I,755,False,Dno japoński sprzedaż ziarno naukowy tłumaczyć. Słyszeć łatwo język zbudować późny późno.,wypożyczony
2028,9781786430304,13231,- otwierać możliwy bawić się,Urszula Lejk,4,4,1971,Wydanie I,729,True,Wskazywać natychmiast spodnie stawać się za tradycyjny.,w konserwacji
2029,9780414399907,23763,Owca przepis leżeć Egipt,Piotr Przekwas,6,6,2008,Wydanie I,212,True,Własny oficjalny dobrze. Wysoki użycie słodki akcja. Nigdy zima bóg uwaga stanowić.,w konserwacji
2030,9781616142964,42073,Okazja chmura święto ziemia,pani Justyna Nowotny,10,4,1979,Wydanie I,784,True,Dowód otrzymać brzuch chodzić godzina port. Bułgarski 4 za pomocą pić właściwy szósty wy.,dostępny
2031,9781072287513,56066,Fabryka skończyć operacja dorosły,pani Anna Maria Fiołek,6,1,2020,Wydanie I,241,False,Kamień fala długo Czechy czysty.,dostępny
2032,9781435262805,72500,Sześćdziesiąt więcej piętro ani po,Marianna Berus,5,9,1998,Wydanie I,285,False,Budowla przypadek alkohol strefa ciemny flaga słoneczny. Trzymać wiek autor król nic 3 chemiczny.,dostępny
2033,9780348977738,86831,Do dorosły,pani Ada Flisiak,7,10,1956,Wydanie I,782,False,Wakacje 100 siedemdziesiąt firma wtorek budowa. Reguła archipelag Szwecja ucho szkodliwy.,wypożyczony
2034,9781426248160,1253,Wiersz poniedziałek skała,pan Tobiasz Michnik,6,8,1953,Wydanie I,314,False,Świadczyć technika lista zmiana temat stworzyć. Swój posiłek drewniany dawny większość powstanie.,w konserwacji
2035,9781385509982,3107,Anglia silnik tylko swój około,Anastazja Larysz,2,6,1984,Wydanie I,739,True,Chwila pamięć szybko gdzie postać sąd. Państwowy Piotr postawa hałas plemię artystyczny.,w konserwacji
2036,9781536822250,27561,Kula sztuczny włożyć Ameryka,Aleks Staśko,5,9,1960,Wydanie I,786,False,Gospodarka wywołać tam wszystek 7 wygrać słodki zysk. Ucho siedziba zmęczony właściwy obok.,wypożyczony
2037,9780814943571,64999,Stado lud krew,Łukasz Radzewicz,4,1,1982,Wydanie I,347,False,Pierwiastek koszt wystawa lewy niezwykły wyspa. W Ciągu pieniądz krok wychodzić literatura wydać.,dostępny
2038,9780582900776,79742,Dźwięk istnienie,Ewelina Fras,10,4,2018,Wydanie I,336,True,Większość wystawa osiemdziesiąt wnętrze. Myśl dodać przykład Francja z.,wypożyczony
2039,9780428279417,68908,Wśród wy 80,Igor Ciaś,6,7,2000,Wydanie I,796,False,Pani sygnał pani ramię. Świecić dodać mama broń pojęcie zwykły.,wypożyczony
2040,9780798423175,2064,Pić czerwony,Borys Getka,9,4,1958,Wydanie I,650,False,Słoneczny zachodni nocny. Pasek los także delikatny przychodzić.,w konserwacji
2041,9781296362881,56220,Góra szacunek rzeczownik kosz pomieszczenie,Urszula Wyroślak,2,4,1970,Wydanie I,197,True,Ryzyko wschód ćwiczenie radiowy tor. Chrystus cukier banknot stworzyć góra.,dostępny
2042,9780134362441,56583,Królowa kuchnia pod głowa,Adam Zbrożek,4,6,2000,Wydanie I,506,True,W Ciągu skutek łatwo czekolada zakończyć. Turecki nikt kurs ona miejscowość nadawać.,dostępny
2043,9780735005464,17549,Pogoda żyć przebywać ciemność pociąg,pani Klara Dziewit,4,5,1997,Wydanie I,442,True,Taki głośny wąski filmowy jeździć. Żywy osioł strefa wróg.,dostępny
2044,9781874227250,61069,Warstwa wina zwykły,Cyprian Kott,2,6,1994,Wydanie I,776,False,Płeć obowiązywać powinien zdolność. Rachunek siostra radio można wysyłać krzew rasa złożony.,dostępny
2045,9781024774184,5849,Czwartek ząb stać się królewski zegar,Cyprian Rudyk,1,9,2013,Wydanie I,118,False,Marzec zachowanie pełny w końcu. Nad czy ubogi zielony Niemcy biblioteka.,wypożyczony
2046,9781616142964,76042,Okazja chmura święto ziemia,pani Justyna Nowotny,10,2,1979,Wydanie I,784,True,Dowód otrzymać brzuch chodzić godzina port. Bułgarski 4 za pomocą pić właściwy szósty wy.,w konserwacji
2047,9781256020141,49652,Północny sytuacja umysł zawierać,Apolonia Lorenz,8,7,1993,Wydanie I,445,False,Danie pomarańczowy aktor but.,dostępny
2048,9781536822250,10610,Kula sztuczny włożyć Ameryka,Aleks Staśko,5,10,1960,Wydanie I,786,False,Gospodarka wywołać tam wszystek 7 wygrać słodki zysk. Ucho siedziba zmęczony właściwy obok.,wypożyczony
2049,9781536822250,31760,Kula sztuczny włożyć Ameryka,Aleks Staśko,5,10,1960,Wydanie I,786,False,Gospodarka wywołać tam wszystek 7 wygrać słodki zysk. Ucho siedziba zmęczony właściwy obok.,dostępny
2050,9780393892420,84061,Przyrząd zapalenie,pan Konrad Wojtak,1,9,1973,Wydanie I,547,True,Skłonność szkło rozwój nieść skała jednocześnie. Lato słyszeć podczas morski wóz spadać atak.,dostępny
2051,9780582900776,41851,Dźwięk istnienie,Ewelina Fras,10,4,2018,Wydanie I,336,True,Większość wystawa osiemdziesiąt wnętrze. Myśl dodać przykład Francja z.,dostępny
2052,9781432155315,54572,Zajmować Się następować zwykle biec,Mariusz Bartoszczyk,9,9,1977,Wydanie I,588,True,Wystawa prezent odzież wstyd. Być masa łatwy barwa środa usta kochać.,w konserwacji
2053,9781773311876,79481,Córka dźwięk jeść,pani Sonia Kościesza,4,6,1950,Wydanie I,797,True,Móc wspomnienie gdzieś uciec grzech. Metal rezultat wewnątrz liść rynek zmieniać brzuch.,wypożyczony
2054,9781385509982,66636,Anglia silnik tylko swój około,Anastazja Larysz,2,1,1984,Wydanie I,739,False,Chwila pamięć szybko gdzie postać sąd. Państwowy Piotr postawa hałas plemię artystyczny.,dostępny
2055,9781773311876,88777,Córka dźwięk jeść,pani Sonia Kościesza,4,9,1950,Wydanie I,797,True,Móc wspomnienie gdzieś uciec grzech. Metal rezultat wewnątrz liść rynek zmieniać brzuch.,w konserwacji
2056,9780466343330,71999,Marka bić dolina pożar oglądać,Klara Ciarka,9,10,2024,Wydanie I,697,False,Transport wysyłać zmienić plecy chcieć wielkość. Tylko cienki powiat widzieć Austria.,dostępny
2057,9780134362441,32675,Królowa kuchnia pod głowa,Adam Zbrożek,4,9,2000,Wydanie I,506,False,W Ciągu skutek łatwo czekolada zakończyć. Turecki nikt kurs ona miejscowość nadawać.,w konserwacji
2058,9781134555819,70533,Oraz kilka,pan Wojciech Lenda,4,6,1981,Wydanie I,268,False,Metal lampa substancja mąż. Wiedzieć walczyć strefa pacjent nie ma piękny.,dostępny
2059,9780348977738,58504,Do dorosły,pani Ada Flisiak,7,10,1956,Wydanie I,782,False,Wakacje 100 siedemdziesiąt firma wtorek budowa. Reguła archipelag Szwecja ucho szkodliwy.,w konserwacji
2060,9780523118734,20339,Skutek imię oraz elektryczny,pan Oliwier Stefankiewicz,7,9,2012,Wydanie I,139,True,Marzec wpaść pod. Obchodzić włożyć reguła kula miasto handlowy katastrofa wesoły.,wypożyczony
2061,9781345231809,88545,Chłop moneta dziesięć granica ochrona,Andrzej Stein,10,3,2004,Wydanie I,278,True,Lot strefa klucz robić Polak. Cecha ozdoba międzynarodowy fałszywy lód uciekać.,w konserwacji
2062,9780094652866,69889,Używać specjalny międzynarodowy móc,Krystian Serwach,7,4,1967,Wydanie I,696,True,Współczesny biskup opinia futro. Ogromny zimno wiosna wino. Słońce specjalny państwo jednostka.,wypożyczony
2063,9781865407234,30521,Włosy kwiecień most zespół budować,Albert Zarzeczna,5,2,1962,Wydanie I,347,True,Starożytny dobro rzeka plecy otwór patrzeć strój.,wypożyczony
2064,9780393892420,11207,Przyrząd zapalenie,pan Konrad Wojtak,1,7,1973,Wydanie I,547,False,Skłonność szkło rozwój nieść skała jednocześnie. Lato słyszeć podczas morski wóz spadać atak.,dostępny
2065,9780348977738,69460,Do dorosły,pani Ada Flisiak,7,10,1956,Wydanie I,782,False,Wakacje 100 siedemdziesiąt firma wtorek budowa. Reguła archipelag Szwecja ucho szkodliwy.,wypożyczony
2066,9780348977738,86670,Do dorosły,pani Ada Flisiak,7,1,1956,Wydanie I,782,True,Wakacje 100 siedemdziesiąt firma wtorek budowa. Reguła archipelag Szwecja ucho szkodliwy.,w konserwacji
2067,9781865407234,55957,Włosy kwiecień most zespół budować,Albert Zarzeczna,5,2,1962,Wydanie I,347,False,Starożytny dobro rzeka plecy otwór patrzeć strój.,wypożyczony
2068,9780798423175,39795,Pić czerwony,Borys Getka,9,1,1958,Wydanie I,650,True,Słoneczny zachodni nocny. Pasek los także delikatny przychodzić.,wypożyczony
2069,9781024774184,81550,Czwartek ząb stać się królewski zegar,Cyprian Rudyk,1,6,2013,Wydanie I,118,True,Marzec zachowanie pełny w końcu. Nad czy ubogi zielony Niemcy biblioteka.,w konserwacji
2070,9780888596710,61979,Dokładnie te dorosły zgadzać się most,pan Igor Doruch,4,1,1950,Wydanie I,165,True,Park rynek zgodny francuski. Dziób trwać idea obowiązywać zbiór papier jakość.,dostępny
2071,9781865407234,79865,Włosy kwiecień most zespół budować,Albert Zarzeczna,5,1,1962,Wydanie I,347,False,Starożytny dobro rzeka plecy otwór patrzeć strój.,w konserwacji
2072,9780466343330,39619,Marka bić dolina pożar oglądać,Klara Ciarka,9,1,2024,Wydanie I,697,True,Transport wysyłać zmienić plecy chcieć wielkość. Tylko cienki powiat widzieć Austria.,dostępny
2073,9780523118734,47467,Skutek imię oraz elektryczny,pan Oliwier Stefankiewicz,7,4,2012,Wydanie I,139,True,Marzec wpaść pod. Obchodzić włożyć reguła kula miasto handlowy katastrofa wesoły.,dostępny
2074,9781385509982,58928,Anglia silnik tylko swój około,Anastazja Larysz,2,7,1984,Wydanie I,739,True,Chwila pamięć szybko gdzie postać sąd. Państwowy Piotr postawa hałas plemię artystyczny.,wypożyczony
2075,9780134362441,53266,Królowa kuchnia pod głowa,Adam Zbrożek,4,7,2000,Wydanie I,506,False,W Ciągu skutek łatwo czekolada zakończyć. Turecki nikt kurs ona miejscowość nadawać.,wypożyczony
2076,9781024774184,13257,Czwartek ząb stać się królewski zegar,Cyprian Rudyk,1,6,2013,Wydanie I,118,False,Marzec zachowanie pełny w końcu. Nad czy ubogi zielony Niemcy biblioteka.,wypożyczony
2077,9780690936506,90008,Pomysł 40 temat znany,Julita Drobot,9,1,2016,Wydanie I,505,False,Zwycięstwo biec uznawać powodować. Czapka doskonały jakby.,dostępny
2078,9781786430304,16719,- otwierać możliwy bawić się,Urszula Lejk,4,1,1971,Wydanie I,729,False,Wskazywać natychmiast spodnie stawać się za tradycyjny.,w konserwacji
2079,9781072287513,82461,Fabryka skończyć operacja dorosły,pani Anna Maria Fiołek,6,7,2020,Wydanie I,241,True,Kamień fala długo Czechy czysty.,wypożyczony
2080,9781718044685,29706,Pisarz prezydent dowód,Marianna Poleszak,2,6,1968,Wydanie I,561,True,Porządek srebro używać wycieczka zawód zniszczyć go.,w konserwacji
2081,9781167966286,68438,Prawdziwy postępowanie okno,Anastazja Soczewka,8,6,1977,Wydanie I,314,True,Koncert bardzo potrafić suma morze. Dialekt podnosić pani rzeczownik model wieża tamten wóz.,wypożyczony
2082,9780668657846,9846,Księga powstawać późno moralny dziecięcy,pani Julita Rajchel,10,4,1957,Wydanie I,511,False,Srebro mieszkanie prawny procent dobro chwila. Polityczny popularny dół istnienie dolina.,dostępny
2083,9780027914276,97550,Powodować polityczny strona,Jędrzej Pielach,3,2,2013,Wydanie I,590,True,Gaz w końcu drzwi słońce las. Plac pewien leczenie.,wypożyczony
2084,9780668657846,34818,Księga powstawać późno moralny dziecięcy,pani Julita Rajchel,10,8,1957,Wydanie I,511,False,Srebro mieszkanie prawny procent dobro chwila. Polityczny popularny dół istnienie dolina.,dostępny
2085,9781435262805,60698,Sześćdziesiąt więcej piętro ani po,Marianna Berus,5,6,1998,Wydanie I,285,False,Budowla przypadek alkohol strefa ciemny flaga słoneczny. Trzymać wiek autor król nic 3 chemiczny.,dostępny
2086,9781432155315,60651,Zajmować Się następować zwykle biec,Mariusz Bartoszczyk,9,8,1977,Wydanie I,588,True,Wystawa prezent odzież wstyd. Być masa łatwy barwa środa usta kochać.,wypożyczony
2087,9781256020141,8480,Północny sytuacja umysł zawierać,Apolonia Lorenz,8,7,1993,Wydanie I,445,False,Danie pomarańczowy aktor but.,dostępny
2088,9781786430304,77711,- otwierać możliwy bawić się,Urszula Lejk,4,1,1971,Wydanie I,729,True,Wskazywać natychmiast spodnie stawać się za tradycyjny.,wypożyczony
2089,9781874227250,23795,Warstwa wina zwykły,Cyprian Kott,2,8,1994,Wydanie I,776,False,Płeć obowiązywać powinien zdolność. Rachunek siostra radio można wysyłać krzew rasa złożony.,w konserwacji
2090,9780005513132,40264,60 ogród gwiazda,Julianna Żmija,2,3,1980,Wydanie I,626,True,Dodatkowy pływać czwartek studiować swój.,w konserwacji
2091,9781017268270,65088,Odwaga dziać się taki,pan Borys Kobak,1,5,1954,Wydanie I,171,False,Płyn Chiny staw nagle. Egipt strumień azjatycki różny wolny stać. Kapelusz umysł budynek wojna.,w konserwacji
2092,9780094652866,6201,Używać specjalny międzynarodowy móc,Krystian Serwach,7,7,1967,Wydanie I,696,True,Współczesny biskup opinia futro. Ogromny zimno wiosna wino. Słońce specjalny państwo jednostka.,w konserwacji
2093,9781345231809,71192,Chłop moneta dziesięć granica ochrona,Andrzej Stein,10,7,2004,Wydanie I,278,False,Lot strefa klucz robić Polak. Cecha ozdoba międzynarodowy fałszywy lód uciekać.,w konserwacji
2094,9781138492578,4023,Teoria obywatelka dzisiaj ziarno,Maciej Pyrkosz,9,3,1998,Wydanie I,487,True,Woda ostry wytwarzać katastrofa spór znaczny oficjalny.,wypożyczony
2095,9781296362881,65002,Góra szacunek rzeczownik kosz pomieszczenie,Urszula Wyroślak,2,6,1970,Wydanie I,197,False,Ryzyko wschód ćwiczenie radiowy tor. Chrystus cukier banknot stworzyć góra.,w konserwacji
2096,9780280858225,11064,Natychmiast zbyt trawa atak,Antoni Warzybok,5,7,1951,Wydanie I,164,False,Żydowski anioł powstawać sędzia pragnąć. Dzień los wspaniały chcieć.,wypożyczony
2097,9780625136742,28017,Trochę miód umieszczać siostra,pani Agnieszka Kazubek,3,3,1968,Wydanie I,755,True,Dno japoński sprzedaż ziarno naukowy tłumaczyć. Słyszeć łatwo język zbudować późny późno.,dostępny
2098,9780743425230,59189,Unia Europejska grupa narkotyk,pani Marika Kluczek,8,2,2017,Wydanie I,166,True,Stacja surowy dodać stacja pięć. Istnienie kłopot zajęcie mądry relacja okręt zając.,w konserwacji
2099,9780798423175,68985,Pić czerwony,Borys Getka,9,5,1958,Wydanie I,650,False,Słoneczny zachodni nocny. Pasek los także delikatny przychodzić.,w konserwacji
2100,9780668657846,27467,Księga powstawać późno moralny dziecięcy,pani Julita Rajchel,10,5,1957,Wydanie I,511,False,Srebro mieszkanie prawny procent dobro chwila. Polityczny popularny dół istnienie dolina.,wypożyczony
2101,9780414399907,87302,Owca przepis leżeć Egipt,Piotr Przekwas,6,1,2008,Wydanie I,212,True,Własny oficjalny dobrze. Wysoki użycie słodki akcja. Nigdy zima bóg uwaga stanowić.,w konserwacji
2102,9780888596710,77304,Dokładnie te dorosły zgadzać się most,pan Igor Doruch,4,3,1950,Wydanie I,165,True,Park rynek zgodny francuski. Dziób trwać idea obowiązywać zbiór papier jakość.,dostępny
2103,9780027914276,91201,Powodować polityczny strona,Jędrzej Pielach,3,1,2013,Wydanie I,590,False,Gaz w końcu drzwi słońce las. Plac pewien leczenie.,w konserwacji
2104,9780690936506,45886,Pomysł 40 temat znany,Julita Drobot,9,4,2016,Wydanie I,505,False,Zwycięstwo biec uznawać powodować. Czapka doskonały jakby.,dostępny
2105,9781072287513,52858,Fabryka skończyć operacja dorosły,pani Anna Maria Fiołek,6,10,2020,Wydanie I,241,True,Kamień fala długo Czechy czysty.,dostępny
2106,9781865407234,23365,Włosy kwiecień most zespół budować,Albert Zarzeczna,5,7,1962,Wydanie I,347,False,Starożytny dobro rzeka plecy otwór patrzeć strój.,w konserwacji
2107,9781337968874,23794,Zasada flaga coś ze,Angelika Trzyna,10,6,1980,Wydanie I,217,True,Lista kosztować ogon śpiewać. Ryba dać przyczyna.,wypożyczony
2108,9781536822250,82016,Kula sztuczny włożyć Ameryka,Aleks Staśko,5,9,1960,Wydanie I,786,False,Gospodarka wywołać tam wszystek 7 wygrać słodki zysk. Ucho siedziba zmęczony właściwy obok.,w konserwacji
2109,9781426248160,37002,Wiersz poniedziałek skała,pan Tobiasz Michnik,6,6,1953,Wydanie I,314,True,Świadczyć technika lista zmiana temat stworzyć. Swój posiłek drewniany dawny większość powstanie.,w konserwacji
2110,9781759252018,46162,Węgiel kilometr czyn a własny,Jerzy Pabisiak,5,5,1997,Wydanie I,471,True,"Piasek kolor późny chleb.
Lud jeszcze góra tylko.",dostępny
2111,9781874227250,97397,Warstwa wina zwykły,Cyprian Kott,2,5,1994,Wydanie I,776,True,Płeć obowiązywać powinien zdolność. Rachunek siostra radio można wysyłać krzew rasa złożony.,dostępny
2112,9781435262805,10498,Sześćdziesiąt więcej piętro ani po,Marianna Berus,5,10,1998,Wydanie I,285,False,Budowla przypadek alkohol strefa ciemny flaga słoneczny. Trzymać wiek autor król nic 3 chemiczny.,wypożyczony
2113,9781773311876,7753,Córka dźwięk jeść,pani Sonia Kościesza,4,6,1950,Wydanie I,797,False,Móc wspomnienie gdzieś uciec grzech. Metal rezultat wewnątrz liść rynek zmieniać brzuch.,w konserwacji
2114,9780523118734,1322,Skutek imię oraz elektryczny,pan Oliwier Stefankiewicz,7,4,2012,Wydanie I,139,True,Marzec wpaść pod. Obchodzić włożyć reguła kula miasto handlowy katastrofa wesoły.,dostępny
2115,9780428279417,60893,Wśród wy 80,Igor Ciaś,6,6,2000,Wydanie I,796,False,Pani sygnał pani ramię. Świecić dodać mama broń pojęcie zwykły.,wypożyczony
2116,9781296362881,56659,Góra szacunek rzeczownik kosz pomieszczenie,Urszula Wyroślak,2,5,1970,Wydanie I,197,True,Ryzyko wschód ćwiczenie radiowy tor. Chrystus cukier banknot stworzyć góra.,dostępny
2117,9780814943571,51008,Stado lud krew,Łukasz Radzewicz,4,3,1982,Wydanie I,347,False,Pierwiastek koszt wystawa lewy niezwykły wyspa. W Ciągu pieniądz krok wychodzić literatura wydać.,w konserwacji
2118,9781616142964,7071,Okazja chmura święto ziemia,pani Justyna Nowotny,10,1,1979,Wydanie I,784,True,Dowód otrzymać brzuch chodzić godzina port. Bułgarski 4 za pomocą pić właściwy szósty wy.,w konserwacji
2119,9781718044685,22366,Pisarz prezydent dowód,Marianna Poleszak,2,1,1968,Wydanie I,561,False,Porządek srebro używać wycieczka zawód zniszczyć go.,w konserwacji
2120,9780735005464,84288,Pogoda żyć przebywać ciemność pociąg,pani Klara Dziewit,4,6,1997,Wydanie I,442,False,Taki głośny wąski filmowy jeździć. Żywy osioł strefa wróg.,wypożyczony
2121,9780523118734,81735,Skutek imię oraz elektryczny,pan Oliwier Stefankiewicz,7,2,2012,Wydanie I,139,False,Marzec wpaść pod. Obchodzić włożyć reguła kula miasto handlowy katastrofa wesoły.,dostępny
2122,9780690936506,33572,Pomysł 40 temat znany,Julita Drobot,9,5,2016,Wydanie I,505,True,Zwycięstwo biec uznawać powodować. Czapka doskonały jakby.,w konserwacji
2123,9781072287513,62941,Fabryka skończyć operacja dorosły,pani Anna Maria Fiołek,6,6,2020,Wydanie I,241,False,Kamień fala długo Czechy czysty.,w konserwacji
2124,9780005513132,80152,60 ogród gwiazda,Julianna Żmija,2,3,1980,Wydanie I,626,False,Dodatkowy pływać czwartek studiować swój.,w konserwacji
2125,9780888596710,41538,Dokładnie te dorosły zgadzać się most,pan Igor Doruch,4,10,1950,Wydanie I,165,False,Park rynek zgodny francuski. Dziób trwać idea obowiązywać zbiór papier jakość.,w konserwacji
2126,9780428279417,57181,Wśród wy 80,Igor Ciaś,6,1,2000,Wydanie I,796,True,Pani sygnał pani ramię. Świecić dodać mama broń pojęcie zwykły.,dostępny
2127,9780466343330,98407,Marka bić dolina pożar oglądać,Klara Ciarka,9,5,2024,Wydanie I,697,True,Transport wysyłać zmienić plecy chcieć wielkość. Tylko cienki powiat widzieć Austria.,wypożyczony
2128,9780798423175,20913,Pić czerwony,Borys Getka,9,9,1958,Wydanie I,650,True,Słoneczny zachodni nocny. Pasek los także delikatny przychodzić.,dostępny
2129,9781773311876,64939,Córka dźwięk jeść,pani Sonia Kościesza,4,8,1950,Wydanie I,797,False,Móc wspomnienie gdzieś uciec grzech. Metal rezultat wewnątrz liść rynek zmieniać brzuch.,dostępny
2130,9780414399907,69765,Owca przepis leżeć Egipt,Piotr Przekwas,6,2,2008,Wydanie I,212,False,Własny oficjalny dobrze. Wysoki użycie słodki akcja. Nigdy zima bóg uwaga stanowić.,dostępny
2131,9780094652866,14308,Używać specjalny międzynarodowy móc,Krystian Serwach,7,10,1967,Wydanie I,696,False,Współczesny biskup opinia futro. Ogromny zimno wiosna wino. Słońce specjalny państwo jednostka.,w konserwacji
2132,9780523118734,46054,Skutek imię oraz elektryczny,pan Oliwier Stefankiewicz,7,8,2012,Wydanie I,139,False,Marzec wpaść pod. Obchodzić włożyć reguła kula miasto handlowy katastrofa wesoły.,dostępny
2133,9780888596710,15050,Dokładnie te dorosły zgadzać się most,pan Igor Doruch,4,4,1950,Wydanie I,165,True,Park rynek zgodny francuski. Dziób trwać idea obowiązywać zbiór papier jakość.,w konserwacji
2134,9780501265870,29652,Pająk istnieć robota trzeba poziom,Paweł Stanclik,7,5,1963,Wydanie I,572,False,Błąd zaś pewien rasa właściwość. Cel lewy księżyc figura produkcja.,wypożyczony
2135,9780362591026,67171,Trzeba oko,Janina Kołak,8,1,1976,Wydanie I,669,True,Krok świeży bar stary dół kolega. Dziura studia pas majuskuła.,dostępny
2136,9780668657846,77535,Księga powstawać późno moralny dziecięcy,pani Julita Rajchel,10,6,1957,Wydanie I,511,False,Srebro mieszkanie prawny procent dobro chwila. Polityczny popularny dół istnienie dolina.,dostępny
2137,9781718044685,51100,Pisarz prezydent dowód,Marianna Poleszak,2,1,1968,Wydanie I,561,True,Porządek srebro używać wycieczka zawód zniszczyć go.,w konserwacji
2138,9781773311876,24546,Córka dźwięk jeść,pani Sonia Kościesza,4,3,1950,Wydanie I,797,False,Móc wspomnienie gdzieś uciec grzech. Metal rezultat wewnątrz liść rynek zmieniać brzuch.,wypożyczony
2139,9780348977738,49870,Do dorosły,pani Ada Flisiak,7,9,1956,Wydanie I,782,False,Wakacje 100 siedemdziesiąt firma wtorek budowa. Reguła archipelag Szwecja ucho szkodliwy.,w konserwacji
2140,9780362591026,19297,Trzeba oko,Janina Kołak,8,4,1976,Wydanie I,669,True,Krok świeży bar stary dół kolega. Dziura studia pas majuskuła.,dostępny
2141,9780668657846,58923,Księga powstawać późno moralny dziecięcy,pani Julita Rajchel,10,1,1957,Wydanie I,511,False,Srebro mieszkanie prawny procent dobro chwila. Polityczny popularny dół istnienie dolina.,wypożyczony
2142,9780380954667,34943,Użytkownik jeśli św. sprzęt,Krystian Piaścik,4,3,1981,Wydanie I,552,False,Jedenaście otwierać zwykły prawdziwy prędkość malować kolorowy. Tłumaczyć grać transport jednak.,wypożyczony
2143,9780466343330,84365,Marka bić dolina pożar oglądać,Klara Ciarka,9,8,2024,Wydanie I,697,True,Transport wysyłać zmienić plecy chcieć wielkość. Tylko cienki powiat widzieć Austria.,wypożyczony
2144,9781426248160,41419,Wiersz poniedziałek skała,pan Tobiasz Michnik,6,3,1953,Wydanie I,314,False,Świadczyć technika lista zmiana temat stworzyć. Swój posiłek drewniany dawny większość powstanie.,dostępny
2145,9780005513132,23882,60 ogród gwiazda,Julianna Żmija,2,9,1980,Wydanie I,626,False,Dodatkowy pływać czwartek studiować swój.,wypożyczony
2146,9781426248160,64789,Wiersz poniedziałek skała,pan Tobiasz Michnik,6,3,1953,Wydanie I,314,True,Świadczyć technika lista zmiana temat stworzyć. Swój posiłek drewniany dawny większość powstanie.,dostępny
2147,9780668657846,32278,Księga powstawać późno moralny dziecięcy,pani Julita Rajchel,10,9,1957,Wydanie I,511,True,Srebro mieszkanie prawny procent dobro chwila. Polityczny popularny dół istnienie dolina.,wypożyczony
2148,9781337968874,2536,Zasada flaga coś ze,Angelika Trzyna,10,8,1980,Wydanie I,217,False,Lista kosztować ogon śpiewać. Ryba dać przyczyna.,w konserwacji
2149,9780690936506,78489,Pomysł 40 temat znany,Julita Drobot,9,2,2016,Wydanie I,505,True,Zwycięstwo biec uznawać powodować. Czapka doskonały jakby.,wypożyczony
2150,9780380954667,22072,Użytkownik jeśli św. sprzęt,Krystian Piaścik,4,10,1981,Wydanie I,552,False,Jedenaście otwierać zwykły prawdziwy prędkość malować kolorowy. Tłumaczyć grać transport jednak.,w konserwacji
2151,9780428279417,36704,Wśród wy 80,Igor Ciaś,6,10,2000,Wydanie I,796,False,Pani sygnał pani ramię. Świecić dodać mama broń pojęcie zwykły.,dostępny
2152,9780348977738,35101,Do dorosły,pani Ada Flisiak,7,8,1956,Wydanie I,782,True,Wakacje 100 siedemdziesiąt firma wtorek budowa. Reguła archipelag Szwecja ucho szkodliwy.,dostępny
2153,9780888596710,61762,Dokładnie te dorosły zgadzać się most,pan Igor Doruch,4,4,1950,Wydanie I,165,False,Park rynek zgodny francuski. Dziób trwać idea obowiązywać zbiór papier jakość.,dostępny
2154,9780690936506,39368,Pomysł 40 temat znany,Julita Drobot,9,10,2016,Wydanie I,505,False,Zwycięstwo biec uznawać powodować. Czapka doskonały jakby.,wypożyczony
2155,9781134555819,49462,Oraz kilka,pan Wojciech Lenda,4,8,1981,Wydanie I,268,True,Metal lampa substancja mąż. Wiedzieć walczyć strefa pacjent nie ma piękny.,wypożyczony
2156,9780523118734,21554,Skutek imię oraz elektryczny,pan Oliwier Stefankiewicz,7,4,2012,Wydanie I,139,False,Marzec wpaść pod. Obchodzić włożyć reguła kula miasto handlowy katastrofa wesoły.,dostępny
2157,9780582900776,78548,Dźwięk istnienie,Ewelina Fras,10,4,2018,Wydanie I,336,False,Większość wystawa osiemdziesiąt wnętrze. Myśl dodać przykład Francja z.,dostępny
2158,9781435262805,9961,Sześćdziesiąt więcej piętro ani po,Marianna Berus,5,7,1998,Wydanie I,285,True,Budowla przypadek alkohol strefa ciemny flaga słoneczny. Trzymać wiek autor król nic 3 chemiczny.,dostępny
2159,9780798423175,3907,Pić czerwony,Borys Getka,9,9,1958,Wydanie I,650,False,Słoneczny zachodni nocny. Pasek los także delikatny przychodzić.,wypożyczony
2160,9781345231809,54766,Chłop moneta dziesięć granica ochrona,Andrzej Stein,10,1,2004,Wydanie I,278,False,Lot strefa klucz robić Polak. Cecha ozdoba międzynarodowy fałszywy lód uciekać.,dostępny
2161,9780393892420,17352,Przyrząd zapalenie,pan Konrad Wojtak,1,10,1973,Wydanie I,547,True,Skłonność szkło rozwój nieść skała jednocześnie. Lato słyszeć podczas morski wóz spadać atak.,wypożyczony
2162,9781698428123,28511,Ulegać dyrektor koza gwałtowny,Kaja Kałwa,3,1,1992,Wydanie I,762,True,Miejscowość utwór mężczyzna wszelki chociaż narząd lód. Fakt zniszczyć hałas no mowa aktywny ślad.,dostępny
2163,9780523118734,71990,Skutek imię oraz elektryczny,pan Oliwier Stefankiewicz,7,9,2012,Wydanie I,139,False,Marzec wpaść pod. Obchodzić włożyć reguła kula miasto handlowy katastrofa wesoły.,wypożyczony
2164,9780798423175,51596,Pić czerwony,Borys Getka,9,9,1958,Wydanie I,650,False,Słoneczny zachodni nocny. Pasek los także delikatny przychodzić.,w konserwacji
2165,9781865407234,68970,Włosy kwiecień most zespół budować,Albert Zarzeczna,5,4,1962,Wydanie I,347,False,Starożytny dobro rzeka plecy otwór patrzeć strój.,dostępny
2166,9780888596710,62609,Dokładnie te dorosły zgadzać się most,pan Igor Doruch,4,3,1950,Wydanie I,165,False,Park rynek zgodny francuski. Dziób trwać idea obowiązywać zbiór papier jakość.,wypożyczony
2167,9781024774184,6552,Czwartek ząb stać się królewski zegar,Cyprian Rudyk,1,3,2013,Wydanie I,118,True,Marzec zachowanie pełny w końcu. Nad czy ubogi zielony Niemcy biblioteka.,dostępny
2168,9781345231809,91392,Chłop moneta dziesięć granica ochrona,Andrzej Stein,10,9,2004,Wydanie I,278,True,Lot strefa klucz robić Polak. Cecha ozdoba międzynarodowy fałszywy lód uciekać.,wypożyczony
2169,9781024774184,95912,Czwartek ząb stać się królewski zegar,Cyprian Rudyk,1,4,2013,Wydanie I,118,False,Marzec zachowanie pełny w końcu. Nad czy ubogi zielony Niemcy biblioteka.,wypożyczony
2170,9781786430304,8555,- otwierać możliwy bawić się,Urszula Lejk,4,2,1971,Wydanie I,729,False,Wskazywać natychmiast spodnie stawać się za tradycyjny.,w konserwacji
2171,9781256020141,47994,Północny sytuacja umysł zawierać,Apolonia Lorenz,8,1,1993,Wydanie I,445,False,Danie pomarańczowy aktor but.,w konserwacji
2172,9781865407234,17162,Włosy kwiecień most zespół budować,Albert Zarzeczna,5,10,1962,Wydanie I,347,False,Starożytny dobro rzeka plecy otwór patrzeć strój.,dostępny
2173,9780027914276,14028,Powodować polityczny strona,Jędrzej Pielach,3,8,2013,Wydanie I,590,True,Gaz w końcu drzwi słońce las. Plac pewien leczenie.,wypożyczony
2174,9781134555819,53208,Oraz kilka,pan Wojciech Lenda,4,4,1981,Wydanie I,268,True,Metal lampa substancja mąż. Wiedzieć walczyć strefa pacjent nie ma piękny.,w konserwacji
2175,9780380954667,50785,Użytkownik jeśli św. sprzęt,Krystian Piaścik,4,8,1981,Wydanie I,552,False,Jedenaście otwierać zwykły prawdziwy prędkość malować kolorowy. Tłumaczyć grać transport jednak.,wypożyczony
2176,9780027914276,59946,Powodować polityczny strona,Jędrzej Pielach,3,2,2013,Wydanie I,590,True,Gaz w końcu drzwi słońce las. Plac pewien leczenie.,wypożyczony
2177,9781072287513,44500,Fabryka skończyć operacja dorosły,pani Anna Maria Fiołek,6,6,2020,Wydanie I,241,True,Kamień fala długo Czechy czysty.,wypożyczony
2178,9781865407234,75207,Włosy kwiecień most zespół budować,Albert Zarzeczna,5,10,1962,Wydanie I,347,True,Starożytny dobro rzeka plecy otwór patrzeć strój.,dostępny
2179,9781773311876,65066,Córka dźwięk jeść,pani Sonia Kościesza,4,1,1950,Wydanie I,797,True,Móc wspomnienie gdzieś uciec grzech. Metal rezultat wewnątrz liść rynek zmieniać brzuch.,w konserwacji
2180,9780380954667,41600,Użytkownik jeśli św. sprzęt,Krystian Piaścik,4,2,1981,Wydanie I,552,True,Jedenaście otwierać zwykły prawdziwy prędkość malować kolorowy. Tłumaczyć grać transport jednak.,w konserwacji
2181,9780393892420,56195,Przyrząd zapalenie,pan Konrad Wojtak,1,1,1973,Wydanie I,547,False,Skłonność szkło rozwój nieść skała jednocześnie. Lato słyszeć podczas morski wóz spadać atak.,wypożyczony
2182,9781786430304,24099,- otwierać możliwy bawić się,Urszula Lejk,4,1,1971,Wydanie I,729,False,Wskazywać natychmiast spodnie stawać się za tradycyjny.,wypożyczony
2183,9781718044685,55967,Pisarz prezydent dowód,Marianna Poleszak,2,3,1968,Wydanie I,561,False,Porządek srebro używać wycieczka zawód zniszczyć go.,dostępny
2184,9780798423175,67119,Pić czerwony,Borys Getka,9,6,1958,Wydanie I,650,False,Słoneczny zachodni nocny. Pasek los także delikatny przychodzić.,dostępny
2185,9780798423175,58779,Pić czerwony,Borys Getka,9,3,1958,Wydanie I,650,False,Słoneczny zachodni nocny. Pasek los także delikatny przychodzić.,w konserwacji
2186,9780348977738,96656,Do dorosły,pani Ada Flisiak,7,4,1956,Wydanie I,782,True,Wakacje 100 siedemdziesiąt firma wtorek budowa. Reguła archipelag Szwecja ucho szkodliwy.,w konserwacji
2187,9781024774184,24657,Czwartek ząb stać się królewski zegar,Cyprian Rudyk,1,8,2013,Wydanie I,118,True,Marzec zachowanie pełny w końcu. Nad czy ubogi zielony Niemcy biblioteka.,dostępny
2188,9780348977738,64723,Do dorosły,pani Ada Flisiak,7,2,1956,Wydanie I,782,False,Wakacje 100 siedemdziesiąt firma wtorek budowa. Reguła archipelag Szwecja ucho szkodliwy.,wypożyczony
2189,9780027914276,12785,Powodować polityczny strona,Jędrzej Pielach,3,5,2013,Wydanie I,590,False,Gaz w końcu drzwi słońce las. Plac pewien leczenie.,dostępny
2190,9781616142964,60653,Okazja chmura święto ziemia,pani Justyna Nowotny,10,1,1979,Wydanie I,784,True,Dowód otrzymać brzuch chodzić godzina port. Bułgarski 4 za pomocą pić właściwy szósty wy.,wypożyczony
2191,9780501265870,53090,Pająk istnieć robota trzeba poziom,Paweł Stanclik,7,8,1963,Wydanie I,572,True,Błąd zaś pewien rasa właściwość. Cel lewy księżyc figura produkcja.,wypożyczony
2192,9780501265870,39169,Pająk istnieć robota trzeba poziom,Paweł Stanclik,7,2,1963,Wydanie I,572,False,Błąd zaś pewien rasa właściwość. Cel lewy księżyc figura produkcja.,w konserwacji
2193,9781296362881,64374,Góra szacunek rzeczownik kosz pomieszczenie,Urszula Wyroślak,2,6,1970,Wydanie I,197,False,Ryzyko wschód ćwiczenie radiowy tor. Chrystus cukier banknot stworzyć góra.,wypożyczony
2194,9780625136742,55117,Trochę miód umieszczać siostra,pani Agnieszka Kazubek,3,7,1968,Wydanie I,755,True,Dno japoński sprzedaż ziarno naukowy tłumaczyć. Słyszeć łatwo język zbudować późny późno.,w konserwacji
2195,9780027914276,92871,Powodować polityczny strona,Jędrzej Pielach,3,3,2013,Wydanie I,590,True,Gaz w końcu drzwi słońce las. Plac pewien leczenie.,dostępny
2196,9780280858225,23112,Natychmiast zbyt trawa atak,Antoni Warzybok,5,7,1951,Wydanie I,164,False,Żydowski anioł powstawać sędzia pragnąć. Dzień los wspaniały chcieć.,w konserwacji
2197,9781698428123,88474,Ulegać dyrektor koza gwałtowny,Kaja Kałwa,3,2,1992,Wydanie I,762,True,Miejscowość utwór mężczyzna wszelki chociaż narząd lód. Fakt zniszczyć hałas no mowa aktywny ślad.,w konserwacji
2198,9780348977738,23521,Do dorosły,pani Ada Flisiak,7,2,1956,Wydanie I,782,False,Wakacje 100 siedemdziesiąt firma wtorek budowa. Reguła archipelag Szwecja ucho szkodliwy.,wypożyczony
2199,9780668657846,75723,Księga powstawać późno moralny dziecięcy,pani Julita Rajchel,10,4,1957,Wydanie I,511,True,Srebro mieszkanie prawny procent dobro chwila. Polityczny popularny dół istnienie dolina.,dostępny
2200,9780768677201,28093,40 dzięki w formie zostać,Malwina Materek,9,8,1967,Wydanie I,355,False,Dyrektor w kształcie Ameryka władza.,dostępny
2201,9780768677201,13853,40 dzięki w formie zostać,Malwina Materek,9,2,1967,Wydanie I,355,True,Dyrektor w kształcie Ameryka władza.,wypożyczony
2202,9781134555819,19167,Oraz kilka,pan Wojciech Lenda,4,2,1981,Wydanie I,268,False,Metal lampa substancja mąż. Wiedzieć walczyć strefa pacjent nie ma piękny.,dostępny
2203,9780362591026,50178,Trzeba oko,Janina Kołak,8,4,1976,Wydanie I,669,False,Krok świeży bar stary dół kolega. Dziura studia pas majuskuła.,w konserwacji
2204,9780798423175,95757,Pić czerwony,Borys Getka,9,4,1958,Wydanie I,650,False,Słoneczny zachodni nocny. Pasek los także delikatny przychodzić.,wypożyczony
2205,9780428279417,17660,Wśród wy 80,Igor Ciaś,6,10,2000,Wydanie I,796,False,Pani sygnał pani ramię. Świecić dodać mama broń pojęcie zwykły.,w konserwacji
2206,9780414399907,3023,Owca przepis leżeć Egipt,Piotr Przekwas,6,5,2008,Wydanie I,212,False,Własny oficjalny dobrze. Wysoki użycie słodki akcja. Nigdy zima bóg uwaga stanowić.,dostępny
2207,9780134362441,44446,Królowa kuchnia pod głowa,Adam Zbrożek,4,1,2000,Wydanie I,506,True,W Ciągu skutek łatwo czekolada zakończyć. Turecki nikt kurs ona miejscowość nadawać.,dostępny
2208,9781718044685,4758,Pisarz prezydent dowód,Marianna Poleszak,2,5,1968,Wydanie I,561,False,Porządek srebro używać wycieczka zawód zniszczyć go.,w konserwacji
2209,9781426248160,20626,Wiersz poniedziałek skała,pan Tobiasz Michnik,6,3,1953,Wydanie I,314,False,Świadczyć technika lista zmiana temat stworzyć. Swój posiłek drewniany dawny większość powstanie.,dostępny
2210,9781718044685,25586,Pisarz prezydent dowód,Marianna Poleszak,2,2,1968,Wydanie I,561,True,Porządek srebro używać wycieczka zawód zniszczyć go.,w konserwacji
2211,9780393892420,88652,Przyrząd zapalenie,pan Konrad Wojtak,1,7,1973,Wydanie I,547,True,Skłonność szkło rozwój nieść skała jednocześnie. Lato słyszeć podczas morski wóz spadać atak.,wypożyczony
2212,9781072287513,94110,Fabryka skończyć operacja dorosły,pani Anna Maria Fiołek,6,5,2020,Wydanie I,241,False,Kamień fala długo Czechy czysty.,wypożyczony
2213,9780134362441,40965,Królowa kuchnia pod głowa,Adam Zbrożek,4,8,2000,Wydanie I,506,True,W Ciągu skutek łatwo czekolada zakończyć. Turecki nikt kurs ona miejscowość nadawać.,w konserwacji
2214,9781256020141,45386,Północny sytuacja umysł zawierać,Apolonia Lorenz,8,1,1993,Wydanie I,445,True,Danie pomarańczowy aktor but.,dostępny
2215,9781432155315,61960,Zajmować Się następować zwykle biec,Mariusz Bartoszczyk,9,6,1977,Wydanie I,588,False,Wystawa prezent odzież wstyd. Być masa łatwy barwa środa usta kochać.,dostępny
2216,9781536822250,19944,Kula sztuczny włożyć Ameryka,Aleks Staśko,5,1,1960,Wydanie I,786,True,Gospodarka wywołać tam wszystek 7 wygrać słodki zysk. Ucho siedziba zmęczony właściwy obok.,dostępny
2217,9781698428123,27409,Ulegać dyrektor koza gwałtowny,Kaja Kałwa,3,7,1992,Wydanie I,762,True,Miejscowość utwór mężczyzna wszelki chociaż narząd lód. Fakt zniszczyć hałas no mowa aktywny ślad.,dostępny
2218,9780928916836,61037,Użytkownik posługiwać się rasa próba,Kornelia Kuczaj,6,5,1978,Wydanie I,466,True,Wobec słodki sport charakter. Jechać niebo temperatura bilet powiat kolega.,wypożyczony
2219,9780543464620,47927,Cierpieć jakość czekolada,Tymon Myk,3,2,1983,Wydanie I,353,True,Kolano bogini polityka szósty obwód. Według lato konstrukcja bogini naczynie.,w konserwacji
2220,9780743425230,28961,Unia Europejska grupa narkotyk,pani Marika Kluczek,8,6,2017,Wydanie I,166,False,Stacja surowy dodać stacja pięć. Istnienie kłopot zajęcie mądry relacja okręt zając.,dostępny
2221,9780668657846,74372,Księga powstawać późno moralny dziecięcy,pani Julita Rajchel,10,9,1957,Wydanie I,511,False,Srebro mieszkanie prawny procent dobro chwila. Polityczny popularny dół istnienie dolina.,w konserwacji
2222,9780798423175,82809,Pić czerwony,Borys Getka,9,6,1958,Wydanie I,650,True,Słoneczny zachodni nocny. Pasek los także delikatny przychodzić.,wypożyczony
2223,9781759252018,57440,Węgiel kilometr czyn a własny,Jerzy Pabisiak,5,6,1997,Wydanie I,471,True,"Piasek kolor późny chleb.
Lud jeszcze góra tylko.",wypożyczony
2224,9781545385265,21611,Cecha zakończenie pomarańczowy wreszcie ten,pan Marek Hermanowicz,3,8,1981,Wydanie I,155,True,Aż żart powstawać długość ona w typ. Piosenka Niemiec Holandia.,w konserwacji
2225,9780735005464,16510,Pogoda żyć przebywać ciemność pociąg,pani Klara Dziewit,4,8,1997,Wydanie I,442,False,Taki głośny wąski filmowy jeździć. Żywy osioł strefa wróg.,wypożyczony
2226,9781256020141,42281,Północny sytuacja umysł zawierać,Apolonia Lorenz,8,8,1993,Wydanie I,445,True,Danie pomarańczowy aktor but.,dostępny
2227,9781435262805,40657,Sześćdziesiąt więcej piętro ani po,Marianna Berus,5,6,1998,Wydanie I,285,True,Budowla przypadek alkohol strefa ciemny flaga słoneczny. Trzymać wiek autor król nic 3 chemiczny.,wypożyczony
2228,9780768677201,32451,40 dzięki w formie zostać,Malwina Materek,9,2,1967,Wydanie I,355,True,Dyrektor w kształcie Ameryka władza.,w konserwacji
2229,9780735005464,49794,Pogoda żyć przebywać ciemność pociąg,pani Klara Dziewit,4,4,1997,Wydanie I,442,True,Taki głośny wąski filmowy jeździć. Żywy osioł strefa wróg.,w konserwacji
2230,9781385509982,17180,Anglia silnik tylko swój około,Anastazja Larysz,2,9,1984,Wydanie I,739,True,Chwila pamięć szybko gdzie postać sąd. Państwowy Piotr postawa hałas plemię artystyczny.,wypożyczony
2231,9780280858225,21038,Natychmiast zbyt trawa atak,Antoni Warzybok,5,1,1951,Wydanie I,164,False,Żydowski anioł powstawać sędzia pragnąć. Dzień los wspaniały chcieć.,w konserwacji
2232,9780523118734,86937,Skutek imię oraz elektryczny,pan Oliwier Stefankiewicz,7,10,2012,Wydanie I,139,False,Marzec wpaść pod. Obchodzić włożyć reguła kula miasto handlowy katastrofa wesoły.,dostępny
2233,9780027914276,42137,Powodować polityczny strona,Jędrzej Pielach,3,3,2013,Wydanie I,590,True,Gaz w końcu drzwi słońce las. Plac pewien leczenie.,w konserwacji
2234,9780428279417,89266,Wśród wy 80,Igor Ciaś,6,8,2000,Wydanie I,796,False,Pani sygnał pani ramię. Świecić dodać mama broń pojęcie zwykły.,dostępny
2235,9780523118734,34190,Skutek imię oraz elektryczny,pan Oliwier Stefankiewicz,7,10,2012,Wydanie I,139,True,Marzec wpaść pod. Obchodzić włożyć reguła kula miasto handlowy katastrofa wesoły.,dostępny
2236,9781072287513,30425,Fabryka skończyć operacja dorosły,pani Anna Maria Fiołek,6,7,2020,Wydanie I,241,False,Kamień fala długo Czechy czysty.,w konserwacji
2237,9781432155315,16290,Zajmować Się następować zwykle biec,Mariusz Bartoszczyk,9,4,1977,Wydanie I,588,False,Wystawa prezent odzież wstyd. Być masa łatwy barwa środa usta kochać.,dostępny
2238,9781385509982,42147,Anglia silnik tylko swój około,Anastazja Larysz,2,3,1984,Wydanie I,739,False,Chwila pamięć szybko gdzie postać sąd. Państwowy Piotr postawa hałas plemię artystyczny.,dostępny
2239,9780280858225,97137,Natychmiast zbyt trawa atak,Antoni Warzybok,5,1,1951,Wydanie I,164,False,Żydowski anioł powstawać sędzia pragnąć. Dzień los wspaniały chcieć.,dostępny
2240,9781874227250,40122,Warstwa wina zwykły,Cyprian Kott,2,1,1994,Wydanie I,776,False,Płeć obowiązywać powinien zdolność. Rachunek siostra radio można wysyłać krzew rasa złożony.,dostępny
2241,9781134555819,98882,Oraz kilka,pan Wojciech Lenda,4,6,1981,Wydanie I,268,False,Metal lampa substancja mąż. Wiedzieć walczyć strefa pacjent nie ma piękny.,wypożyczony
2242,9780428279417,99900,Wśród wy 80,Igor Ciaś,6,4,2000,Wydanie I,796,True,Pani sygnał pani ramię. Świecić dodać mama broń pojęcie zwykły.,w konserwacji
2243,9780928916836,49747,Użytkownik posługiwać się rasa próba,Kornelia Kuczaj,6,7,1978,Wydanie I,466,True,Wobec słodki sport charakter. Jechać niebo temperatura bilet powiat kolega.,w konserwacji
2244,9780414399907,77136,Owca przepis leżeć Egipt,Piotr Przekwas,6,9,2008,Wydanie I,212,False,Własny oficjalny dobrze. Wysoki użycie słodki akcja. Nigdy zima bóg uwaga stanowić.,w konserwacji
2245,9780814943571,62790,Stado lud krew,Łukasz Radzewicz,4,3,1982,Wydanie I,347,True,Pierwiastek koszt wystawa lewy niezwykły wyspa. W Ciągu pieniądz krok wychodzić literatura wydać.,w konserwacji
2246,9781296362881,67009,Góra szacunek rzeczownik kosz pomieszczenie,Urszula Wyroślak,2,10,1970,Wydanie I,197,False,Ryzyko wschód ćwiczenie radiowy tor. Chrystus cukier banknot stworzyć góra.,wypożyczony
2247,9780768677201,27786,40 dzięki w formie zostać,Malwina Materek,9,7,1967,Wydanie I,355,False,Dyrektor w kształcie Ameryka władza.,w konserwacji
2248,9780888596710,1816,Dokładnie te dorosły zgadzać się most,pan Igor Doruch,4,2,1950,Wydanie I,165,False,Park rynek zgodny francuski. Dziób trwać idea obowiązywać zbiór papier jakość.,dostępny
2249,9781432155315,53224,Zajmować Się następować zwykle biec,Mariusz Bartoszczyk,9,8,1977,Wydanie I,588,False,Wystawa prezent odzież wstyd. Być masa łatwy barwa środa usta kochać.,w konserwacji
2250,9781545385265,3989,Cecha zakończenie pomarańczowy wreszcie ten,pan Marek Hermanowicz,3,3,1981,Wydanie I,155,True,Aż żart powstawać długość ona w typ. Piosenka Niemiec Holandia.,wypożyczony
2251,9780466343330,83411,Marka bić dolina pożar oglądać,Klara Ciarka,9,1,2024,Wydanie I,697,False,Transport wysyłać zmienić plecy chcieć wielkość. Tylko cienki powiat widzieć Austria.,w konserwacji
2252,9781256020141,7783,Północny sytuacja umysł zawierać,Apolonia Lorenz,8,9,1993,Wydanie I,445,True,Danie pomarańczowy aktor but.,dostępny
2253,9781167966286,8784,Prawdziwy postępowanie okno,Anastazja Soczewka,8,4,1977,Wydanie I,314,True,Koncert bardzo potrafić suma morze. Dialekt podnosić pani rzeczownik model wieża tamten wóz.,wypożyczony
2254,9780523118734,31425,Skutek imię oraz elektryczny,pan Oliwier Stefankiewicz,7,8,2012,Wydanie I,139,True,Marzec wpaść pod. Obchodzić włożyć reguła kula miasto handlowy katastrofa wesoły.,wypożyczony
2255,9780466343330,4346,Marka bić dolina pożar oglądać,Klara Ciarka,9,6,2024,Wydanie I,697,False,Transport wysyłać zmienić plecy chcieć wielkość. Tylko cienki powiat widzieć Austria.,w konserwacji
2256,9781718044685,78512,Pisarz prezydent dowód,Marianna Poleszak,2,8,1968,Wydanie I,561,False,Porządek srebro używać wycieczka zawód zniszczyć go.,dostępny
2257,9780380954667,68533,Użytkownik jeśli św. sprzęt,Krystian Piaścik,4,10,1981,Wydanie I,552,False,Jedenaście otwierać zwykły prawdziwy prędkość malować kolorowy. Tłumaczyć grać transport jednak.,wypożyczony
2258,9780768677201,97713,40 dzięki w formie zostać,Malwina Materek,9,4,1967,Wydanie I,355,False,Dyrektor w kształcie Ameryka władza.,wypożyczony
2259,9780582900776,74820,Dźwięk istnienie,Ewelina Fras,10,5,2018,Wydanie I,336,False,Większość wystawa osiemdziesiąt wnętrze. Myśl dodać przykład Francja z.,w konserwacji
2260,9781426248160,21519,Wiersz poniedziałek skała,pan Tobiasz Michnik,6,1,1953,Wydanie I,314,False,Świadczyć technika lista zmiana temat stworzyć. Swój posiłek drewniany dawny większość powstanie.,w konserwacji
2261,9780668657846,51110,Księga powstawać późno moralny dziecięcy,pani Julita Rajchel,10,7,1957,Wydanie I,511,False,Srebro mieszkanie prawny procent dobro chwila. Polityczny popularny dół istnienie dolina.,wypożyczony
2262,9781296362881,54122,Góra szacunek rzeczownik kosz pomieszczenie,Urszula Wyroślak,2,3,1970,Wydanie I,197,True,Ryzyko wschód ćwiczenie radiowy tor. Chrystus cukier banknot stworzyć góra.,w konserwacji
2263,9780380954667,48421,Użytkownik jeśli św. sprzęt,Krystian Piaścik,4,2,1981,Wydanie I,552,True,Jedenaście otwierać zwykły prawdziwy prędkość malować kolorowy. Tłumaczyć grać transport jednak.,w konserwacji
2264,9780888596710,18395,Dokładnie te dorosły zgadzać się most,pan Igor Doruch,4,8,1950,Wydanie I,165,False,Park rynek zgodny francuski. Dziób trwać idea obowiązywać zbiór papier jakość.,wypożyczony
2265,9780027914276,64723,Powodować polityczny strona,Jędrzej Pielach,3,2,2013,Wydanie I,590,False,Gaz w końcu drzwi słońce las. Plac pewien leczenie.,dostępny
2266,9781017268270,22157,Odwaga dziać się taki,pan Borys Kobak,1,8,1954,Wydanie I,171,False,Płyn Chiny staw nagle. Egipt strumień azjatycki różny wolny stać. Kapelusz umysł budynek wojna.,w konserwacji
2267,9780362591026,48661,Trzeba oko,Janina Kołak,8,4,1976,Wydanie I,669,False,Krok świeży bar stary dół kolega. Dziura studia pas majuskuła.,dostępny
2268,9781426248160,1215,Wiersz poniedziałek skała,pan Tobiasz Michnik,6,9,1953,Wydanie I,314,False,Świadczyć technika lista zmiana temat stworzyć. Swój posiłek drewniany dawny większość powstanie.,w konserwacji
2269,9781698428123,53988,Ulegać dyrektor koza gwałtowny,Kaja Kałwa,3,10,1992,Wydanie I,762,False,Miejscowość utwór mężczyzna wszelki chociaż narząd lód. Fakt zniszczyć hałas no mowa aktywny ślad.,w konserwacji
2270,9781786430304,80086,- otwierać możliwy bawić się,Urszula Lejk,4,4,1971,Wydanie I,729,False,Wskazywać natychmiast spodnie stawać się za tradycyjny.,w konserwacji
2271,9781385509982,82546,Anglia silnik tylko swój około,Anastazja Larysz,2,1,1984,Wydanie I,739,False,Chwila pamięć szybko gdzie postać sąd. Państwowy Piotr postawa hałas plemię artystyczny.,wypożyczony
2272,9780928916836,72043,Użytkownik posługiwać się rasa próba,Kornelia Kuczaj,6,3,1978,Wydanie I,466,False,Wobec słodki sport charakter. Jechać niebo temperatura bilet powiat kolega.,wypożyczony
2273,9780768677201,26719,40 dzięki w formie zostać,Malwina Materek,9,2,1967,Wydanie I,355,False,Dyrektor w kształcie Ameryka władza.,w konserwacji
2274,9780362591026,8685,Trzeba oko,Janina Kołak,8,3,1976,Wydanie I,669,True,Krok świeży bar stary dół kolega. Dziura studia pas majuskuła.,wypożyczony
2275,9781545385265,72305,Cecha zakończenie pomarańczowy wreszcie ten,pan Marek Hermanowicz,3,10,1981,Wydanie I,155,True,Aż żart powstawać długość ona w typ. Piosenka Niemiec Holandia.,wypożyczony
2276,9780380954667,5396,Użytkownik jeśli św. sprzęt,Krystian Piaścik,4,4,1981,Wydanie I,552,True,Jedenaście otwierać zwykły prawdziwy prędkość malować kolorowy. Tłumaczyć grać transport jednak.,dostępny
2277,9780428279417,22965,Wśród wy 80,Igor Ciaś,6,3,2000,Wydanie I,796,True,Pani sygnał pani ramię. Świecić dodać mama broń pojęcie zwykły.,dostępny
2278,9780027914276,51567,Powodować polityczny strona,Jędrzej Pielach,3,7,2013,Wydanie I,590,True,Gaz w końcu drzwi słońce las. Plac pewien leczenie.,w konserwacji
2279,9780523118734,82312,Skutek imię oraz elektryczny,pan Oliwier Stefankiewicz,7,5,2012,Wydanie I,139,False,Marzec wpaść pod. Obchodzić włożyć reguła kula miasto handlowy katastrofa wesoły.,wypożyczony
2280,9781865407234,56007,Włosy kwiecień most zespół budować,Albert Zarzeczna,5,9,1962,Wydanie I,347,True,Starożytny dobro rzeka plecy otwór patrzeć strój.,dostępny
2281,9781616142964,24027,Okazja chmura święto ziemia,pani Justyna Nowotny,10,4,1979,Wydanie I,784,True,Dowód otrzymać brzuch chodzić godzina port. Bułgarski 4 za pomocą pić właściwy szósty wy.,w konserwacji
2282,9780134362441,56623,Królowa kuchnia pod głowa,Adam Zbrożek,4,2,2000,Wydanie I,506,True,W Ciągu skutek łatwo czekolada zakończyć. Turecki nikt kurs ona miejscowość nadawać.,w konserwacji
2283,9780735005464,15689,Pogoda żyć przebywać ciemność pociąg,pani Klara Dziewit,4,1,1997,Wydanie I,442,True,Taki głośny wąski filmowy jeździć. Żywy osioł strefa wróg.,dostępny
2284,9781138492578,2063,Teoria obywatelka dzisiaj ziarno,Maciej Pyrkosz,9,6,1998,Wydanie I,487,False,Woda ostry wytwarzać katastrofa spór znaczny oficjalny.,dostępny
2285,9780134362441,21391,Królowa kuchnia pod głowa,Adam Zbrożek,4,2,2000,Wydanie I,506,False,W Ciągu skutek łatwo czekolada zakończyć. Turecki nikt kurs ona miejscowość nadawać.,dostępny
2286,9780380954667,69394,Użytkownik jeśli św. sprzęt,Krystian Piaścik,4,3,1981,Wydanie I,552,False,Jedenaście otwierać zwykły prawdziwy prędkość malować kolorowy. Tłumaczyć grać transport jednak.,wypożyczony
2287,9780005513132,85868,60 ogród gwiazda,Julianna Żmija,2,8,1980,Wydanie I,626,False,Dodatkowy pływać czwartek studiować swój.,wypożyczony
2288,9781072287513,39148,Fabryka skończyć operacja dorosły,pani Anna Maria Fiołek,6,10,2020,Wydanie I,241,True,Kamień fala długo Czechy czysty.,wypożyczony
2289,9781024774184,64344,Czwartek ząb stać się królewski zegar,Cyprian Rudyk,1,4,2013,Wydanie I,118,False,Marzec zachowanie pełny w końcu. Nad czy ubogi zielony Niemcy biblioteka.,wypożyczony
2290,9780625136742,10023,Trochę miód umieszczać siostra,pani Agnieszka Kazubek,3,2,1968,Wydanie I,755,True,Dno japoński sprzedaż ziarno naukowy tłumaczyć. Słyszeć łatwo język zbudować późny późno.,w konserwacji
2291,9781345231809,34629,Chłop moneta dziesięć granica ochrona,Andrzej Stein,10,7,2004,Wydanie I,278,False,Lot strefa klucz robić Polak. Cecha ozdoba międzynarodowy fałszywy lód uciekać.,w konserwacji
2292,9780743425230,18967,Unia Europejska grupa narkotyk,pani Marika Kluczek,8,3,2017,Wydanie I,166,True,Stacja surowy dodać stacja pięć. Istnienie kłopot zajęcie mądry relacja okręt zając.,dostępny
2293,9781017268270,30958,Odwaga dziać się taki,pan Borys Kobak,1,7,1954,Wydanie I,171,False,Płyn Chiny staw nagle. Egipt strumień azjatycki różny wolny stać. Kapelusz umysł budynek wojna.,wypożyczony
2294,9780668657846,49955,Księga powstawać późno moralny dziecięcy,pani Julita Rajchel,10,8,1957,Wydanie I,511,False,Srebro mieszkanie prawny procent dobro chwila. Polityczny popularny dół istnienie dolina.,dostępny
2295,9780280858225,11420,Natychmiast zbyt trawa atak,Antoni Warzybok,5,9,1951,Wydanie I,164,True,Żydowski anioł powstawać sędzia pragnąć. Dzień los wspaniały chcieć.,dostępny
2296,9780027914276,19582,Powodować polityczny strona,Jędrzej Pielach,3,1,2013,Wydanie I,590,False,Gaz w końcu drzwi słońce las. Plac pewien leczenie.,w konserwacji
2297,9780501265870,29898,Pająk istnieć robota trzeba poziom,Paweł Stanclik,7,10,1963,Wydanie I,572,False,Błąd zaś pewien rasa właściwość. Cel lewy księżyc figura produkcja.,dostępny
2298,9781435262805,24328,Sześćdziesiąt więcej piętro ani po,Marianna Berus,5,5,1998,Wydanie I,285,True,Budowla przypadek alkohol strefa ciemny flaga słoneczny. Trzymać wiek autor król nic 3 chemiczny.,dostępny
2299,9780625136742,69040,Trochę miód umieszczać siostra,pani Agnieszka Kazubek,3,7,1968,Wydanie I,755,True,Dno japoński sprzedaż ziarno naukowy tłumaczyć. Słyszeć łatwo język zbudować późny późno.,dostępny
2300,9781345231809,39185,Chłop moneta dziesięć granica ochrona,Andrzej Stein,10,4,2004,Wydanie I,278,True,Lot strefa klucz robić Polak. Cecha ozdoba międzynarodowy fałszywy lód uciekać.,w konserwacji
2301,9780134362441,42544,Królowa kuchnia pod głowa,Adam Zbrożek,4,8,2000,Wydanie I,506,False,W Ciągu skutek łatwo czekolada zakończyć. Turecki nikt kurs ona miejscowość nadawać.,wypożyczony
2302,9781698428123,56985,Ulegać dyrektor koza gwałtowny,Kaja Kałwa,3,6,1992,Wydanie I,762,True,Miejscowość utwór mężczyzna wszelki chociaż narząd lód. Fakt zniszczyć hałas no mowa aktywny ślad.,wypożyczony
2303,9780543464620,96851,Cierpieć jakość czekolada,Tymon Myk,3,5,1983,Wydanie I,353,True,Kolano bogini polityka szósty obwód. Według lato konstrukcja bogini naczynie.,wypożyczony
2304,9780362591026,31736,Trzeba oko,Janina Kołak,8,1,1976,Wydanie I,669,False,Krok świeży bar stary dół kolega. Dziura studia pas majuskuła.,w konserwacji
2305,9780362591026,71978,Trzeba oko,Janina Kołak,8,10,1976,Wydanie I,669,True,Krok świeży bar stary dół kolega. Dziura studia pas majuskuła.,wypożyczony
2306,9781786430304,62992,- otwierać możliwy bawić się,Urszula Lejk,4,8,1971,Wydanie I,729,True,Wskazywać natychmiast spodnie stawać się za tradycyjny.,dostępny
2307,9780543464620,25454,Cierpieć jakość czekolada,Tymon Myk,3,1,1983,Wydanie I,353,True,Kolano bogini polityka szósty obwód. Według lato konstrukcja bogini naczynie.,wypożyczony
2308,9780134362441,86592,Królowa kuchnia pod głowa,Adam Zbrożek,4,2,2000,Wydanie I,506,True,W Ciągu skutek łatwo czekolada zakończyć. Turecki nikt kurs ona miejscowość nadawać.,w konserwacji
2309,9780501265870,9157,Pająk istnieć robota trzeba poziom,Paweł Stanclik,7,9,1963,Wydanie I,572,False,Błąd zaś pewien rasa właściwość. Cel lewy księżyc figura produkcja.,w konserwacji
2310,9780668657846,49686,Księga powstawać późno moralny dziecięcy,pani Julita Rajchel,10,2,1957,Wydanie I,511,False,Srebro mieszkanie prawny procent dobro chwila. Polityczny popularny dół istnienie dolina.,w konserwacji
2311,9781024774184,73675,Czwartek ząb stać się królewski zegar,Cyprian Rudyk,1,9,2013,Wydanie I,118,True,Marzec zachowanie pełny w końcu. Nad czy ubogi zielony Niemcy biblioteka.,dostępny
2312,9780393892420,56216,Przyrząd zapalenie,pan Konrad Wojtak,1,6,1973,Wydanie I,547,False,Skłonność szkło rozwój nieść skała jednocześnie. Lato słyszeć podczas morski wóz spadać atak.,dostępny
2313,9780543464620,54902,Cierpieć jakość czekolada,Tymon Myk,3,10,1983,Wydanie I,353,False,Kolano bogini polityka szósty obwód. Według lato konstrukcja bogini naczynie.,dostępny
2314,9780668657846,90557,Księga powstawać późno moralny dziecięcy,pani Julita Rajchel,10,8,1957,Wydanie I,511,True,Srebro mieszkanie prawny procent dobro chwila. Polityczny popularny dół istnienie dolina.,w konserwacji
2315,9781345231809,4198,Chłop moneta dziesięć granica ochrona,Andrzej Stein,10,6,2004,Wydanie I,278,True,Lot strefa klucz robić Polak. Cecha ozdoba międzynarodowy fałszywy lód uciekać.,wypożyczony
2316,9780428279417,40837,Wśród wy 80,Igor Ciaś,6,6,2000,Wydanie I,796,True,Pani sygnał pani ramię. Świecić dodać mama broń pojęcie zwykły.,w konserwacji
2317,9780814943571,76389,Stado lud krew,Łukasz Radzewicz,4,1,1982,Wydanie I,347,False,Pierwiastek koszt wystawa lewy niezwykły wyspa. W Ciągu pieniądz krok wychodzić literatura wydać.,wypożyczony
2318,9781426248160,63407,Wiersz poniedziałek skała,pan Tobiasz Michnik,6,5,1953,Wydanie I,314,True,Świadczyć technika lista zmiana temat stworzyć. Swój posiłek drewniany dawny większość powstanie.,w konserwacji
2319,9780466343330,76007,Marka bić dolina pożar oglądać,Klara Ciarka,9,2,2024,Wydanie I,697,False,Transport wysyłać zmienić plecy chcieć wielkość. Tylko cienki powiat widzieć Austria.,dostępny
2320,9780393892420,29146,Przyrząd zapalenie,pan Konrad Wojtak,1,10,1973,Wydanie I,547,True,Skłonność szkło rozwój nieść skała jednocześnie. Lato słyszeć podczas morski wóz spadać atak.,wypożyczony
2321,9781718044685,72084,Pisarz prezydent dowód,Marianna Poleszak,2,8,1968,Wydanie I,561,False,Porządek srebro używać wycieczka zawód zniszczyć go.,w konserwacji
2322,9781337968874,80733,Zasada flaga coś ze,Angelika Trzyna,10,5,1980,Wydanie I,217,True,Lista kosztować ogon śpiewać. Ryba dać przyczyna.,dostępny
2323,9781167966286,30713,Prawdziwy postępowanie okno,Anastazja Soczewka,8,9,1977,Wydanie I,314,False,Koncert bardzo potrafić suma morze. Dialekt podnosić pani rzeczownik model wieża tamten wóz.,wypożyczony
2324,9781536822250,27379,Kula sztuczny włożyć Ameryka,Aleks Staśko,5,10,1960,Wydanie I,786,False,Gospodarka wywołać tam wszystek 7 wygrać słodki zysk. Ucho siedziba zmęczony właściwy obok.,dostępny
2325,9780523118734,69361,Skutek imię oraz elektryczny,pan Oliwier Stefankiewicz,7,3,2012,Wydanie I,139,True,Marzec wpaść pod. Obchodzić włożyć reguła kula miasto handlowy katastrofa wesoły.,w konserwacji
2326,9780928916836,43616,Użytkownik posługiwać się rasa próba,Kornelia Kuczaj,6,4,1978,Wydanie I,466,False,Wobec słodki sport charakter. Jechać niebo temperatura bilet powiat kolega.,wypożyczony
2327,9781167966286,48785,Prawdziwy postępowanie okno,Anastazja Soczewka,8,7,1977,Wydanie I,314,False,Koncert bardzo potrafić suma morze. Dialekt podnosić pani rzeczownik model wieża tamten wóz.,w konserwacji
2328,9780690936506,93447,Pomysł 40 temat znany,Julita Drobot,9,2,2016,Wydanie I,505,False,Zwycięstwo biec uznawać powodować. Czapka doskonały jakby.,w konserwacji
2329,9780668657846,28911,Księga powstawać późno moralny dziecięcy,pani Julita Rajchel,10,7,1957,Wydanie I,511,True,Srebro mieszkanie prawny procent dobro chwila. Polityczny popularny dół istnienie dolina.,wypożyczony
2330,9780134362441,19917,Królowa kuchnia pod głowa,Adam Zbrożek,4,8,2000,Wydanie I,506,False,W Ciągu skutek łatwo czekolada zakończyć. Turecki nikt kurs ona miejscowość nadawać.,wypożyczony
2331,9781385509982,27107,Anglia silnik tylko swój około,Anastazja Larysz,2,10,1984,Wydanie I,739,False,Chwila pamięć szybko gdzie postać sąd. Państwowy Piotr postawa hałas plemię artystyczny.,wypożyczony
2332,9780005513132,98250,60 ogród gwiazda,Julianna Żmija,2,4,1980,Wydanie I,626,True,Dodatkowy pływać czwartek studiować swój.,dostępny
2333,9781536822250,30981,Kula sztuczny włożyć Ameryka,Aleks Staśko,5,9,1960,Wydanie I,786,True,Gospodarka wywołać tam wszystek 7 wygrać słodki zysk. Ucho siedziba zmęczony właściwy obok.,dostępny
2334,9780005513132,27781,60 ogród gwiazda,Julianna Żmija,2,5,1980,Wydanie I,626,True,Dodatkowy pływać czwartek studiować swój.,dostępny
2335,9781024774184,74450,Czwartek ząb stać się królewski zegar,Cyprian Rudyk,1,5,2013,Wydanie I,118,True,Marzec zachowanie pełny w końcu. Nad czy ubogi zielony Niemcy biblioteka.,dostępny
2336,9781435262805,63176,Sześćdziesiąt więcej piętro ani po,Marianna Berus,5,10,1998,Wydanie I,285,False,Budowla przypadek alkohol strefa ciemny flaga słoneczny. Trzymać wiek autor król nic 3 chemiczny.,w konserwacji
2337,9781786430304,50509,- otwierać możliwy bawić się,Urszula Lejk,4,6,1971,Wydanie I,729,True,Wskazywać natychmiast spodnie stawać się za tradycyjny.,dostępny
2338,9780280858225,30814,Natychmiast zbyt trawa atak,Antoni Warzybok,5,10,1951,Wydanie I,164,True,Żydowski anioł powstawać sędzia pragnąć. Dzień los wspaniały chcieć.,w konserwacji
2339,9780348977738,85443,Do dorosły,pani Ada Flisiak,7,9,1956,Wydanie I,782,True,Wakacje 100 siedemdziesiąt firma wtorek budowa. Reguła archipelag Szwecja ucho szkodliwy.,wypożyczony
2340,9780798423175,55564,Pić czerwony,Borys Getka,9,9,1958,Wydanie I,650,True,Słoneczny zachodni nocny. Pasek los także delikatny przychodzić.,w konserwacji
2341,9781345231809,98409,Chłop moneta dziesięć granica ochrona,Andrzej Stein,10,1,2004,Wydanie I,278,True,Lot strefa klucz robić Polak. Cecha ozdoba międzynarodowy fałszywy lód uciekać.,dostępny
2342,9781698428123,22529,Ulegać dyrektor koza gwałtowny,Kaja Kałwa,3,10,1992,Wydanie I,762,True,Miejscowość utwór mężczyzna wszelki chociaż narząd lód. Fakt zniszczyć hałas no mowa aktywny ślad.,wypożyczony
2343,9780928916836,50792,Użytkownik posługiwać się rasa próba,Kornelia Kuczaj,6,1,1978,Wydanie I,466,True,Wobec słodki sport charakter. Jechać niebo temperatura bilet powiat kolega.,wypożyczony
2344,9780814943571,65807,Stado lud krew,Łukasz Radzewicz,4,9,1982,Wydanie I,347,True,Pierwiastek koszt wystawa lewy niezwykły wyspa. W Ciągu pieniądz krok wychodzić literatura wydać.,wypożyczony
2345,9781426248160,37438,Wiersz poniedziałek skała,pan Tobiasz Michnik,6,1,1953,Wydanie I,314,False,Świadczyć technika lista zmiana temat stworzyć. Swój posiłek drewniany dawny większość powstanie.,dostępny
2346,9780005513132,89201,60 ogród gwiazda,Julianna Żmija,2,6,1980,Wydanie I,626,True,Dodatkowy pływać czwartek studiować swój.,w konserwacji
2347,9780134362441,73528,Królowa kuchnia pod głowa,Adam Zbrożek,4,6,2000,Wydanie I,506,False,W Ciągu skutek łatwo czekolada zakończyć. Turecki nikt kurs ona miejscowość nadawać.,dostępny
2348,9780501265870,88332,Pająk istnieć robota trzeba poziom,Paweł Stanclik,7,6,1963,Wydanie I,572,False,Błąd zaś pewien rasa właściwość. Cel lewy księżyc figura produkcja.,w konserwacji
2349,9780362591026,57397,Trzeba oko,Janina Kołak,8,6,1976,Wydanie I,669,True,Krok świeży bar stary dół kolega. Dziura studia pas majuskuła.,wypożyczony
2350,9781296362881,58669,Góra szacunek rzeczownik kosz pomieszczenie,Urszula Wyroślak,2,9,1970,Wydanie I,197,True,Ryzyko wschód ćwiczenie radiowy tor. Chrystus cukier banknot stworzyć góra.,w konserwacji
2351,9781256020141,3645,Północny sytuacja umysł zawierać,Apolonia Lorenz,8,3,1993,Wydanie I,445,False,Danie pomarańczowy aktor but.,w konserwacji
2352,9780768677201,37730,40 dzięki w formie zostać,Malwina Materek,9,7,1967,Wydanie I,355,False,Dyrektor w kształcie Ameryka władza.,wypożyczony
2353,9780543464620,44936,Cierpieć jakość czekolada,Tymon Myk,3,4,1983,Wydanie I,353,True,Kolano bogini polityka szósty obwód. Według lato konstrukcja bogini naczynie.,wypożyczony
2354,9781024774184,17179,Czwartek ząb stać się królewski zegar,Cyprian Rudyk,1,10,2013,Wydanie I,118,False,Marzec zachowanie pełny w końcu. Nad czy ubogi zielony Niemcy biblioteka.,w konserwacji
2355,9780523118734,88413,Skutek imię oraz elektryczny,pan Oliwier Stefankiewicz,7,2,2012,Wydanie I,139,True,Marzec wpaść pod. Obchodzić włożyć reguła kula miasto handlowy katastrofa wesoły.,dostępny
2356,9780380954667,91252,Użytkownik jeśli św. sprzęt,Krystian Piaścik,4,4,1981,Wydanie I,552,True,Jedenaście otwierać zwykły prawdziwy prędkość malować kolorowy. Tłumaczyć grać transport jednak.,wypożyczony
2357,9780414399907,40235,Owca przepis leżeć Egipt,Piotr Przekwas,6,8,2008,Wydanie I,212,True,Własny oficjalny dobrze. Wysoki użycie słodki akcja. Nigdy zima bóg uwaga stanowić.,w konserwacji
2358,9780668657846,47438,Księga powstawać późno moralny dziecięcy,pani Julita Rajchel,10,1,1957,Wydanie I,511,True,Srebro mieszkanie prawny procent dobro chwila. Polityczny popularny dół istnienie dolina.,dostępny
2359,9780005513132,35557,60 ogród gwiazda,Julianna Żmija,2,7,1980,Wydanie I,626,False,Dodatkowy pływać czwartek studiować swój.,wypożyczony
2360,9781432155315,17444,Zajmować Się następować zwykle biec,Mariusz Bartoszczyk,9,9,1977,Wydanie I,588,False,Wystawa prezent odzież wstyd. Być masa łatwy barwa środa usta kochać.,w konserwacji
2361,9780543464620,55394,Cierpieć jakość czekolada,Tymon Myk,3,10,1983,Wydanie I,353,True,Kolano bogini polityka szósty obwód. Według lato konstrukcja bogini naczynie.,wypożyczony
2362,9781545385265,98732,Cecha zakończenie pomarańczowy wreszcie ten,pan Marek Hermanowicz,3,9,1981,Wydanie I,155,False,Aż żart powstawać długość ona w typ. Piosenka Niemiec Holandia.,wypożyczony
2363,9780414399907,55428,Owca przepis leżeć Egipt,Piotr Przekwas,6,4,2008,Wydanie I,212,True,Własny oficjalny dobrze. Wysoki użycie słodki akcja. Nigdy zima bóg uwaga stanowić.,dostępny
2364,9781698428123,27291,Ulegać dyrektor koza gwałtowny,Kaja Kałwa,3,5,1992,Wydanie I,762,True,Miejscowość utwór mężczyzna wszelki chociaż narząd lód. Fakt zniszczyć hałas no mowa aktywny ślad.,wypożyczony
2365,9781786430304,55431,- otwierać możliwy bawić się,Urszula Lejk,4,9,1971,Wydanie I,729,True,Wskazywać natychmiast spodnie stawać się za tradycyjny.,dostępny
2366,9781432155315,5036,Zajmować Się następować zwykle biec,Mariusz Bartoszczyk,9,7,1977,Wydanie I,588,False,Wystawa prezent odzież wstyd. Być masa łatwy barwa środa usta kochać.,dostępny
2367,9781759252018,77664,Węgiel kilometr czyn a własny,Jerzy Pabisiak,5,2,1997,Wydanie I,471,False,"Piasek kolor późny chleb.
Lud jeszcze góra tylko.",wypożyczony
2368,9780543464620,12221,Cierpieć jakość czekolada,Tymon Myk,3,1,1983,Wydanie I,353,False,Kolano bogini polityka szósty obwód. Według lato konstrukcja bogini naczynie.,dostępny
2369,9781426248160,66097,Wiersz poniedziałek skała,pan Tobiasz Michnik,6,5,1953,Wydanie I,314,True,Świadczyć technika lista zmiana temat stworzyć. Swój posiłek drewniany dawny większość powstanie.,wypożyczony
2370,9780625136742,34911,Trochę miód umieszczać siostra,pani Agnieszka Kazubek,3,4,1968,Wydanie I,755,True,Dno japoński sprzedaż ziarno naukowy tłumaczyć. Słyszeć łatwo język zbudować późny późno.,wypożyczony
2371,9780690936506,40408,Pomysł 40 temat znany,Julita Drobot,9,2,2016,Wydanie I,505,False,Zwycięstwo biec uznawać powodować. Czapka doskonały jakby.,wypożyczony
2372,9780393892420,21853,Przyrząd zapalenie,pan Konrad Wojtak,1,5,1973,Wydanie I,547,True,Skłonność szkło rozwój nieść skała jednocześnie. Lato słyszeć podczas morski wóz spadać atak.,wypożyczony
2373,9780928916836,93337,Użytkownik posługiwać się rasa próba,Kornelia Kuczaj,6,9,1978,Wydanie I,466,True,Wobec słodki sport charakter. Jechać niebo temperatura bilet powiat kolega.,dostępny
2374,9780094652866,20694,Używać specjalny międzynarodowy móc,Krystian Serwach,7,10,1967,Wydanie I,696,False,Współczesny biskup opinia futro. Ogromny zimno wiosna wino. Słońce specjalny państwo jednostka.,dostępny
2375,9781616142964,90045,Okazja chmura święto ziemia,pani Justyna Nowotny,10,2,1979,Wydanie I,784,True,Dowód otrzymać brzuch chodzić godzina port. Bułgarski 4 za pomocą pić właściwy szósty wy.,w konserwacji
2376,9781072287513,52767,Fabryka skończyć operacja dorosły,pani Anna Maria Fiołek,6,2,2020,Wydanie I,241,False,Kamień fala długo Czechy czysty.,dostępny
2377,9781138492578,77662,Teoria obywatelka dzisiaj ziarno,Maciej Pyrkosz,9,6,1998,Wydanie I,487,False,Woda ostry wytwarzać katastrofa spór znaczny oficjalny.,w konserwacji
2378,9781786430304,22538,- otwierać możliwy bawić się,Urszula Lejk,4,4,1971,Wydanie I,729,True,Wskazywać natychmiast spodnie stawać się za tradycyjny.,w konserwacji
2379,9780134362441,12423,Królowa kuchnia pod głowa,Adam Zbrożek,4,3,2000,Wydanie I,506,True,W Ciągu skutek łatwo czekolada zakończyć. Turecki nikt kurs ona miejscowość nadawać.,wypożyczony
2380,9780362591026,55646,Trzeba oko,Janina Kołak,8,3,1976,Wydanie I,669,True,Krok świeży bar stary dół kolega. Dziura studia pas majuskuła.,wypożyczony
2381,9781024774184,63300,Czwartek ząb stać się królewski zegar,Cyprian Rudyk,1,9,2013,Wydanie I,118,True,Marzec zachowanie pełny w końcu. Nad czy ubogi zielony Niemcy biblioteka.,dostępny
2382,9780348977738,68023,Do dorosły,pani Ada Flisiak,7,5,1956,Wydanie I,782,False,Wakacje 100 siedemdziesiąt firma wtorek budowa. Reguła archipelag Szwecja ucho szkodliwy.,dostępny
2383,9781345231809,46256,Chłop moneta dziesięć granica ochrona,Andrzej Stein,10,1,2004,Wydanie I,278,True,Lot strefa klucz robić Polak. Cecha ozdoba międzynarodowy fałszywy lód uciekać.,w konserwacji
2384,9780735005464,99482,Pogoda żyć przebywać ciemność pociąg,pani Klara Dziewit,4,7,1997,Wydanie I,442,True,Taki głośny wąski filmowy jeździć. Żywy osioł strefa wróg.,w konserwacji
2385,9781024774184,15641,Czwartek ząb stać się królewski zegar,Cyprian Rudyk,1,2,2013,Wydanie I,118,True,Marzec zachowanie pełny w końcu. Nad czy ubogi zielony Niemcy biblioteka.,wypożyczony
2386,9781426248160,27562,Wiersz poniedziałek skała,pan Tobiasz Michnik,6,4,1953,Wydanie I,314,True,Świadczyć technika lista zmiana temat stworzyć. Swój posiłek drewniany dawny większość powstanie.,wypożyczony
2387,9780428279417,9185,Wśród wy 80,Igor Ciaś,6,6,2000,Wydanie I,796,True,Pani sygnał pani ramię. Świecić dodać mama broń pojęcie zwykły.,dostępny
2388,9781296362881,82961,Góra szacunek rzeczownik kosz pomieszczenie,Urszula Wyroślak,2,6,1970,Wydanie I,197,True,Ryzyko wschód ćwiczenie radiowy tor. Chrystus cukier banknot stworzyć góra.,dostępny
2389,9780768677201,30092,40 dzięki w formie zostać,Malwina Materek,9,6,1967,Wydanie I,355,True,Dyrektor w kształcie Ameryka władza.,dostępny
2390,9780501265870,82944,Pająk istnieć robota trzeba poziom,Paweł Stanclik,7,7,1963,Wydanie I,572,False,Błąd zaś pewien rasa właściwość. Cel lewy księżyc figura produkcja.,dostępny
2391,9781256020141,5494,Północny sytuacja umysł zawierać,Apolonia Lorenz,8,1,1993,Wydanie I,445,True,Danie pomarańczowy aktor but.,w konserwacji
2392,9780543464620,37759,Cierpieć jakość czekolada,Tymon Myk,3,2,1983,Wydanie I,353,True,Kolano bogini polityka szósty obwód. Według lato konstrukcja bogini naczynie.,w konserwacji
2393,9780414399907,88185,Owca przepis leżeć Egipt,Piotr Przekwas,6,6,2008,Wydanie I,212,False,Własny oficjalny dobrze. Wysoki użycie słodki akcja. Nigdy zima bóg uwaga stanowić.,dostępny
2394,9781432155315,63836,Zajmować Się następować zwykle biec,Mariusz Bartoszczyk,9,2,1977,Wydanie I,588,True,Wystawa prezent odzież wstyd. Być masa łatwy barwa środa usta kochać.,wypożyczony
2395,9781773311876,70417,Córka dźwięk jeść,pani Sonia Kościesza,4,5,1950,Wydanie I,797,False,Móc wspomnienie gdzieś uciec grzech. Metal rezultat wewnątrz liść rynek zmieniać brzuch.,dostępny
2396,9781432155315,27471,Zajmować Się następować zwykle biec,Mariusz Bartoszczyk,9,9,1977,Wydanie I,588,True,Wystawa prezent odzież wstyd. Być masa łatwy barwa środa usta kochać.,dostępny
2397,9781435262805,69224,Sześćdziesiąt więcej piętro ani po,Marianna Berus,5,3,1998,Wydanie I,285,True,Budowla przypadek alkohol strefa ciemny flaga słoneczny. Trzymać wiek autor król nic 3 chemiczny.,dostępny
2398,9780466343330,43605,Marka bić dolina pożar oglądać,Klara Ciarka,9,10,2024,Wydanie I,697,False,Transport wysyłać zmienić plecy chcieć wielkość. Tylko cienki powiat widzieć Austria.,dostępny
2399,9780582900776,57447,Dźwięk istnienie,Ewelina Fras,10,9,2018,Wydanie I,336,False,Większość wystawa osiemdziesiąt wnętrze. Myśl dodać przykład Francja z.,wypożyczony
2400,9781138492578,18699,Teoria obywatelka dzisiaj ziarno,Maciej Pyrkosz,9,7,1998,Wydanie I,487,True,Woda ostry wytwarzać katastrofa spór znaczny oficjalny.,wypożyczony
2401,9781718044685,21906,Pisarz prezydent dowód,Marianna Poleszak,2,7,1968,Wydanie I,561,True,Porządek srebro używać wycieczka zawód zniszczyć go.,w konserwacji
2402,9781337968874,54716,Zasada flaga coś ze,Angelika Trzyna,10,4,1980,Wydanie I,217,False,Lista kosztować ogon śpiewać. Ryba dać przyczyna.,wypożyczony
2403,9780466343330,3400,Marka bić dolina pożar oglądać,Klara Ciarka,9,2,2024,Wydanie I,697,False,Transport wysyłać zmienić plecy chcieć wielkość. Tylko cienki powiat widzieć Austria.,wypożyczony
2404,9781138492578,95565,Teoria obywatelka dzisiaj ziarno,Maciej Pyrkosz,9,1,1998,Wydanie I,487,True,Woda ostry wytwarzać katastrofa spór znaczny oficjalny.,dostępny
2405,9781773311876,73017,Córka dźwięk jeść,pani Sonia Kościesza,4,6,1950,Wydanie I,797,False,Móc wspomnienie gdzieś uciec grzech. Metal rezultat wewnątrz liść rynek zmieniać brzuch.,wypożyczony
2406,9780393892420,69893,Przyrząd zapalenie,pan Konrad Wojtak,1,7,1973,Wydanie I,547,False,Skłonność szkło rozwój nieść skała jednocześnie. Lato słyszeć podczas morski wóz spadać atak.,w konserwacji
2407,9781167966286,50239,Prawdziwy postępowanie okno,Anastazja Soczewka,8,7,1977,Wydanie I,314,True,Koncert bardzo potrafić suma morze. Dialekt podnosić pani rzeczownik model wieża tamten wóz.,wypożyczony
2408,9780768677201,72592,40 dzięki w formie zostać,Malwina Materek,9,9,1967,Wydanie I,355,False,Dyrektor w kształcie Ameryka władza.,w konserwacji
2409,9781435262805,86205,Sześćdziesiąt więcej piętro ani po,Marianna Berus,5,5,1998,Wydanie I,285,True,Budowla przypadek alkohol strefa ciemny flaga słoneczny. Trzymać wiek autor król nic 3 chemiczny.,dostępny
2410,9780280858225,39900,Natychmiast zbyt trawa atak,Antoni Warzybok,5,5,1951,Wydanie I,164,False,Żydowski anioł powstawać sędzia pragnąć. Dzień los wspaniały chcieć.,w konserwacji
2411,9781337968874,48496,Zasada flaga coś ze,Angelika Trzyna,10,10,1980,Wydanie I,217,True,Lista kosztować ogon śpiewać. Ryba dać przyczyna.,wypożyczony
2412,9780501265870,32748,Pająk istnieć robota trzeba poziom,Paweł Stanclik,7,3,1963,Wydanie I,572,True,Błąd zaś pewien rasa właściwość. Cel lewy księżyc figura produkcja.,dostępny
2413,9781718044685,74488,Pisarz prezydent dowód,Marianna Poleszak,2,1,1968,Wydanie I,561,False,Porządek srebro używać wycieczka zawód zniszczyć go.,w konserwacji
2414,9780027914276,23667,Powodować polityczny strona,Jędrzej Pielach,3,8,2013,Wydanie I,590,True,Gaz w końcu drzwi słońce las. Plac pewien leczenie.,w konserwacji
2415,9780735005464,57855,Pogoda żyć przebywać ciemność pociąg,pani Klara Dziewit,4,4,1997,Wydanie I,442,True,Taki głośny wąski filmowy jeździć. Żywy osioł strefa wróg.,dostępny
2416,9781167966286,22417,Prawdziwy postępowanie okno,Anastazja Soczewka,8,4,1977,Wydanie I,314,False,Koncert bardzo potrafić suma morze. Dialekt podnosić pani rzeczownik model wieża tamten wóz.,w konserwacji
2417,9781432155315,49007,Zajmować Się następować zwykle biec,Mariusz Bartoszczyk,9,2,1977,Wydanie I,588,True,Wystawa prezent odzież wstyd. Być masa łatwy barwa środa usta kochać.,w konserwacji
2418,9780348977738,84209,Do dorosły,pani Ada Flisiak,7,4,1956,Wydanie I,782,True,Wakacje 100 siedemdziesiąt firma wtorek budowa. Reguła archipelag Szwecja ucho szkodliwy.,w konserwacji
2419,9780362591026,15435,Trzeba oko,Janina Kołak,8,5,1976,Wydanie I,669,False,Krok świeży bar stary dół kolega. Dziura studia pas majuskuła.,dostępny
2420,9780134362441,21045,Królowa kuchnia pod głowa,Adam Zbrożek,4,6,2000,Wydanie I,506,True,W Ciągu skutek łatwo czekolada zakończyć. Turecki nikt kurs ona miejscowość nadawać.,dostępny
2421,9780668657846,34698,Księga powstawać późno moralny dziecięcy,pani Julita Rajchel,10,3,1957,Wydanie I,511,True,Srebro mieszkanie prawny procent dobro chwila. Polityczny popularny dół istnienie dolina.,w konserwacji
2422,9781865407234,50171,Włosy kwiecień most zespół budować,Albert Zarzeczna,5,9,1962,Wydanie I,347,True,Starożytny dobro rzeka plecy otwór patrzeć strój.,wypożyczony
2423,9780428279417,51247,Wśród wy 80,Igor Ciaś,6,9,2000,Wydanie I,796,True,Pani sygnał pani ramię. Świecić dodać mama broń pojęcie zwykły.,wypożyczony
2424,9780380954667,89596,Użytkownik jeśli św. sprzęt,Krystian Piaścik,4,7,1981,Wydanie I,552,True,Jedenaście otwierać zwykły prawdziwy prędkość malować kolorowy. Tłumaczyć grać transport jednak.,dostępny
2425,9780362591026,39920,Trzeba oko,Janina Kołak,8,2,1976,Wydanie I,669,True,Krok świeży bar stary dół kolega. Dziura studia pas majuskuła.,wypożyczony
2426,9780393892420,35177,Przyrząd zapalenie,pan Konrad Wojtak,1,1,1973,Wydanie I,547,True,Skłonność szkło rozwój nieść skała jednocześnie. Lato słyszeć podczas morski wóz spadać atak.,dostępny
2427,9780814943571,9745,Stado lud krew,Łukasz Radzewicz,4,4,1982,Wydanie I,347,False,Pierwiastek koszt wystawa lewy niezwykły wyspa. W Ciągu pieniądz krok wychodzić literatura wydać.,dostępny
2428,9780027914276,26424,Powodować polityczny strona,Jędrzej Pielach,3,10,2013,Wydanie I,590,False,Gaz w końcu drzwi słońce las. Plac pewien leczenie.,wypożyczony
2429,9780888596710,48192,Dokładnie te dorosły zgadzać się most,pan Igor Doruch,4,3,1950,Wydanie I,165,True,Park rynek zgodny francuski. Dziób trwać idea obowiązywać zbiór papier jakość.,dostępny
2430,9781759252018,59797,Węgiel kilometr czyn a własny,Jerzy Pabisiak,5,2,1997,Wydanie I,471,False,"Piasek kolor późny chleb.
Lud jeszcze góra tylko.",dostępny
2431,9781718044685,75275,Pisarz prezydent dowód,Marianna Poleszak,2,8,1968,Wydanie I,561,True,Porządek srebro używać wycieczka zawód zniszczyć go.,w konserwacji
2432,9780501265870,81194,Pająk istnieć robota trzeba poziom,Paweł Stanclik,7,2,1963,Wydanie I,572,False,Błąd zaś pewien rasa właściwość. Cel lewy księżyc figura produkcja.,wypożyczony
2433,9780543464620,97589,Cierpieć jakość czekolada,Tymon Myk,3,7,1983,Wydanie I,353,True,Kolano bogini polityka szósty obwód. Według lato konstrukcja bogini naczynie.,w konserwacji
2434,9780027914276,3416,Powodować polityczny strona,Jędrzej Pielach,3,1,2013,Wydanie I,590,False,Gaz w końcu drzwi słońce las. Plac pewien leczenie.,w konserwacji
2435,9780280858225,10752,Natychmiast zbyt trawa atak,Antoni Warzybok,5,6,1951,Wydanie I,164,True,Żydowski anioł powstawać sędzia pragnąć. Dzień los wspaniały chcieć.,w konserwacji
2436,9780543464620,7774,Cierpieć jakość czekolada,Tymon Myk,3,8,1983,Wydanie I,353,False,Kolano bogini polityka szósty obwód. Według lato konstrukcja bogini naczynie.,wypożyczony
2437,9780928916836,81191,Użytkownik posługiwać się rasa próba,Kornelia Kuczaj,6,10,1978,Wydanie I,466,False,Wobec słodki sport charakter. Jechać niebo temperatura bilet powiat kolega.,wypożyczony
2438,9780690936506,18378,Pomysł 40 temat znany,Julita Drobot,9,9,2016,Wydanie I,505,False,Zwycięstwo biec uznawać powodować. Czapka doskonały jakby.,dostępny
2439,9781698428123,50825,Ulegać dyrektor koza gwałtowny,Kaja Kałwa,3,5,1992,Wydanie I,762,True,Miejscowość utwór mężczyzna wszelki chociaż narząd lód. Fakt zniszczyć hałas no mowa aktywny ślad.,dostępny
2440,9780814943571,22064,Stado lud krew,Łukasz Radzewicz,4,4,1982,Wydanie I,347,False,Pierwiastek koszt wystawa lewy niezwykły wyspa. W Ciągu pieniądz krok wychodzić literatura wydać.,dostępny
2441,9780428279417,88687,Wśród wy 80,Igor Ciaś,6,4,2000,Wydanie I,796,False,Pani sygnał pani ramię. Świecić dodać mama broń pojęcie zwykły.,w konserwacji
2442,9781616142964,16819,Okazja chmura święto ziemia,pani Justyna Nowotny,10,6,1979,Wydanie I,784,False,Dowód otrzymać brzuch chodzić godzina port. Bułgarski 4 za pomocą pić właściwy szósty wy.,w konserwacji
2443,9781874227250,86165,Warstwa wina zwykły,Cyprian Kott,2,6,1994,Wydanie I,776,True,Płeć obowiązywać powinien zdolność. Rachunek siostra radio można wysyłać krzew rasa złożony.,wypożyczony
2444,9780380954667,42407,Użytkownik jeśli św. sprzęt,Krystian Piaścik,4,3,1981,Wydanie I,552,True,Jedenaście otwierać zwykły prawdziwy prędkość malować kolorowy. Tłumaczyć grać transport jednak.,w konserwacji
2445,9780362591026,9845,Trzeba oko,Janina Kołak,8,3,1976,Wydanie I,669,False,Krok świeży bar stary dół kolega. Dziura studia pas majuskuła.,wypożyczony
2446,9781337968874,49421,Zasada flaga coś ze,Angelika Trzyna,10,1,1980,Wydanie I,217,False,Lista kosztować ogon śpiewać. Ryba dać przyczyna.,w konserwacji
2447,9780690936506,86807,Pomysł 40 temat znany,Julita Drobot,9,4,2016,Wydanie I,505,True,Zwycięstwo biec uznawać powodować. Czapka doskonały jakby.,wypożyczony
2448,9780523118734,76730,Skutek imię oraz elektryczny,pan Oliwier Stefankiewicz,7,9,2012,Wydanie I,139,True,Marzec wpaść pod. Obchodzić włożyć reguła kula miasto handlowy katastrofa wesoły.,w konserwacji
2449,9781134555819,93607,Oraz kilka,pan Wojciech Lenda,4,4,1981,Wydanie I,268,False,Metal lampa substancja mąż. Wiedzieć walczyć strefa pacjent nie ma piękny.,dostępny
2450,9781865407234,82376,Włosy kwiecień most zespół budować,Albert Zarzeczna,5,3,1962,Wydanie I,347,False,Starożytny dobro rzeka plecy otwór patrzeć strój.,w konserwacji
2451,9781426248160,37940,Wiersz poniedziałek skała,pan Tobiasz Michnik,6,10,1953,Wydanie I,314,False,Świadczyć technika lista zmiana temat stworzyć. Swój posiłek drewniany dawny większość powstanie.,wypożyczony
2452,9780668657846,88720,Księga powstawać późno moralny dziecięcy,pani Julita Rajchel,10,8,1957,Wydanie I,511,False,Srebro mieszkanie prawny procent dobro chwila. Polityczny popularny dół istnienie dolina.,w konserwacji
2453,9781256020141,27273,Północny sytuacja umysł zawierać,Apolonia Lorenz,8,6,1993,Wydanie I,445,False,Danie pomarańczowy aktor but.,w konserwacji
2454,9781385509982,80760,Anglia silnik tylko swój około,Anastazja Larysz,2,6,1984,Wydanie I,739,False,Chwila pamięć szybko gdzie postać sąd. Państwowy Piotr postawa hałas plemię artystyczny.,w konserwacji
2455,9781536822250,73087,Kula sztuczny włożyć Ameryka,Aleks Staśko,5,4,1960,Wydanie I,786,False,Gospodarka wywołać tam wszystek 7 wygrać słodki zysk. Ucho siedziba zmęczony właściwy obok.,w konserwacji
2456,9780582900776,22340,Dźwięk istnienie,Ewelina Fras,10,10,2018,Wydanie I,336,True,Większość wystawa osiemdziesiąt wnętrze. Myśl dodać przykład Francja z.,wypożyczony
2457,9781432155315,48219,Zajmować Się następować zwykle biec,Mariusz Bartoszczyk,9,10,1977,Wydanie I,588,True,Wystawa prezent odzież wstyd. Być masa łatwy barwa środa usta kochać.,w konserwacji
2458,9781698428123,85055,Ulegać dyrektor koza gwałtowny,Kaja Kałwa,3,4,1992,Wydanie I,762,False,Miejscowość utwór mężczyzna wszelki chociaż narząd lód. Fakt zniszczyć hałas no mowa aktywny ślad.,wypożyczony
2459,9781435262805,72416,Sześćdziesiąt więcej piętro ani po,Marianna Berus,5,4,1998,Wydanie I,285,False,Budowla przypadek alkohol strefa ciemny flaga słoneczny. Trzymać wiek autor król nic 3 chemiczny.,wypożyczony
2460,9781072287513,19452,Fabryka skończyć operacja dorosły,pani Anna Maria Fiołek,6,9,2020,Wydanie I,241,True,Kamień fala długo Czechy czysty.,w konserwacji
2461,9780768677201,91660,40 dzięki w formie zostać,Malwina Materek,9,3,1967,Wydanie I,355,True,Dyrektor w kształcie Ameryka władza.,dostępny
2462,9781545385265,72558,Cecha zakończenie pomarańczowy wreszcie ten,pan Marek Hermanowicz,3,10,1981,Wydanie I,155,True,Aż żart powstawać długość ona w typ. Piosenka Niemiec Holandia.,dostępny
2463,9780428279417,46082,Wśród wy 80,Igor Ciaś,6,8,2000,Wydanie I,796,True,Pani sygnał pani ramię. Świecić dodać mama broń pojęcie zwykły.,w konserwacji
2464,9780543464620,5481,Cierpieć jakość czekolada,Tymon Myk,3,5,1983,Wydanie I,353,False,Kolano bogini polityka szósty obwód. Według lato konstrukcja bogini naczynie.,wypożyczony
2465,9781024774184,86798,Czwartek ząb stać się królewski zegar,Cyprian Rudyk,1,10,2013,Wydanie I,118,False,Marzec zachowanie pełny w końcu. Nad czy ubogi zielony Niemcy biblioteka.,w konserwacji
2466,9780466343330,99062,Marka bić dolina pożar oglądać,Klara Ciarka,9,10,2024,Wydanie I,697,False,Transport wysyłać zmienić plecy chcieć wielkość. Tylko cienki powiat widzieć Austria.,dostępny
2467,9781536822250,31952,Kula sztuczny włożyć Ameryka,Aleks Staśko,5,1,1960,Wydanie I,786,False,Gospodarka wywołać tam wszystek 7 wygrać słodki zysk. Ucho siedziba zmęczony właściwy obok.,dostępny
2468,9781759252018,11234,Węgiel kilometr czyn a własny,Jerzy Pabisiak,5,2,1997,Wydanie I,471,True,"Piasek kolor późny chleb.
Lud jeszcze góra tylko.",w konserwacji
2469,9780523118734,86390,Skutek imię oraz elektryczny,pan Oliwier Stefankiewicz,7,8,2012,Wydanie I,139,False,Marzec wpaść pod. Obchodzić włożyć reguła kula miasto handlowy katastrofa wesoły.,wypożyczony
2470,9780428279417,6993,Wśród wy 80,Igor Ciaś,6,5,2000,Wydanie I,796,True,Pani sygnał pani ramię. Świecić dodać mama broń pojęcie zwykły.,dostępny
2471,9781432155315,30979,Zajmować Się następować zwykle biec,Mariusz Bartoszczyk,9,7,1977,Wydanie I,588,True,Wystawa prezent odzież wstyd. Być masa łatwy barwa środa usta kochać.,wypożyczony
2472,9780380954667,34007,Użytkownik jeśli św. sprzęt,Krystian Piaścik,4,7,1981,Wydanie I,552,False,Jedenaście otwierać zwykły prawdziwy prędkość malować kolorowy. Tłumaczyć grać transport jednak.,dostępny
2473,9781017268270,21539,Odwaga dziać się taki,pan Borys Kobak,1,8,1954,Wydanie I,171,True,Płyn Chiny staw nagle. Egipt strumień azjatycki różny wolny stać. Kapelusz umysł budynek wojna.,dostępny
2474,9780523118734,58783,Skutek imię oraz elektryczny,pan Oliwier Stefankiewicz,7,1,2012,Wydanie I,139,True,Marzec wpaść pod. Obchodzić włożyć reguła kula miasto handlowy katastrofa wesoły.,wypożyczony
2475,9780134362441,61310,Królowa kuchnia pod głowa,Adam Zbrożek,4,7,2000,Wydanie I,506,False,W Ciągu skutek łatwo czekolada zakończyć. Turecki nikt kurs ona miejscowość nadawać.,wypożyczony
2476,9781256020141,5221,Północny sytuacja umysł zawierać,Apolonia Lorenz,8,2,1993,Wydanie I,445,False,Danie pomarańczowy aktor but.,wypożyczony
2477,9781874227250,85847,Warstwa wina zwykły,Cyprian Kott,2,8,1994,Wydanie I,776,True,Płeć obowiązywać powinien zdolność. Rachunek siostra radio można wysyłać krzew rasa złożony.,wypożyczony
2478,9780393892420,70735,Przyrząd zapalenie,pan Konrad Wojtak,1,2,1973,Wydanie I,547,True,Skłonność szkło rozwój nieść skała jednocześnie. Lato słyszeć podczas morski wóz spadać atak.,w konserwacji
2479,9781435262805,84326,Sześćdziesiąt więcej piętro ani po,Marianna Berus,5,7,1998,Wydanie I,285,False,Budowla przypadek alkohol strefa ciemny flaga słoneczny. Trzymać wiek autor król nic 3 chemiczny.,wypożyczony
2480,9780501265870,4830,Pająk istnieć robota trzeba poziom,Paweł Stanclik,7,10,1963,Wydanie I,572,True,Błąd zaś pewien rasa właściwość. Cel lewy księżyc figura produkcja.,wypożyczony
2481,9780582900776,33029,Dźwięk istnienie,Ewelina Fras,10,8,2018,Wydanie I,336,True,Większość wystawa osiemdziesiąt wnętrze. Myśl dodać przykład Francja z.,w konserwacji
2482,9781017268270,7954,Odwaga dziać się taki,pan Borys Kobak,1,5,1954,Wydanie I,171,True,Płyn Chiny staw nagle. Egipt strumień azjatycki różny wolny stać. Kapelusz umysł budynek wojna.,dostępny
2483,9780668657846,19302,Księga powstawać późno moralny dziecięcy,pani Julita Rajchel,10,5,1957,Wydanie I,511,True,Srebro mieszkanie prawny procent dobro chwila. Polityczny popularny dół istnienie dolina.,wypożyczony
2484,9780005513132,79220,60 ogród gwiazda,Julianna Żmija,2,10,1980,Wydanie I,626,False,Dodatkowy pływać czwartek studiować swój.,w konserwacji
2485,9780582900776,89922,Dźwięk istnienie,Ewelina Fras,10,6,2018,Wydanie I,336,False,Większość wystawa osiemdziesiąt wnętrze. Myśl dodać przykład Francja z.,w konserwacji
2486,9780523118734,76549,Skutek imię oraz elektryczny,pan Oliwier Stefankiewicz,7,6,2012,Wydanie I,139,True,Marzec wpaść pod. Obchodzić włożyć reguła kula miasto handlowy katastrofa wesoły.,w konserwacji
2487,9780380954667,59701,Użytkownik jeśli św. sprzęt,Krystian Piaścik,4,7,1981,Wydanie I,552,True,Jedenaście otwierać zwykły prawdziwy prędkość malować kolorowy. Tłumaczyć grać transport jednak.,dostępny
2488,9780362591026,32999,Trzeba oko,Janina Kołak,8,6,1976,Wydanie I,669,True,Krok świeży bar stary dół kolega. Dziura studia pas majuskuła.,wypożyczony
2489,9780393892420,80798,Przyrząd zapalenie,pan Konrad Wojtak,1,10,1973,Wydanie I,547,True,Skłonność szkło rozwój nieść skała jednocześnie. Lato słyszeć podczas morski wóz spadać atak.,wypożyczony
2490,9780393892420,86207,Przyrząd zapalenie,pan Konrad Wojtak,1,6,1973,Wydanie I,547,True,Skłonność szkło rozwój nieść skała jednocześnie. Lato słyszeć podczas morski wóz spadać atak.,dostępny
2491,9780523118734,9929,Skutek imię oraz elektryczny,pan Oliwier Stefankiewicz,7,1,2012,Wydanie I,139,False,Marzec wpaść pod. Obchodzić włożyć reguła kula miasto handlowy katastrofa wesoły.,wypożyczony
2492,9780928916836,95026,Użytkownik posługiwać się rasa próba,Kornelia Kuczaj,6,8,1978,Wydanie I,466,False,Wobec słodki sport charakter. Jechać niebo temperatura bilet powiat kolega.,w konserwacji
2493,9780668657846,13179,Księga powstawać późno moralny dziecięcy,pani Julita Rajchel,10,6,1957,Wydanie I,511,False,Srebro mieszkanie prawny procent dobro chwila. Polityczny popularny dół istnienie dolina.,wypożyczony
2494,9780928916836,93818,Użytkownik posługiwać się rasa próba,Kornelia Kuczaj,6,6,1978,Wydanie I,466,False,Wobec słodki sport charakter. Jechać niebo temperatura bilet powiat kolega.,wypożyczony
2495,9781773311876,49524,Córka dźwięk jeść,pani Sonia Kościesza,4,7,1950,Wydanie I,797,False,Móc wspomnienie gdzieś uciec grzech. Metal rezultat wewnątrz liść rynek zmieniać brzuch.,dostępny
2496,9780888596710,26811,Dokładnie te dorosły zgadzać się most,pan Igor Doruch,4,6,1950,Wydanie I,165,False,Park rynek zgodny francuski. Dziób trwać idea obowiązywać zbiór papier jakość.,dostępny
2497,9780348977738,9714,Do dorosły,pani Ada Flisiak,7,9,1956,Wydanie I,782,False,Wakacje 100 siedemdziesiąt firma wtorek budowa. Reguła archipelag Szwecja ucho szkodliwy.,dostępny
2498,9781536822250,41758,Kula sztuczny włożyć Ameryka,Aleks Staśko,5,3,1960,Wydanie I,786,False,Gospodarka wywołać tam wszystek 7 wygrać słodki zysk. Ucho siedziba zmęczony właściwy obok.,wypożyczony
2499,9780523118734,93248,Skutek imię oraz elektryczny,pan Oliwier Stefankiewicz,7,3,2012,Wydanie I,139,True,Marzec wpaść pod. Obchodzić włożyć reguła kula miasto handlowy katastrofa wesoły.,wypożyczony
2500,9781072287513,20384,Fabryka skończyć operacja dorosły,pani Anna Maria Fiołek,6,2,2020,Wydanie I,241,False,Kamień fala długo Czechy czysty.,w konserwacji
2501,9780428279417,78843,Wśród wy 80,Igor Ciaś,6,2,2000,Wydanie I,796,False,Pani sygnał pani ramię. Świecić dodać mama broń pojęcie zwykły.,dostępny
2502,9780928916836,24146,Użytkownik posługiwać się rasa próba,Kornelia Kuczaj,6,5,1978,Wydanie I,466,True,Wobec słodki sport charakter. Jechać niebo temperatura bilet powiat kolega.,dostępny
2503,9780348977738,75520,Do dorosły,pani Ada Flisiak,7,8,1956,Wydanie I,782,False,Wakacje 100 siedemdziesiąt firma wtorek budowa. Reguła archipelag Szwecja ucho szkodliwy.,wypożyczony
2504,9780134362441,41906,Królowa kuchnia pod głowa,Adam Zbrożek,4,1,2000,Wydanie I,506,False,W Ciągu skutek łatwo czekolada zakończyć. Turecki nikt kurs ona miejscowość nadawać.,w konserwacji
2505,9780888596710,21714,Dokładnie te dorosły zgadzać się most,pan Igor Doruch,4,8,1950,Wydanie I,165,False,Park rynek zgodny francuski. Dziób trwać idea obowiązywać zbiór papier jakość.,wypożyczony
2506,9781134555819,47194,Oraz kilka,pan Wojciech Lenda,4,2,1981,Wydanie I,268,True,Metal lampa substancja mąż. Wiedzieć walczyć strefa pacjent nie ma piękny.,w konserwacji
2507,9781024774184,57903,Czwartek ząb stać się królewski zegar,Cyprian Rudyk,1,7,2013,Wydanie I,118,True,Marzec zachowanie pełny w końcu. Nad czy ubogi zielony Niemcy biblioteka.,w konserwacji
2508,9781536822250,67147,Kula sztuczny włożyć Ameryka,Aleks Staśko,5,5,1960,Wydanie I,786,True,Gospodarka wywołać tam wszystek 7 wygrać słodki zysk. Ucho siedziba zmęczony właściwy obok.,wypożyczony
2509,9781718044685,88997,Pisarz prezydent dowód,Marianna Poleszak,2,9,1968,Wydanie I,561,False,Porządek srebro używać wycieczka zawód zniszczyć go.,wypożyczony
2510,9781718044685,82375,Pisarz prezydent dowód,Marianna Poleszak,2,9,1968,Wydanie I,561,True,Porządek srebro używać wycieczka zawód zniszczyć go.,dostępny
2511,9780094652866,66591,Używać specjalny międzynarodowy móc,Krystian Serwach,7,5,1967,Wydanie I,696,False,Współczesny biskup opinia futro. Ogromny zimno wiosna wino. Słońce specjalny państwo jednostka.,dostępny
2512,9781773311876,65503,Córka dźwięk jeść,pani Sonia Kościesza,4,7,1950,Wydanie I,797,False,Móc wspomnienie gdzieś uciec grzech. Metal rezultat wewnątrz liść rynek zmieniać brzuch.,dostępny
2513,9781167966286,26920,Prawdziwy postępowanie okno,Anastazja Soczewka,8,8,1977,Wydanie I,314,False,Koncert bardzo potrafić suma morze. Dialekt podnosić pani rzeczownik model wieża tamten wóz.,wypożyczony
2514,9781536822250,49734,Kula sztuczny włożyć Ameryka,Aleks Staśko,5,6,1960,Wydanie I,786,True,Gospodarka wywołać tam wszystek 7 wygrać słodki zysk. Ucho siedziba zmęczony właściwy obok.,wypożyczony
2515,9781536822250,20700,Kula sztuczny włożyć Ameryka,Aleks Staśko,5,1,1960,Wydanie I,786,True,Gospodarka wywołać tam wszystek 7 wygrać słodki zysk. Ucho siedziba zmęczony właściwy obok.,w konserwacji
2516,9780134362441,56582,Królowa kuchnia pod głowa,Adam Zbrożek,4,2,2000,Wydanie I,506,False,W Ciągu skutek łatwo czekolada zakończyć. Turecki nikt kurs ona miejscowość nadawać.,wypożyczony
2517,9781024774184,64300,Czwartek ząb stać się królewski zegar,Cyprian Rudyk,1,3,2013,Wydanie I,118,True,Marzec zachowanie pełny w końcu. Nad czy ubogi zielony Niemcy biblioteka.,dostępny
2518,9781345231809,25285,Chłop moneta dziesięć granica ochrona,Andrzej Stein,10,1,2004,Wydanie I,278,True,Lot strefa klucz robić Polak. Cecha ozdoba międzynarodowy fałszywy lód uciekać.,w konserwacji
2519,9780134362441,90607,Królowa kuchnia pod głowa,Adam Zbrożek,4,5,2000,Wydanie I,506,False,W Ciągu skutek łatwo czekolada zakończyć. Turecki nikt kurs ona miejscowość nadawać.,w konserwacji
2520,9781167966286,81653,Prawdziwy postępowanie okno,Anastazja Soczewka,8,10,1977,Wydanie I,314,True,Koncert bardzo potrafić suma morze. Dialekt podnosić pani rzeczownik model wieża tamten wóz.,wypożyczony
2521,9781345231809,13673,Chłop moneta dziesięć granica ochrona,Andrzej Stein,10,5,2004,Wydanie I,278,True,Lot strefa klucz robić Polak. Cecha ozdoba międzynarodowy fałszywy lód uciekać.,dostępny
2522,9780582900776,56046,Dźwięk istnienie,Ewelina Fras,10,5,2018,Wydanie I,336,False,Większość wystawa osiemdziesiąt wnętrze. Myśl dodać przykład Francja z.,wypożyczony
2523,9780348977738,57500,Do dorosły,pani Ada Flisiak,7,8,1956,Wydanie I,782,False,Wakacje 100 siedemdziesiąt firma wtorek budowa. Reguła archipelag Szwecja ucho szkodliwy.,wypożyczony
2524,9780768677201,85887,40 dzięki w formie zostać,Malwina Materek,9,7,1967,Wydanie I,355,True,Dyrektor w kształcie Ameryka władza.,w konserwacji
2525,9780094652866,45329,Używać specjalny międzynarodowy móc,Krystian Serwach,7,4,1967,Wydanie I,696,True,Współczesny biskup opinia futro. Ogromny zimno wiosna wino. Słońce specjalny państwo jednostka.,dostępny
2526,9781017268270,22917,Odwaga dziać się taki,pan Borys Kobak,1,5,1954,Wydanie I,171,True,Płyn Chiny staw nagle. Egipt strumień azjatycki różny wolny stać. Kapelusz umysł budynek wojna.,wypożyczony
2527,9781432155315,61539,Zajmować Się następować zwykle biec,Mariusz Bartoszczyk,9,6,1977,Wydanie I,588,False,Wystawa prezent odzież wstyd. Być masa łatwy barwa środa usta kochać.,dostępny
2528,9780005513132,35024,60 ogród gwiazda,Julianna Żmija,2,5,1980,Wydanie I,626,False,Dodatkowy pływać czwartek studiować swój.,wypożyczony
2529,9781545385265,23828,Cecha zakończenie pomarańczowy wreszcie ten,pan Marek Hermanowicz,3,9,1981,Wydanie I,155,True,Aż żart powstawać długość ona w typ. Piosenka Niemiec Holandia.,w konserwacji
2530,9780380954667,2058,Użytkownik jeśli św. sprzęt,Krystian Piaścik,4,2,1981,Wydanie I,552,True,Jedenaście otwierać zwykły prawdziwy prędkość malować kolorowy. Tłumaczyć grać transport jednak.,dostępny
2531,9781536822250,46279,Kula sztuczny włożyć Ameryka,Aleks Staśko,5,6,1960,Wydanie I,786,False,Gospodarka wywołać tam wszystek 7 wygrać słodki zysk. Ucho siedziba zmęczony właściwy obok.,wypożyczony
2532,9780735005464,83401,Pogoda żyć przebywać ciemność pociąg,pani Klara Dziewit,4,3,1997,Wydanie I,442,False,Taki głośny wąski filmowy jeździć. Żywy osioł strefa wróg.,dostępny
2533,9781024774184,62529,Czwartek ząb stać się królewski zegar,Cyprian Rudyk,1,7,2013,Wydanie I,118,False,Marzec zachowanie pełny w końcu. Nad czy ubogi zielony Niemcy biblioteka.,dostępny
2534,9781545385265,19360,Cecha zakończenie pomarańczowy wreszcie ten,pan Marek Hermanowicz,3,10,1981,Wydanie I,155,True,Aż żart powstawać długość ona w typ. Piosenka Niemiec Holandia.,dostępny
2535,9780690936506,50515,Pomysł 40 temat znany,Julita Drobot,9,3,2016,Wydanie I,505,True,Zwycięstwo biec uznawać powodować. Czapka doskonały jakby.,dostępny
2536,9781435262805,54286,Sześćdziesiąt więcej piętro ani po,Marianna Berus,5,7,1998,Wydanie I,285,False,Budowla przypadek alkohol strefa ciemny flaga słoneczny. Trzymać wiek autor król nic 3 chemiczny.,w konserwacji
2537,9780414399907,34017,Owca przepis leżeć Egipt,Piotr Przekwas,6,9,2008,Wydanie I,212,True,Własny oficjalny dobrze. Wysoki użycie słodki akcja. Nigdy zima bóg uwaga stanowić.,w konserwacji
2538,9780134362441,26096,Królowa kuchnia pod głowa,Adam Zbrożek,4,6,2000,Wydanie I,506,False,W Ciągu skutek łatwo czekolada zakończyć. Turecki nikt kurs ona miejscowość nadawać.,w konserwacji
2539,9780348977738,48299,Do dorosły,pani Ada Flisiak,7,5,1956,Wydanie I,782,False,Wakacje 100 siedemdziesiąt firma wtorek budowa. Reguła archipelag Szwecja ucho szkodliwy.,wypożyczony
2540,9780798423175,86908,Pić czerwony,Borys Getka,9,6,1958,Wydanie I,650,False,Słoneczny zachodni nocny. Pasek los także delikatny przychodzić.,wypożyczony
2541,9780094652866,3016,Używać specjalny międzynarodowy móc,Krystian Serwach,7,1,1967,Wydanie I,696,False,Współczesny biskup opinia futro. Ogromny zimno wiosna wino. Słońce specjalny państwo jednostka.,wypożyczony
2542,9780768677201,15943,40 dzięki w formie zostać,Malwina Materek,9,3,1967,Wydanie I,355,False,Dyrektor w kształcie Ameryka władza.,w konserwacji
2543,9781773311876,49032,Córka dźwięk jeść,pani Sonia Kościesza,4,6,1950,Wydanie I,797,False,Móc wspomnienie gdzieś uciec grzech. Metal rezultat wewnątrz liść rynek zmieniać brzuch.,dostępny
2544,9781385509982,90763,Anglia silnik tylko swój około,Anastazja Larysz,2,3,1984,Wydanie I,739,False,Chwila pamięć szybko gdzie postać sąd. Państwowy Piotr postawa hałas plemię artystyczny.,dostępny
2545,9780280858225,52986,Natychmiast zbyt trawa atak,Antoni Warzybok,5,9,1951,Wydanie I,164,False,Żydowski anioł powstawać sędzia pragnąć. Dzień los wspaniały chcieć.,w konserwacji
2546,9780362591026,19097,Trzeba oko,Janina Kołak,8,7,1976,Wydanie I,669,True,Krok świeży bar stary dół kolega. Dziura studia pas majuskuła.,dostępny
2547,9781545385265,15465,Cecha zakończenie pomarańczowy wreszcie ten,pan Marek Hermanowicz,3,5,1981,Wydanie I,155,False,Aż żart powstawać długość ona w typ. Piosenka Niemiec Holandia.,dostępny
2548,9781786430304,12118,- otwierać możliwy bawić się,Urszula Lejk,4,8,1971,Wydanie I,729,True,Wskazywać natychmiast spodnie stawać się za tradycyjny.,dostępny
2549,9780393892420,56281,Przyrząd zapalenie,pan Konrad Wojtak,1,9,1973,Wydanie I,547,False,Skłonność szkło rozwój nieść skała jednocześnie. Lato słyszeć podczas morski wóz spadać atak.,wypożyczony
2550,9780668657846,94577,Księga powstawać późno moralny dziecięcy,pani Julita Rajchel,10,7,1957,Wydanie I,511,True,Srebro mieszkanie prawny procent dobro chwila. Polityczny popularny dół istnienie dolina.,wypożyczony
2551,9780668657846,65549,Księga powstawać późno moralny dziecięcy,pani Julita Rajchel,10,2,1957,Wydanie I,511,True,Srebro mieszkanie prawny procent dobro chwila. Polityczny popularny dół istnienie dolina.,dostępny
2552,9781759252018,22006,Węgiel kilometr czyn a własny,Jerzy Pabisiak,5,6,1997,Wydanie I,471,False,"Piasek kolor późny chleb.
Lud jeszcze góra tylko.",dostępny
2553,9780625136742,69139,Trochę miód umieszczać siostra,pani Agnieszka Kazubek,3,5,1968,Wydanie I,755,True,Dno japoński sprzedaż ziarno naukowy tłumaczyć. Słyszeć łatwo język zbudować późny późno.,dostępny
2554,9780928916836,82979,Użytkownik posługiwać się rasa próba,Kornelia Kuczaj,6,7,1978,Wydanie I,466,True,Wobec słodki sport charakter. Jechać niebo temperatura bilet powiat kolega.,w konserwacji
2555,9780134362441,17377,Królowa kuchnia pod głowa,Adam Zbrożek,4,9,2000,Wydanie I,506,False,W Ciągu skutek łatwo czekolada zakończyć. Turecki nikt kurs ona miejscowość nadawać.,w konserwacji
2556,9781773311876,3723,Córka dźwięk jeść,pani Sonia Kościesza,4,7,1950,Wydanie I,797,False,Móc wspomnienie gdzieś uciec grzech. Metal rezultat wewnątrz liść rynek zmieniać brzuch.,w konserwacji
2557,9780380954667,36344,Użytkownik jeśli św. sprzęt,Krystian Piaścik,4,4,1981,Wydanie I,552,True,Jedenaście otwierać zwykły prawdziwy prędkość malować kolorowy. Tłumaczyć grać transport jednak.,w konserwacji
2558,9781337968874,1462,Zasada flaga coś ze,Angelika Trzyna,10,3,1980,Wydanie I,217,True,Lista kosztować ogon śpiewać. Ryba dać przyczyna.,dostępny
2559,9781426248160,53145,Wiersz poniedziałek skała,pan Tobiasz Michnik,6,1,1953,Wydanie I,314,True,Świadczyć technika lista zmiana temat stworzyć. Swój posiłek drewniany dawny większość powstanie.,dostępny
2560,9781536822250,43574,Kula sztuczny włożyć Ameryka,Aleks Staśko,5,8,1960,Wydanie I,786,False,Gospodarka wywołać tam wszystek 7 wygrać słodki zysk. Ucho siedziba zmęczony właściwy obok.,dostępny
2561,9781337968874,24753,Zasada flaga coś ze,Angelika Trzyna,10,4,1980,Wydanie I,217,False,Lista kosztować ogon śpiewać. Ryba dać przyczyna.,wypożyczony
2562,9780428279417,90202,Wśród wy 80,Igor Ciaś,6,4,2000,Wydanie I,796,False,Pani sygnał pani ramię. Świecić dodać mama broń pojęcie zwykły.,dostępny
2563,9781167966286,57385,Prawdziwy postępowanie okno,Anastazja Soczewka,8,5,1977,Wydanie I,314,True,Koncert bardzo potrafić suma morze. Dialekt podnosić pani rzeczownik model wieża tamten wóz.,dostępny
2564,9781385509982,74215,Anglia silnik tylko swój około,Anastazja Larysz,2,10,1984,Wydanie I,739,False,Chwila pamięć szybko gdzie postać sąd. Państwowy Piotr postawa hałas plemię artystyczny.,wypożyczony
2565,9780466343330,44888,Marka bić dolina pożar oglądać,Klara Ciarka,9,1,2024,Wydanie I,697,False,Transport wysyłać zmienić plecy chcieć wielkość. Tylko cienki powiat widzieć Austria.,w konserwacji
2566,9781545385265,38046,Cecha zakończenie pomarańczowy wreszcie ten,pan Marek Hermanowicz,3,10,1981,Wydanie I,155,False,Aż żart powstawać długość ona w typ. Piosenka Niemiec Holandia.,w konserwacji
2567,9780027914276,30867,Powodować polityczny strona,Jędrzej Pielach,3,2,2013,Wydanie I,590,True,Gaz w końcu drzwi słońce las. Plac pewien leczenie.,wypożyczony
2568,9781773311876,32461,Córka dźwięk jeść,pani Sonia Kościesza,4,4,1950,Wydanie I,797,True,Móc wspomnienie gdzieś uciec grzech. Metal rezultat wewnątrz liść rynek zmieniać brzuch.,wypożyczony
2569,9781017268270,9613,Odwaga dziać się taki,pan Borys Kobak,1,2,1954,Wydanie I,171,False,Płyn Chiny staw nagle. Egipt strumień azjatycki różny wolny stać. Kapelusz umysł budynek wojna.,w konserwacji
2570,9781545385265,63809,Cecha zakończenie pomarańczowy wreszcie ten,pan Marek Hermanowicz,3,1,1981,Wydanie I,155,False,Aż żart powstawać długość ona w typ. Piosenka Niemiec Holandia.,wypożyczony
2571,9781865407234,78995,Włosy kwiecień most zespół budować,Albert Zarzeczna,5,4,1962,Wydanie I,347,True,Starożytny dobro rzeka plecy otwór patrzeć strój.,w konserwacji
2572,9780743425230,60849,Unia Europejska grupa narkotyk,pani Marika Kluczek,8,7,2017,Wydanie I,166,True,Stacja surowy dodać stacja pięć. Istnienie kłopot zajęcie mądry relacja okręt zając.,wypożyczony
2573,9780393892420,11472,Przyrząd zapalenie,pan Konrad Wojtak,1,9,1973,Wydanie I,547,True,Skłonność szkło rozwój nieść skała jednocześnie. Lato słyszeć podczas morski wóz spadać atak.,dostępny
2574,9780027914276,50331,Powodować polityczny strona,Jędrzej Pielach,3,9,2013,Wydanie I,590,True,Gaz w końcu drzwi słońce las. Plac pewien leczenie.,dostępny
2575,9780543464620,31359,Cierpieć jakość czekolada,Tymon Myk,3,8,1983,Wydanie I,353,True,Kolano bogini polityka szósty obwód. Według lato konstrukcja bogini naczynie.,dostępny
2576,9781138492578,80368,Teoria obywatelka dzisiaj ziarno,Maciej Pyrkosz,9,1,1998,Wydanie I,487,True,Woda ostry wytwarzać katastrofa spór znaczny oficjalny.,w konserwacji
2577,9780280858225,62955,Natychmiast zbyt trawa atak,Antoni Warzybok,5,7,1951,Wydanie I,164,False,Żydowski anioł powstawać sędzia pragnąć. Dzień los wspaniały chcieć.,w konserwacji
2578,9780523118734,25954,Skutek imię oraz elektryczny,pan Oliwier Stefankiewicz,7,1,2012,Wydanie I,139,False,Marzec wpaść pod. Obchodzić włożyć reguła kula miasto handlowy katastrofa wesoły.,wypożyczony
2579,9780814943571,33200,Stado lud krew,Łukasz Radzewicz,4,2,1982,Wydanie I,347,False,Pierwiastek koszt wystawa lewy niezwykły wyspa. W Ciągu pieniądz krok wychodzić literatura wydać.,wypożyczony
2580,9780094652866,92707,Używać specjalny międzynarodowy móc,Krystian Serwach,7,1,1967,Wydanie I,696,True,Współczesny biskup opinia futro. Ogromny zimno wiosna wino. Słońce specjalny państwo jednostka.,dostępny
2581,9780393892420,75940,Przyrząd zapalenie,pan Konrad Wojtak,1,3,1973,Wydanie I,547,False,Skłonność szkło rozwój nieść skała jednocześnie. Lato słyszeć podczas morski wóz spadać atak.,wypożyczony
2582,9780414399907,23818,Owca przepis leżeć Egipt,Piotr Przekwas,6,8,2008,Wydanie I,212,False,Własny oficjalny dobrze. Wysoki użycie słodki akcja. Nigdy zima bóg uwaga stanowić.,w konserwacji
2583,9780735005464,88486,Pogoda żyć przebywać ciemność pociąg,pani Klara Dziewit,4,3,1997,Wydanie I,442,False,Taki głośny wąski filmowy jeździć. Żywy osioł strefa wróg.,wypożyczony
2584,9780501265870,2188,Pająk istnieć robota trzeba poziom,Paweł Stanclik,7,2,1963,Wydanie I,572,False,Błąd zaś pewien rasa właściwość. Cel lewy księżyc figura produkcja.,wypożyczony
2585,9780428279417,29425,Wśród wy 80,Igor Ciaś,6,4,2000,Wydanie I,796,False,Pani sygnał pani ramię. Świecić dodać mama broń pojęcie zwykły.,dostępny
2586,9780690936506,15253,Pomysł 40 temat znany,Julita Drobot,9,1,2016,Wydanie I,505,True,Zwycięstwo biec uznawać powodować. Czapka doskonały jakby.,dostępny
2587,9780743425230,35579,Unia Europejska grupa narkotyk,pani Marika Kluczek,8,9,2017,Wydanie I,166,True,Stacja surowy dodać stacja pięć. Istnienie kłopot zajęcie mądry relacja okręt zając.,wypożyczony
2588,9781545385265,76012,Cecha zakończenie pomarańczowy wreszcie ten,pan Marek Hermanowicz,3,3,1981,Wydanie I,155,False,Aż żart powstawać długość ona w typ. Piosenka Niemiec Holandia.,dostępny
2589,9780582900776,5454,Dźwięk istnienie,Ewelina Fras,10,7,2018,Wydanie I,336,True,Większość wystawa osiemdziesiąt wnętrze. Myśl dodać przykład Francja z.,w konserwacji
2590,9780005513132,30185,60 ogród gwiazda,Julianna Żmija,2,5,1980,Wydanie I,626,False,Dodatkowy pływać czwartek studiować swój.,w konserwacji
2591,9780768677201,81490,40 dzięki w formie zostać,Malwina Materek,9,3,1967,Wydanie I,355,False,Dyrektor w kształcie Ameryka władza.,wypożyczony
2592,9780798423175,12345,Pić czerwony,Borys Getka,9,1,1958,Wydanie I,650,True,Słoneczny zachodni nocny. Pasek los także delikatny przychodzić.,dostępny
2593,9780690936506,90773,Pomysł 40 temat znany,Julita Drobot,9,1,2016,Wydanie I,505,True,Zwycięstwo biec uznawać powodować. Czapka doskonały jakby.,dostępny
2594,9781698428123,95292,Ulegać dyrektor koza gwałtowny,Kaja Kałwa,3,6,1992,Wydanie I,762,False,Miejscowość utwór mężczyzna wszelki chociaż narząd lód. Fakt zniszczyć hałas no mowa aktywny ślad.,w konserwacji
2595,9780005513132,50111,60 ogród gwiazda,Julianna Żmija,2,6,1980,Wydanie I,626,True,Dodatkowy pływać czwartek studiować swój.,w konserwacji
2596,9780582900776,58141,Dźwięk istnienie,Ewelina Fras,10,5,2018,Wydanie I,336,False,Większość wystawa osiemdziesiąt wnętrze. Myśl dodać przykład Francja z.,dostępny
2597,9781432155315,17649,Zajmować Się następować zwykle biec,Mariusz Bartoszczyk,9,4,1977,Wydanie I,588,False,Wystawa prezent odzież wstyd. Być masa łatwy barwa środa usta kochać.,wypożyczony
2598,9781345231809,58411,Chłop moneta dziesięć granica ochrona,Andrzej Stein,10,5,2004,Wydanie I,278,True,Lot strefa klucz robić Polak. Cecha ozdoba międzynarodowy fałszywy lód uciekać.,wypożyczony
2599,9781337968874,19795,Zasada flaga coś ze,Angelika Trzyna,10,7,1980,Wydanie I,217,True,Lista kosztować ogon śpiewać. Ryba dać przyczyna.,wypożyczony
2600,9781536822250,67809,Kula sztuczny włożyć Ameryka,Aleks Staśko,5,9,1960,Wydanie I,786,True,Gospodarka wywołać tam wszystek 7 wygrać słodki zysk. Ucho siedziba zmęczony właściwy obok.,wypożyczony
2601,9781024774184,26391,Czwartek ząb stać się królewski zegar,Cyprian Rudyk,1,8,2013,Wydanie I,118,False,Marzec zachowanie pełny w końcu. Nad czy ubogi zielony Niemcy biblioteka.,w konserwacji
2602,9780094652866,38988,Używać specjalny międzynarodowy móc,Krystian Serwach,7,6,1967,Wydanie I,696,True,Współczesny biskup opinia futro. Ogromny zimno wiosna wino. Słońce specjalny państwo jednostka.,w konserwacji
2603,9780798423175,49282,Pić czerwony,Borys Getka,9,7,1958,Wydanie I,650,True,Słoneczny zachodni nocny. Pasek los także delikatny przychodzić.,wypożyczony
2604,9781435262805,93906,Sześćdziesiąt więcej piętro ani po,Marianna Berus,5,6,1998,Wydanie I,285,True,Budowla przypadek alkohol strefa ciemny flaga słoneczny. Trzymać wiek autor król nic 3 chemiczny.,wypożyczony
2605,9781134555819,7343,Oraz kilka,pan Wojciech Lenda,4,3,1981,Wydanie I,268,True,Metal lampa substancja mąż. Wiedzieć walczyć strefa pacjent nie ma piękny.,dostępny
2606,9781432155315,40714,Zajmować Się następować zwykle biec,Mariusz Bartoszczyk,9,3,1977,Wydanie I,588,True,Wystawa prezent odzież wstyd. Być masa łatwy barwa środa usta kochać.,w konserwacji
2607,9780543464620,70010,Cierpieć jakość czekolada,Tymon Myk,3,10,1983,Wydanie I,353,False,Kolano bogini polityka szósty obwód. Według lato konstrukcja bogini naczynie.,dostępny
2608,9781296362881,72871,Góra szacunek rzeczownik kosz pomieszczenie,Urszula Wyroślak,2,10,1970,Wydanie I,197,False,Ryzyko wschód ćwiczenie radiowy tor. Chrystus cukier banknot stworzyć góra.,dostępny
2609,9780668657846,55090,Księga powstawać późno moralny dziecięcy,pani Julita Rajchel,10,1,1957,Wydanie I,511,False,Srebro mieszkanie prawny procent dobro chwila. Polityczny popularny dół istnienie dolina.,w konserwacji
2610,9781138492578,31074,Teoria obywatelka dzisiaj ziarno,Maciej Pyrkosz,9,10,1998,Wydanie I,487,True,Woda ostry wytwarzać katastrofa spór znaczny oficjalny.,w konserwacji
2611,9781786430304,97212,- otwierać możliwy bawić się,Urszula Lejk,4,3,1971,Wydanie I,729,False,Wskazywać natychmiast spodnie stawać się za tradycyjny.,w konserwacji
2612,9781024774184,71344,Czwartek ząb stać się królewski zegar,Cyprian Rudyk,1,1,2013,Wydanie I,118,True,Marzec zachowanie pełny w końcu. Nad czy ubogi zielony Niemcy biblioteka.,wypożyczony
2613,9781337968874,98397,Zasada flaga coś ze,Angelika Trzyna,10,6,1980,Wydanie I,217,True,Lista kosztować ogon śpiewać. Ryba dać przyczyna.,dostępny
2614,9780814943571,81348,Stado lud krew,Łukasz Radzewicz,4,9,1982,Wydanie I,347,False,Pierwiastek koszt wystawa lewy niezwykły wyspa. W Ciągu pieniądz krok wychodzić literatura wydać.,w konserwacji
2615,9780393892420,13999,Przyrząd zapalenie,pan Konrad Wojtak,1,2,1973,Wydanie I,547,True,Skłonność szkło rozwój nieść skała jednocześnie. Lato słyszeć podczas morski wóz spadać atak.,w konserwacji
2616,9780362591026,96041,Trzeba oko,Janina Kołak,8,5,1976,Wydanie I,669,True,Krok świeży bar stary dół kolega. Dziura studia pas majuskuła.,w konserwacji
2617,9781337968874,73755,Zasada flaga coś ze,Angelika Trzyna,10,3,1980,Wydanie I,217,False,Lista kosztować ogon śpiewać. Ryba dać przyczyna.,dostępny
2618,9780393892420,39929,Przyrząd zapalenie,pan Konrad Wojtak,1,7,1973,Wydanie I,547,False,Skłonność szkło rozwój nieść skała jednocześnie. Lato słyszeć podczas morski wóz spadać atak.,w konserwacji
2619,9781536822250,68761,Kula sztuczny włożyć Ameryka,Aleks Staśko,5,5,1960,Wydanie I,786,True,Gospodarka wywołać tam wszystek 7 wygrać słodki zysk. Ucho siedziba zmęczony właściwy obok.,w konserwacji
2620,9780798423175,87951,Pić czerwony,Borys Getka,9,6,1958,Wydanie I,650,False,Słoneczny zachodni nocny. Pasek los także delikatny przychodzić.,wypożyczony
2621,9781865407234,78071,Włosy kwiecień most zespół budować,Albert Zarzeczna,5,5,1962,Wydanie I,347,False,Starożytny dobro rzeka plecy otwór patrzeć strój.,w konserwacji
2622,9781256020141,20842,Północny sytuacja umysł zawierać,Apolonia Lorenz,8,2,1993,Wydanie I,445,True,Danie pomarańczowy aktor but.,dostępny
2623,9780094652866,40925,Używać specjalny międzynarodowy móc,Krystian Serwach,7,1,1967,Wydanie I,696,False,Współczesny biskup opinia futro. Ogromny zimno wiosna wino. Słońce specjalny państwo jednostka.,wypożyczony
2624,9781536822250,74117,Kula sztuczny włożyć Ameryka,Aleks Staśko,5,6,1960,Wydanie I,786,False,Gospodarka wywołać tam wszystek 7 wygrać słodki zysk. Ucho siedziba zmęczony właściwy obok.,w konserwacji
2625,9780393892420,99318,Przyrząd zapalenie,pan Konrad Wojtak,1,1,1973,Wydanie I,547,True,Skłonność szkło rozwój nieść skała jednocześnie. Lato słyszeć podczas morski wóz spadać atak.,wypożyczony
2626,9780280858225,60828,Natychmiast zbyt trawa atak,Antoni Warzybok,5,9,1951,Wydanie I,164,True,Żydowski anioł powstawać sędzia pragnąć. Dzień los wspaniały chcieć.,dostępny
2627,9780735005464,15702,Pogoda żyć przebywać ciemność pociąg,pani Klara Dziewit,4,9,1997,Wydanie I,442,False,Taki głośny wąski filmowy jeździć. Żywy osioł strefa wróg.,dostępny
2628,9781759252018,19931,Węgiel kilometr czyn a własny,Jerzy Pabisiak,5,2,1997,Wydanie I,471,False,"Piasek kolor późny chleb.
Lud jeszcze góra tylko.",dostępny
2629,9780466343330,38581,Marka bić dolina pożar oglądać,Klara Ciarka,9,2,2024,Wydanie I,697,True,Transport wysyłać zmienić plecy chcieć wielkość. Tylko cienki powiat widzieć Austria.,wypożyczony
2630,9781773311876,36581,Córka dźwięk jeść,pani Sonia Kościesza,4,10,1950,Wydanie I,797,False,Móc wspomnienie gdzieś uciec grzech. Metal rezultat wewnątrz liść rynek zmieniać brzuch.,wypożyczony
2631,9780466343330,92604,Marka bić dolina pożar oglądać,Klara Ciarka,9,4,2024,Wydanie I,697,True,Transport wysyłać zmienić plecy chcieć wielkość. Tylko cienki powiat widzieć Austria.,wypożyczony
2632,9780428279417,90195,Wśród wy 80,Igor Ciaś,6,2,2000,Wydanie I,796,True,Pani sygnał pani ramię. Świecić dodać mama broń pojęcie zwykły.,wypożyczony
2633,9780690936506,14248,Pomysł 40 temat znany,Julita Drobot,9,4,2016,Wydanie I,505,True,Zwycięstwo biec uznawać powodować. Czapka doskonały jakby.,dostępny
2634,9781337968874,1685,Zasada flaga coś ze,Angelika Trzyna,10,7,1980,Wydanie I,217,False,Lista kosztować ogon śpiewać. Ryba dać przyczyna.,wypożyczony
2635,9781432155315,77244,Zajmować Się następować zwykle biec,Mariusz Bartoszczyk,9,1,1977,Wydanie I,588,True,Wystawa prezent odzież wstyd. Być masa łatwy barwa środa usta kochać.,dostępny
2636,9781432155315,70772,Zajmować Się następować zwykle biec,Mariusz Bartoszczyk,9,8,1977,Wydanie I,588,False,Wystawa prezent odzież wstyd. Być masa łatwy barwa środa usta kochać.,w konserwacji
2637,9781385509982,26662,Anglia silnik tylko swój około,Anastazja Larysz,2,3,1984,Wydanie I,739,True,Chwila pamięć szybko gdzie postać sąd. Państwowy Piotr postawa hałas plemię artystyczny.,wypożyczony
2638,9781426248160,1939,Wiersz poniedziałek skała,pan Tobiasz Michnik,6,7,1953,Wydanie I,314,False,Świadczyć technika lista zmiana temat stworzyć. Swój posiłek drewniany dawny większość powstanie.,wypożyczony
2639,9780814943571,42737,Stado lud krew,Łukasz Radzewicz,4,5,1982,Wydanie I,347,False,Pierwiastek koszt wystawa lewy niezwykły wyspa. W Ciągu pieniądz krok wychodzić literatura wydać.,wypożyczony
2640,9780380954667,74936,Użytkownik jeśli św. sprzęt,Krystian Piaścik,4,2,1981,Wydanie I,552,True,Jedenaście otwierać zwykły prawdziwy prędkość malować kolorowy. Tłumaczyć grać transport jednak.,dostępny
2641,9780625136742,65362,Trochę miód umieszczać siostra,pani Agnieszka Kazubek,3,2,1968,Wydanie I,755,False,Dno japoński sprzedaż ziarno naukowy tłumaczyć. Słyszeć łatwo język zbudować późny późno.,wypożyczony
2642,9781385509982,22723,Anglia silnik tylko swój około,Anastazja Larysz,2,9,1984,Wydanie I,739,False,Chwila pamięć szybko gdzie postać sąd. Państwowy Piotr postawa hałas plemię artystyczny.,w konserwacji
2643,9780625136742,21869,Trochę miód umieszczać siostra,pani Agnieszka Kazubek,3,7,1968,Wydanie I,755,True,Dno japoński sprzedaż ziarno naukowy tłumaczyć. Słyszeć łatwo język zbudować późny późno.,wypożyczony
2644,9781138492578,50326,Teoria obywatelka dzisiaj ziarno,Maciej Pyrkosz,9,7,1998,Wydanie I,487,True,Woda ostry wytwarzać katastrofa spór znaczny oficjalny.,wypożyczony
2645,9780690936506,72958,Pomysł 40 temat znany,Julita Drobot,9,7,2016,Wydanie I,505,False,Zwycięstwo biec uznawać powodować. Czapka doskonały jakby.,wypożyczony
2646,9780543464620,99807,Cierpieć jakość czekolada,Tymon Myk,3,10,1983,Wydanie I,353,False,Kolano bogini polityka szósty obwód. Według lato konstrukcja bogini naczynie.,dostępny
2647,9780814943571,11197,Stado lud krew,Łukasz Radzewicz,4,9,1982,Wydanie I,347,True,Pierwiastek koszt wystawa lewy niezwykły wyspa. W Ciągu pieniądz krok wychodzić literatura wydać.,dostępny
2648,9780582900776,87993,Dźwięk istnienie,Ewelina Fras,10,5,2018,Wydanie I,336,True,Większość wystawa osiemdziesiąt wnętrze. Myśl dodać przykład Francja z.,w konserwacji
2649,9780414399907,48345,Owca przepis leżeć Egipt,Piotr Przekwas,6,8,2008,Wydanie I,212,True,Własny oficjalny dobrze. Wysoki użycie słodki akcja. Nigdy zima bóg uwaga stanowić.,wypożyczony
2650,9781167966286,15293,Prawdziwy postępowanie okno,Anastazja Soczewka,8,6,1977,Wydanie I,314,False,Koncert bardzo potrafić suma morze. Dialekt podnosić pani rzeczownik model wieża tamten wóz.,wypożyczony
2651,9780393892420,3107,Przyrząd zapalenie,pan Konrad Wojtak,1,8,1973,Wydanie I,547,False,Skłonność szkło rozwój nieść skała jednocześnie. Lato słyszeć podczas morski wóz spadać atak.,wypożyczony
2652,9780768677201,56937,40 dzięki w formie zostać,Malwina Materek,9,10,1967,Wydanie I,355,False,Dyrektor w kształcie Ameryka władza.,w konserwacji
2653,9781385509982,92658,Anglia silnik tylko swój około,Anastazja Larysz,2,4,1984,Wydanie I,739,True,Chwila pamięć szybko gdzie postać sąd. Państwowy Piotr postawa hałas plemię artystyczny.,dostępny
2654,9780814943571,58795,Stado lud krew,Łukasz Radzewicz,4,6,1982,Wydanie I,347,True,Pierwiastek koszt wystawa lewy niezwykły wyspa. W Ciągu pieniądz krok wychodzić literatura wydać.,wypożyczony
2655,9781616142964,89508,Okazja chmura święto ziemia,pani Justyna Nowotny,10,10,1979,Wydanie I,784,True,Dowód otrzymać brzuch chodzić godzina port. Bułgarski 4 za pomocą pić właściwy szósty wy.,dostępny
2656,9780393892420,35903,Przyrząd zapalenie,pan Konrad Wojtak,1,9,1973,Wydanie I,547,False,Skłonność szkło rozwój nieść skała jednocześnie. Lato słyszeć podczas morski wóz spadać atak.,dostępny
2657,9780094652866,4034,Używać specjalny międzynarodowy móc,Krystian Serwach,7,6,1967,Wydanie I,696,False,Współczesny biskup opinia futro. Ogromny zimno wiosna wino. Słońce specjalny państwo jednostka.,dostępny
2658,9781718044685,96379,Pisarz prezydent dowód,Marianna Poleszak,2,8,1968,Wydanie I,561,True,Porządek srebro używać wycieczka zawód zniszczyć go.,dostępny
2659,9781345231809,95643,Chłop moneta dziesięć granica ochrona,Andrzej Stein,10,2,2004,Wydanie I,278,True,Lot strefa klucz robić Polak. Cecha ozdoba międzynarodowy fałszywy lód uciekać.,wypożyczony
2660,9780668657846,81907,Księga powstawać późno moralny dziecięcy,pani Julita Rajchel,10,10,1957,Wydanie I,511,False,Srebro mieszkanie prawny procent dobro chwila. Polityczny popularny dół istnienie dolina.,dostępny
2661,9780768677201,26202,40 dzięki w formie zostać,Malwina Materek,9,3,1967,Wydanie I,355,True,Dyrektor w kształcie Ameryka władza.,wypożyczony
2662,9780393892420,5552,Przyrząd zapalenie,pan Konrad Wojtak,1,6,1973,Wydanie I,547,False,Skłonność szkło rozwój nieść skała jednocześnie. Lato słyszeć podczas morski wóz spadać atak.,dostępny
2663,9780690936506,87242,Pomysł 40 temat znany,Julita Drobot,9,1,2016,Wydanie I,505,False,Zwycięstwo biec uznawać powodować. Czapka doskonały jakby.,wypożyczony
2664,9781072287513,74473,Fabryka skończyć operacja dorosły,pani Anna Maria Fiołek,6,10,2020,Wydanie I,241,True,Kamień fala długo Czechy czysty.,dostępny
2665,9781337968874,40664,Zasada flaga coś ze,Angelika Trzyna,10,9,1980,Wydanie I,217,True,Lista kosztować ogon śpiewać. Ryba dać przyczyna.,wypożyczony
2666,9781698428123,74100,Ulegać dyrektor koza gwałtowny,Kaja Kałwa,3,9,1992,Wydanie I,762,True,Miejscowość utwór mężczyzna wszelki chociaż narząd lód. Fakt zniszczyć hałas no mowa aktywny ślad.,dostępny
2667,9780501265870,22921,Pająk istnieć robota trzeba poziom,Paweł Stanclik,7,10,1963,Wydanie I,572,False,Błąd zaś pewien rasa właściwość. Cel lewy księżyc figura produkcja.,dostępny
2668,9780380954667,54393,Użytkownik jeśli św. sprzęt,Krystian Piaścik,4,4,1981,Wydanie I,552,False,Jedenaście otwierać zwykły prawdziwy prędkość malować kolorowy. Tłumaczyć grać transport jednak.,w konserwacji
2669,9781024774184,25884,Czwartek ząb stać się królewski zegar,Cyprian Rudyk,1,9,2013,Wydanie I,118,False,Marzec zachowanie pełny w końcu. Nad czy ubogi zielony Niemcy biblioteka.,dostępny
2670,9781134555819,52397,Oraz kilka,pan Wojciech Lenda,4,3,1981,Wydanie I,268,True,Metal lampa substancja mąż. Wiedzieć walczyć strefa pacjent nie ma piękny.,w konserwacji
2671,9780348977738,58641,Do dorosły,pani Ada Flisiak,7,1,1956,Wydanie I,782,True,Wakacje 100 siedemdziesiąt firma wtorek budowa. Reguła archipelag Szwecja ucho szkodliwy.,w konserwacji
2672,9780280858225,49266,Natychmiast zbyt trawa atak,Antoni Warzybok,5,2,1951,Wydanie I,164,True,Żydowski anioł powstawać sędzia pragnąć. Dzień los wspaniały chcieć.,dostępny
2673,9780582900776,26792,Dźwięk istnienie,Ewelina Fras,10,2,2018,Wydanie I,336,False,Większość wystawa osiemdziesiąt wnętrze. Myśl dodać przykład Francja z.,dostępny
2674,9780428279417,85289,Wśród wy 80,Igor Ciaś,6,6,2000,Wydanie I,796,True,Pani sygnał pani ramię. Świecić dodać mama broń pojęcie zwykły.,dostępny
2675,9780348977738,61520,Do dorosły,pani Ada Flisiak,7,9,1956,Wydanie I,782,True,Wakacje 100 siedemdziesiąt firma wtorek budowa. Reguła archipelag Szwecja ucho szkodliwy.,w konserwacji
2676,9781616142964,82750,Okazja chmura święto ziemia,pani Justyna Nowotny,10,6,1979,Wydanie I,784,True,Dowód otrzymać brzuch chodzić godzina port. Bułgarski 4 za pomocą pić właściwy szósty wy.,dostępny
2677,9781786430304,54821,- otwierać możliwy bawić się,Urszula Lejk,4,3,1971,Wydanie I,729,True,Wskazywać natychmiast spodnie stawać się za tradycyjny.,w konserwacji
2678,9781616142964,18351,Okazja chmura święto ziemia,pani Justyna Nowotny,10,8,1979,Wydanie I,784,False,Dowód otrzymać brzuch chodzić godzina port. Bułgarski 4 za pomocą pić właściwy szósty wy.,dostępny
2679,9780814943571,30172,Stado lud krew,Łukasz Radzewicz,4,6,1982,Wydanie I,347,True,Pierwiastek koszt wystawa lewy niezwykły wyspa. W Ciągu pieniądz krok wychodzić literatura wydać.,wypożyczony
2680,9780027914276,5730,Powodować polityczny strona,Jędrzej Pielach,3,9,2013,Wydanie I,590,False,Gaz w końcu drzwi słońce las. Plac pewien leczenie.,dostępny
2681,9781435262805,74581,Sześćdziesiąt więcej piętro ani po,Marianna Berus,5,9,1998,Wydanie I,285,False,Budowla przypadek alkohol strefa ciemny flaga słoneczny. Trzymać wiek autor król nic 3 chemiczny.,w konserwacji
2682,9781024774184,26196,Czwartek ząb stać się królewski zegar,Cyprian Rudyk,1,5,2013,Wydanie I,118,True,Marzec zachowanie pełny w końcu. Nad czy ubogi zielony Niemcy biblioteka.,w konserwacji
2683,9780280858225,1090,Natychmiast zbyt trawa atak,Antoni Warzybok,5,2,1951,Wydanie I,164,True,Żydowski anioł powstawać sędzia pragnąć. Dzień los wspaniały chcieć.,w konserwacji
2684,9780393892420,90656,Przyrząd zapalenie,pan Konrad Wojtak,1,5,1973,Wydanie I,547,True,Skłonność szkło rozwój nieść skała jednocześnie. Lato słyszeć podczas morski wóz spadać atak.,dostępny
2685,9781432155315,36217,Zajmować Się następować zwykle biec,Mariusz Bartoszczyk,9,3,1977,Wydanie I,588,False,Wystawa prezent odzież wstyd. Być masa łatwy barwa środa usta kochać.,wypożyczony
2686,9781345231809,11504,Chłop moneta dziesięć granica ochrona,Andrzej Stein,10,6,2004,Wydanie I,278,False,Lot strefa klucz robić Polak. Cecha ozdoba międzynarodowy fałszywy lód uciekać.,wypożyczony
2687,9781432155315,54337,Zajmować Się następować zwykle biec,Mariusz Bartoszczyk,9,1,1977,Wydanie I,588,False,Wystawa prezent odzież wstyd. Być masa łatwy barwa środa usta kochać.,wypożyczony
2688,9781435262805,81282,Sześćdziesiąt więcej piętro ani po,Marianna Berus,5,5,1998,Wydanie I,285,True,Budowla przypadek alkohol strefa ciemny flaga słoneczny. Trzymać wiek autor król nic 3 chemiczny.,w konserwacji
2689,9781432155315,66681,Zajmować Się następować zwykle biec,Mariusz Bartoszczyk,9,1,1977,Wydanie I,588,False,Wystawa prezent odzież wstyd. Być masa łatwy barwa środa usta kochać.,w konserwacji
2690,9780735005464,1654,Pogoda żyć przebywać ciemność pociąg,pani Klara Dziewit,4,8,1997,Wydanie I,442,False,Taki głośny wąski filmowy jeździć. Żywy osioł strefa wróg.,wypożyczony
2691,9780362591026,11847,Trzeba oko,Janina Kołak,8,3,1976,Wydanie I,669,True,Krok świeży bar stary dół kolega. Dziura studia pas majuskuła.,wypożyczony
2692,9780134362441,83338,Królowa kuchnia pod głowa,Adam Zbrożek,4,7,2000,Wydanie I,506,True,W Ciągu skutek łatwo czekolada zakończyć. Turecki nikt kurs ona miejscowość nadawać.,w konserwacji
2693,9781134555819,58639,Oraz kilka,pan Wojciech Lenda,4,8,1981,Wydanie I,268,True,Metal lampa substancja mąż. Wiedzieć walczyć strefa pacjent nie ma piękny.,dostępny
2694,9781134555819,16173,Oraz kilka,pan Wojciech Lenda,4,7,1981,Wydanie I,268,True,Metal lampa substancja mąż. Wiedzieć walczyć strefa pacjent nie ma piękny.,dostępny
2695,9781759252018,85552,Węgiel kilometr czyn a własny,Jerzy Pabisiak,5,9,1997,Wydanie I,471,False,"Piasek kolor późny chleb.
Lud jeszcze góra tylko.",wypożyczony
2696,9780582900776,90397,Dźwięk istnienie,Ewelina Fras,10,3,2018,Wydanie I,336,True,Większość wystawa osiemdziesiąt wnętrze. Myśl dodać przykład Francja z.,dostępny
2697,9781432155315,54179,Zajmować Się następować zwykle biec,Mariusz Bartoszczyk,9,2,1977,Wydanie I,588,True,Wystawa prezent odzież wstyd. Być masa łatwy barwa środa usta kochać.,w konserwacji
2698,9780466343330,23979,Marka bić dolina pożar oglądać,Klara Ciarka,9,4,2024,Wydanie I,697,False,Transport wysyłać zmienić plecy chcieć wielkość. Tylko cienki powiat widzieć Austria.,w konserwacji
2699,9780768677201,18916,40 dzięki w formie zostać,Malwina Materek,9,10,1967,Wydanie I,355,True,Dyrektor w kształcie Ameryka władza.,w konserwacji
2700,9781256020141,56268,Północny sytuacja umysł zawierać,Apolonia Lorenz,8,1,1993,Wydanie I,445,False,Danie pomarańczowy aktor but.,wypożyczony
2701,9780735005464,38279,Pogoda żyć przebywać ciemność pociąg,pani Klara Dziewit,4,3,1997,Wydanie I,442,True,Taki głośny wąski filmowy jeździć. Żywy osioł strefa wróg.,dostępny
2702,9780428279417,44991,Wśród wy 80,Igor Ciaś,6,1,2000,Wydanie I,796,True,Pani sygnał pani ramię. Świecić dodać mama broń pojęcie zwykły.,w konserwacji
2703,9780005513132,42844,60 ogród gwiazda,Julianna Żmija,2,10,1980,Wydanie I,626,True,Dodatkowy pływać czwartek studiować swój.,wypożyczony
2704,9781616142964,45685,Okazja chmura święto ziemia,pani Justyna Nowotny,10,7,1979,Wydanie I,784,True,Dowód otrzymać brzuch chodzić godzina port. Bułgarski 4 za pomocą pić właściwy szósty wy.,w konserwacji
2705,9780743425230,93319,Unia Europejska grupa narkotyk,pani Marika Kluczek,8,9,2017,Wydanie I,166,False,Stacja surowy dodać stacja pięć. Istnienie kłopot zajęcie mądry relacja okręt zając.,wypożyczony
2706,9780027914276,9355,Powodować polityczny strona,Jędrzej Pielach,3,7,2013,Wydanie I,590,False,Gaz w końcu drzwi słońce las. Plac pewien leczenie.,dostępny
2707,9780362591026,84273,Trzeba oko,Janina Kołak,8,5,1976,Wydanie I,669,True,Krok świeży bar stary dół kolega. Dziura studia pas majuskuła.,dostępny
2708,9780414399907,29723,Owca przepis leżeć Egipt,Piotr Przekwas,6,2,2008,Wydanie I,212,False,Własny oficjalny dobrze. Wysoki użycie słodki akcja. Nigdy zima bóg uwaga stanowić.,w konserwacji
2709,9781865407234,33644,Włosy kwiecień most zespół budować,Albert Zarzeczna,5,4,1962,Wydanie I,347,False,Starożytny dobro rzeka plecy otwór patrzeć strój.,w konserwacji
2710,9781865407234,92342,Włosy kwiecień most zespół budować,Albert Zarzeczna,5,10,1962,Wydanie I,347,True,Starożytny dobro rzeka plecy otwór patrzeć strój.,wypożyczony
2711,9781773311876,28843,Córka dźwięk jeść,pani Sonia Kościesza,4,1,1950,Wydanie I,797,True,Móc wspomnienie gdzieś uciec grzech. Metal rezultat wewnątrz liść rynek zmieniać brzuch.,wypożyczony
2712,9781296362881,60316,Góra szacunek rzeczownik kosz pomieszczenie,Urszula Wyroślak,2,2,1970,Wydanie I,197,True,Ryzyko wschód ćwiczenie radiowy tor. Chrystus cukier banknot stworzyć góra.,wypożyczony
2713,9780280858225,82326,Natychmiast zbyt trawa atak,Antoni Warzybok,5,2,1951,Wydanie I,164,True,Żydowski anioł powstawać sędzia pragnąć. Dzień los wspaniały chcieć.,dostępny
2714,9781432155315,14735,Zajmować Się następować zwykle biec,Mariusz Bartoszczyk,9,6,1977,Wydanie I,588,False,Wystawa prezent odzież wstyd. Być masa łatwy barwa środa usta kochać.,wypożyczony
2715,9781432155315,58826,Zajmować Się następować zwykle biec,Mariusz Bartoszczyk,9,5,1977,Wydanie I,588,False,Wystawa prezent odzież wstyd. Być masa łatwy barwa środa usta kochać.,dostępny
2716,9780466343330,60083,Marka bić dolina pożar oglądać,Klara Ciarka,9,5,2024,Wydanie I,697,True,Transport wysyłać zmienić plecy chcieć wielkość. Tylko cienki powiat widzieć Austria.,wypożyczony
2717,9780888596710,99879,Dokładnie te dorosły zgadzać się most,pan Igor Doruch,4,6,1950,Wydanie I,165,False,Park rynek zgodny francuski. Dziób trwać idea obowiązywać zbiór papier jakość.,w konserwacji
2718,9780888596710,9094,Dokładnie te dorosły zgadzać się most,pan Igor Doruch,4,9,1950,Wydanie I,165,False,Park rynek zgodny francuski. Dziób trwać idea obowiązywać zbiór papier jakość.,w konserwacji
2719,9781616142964,29686,Okazja chmura święto ziemia,pani Justyna Nowotny,10,1,1979,Wydanie I,784,True,Dowód otrzymać brzuch chodzić godzina port. Bułgarski 4 za pomocą pić właściwy szósty wy.,w konserwacji
2720,9781786430304,29663,- otwierać możliwy bawić się,Urszula Lejk,4,10,1971,Wydanie I,729,True,Wskazywać natychmiast spodnie stawać się za tradycyjny.,w konserwacji
2721,9781698428123,40494,Ulegać dyrektor koza gwałtowny,Kaja Kałwa,3,10,1992,Wydanie I,762,False,Miejscowość utwór mężczyzna wszelki chociaż narząd lód. Fakt zniszczyć hałas no mowa aktywny ślad.,dostępny
2722,9781874227250,61532,Warstwa wina zwykły,Cyprian Kott,2,3,1994,Wydanie I,776,True,Płeć obowiązywać powinien zdolność. Rachunek siostra radio można wysyłać krzew rasa złożony.,w konserwacji
2723,9781167966286,32401,Prawdziwy postępowanie okno,Anastazja Soczewka,8,3,1977,Wydanie I,314,True,Koncert bardzo potrafić suma morze. Dialekt podnosić pani rzeczownik model wieża tamten wóz.,dostępny
2724,9781138492578,94164,Teoria obywatelka dzisiaj ziarno,Maciej Pyrkosz,9,1,1998,Wydanie I,487,True,Woda ostry wytwarzać katastrofa spór znaczny oficjalny.,dostępny
2725,9780668657846,35891,Księga powstawać późno moralny dziecięcy,pani Julita Rajchel,10,10,1957,Wydanie I,511,True,Srebro mieszkanie prawny procent dobro chwila. Polityczny popularny dół istnienie dolina.,wypożyczony
2726,9781072287513,40142,Fabryka skończyć operacja dorosły,pani Anna Maria Fiołek,6,1,2020,Wydanie I,241,True,Kamień fala długo Czechy czysty.,w konserwacji
2727,9780428279417,43229,Wśród wy 80,Igor Ciaś,6,2,2000,Wydanie I,796,False,Pani sygnał pani ramię. Świecić dodać mama broń pojęcie zwykły.,w konserwacji
2728,9781296362881,68110,Góra szacunek rzeczownik kosz pomieszczenie,Urszula Wyroślak,2,3,1970,Wydanie I,197,True,Ryzyko wschód ćwiczenie radiowy tor. Chrystus cukier banknot stworzyć góra.,w konserwacji
2729,9780134362441,92102,Królowa kuchnia pod głowa,Adam Zbrożek,4,9,2000,Wydanie I,506,True,W Ciągu skutek łatwo czekolada zakończyć. Turecki nikt kurs ona miejscowość nadawać.,wypożyczony
2730,9780798423175,26297,Pić czerwony,Borys Getka,9,6,1958,Wydanie I,650,False,Słoneczny zachodni nocny. Pasek los także delikatny przychodzić.,w konserwacji
2731,9781773311876,42847,Córka dźwięk jeść,pani Sonia Kościesza,4,4,1950,Wydanie I,797,True,Móc wspomnienie gdzieś uciec grzech. Metal rezultat wewnątrz liść rynek zmieniać brzuch.,w konserwacji
2732,9781616142964,96802,Okazja chmura święto ziemia,pani Justyna Nowotny,10,10,1979,Wydanie I,784,True,Dowód otrzymać brzuch chodzić godzina port. Bułgarski 4 za pomocą pić właściwy szósty wy.,w konserwacji
2733,9780735005464,52395,Pogoda żyć przebywać ciemność pociąg,pani Klara Dziewit,4,5,1997,Wydanie I,442,False,Taki głośny wąski filmowy jeździć. Żywy osioł strefa wróg.,w konserwacji
2734,9781865407234,45529,Włosy kwiecień most zespół budować,Albert Zarzeczna,5,6,1962,Wydanie I,347,False,Starożytny dobro rzeka plecy otwór patrzeć strój.,wypożyczony
2735,9780582900776,64268,Dźwięk istnienie,Ewelina Fras,10,6,2018,Wydanie I,336,False,Większość wystawa osiemdziesiąt wnętrze. Myśl dodać przykład Francja z.,wypożyczony
2736,9780027914276,89274,Powodować polityczny strona,Jędrzej Pielach,3,3,2013,Wydanie I,590,False,Gaz w końcu drzwi słońce las. Plac pewien leczenie.,w konserwacji
2737,9781345231809,40794,Chłop moneta dziesięć granica ochrona,Andrzej Stein,10,2,2004,Wydanie I,278,False,Lot strefa klucz robić Polak. Cecha ozdoba międzynarodowy fałszywy lód uciekać.,dostępny
2738,9780027914276,62167,Powodować polityczny strona,Jędrzej Pielach,3,3,2013,Wydanie I,590,True,Gaz w końcu drzwi słońce las. Plac pewien leczenie.,dostępny
2739,9780027914276,66693,Powodować polityczny strona,Jędrzej Pielach,3,4,2013,Wydanie I,590,False,Gaz w końcu drzwi słońce las. Plac pewien leczenie.,dostępny
2740,9780768677201,48747,40 dzięki w formie zostać,Malwina Materek,9,2,1967,Wydanie I,355,True,Dyrektor w kształcie Ameryka władza.,wypożyczony
2741,9780690936506,59865,Pomysł 40 temat znany,Julita Drobot,9,5,2016,Wydanie I,505,False,Zwycięstwo biec uznawać powodować. Czapka doskonały jakby.,w konserwacji
2742,9781435262805,83830,Sześćdziesiąt więcej piętro ani po,Marianna Berus,5,10,1998,Wydanie I,285,True,Budowla przypadek alkohol strefa ciemny flaga słoneczny. Trzymać wiek autor król nic 3 chemiczny.,w konserwacji
2743,9781536822250,89823,Kula sztuczny włożyć Ameryka,Aleks Staśko,5,2,1960,Wydanie I,786,False,Gospodarka wywołać tam wszystek 7 wygrać słodki zysk. Ucho siedziba zmęczony właściwy obok.,dostępny
2744,9780814943571,56063,Stado lud krew,Łukasz Radzewicz,4,2,1982,Wydanie I,347,True,Pierwiastek koszt wystawa lewy niezwykły wyspa. W Ciągu pieniądz krok wychodzić literatura wydać.,dostępny
2745,9781385509982,93724,Anglia silnik tylko swój około,Anastazja Larysz,2,10,1984,Wydanie I,739,True,Chwila pamięć szybko gdzie postać sąd. Państwowy Piotr postawa hałas plemię artystyczny.,wypożyczony
2746,9780543464620,97787,Cierpieć jakość czekolada,Tymon Myk,3,4,1983,Wydanie I,353,False,Kolano bogini polityka szósty obwód. Według lato konstrukcja bogini naczynie.,w konserwacji
2747,9781426248160,4822,Wiersz poniedziałek skała,pan Tobiasz Michnik,6,6,1953,Wydanie I,314,True,Świadczyć technika lista zmiana temat stworzyć. Swój posiłek drewniany dawny większość powstanie.,dostępny
2748,9781435262805,83742,Sześćdziesiąt więcej piętro ani po,Marianna Berus,5,1,1998,Wydanie I,285,False,Budowla przypadek alkohol strefa ciemny flaga słoneczny. Trzymać wiek autor król nic 3 chemiczny.,dostępny
2749,9780625136742,5713,Trochę miód umieszczać siostra,pani Agnieszka Kazubek,3,5,1968,Wydanie I,755,True,Dno japoński sprzedaż ziarno naukowy tłumaczyć. Słyszeć łatwo język zbudować późny późno.,dostępny
2750,9780543464620,49326,Cierpieć jakość czekolada,Tymon Myk,3,10,1983,Wydanie I,353,False,Kolano bogini polityka szósty obwód. Według lato konstrukcja bogini naczynie.,wypożyczony
2751,9780928916836,49331,Użytkownik posługiwać się rasa próba,Kornelia Kuczaj,6,9,1978,Wydanie I,466,False,Wobec słodki sport charakter. Jechać niebo temperatura bilet powiat kolega.,w konserwacji
2752,9780582900776,20052,Dźwięk istnienie,Ewelina Fras,10,3,2018,Wydanie I,336,True,Większość wystawa osiemdziesiąt wnętrze. Myśl dodać przykład Francja z.,w konserwacji
2753,9780380954667,65843,Użytkownik jeśli św. sprzęt,Krystian Piaścik,4,4,1981,Wydanie I,552,False,Jedenaście otwierać zwykły prawdziwy prędkość malować kolorowy. Tłumaczyć grać transport jednak.,dostępny
2754,9780393892420,11907,Przyrząd zapalenie,pan Konrad Wojtak,1,3,1973,Wydanie I,547,False,Skłonność szkło rozwój nieść skała jednocześnie. Lato słyszeć podczas morski wóz spadać atak.,dostępny
2755,9780134362441,50294,Królowa kuchnia pod głowa,Adam Zbrożek,4,9,2000,Wydanie I,506,False,W Ciągu skutek łatwo czekolada zakończyć. Turecki nikt kurs ona miejscowość nadawać.,dostępny
2756,9780735005464,96790,Pogoda żyć przebywać ciemność pociąg,pani Klara Dziewit,4,6,1997,Wydanie I,442,False,Taki głośny wąski filmowy jeździć. Żywy osioł strefa wróg.,w konserwacji
2757,9781759252018,40341,Węgiel kilometr czyn a własny,Jerzy Pabisiak,5,1,1997,Wydanie I,471,True,"Piasek kolor późny chleb.
Lud jeszcze góra tylko.",w konserwacji
2758,9780523118734,56998,Skutek imię oraz elektryczny,pan Oliwier Stefankiewicz,7,8,2012,Wydanie I,139,False,Marzec wpaść pod. Obchodzić włożyć reguła kula miasto handlowy katastrofa wesoły.,w konserwacji
2759,9780625136742,3751,Trochę miód umieszczać siostra,pani Agnieszka Kazubek,3,7,1968,Wydanie I,755,False,Dno japoński sprzedaż ziarno naukowy tłumaczyć. Słyszeć łatwo język zbudować późny późno.,dostępny
2760,9781786430304,87016,- otwierać możliwy bawić się,Urszula Lejk,4,4,1971,Wydanie I,729,False,Wskazywać natychmiast spodnie stawać się za tradycyjny.,wypożyczony
2761,9780428279417,33953,Wśród wy 80,Igor Ciaś,6,7,2000,Wydanie I,796,True,Pani sygnał pani ramię. Świecić dodać mama broń pojęcie zwykły.,w konserwacji
2762,9781435262805,95696,Sześćdziesiąt więcej piętro ani po,Marianna Berus,5,6,1998,Wydanie I,285,True,Budowla przypadek alkohol strefa ciemny flaga słoneczny. Trzymać wiek autor król nic 3 chemiczny.,wypożyczony
2763,9781536822250,43279,Kula sztuczny włożyć Ameryka,Aleks Staśko,5,7,1960,Wydanie I,786,True,Gospodarka wywołać tam wszystek 7 wygrać słodki zysk. Ucho siedziba zmęczony właściwy obok.,dostępny
2764,9780414399907,40093,Owca przepis leżeć Egipt,Piotr Przekwas,6,1,2008,Wydanie I,212,True,Własny oficjalny dobrze. Wysoki użycie słodki akcja. Nigdy zima bóg uwaga stanowić.,w konserwacji
2765,9781773311876,62296,Córka dźwięk jeść,pani Sonia Kościesza,4,2,1950,Wydanie I,797,False,Móc wspomnienie gdzieś uciec grzech. Metal rezultat wewnątrz liść rynek zmieniać brzuch.,w konserwacji
2766,9780027914276,30215,Powodować polityczny strona,Jędrzej Pielach,3,9,2013,Wydanie I,590,False,Gaz w końcu drzwi słońce las. Plac pewien leczenie.,wypożyczony
2767,9781385509982,93209,Anglia silnik tylko swój około,Anastazja Larysz,2,7,1984,Wydanie I,739,False,Chwila pamięć szybko gdzie postać sąd. Państwowy Piotr postawa hałas plemię artystyczny.,wypożyczony
2768,9781865407234,65049,Włosy kwiecień most zespół budować,Albert Zarzeczna,5,2,1962,Wydanie I,347,True,Starożytny dobro rzeka plecy otwór patrzeć strój.,wypożyczony
2769,9781865407234,87064,Włosy kwiecień most zespół budować,Albert Zarzeczna,5,9,1962,Wydanie I,347,True,Starożytny dobro rzeka plecy otwór patrzeć strój.,w konserwacji
2770,9780523118734,75308,Skutek imię oraz elektryczny,pan Oliwier Stefankiewicz,7,1,2012,Wydanie I,139,True,Marzec wpaść pod. Obchodzić włożyć reguła kula miasto handlowy katastrofa wesoły.,dostępny
2771,9781865407234,23548,Włosy kwiecień most zespół budować,Albert Zarzeczna,5,8,1962,Wydanie I,347,True,Starożytny dobro rzeka plecy otwór patrzeć strój.,wypożyczony
2772,9780743425230,72865,Unia Europejska grupa narkotyk,pani Marika Kluczek,8,10,2017,Wydanie I,166,False,Stacja surowy dodać stacja pięć. Istnienie kłopot zajęcie mądry relacja okręt zając.,w konserwacji
2773,9780005513132,42137,60 ogród gwiazda,Julianna Żmija,2,10,1980,Wydanie I,626,False,Dodatkowy pływać czwartek studiować swój.,wypożyczony
2774,9780888596710,18906,Dokładnie te dorosły zgadzać się most,pan Igor Doruch,4,9,1950,Wydanie I,165,True,Park rynek zgodny francuski. Dziób trwać idea obowiązywać zbiór papier jakość.,w konserwacji
2775,9781385509982,11793,Anglia silnik tylko swój około,Anastazja Larysz,2,10,1984,Wydanie I,739,False,Chwila pamięć szybko gdzie postać sąd. Państwowy Piotr postawa hałas plemię artystyczny.,w konserwacji
2776,9780380954667,71261,Użytkownik jeśli św. sprzęt,Krystian Piaścik,4,5,1981,Wydanie I,552,True,Jedenaście otwierać zwykły prawdziwy prędkość malować kolorowy. Tłumaczyć grać transport jednak.,wypożyczony
2777,9780798423175,43106,Pić czerwony,Borys Getka,9,6,1958,Wydanie I,650,False,Słoneczny zachodni nocny. Pasek los także delikatny przychodzić.,dostępny
2778,9780798423175,76247,Pić czerwony,Borys Getka,9,2,1958,Wydanie I,650,True,Słoneczny zachodni nocny. Pasek los także delikatny przychodzić.,wypożyczony
2779,9781435262805,12375,Sześćdziesiąt więcej piętro ani po,Marianna Berus,5,6,1998,Wydanie I,285,False,Budowla przypadek alkohol strefa ciemny flaga słoneczny. Trzymać wiek autor król nic 3 chemiczny.,w konserwacji
2780,9780523118734,37633,Skutek imię oraz elektryczny,pan Oliwier Stefankiewicz,7,4,2012,Wydanie I,139,False,Marzec wpaść pod. Obchodzić włożyć reguła kula miasto handlowy katastrofa wesoły.,wypożyczony
2781,9781865407234,82436,Włosy kwiecień most zespół budować,Albert Zarzeczna,5,1,1962,Wydanie I,347,False,Starożytny dobro rzeka plecy otwór patrzeć strój.,w konserwacji
2782,9780523118734,97068,Skutek imię oraz elektryczny,pan Oliwier Stefankiewicz,7,5,2012,Wydanie I,139,False,Marzec wpaść pod. Obchodzić włożyć reguła kula miasto handlowy katastrofa wesoły.,dostępny
2783,9781167966286,81994,Prawdziwy postępowanie okno,Anastazja Soczewka,8,10,1977,Wydanie I,314,False,Koncert bardzo potrafić suma morze. Dialekt podnosić pani rzeczownik model wieża tamten wóz.,w konserwacji
2784,9780280858225,70540,Natychmiast zbyt trawa atak,Antoni Warzybok,5,10,1951,Wydanie I,164,True,Żydowski anioł powstawać sędzia pragnąć. Dzień los wspaniały chcieć.,w konserwacji
2785,9781345231809,34364,Chłop moneta dziesięć granica ochrona,Andrzej Stein,10,7,2004,Wydanie I,278,True,Lot strefa klucz robić Polak. Cecha ozdoba międzynarodowy fałszywy lód uciekać.,wypożyczony
2786,9781874227250,73373,Warstwa wina zwykły,Cyprian Kott,2,7,1994,Wydanie I,776,False,Płeć obowiązywać powinien zdolność. Rachunek siostra radio można wysyłać krzew rasa złożony.,dostępny
2787,9781345231809,17514,Chłop moneta dziesięć granica ochrona,Andrzej Stein,10,10,2004,Wydanie I,278,True,Lot strefa klucz robić Polak. Cecha ozdoba międzynarodowy fałszywy lód uciekać.,wypożyczony
2788,9781138492578,88881,Teoria obywatelka dzisiaj ziarno,Maciej Pyrkosz,9,4,1998,Wydanie I,487,False,Woda ostry wytwarzać katastrofa spór znaczny oficjalny.,dostępny
2789,9781435262805,99513,Sześćdziesiąt więcej piętro ani po,Marianna Berus,5,9,1998,Wydanie I,285,True,Budowla przypadek alkohol strefa ciemny flaga słoneczny. Trzymać wiek autor król nic 3 chemiczny.,w konserwacji
2790,9780027914276,25069,Powodować polityczny strona,Jędrzej Pielach,3,2,2013,Wydanie I,590,True,Gaz w końcu drzwi słońce las. Plac pewien leczenie.,wypożyczony
2791,9781134555819,27482,Oraz kilka,pan Wojciech Lenda,4,9,1981,Wydanie I,268,True,Metal lampa substancja mąż. Wiedzieć walczyć strefa pacjent nie ma piękny.,wypożyczony
2792,9781874227250,8821,Warstwa wina zwykły,Cyprian Kott,2,6,1994,Wydanie I,776,True,Płeć obowiązywać powinien zdolność. Rachunek siostra radio można wysyłać krzew rasa złożony.,dostępny
2793,9780348977738,86808,Do dorosły,pani Ada Flisiak,7,3,1956,Wydanie I,782,False,Wakacje 100 siedemdziesiąt firma wtorek budowa. Reguła archipelag Szwecja ucho szkodliwy.,dostępny
2794,9780005513132,25185,60 ogród gwiazda,Julianna Żmija,2,4,1980,Wydanie I,626,True,Dodatkowy pływać czwartek studiować swój.,dostępny
2795,9780582900776,5633,Dźwięk istnienie,Ewelina Fras,10,4,2018,Wydanie I,336,True,Większość wystawa osiemdziesiąt wnętrze. Myśl dodać przykład Francja z.,w konserwacji
2796,9781167966286,14437,Prawdziwy postępowanie okno,Anastazja Soczewka,8,4,1977,Wydanie I,314,True,Koncert bardzo potrafić suma morze. Dialekt podnosić pani rzeczownik model wieża tamten wóz.,dostępny
2797,9781759252018,51087,Węgiel kilometr czyn a własny,Jerzy Pabisiak,5,3,1997,Wydanie I,471,True,"Piasek kolor późny chleb.
Lud jeszcze góra tylko.",wypożyczony
2798,9781072287513,30639,Fabryka skończyć operacja dorosły,pani Anna Maria Fiołek,6,2,2020,Wydanie I,241,False,Kamień fala długo Czechy czysty.,dostępny
2799,9781759252018,36996,Węgiel kilometr czyn a własny,Jerzy Pabisiak,5,3,1997,Wydanie I,471,False,"Piasek kolor późny chleb.
Lud jeszcze góra tylko.",dostępny
2800,9780393892420,16753,Przyrząd zapalenie,pan Konrad Wojtak,1,5,1973,Wydanie I,547,True,Skłonność szkło rozwój nieść skała jednocześnie. Lato słyszeć podczas morski wóz spadać atak.,wypożyczony
2801,9781337968874,46150,Zasada flaga coś ze,Angelika Trzyna,10,4,1980,Wydanie I,217,False,Lista kosztować ogon śpiewać. Ryba dać przyczyna.,dostępny
2802,9780625136742,39377,Trochę miód umieszczać siostra,pani Agnieszka Kazubek,3,3,1968,Wydanie I,755,True,Dno japoński sprzedaż ziarno naukowy tłumaczyć. Słyszeć łatwo język zbudować późny późno.,wypożyczony
2803,9781072287513,3944,Fabryka skończyć operacja dorosły,pani Anna Maria Fiołek,6,10,2020,Wydanie I,241,False,Kamień fala długo Czechy czysty.,dostępny
2804,9780380954667,70014,Użytkownik jeśli św. sprzęt,Krystian Piaścik,4,8,1981,Wydanie I,552,True,Jedenaście otwierać zwykły prawdziwy prędkość malować kolorowy. Tłumaczyć grać transport jednak.,dostępny
2805,9781167966286,34991,Prawdziwy postępowanie okno,Anastazja Soczewka,8,9,1977,Wydanie I,314,True,Koncert bardzo potrafić suma morze. Dialekt podnosić pani rzeczownik model wieża tamten wóz.,dostępny
2806,9780134362441,68743,Królowa kuchnia pod głowa,Adam Zbrożek,4,2,2000,Wydanie I,506,False,W Ciągu skutek łatwo czekolada zakończyć. Turecki nikt kurs ona miejscowość nadawać.,dostępny
2807,9781337968874,25874,Zasada flaga coś ze,Angelika Trzyna,10,8,1980,Wydanie I,217,True,Lista kosztować ogon śpiewać. Ryba dać przyczyna.,dostępny
2808,9781337968874,39826,Zasada flaga coś ze,Angelika Trzyna,10,10,1980,Wydanie I,217,False,Lista kosztować ogon śpiewać. Ryba dać przyczyna.,w konserwacji
2809,9781385509982,39184,Anglia silnik tylko swój około,Anastazja Larysz,2,3,1984,Wydanie I,739,True,Chwila pamięć szybko gdzie postać sąd. Państwowy Piotr postawa hałas plemię artystyczny.,w konserwacji
2810,9781786430304,22445,- otwierać możliwy bawić się,Urszula Lejk,4,6,1971,Wydanie I,729,True,Wskazywać natychmiast spodnie stawać się za tradycyjny.,wypożyczony
2811,9781017268270,52709,Odwaga dziać się taki,pan Borys Kobak,1,8,1954,Wydanie I,171,False,Płyn Chiny staw nagle. Egipt strumień azjatycki różny wolny stać. Kapelusz umysł budynek wojna.,w konserwacji
2812,9781786430304,94417,- otwierać możliwy bawić się,Urszula Lejk,4,3,1971,Wydanie I,729,True,Wskazywać natychmiast spodnie stawać się za tradycyjny.,w konserwacji
2813,9780543464620,77081,Cierpieć jakość czekolada,Tymon Myk,3,7,1983,Wydanie I,353,False,Kolano bogini polityka szósty obwód. Według lato konstrukcja bogini naczynie.,w konserwacji
2814,9780888596710,74259,Dokładnie te dorosły zgadzać się most,pan Igor Doruch,4,9,1950,Wydanie I,165,True,Park rynek zgodny francuski. Dziób trwać idea obowiązywać zbiór papier jakość.,w konserwacji
2815,9781435262805,63538,Sześćdziesiąt więcej piętro ani po,Marianna Berus,5,6,1998,Wydanie I,285,True,Budowla przypadek alkohol strefa ciemny flaga słoneczny. Trzymać wiek autor król nic 3 chemiczny.,w konserwacji
2816,9780428279417,19281,Wśród wy 80,Igor Ciaś,6,9,2000,Wydanie I,796,False,Pani sygnał pani ramię. Świecić dodać mama broń pojęcie zwykły.,dostępny
2817,9781435262805,19854,Sześćdziesiąt więcej piętro ani po,Marianna Berus,5,5,1998,Wydanie I,285,False,Budowla przypadek alkohol strefa ciemny flaga słoneczny. Trzymać wiek autor król nic 3 chemiczny.,w konserwacji
2818,9780814943571,19614,Stado lud krew,Łukasz Radzewicz,4,6,1982,Wydanie I,347,True,Pierwiastek koszt wystawa lewy niezwykły wyspa. W Ciągu pieniądz krok wychodzić literatura wydać.,dostępny
2819,9781134555819,66100,Oraz kilka,pan Wojciech Lenda,4,6,1981,Wydanie I,268,False,Metal lampa substancja mąż. Wiedzieć walczyć strefa pacjent nie ma piękny.,dostępny
2820,9781786430304,20345,- otwierać możliwy bawić się,Urszula Lejk,4,2,1971,Wydanie I,729,False,Wskazywać natychmiast spodnie stawać się za tradycyjny.,wypożyczony
2821,9780582900776,3538,Dźwięk istnienie,Ewelina Fras,10,8,2018,Wydanie I,336,False,Większość wystawa osiemdziesiąt wnętrze. Myśl dodać przykład Francja z.,w konserwacji
2822,9780625136742,11994,Trochę miód umieszczać siostra,pani Agnieszka Kazubek,3,8,1968,Wydanie I,755,False,Dno japoński sprzedaż ziarno naukowy tłumaczyć. Słyszeć łatwo język zbudować późny późno.,dostępny
2823,9781426248160,70442,Wiersz poniedziałek skała,pan Tobiasz Michnik,6,10,1953,Wydanie I,314,True,Świadczyć technika lista zmiana temat stworzyć. Swój posiłek drewniany dawny większość powstanie.,dostępny
2824,9781426248160,72445,Wiersz poniedziałek skała,pan Tobiasz Michnik,6,1,1953,Wydanie I,314,False,Świadczyć technika lista zmiana temat stworzyć. Swój posiłek drewniany dawny większość powstanie.,wypożyczony
2825,9780466343330,16171,Marka bić dolina pożar oglądać,Klara Ciarka,9,10,2024,Wydanie I,697,False,Transport wysyłać zmienić plecy chcieć wielkość. Tylko cienki powiat widzieć Austria.,w konserwacji
2826,9780027914276,41416,Powodować polityczny strona,Jędrzej Pielach,3,3,2013,Wydanie I,590,False,Gaz w końcu drzwi słońce las. Plac pewien leczenie.,dostępny
2827,9781874227250,4276,Warstwa wina zwykły,Cyprian Kott,2,7,1994,Wydanie I,776,False,Płeć obowiązywać powinien zdolność. Rachunek siostra radio można wysyłać krzew rasa złożony.,dostępny
2828,9780362591026,23888,Trzeba oko,Janina Kołak,8,9,1976,Wydanie I,669,True,Krok świeży bar stary dół kolega. Dziura studia pas majuskuła.,wypożyczony
2829,9780928916836,6928,Użytkownik posługiwać się rasa próba,Kornelia Kuczaj,6,6,1978,Wydanie I,466,True,Wobec słodki sport charakter. Jechać niebo temperatura bilet powiat kolega.,wypożyczony
2830,9781698428123,78217,Ulegać dyrektor koza gwałtowny,Kaja Kałwa,3,5,1992,Wydanie I,762,True,Miejscowość utwór mężczyzna wszelki chociaż narząd lód. Fakt zniszczyć hałas no mowa aktywny ślad.,wypożyczony
2831,9780362591026,64648,Trzeba oko,Janina Kołak,8,2,1976,Wydanie I,669,False,Krok świeży bar stary dół kolega. Dziura studia pas majuskuła.,dostępny
2832,9781536822250,60245,Kula sztuczny włożyć Ameryka,Aleks Staśko,5,9,1960,Wydanie I,786,False,Gospodarka wywołać tam wszystek 7 wygrać słodki zysk. Ucho siedziba zmęczony właściwy obok.,wypożyczony
2833,9780466343330,89933,Marka bić dolina pożar oglądać,Klara Ciarka,9,7,2024,Wydanie I,697,False,Transport wysyłać zmienić plecy chcieć wielkość. Tylko cienki powiat widzieć Austria.,wypożyczony
2834,9781138492578,13798,Teoria obywatelka dzisiaj ziarno,Maciej Pyrkosz,9,3,1998,Wydanie I,487,True,Woda ostry wytwarzać katastrofa spór znaczny oficjalny.,wypożyczony
2835,9780134362441,90223,Królowa kuchnia pod głowa,Adam Zbrożek,4,3,2000,Wydanie I,506,False,W Ciągu skutek łatwo czekolada zakończyć. Turecki nikt kurs ona miejscowość nadawać.,dostępny
2836,9781773311876,27615,Córka dźwięk jeść,pani Sonia Kościesza,4,5,1950,Wydanie I,797,True,Móc wspomnienie gdzieś uciec grzech. Metal rezultat wewnątrz liść rynek zmieniać brzuch.,wypożyczony
2837,9781385509982,11109,Anglia silnik tylko swój około,Anastazja Larysz,2,8,1984,Wydanie I,739,False,Chwila pamięć szybko gdzie postać sąd. Państwowy Piotr postawa hałas plemię artystyczny.,w konserwacji
2838,9780280858225,91682,Natychmiast zbyt trawa atak,Antoni Warzybok,5,6,1951,Wydanie I,164,False,Żydowski anioł powstawać sędzia pragnąć. Dzień los wspaniały chcieć.,w konserwacji
2839,9781256020141,11876,Północny sytuacja umysł zawierać,Apolonia Lorenz,8,4,1993,Wydanie I,445,True,Danie pomarańczowy aktor but.,dostępny
2840,9780814943571,3857,Stado lud krew,Łukasz Radzewicz,4,7,1982,Wydanie I,347,False,Pierwiastek koszt wystawa lewy niezwykły wyspa. W Ciągu pieniądz krok wychodzić literatura wydać.,w konserwacji
2841,9780380954667,77525,Użytkownik jeśli św. sprzęt,Krystian Piaścik,4,9,1981,Wydanie I,552,False,Jedenaście otwierać zwykły prawdziwy prędkość malować kolorowy. Tłumaczyć grać transport jednak.,wypożyczony
2842,9780362591026,58623,Trzeba oko,Janina Kołak,8,3,1976,Wydanie I,669,False,Krok świeży bar stary dół kolega. Dziura studia pas majuskuła.,w konserwacji
2843,9780668657846,93443,Księga powstawać późno moralny dziecięcy,pani Julita Rajchel,10,7,1957,Wydanie I,511,True,Srebro mieszkanie prawny procent dobro chwila. Polityczny popularny dół istnienie dolina.,dostępny
2844,9780027914276,74948,Powodować polityczny strona,Jędrzej Pielach,3,7,2013,Wydanie I,590,True,Gaz w końcu drzwi słońce las. Plac pewien leczenie.,wypożyczony
2845,9781536822250,44578,Kula sztuczny włożyć Ameryka,Aleks Staśko,5,3,1960,Wydanie I,786,True,Gospodarka wywołać tam wszystek 7 wygrać słodki zysk. Ucho siedziba zmęczony właściwy obok.,w konserwacji
2846,9780768677201,75031,40 dzięki w formie zostać,Malwina Materek,9,5,1967,Wydanie I,355,True,Dyrektor w kształcie Ameryka władza.,wypożyczony
2847,9781786430304,27222,- otwierać możliwy bawić się,Urszula Lejk,4,2,1971,Wydanie I,729,False,Wskazywać natychmiast spodnie stawać się za tradycyjny.,dostępny
2848,9780094652866,44288,Używać specjalny międzynarodowy móc,Krystian Serwach,7,10,1967,Wydanie I,696,True,Współczesny biskup opinia futro. Ogromny zimno wiosna wino. Słońce specjalny państwo jednostka.,wypożyczony
2849,9781385509982,71392,Anglia silnik tylko swój około,Anastazja Larysz,2,10,1984,Wydanie I,739,True,Chwila pamięć szybko gdzie postać sąd. Państwowy Piotr postawa hałas plemię artystyczny.,dostępny
2850,9781138492578,97934,Teoria obywatelka dzisiaj ziarno,Maciej Pyrkosz,9,8,1998,Wydanie I,487,True,Woda ostry wytwarzać katastrofa spór znaczny oficjalny.,wypożyczony
2851,9780888596710,45045,Dokładnie te dorosły zgadzać się most,pan Igor Doruch,4,10,1950,Wydanie I,165,False,Park rynek zgodny francuski. Dziób trwać idea obowiązywać zbiór papier jakość.,w konserwacji
2852,9781072287513,64133,Fabryka skończyć operacja dorosły,pani Anna Maria Fiołek,6,5,2020,Wydanie I,241,False,Kamień fala długo Czechy czysty.,wypożyczony
2853,9780348977738,47963,Do dorosły,pani Ada Flisiak,7,9,1956,Wydanie I,782,True,Wakacje 100 siedemdziesiąt firma wtorek budowa. Reguła archipelag Szwecja ucho szkodliwy.,w konserwacji
2854,9781426248160,2690,Wiersz poniedziałek skała,pan Tobiasz Michnik,6,9,1953,Wydanie I,314,True,Świadczyć technika lista zmiana temat stworzyć. Swój posiłek drewniany dawny większość powstanie.,wypożyczony
2855,9781874227250,17170,Warstwa wina zwykły,Cyprian Kott,2,5,1994,Wydanie I,776,False,Płeć obowiązywać powinien zdolność. Rachunek siostra radio można wysyłać krzew rasa złożony.,w konserwacji
2856,9780668657846,29825,Księga powstawać późno moralny dziecięcy,pani Julita Rajchel,10,10,1957,Wydanie I,511,False,Srebro mieszkanie prawny procent dobro chwila. Polityczny popularny dół istnienie dolina.,wypożyczony
2857,9780743425230,2653,Unia Europejska grupa narkotyk,pani Marika Kluczek,8,10,2017,Wydanie I,166,False,Stacja surowy dodać stacja pięć. Istnienie kłopot zajęcie mądry relacja okręt zając.,w konserwacji
2858,9781545385265,77302,Cecha zakończenie pomarańczowy wreszcie ten,pan Marek Hermanowicz,3,6,1981,Wydanie I,155,False,Aż żart powstawać długość ona w typ. Piosenka Niemiec Holandia.,w konserwacji
2859,9781256020141,79086,Północny sytuacja umysł zawierać,Apolonia Lorenz,8,4,1993,Wydanie I,445,True,Danie pomarańczowy aktor but.,w konserwacji
2860,9781256020141,59002,Północny sytuacja umysł zawierać,Apolonia Lorenz,8,1,1993,Wydanie I,445,True,Danie pomarańczowy aktor but.,w konserwacji
2861,9780690936506,27277,Pomysł 40 temat znany,Julita Drobot,9,3,2016,Wydanie I,505,True,Zwycięstwo biec uznawać powodować. Czapka doskonały jakby.,wypożyczony
2862,9781874227250,91798,Warstwa wina zwykły,Cyprian Kott,2,3,1994,Wydanie I,776,False,Płeć obowiązywać powinien zdolność. Rachunek siostra radio można wysyłać krzew rasa złożony.,wypożyczony
2863,9781134555819,23424,Oraz kilka,pan Wojciech Lenda,4,6,1981,Wydanie I,268,False,Metal lampa substancja mąż. Wiedzieć walczyć strefa pacjent nie ma piękny.,w konserwacji
2864,9781426248160,7547,Wiersz poniedziałek skała,pan Tobiasz Michnik,6,9,1953,Wydanie I,314,False,Świadczyć technika lista zmiana temat stworzyć. Swój posiłek drewniany dawny większość powstanie.,wypożyczony
2865,9780928916836,96691,Użytkownik posługiwać się rasa próba,Kornelia Kuczaj,6,1,1978,Wydanie I,466,False,Wobec słodki sport charakter. Jechać niebo temperatura bilet powiat kolega.,w konserwacji
2866,9780094652866,48682,Używać specjalny międzynarodowy móc,Krystian Serwach,7,1,1967,Wydanie I,696,False,Współczesny biskup opinia futro. Ogromny zimno wiosna wino. Słońce specjalny państwo jednostka.,dostępny
2867,9781432155315,1584,Zajmować Się następować zwykle biec,Mariusz Bartoszczyk,9,10,1977,Wydanie I,588,False,Wystawa prezent odzież wstyd. Być masa łatwy barwa środa usta kochać.,w konserwacji
2868,9781072287513,16127,Fabryka skończyć operacja dorosły,pani Anna Maria Fiołek,6,4,2020,Wydanie I,241,True,Kamień fala długo Czechy czysty.,w konserwacji
2869,9780690936506,84404,Pomysł 40 temat znany,Julita Drobot,9,8,2016,Wydanie I,505,False,Zwycięstwo biec uznawać powodować. Czapka doskonały jakby.,w konserwacji
2870,9780134362441,38684,Królowa kuchnia pod głowa,Adam Zbrożek,4,10,2000,Wydanie I,506,True,W Ciągu skutek łatwo czekolada zakończyć. Turecki nikt kurs ona miejscowość nadawać.,dostępny
2871,9780735005464,77729,Pogoda żyć przebywać ciemność pociąg,pani Klara Dziewit,4,6,1997,Wydanie I,442,False,Taki głośny wąski filmowy jeździć. Żywy osioł strefa wróg.,dostępny
2872,9780928916836,56971,Użytkownik posługiwać się rasa próba,Kornelia Kuczaj,6,5,1978,Wydanie I,466,True,Wobec słodki sport charakter. Jechać niebo temperatura bilet powiat kolega.,dostępny
2873,9781296362881,46640,Góra szacunek rzeczownik kosz pomieszczenie,Urszula Wyroślak,2,3,1970,Wydanie I,197,False,Ryzyko wschód ćwiczenie radiowy tor. Chrystus cukier banknot stworzyć góra.,wypożyczony
2874,9781718044685,99685,Pisarz prezydent dowód,Marianna Poleszak,2,10,1968,Wydanie I,561,False,Porządek srebro używać wycieczka zawód zniszczyć go.,w konserwacji
2875,9780743425230,73098,Unia Europejska grupa narkotyk,pani Marika Kluczek,8,9,2017,Wydanie I,166,True,Stacja surowy dodać stacja pięć. Istnienie kłopot zajęcie mądry relacja okręt zając.,w konserwacji
2876,9781698428123,42391,Ulegać dyrektor koza gwałtowny,Kaja Kałwa,3,10,1992,Wydanie I,762,True,Miejscowość utwór mężczyzna wszelki chociaż narząd lód. Fakt zniszczyć hałas no mowa aktywny ślad.,wypożyczony
2877,9781432155315,3846,Zajmować Się następować zwykle biec,Mariusz Bartoszczyk,9,3,1977,Wydanie I,588,True,Wystawa prezent odzież wstyd. Być masa łatwy barwa środa usta kochać.,w konserwacji
2878,9780362591026,36851,Trzeba oko,Janina Kołak,8,3,1976,Wydanie I,669,True,Krok świeży bar stary dół kolega. Dziura studia pas majuskuła.,w konserwacji
2879,9780690936506,12927,Pomysł 40 temat znany,Julita Drobot,9,5,2016,Wydanie I,505,True,Zwycięstwo biec uznawać powodować. Czapka doskonały jakby.,w konserwacji
2880,9781345231809,68410,Chłop moneta dziesięć granica ochrona,Andrzej Stein,10,6,2004,Wydanie I,278,True,Lot strefa klucz robić Polak. Cecha ozdoba międzynarodowy fałszywy lód uciekać.,wypożyczony
2881,9781786430304,57359,- otwierać możliwy bawić się,Urszula Lejk,4,5,1971,Wydanie I,729,False,Wskazywać natychmiast spodnie stawać się za tradycyjny.,dostępny
2882,9780543464620,90567,Cierpieć jakość czekolada,Tymon Myk,3,5,1983,Wydanie I,353,True,Kolano bogini polityka szósty obwód. Według lato konstrukcja bogini naczynie.,wypożyczony
2883,9780582900776,7148,Dźwięk istnienie,Ewelina Fras,10,6,2018,Wydanie I,336,False,Większość wystawa osiemdziesiąt wnętrze. Myśl dodać przykład Francja z.,dostępny
2884,9781759252018,52800,Węgiel kilometr czyn a własny,Jerzy Pabisiak,5,4,1997,Wydanie I,471,False,"Piasek kolor późny chleb.
Lud jeszcze góra tylko.",dostępny
2885,9781296362881,99161,Góra szacunek rzeczownik kosz pomieszczenie,Urszula Wyroślak,2,4,1970,Wydanie I,197,False,Ryzyko wschód ćwiczenie radiowy tor. Chrystus cukier banknot stworzyć góra.,wypożyczony
2886,9781337968874,51686,Zasada flaga coś ze,Angelika Trzyna,10,2,1980,Wydanie I,217,False,Lista kosztować ogon śpiewać. Ryba dać przyczyna.,w konserwacji
2887,9780798423175,39309,Pić czerwony,Borys Getka,9,3,1958,Wydanie I,650,True,Słoneczny zachodni nocny. Pasek los także delikatny przychodzić.,w konserwacji
2888,9781786430304,35019,- otwierać możliwy bawić się,Urszula Lejk,4,8,1971,Wydanie I,729,False,Wskazywać natychmiast spodnie stawać się za tradycyjny.,dostępny
2889,9780523118734,76266,Skutek imię oraz elektryczny,pan Oliwier Stefankiewicz,7,8,2012,Wydanie I,139,True,Marzec wpaść pod. Obchodzić włożyć reguła kula miasto handlowy katastrofa wesoły.,dostępny
2890,9780798423175,80402,Pić czerwony,Borys Getka,9,1,1958,Wydanie I,650,False,Słoneczny zachodni nocny. Pasek los także delikatny przychodzić.,dostępny
2891,9781072287513,93871,Fabryka skończyć operacja dorosły,pani Anna Maria Fiołek,6,3,2020,Wydanie I,241,True,Kamień fala długo Czechy czysty.,w konserwacji
2892,9780094652866,20078,Używać specjalny międzynarodowy móc,Krystian Serwach,7,3,1967,Wydanie I,696,True,Współczesny biskup opinia futro. Ogromny zimno wiosna wino. Słońce specjalny państwo jednostka.,wypożyczony
2893,9780523118734,42006,Skutek imię oraz elektryczny,pan Oliwier Stefankiewicz,7,8,2012,Wydanie I,139,True,Marzec wpaść pod. Obchodzić włożyć reguła kula miasto handlowy katastrofa wesoły.,wypożyczony
2894,9781435262805,14258,Sześćdziesiąt więcej piętro ani po,Marianna Berus,5,4,1998,Wydanie I,285,True,Budowla przypadek alkohol strefa ciemny flaga słoneczny. Trzymać wiek autor król nic 3 chemiczny.,dostępny
2895,9780094652866,17760,Używać specjalny międzynarodowy móc,Krystian Serwach,7,10,1967,Wydanie I,696,True,Współczesny biskup opinia futro. Ogromny zimno wiosna wino. Słońce specjalny państwo jednostka.,dostępny
2896,9781432155315,49004,Zajmować Się następować zwykle biec,Mariusz Bartoszczyk,9,10,1977,Wydanie I,588,True,Wystawa prezent odzież wstyd. Być masa łatwy barwa środa usta kochać.,wypożyczony
2897,9781024774184,19312,Czwartek ząb stać się królewski zegar,Cyprian Rudyk,1,6,2013,Wydanie I,118,False,Marzec zachowanie pełny w końcu. Nad czy ubogi zielony Niemcy biblioteka.,wypożyczony
2898,9781256020141,26935,Północny sytuacja umysł zawierać,Apolonia Lorenz,8,8,1993,Wydanie I,445,False,Danie pomarańczowy aktor but.,wypożyczony
2899,9781773311876,93254,Córka dźwięk jeść,pani Sonia Kościesza,4,4,1950,Wydanie I,797,False,Móc wspomnienie gdzieś uciec grzech. Metal rezultat wewnątrz liść rynek zmieniać brzuch.,w konserwacji
2900,9781072287513,21803,Fabryka skończyć operacja dorosły,pani Anna Maria Fiołek,6,7,2020,Wydanie I,241,False,Kamień fala długo Czechy czysty.,w konserwacji
2901,9781296362881,42838,Góra szacunek rzeczownik kosz pomieszczenie,Urszula Wyroślak,2,10,1970,Wydanie I,197,False,Ryzyko wschód ćwiczenie radiowy tor. Chrystus cukier banknot stworzyć góra.,dostępny
2902,9781616142964,50181,Okazja chmura święto ziemia,pani Justyna Nowotny,10,3,1979,Wydanie I,784,False,Dowód otrzymać brzuch chodzić godzina port. Bułgarski 4 za pomocą pić właściwy szósty wy.,wypożyczony
2903,9780280858225,46471,Natychmiast zbyt trawa atak,Antoni Warzybok,5,3,1951,Wydanie I,164,True,Żydowski anioł powstawać sędzia pragnąć. Dzień los wspaniały chcieć.,w konserwacji
2904,9780005513132,77293,60 ogród gwiazda,Julianna Żmija,2,9,1980,Wydanie I,626,True,Dodatkowy pływać czwartek studiować swój.,dostępny
2905,9781167966286,90352,Prawdziwy postępowanie okno,Anastazja Soczewka,8,4,1977,Wydanie I,314,True,Koncert bardzo potrafić suma morze. Dialekt podnosić pani rzeczownik model wieża tamten wóz.,wypożyczony
2906,9780523118734,34213,Skutek imię oraz elektryczny,pan Oliwier Stefankiewicz,7,7,2012,Wydanie I,139,False,Marzec wpaść pod. Obchodzić włożyć reguła kula miasto handlowy katastrofa wesoły.,w konserwacji
2907,9781385509982,42941,Anglia silnik tylko swój około,Anastazja Larysz,2,6,1984,Wydanie I,739,False,Chwila pamięć szybko gdzie postać sąd. Państwowy Piotr postawa hałas plemię artystyczny.,w konserwacji
2908,9780280858225,35786,Natychmiast zbyt trawa atak,Antoni Warzybok,5,3,1951,Wydanie I,164,True,Żydowski anioł powstawać sędzia pragnąć. Dzień los wspaniały chcieć.,dostępny
2909,9780393892420,51960,Przyrząd zapalenie,pan Konrad Wojtak,1,1,1973,Wydanie I,547,False,Skłonność szkło rozwój nieść skała jednocześnie. Lato słyszeć podczas morski wóz spadać atak.,w konserwacji
2910,9780362591026,7294,Trzeba oko,Janina Kołak,8,2,1976,Wydanie I,669,False,Krok świeży bar stary dół kolega. Dziura studia pas majuskuła.,dostępny
2911,9780094652866,58506,Używać specjalny międzynarodowy móc,Krystian Serwach,7,6,1967,Wydanie I,696,True,Współczesny biskup opinia futro. Ogromny zimno wiosna wino. Słońce specjalny państwo jednostka.,dostępny
2912,9780814943571,48451,Stado lud krew,Łukasz Radzewicz,4,9,1982,Wydanie I,347,False,Pierwiastek koszt wystawa lewy niezwykły wyspa. W Ciągu pieniądz krok wychodzić literatura wydać.,dostępny
2913,9780094652866,10170,Używać specjalny międzynarodowy móc,Krystian Serwach,7,10,1967,Wydanie I,696,False,Współczesny biskup opinia futro. Ogromny zimno wiosna wino. Słońce specjalny państwo jednostka.,dostępny
2914,9781426248160,62361,Wiersz poniedziałek skała,pan Tobiasz Michnik,6,1,1953,Wydanie I,314,True,Świadczyć technika lista zmiana temat stworzyć. Swój posiłek drewniany dawny większość powstanie.,w konserwacji
2915,9780582900776,83091,Dźwięk istnienie,Ewelina Fras,10,4,2018,Wydanie I,336,False,Większość wystawa osiemdziesiąt wnętrze. Myśl dodać przykład Francja z.,dostępny
2916,9780428279417,19341,Wśród wy 80,Igor Ciaś,6,10,2000,Wydanie I,796,False,Pani sygnał pani ramię. Świecić dodać mama broń pojęcie zwykły.,dostępny
2917,9781167966286,33733,Prawdziwy postępowanie okno,Anastazja Soczewka,8,4,1977,Wydanie I,314,True,Koncert bardzo potrafić suma morze. Dialekt podnosić pani rzeczownik model wieża tamten wóz.,wypożyczony
2918,9781024774184,51570,Czwartek ząb stać się królewski zegar,Cyprian Rudyk,1,1,2013,Wydanie I,118,False,Marzec zachowanie pełny w końcu. Nad czy ubogi zielony Niemcy biblioteka.,wypożyczony
2919,9781435262805,7448,Sześćdziesiąt więcej piętro ani po,Marianna Berus,5,9,1998,Wydanie I,285,True,Budowla przypadek alkohol strefa ciemny flaga słoneczny. Trzymać wiek autor król nic 3 chemiczny.,dostępny
2920,9780393892420,35214,Przyrząd zapalenie,pan Konrad Wojtak,1,10,1973,Wydanie I,547,True,Skłonność szkło rozwój nieść skała jednocześnie. Lato słyszeć podczas morski wóz spadać atak.,w konserwacji
2921,9781759252018,74413,Węgiel kilometr czyn a własny,Jerzy Pabisiak,5,3,1997,Wydanie I,471,True,"Piasek kolor późny chleb.
Lud jeszcze góra tylko.",dostępny
2922,9780743425230,89845,Unia Europejska grupa narkotyk,pani Marika Kluczek,8,10,2017,Wydanie I,166,False,Stacja surowy dodać stacja pięć. Istnienie kłopot zajęcie mądry relacja okręt zając.,w konserwacji
2923,9780690936506,95678,Pomysł 40 temat znany,Julita Drobot,9,6,2016,Wydanie I,505,True,Zwycięstwo biec uznawać powodować. Czapka doskonały jakby.,dostępny
2924,9780690936506,93509,Pomysł 40 temat znany,Julita Drobot,9,3,2016,Wydanie I,505,True,Zwycięstwo biec uznawać powodować. Czapka doskonały jakby.,dostępny
2925,9780094652866,62882,Używać specjalny międzynarodowy móc,Krystian Serwach,7,3,1967,Wydanie I,696,False,Współczesny biskup opinia futro. Ogromny zimno wiosna wino. Słońce specjalny państwo jednostka.,wypożyczony
2926,9780005513132,93296,60 ogród gwiazda,Julianna Żmija,2,9,1980,Wydanie I,626,False,Dodatkowy pływać czwartek studiować swój.,w konserwacji
2927,9781017268270,63039,Odwaga dziać się taki,pan Borys Kobak,1,10,1954,Wydanie I,171,True,Płyn Chiny staw nagle. Egipt strumień azjatycki różny wolny stać. Kapelusz umysł budynek wojna.,wypożyczony
2928,9781385509982,83958,Anglia silnik tylko swój około,Anastazja Larysz,2,2,1984,Wydanie I,739,False,Chwila pamięć szybko gdzie postać sąd. Państwowy Piotr postawa hałas plemię artystyczny.,dostępny
2929,9780348977738,52046,Do dorosły,pani Ada Flisiak,7,5,1956,Wydanie I,782,True,Wakacje 100 siedemdziesiąt firma wtorek budowa. Reguła archipelag Szwecja ucho szkodliwy.,wypożyczony
2930,9781024774184,7741,Czwartek ząb stać się królewski zegar,Cyprian Rudyk,1,10,2013,Wydanie I,118,True,Marzec zachowanie pełny w końcu. Nad czy ubogi zielony Niemcy biblioteka.,w konserwacji
2931,9780501265870,95997,Pająk istnieć robota trzeba poziom,Paweł Stanclik,7,2,1963,Wydanie I,572,False,Błąd zaś pewien rasa właściwość. Cel lewy księżyc figura produkcja.,wypożyczony
2932,9780414399907,24285,Owca przepis leżeć Egipt,Piotr Przekwas,6,6,2008,Wydanie I,212,True,Własny oficjalny dobrze. Wysoki użycie słodki akcja. Nigdy zima bóg uwaga stanowić.,w konserwacji
2933,9781545385265,15728,Cecha zakończenie pomarańczowy wreszcie ten,pan Marek Hermanowicz,3,9,1981,Wydanie I,155,False,Aż żart powstawać długość ona w typ. Piosenka Niemiec Holandia.,w konserwacji
2934,9780393892420,22077,Przyrząd zapalenie,pan Konrad Wojtak,1,4,1973,Wydanie I,547,False,Skłonność szkło rozwój nieść skała jednocześnie. Lato słyszeć podczas morski wóz spadać atak.,w konserwacji
2935,9781786430304,31979,- otwierać możliwy bawić się,Urszula Lejk,4,6,1971,Wydanie I,729,True,Wskazywać natychmiast spodnie stawać się za tradycyjny.,w konserwacji
2936,9780094652866,67007,Używać specjalny międzynarodowy móc,Krystian Serwach,7,5,1967,Wydanie I,696,False,Współczesny biskup opinia futro. Ogromny zimno wiosna wino. Słońce specjalny państwo jednostka.,dostępny
2937,9781426248160,86451,Wiersz poniedziałek skała,pan Tobiasz Michnik,6,1,1953,Wydanie I,314,False,Świadczyć technika lista zmiana temat stworzyć. Swój posiłek drewniany dawny większość powstanie.,w konserwacji
2938,9780362591026,27425,Trzeba oko,Janina Kołak,8,3,1976,Wydanie I,669,True,Krok świeży bar stary dół kolega. Dziura studia pas majuskuła.,wypożyczony
2939,9781616142964,19078,Okazja chmura święto ziemia,pani Justyna Nowotny,10,3,1979,Wydanie I,784,True,Dowód otrzymać brzuch chodzić godzina port. Bułgarski 4 za pomocą pić właściwy szósty wy.,wypożyczony
2940,9780362591026,97428,Trzeba oko,Janina Kołak,8,5,1976,Wydanie I,669,True,Krok świeży bar stary dół kolega. Dziura studia pas majuskuła.,dostępny
2941,9780735005464,37837,Pogoda żyć przebywać ciemność pociąg,pani Klara Dziewit,4,1,1997,Wydanie I,442,False,Taki głośny wąski filmowy jeździć. Żywy osioł strefa wróg.,dostępny
2942,9780134362441,34321,Królowa kuchnia pod głowa,Adam Zbrożek,4,5,2000,Wydanie I,506,False,W Ciągu skutek łatwo czekolada zakończyć. Turecki nikt kurs ona miejscowość nadawać.,wypożyczony
2943,9781385509982,10496,Anglia silnik tylko swój około,Anastazja Larysz,2,3,1984,Wydanie I,739,False,Chwila pamięć szybko gdzie postać sąd. Państwowy Piotr postawa hałas plemię artystyczny.,wypożyczony
2944,9780743425230,69045,Unia Europejska grupa narkotyk,pani Marika Kluczek,8,5,2017,Wydanie I,166,False,Stacja surowy dodać stacja pięć. Istnienie kłopot zajęcie mądry relacja okręt zając.,wypożyczony
2945,9781426248160,18517,Wiersz poniedziałek skała,pan Tobiasz Michnik,6,8,1953,Wydanie I,314,False,Świadczyć technika lista zmiana temat stworzyć. Swój posiłek drewniany dawny większość powstanie.,wypożyczony
2946,9781698428123,74773,Ulegać dyrektor koza gwałtowny,Kaja Kałwa,3,6,1992,Wydanie I,762,True,Miejscowość utwór mężczyzna wszelki chociaż narząd lód. Fakt zniszczyć hałas no mowa aktywny ślad.,wypożyczony
2947,9781256020141,20130,Północny sytuacja umysł zawierać,Apolonia Lorenz,8,9,1993,Wydanie I,445,True,Danie pomarańczowy aktor but.,wypożyczony
2948,9781718044685,37328,Pisarz prezydent dowód,Marianna Poleszak,2,1,1968,Wydanie I,561,True,Porządek srebro używać wycieczka zawód zniszczyć go.,w konserwacji
2949,9781138492578,2819,Teoria obywatelka dzisiaj ziarno,Maciej Pyrkosz,9,6,1998,Wydanie I,487,True,Woda ostry wytwarzać katastrofa spór znaczny oficjalny.,dostępny
2950,9780814943571,12723,Stado lud krew,Łukasz Radzewicz,4,1,1982,Wydanie I,347,True,Pierwiastek koszt wystawa lewy niezwykły wyspa. W Ciągu pieniądz krok wychodzić literatura wydać.,wypożyczony
2951,9781072287513,75112,Fabryka skończyć operacja dorosły,pani Anna Maria Fiołek,6,2,2020,Wydanie I,241,True,Kamień fala długo Czechy czysty.,wypożyczony
2952,9780668657846,4753,Księga powstawać późno moralny dziecięcy,pani Julita Rajchel,10,6,1957,Wydanie I,511,True,Srebro mieszkanie prawny procent dobro chwila. Polityczny popularny dół istnienie dolina.,wypożyczony
2953,9781698428123,78802,Ulegać dyrektor koza gwałtowny,Kaja Kałwa,3,4,1992,Wydanie I,762,False,Miejscowość utwór mężczyzna wszelki chociaż narząd lód. Fakt zniszczyć hałas no mowa aktywny ślad.,dostępny
2954,9781072287513,60496,Fabryka skończyć operacja dorosły,pani Anna Maria Fiołek,6,7,2020,Wydanie I,241,True,Kamień fala długo Czechy czysty.,dostępny
2955,9780888596710,61380,Dokładnie te dorosły zgadzać się most,pan Igor Doruch,4,5,1950,Wydanie I,165,True,Park rynek zgodny francuski. Dziób trwać idea obowiązywać zbiór papier jakość.,w konserwacji
2956,9780888596710,51754,Dokładnie te dorosły zgadzać się most,pan Igor Doruch,4,2,1950,Wydanie I,165,False,Park rynek zgodny francuski. Dziób trwać idea obowiązywać zbiór papier jakość.,wypożyczony
2957,9781426248160,1423,Wiersz poniedziałek skała,pan Tobiasz Michnik,6,5,1953,Wydanie I,314,True,Świadczyć technika lista zmiana temat stworzyć. Swój posiłek drewniany dawny większość powstanie.,w konserwacji
2958,9781024774184,95342,Czwartek ząb stać się królewski zegar,Cyprian Rudyk,1,4,2013,Wydanie I,118,True,Marzec zachowanie pełny w końcu. Nad czy ubogi zielony Niemcy biblioteka.,w konserwacji
2959,9780543464620,48718,Cierpieć jakość czekolada,Tymon Myk,3,1,1983,Wydanie I,353,True,Kolano bogini polityka szósty obwód. Według lato konstrukcja bogini naczynie.,dostępny
2960,9780393892420,89970,Przyrząd zapalenie,pan Konrad Wojtak,1,7,1973,Wydanie I,547,True,Skłonność szkło rozwój nieść skała jednocześnie. Lato słyszeć podczas morski wóz spadać atak.,w konserwacji
2961,9780543464620,47276,Cierpieć jakość czekolada,Tymon Myk,3,5,1983,Wydanie I,353,True,Kolano bogini polityka szósty obwód. Według lato konstrukcja bogini naczynie.,wypożyczony
2962,9780743425230,78578,Unia Europejska grupa narkotyk,pani Marika Kluczek,8,5,2017,Wydanie I,166,True,Stacja surowy dodać stacja pięć. Istnienie kłopot zajęcie mądry relacja okręt zając.,dostępny
2963,9780928916836,74460,Użytkownik posługiwać się rasa próba,Kornelia Kuczaj,6,2,1978,Wydanie I,466,False,Wobec słodki sport charakter. Jechać niebo temperatura bilet powiat kolega.,w konserwacji
2964,9781786430304,22236,- otwierać możliwy bawić się,Urszula Lejk,4,2,1971,Wydanie I,729,False,Wskazywać natychmiast spodnie stawać się za tradycyjny.,dostępny
2965,9780814943571,38419,Stado lud krew,Łukasz Radzewicz,4,8,1982,Wydanie I,347,True,Pierwiastek koszt wystawa lewy niezwykły wyspa. W Ciągu pieniądz krok wychodzić literatura wydać.,wypożyczony
2966,9781874227250,62713,Warstwa wina zwykły,Cyprian Kott,2,7,1994,Wydanie I,776,True,Płeć obowiązywać powinien zdolność. Rachunek siostra radio można wysyłać krzew rasa złożony.,wypożyczony
2967,9780362591026,68364,Trzeba oko,Janina Kołak,8,5,1976,Wydanie I,669,True,Krok świeży bar stary dół kolega. Dziura studia pas majuskuła.,w konserwacji
2968,9780414399907,19986,Owca przepis leżeć Egipt,Piotr Przekwas,6,8,2008,Wydanie I,212,True,Własny oficjalny dobrze. Wysoki użycie słodki akcja. Nigdy zima bóg uwaga stanowić.,w konserwacji
2969,9780280858225,65611,Natychmiast zbyt trawa atak,Antoni Warzybok,5,10,1951,Wydanie I,164,False,Żydowski anioł powstawać sędzia pragnąć. Dzień los wspaniały chcieć.,w konserwacji
2970,9781167966286,28654,Prawdziwy postępowanie okno,Anastazja Soczewka,8,7,1977,Wydanie I,314,False,Koncert bardzo potrafić suma morze. Dialekt podnosić pani rzeczownik model wieża tamten wóz.,wypożyczony
2971,9781138492578,7402,Teoria obywatelka dzisiaj ziarno,Maciej Pyrkosz,9,4,1998,Wydanie I,487,True,Woda ostry wytwarzać katastrofa spór znaczny oficjalny.,dostępny
2972,9780027914276,43867,Powodować polityczny strona,Jędrzej Pielach,3,6,2013,Wydanie I,590,False,Gaz w końcu drzwi słońce las. Plac pewien leczenie.,w konserwacji
2973,9780027914276,54831,Powodować polityczny strona,Jędrzej Pielach,3,9,2013,Wydanie I,590,True,Gaz w końcu drzwi słońce las. Plac pewien leczenie.,w konserwacji
2974,9781426248160,48595,Wiersz poniedziałek skała,pan Tobiasz Michnik,6,5,1953,Wydanie I,314,False,Świadczyć technika lista zmiana temat stworzyć. Swój posiłek drewniany dawny większość powstanie.,w konserwacji
2975,9780543464620,52685,Cierpieć jakość czekolada,Tymon Myk,3,9,1983,Wydanie I,353,True,Kolano bogini polityka szósty obwód. Według lato konstrukcja bogini naczynie.,dostępny
2976,9780348977738,39268,Do dorosły,pani Ada Flisiak,7,2,1956,Wydanie I,782,True,Wakacje 100 siedemdziesiąt firma wtorek budowa. Reguła archipelag Szwecja ucho szkodliwy.,wypożyczony
2977,9781536822250,11205,Kula sztuczny włożyć Ameryka,Aleks Staśko,5,3,1960,Wydanie I,786,False,Gospodarka wywołać tam wszystek 7 wygrać słodki zysk. Ucho siedziba zmęczony właściwy obok.,dostępny
2978,9781337968874,36345,Zasada flaga coś ze,Angelika Trzyna,10,6,1980,Wydanie I,217,False,Lista kosztować ogon śpiewać. Ryba dać przyczyna.,w konserwacji
2979,9781296362881,58480,Góra szacunek rzeczownik kosz pomieszczenie,Urszula Wyroślak,2,10,1970,Wydanie I,197,True,Ryzyko wschód ćwiczenie radiowy tor. Chrystus cukier banknot stworzyć góra.,wypożyczony
2980,9780814943571,83285,Stado lud krew,Łukasz Radzewicz,4,4,1982,Wydanie I,347,True,Pierwiastek koszt wystawa lewy niezwykły wyspa. W Ciągu pieniądz krok wychodzić literatura wydać.,dostępny
2981,9780005513132,40919,60 ogród gwiazda,Julianna Żmija,2,7,1980,Wydanie I,626,True,Dodatkowy pływać czwartek studiować swój.,dostępny
2982,9781786430304,88311,- otwierać możliwy bawić się,Urszula Lejk,4,9,1971,Wydanie I,729,False,Wskazywać natychmiast spodnie stawać się za tradycyjny.,wypożyczony
2983,9780348977738,7147,Do dorosły,pani Ada Flisiak,7,4,1956,Wydanie I,782,True,Wakacje 100 siedemdziesiąt firma wtorek budowa. Reguła archipelag Szwecja ucho szkodliwy.,wypożyczony
2984,9780393892420,6487,Przyrząd zapalenie,pan Konrad Wojtak,1,1,1973,Wydanie I,547,True,Skłonność szkło rozwój nieść skała jednocześnie. Lato słyszeć podczas morski wóz spadać atak.,dostępny
2985,9781545385265,15250,Cecha zakończenie pomarańczowy wreszcie ten,pan Marek Hermanowicz,3,10,1981,Wydanie I,155,True,Aż żart powstawać długość ona w typ. Piosenka Niemiec Holandia.,w konserwacji
2986,9780888596710,51756,Dokładnie te dorosły zgadzać się most,pan Igor Doruch,4,4,1950,Wydanie I,165,False,Park rynek zgodny francuski. Dziób trwać idea obowiązywać zbiór papier jakość.,w konserwacji
2987,9781345231809,67503,Chłop moneta dziesięć granica ochrona,Andrzej Stein,10,3,2004,Wydanie I,278,False,Lot strefa klucz robić Polak. Cecha ozdoba międzynarodowy fałszywy lód uciekać.,dostępny
2988,9780582900776,88311,Dźwięk istnienie,Ewelina Fras,10,6,2018,Wydanie I,336,True,Większość wystawa osiemdziesiąt wnętrze. Myśl dodać przykład Francja z.,w konserwacji
2989,9780280858225,72181,Natychmiast zbyt trawa atak,Antoni Warzybok,5,9,1951,Wydanie I,164,True,Żydowski anioł powstawać sędzia pragnąć. Dzień los wspaniały chcieć.,w konserwacji
2990,9780735005464,17802,Pogoda żyć przebywać ciemność pociąg,pani Klara Dziewit,4,9,1997,Wydanie I,442,False,Taki głośny wąski filmowy jeździć. Żywy osioł strefa wróg.,w konserwacji
2991,9780625136742,71337,Trochę miód umieszczać siostra,pani Agnieszka Kazubek,3,2,1968,Wydanie I,755,True,Dno japoński sprzedaż ziarno naukowy tłumaczyć. Słyszeć łatwo język zbudować późny późno.,w konserwacji
2992,9780280858225,72921,Natychmiast zbyt trawa atak,Antoni Warzybok,5,7,1951,Wydanie I,164,False,Żydowski anioł powstawać sędzia pragnąć. Dzień los wspaniały chcieć.,wypożyczony
2993,9780414399907,78007,Owca przepis leżeć Egipt,Piotr Przekwas,6,9,2008,Wydanie I,212,False,Własny oficjalny dobrze. Wysoki użycie słodki akcja. Nigdy zima bóg uwaga stanowić.,dostępny
2994,9781545385265,13386,Cecha zakończenie pomarańczowy wreszcie ten,pan Marek Hermanowicz,3,10,1981,Wydanie I,155,False,Aż żart powstawać długość ona w typ. Piosenka Niemiec Holandia.,wypożyczony
2995,9781024774184,54559,Czwartek ząb stać się królewski zegar,Cyprian Rudyk,1,1,2013,Wydanie I,118,True,Marzec zachowanie pełny w końcu. Nad czy ubogi zielony Niemcy biblioteka.,dostępny
2996,9781134555819,85781,Oraz kilka,pan Wojciech Lenda,4,2,1981,Wydanie I,268,False,Metal lampa substancja mąż. Wiedzieć walczyć strefa pacjent nie ma piękny.,dostępny
2997,9780362591026,89285,Trzeba oko,Janina Kołak,8,5,1976,Wydanie I,669,True,Krok świeży bar stary dół kolega. Dziura studia pas majuskuła.,w konserwacji
2998,9780134362441,16785,Królowa kuchnia pod głowa,Adam Zbrożek,4,6,2000,Wydanie I,506,True,W Ciągu skutek łatwo czekolada zakończyć. Turecki nikt kurs ona miejscowość nadawać.,wypożyczony
2999,9781545385265,7041,Cecha zakończenie pomarańczowy wreszcie ten,pan Marek Hermanowicz,3,3,1981,Wydanie I,155,False,Aż żart powstawać długość ona w typ. Piosenka Niemiec Holandia.,dostępny
3000,9780690936506,8864,Pomysł 40 temat znany,Julita Drobot,9,10,2016,Wydanie I,505,True,Zwycięstwo biec uznawać powodować. Czapka doskonały jakby.,dostępny
