id_osoby,imie,nazwisko,plec,login,email,hash_hasla,sol_do_hasla,pytanie_pomocnicze,hash_odpowiedzi,url_profilowe,data_zalozenia_konta,aktywne
1,Józef,Dubel,MEZCZYZNA,jozef.dubel,jozef.dubel@hotmail.com,6c7fea0676e6bcb15e1b7def58d46386bd363ac9bb7e5ad074df2c0574cf4ffc,b914f9f88fe95143,Zrobić pomagać zewnętrzny film skończyć trudno chociaż administracyjny.,1de335f773a3303bf16af1f4d48e92a5c9517d829a24b58b63d63b38dbc19be7,https://placekitten.com/691/244,2022-05-30 20:05:05,True
2,Tola,Kołata,KOBIETA,tola.kołata,tola.kołata@o2.pl,eb0ef621767f7f2757441ad4e90d344a4ef67202febc11f387268a8e5677f057,60b947632967678d,Ochrona związany owca dzisiejszy.,ece10fa17586c4054ff6dbeb927e4f41be5a4250291b570b27798252ad45422b,https://dummyimage.com/923x622,2021-03-26 09:31:10,True
3,Maksymilian,Mesjasz,MEZCZYZNA,maksymilian.mesjasz,maksymilian.mesjasz@gmail.com,047fe77e99700b94ec505c5d713ad7885e3c77248a5d122ab1bd2e294da1e739,f9eacdf57bbc932c,Bać Się papier imię majuskuła jedzenie otwór kupić.,54ed014ea8627ea3cb2d054fb98a918b7780be5432b518c2588ca3f016ec5269,https://dummyimage.com/498x416,2023-03-30 12:37:14,True
4,Marika,Hołubowicz,KOBIETA,marika.hołubowicz,marika.hołubowicz@yahoo.com,138d3706565127e803ddea8abbfe402db85d10649168e3277c9a2339d6517589,2c03eba17b33d927,Pragnienie studiować pragnąć dla list.,6dab47840c6400c306bf5e3fe177a6cd378c8d08bc0a7cb0363cee0869786607,https://picsum.photos/174/649,2023-11-23 12:00:22,True
5,Liwia,Rapa,KOBIETA,liwia.rapa,liwia.rapa@interia.pl,960e68ee885fc4b9df1dfaca74bf402909070b6e964340df505c73b40e238951,92288630ed811ce4,1000 korzystać teatr gdzieś jako czasownik śmiać się.,43097c199d4e7407137efe443286285ed7ed3adb31571bd9bea76f8585084a21,https://dummyimage.com/995x697,2022-11-25 00:16:06,True
6,Iwo,Chruszcz,MEZCZYZNA,iwo.chruszcz,iwo.chruszcz@yahoo.com,669d65ad869e7f80112aabae138f83a083e0e35bfd942fb91c6931baa0bcaa0c,ab77adf00cc69ce0,Towarzystwo owad słoneczny cel każdy zarówno wynik szary.,174ac5c6f23d4c35e76a46305c1703df4e6ffc73656f829fc089bf7871c48902,https://picsum.photos/646/734,2024-10-23 17:48:26,True
7,Alan,Mudlaff,MEZCZYZNA,alan.mudlaff,alan.mudlaff@interia.pl,57985e39e3803be1af2370bfd0c63eff5e2dbcce701e452fde3e4317d694e23f,e774c078077b51b1,Potrzeba poznać niezwykły sól.,147f3dc36a8023993910b2a692d79279b8e34001d4dc63757a3bfd6dfdaff224,https://dummyimage.com/358x770,2021-07-31 11:19:59,True
8,Marcelina,Plaskota,KOBIETA,marcelina.plaskota,marcelina.plaskota@gmail.com,caae63bc02b9dd84440489e292ccd6802e7eda7130d6adaf558ba1c00b6dc535,197daa97b4f1197b,Zapach tarcza strona powód żyć telewizja wzgórze wypadek.,f0e93694a8117a1da9d40cd66af13dcdd6882a0be094cde87dc99840c0876daf,https://dummyimage.com/912x544,2025-10-12 01:21:34,True
9,Ewelina,Basista,KOBIETA,ewelina.basista,ewelina.basista@interia.pl,6484cbc97ae6c3d12e57bc748ea29df39c34b9484d3b72a818cfaa339cfcb27f,afaf06f4cb11ef7c,Luty wybuch czytać wisieć koło mój okrągły.,06824740e7498371fecd7b7c9229f18b1ecd5d978ebe9095070afc428aa285b4,https://placekitten.com/270/977,2021-05-10 10:52:10,True
10,Apolonia,Ćwirko,KOBIETA,apolonia.cwirko,apolonia.cwirko@interia.pl,ab6e77cf5a7cebade182af7b778c98cbdfc7cce0bff2053838577ef07f6f2885,420b7c4233989ea4,Sądowy istnieć tani górny broda mrówka.,47399d8ab0465b62c422aa2c530752a8e0b3d16a0e2aff4c4cd3728b4d2e175e,https://dummyimage.com/591x28,2024-04-12 10:02:30,True
11,Oliwier,Sudak,MEZCZYZNA,oliwier.sudak,oliwier.sudak@onet.pl,6d439bd2c5587acf58f42680bec4ae39c59b33a2e1e2943b730a83c5f6c6236d,c1b9b6e6c5d51056,Południowy wygląd tutaj umiejętność wydać.,caa96b40ab029dc367af2e655dd3aead3fda258c0a2ef1e3f03e3a13c64861c3,https://dummyimage.com/405x95,2025-06-16 00:17:56,True
12,Karol,Zackiewicz,MEZCZYZNA,karol.zackiewicz,karol.zackiewicz@hotmail.com,9e1ca08bf7064da4af231980d38e9dd9f7d706a9ac6c42c9e4a6be1507ccc121,fe967ed86a5eaeae,Broń dane ludność głównie stać.,eb1ebccedf679977bc7184f021dd3344e1c7f7155af9a4fab4f05648ac7cfdfd,https://placekitten.com/572/399,2021-07-27 04:06:42,True
13,Alex,Jodko,MEZCZYZNA,alex.jodko,alex.jodko@o2.pl,0bf7f41c4c613ed9f9d62ef4ce9797d14bd5ebb0536c344e59566a074078e821,44db700064dbc4e4,Członek otwór 70 próbować stanowisko dwudziesty pójść.,997be7cc3ae0466082af96a62f6683874cfd600719a2ad1f673f93554c723d16,https://picsum.photos/494/76,2022-10-06 09:05:10,True
14,Kalina,Bondaruk,KOBIETA,kalina.bondaruk,kalina.bondaruk@onet.pl,9064107733801bb4ad61c0cac39d942c481073a8d9248ef0a24ad9c36e41d4e7,a4a039289efa8449,Kwiecień nad lotnisko opłata bogini dlaczego.,c089e35b8fc2823b52f6828b7080416f7b201f2c2974d818a12c9ee5ab334bd4,https://picsum.photos/380/622,2023-05-25 10:45:06,True
15,Dagmara,Czuryło,KOBIETA,dagmara.czuryło,dagmara.czuryło@gmail.com,1e53cf613f3b648a6de3f16ef6f21c747ebef045841357690504b562d9220b0b,b901e8d062214e26,Zgodny reguła źle.,a1af343cd93c0b5e9527e121c2989b3c8c071fc6d7fcc0701d442525b51e0ed8,https://dummyimage.com/454x890,2025-10-04 23:16:23,True
16,Patryk,Wasiewicz,MEZCZYZNA,patryk.wasiewicz,patryk.wasiewicz@onet.pl,8dfe2715e6f51e6be4be2c892a6f5b32ba79faac8dccbef07bf4e76510f7d1bc,54b457dace4a4350,Bar prawie udać się minerał godzina czerwony poprzedni.,9180c714e0a28d19d15f1e7e99f1d977fef9fa4ca82fbe6ea5c6ceed3abb4f0d,https://placekitten.com/35/911,2023-12-30 08:29:29,True
17,Julian,Godzik,MEZCZYZNA,julian.godzik,julian.godzik@interia.pl,7cd6177ac5494d62060d10fd3614f27ec055497c717338cbfaaddaa57c57b6f8,4e45e3f804fad0d1,Element nasiono świeca.,16f6d65cc21b8e4880d08f090896abb4f724c3b493cb095e654629d3cba45417,https://placekitten.com/665/169,2022-09-29 11:16:28,True
18,Eryk,Skotarczak,MEZCZYZNA,eryk.skotarczak,eryk.skotarczak@o2.pl,5699de3337046645d429c7bf1273756b74ff0055746bae7fa08906f0b1dc8d9c,9f61aedbc847c6e8,Materiał na zewnątrz dwadzieścia radio cukier występować ile.,59d7918e8c4b30d79a1861ec5c7918f5cc41a602f3dce461323a8d39a95a9145,https://picsum.photos/411/828,2021-06-21 17:40:58,True
19,Marianna,Ochal,KOBIETA,marianna.ochal,marianna.ochal@o2.pl,0a3e4923be8269df696ff4eefb8d9bb711112b9dd3ac38c21fabfc2cf39b7511,b84c6b1c35dcea71,Świątynia czekać katastrofa teoria.,897efc29391ae67e2fed39a5bc3eded067145fd7978fd1beb8b26a91b68c251d,https://dummyimage.com/489x481,2023-11-24 11:21:11,True
20,Józef,Betka,MEZCZYZNA,jozef.betka,jozef.betka@onet.pl,b21600b7595e8064400de5f93a84aa2796eb7030a2dd0e5fdeb4f54b18fd6a6a,afa640538a29c840,Rola zadanie naukowiec polityk iść.,11fd9b8cd5c25b1862155dbc3b3137388d28fdd2c379cb15bed4bc64bdade981,https://dummyimage.com/225x511,2022-12-27 02:02:07,True
21,Kaja,Majdan,KOBIETA,kaja.majdan,kaja.majdan@onet.pl,460ab862c7d574cf279bbdba0c55df331cf0d075f032fd0c14d969322aa6ced6,0cffbcc994fd3b53,Kościół tańczyć bawić się doświadczenie pustynia oczywiście wczesny nie ma.,1c605973a482487247f2e131b18ff9234ce03beaf3c35f11e96cefcb58ccfe74,https://placekitten.com/853/68,2023-06-15 12:22:15,True
22,Tymoteusz,Madzia,MEZCZYZNA,tymoteusz.madzia,tymoteusz.madzia@hotmail.com,ca0c225218ab156756a4a89ed322fd4462f7f01c6614beaa81853732f6eb5223,f58990ba0fa1c407,Wiara do kochać centrum pewien babcia.,6791c8f8f4a9c82221d18a7fc7b693d74f21eb85fbb05dde9e3f5e86740c0681,https://dummyimage.com/214x406,2021-08-04 23:23:52,True
23,Patryk,Fronczek,MEZCZYZNA,patryk.fronczek,patryk.fronczek@hotmail.com,1cdc5e27be3b578ee22958ab03508839a60f5f515c1f91d9b2764eee38c6e67f,5bf9530ab44c4f18,Chłopak kolacja słowacki sześć czas gospodarka grunt.,6a7b01518ba7a2cd18224b49b47c2449877722987903557fc713e680fd57d525,https://dummyimage.com/330x394,2022-07-23 06:40:13,True
24,Urszula,Kopa,KOBIETA,urszula.kopa,urszula.kopa@hotmail.com,6cf5bce813064a8a3f812639a75315dbf06c060c3ef8b21a9aec219243156b10,0cf7bf860346ee16,Położyć gęś piłka nauczycielka piłka.,25b8a50f82c133f59e7f2e6b6388deee5bd5d01994499ccf66982d9961e4d7d8,https://placekitten.com/841/189,2023-03-16 08:10:40,True
25,Angelika,Honkisz,KOBIETA,angelika.honkisz,angelika.honkisz@yahoo.com,d883ec7184019e67cb479ea9e81359bf7c4b179bd28c39b2da52fd3c2758896a,3da9f1628102adeb,Budynek pustynia prawie kłopot łąka głupek wy.,f4527dc2052db06fb5789fd5fa4b6eec215c0bf93a9738702d9bcfdd8f0a5e38,https://picsum.photos/481/10,2021-12-15 10:37:45,True
26,Fabian,Wołk,MEZCZYZNA,fabian.wołk,fabian.wołk@o2.pl,302123c633221c6ce163a35d3f546571d21623737b78d2343656cf96f8cde648,517a1229489b2ef7,Pełnić córka na przykład zachód ogromny pełny.,d0afe5ed2bd67151d4dd103cbc58f94c43e56d5ebb122e9538f2718ee6d48c4c,https://picsum.photos/854/265,2022-06-24 05:25:30,True
27,Cezary,Sadura,MEZCZYZNA,cezary.sadura,cezary.sadura@o2.pl,4817508dc7010f075757306dd67c4343b540118fb6f558929e3f4d507886c95d,d5decdb59f84738f,Śmiać Się droga mały umieszczać pogląd ciepło.,5784051b8137e8d428505889e20e2e3fc4203b782365e3ae3f3df1d878ba96e6,https://dummyimage.com/385x635,2025-08-25 07:47:51,True
28,Kornel,Kurpisz,MEZCZYZNA,kornel.kurpisz,kornel.kurpisz@onet.pl,7d64d037f1a56e7d0e8a9e84eca6620365b2b3dba2070b792c24b67644972bd9,b0abbedb3b0a6104,Naturalny rozpocząć Warszawa literatura Grecja.,5d6d8c97b5d097c09949390f6e772f396d57493d9d7b02b11b1e919a007cd8c7,https://placekitten.com/315/348,2021-05-24 16:36:07,True
29,Jacek,Olko,MEZCZYZNA,jacek.olko,jacek.olko@onet.pl,bd6668219ed914de0a43960437880216477172b39e4d6d85f829b9ac9375a009,4337b65ce12cb30e,Zadanie czerwiec zarówno budzić Pan.,00e37ffae0562ab6818d8f4f97457ac5f9679723c1b57f4b371b93f379f1c17a,https://dummyimage.com/442x183,2021-05-10 08:45:22,True
30,Cezary,Szpara,MEZCZYZNA,cezary.szpara,cezary.szpara@hotmail.com,e463257ce07784f9d5a4bacaf355bc06b04fdeb5d1d2c3f616ab57730bacb3ac,42a93e99481bdfdb,Trwać rzadko koniec.,722fafd13251b9025c388d4c67f6c1975136b1a8816012c54c33d9ceb187a4a7,https://placekitten.com/103/843,2025-01-04 14:27:11,True
31,Norbert,Wydrych,MEZCZYZNA,norbert.wydrych,norbert.wydrych@gmail.com,1e96de70b11c7fa68022b50acb9bf19e8117db3381d44d5415241609a3dc6bc5,77e30f0ca642e6e8,Oczekiwać mieć na imię mieszkać przy tydzień szwedzki.,af02da0c6f549338c8721e9ba56b3afcd57db2e76bcbfefde0cd56a62cb63ec2,https://placekitten.com/618/747,2024-07-27 23:41:20,True
32,Nicole,Powała,KOBIETA,nicole.powała,nicole.powała@gmail.com,bb16742845d700ffb12187ea803fcad6d5e000530a07548e32b05f7d68234b42,7d63eeb6c5ccf1a3,Podatek spór poprzedni ciało.,703f6319c1f9bbe9d93447995330314bcd6788314084c4b273d4fd0bb13dd2ac,https://placekitten.com/4/294,2021-11-07 19:19:40,True
33,Dorota,Kurpanik,KOBIETA,dorota.kurpanik,dorota.kurpanik@interia.pl,e4cfdb25599b7d8e83911d787c23c8c23bc2af00a0071aa3b679b460d92e177c,1c7d92885b52d111,Jan pomieszczenie intensywny miękki prędkość mowa przynosić.,6feebd6c0c5bba099b39028cd1e65bd634e127637cb316acd7efb122af68f2a0,https://picsum.photos/693/406,2021-04-30 20:59:26,True
34,Karina,Kośka,KOBIETA,karina.koska,karina.koska@yahoo.com,f968c47243797ad6a48802df7fc8c998436753f17277c9aacb241a0b0c7df8aa,0dfc77ebe5014ca1,Prawny przedstawienie na przykład oczywiście wrócić zbyt.,1d87930946edd92c48ca4ef262fcd9d808bbe35a318e2b8069adcd577ea30fd5,https://dummyimage.com/278x203,2025-06-18 20:11:12,True
35,Elżbieta,Płócienniczak,KOBIETA,elzbieta.płocienniczak,elzbieta.płocienniczak@hotmail.com,2c299e3c40b16fd2bc098d893cf174d97754d1b3229f1d180b2cf06e01fa091e,19ce7ee6d6bd9ba1,Warstwa filozofia dopiero sześćdziesiąt dokładny kura tłumaczyć.,aa54dd773020c633ff69570c951a29ae7c4c566f2ffe01e9fa4953aff0e18acc,https://picsum.photos/984/361,2021-11-10 20:37:45,True
36,Anita,Jachimczyk,KOBIETA,anita.jachimczyk,anita.jachimczyk@onet.pl,5b968224a890af58098312a0b403770737a0595611bb7c4d1fa70ee8b4e8b5ac,edf7a365ebc89c6f,Ramię pierwszy flaga ciecz.,1acb42a068614945169b8207bade156914c78bc5745bf493bc7dbec09373a28a,https://placekitten.com/817/366,2023-02-10 07:04:41,True
37,Juliusz,Kala,MEZCZYZNA,juliusz.kala,juliusz.kala@interia.pl,afeff65a03145e110df7ac04dfc4cf62e8ac86f6161be77ecd9fed0d82c4b0bf,50ba84a827b3b3a2,Silnik się jeśli arabski wtorek norma jedzenie.,4b4243704eadf05c9550e0491b2b32609a4675fbf2bad175e1a6e51445cdfc80,https://dummyimage.com/967x811,2021-05-24 11:57:46,True
38,Krystyna,Ofiara,KOBIETA,krystyna.ofiara,krystyna.ofiara@o2.pl,74d26818c46cacc126a399283f1fb098c6f89a07061656bbd0e1d988a6b68c26,4d92a07b5c68c581,Domowy za zostać aktywny udział ciężar.,907392083d14d75ea98cdca031534a6a89f8ae2b9381addeedbd242790fb2b2b,https://placekitten.com/975/698,2022-12-24 06:07:02,True
39,Blanka,Kurach,KOBIETA,blanka.kurach,blanka.kurach@interia.pl,4cbda16eb941f814523efbd67bcef6f3fc85de85750511ad38f0c3fa0aa005da,8419260dec6c3e18,Pozostać narkotyk czwarty obywatelka przedstawiciel.,92528e79fa25af34e28b7bb4d3cea555ed7e086407c355eb8b231ae5d36ef353,https://dummyimage.com/256x551,2025-08-15 23:18:08,True
40,Roksana,Maziarczyk,KOBIETA,roksana.maziarczyk,roksana.maziarczyk@onet.pl,dfe2eded8289f9fb282f05ab9eb0a8261ea4d8664aa36780e715f3bb8414c4a3,5214f2d775f84a24,Nic chodzić tamten.,90eaab70cfb6dcdb763572d0a0a74b935a7bd6730af16cb46ee023c6452b97df,https://dummyimage.com/995x861,2025-03-29 16:07:48,True
41,Filip,Machowiak,MEZCZYZNA,filip.machowiak,filip.machowiak@interia.pl,da44ea25d83907376617f86e77055ef17f856aab4006c6694487caf87ff78974,73424389439f4f0f,Naród instytucja piasek świnia czekać.,aba017dc030ae3f0cb8ad90eafdeff08abf37ec9b93818cae793f8dde79177ec,https://picsum.photos/769/209,2023-03-07 13:39:22,True
42,Klara,Przybyś,KOBIETA,klara.przybys,klara.przybys@onet.pl,66f026105685c58163ee7e561664450dae5d19874c970109ec4772244d62f86b,99871d136e42949f,Albo należeć zakon tradycja zgoda.,9db94c043944c0471dd5a78d6d190a4a19969f585995654e5c595910c9f109ee,https://placekitten.com/894/916,2021-05-03 01:04:25,True
43,Nikodem,Gomuła,MEZCZYZNA,nikodem.gomuła,nikodem.gomuła@onet.pl,9df60f3d2c998baa3cc6c58383b663dfea9ea8ed5df19f2abaab7f1a4c603107,dc963bcd6938a003,Sto sprzęt Egipt całkowicie rzecz waluta położyć.,2d6c9a90dd38f6852515274cde41a8cd8e7e1a7a053835334ec7e29f61b918dd,https://dummyimage.com/802x1024,2021-04-10 00:51:02,True
44,Gaja,Leonowicz,KOBIETA,gaja.leonowicz,gaja.leonowicz@gmail.com,262b6373d8e6d349dbd181ae7e9810ac767e38b86ab5709eb9b615dbe0367b80,2a6c6b0c5a238bea,Proces straszny piłka świeży dane.,76ceef7b20dcc5c489a279049f1551920c14240cac4e5c7c882127e6efbf1576,https://picsum.photos/964/318,2023-10-20 10:07:16,True
45,Aniela,Gierat,KOBIETA,aniela.gierat,aniela.gierat@o2.pl,f31ee761e5c9bbe7d78af1e415f0383b26dbfcd0edee679be9f5f617eeaa04c6,91bcf1a7cdacb1d5,Opuścić serce górny wada brzuch.,daaf53ecedd9079a588e98078f327a0536679aeb8a350f1ca80f7ad7f18e99b8,https://dummyimage.com/948x552,2023-06-28 06:27:23,True
46,Klara,Pieszak,KOBIETA,klara.pieszak,klara.pieszak@o2.pl,31246b05914971e7ac78633d173d70da08c4b99d0ca819a2d6ba836a3278b5c0,e016505f4f8da663,Byk prywatny przeznaczyć widoczny.,94ca670800c04fa7d802de06f5bf75e08fd5b65370165cc4faa38c39b74e29de,https://picsum.photos/264/477,2022-05-12 20:25:11,True
47,Sylwia,Żołnierczyk,KOBIETA,sylwia.zołnierczyk,sylwia.zołnierczyk@yahoo.com,7b141e00a148be54586a75502d15e13736b837622c3a8372e5c8068b1f0d0f08,317b52595a668f26,Organizacja układ okresowy drobny czynnik kamień kolano intensywny dar.,acf4a9ef3d4d94a6696b67d505b076fa40c6c112265dae484d64cc66ac64fefb,https://dummyimage.com/789x129,2024-12-14 18:15:03,True
48,Sylwia,Mitera,KOBIETA,sylwia.mitera,sylwia.mitera@interia.pl,8def64699824f93ce73d2329544928e801f03e84511ae02f9e2d9cd520065e81,7b4438736bf5f9f9,Mi chodzić wkrótce opieka wygląd król.,bc2a20412b853853d7b585b77ad81b0d2c99127b880b21dd04ddca6686b99305,https://dummyimage.com/475x401,2022-08-14 20:32:14,True
49,Gustaw,Ziajka,MEZCZYZNA,gustaw.ziajka,gustaw.ziajka@onet.pl,8f838688aa088b979f092dcba40a6c086adb0f70311941d80d9b1f9868676d2f,b3bc8ffb2ce1aa0f,Bułgarski uchodzić reakcja duży !.,a6bad2bf34c9b94dddb861e85cf57699f8f100b4246092dc77fde238af33fbae,https://picsum.photos/330/667,2021-11-06 01:06:09,True
50,Marcel,Podsiadła,MEZCZYZNA,marcel.podsiadła,marcel.podsiadła@gmail.com,cdf322d7c0dd8944a2d44ea5b565ff2aa411e524a8a664412997dd66647e9a96,5f951704218100da,Archipelag metal sprawa ciągle.,95c0e17f48d976716b7821b2bd3b8018ce02cf6027fa25802e667d64cf4dc2b9,https://dummyimage.com/485x208,2022-04-26 13:42:57,True
51,Ignacy,Kudra,MEZCZYZNA,ignacy.kudra,ignacy.kudra@gmail.com,e950f9c1a9c84b0b1a3a19690835d5aaefd7680461d7236f5718c46a6f5d9488,76daa2afb70c7438,Dość dobro bogactwo różnica.,a277b9950b3a178fde072126606677758dcc94887eaed57e5cb344b5f30f5f07,https://placekitten.com/887/884,2022-05-08 20:22:22,True
52,Ewelina,Szymajda,KOBIETA,ewelina.szymajda,ewelina.szymajda@interia.pl,725e059a67694d7611df9211eb61c38a63b42b30a6bad17f7ca42daa3730a799,617496a2906ffff9,Służba cichy umieć kwestia właściwy wtedy.,c0fbfb9f633f6d5de358dd337f14f8d0458c076395616831a0747872cd3ae38e,https://picsum.photos/1021/243,2023-07-26 21:38:15,True
53,Krystyna,Wojtalik,KOBIETA,krystyna.wojtalik,krystyna.wojtalik@hotmail.com,7114b11840ef7b6122619717623095137bb848fc637327b48fb01a889d8d9e5b,2f68b73c9b6b1f65,Kolumna stosunek pół kolej pomarańczowy zimny czerwiec trudność.,297b130ad21a0e4a6aff67c37524c473e8d524c66133d4a0893b96a54dfa5dd3,https://placekitten.com/549/515,2023-07-09 14:05:10,True
54,Łukasz,Pastucha,MEZCZYZNA,łukasz.pastucha,łukasz.pastucha@interia.pl,e1bfea43741d7739575b77e70468a2c97bd89475d9cf114fe02c4677d4445cfd,f6dc3b89d89738cd,Od 90 żona zwyczaj dalej.,716f220d69047a4d1dec562759eab3c36e67151d2ca2b70ba0a7cd2993de4e3e,https://dummyimage.com/379x952,2025-04-14 19:49:09,True
55,Kalina,Zaniewicz,KOBIETA,kalina.zaniewicz,kalina.zaniewicz@yahoo.com,275cc9d539cbdd8bbd5781a356fa9162119a9f582967d56995c95e5a69529492,cd98d8ef737a963e,Efekt niektóry 30 rodowity zgodny minuta błąd.,ff93c1e5ae94f73360b977fb8774b9ed3418006d329dde74a1684b6f7e01914a,https://dummyimage.com/1013x982,2024-02-29 16:27:43,True
56,Sandra,Mitek,KOBIETA,sandra.mitek,sandra.mitek@gmail.com,e5e8b8f9cb0d7623cc4565c89f5ede928fb42d897b900cbd0e04416f2614c2a9,32cbe09dbfbe567f,Prowincja przyjmować powiedzieć rzadko urodzić.,5714c3d5312c1a6c12aa406e3da413b786dd1bf653a144c926d559ebc2cec915,https://dummyimage.com/922x916,2022-04-10 10:35:32,True
57,Justyna,Seidel,KOBIETA,justyna.seidel,justyna.seidel@interia.pl,3f185852df2432e68c4dfaad85af7ca0d38db1d32163b8fc85cd7ffa06a77de8,1849a5c3a6fd4e30,Nigdy kupować wykonać ciężar poruszać się robota.,19581e27de7ced00ff1ce50b2047e7a567c76b1cbaebabe5ef03f7c3017bb5b7,https://picsum.photos/761/773,2023-03-11 08:15:07,True
58,Stefan,Waleczek,MEZCZYZNA,stefan.waleczek,stefan.waleczek@o2.pl,66bdc0cad3316a071e56492916fb9cfcd0f22e0fe6da894f5f81de0a53e10d3c,c403e6926dced301,Przyszły o świecić plama śnieg internetowy.,bb7208bc9b5d7c04f1236a82a0093a5e33f40423d5ba8d4266f7092c3ba43b62,https://placekitten.com/704/910,2023-09-19 19:23:12,True
59,Nicole,Smoter,KOBIETA,nicole.smoter,nicole.smoter@hotmail.com,9b89f35e9314573f17a5c9180604dfdbb2d5f9b47568ea17a201c913720855a0,f39bc8adab8ecf5c,Głupota grupa związać wykonywać spać potrafić piłka nożna.,b8cfe3c02cf703f12dc3f9b6c98adc0bf69da8575304adf254b5531958eec727,https://placekitten.com/326/495,2022-01-21 21:14:37,True
60,Justyna,Kukier,KOBIETA,justyna.kukier,justyna.kukier@gmail.com,1fe61482175c3b0c7cd8df98f47dc2dced8cffa12654f0740de8fe59093892fe,4e81c1a00848f157,Podstawa wobec płynąć trwały transport wypadek 1000.,c0fbfb9f633f6d5de358dd337f14f8d0458c076395616831a0747872cd3ae38e,https://picsum.photos/897/618,2024-02-10 01:58:10,True
61,Kornelia,Krzysztofek,KOBIETA,kornelia.krzysztofek,kornelia.krzysztofek@gmail.com,225329954d36730e5653766fa6bb6ef3ff9542070d4a8d4a90ca2823e43bdba6,a5238fd4a0e737ff,Szyja sok pierwszy postać bić europejski zwykle.,714b49aec6eec2470756658f4c3c2de5a781d4db5d5e67880e9fb3ec435503c4,https://picsum.photos/83/764,2022-08-20 07:17:34,True
62,Kamil,Danilczuk,MEZCZYZNA,kamil.danilczuk,kamil.danilczuk@hotmail.com,28f3473fcec20efc293a490cf569af4a82c32a547b7a4cfc641218af40dfeb18,9ebaf4ccd8f899d4,Szacunek grudzień zewnętrzny wiosna.,5784051b8137e8d428505889e20e2e3fc4203b782365e3ae3f3df1d878ba96e6,https://dummyimage.com/392x664,2022-09-07 06:40:24,True
63,Robert,Czerniec,MEZCZYZNA,robert.czerniec,robert.czerniec@interia.pl,f79c6a79ec3ff6119844d334b5c14569717fd11dcb34170e1c2eaf819831df40,1ec74646ad8fc993,Olej nadawać problem.,30d9f9e9db801b9d2b673034a455ed55edd09575007185cbc37f14089f5995aa,https://dummyimage.com/612x572,2023-06-08 01:58:48,True
64,Krzysztof,Cudzich,MEZCZYZNA,krzysztof.cudzich,krzysztof.cudzich@o2.pl,12429b46068c2f0edd23b9a0039f6b191fd7d9e08fd6ec16fb8ede0c48528d35,b01b79665256d236,Posiadać jedenaście przestać bogactwo dać.,3552dab0d952144a332763b76a654bd88640f125898e0df5bb56ef33a0d464f6,https://dummyimage.com/115x42,2025-10-17 16:38:44,True
65,Blanka,Skolik,KOBIETA,blanka.skolik,blanka.skolik@yahoo.com,df5aba4d56ebacd5251687aabaa1ccfdc4aab5021d7350283a1fc3632e5f96b0,9cf47af3ff66995d,Usługa zmiana drewno uchodzić wina broń.,f5ca38f748a1d6eaf726b8a42fb575c3c71f1864a8143301782de13da2d9202b,https://placekitten.com/503/906,2023-08-19 12:37:15,True
66,Oskar,Myk,MEZCZYZNA,oskar.myk,oskar.myk@gmail.com,fedc084137d976f5d2371a26e4a5d85756556c2ac805270f742ce2b9daf4053f,8826b2f54379e7d7,Płeć lęk chłopiec królowa ramię sędzia !.,2a10f8175ad77c99d37610f712e3582195910efe709792ba56f849e9e9b54e53,https://picsum.photos/132/272,2024-09-09 18:21:03,True
67,Aurelia,Gorzelańczyk,KOBIETA,aurelia.gorzelanczyk,aurelia.gorzelanczyk@hotmail.com,0d0490d1fa2274f921b2af4016982d4731927f69057a7fe624732a9fda1bac6c,6d9846b1b4519c66,Rzadko można inny dokonywać zmiana zysk para.,cadc8edab738c1df2ce192af17e7d35ebbdcaf075e32ed2cc86f6d97c160dbae,https://dummyimage.com/280x783,2022-08-12 02:02:22,True
68,Jakub,Morys,MEZCZYZNA,jakub.morys,jakub.morys@hotmail.com,4b430afe8c3dcde064e4b29c79a3bea2a5a6a830ec9b8c3d815ab82e18936c86,4cc82b5b90d61f47,Narodowość pojechać ani zeszły określony mężczyzna leczenie odbywać się.,949b769b6beccd63620776d9c3aab7ef51684f1e9eb3c66da477551411cd5bf9,https://placekitten.com/802/813,2021-07-17 00:35:32,True
69,Anna Maria,Biegała,KOBIETA,anna maria.biegała,anna maria.biegała@hotmail.com,4d5d06846b964b0b6e0e16647129af5ad6b27cb21f8104fce67142b9679a0020,723eb3ba131c951d,Dorosły umowa rola rower.,31191b5e5cede9e33d55010a607507333e1a24c809987cec9b473fbe90a3706c,https://dummyimage.com/76x379,2023-11-25 02:33:04,True
70,Tobiasz,Podgórny,MEZCZYZNA,tobiasz.podgorny,tobiasz.podgorny@hotmail.com,cb0fbef034c9338c83d94422a6b3350c59b4fdc8beadfa3402d32390300847a0,fcd16cac22616e8e,Człowiek wniosek drugi samochód zbiornik wieś jabłko.,552beb563e7f3e69bb06cedc6614291a2415ea4a5add2b17d7e30614b6f3a30f,https://picsum.photos/523/495,2023-02-01 19:59:41,True
71,Nela,Matulewicz,KOBIETA,nela.matulewicz,nela.matulewicz@onet.pl,727c7f43ee48803aa05db4d9f769a3ee48e25f80b346eaeb42955e66cb0be71e,6b1f0d0e17922ecc,Krzew pół głód łódź tradycyjny.,549571c7075360114fce2d4bc1ff5ecf9bb6027a732b8b3a0bb0b96fd2020ac9,https://dummyimage.com/487x235,2021-12-02 00:09:29,True
72,Dorota,Nurek,KOBIETA,dorota.nurek,dorota.nurek@hotmail.com,49c9b68df41c50b079457c841791486ac65a20b95f679968fbb11a6a394fe1ba,29c44801d8886abe,Znany muzyczny podatek spadek.,a638c959a67da87e6c7cb07462edf4677bbc0519be755a99592e0124e3ae1502,https://picsum.photos/510/456,2022-05-22 08:23:44,True
73,Maciej,Bąbol,MEZCZYZNA,maciej.babol,maciej.babol@gmail.com,afd4c88564354fa9af929d4642a93c2a83c09a3bb36c6579986893f4400d2e8c,cd5c08e2cae54f06,Rosja układ okresowy odczuwać fala pochodzenie.,ac61d2b8a893439b664d700587a26022c84d18b777e2d093c1e11de57de396eb,https://placekitten.com/236/489,2023-08-24 08:08:57,True
74,Kamila,Haponiuk,KOBIETA,kamila.haponiuk,kamila.haponiuk@onet.pl,eb5b88c02c9c19a3afcadd51269b96e713f11b0eb848a0df795e020637c96d26,16c152fec221ef10,Długi uderzyć typowy pomarańczowy zaczynać.,528715b33e1faac6ee38ab028a881616d22c39c7db6a01dc9e9e781ea2639a52,https://placekitten.com/684/954,2022-10-10 00:24:25,True
75,Konstanty,Szulim,MEZCZYZNA,konstanty.szulim,konstanty.szulim@o2.pl,b6a62e9455f3ab035c92104886fcd30b6b509f77232f691069698ebbc4b262f2,fc9d05d1cbd287b3,Narkotyk nauka obcy stać się.,e4a939e1c6db0b62ba69c46ae7f51bf2d3d7c388532b817183461f2374e2d440,https://dummyimage.com/21x417,2022-04-16 21:29:54,True
76,Wiktor,Mironiuk,MEZCZYZNA,wiktor.mironiuk,wiktor.mironiuk@yahoo.com,5e3d37a655efa72ad76f79497c360615c2279c3e0174ba241c4bac676a547ce3,6120c0de2a6cf5a3,Kosztować błąd uprawiać piętnaście zapalenie człowiek widzieć późny.,834868ccd9e0012a3c4a4ebc71ed2a38ed129cd63b275510dd104ba7a925f47d,https://placekitten.com/536/841,2024-12-06 12:13:40,True
77,Lidia,Becker,KOBIETA,lidia.becker,lidia.becker@interia.pl,57f796e631a3212460ca79da5bb0d28d7c7078939e2e518ab972e5f1944dee85,82b9ebfbf7286454,Artystyczny cichy pojawiać się żywność.,f9194e73f9e9459e3450ea10a179cdf77aafa695beecd3b9344a98d111622243,https://dummyimage.com/633x666,2025-11-19 18:33:57,True
78,Marcelina,Dziewit,KOBIETA,marcelina.dziewit,marcelina.dziewit@interia.pl,bc42298b1707c69402c3e092af2cc1f9ef17847672f6c97936eb3e5140ea81ee,5bca25bd56a1f3ec,Energia forma cisza społeczny słownik mi obywatel.,e0fb6e6c6305332dbd13cc4d4ee1f9782b60609b633b26510df200e9c311ea23,https://placekitten.com/575/39,2025-06-25 02:35:33,True
79,Urszula,Sabała,KOBIETA,urszula.sabała,urszula.sabała@hotmail.com,2aa6701f2e3a80f440c0eeb1527530f210e24a0e7192bd5055d42fdb5a74cb85,d347aa08a599220b,Minister sklep wola odpowiedź bogactwo koncert kawałek.,eab49cac49b97c298938af2d7056e5d95940c0fd2ba132708c7c13a0287a8c0e,https://picsum.photos/507/174,2025-12-17 08:10:51,True
80,Julian,Rogal,MEZCZYZNA,julian.rogal,julian.rogal@interia.pl,b5ebfdddbb2cdc9017da2c8d366fa0c59df7cae93bc888519dc0857a3bb236f7,3654a7759e9ae06e,Maszyna dziewięć włożyć próba mężczyzna wiersz.,6fd772b7ec38922469bb15cdc49e0558e539471fa17db400794d99a09c3b5c99,https://dummyimage.com/871x71,2022-11-22 15:36:05,True
81,Tymon,Tołoczko,MEZCZYZNA,tymon.tołoczko,tymon.tołoczko@hotmail.com,47d64763111b0ef73d8e9bfdcd9079f5cfb49ebe2d65465611b9fd89ba99886e,efbcdf185c2db869,Owoc Niemcy zdarzenie połączyć książę sytuacja włos.,2016d624afefd2838f9ff4ebd66bcdc85ee6dcee4b1f9bc86e835e3e1bacb26a,https://picsum.photos/826/730,2024-07-19 07:42:07,True
82,Dariusz,Nocek,MEZCZYZNA,dariusz.nocek,dariusz.nocek@o2.pl,dbdde177b9329668605fdf2debedb816a14c8433a73127af14152215aa1bd602,18e3fbf9b7a67f1c,Stopa niebezpieczny wysyłać.,57a49023cb9f4a42e724e111fd78fbc303e0b9e5d9c69d0e4b8dd50a6a5fd25f,https://picsum.photos/897/892,2023-07-06 19:29:32,True
83,Roksana,Długajczyk,KOBIETA,roksana.długajczyk,roksana.długajczyk@onet.pl,7119d2504376e93de0dd8946b711f77bd50f13aa7f3c298fc122b7476ad0b111,e7a96a9036412dad,Włożyć filmowy jednak duński potem.,53a04bdba4ce8f55eb3ca63caf791a12aaaa9b22c0601eef15035ce3908153ea,https://placekitten.com/291/866,2025-11-17 02:23:47,True
84,Filip,Solarczyk,MEZCZYZNA,filip.solarczyk,filip.solarczyk@o2.pl,582d44ce35b9429a7af6c0fcacd8ac5ea99aaa5385cbd2653a49ac5f7fc70d88,33a4c148e8506f38,Biskup morze władza.,52d05a462b7a85cf9216bfa7c91ea38c40b6c749b09415a90b0c8c17de965351,https://picsum.photos/13/121,2023-01-20 02:39:32,True
85,Jerzy,Wenda,MEZCZYZNA,jerzy.wenda,jerzy.wenda@hotmail.com,cbc94f5aa0c26e10f1efec98d63555dd48eb6f179c609193cb5a65bf836e0a8f,5ab05c710f67231f,Połączyć zacząć instrument student miejsce otaczać plac.,7e9b0529d3450a156f8455ef0ee90abcb977aa6da192006d6e6956a1c2ebeb36,https://placekitten.com/435/785,2023-11-29 15:18:28,True
86,Aurelia,Krępa,KOBIETA,aurelia.krepa,aurelia.krepa@yahoo.com,4b6ee42b9307cdcc2b5e13f6330a4000c5595aeaf01d3ed206224fc7014bfdde,75fc5c917ac28eb7,Linia zając reguła siedemdziesiąt.,b543950b94a1b372fab947223c1d8659eb6d837dc977ffaf888406321b14cf7b,https://placekitten.com/285/642,2025-03-21 20:32:25,True
87,Julianna,Andreasik,KOBIETA,julianna.andreasik,julianna.andreasik@yahoo.com,b3542e15df76cefca9dbac4bc3bde59b881880ce8ff933ddc9b40ae86eec753e,a8c388ba4832bd9d,Biuro szwedzki umysł szwedzki akcja.,fdff01770ac0e8ab3b870f12af11d0ffbb5145ce9880d62e2be4421a06213ff9,https://dummyimage.com/154x419,2021-03-10 00:45:16,True
88,Sara,Pielka,KOBIETA,sara.pielka,sara.pielka@o2.pl,f14128fd4b6ac7536a39a546367f0d6dbe7213e3bd9b870a05de76b0ffcafe73,9ad22a93f0fbe1e2,Woda dziewczynka samochodowy wybuch zakon 0.,30b302f229bd9182a06645392384f309ebe2ef500351edca9c4f625ada2f16b3,https://picsum.photos/929/454,2024-03-27 22:23:27,True
89,Sandra,Adamiuk,KOBIETA,sandra.adamiuk,sandra.adamiuk@yahoo.com,4cbf3a65f034367037a8bc845ce5bf641c77008ae2cbd09ae377c5451e9e921d,89e930816926c232,Mieszkać wziąć ta japoński odcinek przybyć.,e30173a418ab5f1485488af3d94ae67bbf0cf049b44c807512492b43a461488c,https://dummyimage.com/412x355,2024-07-01 20:26:23,True
90,Marcelina,Dynak,KOBIETA,marcelina.dynak,marcelina.dynak@hotmail.com,8233e12a66737128c9ab71529b00498defd04175f8257cbca0abd7ffe0d9919d,5bdcda87baad358b,Sędzia się wnętrze metal.,1209619066ddbc9c948675cb601d606df6758245ee0b749e10062559d593797b,https://placekitten.com/29/668,2024-04-29 10:22:11,True
91,Gabriel,Niesporek,MEZCZYZNA,gabriel.niesporek,gabriel.niesporek@hotmail.com,fac761639cb47f453f86a23524fb3296ad88abc53dbb70ad05084547f3bead34,6531f4307f7a0eae,Ciepło katastrofa blady poduszka wschód lustro.,e83a43b36de52817a639c27e03d95522f8aa1a3c244ab53ec38c06ab6f12faf5,https://dummyimage.com/370x189,2021-09-26 02:19:35,True
92,Grzegorz,Szczubełek,MEZCZYZNA,grzegorz.szczubełek,grzegorz.szczubełek@hotmail.com,c24a6bc2f5013d215c404bda2e5a3dfb10229f61258fc4dae09ff3df26d1e924,289f42cd2872adfe,Budowla wprowadzać umiejętność.,b133b4216aef7433be2391b4eb2dec5dc7a9d3fe07445a484c59eb7b8cdc55af,https://dummyimage.com/206x454,2024-02-08 20:54:18,True
93,Gustaw,Mojsa,MEZCZYZNA,gustaw.mojsa,gustaw.mojsa@gmail.com,23e8578141c17528e5f8062c1fd9058db4548253440ecc66aa0ff17977a5911d,74d17081ff9a881d,Złapać dół bronić sąsiad wybitny.,b12146dd5c16d5069cdfecebf0b44db0264b803d7493fc3493a1d3f2ef5055fe,https://placekitten.com/797/60,2021-07-15 16:49:07,True
94,Anna Maria,Jędruch,KOBIETA,anna maria.jedruch,anna maria.jedruch@gmail.com,66b8c1f36217ef0464a2fcc1c07afe704ddb88ea3b4b0ac3f7837013be7c007d,d88bd87c3a33bbbb,Byk płaski przy pojawić się Belgia.,7352ec1893d540292263df7017a4015d7f052f593e4df0266a15d4b6f5017b8f,https://picsum.photos/941/91,2023-05-29 20:04:47,True
95,Adrian,Związek,MEZCZYZNA,adrian.zwiazek,adrian.zwiazek@gmail.com,de223dd56e5d7f547c70d6353641ab1ccfb4645643ca5b1bc44ad3f7f1bd74f8,081cefd4ffe8a40d,Dzielić kula promień zachowanie zgodnie.,923818e5629f40f9417e101c111f341dfe2956e5388284dd85ccf6f8e42951df,https://picsum.photos/840/503,2022-06-06 14:10:45,True
96,Łukasz,Dubis,MEZCZYZNA,łukasz.dubis,łukasz.dubis@yahoo.com,d10f04d597b825f47ec6bd53a448e1e5582218b77f20eba24989ca1656185f51,db903a071186fb63,Naturalny obserwować właściwy ważny ludowy transport.,6fd772b7ec38922469bb15cdc49e0558e539471fa17db400794d99a09c3b5c99,https://placekitten.com/662/745,2021-05-23 03:06:22,True
97,Sandra,Fita,KOBIETA,sandra.fita,sandra.fita@hotmail.com,eb02516bfcd14f34c0496836fbc6620468598b85b19f9ee3588c53006503c547,8a7e6ba7e8c883bc,Podobny dalej chłopiec uderzenie lato Ameryka godny w kształcie.,0a5bc8768505253860858938634e6d12cf2d1a38ce8ae69f3e3d9b23cc8d59db,https://placekitten.com/460/662,2025-03-09 15:19:39,True
98,Fryderyk,Szpyrka,MEZCZYZNA,fryderyk.szpyrka,fryderyk.szpyrka@gmail.com,e357b4d317fedb89aa4d57ea1552226ebd667d1395da7137ee570e49a365514c,53219a9330d2fead,Tłuszcz studiować piasek stan klasztor gdzie.,67908e21e516f006b9e010de6bcd44665780c8cdc8ac421eeaa6e47de9ba5a0a,https://dummyimage.com/287x596,2021-07-29 21:32:24,True
99,Róża,Weremczuk,KOBIETA,roza.weremczuk,roza.weremczuk@onet.pl,3f27a135a605bf9fbbe7b404c55f6c34b38e46363fc0e167a8f695c16669774e,a7c22df00e9780f0,Korona rozpocząć jakość zaś Dania jazda zachowanie.,834868ccd9e0012a3c4a4ebc71ed2a38ed129cd63b275510dd104ba7a925f47d,https://placekitten.com/895/226,2024-08-30 15:55:28,True
100,Szymon,Wiewiórka,MEZCZYZNA,szymon.wiewiorka,szymon.wiewiorka@o2.pl,9ac7abd98a9d625ab047b7c8446b5d7318c72de8036ebcd1a92ed40a16855e80,dfc3cbc71106778b,Kolega Kościół kto Francja.,fb0e67e40c3ef3776c755d4686818d70fae974ad28ae3f3ab4a13fe8cca4dda0,https://placekitten.com/367/94,2021-01-10 16:59:47,True
101,Liwia,Budniak,KOBIETA,liwia.budniak,liwia.budniak@onet.pl,3ce230055825a6c350996e184ba2f9a02ef03bcc6889030e7120971e3696819a,7dda71b72f91831b,Zewnętrzny spadek pociąg.,89cdd4c2392e900b7dacf906addf28c784c2ef27a17aef343b0d3ea62104a0d5,https://picsum.photos/780/706,2023-09-24 11:19:19,True
102,Szymon,Lalak,MEZCZYZNA,szymon.lalak,szymon.lalak@o2.pl,7010e5c6acae8a3127a6286507a5ae2803b360b6ebedfe7f1d030a0474144dd1,c493354448a2e763,Światło organizacja ciotka produkować żołądek głowa termin.,9531d0b731480f593fea97a2728fbe3f07684442910f0ca58b0208be32a8597e,https://picsum.photos/181/718,2024-09-22 20:29:59,True
103,Gaja,Korta,KOBIETA,gaja.korta,gaja.korta@o2.pl,05781a514d756c160f22cbdeb6522abe638394defd5625d0153d6f990bd5ebfb,cf601cfd17052010,Czysty średni taki.,9cf8cda00c957de543eb5e92b66345f5faadd60838c3b1489eb53452ed025eda,https://placekitten.com/387/428,2021-09-09 18:51:46,True
104,Marcelina,Czuj,KOBIETA,marcelina.czuj,marcelina.czuj@onet.pl,90edc4bb17dbc5468161b42f24dad29089337ed0bffd3ae6f3bfc45a16545a11,cc9f26f111b1254d,Promień naukowy słowacki zajmować się wrzesień rzucić członek.,5b73af4d7939fd23b92a8114afd34162951a6901030f78aa20c221463f5bab2f,https://placekitten.com/868/718,2022-09-19 17:58:09,True
105,Ada,Słyk,KOBIETA,ada.słyk,ada.słyk@gmail.com,ad48ad16e6220c5b2cfa0b3ca87748aa274afca94b97bf7c4a88df56fd5c9683,fa695dc60b247d21,Tańczyć Australia pomóc stawać się.,2902025902aba5ccda529483dae486f446a39a818d6a7d9a19dc7a21e23621f1,https://placekitten.com/955/556,2024-02-28 01:07:05,True
106,Damian,Lula,MEZCZYZNA,damian.lula,damian.lula@o2.pl,d7ba1003efd74fc7b141a488e8c2b62299accfcd6f23d26f5657a6edba42dfee,66108aa3b9800238,Przeciw diabeł włos zazwyczaj.,5d2bc06f317363b71165249e9d986fb5179b273ed3166fabed2dd06fd668d811,https://placekitten.com/769/922,2023-05-25 02:31:17,True
107,Roksana,Ziniewicz,KOBIETA,roksana.ziniewicz,roksana.ziniewicz@gmail.com,712aa9f1ab5864c7251e002927450480fa4d4eba8cc56ac28a416e164dcd1ea6,581e15ccfe718f83,Naukowy jednak naprawdę powstawać dużo składać żaden.,80cdad7e095c059606075e95ca632575adae1e439a64752201b9df3e0195fc77,https://placekitten.com/433/699,2024-08-16 11:57:14,True
108,Anita,Wdowczyk,KOBIETA,anita.wdowczyk,anita.wdowczyk@o2.pl,336a6c9989ed5daa7bebdf788990c239d5ec3c4c645efae65c3a40b994a9ee02,4650a6bf959a2015,Rodzinny książka kupować produkcja mama tam włos.,901df54739d425b23ab5e60092271324ab2c9e5abebfdf5bc7705373818d9a04,https://placekitten.com/275/213,2022-04-15 11:25:06,True
109,Ewelina,Matyka,KOBIETA,ewelina.matyka,ewelina.matyka@gmail.com,65a3a6899e247ab4d5a5b8a522c88df0d4b95cd643beed15d386389928919477,1e11bfa7df96d306,Międzynarodowy mąż sprzedaż pacjent znowu zeszły.,5d9829e3bd83eff8b62663eb13cf48806f475f892ec40fa8c77f2bbe559b0fef,https://dummyimage.com/175x598,2022-03-09 14:25:58,True
110,Fryderyk,Zmyślony,MEZCZYZNA,fryderyk.zmyslony,fryderyk.zmyslony@o2.pl,e2344ac4f38e63a77ce1faa204bdc7b5e2203ec14ffef4ff330b242ad3ceb1f0,13647fdf3d48cab4,Oko według uniwersytet.,f861d2c076353d365bafc2ba6fe9e37f7e1a2127b30735dbb5673008249a5071,https://picsum.photos/108/472,2024-03-21 11:30:18,True
111,Arkadiusz,Januszewicz,MEZCZYZNA,arkadiusz.januszewicz,arkadiusz.januszewicz@yahoo.com,1d3994c8cab3b10b9ea63bf66cc312f623f4a486c07c5585141db380cc0c749f,657938a16b45add0,Europejski stopa przez skutek pójść ciemny.,adf3aa8e6fa9002a260d480781ebac241143db46fd33fc2e73738ac8b040cbe6,https://dummyimage.com/556x764,2025-11-28 21:54:26,True
112,Lidia,Sąsiadek,KOBIETA,lidia.sasiadek,lidia.sasiadek@yahoo.com,2fd69783a988fb64e403d936068c27adeec8e7f6347aed10ab1b0ededad32f8f,e5b5530aa94ac8c3,Symbol treść dziadek brać ryż nagle ponieważ.,b977b79a24586bbd767efaed08773c00bec1dfafa36ecc0ae17075c52d8a02ca,https://picsum.photos/270/285,2023-11-19 11:55:36,True
113,Marcin,Kunysz,MEZCZYZNA,marcin.kunysz,marcin.kunysz@o2.pl,0d6573e97e6176be6a2b541c3795d73cc5b240bedeb084a99eb6388ebbe7f7fb,900a43b3020c1298,Piętro ciągle użytkownik sala korona.,1e607e04c025f62d4e44b8765d6f78e00fbc3391f0a390619266f771200c75f3,https://picsum.photos/751/494,2024-03-05 05:22:57,True
114,Natan,Boś,MEZCZYZNA,natan.bos,natan.bos@interia.pl,4c51cc76d45635eff5234e367ef0779585fa11464e608197ee92f34fc8e49b44,e4784d1065865dcb,Roślina przepis głowa gra według ochrona Rosja.,01397e5d60a7889ec1a72a269d45abd219c005bf2eb3779e8f885be0f1d63878,https://picsum.photos/475/83,2025-05-22 03:09:08,True
115,Tola,Zatoń,KOBIETA,tola.zaton,tola.zaton@interia.pl,48c2a3f08132ca0d0e88e315a7f9ee0cc936ed44981a4492e4cb16b3ae4a0d04,c71e1b536bd8220d,Bydło żółty trzeci punkt woda środek.,1c07d3c34a458d83d8fe2a73f84a668c1419e3238510ff3459df3955ffc99f8b,https://placekitten.com/757/493,2021-10-15 05:44:17,True
116,Kornel,Torbus,MEZCZYZNA,kornel.torbus,kornel.torbus@o2.pl,5c73406ca3898fffc1b9707d2e2ad45d5534eada06831f802e1da1cb85a05dfa,6727e51ad7496006,Jabłko rzeka nieszczęście rana proszę Włochy.,5d9829e3bd83eff8b62663eb13cf48806f475f892ec40fa8c77f2bbe559b0fef,https://picsum.photos/987/546,2025-01-19 03:43:40,True
117,Mieszko,Stąpór,MEZCZYZNA,mieszko.stapor,mieszko.stapor@yahoo.com,317e3f7591f758288fa6ff74ae5cb6843d3595e1a3082914590ea00262145a6c,5d1d5d30fe11a63b,Zegar urodzenie organizm północ środowisko czarny.,dd6d29359dba3f1f9b080ebdffe7f4ddfbc0b63e9e7c658937ad4cef4de8f10c,https://dummyimage.com/42x356,2021-01-26 08:22:36,True
118,Marek,Skup,MEZCZYZNA,marek.skup,marek.skup@hotmail.com,83c8e275e35879a1ac5b49037f6e6679cf778a69044d26d470709c56e6c2442e,e3ea2569e394bdce,Kłaść rezultat nagle szczególny pływać mieć na imię danie.,6db69bcf9c4400fffe84db3e7236b435b16a5b81bd3fe1461216325d17afa4b5,https://dummyimage.com/972x742,2024-02-29 16:10:31,True
119,Nicole,Niebudek,KOBIETA,nicole.niebudek,nicole.niebudek@gmail.com,f6ea86c5c529b279bedadb7b046360359bd62ffad5c5af3e7724502a9226c590,b18847d1e04726f3,Okolica rasa seks królestwo przeszkoda narząd.,f8d7a53638aa2d62e5c5a54aec273c9f7f195643fcb060da60f73b7e31a125d3,https://placekitten.com/60/379,2023-09-14 09:41:09,True
120,Gaja,Karyś,KOBIETA,gaja.karys,gaja.karys@yahoo.com,ccf234832d4237160cf9cc3b970e5c9d5769edb68bc4d37d0f93bc0a7d41b86b,9f4b65464e8647e7,Bronić doprowadzić pewny Kraków powiedzieć.,f9194e73f9e9459e3450ea10a179cdf77aafa695beecd3b9344a98d111622243,https://dummyimage.com/324x572,2021-01-11 16:17:07,True
121,Marek,Bek,MEZCZYZNA,marek.bek,marek.bek@onet.pl,437a2d33a507aab0d950f807ed583e48dd43bba130d644f0af277b2be57c8d4c,154a2d11041b7646,Święty chmura sam państwo kult wygląd.,272e18f928e6b724035b0a9c2c210d0743fa05aafefa6ec60c5f048f6ef44fb1,https://placekitten.com/558/332,2022-02-19 07:31:45,True
122,Ewelina,Kopciuch,KOBIETA,ewelina.kopciuch,ewelina.kopciuch@gmail.com,27ba7ea5a9d31ca7fe2394ef98eade589494f0c7ca1ac182cfc73f8fc002b3a1,905d135aeb25237a,Zwycięstwo pozostawać polityka karta średni chiński.,b31fc83b19d41699060476c829337e774800ba656757f2d7e6dbb7c8f839762b,https://picsum.photos/440/664,2023-10-14 03:44:38,True
123,Kalina,Kęsek,KOBIETA,kalina.kesek,kalina.kesek@gmail.com,cb08d95df2d6391b87b951b8ef27c9258c8cc1533350ea4f083d5f4b4c8a607f,1caeb4df7427c097,Ten Sam dzisiejszy złoty tu fala zgadzać się.,7e483931cae2a28dc610ec62fee40d163c4a146d584a1b351451a1a741a115d8,https://dummyimage.com/581x462,2021-09-20 15:43:30,True
124,Kaja,Deptuch,KOBIETA,kaja.deptuch,kaja.deptuch@hotmail.com,f9e02882d799ae2e979eec5d1eadc08673a3f6e498061c2a98787d0583163929,225d50741d1b43cd,Niebo stan zakład obchodzić rzadko.,6e248adaa2886160e57ca07708fa5a453ee57c77fd511adc2513304071187328,https://dummyimage.com/505x964,2021-08-14 09:07:40,True
125,Piotr,Kidoń,MEZCZYZNA,piotr.kidon,piotr.kidon@yahoo.com,8df6246476eb666ed0f2d4d5402c4467e24011ec597f46dbf5a623fdaaac717f,dbbeba19faa01226,Aby żaden lis wrzesień zmienić filmowy.,60bace327da598005cafdeba41299e93fc8ee4ff70da1dd1bcc843883fea69e7,https://placekitten.com/451/873,2024-01-31 10:30:39,True
126,Sonia,Wajer,KOBIETA,sonia.wajer,sonia.wajer@onet.pl,6aa40d13b6d9f3e227eb592a5851ec5fbd6735cfc8a67a3cda6a49bf955a1031,f2142925ee033a29,Kuchnia gra prezydent dialekt zjeść partia o.,1e5fbb3c3cb5fffa828537e9561a582a3d4464450a60a93a1eb38df6f0e1f9ec,https://placekitten.com/589/999,2021-12-05 00:23:17,True
127,Leon,Wyderka,MEZCZYZNA,leon.wyderka,leon.wyderka@onet.pl,f5f3856fa01f46a18bba6160838f8970ea015693609120754b5d5fdd0ef3df09,f8b7467751dc3a81,Rzeka mały ciąża razem żaden.,ea9e3aaec1c1263173e807d26e7e42cc04f87fad13204753a5340ee0a1f063f4,https://placekitten.com/205/299,2025-04-12 12:36:27,True
128,Szymon,Rysz,MEZCZYZNA,szymon.rysz,szymon.rysz@interia.pl,18de2dcdc4f425bf668930a38dd224ac7ddfe92d6642d53e0a765e92c6800f08,7022f04665d4302d,Znak przeciwny by nic zabawa odważny dobrze lekarz.,47b7cafabe80e399d81c15bc336d22fac9585215e54399b7cc8337613fb454a4,https://placekitten.com/71/692,2022-06-11 16:49:06,True
129,Aurelia,Kusa,KOBIETA,aurelia.kusa,aurelia.kusa@gmail.com,7162712e8700fc80d03c4a9dd11e639585672d0d645f3b734fa89d8e9b6b7e60,09100b882967020b,– liczba wydać potrzebny.,89deb1636cf307a43ea80f871f149dad8bcf9b7052f069de30f6bcf6beec7fff,https://placekitten.com/440/685,2024-05-10 22:34:30,True
130,Dorota,Wardziak,KOBIETA,dorota.wardziak,dorota.wardziak@o2.pl,c57a755f38fdade47583a8913514086e19432be71216f14cf0f2d928c5fed205,5351130a9115d53a,Jedynie maszyna babka reakcja mowa.,af45141b9d7370ea74b25b846324712625e51e689ea319db34c66b8254f86d73,https://dummyimage.com/85x866,2024-08-08 00:57:48,True
131,Igor,Roszko,MEZCZYZNA,igor.roszko,igor.roszko@gmail.com,7a0ef4d4cb30ebe5388e328afb9b117547b8d22452e543dedac1a6322bbecb9d,4099bfc696288eab,Ponieważ stosować dwudziesty zwolennik zdanie wypowiedź głupota iść.,6a07b2b7bc679087fa2ab44f0735102c7e0d25abf9e40e7da58a06ef4bd47efb,https://dummyimage.com/762x557,2024-05-14 14:38:38,True
132,Juliusz,Fiedoruk,MEZCZYZNA,juliusz.fiedoruk,juliusz.fiedoruk@interia.pl,fb1b5a11b11b8fce62d302f3d93a2f0511eed686457339e8dcb308b5b3c60564,58365c86b7ac2c48,Cmentarz sklep prawy czyli autor łatwo.,bd823791d15b53c274056d5fea7bddc6851fdff6547f3871f7be100e5ec1fe1b,https://picsum.photos/1017/570,2024-10-22 16:29:28,True
133,Lidia,Wojtczuk,KOBIETA,lidia.wojtczuk,lidia.wojtczuk@yahoo.com,cc772460b71285c1e31bf38b3d94dc4922fcc5f1df19b1f72dd8cc5c3014a716,e5a6035e0ddf2664,Trochę dorosły budynek telewizja.,90703fa8a4831f39f07be619d486abfe5493d15a99ec9cb1cecdd5032757237a,https://placekitten.com/481/100,2022-07-11 23:55:49,True
134,Oliwier,Morcinek,MEZCZYZNA,oliwier.morcinek,oliwier.morcinek@hotmail.com,d17ca3bc36b441ca9211c7a07b343659fd10aa05a238d0939b5dd7c50d594494,2b216970aa37a63c,Osoba Rumunia zamknąć choć rola skóra sos.,1bc64d81058505c7566d1cb88b9772ac730d4984e9a17e8feba2e35f604053f0,https://dummyimage.com/101x672,2023-01-29 15:04:25,True
135,Natasza,Imiołczyk,KOBIETA,natasza.imiołczyk,natasza.imiołczyk@onet.pl,1678316158f2fdcfe9ad8ba907b386fbe1552c64dd16d429425e85c65c5a595c,146d6ad427b8310e,Wojskowy grecki u w ciągu lampa niebezpieczeństwo system piękny.,bd6fcd0552643a0d32795744d57c1b771dbfc7e74238b664ad3dfb93cb069b53,https://picsum.photos/989/642,2023-01-31 05:10:50,True
136,Ewelina,Flisek,KOBIETA,ewelina.flisek,ewelina.flisek@interia.pl,e911dccb583e66c0c44a539e6411a67752028f9bcd45f7e7cea413fba176b120,c4bea71b737dd366,Przedsiębiorstwo krzyż masło miasto dokładny seks urzędnik.,6995df935fe28f4a47a09af912f3234270a24a67d178243c1cfd649274bc5f27,https://dummyimage.com/872x928,2021-03-29 05:09:49,True
137,Marianna,Basaj,KOBIETA,marianna.basaj,marianna.basaj@onet.pl,89adb4c15381c8dc462fc7c054c4b9e0cecf1337fba316b4d4eb646b6fa124a2,ddd6f5eb418911eb,Port zboże bronić wciąż.,d3e43f83d066d0cc621c971c101d990224e9a9e387b6cd47e8eea834192129aa,https://placekitten.com/503/854,2022-03-17 14:44:48,True
138,Aniela,Pogorzelec,KOBIETA,aniela.pogorzelec,aniela.pogorzelec@hotmail.com,3d390f5b12e28acbe70daddb8b156718ca3e34f782021a5bd9c0f4237eb4baaf,0514a916c6006853,Pora duch adres drzewo.,33e13425b52a14bb044dd8c27f6c2caf3d50c73746df876c1d67cbf2fe66c97d,https://placekitten.com/518/28,2021-07-12 20:38:40,True
139,Inga,Palus,KOBIETA,inga.palus,inga.palus@hotmail.com,5eb6196181539655b7fa2efd26a3a250f32cc741013744ebe07c4fe978e753fe,7cebd6bd756bb79b,Robota posiłek gorący no kolorowy wynik.,b61f5f3df4aef1fff1784433dd649deb9172d367f27a9f46fc71be6095e78e98,https://placekitten.com/582/23,2022-03-05 21:33:43,True
140,Daniel,Ciechowicz,MEZCZYZNA,daniel.ciechowicz,daniel.ciechowicz@onet.pl,f832afe011b5cfe64810c47a412ca602d2640f5a6a99cebe13fd31f84c4e10bf,8724c7fa3bf5685b,Turecki śmiać się dźwięk parlament słuchać.,4ea90c5653d0fa39ae55024fa8f074615a8fa9d8add62078598ea2a92ab25056,https://placekitten.com/282/423,2025-05-22 13:38:42,True
141,Norbert,Hutyra,MEZCZYZNA,norbert.hutyra,norbert.hutyra@o2.pl,22a8deb5b24faa16a31f8d519352492ca703af5f0a4619732150512a0b699c24,30f0cffcab1773bc,Szklanka dom próba jabłko bajka mistrz hiszpański.,fa18e124e3ea4c2fccbd4716c820f3c0471564cf71fccd12fe53a300e8495117,https://picsum.photos/1002/19,2024-04-22 14:07:13,True
142,Anita,Dyjas,KOBIETA,anita.dyjas,anita.dyjas@yahoo.com,0793a3042816d877bb2dea1afba8cf9f04cef81af564c1c7ec3da9e41e38c6fa,3cd5c268b6c779b1,Wyrób zwycięstwo koło sierpień znaczny.,1c07d3c34a458d83d8fe2a73f84a668c1419e3238510ff3459df3955ffc99f8b,https://placekitten.com/562/331,2023-03-14 11:19:25,True
143,Oliwier,Fuławka,MEZCZYZNA,oliwier.fuławka,oliwier.fuławka@onet.pl,d72963a4075276a78265fce0ba3be124c9cfd50dfc550d799a9d8c5d57934339,80f6d3bcaae1953a,Sprawa obrona ostry wreszcie czy gniazdo podłoga.,717371e47ceed2d615246ea1a0c7f7e2c06bfb03ff993d6227becab0058d2ae5,https://picsum.photos/682/883,2022-07-30 01:19:26,True
144,Liwia,Szwaja,KOBIETA,liwia.szwaja,liwia.szwaja@hotmail.com,508daecd3f066853570242de7a61a486a68975fe0778e122d6f4978fc2753cf2,178be764346bd9d2,Przeciwko godność ze letni wskazywać.,449c04719a01d7ac26bf91803e9522b4f06870352ee98bce26f91adbf4106e42,https://placekitten.com/462/266,2023-10-14 23:40:25,True
145,Ignacy,Kościelak,MEZCZYZNA,ignacy.koscielak,ignacy.koscielak@yahoo.com,bbf58d78cdb62c5b0183ae1ec7918cc23c4c935a4716d3569007c9b764201c04,f784e8804408fac4,W. hałas kaczka kraj.,43985b73df8761051a64dde5746e2c828df3558fe26d6199ae9e5073b57c1424,https://placekitten.com/981/231,2023-06-26 05:15:48,True
146,Ewa,Taczała,KOBIETA,ewa.taczała,ewa.taczała@interia.pl,a88921266f3700d3893140055d8c71cf213da8f4bb9894cf874b167e9d3ad3e2,58edd120e919aa77,Zawartość radiowy instrument pracownik.,1acb42a068614945169b8207bade156914c78bc5745bf493bc7dbec09373a28a,https://dummyimage.com/199x63,2024-02-22 04:20:11,True
147,Tobiasz,Kaja,MEZCZYZNA,tobiasz.kaja,tobiasz.kaja@o2.pl,338a088ed70babdd3d68c049cbf0929bd29210bb0d62b02441f1fc59aba6ed3d,8435632c55782b74,Piec zaś przybyć.,d2beb490112d7280a9940c0fd79c08f8654fa3f2a517c65d5164193eeee5a9f1,https://picsum.photos/15/839,2022-12-25 08:17:14,True
148,Aniela,Ryznar,KOBIETA,aniela.ryznar,aniela.ryznar@interia.pl,f819fb65e3fd757154f6030dc57febcad757f1acd9c2482a54ac436b68409e4a,3fa21b85bce65813,Nagły złożyć lista urodzić.,e5a8911ece47d19bb862606dd5da22fd52156196952b53def92fce96d10eeaae,https://picsum.photos/689/930,2022-10-23 01:20:21,True
149,Julian,Wochnik,MEZCZYZNA,julian.wochnik,julian.wochnik@interia.pl,cd99e96fa32b42a8a7580e0ab8c5ba94cffec1222df941968ceada89729cd401,6da58025dc620942,Radio zboże płacić kartka.,dddba9caf0d85b3dde020c276541b0ac3b0679d93363c776d985bf3196b08b8b,https://placekitten.com/422/880,2021-03-09 00:20:21,True
150,Klara,Samulak,KOBIETA,klara.samulak,klara.samulak@interia.pl,4cc4e221278933c35df9de4e719f005d3aae44eeab48ea993da940b1093791d1,7c8e5419051bf230,Moneta przecież ciotka poruszać związany litera informacja.,1cfcd9470be2516a87aef79b6ac2dd9d163549335051ae8bf0b97062ee704b7e,https://picsum.photos/118/543,2023-01-13 01:53:01,True
151,Iwo,Forma,MEZCZYZNA,iwo.forma,iwo.forma@interia.pl,bf10c0390feb39fbe40924623a73a4f29380c87b32177dd6da0213702a7e0c23,482eb5ccd0a14905,Teraz zbiornik przeciwnik oficjalny wykonywać przeciwny srebro.,f5ca38f748a1d6eaf726b8a42fb575c3c71f1864a8143301782de13da2d9202b,https://picsum.photos/608/281,2022-06-27 14:30:48,True
152,Franciszek,Walencik,MEZCZYZNA,franciszek.walencik,franciszek.walencik@interia.pl,74d4497b143c4a65dcbe2255af4e20249a781f7b744bbaacf08ed44e5a8d0936,e9173be4e1362407,Każdy królowa znać sprawa.,d8f68e6d6f27aa5f2a00218c08b6d350656aacd5d925e27250c103dd55cc883b,https://placekitten.com/1008/396,2024-07-21 00:40:03,True
153,Anita,Palej,KOBIETA,anita.palej,anita.palej@onet.pl,f0bd2ef5206eb7857cc373a490ae7742c70fde7adb44aa19233ca991b7a04cbe,ac34b21b9a4b1413,Szczęście czekać gospodarka pierwiastek chemiczny.,bc7ce5b96dc4ee842cdea471454bcc02163e463dff37549b2731627d78b90ff8,https://picsum.photos/375/788,2025-08-18 15:06:05,True
154,Natasza,Przeniosło,KOBIETA,natasza.przeniosło,natasza.przeniosło@yahoo.com,0975569d278f4caa732f834d9443b279acfeeb28fabf33f5f25c65ad3de0048d,1898d837df8ee6e3,Moc nocny lud dziewiąty oddawać dziób.,b23ccd96c30b9a2322954673da7f3896aaeb05f31d0ef6d3dcef4822f9f211e5,https://dummyimage.com/488x774,2023-08-11 09:29:13,True
155,Marianna,Pioch,KOBIETA,marianna.pioch,marianna.pioch@gmail.com,bf4007b1c44bce8d7d62faf057116328b062d8be3f998f46061ea6f0c576ca59,315c1aff65ba18bb,Rak prawdziwy znaczyć obiekt.,9742c9dbb94a5821d2160b5ce214d574c078240e645332da85527f7aa28dcbc2,https://placekitten.com/991/9,2021-04-11 20:29:24,True
156,Kacper,Nieradko,MEZCZYZNA,kacper.nieradko,kacper.nieradko@onet.pl,7eab532e8f1eafc34e8933539fdf294b56ef091f819bae90e630026e3bd23df8,505c8a50179fa6dd,Lista wiersz środowisko wspomnienie.,25f5eaade937846431631ef4b3dab8373a16c9c76a66b63a9a0e653811d99a23,https://dummyimage.com/155x298,2023-12-10 11:03:00,True
157,Szymon,Szyda,MEZCZYZNA,szymon.szyda,szymon.szyda@interia.pl,507b749ec5cf2fa67cdce6598104d9b1d4dfda07ce874634db9a04d85691ce27,5bd2d5ca44a9ffa0,Przechodzić nadmierny obecnie różowy czekolada.,d5971f86dd5df1f1f88a27d520f97fe952e08c64b245fa92ba8399b9f3065236,https://picsum.photos/434/129,2024-05-28 13:35:32,True
158,Franciszek,Dyczko,MEZCZYZNA,franciszek.dyczko,franciszek.dyczko@yahoo.com,9b3b8ebb42a1549b688e1bbc765cdc7719a197c19314e52ebfd67dcc3ae70f4d,adc0a276d8be751b,Grzyb łatwy głupiec wtorek przyczyna.,fdfb13f673414582eaea9370371aa7ff96bcbad1f3e5cbe6ebb4c204139a82d2,https://placekitten.com/250/559,2024-06-04 19:48:12,True
159,Tomasz,Miodek,MEZCZYZNA,tomasz.miodek,tomasz.miodek@o2.pl,2f1d8d9902380349f50a8cda9c23caaf59581efb315e8d3ce76b4a9218be6106,2f7122a50e770e66,Narkotyk kupić spotkanie płynąć otwarty połączenie internetowy.,e9a2167b94f5de9e5283ff799a158dcebda0004150caf53c1a49c123db15693f,https://dummyimage.com/940x654,2022-06-02 17:17:46,True
160,Robert,Sztaba,MEZCZYZNA,robert.sztaba,robert.sztaba@hotmail.com,106dbecf19e6c131aec471752b21dc404fcae27ecc2f1036daa0df1f5c4e9533,5e92626fe873c70b,Książka spadać zasada fotografia.,d781dd4be4dad8e116f089af0348313460b1f73fa01dcb0282cfba01034d9979,https://dummyimage.com/977x734,2024-02-02 14:14:08,True
161,Łukasz,Bakalarczyk,MEZCZYZNA,łukasz.bakalarczyk,łukasz.bakalarczyk@hotmail.com,78c25cfffe104d43591fb33fd0b3c36dbb31450f202d6daf70f3324c529bf995,643266c5baf4b1b7,Lub układ okresowy głos postawić gra.,55caf5c34efcca807374bcc5fb4f5732f94c41f6151a72eb38f48c9cfdcd754e,https://picsum.photos/9/66,2023-07-31 05:58:14,True
162,Anna Maria,Nóżka,KOBIETA,anna maria.nozka,anna maria.nozka@hotmail.com,87a8330bb6948c08d017069b6b6eadff18cb67d8b667169e00755909f2202e4c,ee7d771603db4c85,Tłum łaciński Japonia.,9390298f3fb0c5b160498935d79cb139aef28e1c47358b4bbba61862b9c26e59,https://picsum.photos/762/926,2025-08-10 20:43:55,True
163,Tobiasz,Sarniak,MEZCZYZNA,tobiasz.sarniak,tobiasz.sarniak@o2.pl,efddcb2bee567bbab7da5b79aa749d00ac78bfa3261ea7ea9c38dea2a172fa7d,8279f84b17fae36e,Uderzenie międzynarodowy służyć spadać udział.,566eb4c9833d2d18646b98c0ad212158bdd34ae38432e3f742538383f0ae34d7,https://placekitten.com/1014/97,2024-02-26 23:52:13,True
164,Bartek,Kość,MEZCZYZNA,bartek.kosc,bartek.kosc@onet.pl,e86dcf2acc83317fab1ccedc4f262788223340cc2e4eaeda32ef2dbc500365b3,fe2495ff50e52f44,Otoczenie bogini poziom gra.,daaf53ecedd9079a588e98078f327a0536679aeb8a350f1ca80f7ad7f18e99b8,https://picsum.photos/562/896,2023-07-31 05:12:45,True
165,Dorota,Szpara,KOBIETA,dorota.szpara,dorota.szpara@o2.pl,cd6da87fca3a47f396290444ecd02f3cc6065e80c3e045f38072266247003bb6,a32b679fb3652f46,Hodować wrażenie październik w..,615cab5d53f3c0b417531cd1e74a3c038e2f72f9ace74ce5af694ca44ec8b2fa,https://picsum.photos/219/56,2024-01-29 11:08:33,True
166,Aleksander,Siemek,MEZCZYZNA,aleksander.siemek,aleksander.siemek@o2.pl,87a8a711b6c1270be5d3c283b87597ba95dd98578378e1d732dce87270554b9c,b7be024aff889b72,Twój dusza syn wywodzić się stworzyć wszelki.,6717ba77b68bb9d477d19ad0f61265927b13d548ac9de25613aa2792f2c09115,https://placekitten.com/331/316,2021-11-02 14:04:30,True
167,Ada,Przerwa,KOBIETA,ada.przerwa,ada.przerwa@yahoo.com,ef20283569d86edc0dd78478e9357f6f7f032da5d0c18935b89250110476a4e6,fe460c1b55c1eb2c,Kostka ręka czerwiec policzek rzeka.,2300eca14adb26d96ff9c9ced14f889fff2471f0232be00f05d1db25bff76a7a,https://picsum.photos/597/447,2023-08-07 22:03:55,True
168,Jeremi,Durlak,MEZCZYZNA,jeremi.durlak,jeremi.durlak@yahoo.com,d0865a06c664294df02e80e51adfe9415118ac6f868126e14c39e2141f83a2f5,baa38ac6d5aa3cbd,Się kult toponim podawać spotkać.,41d2718510ae5328e679f7eccc0aa5664da0c376a594f4d7dde86c8b434fe85e,https://dummyimage.com/461x429,2024-07-11 02:25:27,True
169,Kacper,Osial,MEZCZYZNA,kacper.osial,kacper.osial@yahoo.com,7f310842219971d1310edab9c63d5ebaf6c5186b52c99acccb6defb64120e0b2,05eaaac4474f0660,Mieszkanka scena zmienić 2 pustynia zachód nieszczęście.,3d099d0f13df9d0bb4427a6ce99d61b988861761e286d6e34b17d6371b46b13f,https://dummyimage.com/240x577,2021-09-07 07:08:45,True
170,Justyna,Piekacz,KOBIETA,justyna.piekacz,justyna.piekacz@o2.pl,1426e7e5f0b5a15fa5c52c295fc2d077f3f033ac9471734822874ac87ce88f32,c6e650af15f17823,Czy związany strona lubić prowincja podnosić kobieta ziemniak.,47afad612b1f9cc8fd0ab7ba2360845d7b932a9d88e6b704e1f5804295c6ee97,https://picsum.photos/830/778,2024-08-20 11:04:51,True
171,Dagmara,Kielich,KOBIETA,dagmara.kielich,dagmara.kielich@interia.pl,a3484822e02cd4213e05258916c63580e71a11bea194cb1823b181b967bd91b3,fe46124f99d8e417,Głównie działać poza cebula karta pismo.,d98df7df9fa94ae1322d266d22b3c17f35bf26f653d458c13062e05334d100ed,https://picsum.photos/804/676,2021-05-16 06:56:09,True
172,Kalina,Marcol,KOBIETA,kalina.marcol,kalina.marcol@o2.pl,e21aa53e36c258245b8a8caed83181234543c26c489394340e451bc6ed94aa59,1647bc8071e2ba05,Znajdować mur twój jakiś pozostawać świeży powód.,57fb8a18c66dabae2bc8d6efe9a0c46ca4ad6e4189221fbb1974ea0511c03774,https://placekitten.com/233/450,2021-03-03 21:20:27,True
173,Adam,Wyderka,MEZCZYZNA,adam.wyderka,adam.wyderka@onet.pl,61ad0c082beb70188be5a06ae5554a0911444356289a372e83deb4479d0a34b2,2425ad46f044fab2,Więzienie elektryczny kłaść koza poruszać.,09e1853479aa77a0889b4825ec7bbf04d7c25592218c2c8b66e97f2a6876128f,https://placekitten.com/456/818,2024-07-29 08:29:10,True
174,Anastazja,Łasak,KOBIETA,anastazja.łasak,anastazja.łasak@o2.pl,29e29eb701cf095ed051f1fc0e69376157d2d81d603e0a044870790980d7a06f,f7c1501b5e7d669a,80 dotyczyć powód zboże prosić klub fabryka figura.,5280d16f9afee507860836bc7d1e3c4f5a06a0e838327c80d0269d768b61c437,https://placekitten.com/55/92,2022-09-23 13:49:29,True
175,Sandra,Grygorcewicz,KOBIETA,sandra.grygorcewicz,sandra.grygorcewicz@interia.pl,a145fd3ffd0d10a5f1d400c5c85da0a9a8893b1d228b1866b2e1bede9046fc74,5bcc2020b4dcb488,Środkowy społeczny północ naukowiec owad pomóc.,ed3a58d32c821b01d5d293fbca8ef848aad36605b29cfeaf70fbee1d2d5db7b5,https://dummyimage.com/849x220,2022-06-08 11:39:54,True
176,Aniela,Nagórka,KOBIETA,aniela.nagorka,aniela.nagorka@onet.pl,d062608556443ebe2514a51b9ec5b37f1afbe13562c14da84379e1c687d9c771,5114eb98580b22d0,Skrzydło wydawać się most znosić uderzyć.,9aee43fa85dc8c76bc7c09fbce322bc074544e3f13b04749cd2acce834288da0,https://dummyimage.com/782x548,2021-07-04 03:18:47,True
177,Karina,Madura,KOBIETA,karina.madura,karina.madura@o2.pl,325cd3f2945a7d5d58f57863859481398b6ea66b3a03ca4fd6a09d6c6ee1dbd0,ddaae425f474e810,Napój wymagać poza czarny.,c928aebc163578a2fb46fbb1556be8ada483311b3c77e6f397c91e951bdf135a,https://dummyimage.com/984x602,2023-04-10 09:31:24,True
178,Julian,Brzeźniak,MEZCZYZNA,julian.brzezniak,julian.brzezniak@o2.pl,78961485ad5cd044281b6ec7bea80463f2c81acfbb8bf805f4984717b7323d7a,55ef8e2e5c3f3163,Stół głowa narząd.,df2bd13d10020c4276a7e59a0ceeed57e063fe1ae2a3afddd1656d5731688185,https://dummyimage.com/356x736,2023-07-05 07:57:28,True
179,Igor,Gronkiewicz,MEZCZYZNA,igor.gronkiewicz,igor.gronkiewicz@onet.pl,712fadbe9283e3261ac913a3bf21a113bb0cac3bd9256fd51e2c3a70f1040067,d3ea522e5969c34a,Japoński czapka ocean osobisty warstwa.,27c37df0fe13ab0b678d0f9d4f30eceab51a940eba62aee10e667e4035201e65,https://dummyimage.com/616x952,2025-03-24 01:42:47,True
180,Franciszek,Kubowicz,MEZCZYZNA,franciszek.kubowicz,franciszek.kubowicz@hotmail.com,511892fa14a7f6fd1e8b31c996c8f390c58983f39f5bd21ccd767bf90acbcad3,09e4ba755665f70c,Noga stolica spodnie rozmowa.,b0e733824cfe15d51cd7386a4f81a33f803e33b2d8cdbf8885480fd039a1a940,https://dummyimage.com/87x797,2023-09-07 09:16:05,True
181,Klara,Fydrych,KOBIETA,klara.fydrych,klara.fydrych@interia.pl,ba27e33734e7ccb4e265df87e0488ba9d62d5226e31c6b90a545a7e61ac26df6,858cec4dc9908f80,Plan samolot dużo prowadzić spadać narodowy.,bb37dd5a343aa8d7b7841a8729edba36a697ff195fc57d5dbdbac5ce475fab89,https://placekitten.com/992/341,2024-10-21 12:26:37,True
182,Klara,Maculewicz,KOBIETA,klara.maculewicz,klara.maculewicz@o2.pl,b8e867311724f0349adc5ac91c04dcd676733742130fdbf3503d303da7032d9b,cf1c1d45c5315e92,Kolano dwanaście u silnik.,56ac264c3604f7c933112c96e9c1d258dc4cd982479edf6639082ccd919ff534,https://dummyimage.com/605x527,2025-12-21 18:04:01,True
183,Albert,Karol,MEZCZYZNA,albert.karol,albert.karol@yahoo.com,aed1ea5869b3cee1835d5d4928a22cf7d4b403ecfb55e6c9da1c1b3ac3103b4f,6ae56f24a859891e,Jajko król cichy ostry jądro pięćdziesiąt nieść.,b61f5f3df4aef1fff1784433dd649deb9172d367f27a9f46fc71be6095e78e98,https://placekitten.com/781/564,2024-02-18 04:48:12,True
184,Dawid,Dudkowiak,MEZCZYZNA,dawid.dudkowiak,dawid.dudkowiak@gmail.com,2ad4c641288e2800a8552f56eb0aca65bab34cd43baf82daff9b6251ca426963,02858f80f5c80e68,Pełen zainteresowanie głównie środek razem wpływ kiedyś.,0f5e00e287fcc9b9e601ced143a7ad5f5d0aa68bd17178417d24a925ace84f49,https://placekitten.com/483/646,2021-12-10 11:19:35,True
185,Marianna,Osada,KOBIETA,marianna.osada,marianna.osada@interia.pl,5aedafcfc48806414dd0cb568ad60493eb39cf9c0a24d6d5734a22cb38e78cd0,544f98e104abce91,Nic Wielka Brytania bezpieczeństwo ciecz.,f9229791a1cd136a3559a1538977617d846442d395ecc70baa67308094c4dae9,https://picsum.photos/342/236,2024-08-14 17:59:13,True
186,Justyna,Drewa,KOBIETA,justyna.drewa,justyna.drewa@interia.pl,837a981b26c541e607b2b4567ca25a975600f43ad1327c085fb160a3fed57c95,ebd9246472be7cde,Stawać Się występować zawodnik stolica.,f7aa50593f23e9b23bf4a63a05d9534b06c74408e578d66ffb762f826c2be94f,https://dummyimage.com/592x942,2023-03-02 12:45:04,True
187,Aurelia,Sędek,KOBIETA,aurelia.sedek,aurelia.sedek@interia.pl,e4e15fb6e47751477f73f058f00a77e077d383ab6f50f2b86553b58b5a01b0c7,6475fda00ffb1159,Do nasz bezpieczeństwo termin piękny a.,fe0d6b7f67576f98e8f5966f0faecd27503a88402525659f3ceded67d0f2f1cf,https://dummyimage.com/352x465,2025-11-14 19:24:03,True
188,Inga,Wiraszka,KOBIETA,inga.wiraszka,inga.wiraszka@gmail.com,8645752ba6b6414a6a205e07eecd185bdcab8c099c5f2a1eb21acf852f88b4ae,4d2f388da11a7c47,Zostać usługa komputer ozdoba umieścić niedziela służba.,b712e1cb406fbf80c3a6ef21e78d25c2d719a1b90e24c58b4254293077ac002f,https://placekitten.com/581/428,2024-10-08 16:32:26,True
189,Kalina,Wojtanowicz,KOBIETA,kalina.wojtanowicz,kalina.wojtanowicz@onet.pl,d6dd9158bd487ee0384e07ef74859ef8d54ea77ffcd3f16fee4aa79af6531c85,7e7f68e177947ffd,Cukier kościół dobrze plac jeden cześć fala.,5b23fa9ea83bf685be9696ad547420523fd188e0112df7eff73687088c810104,https://placekitten.com/569/450,2023-02-20 07:38:31,True
190,Janina,Hajdukiewicz,KOBIETA,janina.hajdukiewicz,janina.hajdukiewicz@o2.pl,e5949df22f7c3bb4d8bfb5c8be87b4daf3e46d614886feac029c6e8023bf2326,082210d3a613070c,Spotkać koń wolny osiemdziesiąt ponieważ Azja Belgia.,4b36859b4841319a4b670c35d89b356e31f403da7aff94d98492792f37247f57,https://dummyimage.com/788x701,2022-12-30 19:45:03,True
191,Dawid,Bystrek,MEZCZYZNA,dawid.bystrek,dawid.bystrek@gmail.com,07f3f071eb7ca05a06facce2416a44761805cbf4110293ce40d9eff61bec0be0,95c2cfb18ee70f33,Żołnierz używać polityk pozycja mądry więcej pomiędzy.,d01319db5de3bccf78f50ee010f558b6c76caf0848797b6a11d5917c7929a133,https://picsum.photos/878/102,2025-03-18 11:10:29,True
192,Sonia,Armatys,KOBIETA,sonia.armatys,sonia.armatys@hotmail.com,ca70bc21f395e06fa6c319e9f8f90d3858f72289c49f67b74c7dcb0d3c79a731,7dd04a5c1e16b167,Grać katolicki już zapis okno.,ea9e3aaec1c1263173e807d26e7e42cc04f87fad13204753a5340ee0a1f063f4,https://dummyimage.com/152x105,2025-10-22 23:56:23,True
193,Bianka,Bok,KOBIETA,bianka.bok,bianka.bok@interia.pl,730ff41a4951add1dbedf4252dfe752a7437bff6e8e2ea1f9efba1dfd6f87e65,19398a29308693c2,Wtedy las przeciw tyle wojenny Węgry zdarzenie.,1a579f45597e61232095e904294e1aedbd4e027fdd217ceb46d895385a6bcc41,https://placekitten.com/6/33,2022-07-14 04:05:15,True
194,Borys,Matusewicz,MEZCZYZNA,borys.matusewicz,borys.matusewicz@interia.pl,4bb99bd06f55a12241cf85e2a4389a41eb1494700a5df2cb49452be1571b0310,b2b74bd8901ac040,Zły lub trochę który powstać artystyczny potrzebować ptak.,05f04516f5bfc24af616370af9a5b1c365b7dfae5577ca03ab0229c4dd03eecd,https://dummyimage.com/34x915,2021-07-18 10:27:24,True
195,Mikołaj,Windak,MEZCZYZNA,mikołaj.windak,mikołaj.windak@o2.pl,de175cf969613b94ba1e091bb4c5f52fe46536b8b399122dc5f2723c0ee46947,f3587bdd640fff9d,Umieścić podatek szybki mieszkanka kształt warstwa płaski.,dce2360f10bfd68193540c15f6b86acb69e65f7049c817ec47ac212fb71bbf3a,https://picsum.photos/393/475,2022-10-07 00:14:31,True
196,Marcelina,Szlęk,KOBIETA,marcelina.szlek,marcelina.szlek@onet.pl,cca1dd2f1373e041527e949deb19eb29720f8a0b890c8c5030b9e1c88e72b623,375c61a3237b3e62,Strój ogon gwałtowny kwiat lipiec.,5e6a48141026b7a622819afb47f094625e31f1d4395a2410ee50aff617d76676,https://dummyimage.com/26x338,2025-07-01 09:20:41,True
197,Jan,Niedbał,MEZCZYZNA,jan.niedbał,jan.niedbał@o2.pl,c50959cb6e7d4e0ba74a135caf3c9607e46512e58549b5d781c8ba7e592b4e80,ca0a648111128b6e,Olej prowadzić wiosna zgodnie wyraz zupełnie.,a317b7dc8b665db034e744e2deb9a747b6b4077cee4b15cd5d0e126662ecfd1b,https://placekitten.com/37/602,2023-11-11 22:06:53,True
198,Agnieszka,Karalus,KOBIETA,agnieszka.karalus,agnieszka.karalus@yahoo.com,c4172fcc3f3c2edac31279b366df47a9e9762c03b04eb034f671a724404a3378,7178ab85337302f8,Cel pojawić się leżeć wierny polityka uczyć ruch.,45cd26ebfe5784f005e5d2f5eb6e459253f41fcb3f98da3a81cf2048c0d36acf,https://dummyimage.com/734x1020,2025-03-21 09:25:03,True
199,Sara,Nurkiewicz,KOBIETA,sara.nurkiewicz,sara.nurkiewicz@interia.pl,69f13cf2e555c2781d2c434374a12f78b37e3382dc1fdd2f93ff6ee0666dbda1,17555b1051bfcfd5,Wyrób zmiana pierwiastek szybko.,90c5bc16cb06e34ce74ef5c264f6e0b4bebd6e1c83a3f1b75fe20f0186f99bd7,https://dummyimage.com/924x441,2023-08-12 03:32:05,True
200,Sandra,Cibor,KOBIETA,sandra.cibor,sandra.cibor@interia.pl,5d6d8f11bf4fbf77b23cd21a99c88b2f71d2ab2c2d7f0a28f4fe48f0154be50b,4030933da5acd9de,Ludność lecz drzewo rzymski farba.,bf79b4744c45f57b7638ad19c3ee4fd9464f8dc0be0c5bfb142e3dc0384f32d9,https://placekitten.com/680/566,2024-07-17 16:07:33,True
201,Wojciech,Janke,MEZCZYZNA,wojciech.janke,wojciech.janke@o2.pl,752fe1a7b8e8a7a0ce0e5fcc652d5d8fc7f64a711c721c3cd5a25d290f2b4f2d,8fb9befabea7a4a9,Broń waga powszechny stawać się.,65e6c1434c61cdcb66e3ccd2f7ae0766b5384a7535025bff74dceca3e76d7957,https://picsum.photos/167/538,2023-06-29 23:51:50,True
202,Anita,Matela,KOBIETA,anita.matela,anita.matela@o2.pl,466112f5a79e3db85ee0b5bc69c7d91ddba8ab15beebe09608e4046a6d4ac456,d73fa9c08a846aab,Główny wóz ostatni odległość.,7921c3deed7f5a8a64db20bfd0c06ae57675ea91a765c96207cd2565a2bbb2c8,https://placekitten.com/966/304,2021-12-28 19:24:12,True
203,Melania,Litwinowicz,KOBIETA,melania.litwinowicz,melania.litwinowicz@yahoo.com,1c52726571ee21cd6085fc498990388189452431e97c3a993e4edccf807fa594,c674946d23fd2ef2,Padać lipiec wódka zdrowie roślina dotyczyć strach.,fea810f8709cf9c0ebb5b7096240c9e3a09981b95ac2e4dd5ef9ccda03dba7df,https://placekitten.com/1009/909,2024-11-22 23:56:33,True
204,Bartek,Wołk,MEZCZYZNA,bartek.wołk,bartek.wołk@hotmail.com,9fb7f8963fd843b6ac89ccf2015272d97c8f1162c4563077c6222221578d95d5,7d9364e23cd64cd3,Rola wzrost daleko ale szereg wywodzić się pamięć.,64d4e3026445c437bccac8b1af3f34a1886f89bcbcc3bd1ffdf80a6d32969f94,https://dummyimage.com/646x949,2021-07-15 11:54:48,True
205,Liwia,Groth,KOBIETA,liwia.groth,liwia.groth@gmail.com,3c767e1604fd6b834426019646496f0b098ebe0ba8be5594893da37f42d87384,39926807f306a8d8,Szwedzki dusza włożyć system chrześcijaństwo zatoka przyjęcie komputer.,4e4d4527831c558955316cf2299e98309587ce682208ec64b15e76897c3349fe,https://placekitten.com/654/835,2021-08-24 06:13:47,True
206,Marek,Łasica,MEZCZYZNA,marek.łasica,marek.łasica@gmail.com,cec688a4a1f35cb4f8c3bc98711e2a67a27118f7d55ed1f2303c1a61fd0e3305,b82cb6337137867b,Wybitny administracyjny piosenka postępować.,7ef17f7fa4e9472e83922a0a7a2185e2d24833a2703e466a909e2003ff051ae6,https://picsum.photos/728/90,2025-09-12 13:28:51,True
207,Nela,Masłoń,KOBIETA,nela.masłon,nela.masłon@o2.pl,34b3aa930484c3c44c6136fb9cea3a3f004dbfe3438599284ab185bc01919ffc,eec810e9f15af006,Pieniądze połączyć ziemski.,a7e2d26e8d15814dd9c6a1bdc90585c8d0a3170dfffeb21fc42986683113041b,https://placekitten.com/293/321,2024-04-21 10:53:56,True
208,Dorota,Hajdas,KOBIETA,dorota.hajdas,dorota.hajdas@o2.pl,ee4b7bbd4094543c5c08a6c5a0702a769f3a68f3e2250a75816a976e9becb3d6,085443d993f916c7,Naprawdę sukienka działanie palec sprzedawać chęć.,32844392209c7bf8244f838b317d787f4bd48ddb922193079441eef60c410e41,https://dummyimage.com/486x445,2024-09-29 12:31:41,True
209,Alex,Duczek,MEZCZYZNA,alex.duczek,alex.duczek@gmail.com,c236f1f9dd890fd206d1964cb7e99f53c14a785c41fc5d7224bafe63407afed5,bc11929d90f97c4b,Katolicki zakończenie prawny brudny właściwość dobry natura.,80190bbf5aff8619c3143a7d02c24cb5de5f0d25f372c12ae7cf17dfdae63efa,https://picsum.photos/775/866,2022-12-21 01:19:46,True
210,Ewelina,Skocz,KOBIETA,ewelina.skocz,ewelina.skocz@gmail.com,c3841be8ecd683f56f2e237f5ff25f618c6d5b31e8c0382772ba60141f91456c,b338d84379c0c6ae,Fotografia mapa ciekawy starać się cukier wygląd.,35241abe8e724522c88505356c656f533f4a0b971fb67c9e7544458ce932408a,https://placekitten.com/529/449,2023-05-26 20:46:44,True
211,Maksymilian,Świgoń,MEZCZYZNA,maksymilian.swigon,maksymilian.swigon@yahoo.com,c5b1bb765c85f69e36260154c3f85ecf1e761adc4089e43eb53242e0b05c139c,c29cc440a3e343b8,Stolica brzeg jako kawałek zakończenie.,9afb6d9aacb57c4c94b5f481093dc73e00b31e425f61236c2e8c1ded82141803,https://picsum.photos/485/218,2024-04-04 04:46:23,True
212,Sonia,Grzywnowicz,KOBIETA,sonia.grzywnowicz,sonia.grzywnowicz@interia.pl,29de164bc4c7a056556f3af822394d4c999d846b4bdcadf9d9f942b372d28648,ea47cba95d8352b7,Zdanie Polak pokryć kij.,34028d2ecdcec1e32e09e9c6be403f05ac2b1738b2eb724dae6991c5fc3b2590,https://placekitten.com/18/854,2023-04-11 15:50:48,True
213,Anastazja,Goworek,KOBIETA,anastazja.goworek,anastazja.goworek@onet.pl,6f0462ece2c62077e63877a74410d70bdedce48b14a4db232da3c926c6c11aa8,262a6df24cec3035,Gęś czasem fałszywy ocena.,cd38f2cd5c6c4c0cafbdb58d7684263084999d5c42cad48faf8b8b6f78ad5e8e,https://placekitten.com/1004/587,2023-02-03 20:40:43,True
214,Krzysztof,Buksa,MEZCZYZNA,krzysztof.buksa,krzysztof.buksa@gmail.com,3456e935c522d504e75d0459aac4c402bf263502480c881154b7b09bc10c79e6,9b142268cf93a42a,Klimat tłum granica żywność.,c7361e515c65315b72d398cc29bf59fdbce440171248bf5ef2060eab40c2311b,https://picsum.photos/189/230,2025-06-18 21:26:51,True
215,Elżbieta,Cofała,KOBIETA,elzbieta.cofała,elzbieta.cofała@interia.pl,bd369ee26b4a7340c57c3d6dbe7b9131cac6b911d59862eb8009f841cacddd9e,2a093ecf78009984,Wzór promień chrześcijaństwo rower.,9a9f9eac82bc0b9322a4ba946417fa1330b40c4631d33955dd9004a537f1dafc,https://placekitten.com/794/679,2024-07-06 00:13:46,True
216,Kaja,Matus,KOBIETA,kaja.matus,kaja.matus@onet.pl,cdedbc1fa662e3dc11758830e4216fe4f8ad63b2caeb789659432c5760e00c3e,2c8190e6e275ffcb,Otoczenie także gardło no autobus prowadzić szary.,80a9e89db9fe612238a8f99a1557ab30b10a0a99097a3d817cc4d81fe0f701bf,https://dummyimage.com/299x91,2025-09-23 06:50:15,True
217,Józef,Nikołajuk,MEZCZYZNA,jozef.nikołajuk,jozef.nikołajuk@interia.pl,fe8b0121b4369a33b9de40b6b458c2f35206ea5acf4bf8c502a77bd9fbd43dc7,5f922a7f5c9aeb62,Motyl koza pozbawić gorący strata wszelki.,87f50740460863b4db8f02b8b39bb89761a59743b3b88d6903d6cfe7d33c2362,https://dummyimage.com/408x430,2021-01-30 01:59:54,True
218,Urszula,Zięciak,KOBIETA,urszula.zieciak,urszula.zieciak@gmail.com,23c4921f10f86a2c4fb8c84c828b53bca2333d9f6ac52507869f6dfc519dd145,884b36f8b3c24aba,Cmentarz opinia siostra.,d95bec2640c894cc5aefa28829ec16ae9de249cd4e50eb6d5d1f40ec82f1cc44,https://placekitten.com/862/417,2025-04-14 00:49:11,True
219,Liwia,Łusiak,KOBIETA,liwia.łusiak,liwia.łusiak@yahoo.com,1d44b0c581b25d58216439216d7beec75be36c42fa0694c5f2a3c9d5cad7ddb5,b0def7e3be602ae7,Prosić góra obok za pomocą artystyczny zgodnie jedzenie.,53fe9f17a46c2cbf38954fe4c35e9fbc0f226025af4486336091380ae6f018dc,https://dummyimage.com/32x628,2023-08-12 19:15:26,True
220,Urszula,Klyszcz,KOBIETA,urszula.klyszcz,urszula.klyszcz@onet.pl,66a87d94813ef881e11c612c5e701bb33ca806ec6a23884d11ff66a8e976c670,eceecbd9f54c1fa9,Czasownik masło wzór sieć interes rozwiązanie.,74a2160abab3c15ea65393f3449202696c03a45519d29482d8e8204e9c72428a,https://placekitten.com/897/836,2023-11-15 16:06:02,True
221,Anna Maria,Posłuszna,KOBIETA,anna maria.posłuszna,anna maria.posłuszna@onet.pl,c9837496c7d454f08689e6a454141142698dc4b200bd594ec8047f0be52e3d53,1b199cfb40618ab7,Powiedzieć lew niektóry pozostać dużo.,676192f65b31fd20c1995c2e1ff36edd9f4380f00114029b21c6c7958eb7ac05,https://picsum.photos/777/874,2023-05-30 04:51:32,True
222,Alex,Jenek,MEZCZYZNA,alex.jenek,alex.jenek@gmail.com,7d57a6dbdfab9adf24e95bbb20556d91b2beae45cb1dcac9242ea96a84c04f53,3f862c11974242a1,Pracować chronić brać warunek ciągle gaz rozmowa ośrodek.,8562176dbe58c22a1c21eeba52c6f99047e7ebe4f412d933b163f67e4216c589,https://placekitten.com/926/737,2024-06-03 12:36:53,True
223,Nicole,Machniak,KOBIETA,nicole.machniak,nicole.machniak@o2.pl,8b92d8c0943d87cde934c330e0b44e12b5602c3baf26e8f07a3cfcc916c09482,d3858b57a67de8a7,Afryka ciepły szósty miejski kolumna materiał uczyć się.,0d6d40fc0e8f87c4b039feaecd238786b51c486ced20ea74c78e5aafa0a60bcf,https://picsum.photos/759/520,2024-08-14 23:23:25,True
224,Dagmara,Kazimierczuk,KOBIETA,dagmara.kazimierczuk,dagmara.kazimierczuk@gmail.com,34f57c11045591998987491dfcbd4ff1bd86a44ea9585a99ae7914bb26e5990e,0634591349f95a7d,Wpływ wy narząd woda stopa owad główny.,11dcdb350e18c650d6ea82db69f7ef26c6e5591dbb57ed293cc4c910c3b93130,https://dummyimage.com/399x694,2025-01-04 03:43:47,True
225,Julianna,Jaśko,KOBIETA,julianna.jasko,julianna.jasko@gmail.com,97c8df2c992adf2aa45a136c748dfeab585f313a1d419086c1a353604afcb931,7b0d339e183bb8af,Mądry itp. drogi dobry Australia gwałtowny wziąć.,6380b112cf9e8b237501d35f84adcdd9383fd4bcbfb322036f2b83c6d740967c,https://dummyimage.com/214x596,2021-07-03 04:27:00,True
226,Piotr,Solich,MEZCZYZNA,piotr.solich,piotr.solich@onet.pl,c194f9bc6146c8217b656b698c6abfb4000fe3d974a8bcaa8d6e535a50b8e5a5,b9b72416e97508e8,Noc rana gra żelazo żołądek kończyć.,8191587cda863a97ac7df41e0ff1bd9fc193b87c9c958c0c1518da038d06890e,https://placekitten.com/148/1,2024-10-13 15:09:41,True
227,Alan,Zmyślony,MEZCZYZNA,alan.zmyslony,alan.zmyslony@gmail.com,9a71ad78bad75060280ae4354a0c16de4ce6586507bf4d6ffcd7568c0a68ac5e,899a2663ae1e2cdd,Gdzie wy żywy pasmo zarówno leczenie sądzić.,ff8117b5bfcd115defd752df471ce5f874d189225b9e9178e7bd4b8c173adaff,https://placekitten.com/590/980,2021-10-05 18:04:27,True
228,Leonard,Łuszczak,MEZCZYZNA,leonard.łuszczak,leonard.łuszczak@hotmail.com,a65e889cc8bf1be99c4e7b0b7b0b384b0f6fe8c0b21e8bda3d0c83d4f38b2622,3090b9e9de834619,Wnętrze 3 suchy stanowić spotkać.,65c74c15a686187bb6bbf9958f494fc6b80068034a659a9ad44991b08c58f2d2,https://placekitten.com/514/202,2024-03-26 14:48:46,True
229,Stanisław,Szulist,MEZCZYZNA,stanisław.szulist,stanisław.szulist@hotmail.com,bbb6da1ee5d39ebf0d46c99f956cdc6b2c73049fc036b43354c9b6962f993628,a3534d192cd140b8,Małżeństwo pałac one skłonność zająć.,4a1f6f5b18de5a2773dc095df99213b9b22124c26f9b6adbfecd502e65f650c4,https://picsum.photos/959/209,2025-10-17 15:54:40,True
230,Inga,Sapeta,KOBIETA,inga.sapeta,inga.sapeta@onet.pl,e6c47567fd0768db4660a17e1978a26a33a5ad3b535f72c353f8e195aca67454,fe94101758011662,Podstawa sól zjawisko atmosfera ponownie kilometr bezpośrednio.,df61e2ffca5905b5d30989921a2929330799280ddd721e1d32122550000bad39,https://picsum.photos/31/585,2021-03-11 13:17:10,True
231,Nicole,Bidas,KOBIETA,nicole.bidas,nicole.bidas@hotmail.com,ec802ddb43bfa080c780e968852e0c3ecf1e5a9f83adc1bad81800a5e4db09e1,b844c82e987053a7,Lista wygrać osiemdziesiąt sylaba.,7acacbd5b095f7e79e50db0f3361e8fbf21baf7437d7ba4b406f1fb897d70484,https://picsum.photos/513/886,2021-06-28 16:32:06,True
232,Maksymilian,Seidel,MEZCZYZNA,maksymilian.seidel,maksymilian.seidel@o2.pl,f211ee2d72d175006d8d76718ca64c22c20113a598b4b88aea3c8a90af009361,b7d8dc0d56e71924,Moneta powiat górny cały republika.,fcde2b2edba56bf408601fb721fe9b5c338d10ee429ea04fae5511b68fbf8fb9,https://picsum.photos/546/827,2022-11-01 00:20:58,True
233,Nicole,Portka,KOBIETA,nicole.portka,nicole.portka@interia.pl,f1ddeb51d6cb0ee7b75fbb32c4a2b6bc196e6fcdf21b53adb8decd48a91befae,34574f72ab29deb7,Ze 70 stary żołądek wstyd dorosły inaczej użytkownik.,7b8e8cd122619c0d82934b8a3b2b0dced6b7efcc1636290fd047467423963144,https://placekitten.com/104/26,2022-01-21 00:21:44,True
234,Ignacy,Kniaź,MEZCZYZNA,ignacy.kniaz,ignacy.kniaz@o2.pl,34f893861b31def46a4d7f2d53f0e09867e94dca5cf744ef2d93fd812746f570,ddc02746b4a19d73,Zajęcie doskonały rodzic uważać wierny.,95c0e17f48d976716b7821b2bd3b8018ce02cf6027fa25802e667d64cf4dc2b9,https://picsum.photos/355/204,2024-10-28 01:38:02,True
235,Justyna,Hankiewicz,KOBIETA,justyna.hankiewicz,justyna.hankiewicz@onet.pl,2a28fe86fa166ecc2876f5c0d55f80953ee7cfe642d4102ccb88616838870d63,9ce47593d6ffb867,Uchodzić majuskuła kuchnia przeszłość pół język.,3e8a0479ca52a5203550a54bce7d1e84aa21e2b2642a4d5d60e7c06fcfe4d861,https://dummyimage.com/368x680,2022-10-06 22:41:04,True
236,Iwo,Lepak,MEZCZYZNA,iwo.lepak,iwo.lepak@onet.pl,81cb857989d6271b30f10db78b14f0e40da7d9458a0213d3344e7116aa35af47,f7e228ca96e1b397,Hiszpański dwadzieścia religia łąka.,030513d6450d170df776cf4602d46052f55b8b06e1910aabddff34edd4e7f11a,https://dummyimage.com/334x65,2025-04-19 04:10:39,True
237,Melania,Kołaczyk,KOBIETA,melania.kołaczyk,melania.kołaczyk@onet.pl,e55c1566ddd56e54c4471e717c4a8702e6a474e8b536f1de7d40c85d533242de,f594d7c716a28bba,Czeski obowiązek produkcja ogień wskazywać mocny następować.,4b157c4c5c4ac336c81aac6f393c3ae809199af5410c9acaa412b9836cae3089,https://picsum.photos/904/382,2024-04-21 15:53:45,True
238,Agnieszka,Grymuza,KOBIETA,agnieszka.grymuza,agnieszka.grymuza@interia.pl,8293afe252b348285ae3b2cb36c77a0e4753d0eeeac5a2d68b68fbbfeb1c2eca,54ac31105890c15a,Tylko pojemnik wszystek hotel Chiny uważać.,6a52fa6a81cc96987f42a5d3eba4fe40547ebe9e1c709e81deec8a5fb5c1dcde,https://picsum.photos/553/622,2023-12-12 00:52:39,True
239,Alan,Wilusz,MEZCZYZNA,alan.wilusz,alan.wilusz@o2.pl,14baf1d6457f60afebeaa8ef962a1e8f1c139dc4c406dc7979842cceafd2bd7f,6c76fa9c0202ebfa,Układ Okresowy kolor luty drobny.,d61072af463924fef992cd8955d62e08a03a0f5775bba8cc4fcfacff07b604a6,https://dummyimage.com/600x227,2021-10-21 22:42:59,True
240,Rafał,Miozga,MEZCZYZNA,rafał.miozga,rafał.miozga@gmail.com,60a75baf62e515c6bc1150edd6681f8b4eec6d43ad3e09ab345f354a637e6539,c2fe3df2fa893405,Musieć pozostać brak drapieżny.,cde008d5d58790e38f5fb56d136a6eeb72c2f5b39214c725999d8ae13925e0b2,https://placekitten.com/466/1015,2024-12-27 07:02:43,True
241,Sara,Wietecha,KOBIETA,sara.wietecha,sara.wietecha@gmail.com,30e0f120101f173b72f278e5bd12955e2120dbe6f79a4522b68bdc19fdad7d85,a77cead4aef4ce64,Nie okropny filozofia służyć pojęcie.,9ffbb39d6a41e71bab7149a3066019d0ea378f9eaec6efeb7b00a4eed7469d6d,https://dummyimage.com/146x695,2023-10-16 08:56:50,True
242,Malwina,Zaczyk,KOBIETA,malwina.zaczyk,malwina.zaczyk@onet.pl,a832dd3efcd2b0afe606fcd88077cfd5ffdb9d8e5b206b3e310dbd0be0fed230,42b02aece919a11a,Naczynie w. ona dziać się rzadki.,5d61969e93fcc4c9f083c24989024a8ccda23e9162f7e8f88e94ed5bc61d75b6,https://placekitten.com/445/264,2022-01-19 09:01:12,True
243,Maksymilian,Drozda,MEZCZYZNA,maksymilian.drozda,maksymilian.drozda@o2.pl,f735dc57599b2ce76d0e37308030a218498dab585223a4c192e906253b6a2af2,8c8a9fea93da5b67,Ustawa zmęczony umożliwiać pomoc silnik.,89deb1636cf307a43ea80f871f149dad8bcf9b7052f069de30f6bcf6beec7fff,https://picsum.photos/4/824,2023-12-13 08:04:01,True
244,Liwia,Krywult,KOBIETA,liwia.krywult,liwia.krywult@gmail.com,852ac7ead5119e3508c2d2575306d1568da52f332ddecf25b3b541d1f17976da,6bea21307b202427,Budowla wskazywać oglądać prosty temu.,50ec00574fdcb29f28f9828d7dd832b34e0d6237575c8ac882a99c3807428b8d,https://placekitten.com/720/370,2022-12-31 16:27:59,True
245,Olga,Pierchała,KOBIETA,olga.pierchała,olga.pierchała@onet.pl,d9bab657132e88a950bdda92b4117d141db86de3bafc71062d51707dfe6ead91,01880ad629d2c6cb,Wejście obchodzić owad ocena godność.,80cdad7e095c059606075e95ca632575adae1e439a64752201b9df3e0195fc77,https://picsum.photos/922/226,2021-10-09 08:48:27,True
246,Łukasz,Zaucha,MEZCZYZNA,łukasz.zaucha,łukasz.zaucha@gmail.com,777d6940026e6c0f9a6c898493f550f6d0150ff0e46d6e8e5ae64d2526496c0b,e150cd633f9d4d18,Uciekać zostać zawsze pieniądz iść wyglądać chronić szczególnie.,839b833dffe5ae46667c827f03d9527c3a932e6c69ecdc8135acd48b2db31fab,https://dummyimage.com/166x853,2023-12-10 22:45:28,True
247,Łukasz,Jargiło,MEZCZYZNA,łukasz.jargiło,łukasz.jargiło@interia.pl,67015c7aae19e607938d6dad627cbd3ecafe0cb4b427c541834200d8cd965df4,162c582d5b875fd8,Dolina odwaga późno.,ebb1e9a913781eab2462843597c9885f92b989ae2836d8e508aac210106d8899,https://dummyimage.com/535x536,2023-01-02 07:29:32,True
248,Anastazja,Kłysz,KOBIETA,anastazja.kłysz,anastazja.kłysz@onet.pl,a003fcdfaf779d27c3a7b25c27ff3580532042518dd238439e7755d5f9d62ca7,35eec534b13d7944,Lekarz poważny niż.,25477670ab3780c924b8c84420256248f960ea2d0b0db0aa2ba3d017cf926e0e,https://picsum.photos/275/698,2021-11-27 17:48:49,True
249,Ewa,Kieca,KOBIETA,ewa.kieca,ewa.kieca@hotmail.com,2cfb3334a7eae31eb9d5b8bcc7b46fa3119d1ff2dacdc8b51ec9374e9dbfad69,9f48e121227157ce,Oni morski egzamin.,a696df31879a3c289dcbec3ccfa94fa82eceacc0d8bfd2ad0bcfbb4fc542a9d1,https://picsum.photos/466/366,2023-05-11 06:49:11,True
250,Iwo,Ostapiuk,MEZCZYZNA,iwo.ostapiuk,iwo.ostapiuk@interia.pl,c7946a8e42c7c90e1109b70e7be923f67e1ba12ec92dd7dc1904b6d4846ce6b2,449dd5c7d8c0efe7,Pan program dlatego północny np. klasztor użytkownik.,d82255a9b126a583c2655bfa0874ff9bf667260891077364ae437234f9fc5afc,https://placekitten.com/810/590,2023-05-25 09:00:59,True
251,Monika,Tryka,KOBIETA,monika.tryka,monika.tryka@yahoo.com,bf983fbbe9346fd7f9e15e19aa8f1ac25637bbaaa4c92900111ef50e7957a929,715591256925dff7,Niebo korzystać mocny książę.,064e64aa2e52ebf3b8d098082e80eb52e583da8ee95d0ab500690c49fbee47fb,https://picsum.photos/379/494,2022-01-25 01:58:59,True
252,Dorota,Dzienniak,KOBIETA,dorota.dzienniak,dorota.dzienniak@interia.pl,0610a1150344d68de5b60f73a903e036bd19dbfe42ab6a8ffc9aedf2c67eebaf,bb8743162dd9048b,Rozwój studia futro stawiać.,6070efd9db527a0e430dd6fff5a04ff1ed49f644ad3c05825af9a6939ded2d34,https://picsum.photos/793/512,2022-11-04 22:57:31,True
253,Kalina,Frelich,KOBIETA,kalina.frelich,kalina.frelich@gmail.com,acae1f89c6c6f8ee94bc28f6d78b0720583019925bd4c5dc098e510619ac4139,b0bce236c3dec294,Przyprawa czasem pieśń śmierć fala żołądek północny trzydzieści.,e83a43b36de52817a639c27e03d95522f8aa1a3c244ab53ec38c06ab6f12faf5,https://dummyimage.com/354x498,2024-05-23 17:00:51,True
254,Grzegorz,Rogacz,MEZCZYZNA,grzegorz.rogacz,grzegorz.rogacz@gmail.com,2403367d81f336dc224c940c83d34d679b17455341d02b329421340fd236c979,f04cf1f0edb3d005,Oznaczać wniosek drapieżny bo morski wpaść.,6139955a25abb98f242e304712219ec81ea24de3d73402498a6402799b364b9b,https://placekitten.com/360/557,2025-08-01 18:42:32,True
255,Jerzy,Hutyra,MEZCZYZNA,jerzy.hutyra,jerzy.hutyra@hotmail.com,d8299d4b2d4ceb764dee4d51efa6ffbebf51699d05a137bf38739046de70b436,f379d456ed3c9d00,Pani wakacje podłoga nadmierny Ameryka spaść wykorzystywać.,7051d92a5a0074c62fc0d97a699de07f4b08a6abb88d2af491c80282ee3e1cdc,https://dummyimage.com/803x384,2021-10-16 03:03:26,True
256,Malwina,Bereś,KOBIETA,malwina.beres,malwina.beres@hotmail.com,92db69669c7a54957387c2d3beb0afee5e2443064df51a43ceb362c392037c37,adf6cc2b34cb83f5,Dialekt w celu żyć grupa.,c92064f424727263d53753f90d744235d47c61e226fbef3880dbc35d4d3473a1,https://placekitten.com/586/437,2023-10-31 16:10:43,True
257,Julian,Andruszko,MEZCZYZNA,julian.andruszko,julian.andruszko@gmail.com,11d7f549c941d0baf6abb13fe09a96edc1da4587123ba5fd03d2d9f2571e95c9,8a65401fed3aff74,Pomiędzy centrum bóg pojawić się godny zbyt.,bc7111872d63b6bc728aea88f9950b186fb5335b933619522da51ee52512fc9a,https://dummyimage.com/987x242,2023-08-13 07:48:29,True
258,Stanisław,Huber,MEZCZYZNA,stanisław.huber,stanisław.huber@onet.pl,9ff6201a6067246d5fe148d803a520ea86d7aade379e345731e3c854019d1539,727b8da3f88b2aaf,Zadanie odpowiedni zwycięstwo łyżka.,2a30fb47ac3edd643a4401fdce1baf21c7726cc3d33fbc5f6ae9a148ade33adb,https://placekitten.com/957/339,2025-03-04 05:18:26,True
259,Jakub,Grzywnowicz,MEZCZYZNA,jakub.grzywnowicz,jakub.grzywnowicz@yahoo.com,dc784ad3f6590f1540ed96ce556cfb3a82507062ec46a522d23914ff9f94dba4,6b6927b9678f1165,Specjalny wyrób koszt mistrz kawa pasek.,897efc29391ae67e2fed39a5bc3eded067145fd7978fd1beb8b26a91b68c251d,https://dummyimage.com/790x903,2022-03-30 05:33:42,True
260,Janina,Maruszczak,KOBIETA,janina.maruszczak,janina.maruszczak@gmail.com,67e3e2ad9ecf87409f94c4339016f734a96d73a03f569032c77799beb1659b1d,424ed5fc8090cfd1,Słoń rano nieszczęście archipelag niektóry.,0b0a8a2456354cb08428ee078f4de9332b541a80ce9801b3adc8a0211a59a3a8,https://placekitten.com/691/741,2024-10-30 21:42:06,True
261,Natan,Szałata,MEZCZYZNA,natan.szałata,natan.szałata@interia.pl,e5b894b1447f52acb5f11089402bfb8ca4f356ae7569478ac50681c8e430b9e0,db12096e10d2c916,Różowy łyżka rasa liczny czyli zmęczony gospodarczy.,006f7546ccfe19a123589b6b416d6620b83a720a78c1b406cea212e65ee67830,https://placekitten.com/6/627,2025-07-23 09:22:06,True
262,Maurycy,Błażejewicz,MEZCZYZNA,maurycy.błazejewicz,maurycy.błazejewicz@onet.pl,cdb84c083773e2acd70659c1df32cc0bbbbba8397adf12f9ca1b465c9a21df0f,76c5d5e0fc479eb7,Poniedziałek zostać skutek zostać.,3424820c4c140b1a659999534172253712d8012aa76523e64983fa3571fdebd6,https://placekitten.com/179/358,2023-08-01 16:15:37,True
263,Ada,Tecław,KOBIETA,ada.tecław,ada.tecław@o2.pl,26f3570a037340b21c7a626269983ce439075df970f4a4e26b0614c57960d29a,b94f222707874f62,Szlachetny przyjęcie Unia Europejska telefon.,ef33ff22808ac836d98c47f852076894fa7c94718b7d1d173f1e6bae38529ae8,https://dummyimage.com/899x931,2022-12-03 04:40:12,True
264,Ida,Kapinos,KOBIETA,ida.kapinos,ida.kapinos@yahoo.com,7f2a33d0a2cb3776200e6d8e72014b627ed6ad892decd98b956799b9b5609e08,dd1bbe48724c8efd,Wydawać Się kraina gospodarczy liczba atomowa słodki talerz.,28ef29270ae3fb1a2d2d2628b3d80cb1bb03833997d9af48ac4737d2cc020a64,https://dummyimage.com/388x64,2025-03-15 01:00:16,True
265,Klara,Łobacz,KOBIETA,klara.łobacz,klara.łobacz@onet.pl,da9a2ef824d6fcd116bd2835d4944a89b016bb2c7053d8f1aad49b9f74ef502e,073bad2866760b2c,Dopływ dokonać że pierś rynek zaczynać potrzebny.,b36bcb5a813fdc265c62ab64d48a436701ec9787320c2fbc90fbb9c7eeb064d0,https://picsum.photos/236/689,2025-12-03 06:18:58,True
266,Wojciech,Ciepłuch,MEZCZYZNA,wojciech.ciepłuch,wojciech.ciepłuch@gmail.com,857d9880d965a97024a89c385969d380b85d33c7c27988d1a2b9268486896b49,a5840ff1ba5cf982,Płaski organizacja warzywo gazeta działanie.,5af2ce87460cec2056d0bdbe9fb8dda57462e3d4074d9aeea537c3638048e895,https://dummyimage.com/751x787,2021-12-04 18:03:24,True
267,Marianna,Skotarczak,KOBIETA,marianna.skotarczak,marianna.skotarczak@onet.pl,238974af46a598947b6746753fbd28052f5d06b3b25052ec7d102b1c83ae56e8,385c03b97eea78f5,Czasem 2 samochodowy błąd świeży święto.,380d6c804977f56efea4c38dbea2b119e29f285877800387059312c268ba17dc,https://placekitten.com/574/529,2024-04-26 13:17:08,True
268,Alex,Morgała,MEZCZYZNA,alex.morgała,alex.morgała@interia.pl,2777051fc5af6f1f430a75d50c1f240c5afefbcfc3d2d8fcb3d0c86ec7c4679b,a32ac17fb2c2e7de,Kultura miejski dane pokarm bądź.,f192c5ff6ba3688954400c7ef4b10d680561c799fbfa560ca5485417837c5cc7,https://placekitten.com/944/590,2025-05-19 22:48:30,True
269,Dominik,Imiela,MEZCZYZNA,dominik.imiela,dominik.imiela@interia.pl,9660efea7faf0442d4fa6a48c7f88c9ed57039cab8ee1396001cbbb0c5ba5ded,3277265e297586e4,Austria komputerowy wyspa godność strata znosić zaufanie.,c59a140e3cdaa7463e6514696990f90b0657349b3e9a4e79999109ac61d95f53,https://placekitten.com/743/58,2020-12-31 20:28:39,True
270,Gaja,Białk,KOBIETA,gaja.białk,gaja.białk@hotmail.com,8838ba84a7c165d19d660c91faaa5a150b90f85a95514c31c5ff5efb0e76de6e,baf49efa5cdc2aba,Połączyć bardzo rzeka sobie ryba radość założyć wiadomość.,17b6e17de8b3bb1e772e50467111005dac11260c25873884f1d32d767ef86b0f,https://placekitten.com/998/628,2021-05-25 05:53:44,True
271,Nela,Grygorcewicz,KOBIETA,nela.grygorcewicz,nela.grygorcewicz@gmail.com,d7fe66948b9793094e6a74ef41ddc9897ce75238044160805489c2b25e5e9375,b752f47a9561a820,Jednocześnie bać się współczesny mapa drogi osioł czynić.,394e4836b37ac5e5f9dc7e130cdd214e9fbf0c030f89d2de4b203995c2a5cb06,https://placekitten.com/555/262,2021-12-07 18:42:44,True
272,Tomasz,Ochab,MEZCZYZNA,tomasz.ochab,tomasz.ochab@gmail.com,b271fdff58c778c83d3b894368afc95f37653ab112d14003157fe580538e2c89,d72b2e2c217a3088,Kostka głupiec 40 powszechny.,5ff59fec594f8a98c45a6b47d409fc5d7b7998bcdf306df0faea950675eaa956,https://dummyimage.com/15x347,2021-10-21 10:01:46,True
273,Daniel,Przewoźnik,MEZCZYZNA,daniel.przewoznik,daniel.przewoznik@hotmail.com,761616663ae37ac06b49453793eb240efa315a88d91d59aa90f17ddf08ea9e31,b128b3e3dfcc970b,Myśl głupek jeść odpowiadać mały zdarzenie zniszczyć.,b8cfe3c02cf703f12dc3f9b6c98adc0bf69da8575304adf254b5531958eec727,https://dummyimage.com/973x955,2022-04-24 15:00:33,True
274,Nicole,Poreda,KOBIETA,nicole.poreda,nicole.poreda@hotmail.com,a9b328a0fef59b395ed99e76b83b72ea15b12969846ff40e5ce04e193eda7f69,299d90398dc2ecdc,Broń wybierać 40 głód wokół Francja drzwi.,549487751b36010bbc42120c6d5367a1d579882c92d46d22a727a82dad321ef3,https://dummyimage.com/5x870,2021-09-29 03:00:09,True
275,Olga,Roś,KOBIETA,olga.ros,olga.ros@interia.pl,8952717ca9fc85de7eaba337a15a34db03d55f1a5d76e26e79c7fb9a91d889b7,f72eb8f3d2580467,Funkcja świecić wiek obok doskonały świadczyć.,70d5690e3817b2eb1973da39b73464a659b1969ccb3451c747e48b6f4bdf9173,https://dummyimage.com/771x389,2025-03-23 08:40:00,True
276,Marcelina,Andruszko,KOBIETA,marcelina.andruszko,marcelina.andruszko@yahoo.com,494e50e53360c3c992bd8453460484eaaf950e513ce7015e036cd85660f4d6e8,2e860b3939f84097,Światło orzeł wkrótce dokonać.,3fd592bfd2df91e5cd19c1005f559e39be800b8e36fb950bfb7c059095c1bcea,https://picsum.photos/265/482,2024-03-17 10:44:02,True
277,Kacper,Pilarek,MEZCZYZNA,kacper.pilarek,kacper.pilarek@interia.pl,64495dc8c1496855d503b02604cb6ed1afbaac316d907527ee67fb69d7a53579,9bb3634e2de619a7,Bok ryba owoc aby.,393e806553e469ba810883d19de96e2fe118a0146beed80905a2eee10ccc7e3a,https://dummyimage.com/881x523,2022-02-11 01:38:16,True
278,Kazimierz,Pianka,MEZCZYZNA,kazimierz.pianka,kazimierz.pianka@hotmail.com,a4a15ed657461d1c0e01d9e0f3c95e975ecd4f79159dd75bee7cf271e6dfce72,753f3024c9039708,Las zapach produkcja gazeta pusty dodać jechać czyjś.,7bcad65a18b9d9db7956a4a39c9944428da45e512153a201523f51091849607a,https://dummyimage.com/963x1001,2021-12-11 19:44:20,True
279,Tola,Namysł,KOBIETA,tola.namysł,tola.namysł@interia.pl,de592b3dfe1cd95743c1da1817cb0c4ccb50e0b733d3d7f5eb588d68f33bb82a,234b1ad3d53c2624,Święto epoka płacić.,b4c1a3538fa275fd235873006e0ebe8796dfaf270e329d54d1015a8cb1d90c2c,https://placekitten.com/284/211,2021-06-26 23:22:08,True
280,Marianna,Polaszek,KOBIETA,marianna.polaszek,marianna.polaszek@gmail.com,6587ab7604c11136e7b10e06f12438e0320a9db93ba9c69d72f49a2eb8bcb0b4,5efdfa1da60470f8,Tradycyjny przepis podłoga padać tył.,a46dd5c29884a537c6f4be8a6f4686d7396308a1643c69de86b3388c7609fc2d,https://dummyimage.com/611x942,2021-11-11 08:12:13,True
281,Justyna,Zimmer,KOBIETA,justyna.zimmer,justyna.zimmer@gmail.com,084c734dbd7cef1fcf6b73ff24c7999551084251c311e7501cc2b2dd224502fb,6cbdfa02e70131b4,Pojedynczy żaden jedzenie.,d1af77d7dd33321dab196710982baf501ca42d6a31fbffc154ee117050b6c12c,https://picsum.photos/335/773,2023-08-12 16:41:34,True
282,Andrzej,Krzyśko,MEZCZYZNA,andrzej.krzysko,andrzej.krzysko@interia.pl,08262942894ea22e157e6ed3add5b75779921e15cae67bf75008aeb48711355c,9c6c9ff2ee92b211,Szeroki wybór brudny mnóstwo.,5d9829e3bd83eff8b62663eb13cf48806f475f892ec40fa8c77f2bbe559b0fef,https://dummyimage.com/606x980,2023-10-09 08:48:13,True
283,Kamila,Laszkiewicz,KOBIETA,kamila.laszkiewicz,kamila.laszkiewicz@gmail.com,4003cb32cd816a8d3b402e068017b770e0912619e6b8a04ad459131421a95cdb,67159892da5933aa,Planeta policjant robota całkiem.,59d71c3984b26a604d5315643dab72da1931446f8ef07ea243d9b106fa05f479,https://picsum.photos/344/937,2023-08-03 16:38:56,True
284,Tymon,Breś,MEZCZYZNA,tymon.bres,tymon.bres@onet.pl,2f8cb0220674101ea978eedeb26150f224f8b2d290ca2adef22e0ba4e4b6d307,dccbeed543b59570,Miły tak wrócić duński czyli.,490ee103b1b3164ff876df6e8b8fb4844c7614fc7d27eb6220e09c01e51b5b69,https://placekitten.com/426/666,2025-10-08 02:33:07,True
285,Olgierd,Duc,MEZCZYZNA,olgierd.duc,olgierd.duc@o2.pl,6ad7c99e4318e62bcc00c2f515c3add8294145fee3d2e9e4e22102d509b2c200,71e12f8bd47dcdb0,Dolina historia muzyczny szkolny dostać.,b24b0b46f7c5e45ce7f0f14989fa51fdbe55cd73d067e6bdedca58e1115028f4,https://placekitten.com/197/321,2025-11-13 01:13:24,True
286,Gustaw,Kluczek,MEZCZYZNA,gustaw.kluczek,gustaw.kluczek@gmail.com,883e767041b61d445cdc8ce925518756f3327828372837b8aa0871e3c6d8b4f1,03e843d6976caa84,Butelka należy pisać narząd krok za królowa.,834868ccd9e0012a3c4a4ebc71ed2a38ed129cd63b275510dd104ba7a925f47d,https://picsum.photos/856/973,2024-06-15 23:59:43,True
287,Dawid,Prażmo,MEZCZYZNA,dawid.prazmo,dawid.prazmo@hotmail.com,cc477c0d08bb80e23f7492a89d45f45bd08053cb2ea9f2df127c9a03799998dd,d50afc34c0e89ca1,Ryba egzamin stać się katolicki zainteresowanie liść wejście plan.,1cfcd9470be2516a87aef79b6ac2dd9d163549335051ae8bf0b97062ee704b7e,https://placekitten.com/90/410,2021-09-27 17:16:26,True
288,Jerzy,Jędruszczak,MEZCZYZNA,jerzy.jedruszczak,jerzy.jedruszczak@interia.pl,bab73b06806a572cf15a069c8ef2e712cb211ce3e6c11fac03c59b7847b33694,dfdd3014a371dfd4,Dziewięć sprzedawać partia określenie opinia.,50032fd617ab3371ee5de302df6ce9ea6d6ee5fcc64c3db6e70b927642638325,https://placekitten.com/670/847,2024-09-10 22:49:50,True
289,Piotr,Jarosik,MEZCZYZNA,piotr.jarosik,piotr.jarosik@yahoo.com,94851d7283f01b4899eff529e5163902e7415fb466d956c1b83a1e2c6b35a626,3337ac8421e8687a,Przypadek coraz zdrowie miesiąc.,17217194d4b3517bac2018b14a9a4733851cf14f70e133d286b3a2e61d21283a,https://placekitten.com/1000/1003,2025-03-28 05:23:52,True
290,Fabian,Wolańczyk,MEZCZYZNA,fabian.wolanczyk,fabian.wolanczyk@gmail.com,b24562b0d8f6d0c519a0824abb7d38464dda4078c642679ff3d3b9536fa2c40b,8bd9ec74d191753f,Liść bądź armia wybrać głupek pomoc.,ae606788c0a8c39e9f59fd12baf4ab632a7681d2413e77e71ca60406116b88eb,https://dummyimage.com/266x778,2022-01-04 14:10:08,True
291,Konrad,Narożny,MEZCZYZNA,konrad.narozny,konrad.narozny@yahoo.com,8e37f553195bd1bb3bc06a6ae0f14add336331876c9508664234b3f23a23e3c9,31c5d057b5fe6474,Obecny zapach fotografia uczyć się dostęp.,664cdae2ea643b612204a548d93a849995e9e40b92ad457cbecb7d6f12b37292,https://picsum.photos/142/424,2021-03-18 09:45:19,True
292,Roksana,Łapot,KOBIETA,roksana.łapot,roksana.łapot@interia.pl,b3c6f826cc1150b0edc5ec5de0e82f5bce050c85cdecfaf64cf52d517dbc2caa,2ee3b7fa85e3fcd8,Mocz bohater koszt trzeci granica.,ff3c6d8a7310490638805ae40f9d99e3e45c8b36b76817bc72096b5c5c94f1aa,https://picsum.photos/143/760,2025-10-09 10:11:19,True
293,Artur,Kala,MEZCZYZNA,artur.kala,artur.kala@o2.pl,deb590bc2cc7deedc87101547592d3bfc3745d91cc390ec47d3a5cace4a4efd1,19953c1618c61067,Korona Japonia hodować opuścić.,df61e2ffca5905b5d30989921a2929330799280ddd721e1d32122550000bad39,https://picsum.photos/225/770,2024-03-29 09:29:10,True
294,Cezary,Macheta,MEZCZYZNA,cezary.macheta,cezary.macheta@o2.pl,de1d628fa4a387a3c18b5e8d2c49f1921163b348cdb2bcf47b178c5c0dfbeea7,e55c465c58a44637,Dziewczynka obcy zabawa fragment.,43f10b48b0b04229f783287226ba9f453f3298effef9437595c9d33e7b0e4e89,https://placekitten.com/999/979,2024-09-12 19:18:40,True
295,Sylwia,Kroll,KOBIETA,sylwia.kroll,sylwia.kroll@onet.pl,a4c0348a59350aa06460eb93923d4fab6b8b23e9d8f2b5c6cc572aacb91d87b6,fbb787b42ed4d831,Taki rozmowa sprzedaż lampa olej.,dd2fca283f0a0c60d17f57649d78c6ae492d2bfe87578395319b4762007bf40d,https://dummyimage.com/1008x813,2021-02-12 09:37:08,True
296,Nicole,Listwan,KOBIETA,nicole.listwan,nicole.listwan@onet.pl,b6e2f9a60c13a2095a51f38feb19efb952d77278f80360f5f27746a020216604,23de5dbd9d81569a,Osiemdziesiąt nasz majątek mama broń.,264c8c381bf16c982a4e59b0dd4c6f7808c51a05f64c35db42cc78a2a72875bb,https://placekitten.com/737/986,2023-08-18 18:12:13,True
297,Przemysław,Waniek,MEZCZYZNA,przemysław.waniek,przemysław.waniek@yahoo.com,3ac547b61f6e9578b5cd52a7298f009d6b260f46333cdce97924988365a3f4f7,385ace76689a49ef,2 żywność wiedzieć wzrost obchodzić przeszkoda zrozumieć.,e54806738adf5d9e31baa74fb978f254145f99a766e5b449221ab76ba653010c,https://dummyimage.com/485x418,2022-05-30 10:56:32,True
298,Ignacy,Nijak,MEZCZYZNA,ignacy.nijak,ignacy.nijak@yahoo.com,c51dec950333187e69b7f683d5cb2063f6a452ac6c421d3c665f89a60f8d8f83,3ea97a1f156c0834,Opuścić określać dzielnica plaża lotnisko uderzenie.,5d160153fea557cf6b22f034a93855288ffc769144a436fc874a8625c75a104d,https://dummyimage.com/619x143,2022-02-11 13:11:13,True
299,Tomasz,Kupś,MEZCZYZNA,tomasz.kups,tomasz.kups@yahoo.com,37abd44972b5e9445af98facc7fb56cc48848a46b55802c2c89a3ddb011c3f1c,2e756f758f823371,Krowa ryż choć zatoka zwykły.,bc426338c18e039ff03d6c4131708fad73403b5d82385ed4d4dc9f5be6e85a4e,https://placekitten.com/223/42,2025-04-29 07:51:59,True
300,Marcelina,Hajda,KOBIETA,marcelina.hajda,marcelina.hajda@onet.pl,475450b56039e26782dc93256c6efb95ffa5b4ce877b1097adfaaaa4eac9ed29,fb80564dc7bca053,Dzielić budynek niebieski istnieć marka szeroki znaczny.,ed85a05e0341102c44ddc305b6b01a06045e4d21f11677e175c882f5b041f981,https://picsum.photos/739/618,2022-02-04 17:23:54,True
301,Marianna,Nawój,KOBIETA,marianna.nawoj,marianna.nawoj@o2.pl,9c2457a3e52c445d5c08f073e8d6976a6c91b92982141b1af862a7fd1a05a4a1,a42959ab315cf829,Tak dziewczynka państwo z los dziewczyna.,21eb72a1d8785862df27a3b07ef5d2e698af0eeb47d8599ee20b1f37950583dd,https://dummyimage.com/100x708,2022-02-24 04:45:19,True
302,Jakub,Golisz,MEZCZYZNA,jakub.golisz,jakub.golisz@hotmail.com,9e8e5eb799c8bae4499bf973dac6bd934cadd33dcf0c86065418220a27031261,604d28b6b3eab861,Instytucja sok nigdy przeciwko plaża róża rzeczownik.,3e8a0479ca52a5203550a54bce7d1e84aa21e2b2642a4d5d60e7c06fcfe4d861,https://placekitten.com/9/209,2022-07-11 10:20:27,True
303,Bianka,Jodko,KOBIETA,bianka.jodko,bianka.jodko@hotmail.com,e2c1dbd3237ef63035e414c0159a3da6ecdd9d49e539e611ff3a49026d6d07ae,3b2198e6b6e55d1f,Od chory wciąż silny.,cea48b15697d7107a26babe680d4cdb668648538a4a235de498cf569274fcc99,https://placekitten.com/529/107,2021-12-24 06:39:54,True
304,Szymon,Paściak,MEZCZYZNA,szymon.pasciak,szymon.pasciak@yahoo.com,aa6798bba583d1031819919269e891fde58d34c32efed77087ebd80fcdb33a33,ea7012ccaab48c5c,Gdyby postępować wykonywać piłka nożna.,8c5110850d4002acbd960d98d95b07e70cbed75dd0fe8c15ec51168824de31b8,https://dummyimage.com/95x245,2023-11-30 07:05:26,True
305,Liwia,Kłosiewicz,KOBIETA,liwia.kłosiewicz,liwia.kłosiewicz@gmail.com,e55a04b7e07c98e8cfd6f8096884a2f0afe454aa986f38a61124dd5f5a785c68,f36d17db04c286e0,Rozwiązanie przyprawa danie.,6bc559a17b9fd48fd831856e3a2b45298fefc8901e74d164adaa7971cfac6345,https://placekitten.com/516/66,2024-12-06 12:52:42,True
306,Eliza,Matusewicz,KOBIETA,eliza.matusewicz,eliza.matusewicz@interia.pl,d85469c4014dd3afd16cbbca54aae47ea129b5e7cc2024506f0998a09f358fc8,ab5b899f11b247ea,2 nieszczęście tył jesień własny efekt szósty.,314b68afd312a7bfee7feef102e64b85961e0c21260c4e4dbb5e5d429ab10ad0,https://dummyimage.com/267x498,2024-03-14 12:45:41,True
307,Krystian,Owczarczak,MEZCZYZNA,krystian.owczarczak,krystian.owczarczak@o2.pl,951577b710718ee491e16f93190e24dcb7a905ad839d87d7de4c9657a3097cd6,5ab92642ce334735,Mecz niechęć dziewczynka kula klient waga wczesny.,dcdb98ba7126a2a4ae927764ab29c8c95a8c1a4943e2e32016773e39f803f553,https://dummyimage.com/819x816,2025-04-01 10:56:12,True
308,Alex,Tereszkiewicz,MEZCZYZNA,alex.tereszkiewicz,alex.tereszkiewicz@yahoo.com,ff5f594acc3a8e59bf235884c60f3f7edae4f256dce32993ee33c8301c35fc8a,f8ac3ab88f2a518c,Ku sen przemysł ukraiński potem kiedyś wybór ryzyko.,b144f6f61771db3db668400cd2920153c81754de51d1fd3c710264817de9cac4,https://placekitten.com/602/650,2022-03-14 00:39:28,True
309,Dorota,Pawliczek,KOBIETA,dorota.pawliczek,dorota.pawliczek@onet.pl,ee37749beda0972c54eb750c1594834e570fc500884b45bb430d934d04ef2c64,8f2b408ed3acac2b,Czechy niebezpieczeństwo noc produkt.,dd2fca283f0a0c60d17f57649d78c6ae492d2bfe87578395319b4762007bf40d,https://dummyimage.com/48x98,2021-11-08 06:11:38,True
310,Igor,Goik,MEZCZYZNA,igor.goik,igor.goik@yahoo.com,ca4d997df243cedc3c5e00b47d6098a5105dd5999b367bd155f6d21b53a99f56,a43175cac95d3c39,Trzymać żołądek otoczenie znać powietrze rzucić.,5aefd2b6883b8304b3877a23651a73438c89b0524c26aee425dcfc1dff5fc7c2,https://placekitten.com/243/996,2023-01-28 23:39:02,True
311,Ida,Górnisiewicz,KOBIETA,ida.gornisiewicz,ida.gornisiewicz@onet.pl,ddcddbcabd2ead5834d0f6e7041477ed1a7eae2f3b5e4bf4fbaac041fe08f39f,22da2fec149fccd6,Minuskuła lud bycie inny.,0ca208fc49009a78caedf116c926cd7b94f741aac48aee55c2965d17605cdfd2,https://picsum.photos/702/301,2023-02-28 10:56:44,True
312,Grzegorz,Smagacz,MEZCZYZNA,grzegorz.smagacz,grzegorz.smagacz@hotmail.com,4953fffd07e5bf417419e282c90c223168a74f94518fbe257b871d61adecb65d,75e54f94967ea350,Stawiać karta połączyć podstawa przejść lekarz gniazdo.,e723bb7ff0c6faa28809e1a03649969465cbb3786853503f1de55b2261ae1132,https://picsum.photos/421/566,2021-10-23 17:08:25,True
313,Urszula,Nazimek,KOBIETA,urszula.nazimek,urszula.nazimek@yahoo.com,a67d6e25e275d84739e67991e66644f3ebf54f21ab84e218fba7105bdf567a63,c64d28268e775f62,Góra toponim znajdować się pozostać biały wróg cena.,cd5b158f21b7588b4e9c3f84871fdfc1fe1a61915142c604296764079cd77e54,https://placekitten.com/222/875,2025-09-02 09:51:51,True
314,Grzegorz,Tomal,MEZCZYZNA,grzegorz.tomal,grzegorz.tomal@hotmail.com,d6fd17b13d2c6733d5a878aa8bbacc8714b86a87105686b046a65220fd2d2244,10cec700121bb218,Prawda polityka bez w postaci pięć stan republika.,aa8d8283f3ddb741b95217cca37bfbcb8a8ba9fe70cd112e3b25c07b53654f9f,https://placekitten.com/512/164,2024-10-08 07:05:31,True
315,Melania,Węgrzyniak,KOBIETA,melania.wegrzyniak,melania.wegrzyniak@hotmail.com,64365d00f6ca57215959a9b1d3aeee1a8429866a651fc63adba1ec763bce4524,df53c1f08ca9845c,Ze biuro płakać sok drogi.,fe0d6b7f67576f98e8f5966f0faecd27503a88402525659f3ceded67d0f2f1cf,https://placekitten.com/507/533,2023-04-20 23:12:46,True
316,Bianka,Ellwart,KOBIETA,bianka.ellwart,bianka.ellwart@onet.pl,a0109c971d348aebd65792100cce1377619b3dbe7fadace2eedef05f78dc9c66,15f2c769f8e8a8dd,Jabłko jaki miara tu.,e31c1170dcead0f5b06dfd5c441f00036e56068baf5a3e7a62d83e9338465b36,https://picsum.photos/280/567,2025-04-30 05:34:24,True
317,Aleksander,Frost,MEZCZYZNA,aleksander.frost,aleksander.frost@onet.pl,57fcf8807bb5826c2f026b62d457ff306831d0724412bb8e69772a35fefdb9db,18affecf4989f49b,Poczta więc dach przedsiębiorstwo.,e1c68890789c403c3ba86ac8c30bea3696abbfc43e9a993d3af61b3c1e823c48,https://placekitten.com/769/735,2021-06-15 16:54:45,True
318,Inga,Lampa,KOBIETA,inga.lampa,inga.lampa@interia.pl,52ae7325a3e196c695823ac6af24df484beb8fb8729de46f029d9f17f981f976,d8de47faf44854e2,Milion diabeł pojawiać się doświadczenie woda aktywny grzech materiał.,eee1c1ade6525d2463185a68156723b98306835f88a8d988c82fcf6d8baf85da,https://dummyimage.com/776x709,2022-07-26 01:12:18,True
319,Fryderyk,Kurczab,MEZCZYZNA,fryderyk.kurczab,fryderyk.kurczab@interia.pl,30e7ffcb3ceeae88f89322cf8a48ea2e811eea0b5b55dd847e57b647a799e539,67e2e87ee5a372ec,Mrówka pomóc wynosić kolej.,0857c95b1a8cea4f14eb54c7263e987499690e3b9aada155b1ade8086442d70d,https://picsum.photos/379/337,2023-01-20 02:48:11,True
320,Sara,Wichłacz,KOBIETA,sara.wichłacz,sara.wichłacz@onet.pl,f33689da1228e1ceb9aacf7dab66817a88aad21cbd88db7e06515ec561784fb7,192d10be25a6f38f,Uchodzić otworzyć brzydki ziemniak plama wolność swój opuścić.,f836134b7fdc5541956ccd5e2220c09ae9da90043a718ab47260f5050c0ef170,https://picsum.photos/457/531,2021-05-12 13:03:12,True
321,Cezary,Karczmarz,MEZCZYZNA,cezary.karczmarz,cezary.karczmarz@onet.pl,4c6eb86f9b5102a9153e0ebcf78af1d133014505935a64de23288ef5f98a671c,cc18c2900cd7cccf,System możliwy przejście poduszka.,e54806738adf5d9e31baa74fb978f254145f99a766e5b449221ab76ba653010c,https://picsum.photos/865/933,2021-12-06 21:24:51,True
322,Olga,Jaje,KOBIETA,olga.jaje,olga.jaje@hotmail.com,bd65983513e5cf2fa344227adf8674b6568cf2d8344b9e2f1c458879feaf2ecd,58cf9016fa669f3a,Ono związek ona budować szanowny.,2095a375ff62da435793f52f3e3aa3588e104563aec1cae1d7ad63cf4b2a7d34,https://dummyimage.com/583x421,2024-01-20 20:45:17,True
323,Grzegorz,Larysz,MEZCZYZNA,grzegorz.larysz,grzegorz.larysz@interia.pl,4745c4326ab27ba64f54c9bfd11feb77e99d16d2d3c1531b12b0097d8416251f,d9e309c626b1af23,Skrzydło okręt armia słowacki szybko od.,283ada7088c26258bfd6ebbafdaffcb8ef218806a004cc8909d93a965860a10c,https://dummyimage.com/41x169,2022-01-17 12:00:36,True
324,Kalina,Ciaś,KOBIETA,kalina.cias,kalina.cias@gmail.com,798811f462e38657049b8a16c287bfe515bea29eebe7c101a7d540d77cda1af1,790c4d874ca8cfa1,Bycie starożytny potrawa teraz żółty dziadek wybierać koń.,f751d2a64ac8e9d2e0fdfb83c4f9a6ed45ccc56d1bbab541e3c9444bfa754208,https://placekitten.com/690/200,2023-04-03 13:58:46,True
325,Adrian,Fiołek,MEZCZYZNA,adrian.fiołek,adrian.fiołek@gmail.com,c05de0e6772af4a10f4edd429a21f65b3bded4dcaf4a8908488f8b8b18e2e76a,dacd7645985dc907,Środowisko śmiech metoda czterdzieści król pokazywać móc szereg.,2876d75b080513a43399d75efb6f2220a7b33fe6c975af6a60c5588c52a88f27,https://picsum.photos/1023/36,2025-01-26 11:51:56,True
326,Alan,Macheta,MEZCZYZNA,alan.macheta,alan.macheta@onet.pl,e5fad030faac5791dbb035f5ab211037a5128f4d5067e50dd4daab85d19f88dc,e49aee34108d819d,Adres zniszczyć prosić historyczny gniazdo relacja wysokość 70.,2d2d79831a2f06df046b1213ddd84e33006655e0fa8e2b35016cca5f88167261,https://placekitten.com/987/736,2025-03-15 21:01:09,True
327,Karol,Fura,MEZCZYZNA,karol.fura,karol.fura@yahoo.com,c03911b7a366bf14bc0a68f628f6223508d08981aea640c2f91cb405b44d373e,b5d555de727a22c8,Czekać rzadko jasny traktować mieszkać metoda plama wyjść.,5280d16f9afee507860836bc7d1e3c4f5a06a0e838327c80d0269d768b61c437,https://picsum.photos/990/652,2023-10-15 21:34:08,True
328,Dorota,Koziarz,KOBIETA,dorota.koziarz,dorota.koziarz@o2.pl,a39d72cc458c4774ca0372232f6ef58cec4f56d399b30c6924e3b670164792b4,3f450cafc58ee58e,Szereg rynek no.,eee1c1ade6525d2463185a68156723b98306835f88a8d988c82fcf6d8baf85da,https://dummyimage.com/422x138,2025-07-05 11:23:00,True
329,Marcelina,Szynkiewicz,KOBIETA,marcelina.szynkiewicz,marcelina.szynkiewicz@onet.pl,a829363f521c6af1b612b53f0fa951315092318c2912947fd9f14d271ee8c212,a953baf99b9c6f4e,Ostry alkohol biuro ksiądz.,5e988b47a5edae7ab192249ece25c72b83caca3cf04b9a1982adb2f46c04da1c,https://dummyimage.com/811x851,2025-09-08 03:28:58,True
330,Jan,Żółtek,MEZCZYZNA,jan.zołtek,jan.zołtek@gmail.com,cc3da3ce295f60fc5ae19f0d85603f87fe6ca92aee69d197318b581e05473c02,065d9f5f53d62483,Nigdy prawo prowadzić tłuszcz sok organizm.,0addd96eb9e1cc6bba6000d257945d8d6cfcda7e2d61a8274dc420bb299fd1c0,https://placekitten.com/526/556,2023-02-01 02:48:15,True
331,Nela,Durlik,KOBIETA,nela.durlik,nela.durlik@gmail.com,62e4ea24b0c3a21b34ef7d10e79a2580fe0aeb686525bcb27483f2bf319c1b65,03a1ecf132e10ee8,Przestać jazda surowy.,997be7cc3ae0466082af96a62f6683874cfd600719a2ad1f673f93554c723d16,https://dummyimage.com/767x565,2022-08-09 22:52:46,True
332,Inga,Jaszczyszyn,KOBIETA,inga.jaszczyszyn,inga.jaszczyszyn@gmail.com,5a2d433664adff18dc8c7adb9236d79611b10f0e198983164e17ba8b55fbab2f,f9b6d5f6edf2e8ef,Szósty położenie zasada wywołać Jan ciężki liczba atomowa.,06b48ac28d41c3f45e026414c247065fbef89fd4f72cbcfcb4690e24c4aead62,https://picsum.photos/608/874,2021-01-26 03:18:51,True
333,Kamila,Choroś,KOBIETA,kamila.choros,kamila.choros@gmail.com,f845365f882206e5c443b860fc0a605d18d5b2755431ac7c29f3b2afdb426897,4a94314c28dfaaf5,80 tydzień dół Węgry majątek cukier rower.,e0117b55a4017803f61af8a91403672da2a90c12d9e73a64ce6f799b52274587,https://dummyimage.com/195x1016,2024-04-14 00:53:49,True
334,Bianka,Ważna,KOBIETA,bianka.wazna,bianka.wazna@onet.pl,60fa2c9ec40ec2799084c872cb5ffce86ec072299f7abe578f2f843ce8950958,542fcd08c6d78dfc,Mrówka nóż dobro.,4c5c8e0dc745b2248f961dc212509c410f244874f859b781da80b8cebda43bd6,https://dummyimage.com/150x490,2021-04-23 14:24:43,True
335,Fabian,Jeżyk,MEZCZYZNA,fabian.jezyk,fabian.jezyk@onet.pl,37ec9fdfe36f149000d8c0f5d1addd324e5138f4e47e67db43e88d43f4b2b0a7,2cf21766abcf091f,Poważny pożar źle masło przebywać państwowy źródło.,43d8c1ddedb0cbabb2123a1cd36dd35f7a0680ed3503413f2348eab4a2202c54,https://picsum.photos/850/162,2022-10-04 22:50:32,True
336,Melania,Cierpka,KOBIETA,melania.cierpka,melania.cierpka@interia.pl,13ee3f4c0a153e032f92bcb515c9f701a19fb185fb86cf253d2e642b0095aa8f,d45c86adefb4f2cb,Przeszkoda praca tydzień bogaty ta ich.,1004cf756f723cc0d6a5782513b811160ba98534b09dece054a217d1c20d52f0,https://dummyimage.com/65x271,2023-03-07 11:41:47,True
337,Andrzej,Owsianka,MEZCZYZNA,andrzej.owsianka,andrzej.owsianka@o2.pl,b6bdc87ea3ee91879f44794a09309305c9bd4c667ce2da04f5f24afabc0791b3,6c0e7f28f61cb54e,Naprawdę umiejętność poczta włosy złodziej południe.,87f50740460863b4db8f02b8b39bb89761a59743b3b88d6903d6cfe7d33c2362,https://picsum.photos/246/450,2022-10-08 01:51:07,True
338,Nikodem,Drożdżal,MEZCZYZNA,nikodem.drozdzal,nikodem.drozdzal@onet.pl,5f6db82d82e20b9f366718de3251e09cc3f3149d6fa7609a0bf8a52bd6573e64,1f8158136a8321fb,Kierować 10 rasa prawda ostry.,9a02945c8d9a38f2ee8102753363123956fbf48c91fe7270f966a2b228616f8a,https://placekitten.com/148/62,2025-08-18 18:14:23,True
339,Konrad,Malcherek,MEZCZYZNA,konrad.malcherek,konrad.malcherek@onet.pl,a4d96af0b9b7f270c0a7fd642cd65f627a7abecbbdee8fd4fdce9b203a28917d,038d9859bfb1f380,Głupiec r. długo śmiać się kilometr mierzyć strata.,225ff9db89287d689ba931291deb628b3602a0ae2feff14d58d99d47e4df68c8,https://dummyimage.com/340x639,2024-09-25 19:11:46,True
340,Krystyna,Koss,KOBIETA,krystyna.koss,krystyna.koss@hotmail.com,c124bb19c427bbf936c0359c783756e59180fbfe2febcdb89512c97ddab2a098,7622f8c1cfdde10c,Praktyka dać się przyjechać rodzinny przeciwko sos autor.,2902025902aba5ccda529483dae486f446a39a818d6a7d9a19dc7a21e23621f1,https://picsum.photos/1002/326,2024-06-18 15:57:24,True
341,Stanisław,Szymonik,MEZCZYZNA,stanisław.szymonik,stanisław.szymonik@gmail.com,b33a76aaac9b4931d0b672800f2f322dd5683226c85e96c6cab664989ea36bc2,988e69155fa412f0,Walka zostać strój usługa.,70936b96c7cd135309cf5f70387e37010652fdc9db9802653da9742df20c80d6,https://picsum.photos/836/477,2021-11-17 04:18:34,True
342,Mikołaj,Buza,MEZCZYZNA,mikołaj.buza,mikołaj.buza@o2.pl,e364b28a3c4fc11a4330e969335a14de9695e1a4e9c3fbf92b823d7e701d3e66,bbc5a0c33247ce38,Samica po prostu zamykać film połączenie butelka.,4fce8203ecee302843a18980f0a55263dc0d73b28a89cb5729d90d235c37b091,https://dummyimage.com/271x747,2024-02-15 23:05:29,True
343,Adrianna,Obuchowicz,KOBIETA,adrianna.obuchowicz,adrianna.obuchowicz@o2.pl,c696f8afe42b98c25540d5921a8477f09d44025885489f6a7d7f827d422ad88f,9155a50f30f681b2,Staw my deszcz narkotyk strefa urzędnik.,9aee43fa85dc8c76bc7c09fbce322bc074544e3f13b04749cd2acce834288da0,https://placekitten.com/253/91,2022-12-08 17:56:49,True
344,Igor,Arendarczyk,MEZCZYZNA,igor.arendarczyk,igor.arendarczyk@gmail.com,c1969f86044b282a278c925e4cc6f6d0d86f48114ec83cdf2eb859a4a57eb6a3,f5af838d74320e46,Ocena umieszczać błąd kostka.,030a6e2602266bfde3684c30bcb3ce8dca02f183b21f46bd1e5113b30def9baa,https://picsum.photos/425/280,2025-12-17 07:04:27,True
345,Justyna,Grygorowicz,KOBIETA,justyna.grygorowicz,justyna.grygorowicz@onet.pl,7c9b3db13c7c233f5b650105e614f6994a9487e92612dfb325d7932345efaef5,e92ba10a1f61ba58,Jadalny dopiero nocny Azja dziób na zewnątrz.,b7b30d6e4f8c864714bf46cb6df3e5cc89c91af4ac4f31edac07cdf1f9090d4d,https://picsum.photos/468/472,2021-07-16 15:13:39,True
346,Arkadiusz,Grzegorzak,MEZCZYZNA,arkadiusz.grzegorzak,arkadiusz.grzegorzak@gmail.com,0ae307abbf68d7ba52ff7c4cfa5038a695368b6fa78dc6f58aa2173f43388cbf,4f5ef762a0f9941b,Umieścić często surowy żydowski opinia.,0f2907ce9dfc41381d6039cd054f8cb33c4ab2f6520210035e2a32b04bc2b7d3,https://placekitten.com/43/162,2023-02-08 10:16:34,True
347,Gaja,Ryczko,KOBIETA,gaja.ryczko,gaja.ryczko@yahoo.com,0771049620aedb6d39065f5399abb326fb13f4da7960d2dd95d21d69e8937acf,bc84850a3836b65c,Włoski z pojedynczy wykonywać istota światło okres.,ec42695b197e176aa2db9d5c6a871f9235845dc931d105f0428c62c02e94c392,https://dummyimage.com/0x23,2021-03-28 13:29:16,True
348,Norbert,Kutek,MEZCZYZNA,norbert.kutek,norbert.kutek@hotmail.com,af99869909621deb75bb64c99c2e9435cb2bd7f5cc429e598402447bb91d44c3,559968fa8064d083,Kaczka być oznaczać ile rana.,85e40fcad898a7f759e4fc630d0926fafee9e7f19d5812e084e81f46cc2105de,https://placekitten.com/873/422,2023-03-13 17:24:19,True
349,Karol,Szymajda,MEZCZYZNA,karol.szymajda,karol.szymajda@onet.pl,c0bd4a2db89432cc26a2daf1c509cd61628f21e5f2589e9852ec2af39c326a21,ac6eea349c56b00c,Przyrząd nastrój zbiór cierpienie.,43c161d2dae1866537301baeda5fe303792f16e5203954880154526b180d201e,https://placekitten.com/941/555,2021-07-05 11:58:17,True
350,Tobiasz,Stosio,MEZCZYZNA,tobiasz.stosio,tobiasz.stosio@interia.pl,4600bcc2d793e97a02da4e1042c8d6501c3c7f11d85720b27d9158e562c48d2c,fa1d31a2febb476a,Wujek nieszczęście maj.,5e5ecd66330c0455b413a12e5f474963e3e56c6a3b5b21c69ee67c40399579ad,https://placekitten.com/489/460,2023-08-24 05:25:03,True
351,Wojciech,Stupak,MEZCZYZNA,wojciech.stupak,wojciech.stupak@o2.pl,b7133fc69b1c2e02f512f491369af61666eca0ff83a91bf8f3e528b4fe233068,6f9421f6eb58a999,Aktywny prawny przyjaźń zawodnik pacjent wokół nieprzyjemny.,ca2db3ecbfaedac3f9eb4d4f63bde7d954352708a6f26ccd6d34187bad797ced,https://placekitten.com/607/741,2023-04-30 11:13:26,True
352,Ewelina,Bareja,KOBIETA,ewelina.bareja,ewelina.bareja@gmail.com,352d15d02bfefa0fa2eac42d1790b2b9781fee211fdac28ad82620fd3f25bf21,f66eede963baaf49,Dzisiejszy pojedynczy zbiór.,dd67f0e03e892e6d23477adb2f99c763b75e75155a0829d80b6544f8fb419c69,https://placekitten.com/203/304,2022-06-08 14:35:03,True
353,Dawid,Rybus,MEZCZYZNA,dawid.rybus,dawid.rybus@interia.pl,ceafe2c6098b998843ed4ec2b00d7c635fcdc423cd0f8e0769fa05c1d04d0f12,32992f0bb01ea235,Czynność wojskowy drogi św. kolumna.,47b7cafabe80e399d81c15bc336d22fac9585215e54399b7cc8337613fb454a4,https://dummyimage.com/362x14,2023-10-11 09:04:36,True
354,Cezary,Wygoda,MEZCZYZNA,cezary.wygoda,cezary.wygoda@onet.pl,885dbe9d950dde810ce05b7af0057f23de76eef7b0e39dac116ad0227ccb1354,4e37e30c323ce787,Jednak gazeta sierpień minuta lecz rana obiekt.,4bc293f1f8c9594d27b43825657b39592592a53f446cc7805090ca01e2f975c3,https://dummyimage.com/551x808,2021-08-15 16:37:10,True
355,Cezary,Kołodziejak,MEZCZYZNA,cezary.kołodziejak,cezary.kołodziejak@hotmail.com,f75bca7184e2be870a98d25b0578a5c8b93e0eead6436371810c46b70b4cf8ca,dce46af308cf058b,Napisać nazwisko głowa piętro Szwecja zewnętrzny r. żołądek.,f751d2a64ac8e9d2e0fdfb83c4f9a6ed45ccc56d1bbab541e3c9444bfa754208,https://dummyimage.com/276x192,2025-05-31 05:04:07,True
356,Łukasz,Buszko,MEZCZYZNA,łukasz.buszko,łukasz.buszko@yahoo.com,a3fe4f83ae5af56c9f2015fe7e15b6505283ed1b6db4474b207e214cc4d8712f,8265dba4003fd0c2,Pszczoła i wydawać chleb zainteresowanie.,bc7ce5b96dc4ee842cdea471454bcc02163e463dff37549b2731627d78b90ff8,https://dummyimage.com/854x616,2021-03-05 07:20:13,True
357,Klara,Kossak,KOBIETA,klara.kossak,klara.kossak@onet.pl,a28a24b7337b677e24e0f21fdfebc44317d835a5c045e5bc68bf147c21719692,ee8b1520cda2cce2,Chłopiec wysyłać wiedza minerał epoka gardło duch.,26a09f78d866d3177f6323029224558a3124b29d84f3e10dbc9cc4d20ccdb8ba,https://picsum.photos/593/853,2024-09-27 18:25:59,True
358,Ewa,Trochim,KOBIETA,ewa.trochim,ewa.trochim@yahoo.com,c3104c8dde8fb39d4172c55175027205ea4da6151d310eb49beed46c5599e123,c8ae2437908f76be,Mózg umiejętność dodatek słyszeć na mama.,4a44dc15364204a80fe80e9039455cc1608281820fe2b24f1e5233ade6af1dd5,https://dummyimage.com/815x625,2022-04-22 21:19:19,True
359,Jakub,Krzysiek,MEZCZYZNA,jakub.krzysiek,jakub.krzysiek@yahoo.com,3f88af1740b72d4841d99ae79148dda3206f85231a558bcb1a2d484185cbaac3,d3d77007376c191b,Zawodowy kontynent wolność.,a77571a79782986fb09a103562d4deca2435ccfaba1456d87bed94692b72b3a0,https://dummyimage.com/635x670,2025-02-10 13:42:24,True
360,Angelika,Pastuła,KOBIETA,angelika.pastuła,angelika.pastuła@onet.pl,cc09f7c38ff74b942514112523751dac03ae7879aeacc1e5dd7b83a7b5cea4e3,ee1fb4bc6c5be37d,Wiedza biedny Afryka łyżka pokarm grecki cały.,cadc8edab738c1df2ce192af17e7d35ebbdcaf075e32ed2cc86f6d97c160dbae,https://placekitten.com/377/666,2025-11-05 21:31:21,True
361,Aleks,Goś,MEZCZYZNA,aleks.gos,aleks.gos@yahoo.com,6ade126233aead0d55e2a895494f5078cc80624c79cfd8f79abdaa279b6ab61a,1b7c3af65eda44c0,Umysł chłopak składać archipelag wzrost.,1bc973fdabf5c721d35b0360335255c8c31ea641c221805c1b9161385f80616e,https://placekitten.com/246/1004,2025-06-30 11:14:14,True
362,Dominik,Kapałka,MEZCZYZNA,dominik.kapałka,dominik.kapałka@yahoo.com,772b75da7c1584855fd967a3448818bc4fcc0406161424711fd7ba2d830d73aa,54d869d726bacfbb,Budować gwiazdozbiór pani muzyka.,bc6955218fef27fc1455c937d5a55451cb898650eaa4570e9dd51c60c60faf98,https://placekitten.com/425/850,2025-11-08 00:21:11,True
363,Marcel,Korzeniak,MEZCZYZNA,marcel.korzeniak,marcel.korzeniak@onet.pl,73bca9f67a0ec6c80a95b80201c42127a5a2340d69ca9135e3a8ad88ad5ca601,f3fb0eb2d3ab59f1,Równy intensywny zaufanie wynosić interes wąski.,4169ffa7762afa672b533643394ec7a3dd7d77d9be5ddf5f6873ccd3a527875e,https://dummyimage.com/866x464,2024-10-04 18:40:40,True
364,Kamil,Kubek,MEZCZYZNA,kamil.kubek,kamil.kubek@gmail.com,fcc7edbbaa4949c4a887ac65e955dc2b1925cecf9b8aa6671ded6bd8ec2df2fd,45febbbf713683e5,Marzec dwadzieścia oznaczać poczta nieszczęście.,3a2e07ff868f60442911bbdb4a7483872876bd4dd92bcc9e24204581fbe33d53,https://placekitten.com/781/471,2022-04-26 09:32:07,True
365,Monika,Widłak,KOBIETA,monika.widłak,monika.widłak@interia.pl,18c12dadcbc5d475492fc82ecd619992ca631128cf408c604661fa5f66e14a98,0ef82ac9e0872a91,Wiatr umieć rower bić chcieć gwiazdozbiór.,a00bea543a70e7e3e75ab73255e2afe79a04925d6291197d48566aca84ad37da,https://picsum.photos/465/851,2023-03-25 09:29:24,True
366,Jacek,Tereszkiewicz,MEZCZYZNA,jacek.tereszkiewicz,jacek.tereszkiewicz@o2.pl,25ea1621a863abd93f3f7d673379f31e1e3976e1f03755b13052db85fd34b1c9,c945569ad92a453f,Wiele morski liczba atomowa przejaw biskup pięćdziesiąt.,bf29d40a37ec57e7d65646de164df045c8a3116f3d772212500bd2527e74d63b,https://placekitten.com/5/725,2024-07-13 14:38:35,True
367,Filip,Wołoch,MEZCZYZNA,filip.wołoch,filip.wołoch@gmail.com,1d69c442886d70c349a7229290cf574d6c80eb71f90438336af85e1ced9df1e5,7b40a85f69c6bc8b,Konstrukcja kosztować centralny.,3a2e07ff868f60442911bbdb4a7483872876bd4dd92bcc9e24204581fbe33d53,https://placekitten.com/23/470,2024-03-05 14:37:46,True
368,Maks,Jantos,MEZCZYZNA,maks.jantos,maks.jantos@hotmail.com,2df13537d4342378ff69f5c1653399927c9a683f1879739cc848d95d45a491bd,0c8781aed27065b9,Gdzie klasztor szczyt cena scena oba farba.,722fafd13251b9025c388d4c67f6c1975136b1a8816012c54c33d9ceb187a4a7,https://picsum.photos/409/783,2024-04-07 14:35:46,True
369,Melania,Zgoła,KOBIETA,melania.zgoła,melania.zgoła@hotmail.com,0d3e6d6d2c0b41c71f4300c75ba275789cf760d4e80b0b59ba0190b5ffa40c40,9392bbe5f88cc997,Przyjaciel szereg Holandia żywność badanie praca.,ece10fa17586c4054ff6dbeb927e4f41be5a4250291b570b27798252ad45422b,https://dummyimage.com/668x983,2024-12-30 01:05:11,True
370,Marika,Łuszczak,KOBIETA,marika.łuszczak,marika.łuszczak@interia.pl,135e16bc6905344a489872ae8076f232ad23655a594bc1bc07fadd2b5e812435,e15342522667705a,Słaby zakon Chiny myśl.,35241abe8e724522c88505356c656f533f4a0b971fb67c9e7544458ce932408a,https://dummyimage.com/648x816,2025-03-03 19:00:37,True
371,Łukasz,Lademann,MEZCZYZNA,łukasz.lademann,łukasz.lademann@onet.pl,3fe09f73d77889374624d72fccadb33320c10aed17c805cbb9f6c37fa5125e6e,7d8a1721a3181452,Restauracja ryż stanowisko.,818ab25fcfd6130f81530d0478840efc9de48ccf992d319547a41735f1192db3,https://picsum.photos/935/266,2024-02-04 15:37:37,True
372,Jędrzej,Dąbrówka,MEZCZYZNA,jedrzej.dabrowka,jedrzej.dabrowka@onet.pl,7eccd21214bf9e44be8f71e3646926c78a0a2cd659a7d63cb9447517eecb33b1,59adc1d47ad1f2e0,Brzydki koło specjalny niebezpieczeństwo strój ci.,7bcad65a18b9d9db7956a4a39c9944428da45e512153a201523f51091849607a,https://picsum.photos/94/260,2023-11-12 03:56:51,True
373,Grzegorz,Cieniuch,MEZCZYZNA,grzegorz.cieniuch,grzegorz.cieniuch@o2.pl,c4862e5589df959178a94013d475466315688d72a1f1d5f45aecbf880fa7febd,743c5d5c4e5aa2c1,Głód wybrać Francja nasiono wspólnota.,00e37ffae0562ab6818d8f4f97457ac5f9679723c1b57f4b371b93f379f1c17a,https://picsum.photos/271/125,2021-01-08 05:02:23,True
374,Justyna,Dzienis,KOBIETA,justyna.dzienis,justyna.dzienis@gmail.com,d6d5c3e1c803983c6d26c87e9c3438bb82dbfc79350eee915f9a09a35e314ce5,dcb7f1bfe90688b6,(…) tkanina łagodny smutek telewizja róża jeździć.,e41ba6702c939f2aecf0813f13e1049e74a8c819e430aedb10088eb72a332eac,https://placekitten.com/163/920,2023-10-10 23:47:16,True
375,Sara,Cyman,KOBIETA,sara.cyman,sara.cyman@hotmail.com,a4452fb7f5311f8fa3d9cd644e5d404b6006ff08b012fabde26828570b09cda6,d082945e8df2d3c4,Używać ryzyko niski sąd bronić korzyść naturalny.,bb08dec272aa6e4708daff2b3e5cbb513bcde5d2d91fa533b1b1fd63c0addf91,https://picsum.photos/23/65,2024-10-12 03:49:25,True
376,Filip,Boduch,MEZCZYZNA,filip.boduch,filip.boduch@yahoo.com,72cea6d507fe9994707d1e395f922fe987a2f3d4c185f97743c1415c9d23d76b,ed124ff2403ae567,Iść powodować forma element półwysep błoto.,034e7eb1887e9186b4988c65ebc22ce2b6ceec46c211336fb312ae2f9e710eba,https://placekitten.com/986/1020,2021-12-04 14:40:59,True
377,Mikołaj,Budzeń,MEZCZYZNA,mikołaj.budzen,mikołaj.budzen@yahoo.com,dc3acea9b8b06e8f48c482064a3f35f4dc5a74b173c1b63187d54a6ca61b31d5,4e525a2b614489bf,Syn angielski pozbawić spowodować wejście żołnierz fałszywy.,92f48fb7e59e64232261becd44825fb994d47d5dec22169bfe8dce0aef407433,https://dummyimage.com/787x172,2025-08-09 17:00:41,True
378,Marek,Wołczyk,MEZCZYZNA,marek.wołczyk,marek.wołczyk@interia.pl,139bfab76e94c3fee8eadc372ae75cb9d8e1500b43babe6b744b3fc1a63d9672,07c68b8c52446273,Lata między przygotowywać żydowski nazywać.,4acb5d021cd5eed4819a0886b2901e2b4f85974fc27d8f4880c27c31873bb75d,https://dummyimage.com/229x86,2023-11-13 17:15:59,True
379,Olga,Dorobek,KOBIETA,olga.dorobek,olga.dorobek@hotmail.com,166800339cdf3608a6c95c003e486126c439b65bfe2713a4d99f95e0c3efc625,0118f7b49f8ef7b9,Bohater natura powieść granica różnica szpital chłopak.,e4c97e2103a237c6f1a0936ab016c2bb1c0ad3722bb3c09faf5f11b543cc96c1,https://picsum.photos/136/359,2024-06-14 02:13:42,True
380,Janina,Ofiara,KOBIETA,janina.ofiara,janina.ofiara@onet.pl,53ac9e7d42af6068290362ccaf4f1e30ba2618dc199855a191bd2fff1374b431,908cb81285891d8c,Czynność przeszłość lotnisko otrzymać czeski płeć strój niedźwiedź.,daf185ff6728d354f8428e8f44e331304c2718755d1e0b917dce6253f3f22426,https://placekitten.com/917/159,2022-08-02 02:28:53,True
381,Roksana,Maligłówka,KOBIETA,roksana.maligłowka,roksana.maligłowka@hotmail.com,b5b1b5f91fa19e359086213940437fc912fe103cdbea18535e1d2b6a81492c49,3e774d31e3eea3fa,Śmiech wykonanie płacić koszula.,ac61d2b8a893439b664d700587a26022c84d18b777e2d093c1e11de57de396eb,https://dummyimage.com/175x688,2025-10-22 12:37:53,True
382,Rozalia,Windak,KOBIETA,rozalia.windak,rozalia.windak@gmail.com,458a50609394d28c3b70e2634894b418745cbb5dd7d4d4670abd92870732275f,204a229694f9d02a,Starać Się bogini przyprawa wiosna mieszkanie ogród dział.,2f8209c47ce8bf41c13b4c2d9af08eca45823149acc7198f5810aeae48e6cb0d,https://picsum.photos/6/208,2021-09-22 09:19:38,True
383,Igor,Chlebda,MEZCZYZNA,igor.chlebda,igor.chlebda@gmail.com,e80e02535412f0b552cef2f3996a38f583f3679c3f09673af51c942a23864ff0,e84767321d3e652a,Umieścić Turcja piętnaście podróż 50 ludność pogląd.,bf8a3d40446337215043072e62ab29d47e12146413af3ba26690dfc52b6c828a,https://placekitten.com/286/121,2022-03-17 13:28:33,True
384,Leonard,Nałęcz,MEZCZYZNA,leonard.nałecz,leonard.nałecz@interia.pl,4e1149dbfbaa50ad9386122758783a043d88b6ca97c2a361dbf6664500ec2f2b,f5cac316bf4e216b,Powód policja członek motyl widok tajemnica pytanie zysk.,35a1dadffafe27481b8ffac2a473d942b08c28d4831686b2d7d958162f2b331e,https://dummyimage.com/80x651,2022-07-26 16:39:43,True
385,Hubert,Bogaczyk,MEZCZYZNA,hubert.bogaczyk,hubert.bogaczyk@onet.pl,4fa980fe8082d8070c88ccdfe161e135852af5d221008c3bdfde913d48fd66fe,2dc0ef7eab94979c,Wujek pojechać wierny zadanie.,13ca2e5d602a99a8c3f310f5d820d41ac4356522c1fe1b3a1a3c65936bddb63c,https://dummyimage.com/729x542,2025-02-20 20:14:53,True
386,Jerzy,Kostorz,MEZCZYZNA,jerzy.kostorz,jerzy.kostorz@o2.pl,0064176f217ab67e7117cdd6ffaa34e333cb691484ad5436ee0c5813492a86f3,bffefc196e7e10a1,Moc własność tak ciąża przyjaciel dolny.,830b6857946c3dc23d1a5aa4d969a1a4b3ad73220dc6730ee334824da13483d8,https://placekitten.com/373/881,2021-08-09 17:51:55,True
387,Tomasz,Brygoła,MEZCZYZNA,tomasz.brygoła,tomasz.brygoła@gmail.com,6a2525a9808a2efbeda349121f4af72e290c19e01e0ff2781ec6b8a31c85de83,61bc272a68dec45e,Bydło całkowity zwykle zajęcie wreszcie.,6995df935fe28f4a47a09af912f3234270a24a67d178243c1cfd649274bc5f27,https://dummyimage.com/677x816,2023-02-25 16:50:37,True
388,Kornel,Hajda,MEZCZYZNA,kornel.hajda,kornel.hajda@onet.pl,51e0c9307d954d95d306d41706d56a4235aaeb28199ba630436d5033cc28a0a4,951fc324c0da335a,Szlachetny trwały istotny.,ec97b753c9738a316617876c49fec0d62c14a7928aabc24dd1ecd6d6de8cea78,https://dummyimage.com/414x535,2023-06-30 07:06:30,True
389,Ada,Fedyk,KOBIETA,ada.fedyk,ada.fedyk@interia.pl,70695359d26c87ffdafd7c76730213304da2c51e12e93c9aa13932e738e52fe1,a9159095709b9d31,Jedzenie metal górny reakcja Słowacja.,018da7211d8d9ed6f7e2bc3dcb8f05dc571a9672298bc3f8e8682b457ef05ce4,https://dummyimage.com/917x744,2024-06-05 23:36:38,True
390,Olgierd,Żuberek,MEZCZYZNA,olgierd.zuberek,olgierd.zuberek@interia.pl,c081e335143abebb6e3b07f67a41587d1cce00e899cf7d00e8934625dbe21e8d,152a115e282adad5,Figura obywatel nawet obiad sklep obowiązywać.,201a5f5cc1e3484ce349bdb631088044215d5466baf2cd64715108101b379055,https://dummyimage.com/903x647,2025-10-30 10:01:23,True
391,Tobiasz,Krzysiek,MEZCZYZNA,tobiasz.krzysiek,tobiasz.krzysiek@gmail.com,704a4dbf13397bb34172112aba62b4468c9cab17ce18094e5909587b428264a5,9d1a5bca96573cf4,Twarz stosunek dane powszechny.,0b0a8a2456354cb08428ee078f4de9332b541a80ce9801b3adc8a0211a59a3a8,https://placekitten.com/322/130,2021-02-27 06:31:35,True
392,Maurycy,Lato,MEZCZYZNA,maurycy.lato,maurycy.lato@o2.pl,d3be44f0b7b44cb0e63f4f38135975ece2bd5544b0f12160631dce4c20e4880f,b514f4aea49e56f3,Nawet podać liczyć wieża.,c71d3c5155b4dcaed7e3e16982d131ac6daf751e654a598852d180f1b42cc429,https://picsum.photos/62/445,2025-06-15 21:41:17,True
393,Angelika,Strzelczak,KOBIETA,angelika.strzelczak,angelika.strzelczak@hotmail.com,6a58aae1f0acc406c73bf9b0c28c0f960164f1544a2463ff2cf1860a87f03676,cc990aaa2a136594,Dzielnica modlitwa olej gardło.,98178edd430f2dd840f9a2a03db1b4c645e7b6e75a5ca0bbe9348fa48cb38fc2,https://placekitten.com/958/726,2021-06-13 20:42:44,True
394,Kornelia,Fryś,KOBIETA,kornelia.frys,kornelia.frys@yahoo.com,67a4433c9c600afef5961a192dbaf2cafc258c8754b9fcd5f83774c3e42bae37,27e736ae9df47627,Warstwa opisać centrum głupi.,11dcdb350e18c650d6ea82db69f7ef26c6e5591dbb57ed293cc4c910c3b93130,https://placekitten.com/62/597,2024-11-25 14:11:57,True
395,Monika,Małota,KOBIETA,monika.małota,monika.małota@o2.pl,eb43a4ab7765d490d0a5809e478c773044a0b7f8af561c703dbdcc5d733a5f29,9cd30924ff88ddf8,Skutek marzec gdyby potrzebny niebieski.,c649f10d70ba5cb3cff59d388297264a71646d0f255a34a7bd434213bd0e58e2,https://dummyimage.com/919x646,2021-02-11 04:42:19,True
396,Sylwia,Korda,KOBIETA,sylwia.korda,sylwia.korda@gmail.com,a621872f6cb9f53dfe7fc40e6ef231eeaa518111173430a81b36212f502ee92d,3ce8d600460e80ec,Rodzina biały ciąża odpowiedni okoliczność.,89af64ad0115d210438be76dbe1eed9049fcfbfa3e4f8822d01f9ac8d73af072,https://placekitten.com/461/160,2022-02-21 01:05:50,True
397,Cyprian,Strzoda,MEZCZYZNA,cyprian.strzoda,cyprian.strzoda@onet.pl,1080b5f0b2e17d88db4497451c4bc7717b38a2c8a01f19f6bb852e7e1ad58728,95c8b76e40f7aab4,Komputer padać jeśli zawodowy ból wydawać się urodzić ptak.,f9194e73f9e9459e3450ea10a179cdf77aafa695beecd3b9344a98d111622243,https://picsum.photos/668/855,2021-05-15 14:25:25,True
398,Roksana,Dobrosz,KOBIETA,roksana.dobrosz,roksana.dobrosz@interia.pl,a40363e045e2b93ec0bcfd8fc9846e1d609cf5fc86f3868aad918a87050f5c95,6f309c07a50624fa,Litera port odpowiedź nie- dostęp.,4be1318c77fef47b85b2e1a8eb79eb385fb85325c04a36380f45a11e65755407,https://picsum.photos/949/948,2021-06-15 17:47:03,True
399,Jacek,Przeklasa,MEZCZYZNA,jacek.przeklasa,jacek.przeklasa@o2.pl,c5fecd191772de02493f0a43c41b17e922cd4d72ef20180317e00b3a5bee8da1,30c2e57d8755d27f,Mózg co waluta gorączka.,5d61969e93fcc4c9f083c24989024a8ccda23e9162f7e8f88e94ed5bc61d75b6,https://placekitten.com/409/99,2021-11-13 10:56:37,True
400,Agnieszka,Rosłon,KOBIETA,agnieszka.rosłon,agnieszka.rosłon@gmail.com,efa03a73bd665af3f2c09cbb573ec35f8725d876c719612a9f524a464de3e790,0f41b190f79c48cd,Uderzać wzdłuż nauka dokonywać rząd gęś.,2748620de4661d7ba67700a84b7fc1c589966530672f42255cd051143cecfced,https://placekitten.com/257/440,2024-08-29 17:07:35,True
401,Malwina,Rzeźniczak,KOBIETA,malwina.rzezniczak,malwina.rzezniczak@gmail.com,fffd9389dd633aa9c78d4f451a4c52d2ba54a8ee75c48a865d3264c99d20d3ef,2cdd9991fce2e79c,Wizyta milion rodzina statek.,dc75fe361e908cd1d75eae288cc405cb3c77f44f47f4238c561fe443bcd32e81,https://dummyimage.com/320x733,2023-03-17 10:42:51,True
402,Elżbieta,Sztuczka,KOBIETA,elzbieta.sztuczka,elzbieta.sztuczka@o2.pl,843572e3849c0a45f5a2f2fa9a72ed3e2df34da3f044ea838e0b3d7696c90057,486bb1ffe4a2d40c,4 prasa różnica zachodni niszczyć jesień znak.,60af65e7a5b05d58bbdbb8a7c450998a87e623fa3175c1c24f84df29242d9d53,https://placekitten.com/204/739,2025-02-08 22:50:59,True
403,Błażej,Pilich,MEZCZYZNA,błazej.pilich,błazej.pilich@hotmail.com,09a010bbbabfa389f219ffca73b08716a73178eb645b14b5507dd41d8626604b,177f48608a4f32a2,2 4 zamek kamień lub układ okresowy lecieć.,72110207b6499adb0ff6cdd294688fbead12ad866c34159f23e0b3e81d369b94,https://placekitten.com/927/661,2025-06-26 21:59:38,True
404,Kaja,Cichos,KOBIETA,kaja.cichos,kaja.cichos@hotmail.com,69026b1e449f7e5178d0e28867fa74c13d191b7f63d18c9b520d9df6ba1abd11,16f5f7f9822325d2,Zwycięstwo reakcja prąd zabić miły.,f1fe15d05a91c2baa837f4eead2b115fdafa77efefa4151929e17f1b2cea3792,https://dummyimage.com/796x987,2025-06-22 14:49:09,True
405,Tadeusz,Miszta,MEZCZYZNA,tadeusz.miszta,tadeusz.miszta@hotmail.com,ed1e67797a8fdb460f01c2c88bd26f897603e6843a5a0c11ecc8b23b734903e7,d7c79dc33c066287,Koszt wesoły powstać postawić.,c1ef40ce0484c698eb4bd27fe56c1e7b68d74f9780ed674210d0e5013dae45e9,https://dummyimage.com/336x437,2025-04-06 15:44:49,True
406,Eliza,Zdobylak,KOBIETA,eliza.zdobylak,eliza.zdobylak@onet.pl,fc2f1d10a197c4e14514a5e2646d3e0e7c5e0d8d30040cae3b3485d0ff201ecb,6df23fb6124e95d1,Wyjść umieć stać gazeta grać Ameryka pasmo.,fda66d87c6c60e42e444f3c85d8e0c495c2316bfcbd8c1aecc12e0d6f1135062,https://picsum.photos/782/40,2021-06-10 13:36:11,True
407,Jakub,Dytko,MEZCZYZNA,jakub.dytko,jakub.dytko@hotmail.com,580ccc765e0a068ac9c50ea2128a6f02aaa381f7a2f6151603f91b762928ea94,223355f02a89de8d,1 ochrona przestać ostatni — na wpaść.,997be7cc3ae0466082af96a62f6683874cfd600719a2ad1f673f93554c723d16,https://placekitten.com/374/399,2023-04-05 15:35:58,True
408,Sara,Pietrasiak,KOBIETA,sara.pietrasiak,sara.pietrasiak@onet.pl,b0327f9166a456954b8dab1dddffd4481ee539030a1e05a64664c8384a02bafd,1a4650ddf4122a34,Postawić należeć gmina malować Dania tłum pióro.,f5e7a3d4cdc66b861a24732dcad2324e712250001b81861b3e6e86e9052e3e20,https://placekitten.com/520/915,2025-01-03 05:48:29,True
409,Alex,Sasak,MEZCZYZNA,alex.sasak,alex.sasak@onet.pl,c4a3cc248220cb4be7aac48fb788e07ceae6a4ff7403b9ea5d7eb2934586cca6,4ea8441c5feb61ec,Obejmować grób autor wspaniały przyjaźń przeszkoda smak.,3a2e07ff868f60442911bbdb4a7483872876bd4dd92bcc9e24204581fbe33d53,https://picsum.photos/254/485,2023-04-30 19:06:46,True
410,Apolonia,Osojca,KOBIETA,apolonia.osojca,apolonia.osojca@o2.pl,d2126907a27b04c2d4f01af3c30a52a9448e971043b9cad04187a5cf3cf94576,66c95a21529afa30,Średniowieczny spać drużyna.,11fd9b8cd5c25b1862155dbc3b3137388d28fdd2c379cb15bed4bc64bdade981,https://placekitten.com/640/950,2023-08-29 03:12:49,True
411,Aniela,Gleba,KOBIETA,aniela.gleba,aniela.gleba@onet.pl,58b2e34ebb0df31b8c16895e5c1b6145a473ef26d8e1dca11443145359bfb72b,efe71274c0983b8c,Spotkać ubogi elektryczny palić policjant zmęczony gaz.,7aa5cbaf97709f47caac984801aec0cd71c4f393178c5e4239c3d10ab8864eb3,https://picsum.photos/802/587,2024-06-04 20:25:05,True
412,Gabriel,Mszyca,MEZCZYZNA,gabriel.mszyca,gabriel.mszyca@o2.pl,e8dc8f71196009bee623dfe0e4614d1c0f52d9460e7cb4eab47618a9376b979f,04f11616c34ad8c8,Istnienie mięso nazwa łatwy.,6bc559a17b9fd48fd831856e3a2b45298fefc8901e74d164adaa7971cfac6345,https://picsum.photos/192/516,2023-10-01 23:45:02,True
413,Robert,Bogumił,MEZCZYZNA,robert.bogumił,robert.bogumił@o2.pl,458c0d2fe349d4f58c0f1d20966688896638873d88020927b60be32f0118ead3,44d37689235648b1,Wiele on jajo małżeństwo czapka noga filmowy opuścić.,c5040b07370b10f643eca6832d18ea287926368bb082611f77dc4bbb8e42323b,https://picsum.photos/342/327,2024-06-27 10:36:26,True
414,Dorota,Hanzel,KOBIETA,dorota.hanzel,dorota.hanzel@onet.pl,55f103bb7ffeeac9b03b3b110457b0fb33269a04c894e27607f2ea6e6b1da68b,6f88708a976a3d26,Oczywiście staw zadanie lina styl rzeczownik stracić pismo.,e4432baa90819aaef51d2a7f8e148bf7e679610f3173752fabb4dcb2d0f418d3,https://dummyimage.com/560x999,2025-04-05 11:08:34,True
415,Dariusz,Pyziak,MEZCZYZNA,dariusz.pyziak,dariusz.pyziak@o2.pl,ad988a58964f7076dcea767ff93fe903a0328e760ddd684aed689d9c16fe8690,382d27cec23fd0e1,Dość list polityczny temu nasienie zaraz klient wzrok.,886ebea7a420e18d69017dfa5716a48704a5c5affc2e8ed378197d2713cc8b7e,https://placekitten.com/707/29,2022-10-08 17:45:37,True
416,Jan,Noszczyk,MEZCZYZNA,jan.noszczyk,jan.noszczyk@onet.pl,48c371ca1df6fce99211798606c1b3d40ddee6c68ed52dd019baef691ef3c2e5,fa54f0f1849656aa,Niedziela pierwiastek chemiczny słownik średniowieczny rolnik wizyta urzędnik.,ee37e9be08c698646c9f546338156e9d68d0205762cfd6ca84d102811c792783,https://placekitten.com/206/832,2025-03-21 02:07:17,True
417,Witold,Bona,MEZCZYZNA,witold.bona,witold.bona@hotmail.com,18fb1667e71368b29de8b7a832a4e153d2bf894bccd6ab0c01290bfe8fbc389b,a85b2e72da4cb385,Więc kto miejscowość pojawić się jedenaście przepis latać.,bd823791d15b53c274056d5fea7bddc6851fdff6547f3871f7be100e5ec1fe1b,https://dummyimage.com/301x1018,2021-11-05 00:00:03,True
418,Malwina,Gula,KOBIETA,malwina.gula,malwina.gula@onet.pl,fe6ab6407db6a4bafec80ff440dbd7ed4e5479b37599679dc3d8cbaaad5f0876,4d68b42508b45264,W Końcu deszcz robota przechodzić lewy plac wybrać.,4525837cea50bb83d42067abd90eed61418e458c9803cc41b2f6b1631fd1eeff,https://placekitten.com/81/426,2022-09-18 08:19:10,True
419,Marcelina,Litwa,KOBIETA,marcelina.litwa,marcelina.litwa@interia.pl,ce2830e4fda2cd0e561ee452bae136feed37bf168b26b6094244ab1d99e48a17,2f17e284b4f2ca01,Amerykański tekst pióro.,608c846157ac33512e97f7237c1f13247af8022f6af6b7f7e563bc7c4179dded,https://placekitten.com/418/793,2022-10-10 21:40:12,True
420,Ewelina,Rompa,KOBIETA,ewelina.rompa,ewelina.rompa@o2.pl,374c46dc56849756677d712fff5d2654c09af544fbf6bf6c3b2503de63838257,6f383a6ce9e885ee,Zajęcie potem wizyta udać się.,6b12880307307ffcb90c23be6687bbcd0c226066ea122f224ca67658e386337b,https://placekitten.com/1010/719,2024-10-15 19:36:21,True
421,Melania,Hanus,KOBIETA,melania.hanus,melania.hanus@onet.pl,c7e8ab8eb48e6aa18deca09d963c69de0132d5264d8ba5e22572a456f2fb8830,7726a7aaed69818c,Zakład zając chyba obraz księga.,6ecdd76d45a4747f4713117be8ab939066b4944603db9f3526f6763e0f4b6175,https://placekitten.com/13/274,2023-04-18 04:38:17,True
422,Kornel,Łukowicz,MEZCZYZNA,kornel.łukowicz,kornel.łukowicz@hotmail.com,1c987bc7697ebdd7a13b281891128f2df2e28685175b1d028a0811ec02653a27,c299a7a20738d4c6,Wieś sala cisza.,51ec026ea4f3ac50c4d4228d28352642b1aa55f96a17dda75591433667443f71,https://picsum.photos/1024/592,2022-11-02 04:20:56,True
423,Marika,Jany,KOBIETA,marika.jany,marika.jany@gmail.com,61f7faa3f325a3017d2503434342ecf5fb8b754c40a4cab6b096e38ee36add03,9d96c03ba1b4bd9c,Kupić sen i USA pod.,dfc2601d3ac572d1231aa5e02af0e85e6876fde1131fd193e23aaff4446f8977,https://picsum.photos/614/457,2025-07-10 22:59:26,True
424,Maks,Kołak,MEZCZYZNA,maks.kołak,maks.kołak@o2.pl,49a8c60dbb74cc9f14def561d6d027ce543ec4b95d478ceef3fd203417138c13,1497f9c282851d9c,Bank niszczyć trzymać dobrze zupełnie wakacje.,3bb90292209fa91a366589c491e58ec0b0d6ec3f7bfbad8a48f5efe77f6eaf26,https://picsum.photos/720/567,2021-07-15 08:04:40,True
425,Karina,Zaniewicz,KOBIETA,karina.zaniewicz,karina.zaniewicz@yahoo.com,f2f1cc82b21faaf828137e3dad870ad88df5643bed22e42809336ba36222a231,d2a20ae3934aac2e,Piosenka 7 około Hiszpania starożytny już własność.,cf049fd7525586d56c3b970028feee930eb2892883142d8213c56eb079fbd667,https://picsum.photos/12/382,2022-04-06 17:16:46,True
426,Tadeusz,Krzywonos,MEZCZYZNA,tadeusz.krzywonos,tadeusz.krzywonos@gmail.com,2ae2b25028dbd540c0f6863199b2850336b17c640fa842e93cc8c990027f1082,7019cf9462abc72f,Szeroki tablica Europa godność niż.,adb7c917d6613d6fc961f0b49315e7f2f63856bef084629a42f555badd0c984b,https://dummyimage.com/669x459,2021-12-14 12:39:00,True
427,Jeremi,Pitek,MEZCZYZNA,jeremi.pitek,jeremi.pitek@yahoo.com,aaaa3ea9f83c2388b03891751eac0f229f1d7c57ac80835e994fe7b02e577d43,96df1c114c8e2f5d,Egzamin środkowy siedem pająk ukraiński bezpośrednio spodnie wodny.,26b8b39918f70369a7c8a8a549a8c32188080b623ee7c8f37072a6de64539e3d,https://picsum.photos/812/758,2023-03-22 20:36:43,True
428,Michał,Pazoła,MEZCZYZNA,michał.pazoła,michał.pazoła@yahoo.com,965dd88baa63a21eedca823f8c3d4cef8eafd940df976d00e2316258dd32daac,ff3d98add73a93f2,Podatek wywoływać lubić duch autor wiatr znów charakter.,90def735669602f5355c206f644adca4357c59b93dd4f060d3377a0aeac71c95,https://picsum.photos/677/532,2024-06-10 22:11:52,True
429,Justyna,Fiołka,KOBIETA,justyna.fiołka,justyna.fiołka@hotmail.com,fdb439ff3b0b60b14b45c63a0e6576ef49e03dc18da350bac08e163b570f7582,93e5aeb89473b6df,Seks użycie ssak pragnienie.,4f9db7f8e5068a3ed09c4bdf2ddd980a290126b497155aba1b4a385622d13144,https://picsum.photos/924/815,2023-02-14 00:43:17,True
430,Cezary,Węgrzyk,MEZCZYZNA,cezary.wegrzyk,cezary.wegrzyk@yahoo.com,18d4b85bca04b48dc68bc54a8efea10dd3fdae86434ca454324920504f80e7e5,f345e1b3567e4aed,Krowa pochodzić sierpień oni masło.,a8567c7b8e5ab683dc66205738e9847df19604b79497bd7460680dd0c45fe7cf,https://picsum.photos/350/241,2021-02-06 14:55:15,True
431,Maksymilian,Macek,MEZCZYZNA,maksymilian.macek,maksymilian.macek@o2.pl,ce1ab847f414b6b879ff29b6e79cd9a80854b08ded888dd34006d10fe7b40acb,a0597d98515ccaa0,Grzyb 40 ojczyzna chłopiec masło.,1d87930946edd92c48ca4ef262fcd9d808bbe35a318e2b8069adcd577ea30fd5,https://placekitten.com/392/471,2025-10-10 19:29:11,True
432,Kazimierz,Suchta,MEZCZYZNA,kazimierz.suchta,kazimierz.suchta@o2.pl,e5e0747eceab8242234c4f6c01154b7073d5c17919a385d1a76ba558c5ca8893,3cb4f8667e6c318f,Kościelny kiedyś zgodny dziecięcy zakończyć gleba czwartek grzech.,8fd9dbf6c8ffd203038702fcc9ef44a54babb01b6afb30f9c686caba26340835,https://dummyimage.com/863x491,2022-02-15 19:18:40,True
433,Kazimierz,Flisek,MEZCZYZNA,kazimierz.flisek,kazimierz.flisek@gmail.com,582e35d39e1303cdecb95de7ede282c15da498c9b2779d0608ee3a79b8b7f4ee,b3e936a1a5eb49e3,Hiszpański pełen tracić Grecja zaczynać otwór sądzić.,932490005175bbd80321bd47513764ddcb0039fdd1b76370b61d2d22a6640cb0,https://picsum.photos/992/67,2025-12-17 09:00:50,True
434,Ada,Zagrajek,KOBIETA,ada.zagrajek,ada.zagrajek@gmail.com,c149a7cbff62e5ab87bd0e34cf77823b7f8d141d6b5bafa1c72bda718c091f41,fe7dc8c9fb4ff870,Lód wujek początek teatr jakość.,ab094e80f8c973ebef734de1fa1156387e259d9d8d85835b26db302ab72d1f4e,https://dummyimage.com/209x1022,2025-09-02 06:14:51,True
435,Franciszek,Potok,MEZCZYZNA,franciszek.potok,franciszek.potok@yahoo.com,b143532d1976e24445fe10d3a5db54af3c3af0f0b0da808d7ef4327d9d188428,2c9b0f69867910d7,Nieprzyjemny kontakt impreza klub znowu zabawka wysiłek.,a2e27fd066c7861776ac46f8da082786adc980a4e12353e487a56f591e390bd4,https://placekitten.com/727/478,2024-10-30 15:33:58,True
436,Julian,Gumienny,MEZCZYZNA,julian.gumienny,julian.gumienny@hotmail.com,cc69bece5f9c6553ef3ea1a45c0da77a7891450588f1312442822491f38c3d72,cddce66aecc3e516,Dokładnie jutro przyjemny pierwiastek chemiczny wyrażać utwór dziewiąty.,c8b16fdd7ca2ee6c5809df9c1c4683dc652db90593352a7ed5488a5d1c5733fa,https://picsum.photos/336/764,2024-10-20 10:57:06,True
437,Angelika,Brachman,KOBIETA,angelika.brachman,angelika.brachman@onet.pl,87e1133eae868b17a87ce8f3918b32bc0cf374eb598b1a1d473822f84fddf42c,374dac35a3c561e7,Pojawić Się południowy istnieć zdanie niski powód.,2d6c9a90dd38f6852515274cde41a8cd8e7e1a7a053835334ec7e29f61b918dd,https://placekitten.com/690/60,2022-10-24 04:44:45,True
438,Patryk,Hermann,MEZCZYZNA,patryk.hermann,patryk.hermann@onet.pl,18470443144b847390ebd25a133109600d5962283342c7dbfea55d01dbef2523,6ddbd42f68524ddb,Członek ilość niebieski poziom stanowisko.,e723bb7ff0c6faa28809e1a03649969465cbb3786853503f1de55b2261ae1132,https://placekitten.com/987/945,2025-06-15 00:24:15,True
439,Marcelina,Joniak,KOBIETA,marcelina.joniak,marcelina.joniak@o2.pl,c4ce1952b4752f2f4e0cbbd827b77b84a11143ace255ace46a77cd5c57bcc86e,e245f956c3394cf7,Wysiłek pożar Kraków powstanie silny kaczka kawa.,cb6e53541e37a1d6076e5b516510607a5f3af6c4c4d7f5ce7ac2ffbd18b340a2,https://placekitten.com/316/13,2024-08-30 18:15:43,True
440,Ewa,Dudkowiak,KOBIETA,ewa.dudkowiak,ewa.dudkowiak@interia.pl,d9e977205701a5950298ed4e47748598fd427a22c719ff0251a4e5b0323d6998,1f613b17c65cdd9d,Szkoła Egipt chory norma.,8a5a836addf3b5424759fcf4e6f58464a8511e8e0e3cd87f4cf405885d985aa4,https://dummyimage.com/55x745,2024-10-17 22:47:47,True
441,Patryk,Sapeta,MEZCZYZNA,patryk.sapeta,patryk.sapeta@onet.pl,3d2871c33d7ea00a125f8fe0ed7fee38ba01970fcf37cd715eeefebaf9f2075f,0c76b2430db5cae9,Przez słyszeć pragnienie naukowy wrogi.,2b7037886c18bac8c6b3d6dcbe053608ccbc8320211f7e3b0d96fa911de35210,https://picsum.photos/235/396,2023-03-17 00:18:31,True
442,Marianna,Hass,KOBIETA,marianna.hass,marianna.hass@onet.pl,db23642fb0a0bcbe6c54d21d3290ab4cb1a07c828c49f2f849532a4e73631079,f2e7cb8b8b30e3b2,Publiczny jądro pełen kościół panna modlitwa.,6a52fa6a81cc96987f42a5d3eba4fe40547ebe9e1c709e81deec8a5fb5c1dcde,https://placekitten.com/769/164,2022-12-04 09:19:47,True
443,Tola,Klejna,KOBIETA,tola.klejna,tola.klejna@gmail.com,64525653d3508781fefccfd157ee82c74005dadcb31a7f15e36d8af306d3881a,affda3204529a27e,Odkryć banknot brzydki spór że kościół łódź abugida.,b33fa45d96914f5cc37a562b7c743ce467d6e344976cbe5c6f6ac31fb9641ba7,https://placekitten.com/702/253,2021-02-06 16:52:36,True
444,Karol,Majdak,MEZCZYZNA,karol.majdak,karol.majdak@hotmail.com,b93d95556a0f3ed254b4ec9cc29caaa52fecfab604b436cffdfb2e0ca9572036,ae8cbf3826bcd226,Wybór trudno zarówno obszar.,17bdbfae4773881d7c9ae6eb74ea0434aed673bac4b8bbfb34a0b12cf8cb6e91,https://placekitten.com/737/193,2023-10-19 05:22:44,True
445,Aniela,Perczak,KOBIETA,aniela.perczak,aniela.perczak@o2.pl,acc1d5304308279b5f0475491a8046e13c977d35774f5b4fbe9c5df4b20431cf,58641af9813e9426,Ostry wskazywać mąka mieć ponieważ hodować towarzystwo wróg.,6a7e65f3c2755728fe43765daa01f7f1a4c117fd31ecaa0c0aefe7c4c9a4270f,https://placekitten.com/663/713,2021-05-18 06:13:00,True
446,Stefan,Kozok,MEZCZYZNA,stefan.kozok,stefan.kozok@onet.pl,30775bdd9db52c82e0363d001b08204463343fd89aaa25ca5116f44f6c6888dc,ec6a036c40fa2cd7,Odpowiedni zachodni pomysł pojemnik.,81c9151f26a78d7f68690820ec6209569c6145183852522bf3741a169539f3e9,https://picsum.photos/861/217,2021-03-31 19:00:35,True
447,Cyprian,Migda,MEZCZYZNA,cyprian.migda,cyprian.migda@yahoo.com,e6b3c46dc1e6f791b45308e4705a1c8d2af61276ba9c26831befc9f67f3b5423,592840007675f392,Zajęcie ogólny chwila.,336ab0106f42b78f530ebc7cfbb6aaf25d909fff0abaf6cf449618915ea3a243,https://placekitten.com/955/131,2021-01-18 19:54:30,True
448,Inga,Chłąd,KOBIETA,inga.chład,inga.chład@onet.pl,27e187650f585365020e13469757ffc04fa2a44a87b8c505217146f5b9df02ae,08a96a7582d7c1fe,Mówić ludność mur.,678ab9f3e0fe7f8bad21d461f1901d2b5f2ae83d53a12521a8fbc659d88e3cf8,https://placekitten.com/837/539,2023-11-16 04:30:08,True
449,Sonia,Strzelczak,KOBIETA,sonia.strzelczak,sonia.strzelczak@gmail.com,e7f3b57f05ba16ed48276c3132754cce0ffcda18483c46c714fa0f9fc3734b29,0b73422859c22af6,Studiować powstawać pracować przeprowadzać małpa korona.,3824035a4bb7f87d7c6391646bd03edc11561b68d936779097825d6fa7a84da8,https://dummyimage.com/961x436,2024-04-11 07:06:21,True
450,Rozalia,Bartłomiejczyk,KOBIETA,rozalia.bartłomiejczyk,rozalia.bartłomiejczyk@gmail.com,a5ca062e1c4ee03cb9e4673206f49c48ca77d440acc3f6f0dc10cd5084a7f938,d816e05b6c0348ce,Plac ogień pływać trzeba.,28368997d04f029ba3f95b1f5aa64a4c8b492c806e2d4005e087f2296000cc94,https://dummyimage.com/962x701,2022-03-11 22:12:32,True
451,Janina,Świech,KOBIETA,janina.swiech,janina.swiech@hotmail.com,a073bb07ee0d664e555a2fcb42ec52d5fe0029b4431bf4ce745e58a372bb161b,0e3cf2590908ff47,Życie trzy powieść.,4f798fca9033964e0f0894752ee2ed14bcd56fd04d8f3c647803b42c34425835,https://picsum.photos/200/13,2023-02-20 21:53:58,True
452,Józef,Trybała,MEZCZYZNA,jozef.trybała,jozef.trybała@interia.pl,b51cd9e5e6f025d8970ff040f2ec5d31666847f821528f32ac84d34347873b57,d18cc9c74e7a0cd8,Ciężar pacjent przedmiot drzwi.,5504fb4d56e1af23f4013d6107de4be36216c694fda7003e6ed0ec6cedc97ca3,https://dummyimage.com/356x268,2024-08-01 20:46:10,True
453,Tymon,Bittner,MEZCZYZNA,tymon.bittner,tymon.bittner@o2.pl,48615c298f5d37a5df316d6ee8c00665445a094559950755a79fd84e96a2315a,a6f1bc945c832b18,Azja późno kierunek mierzyć bitwa Afryka.,80a9e89db9fe612238a8f99a1557ab30b10a0a99097a3d817cc4d81fe0f701bf,https://placekitten.com/970/705,2025-09-02 14:47:34,True
454,Kamil,Wichłacz,MEZCZYZNA,kamil.wichłacz,kamil.wichłacz@hotmail.com,f66e8ab1ef70c6870bfe32c4f2dde51fa0fd8c2664a368874531488d2862088b,3c2fcc93cda6dcd8,Ona fakt bank niewolnik dobry ziemia przedstawiciel minuta.,4fbdb421508ef79a32f6ef5e7173a5e1e36b607e344518dbc3cc58635d0db6a9,https://placekitten.com/275/397,2022-10-30 00:19:07,True
455,Filip,Krysta,MEZCZYZNA,filip.krysta,filip.krysta@interia.pl,e4fcf964aea6cec751fcb2a25744b2aa39e31e7bdd0af9b0c854af957e7b8d26,61efbe758cec8659,Dom chłopak powoli przeprowadzać należy wieża istnieć.,932490005175bbd80321bd47513764ddcb0039fdd1b76370b61d2d22a6640cb0,https://placekitten.com/165/997,2022-10-17 17:25:31,True
456,Aleksander,Szachniewicz,MEZCZYZNA,aleksander.szachniewicz,aleksander.szachniewicz@interia.pl,e2fb6cf8fa7137a63ffe1e9495971aedc464f3c5f81b1e97f695d67d9200f05d,0a3adf2f046d595f,Udział polski zimno spaść.,aa8d8283f3ddb741b95217cca37bfbcb8a8ba9fe70cd112e3b25c07b53654f9f,https://placekitten.com/1019/470,2025-05-12 01:53:15,True
457,Aurelia,Tywoniuk,KOBIETA,aurelia.tywoniuk,aurelia.tywoniuk@onet.pl,8fa6c2ee68e38b990a78853474de8ab69a0e325453baea523dc339c161e74592,6284883aa683b951,Chiny artysta sylaba francuski 7.,1e09062a43327744b3f2a8e8496d28968dc502138abb68128da97f80139d3cd5,https://picsum.photos/812/262,2023-09-17 19:03:48,True
458,Sylwia,Borczyk,KOBIETA,sylwia.borczyk,sylwia.borczyk@interia.pl,c76d2da66e24217c8194787e6e39e9433a7b025ecd47601a1143b4f2e4584c13,f620ec8aee788b9e,Łatwo stawiać styl zbyt prezent kraj.,35bba8f3cdd9654b031e49bc9113818ed535711c0a83f867b6b80a1973b126d1,https://picsum.photos/144/392,2023-09-12 08:56:12,True
459,Dagmara,Pietryga,KOBIETA,dagmara.pietryga,dagmara.pietryga@interia.pl,c6ccda23c37525394b809b0a933fa1f612cb722700875b028c48f51bbc06e7e9,c5abd8f472561c44,Maszyna wiadomość jakby opuścić czwartek dusza.,d59fb47e98acb305b5493b8513ee1cb9206bea0c3290710d48addd7b2aef3e5d,https://dummyimage.com/520x233,2021-11-02 18:13:43,True
460,Andrzej,Herok,MEZCZYZNA,andrzej.herok,andrzej.herok@gmail.com,19a1a0637bdeac95fba0849abec0793ff0d59452a1202595be95aa88d68ac75c,3d9a16818bf32be0,Stado koszula otrzymywać statek gałąź węgiel obecnie.,e0fb6e6c6305332dbd13cc4d4ee1f9782b60609b633b26510df200e9c311ea23,https://dummyimage.com/200x93,2025-02-17 08:59:25,True
461,Fabian,Orwat,MEZCZYZNA,fabian.orwat,fabian.orwat@hotmail.com,bedf3f9a60a54321fdd2ebe9e2908957c4bee3122f49b611c4782c2aa1ce9e05,98ba6064ee475628,1 małpa mnóstwo.,4b227777d4dd1fc61c6f884f48641d02b4d121d3fd328cb08b5531fcacdabf8a,https://dummyimage.com/843x406,2025-05-24 06:17:31,True
462,Roksana,Burchardt,KOBIETA,roksana.burchardt,roksana.burchardt@interia.pl,70344e07d50b06bde24b344055d8e02fdf4530cb77311bc24b783077e0650a4f,2a26d4084b22d502,Rzeka pora powstać płynąć wiara surowy rada.,94a887763b36e6dcd69b31b1a06721c0b0299b74981d3edb795aaf5cf74265e7,https://placekitten.com/1000/616,2023-12-07 03:34:33,True
463,Bartek,Burzec,MEZCZYZNA,bartek.burzec,bartek.burzec@interia.pl,483f95f701b89813605715bb6bf9f16d3a704fb0334314a8dbc73060090fe04d,bbedbcf5e1bc4c59,Uchodzić papież z krwi i kości jasny.,3e8abece7b0ba288845a7b28c2fcde47a05f3910d4cfeca6684210ade0dc7793,https://picsum.photos/651/368,2021-04-07 11:41:49,True
464,Sonia,Stelmasiak,KOBIETA,sonia.stelmasiak,sonia.stelmasiak@o2.pl,dbd72177896c6e496d79a7b05554ffc3b4568c8c5156a4e0fe2001114db5f82a,1d47fc3b9ed48aa6,Jakby sól świadczyć miejski uprawiać śniadanie za pomocą.,f4e6960687f52aefb2ad8d9177b06b1bdf40e8528acb5d34c184f8ebb2717436,https://placekitten.com/669/13,2023-07-03 05:41:41,True
465,Mieszko,Nowrot,MEZCZYZNA,mieszko.nowrot,mieszko.nowrot@yahoo.com,6d031bba2dcfdd7a4fae63e7eae1c78e96946daccf82d75fec7a55d8b5d30b2b,b72f0384d6e60631,Dzielić wyrażenie zbiornik urzędnik ból charakterystyczny mieszkanka miejscowość.,8ee45be107dcb490b6123bb858997fd86dee389ab1a4b7b4def56175a78633e4,https://dummyimage.com/526x921,2024-08-16 04:46:25,True
466,Andrzej,Fiedoruk,MEZCZYZNA,andrzej.fiedoruk,andrzej.fiedoruk@yahoo.com,9ec25deeaff7f11b6db5a39f976f2a30bcc9be6de368f1b3895167066fb4843e,d06317fbb2e44497,Jajo łatwy poduszka jednostka.,a87f6320960fb8a86113bbc2118ead45a9c31fcef30ec6b44ca8f630f630f734,https://placekitten.com/386/413,2021-01-24 02:21:12,True
467,Dariusz,Piwek,MEZCZYZNA,dariusz.piwek,dariusz.piwek@yahoo.com,0d90b7c34de4ecad9cd6bf79a2f76fe2aa47c53310d1054b8650ed328bbae39c,fa211ea6c0bee07a,Znać atmosfera czyn most zakład.,b202364fe63d6b2e9aad189a0ff732b08e3ee19c69942e621c29623e2d561e69,https://placekitten.com/969/920,2025-06-29 09:14:21,True
468,Anna Maria,Krzywonos,KOBIETA,anna maria.krzywonos,anna maria.krzywonos@hotmail.com,674ef3b1f7846b48b7f9776031f72cd6c45deb778813b48a15e3d59c61590791,279d92fec4758511,Gwałtowny rodzinny roślina obecnie tor plemię.,019395f2f14a4510d16e32f3741500ee4138b9377b1a6a74c0eda36c5ef36b82,https://picsum.photos/730/707,2024-04-03 04:08:37,True
469,Ryszard,Pelka,MEZCZYZNA,ryszard.pelka,ryszard.pelka@hotmail.com,82f9cfc97de4a278287c09c355a2315d16f80ac890af22756cc422fb09ffedbc,b6cf60fa4557126c,Związany przygotowywać szklanka polować plemię.,33b8836d09680c32764bd2adea472e039fa83298afd1acac4e48db1b546808cb,https://dummyimage.com/357x910,2021-07-08 12:20:59,True
470,Maciej,Romańczyk,MEZCZYZNA,maciej.romanczyk,maciej.romanczyk@onet.pl,3f1770cfd006a4ac19c0b444a2a52ca9edb1106b382994165f1d4482b7bc3ed9,5ca728bb96f89788,Dziura ta bilet spadek połowa wzdłuż.,c25c5fee731bb3b9448e4475edbec1059072dc267c4a9d125eff92d8a11fd8b6,https://dummyimage.com/179x307,2024-04-13 09:17:31,True
471,Karol,Zapiór,MEZCZYZNA,karol.zapior,karol.zapior@onet.pl,9b1b39b4f9957c550d4d14287312c053f123ba45333d054ced0abba63ef0a70d,6b0e8f44f8a6fa1a,Liczny czyn roślina stracić gałąź powstać żółty.,449c04719a01d7ac26bf91803e9522b4f06870352ee98bce26f91adbf4106e42,https://placekitten.com/609/399,2024-11-13 22:32:01,True
472,Julita,Jantos,KOBIETA,julita.jantos,julita.jantos@onet.pl,306d2a97204c7d6023e34d91a69de8190f15c8a5fde0004073d32ebfd3a3e1a5,27e06a778c37864e,Róg miasto właściwość szwedzki obszar.,5fd14d7455510d82d8bba3d865f861475c25ae586bfef03d46a43a7fc5d58143,https://dummyimage.com/986x73,2025-03-10 00:19:54,True
473,Kornelia,Potyrała,KOBIETA,kornelia.potyrała,kornelia.potyrała@yahoo.com,9595159264a8ed942d9efe682987e09fcf956573b3c44600ac17bc102e57afad,2a60b3f619e80932,Wybierać bok zgodny rower ten sam oficjalny wujek farba.,cea48b15697d7107a26babe680d4cdb668648538a4a235de498cf569274fcc99,https://placekitten.com/891/847,2023-02-15 02:35:48,True
474,Mikołaj,Karol,MEZCZYZNA,mikołaj.karol,mikołaj.karol@hotmail.com,c4cd84b5d3e04be9f304f2503a9ff315c3b5c26b951991cab7f3470ed70f2d79,6cf7fd0ff0f0c59e,Tył życie zapalenie potrawa.,61d0363636742ebdf52fb2e5d9019d3228dd4e8a44e48c79a2d9095a2512b85c,https://dummyimage.com/355x798,2024-12-20 23:46:22,True
475,Elżbieta,Wawrzyk,KOBIETA,elzbieta.wawrzyk,elzbieta.wawrzyk@gmail.com,376534832f8ae6a4808db3fc585c8e629ecfd570177ee6c774cbcf31d582b1eb,935f8832f33a1b66,Życie waga budowla.,ae52ca9ac252ac07986118689ef76e0a1945fc55764a81ef178154ef5fd7e72c,https://picsum.photos/606/844,2023-04-05 22:02:45,True
476,Monika,Frukacz,KOBIETA,monika.frukacz,monika.frukacz@interia.pl,6fde194c872e2052a2b41214ed1c5a33b8529dd439ad88363867ac8d1360f5ac,458e9f41cd18fc3e,Zdolność opinia 5 Kościół pewien.,c0e273ac2ef7927e750d19979b9922b292102bb4ce4889634db3a955633c3603,https://dummyimage.com/517x154,2025-08-19 11:26:39,True
477,Robert,Nawój,MEZCZYZNA,robert.nawoj,robert.nawoj@interia.pl,4e7550f133ab925502e35ca3d73705cf0251f40c2119103a3bb5d8103c612c7c,7d684c0d68546fa8,Literacki wschodni alkoholowy na przykład.,040c739dabe7d76cc9c8e86dc5b60447e04b57342a0331320814ff99ff480588,https://placekitten.com/697/864,2021-11-02 12:50:15,True
478,Ksawery,Janoszek,MEZCZYZNA,ksawery.janoszek,ksawery.janoszek@o2.pl,266d26b5ec01405e72d0d627d9b2f6bef8f4ed8d8c8a42cfb6bf5ceeb1aeaa4c,7545042b849cd166,Pieśń sport partia niedźwiedź szanowny korzystać szkło prasa.,6b86b273ff34fce19d6b804eff5a3f5747ada4eaa22f1d49c01e52ddb7875b4b,https://placekitten.com/833/156,2022-09-30 16:36:00,True
479,Dominik,Organiściak,MEZCZYZNA,dominik.organisciak,dominik.organisciak@gmail.com,09b5636dd6283f85f8945a81ab5dfe3f56eea019489e1c9aa0d15a910ebb066a,e45942d01638f312,Nie niedziela lewy profesor zawodowy poziom.,22b6408989ed0e885c3202842c61c4f60249c440c19e9ddba80ab015d3b79d41,https://placekitten.com/397/633,2024-10-19 05:32:20,True
480,Aniela,Goj,KOBIETA,aniela.goj,aniela.goj@gmail.com,a8cf5338b02b72fcabaa52c3a9f539cb12535e015212d521f07248fce2403bc9,cd5294f7e11af16c,Zdolny artystyczny stół 0 dużo.,5606f358625b86940e882af0086a86beb1781943900a0919cf75eab3aa0c7de1,https://placekitten.com/1019/972,2023-03-06 18:04:22,True
481,Tola,Łaskawiec,KOBIETA,tola.łaskawiec,tola.łaskawiec@hotmail.com,4e13de5495344dc5532d83a2e93f16a016474df52d98f6a1138ea0ce261b7e40,b7cc48b717c7bc0c,Sytuacja muzyczny aktor.,55fd188cbc1b78671bc4247f9647038884105db2c4b264653e396d421a59f491,https://placekitten.com/609/549,2021-11-27 06:55:28,True
482,Łukasz,Lemke,MEZCZYZNA,łukasz.lemke,łukasz.lemke@yahoo.com,86702d9ac72990a737493e5a3d8c999e8acd1ffec02f25861c80004fb1333a8a,532efd44810179ea,Pierś położyć rosyjski mocny.,18601b74a151e8f4d3996f54a0f5045180a4c757aff6c2d0d2e04ce6069c867a,https://dummyimage.com/49x617,2023-12-25 14:46:01,True
483,Tymoteusz,Szykuła,MEZCZYZNA,tymoteusz.szykuła,tymoteusz.szykuła@hotmail.com,64d5b49a4daf546e6c8ff1a570fcd046e75d47513938a4d7238b49e533a116b3,008410cc459b32c0,Majątek krew amerykański wrażenie.,a4488dba99c4e36e917f100aaa597e887a62edca32e8e675ae4d64c8af30ed39,https://picsum.photos/48/797,2022-08-07 10:58:45,True
484,Aurelia,Nóżka,KOBIETA,aurelia.nozka,aurelia.nozka@gmail.com,37a3df2450ae0f689ca8d32088a792a934f4be9942c67792242c8eee34a9c8fe,fd96f0dc736a1508,Grudzień marka wysokość zły.,ec42695b197e176aa2db9d5c6a871f9235845dc931d105f0428c62c02e94c392,https://placekitten.com/828/956,2022-10-29 02:05:44,True
485,Liwia,Syldatk,KOBIETA,liwia.syldatk,liwia.syldatk@interia.pl,8c769b6b23de1b9764fc2e82cb04ba992fe56503e01df6ca8edab7b293b8a991,bdac7ccd782a9832,Terytorium bank woda.,e14348f31712a2b906a52d2fbcfeb1ae17cd2ad5d8652e539d698e42f0bbc157,https://placekitten.com/145/513,2021-07-22 02:36:26,True
486,Monika,Kliber,KOBIETA,monika.kliber,monika.kliber@interia.pl,c411f90e2a3ec55eb2ae891d23094d45b651d57224bda53bed079e1b26745648,190175edcf3c560e,Pierwszy plaża ci obrona.,7204aff8eb76a75a1cbc5926c6195310338a6ca23e7459764399f4c21760aff0,https://placekitten.com/335/973,2023-05-07 14:54:26,True
487,Jędrzej,Romejko,MEZCZYZNA,jedrzej.romejko,jedrzej.romejko@o2.pl,803a613b8699dc5f5b766d07a39bfcffc008251d24874852e575288417d4ce4f,5d4692eb21f8d7b5,Wtedy powstawać wrogość pogoda ruch.,40510175845988f13f6162ed8526f0b09f73384467fa855e1e79b44a56562a58,https://placekitten.com/424/906,2025-08-12 06:49:25,True
488,Jeremi,Smal,MEZCZYZNA,jeremi.smal,jeremi.smal@yahoo.com,592dde6d377833dc50f7c5d6ea2c134dfa58fddc802969d4d4667f9be03fbe43,71fa49a4b0033750,Autor stan sądowy teren dwa sprzęt USA.,4b157c4c5c4ac336c81aac6f393c3ae809199af5410c9acaa412b9836cae3089,https://dummyimage.com/824x433,2024-08-23 13:46:03,True
489,Julita,Bieleń,KOBIETA,julita.bielen,julita.bielen@hotmail.com,68f754b0ccdbf6ff6ab781d6cace398beaa39ccdebe18655ecdd48468eeeb771,25e00b72703d57c4,Dużo aktor ssak aktor.,cde008d5d58790e38f5fb56d136a6eeb72c2f5b39214c725999d8ae13925e0b2,https://picsum.photos/299/255,2022-07-27 09:01:26,True
490,Adrianna,Oleksak,KOBIETA,adrianna.oleksak,adrianna.oleksak@hotmail.com,8af5a8083cb5d3f223dc3cccc5a4bef7f01b74e462e09fee5f1ba61769269992,9e8bd691fe2e1839,Wysoko budowla anioł profesor prawo rodzina po prostu.,92528e79fa25af34e28b7bb4d3cea555ed7e086407c355eb8b231ae5d36ef353,https://dummyimage.com/935x666,2021-01-24 22:39:09,True
491,Kazimierz,Gorzelańczyk,MEZCZYZNA,kazimierz.gorzelanczyk,kazimierz.gorzelanczyk@gmail.com,a21a041625ff0f8f9f116ecff7fa72cdd0754395c081b966c1a0e47649abcb16,a75a47677dda36cf,Otwierać cesarz jednostka bycie brat związać styczeń.,96e3298e8a5c2e8be8e7a9cfb03b142911bd1ddc67a96132464e7ea842a10902,https://placekitten.com/676/331,2025-04-01 11:32:32,True
492,Bianka,Przybycień,KOBIETA,bianka.przybycien,bianka.przybycien@hotmail.com,f20e91bfa028aa0c91591f8d7717b42d63d8253b0fdcd641b0d9c65b36a60b7d,6f803083b7abdfa5,Mój studia biuro wodny pozwalać przerwa gospodarczy.,8191587cda863a97ac7df41e0ff1bd9fc193b87c9c958c0c1518da038d06890e,https://picsum.photos/432/574,2022-07-10 17:31:32,True
493,Marcin,Dyjas,MEZCZYZNA,marcin.dyjas,marcin.dyjas@interia.pl,a2890ed9427f548f267613e2581c26b6d0a429d4fc29646e9356fb8bb742a828,a177fc399bbd8c1d,1 dno pisać aktywny.,006f7546ccfe19a123589b6b416d6620b83a720a78c1b406cea212e65ee67830,https://placekitten.com/804/970,2023-03-07 21:40:30,True
494,Inga,Frelek,KOBIETA,inga.frelek,inga.frelek@onet.pl,ecc1497d970a3ab14d014f842c605c4a3643fc6c819d01e7a0d8bb1a9c6b2eae,eb61b6f92406b86b,Wspomnienie sytuacja trochę kraina dziura rodowity zaburzenie zdanie.,5af11212e9cdad0eb98b5055a4c4a17f50ad8eed7ad6224ba79bd4328907789f,https://placekitten.com/66/136,2025-03-03 19:00:39,True
495,Leonard,Hajdukiewicz,MEZCZYZNA,leonard.hajdukiewicz,leonard.hajdukiewicz@onet.pl,7f2941045ee6f9b008f1dfba36eb9e58f21e3167d67ee71d8aeb78700f6009d3,dcd1585285d20889,Lista otwierać stopień metalowy cisza wódka.,12443b5ab1f0a8bce0ea1af9d82a4b0ff89558cee7584046e20807bd954b2a42,https://dummyimage.com/908x513,2021-07-11 04:44:21,True
496,Melania,Latko,KOBIETA,melania.latko,melania.latko@interia.pl,c44462c9c3f4b6b05c13089d0021e9a9a24ebefd3cfdfeb0a9e7610b176a4456,ded3673c52a98b99,Chronić swój zaś a upadek poruszać się zdrowie.,d1367371942bc542f440c47bfc9b386f538ee4de616cc5044bdeec3a6d0d6212,https://dummyimage.com/544x403,2025-04-30 13:33:31,True
497,Maciej,Semenowicz,MEZCZYZNA,maciej.semenowicz,maciej.semenowicz@o2.pl,4b6ff199387d08cd8b52e3a7e75e7b9478998300657a4bf49e704e94804acc26,3a59c872048ff721,Iść babka kostka filmowy.,cb5c14ecb9f8f0573b6650c8f8fd8870c7e22b248a82cf944facb202a85032b2,https://dummyimage.com/215x441,2023-12-23 05:32:56,True
498,Julian,Chudoba,MEZCZYZNA,julian.chudoba,julian.chudoba@onet.pl,b2a670dbc64db06320e871cbc05c93747f4f1e205e3b710762e46b449be8a500,f74ab7692d6231a8,Azja lecieć dobro głupota malować radio.,4d83201568c99291add831553eee68d4a33d0d1f36f15c388b4f65803c27aaf4,https://dummyimage.com/928x952,2024-09-21 20:57:55,True
499,Franciszek,Chojak,MEZCZYZNA,franciszek.chojak,franciszek.chojak@hotmail.com,80978b91903fc48e96b503bf820525bf5bde0b6e548c7a0b118460bea306f783,21e2424aaa799318,Minerał skala mocno zajmować się.,946d517eef62a74d926eef7623f6ff78b705504cac2bf164967a4337aa12b34f,https://picsum.photos/19/70,2022-02-22 20:55:24,True
500,Artur,Dziewa,MEZCZYZNA,artur.dziewa,artur.dziewa@hotmail.com,d0c55c8596de951666895fabb9e0bbcef425aebd2e6b6a4fe8d7ce0077af0ea0,26c150879cb779e8,Grecki niebezpieczeństwo napisać księga zysk korona.,6ad7045d69bedf778395fa86197e810d47516d35de9f7f77bcd8e1e989dd3c82,https://picsum.photos/251/226,2023-08-04 14:55:54,True
501,Fryderyk,Bernatowicz,MEZCZYZNA,fryderyk.bernatowicz,fryderyk.bernatowicz@yahoo.com,71fb57e2ecccfa1e8b4906246e043e4b194c378a2d9a8d6a98e7819bb74b949b,08b87d2892c3cce5,Pół potrzeba otrzymywać niemiecki wczesny robota bo.,fe992f4eb86ed3992d3d6cb97157a43c6d1abec6d3538a973a45ba6b2dc31fec,https://picsum.photos/184/251,2021-02-10 18:38:51,True
502,Jeremi,Przeklasa,MEZCZYZNA,jeremi.przeklasa,jeremi.przeklasa@onet.pl,88c6a669e4e863b9090b7a0e4eeed640d88c1568882732b2109bc3bcd5cc7716,9ca1eedb4ee3cf6c,Francuski bok obchodzić oznaczać.,1e607e04c025f62d4e44b8765d6f78e00fbc3391f0a390619266f771200c75f3,https://placekitten.com/245/712,2023-07-22 23:31:49,True
503,Kornelia,Bzymek,KOBIETA,kornelia.bzymek,kornelia.bzymek@onet.pl,8807fcbf58ddcb97ac6bbb97848b108f0a6076225fbc55849f6731a5c455906c,f4be86cd23a9b022,Na Przykład jasny odkryć rzeczownik mały lud 30 -.,cfcea1574fd077966b965343fcdf72c15eed412410667f69e08e1e882a4ec6da,https://dummyimage.com/209x350,2022-05-22 05:17:01,True
504,Adrian,Szkup,MEZCZYZNA,adrian.szkup,adrian.szkup@gmail.com,a4e675ba25dfb64295c7eef2559745c49fa33bd8405b9de9e3dc604824409945,73c1a5a208aa85a1,Mgła na zewnątrz spór pokarm ciało kwestia niezwykły.,db8504e0b753c06dfeef876cf79a982f47ff91b5bad9a3da04a10d0f9aa7e9a4,https://placekitten.com/288/451,2024-06-05 22:08:18,True
505,Dagmara,Pituła,KOBIETA,dagmara.pituła,dagmara.pituła@yahoo.com,27ba16b541afab5b52a2f0e725f24c2e229e0dffe4a71f2bf8416e7394ac972c,257f3a1ac89183c6,Sportowy za pomocą bogini chęć.,0ad80423e599bc8fdd014dbe737e6ee9fd18156d4946f9a647c70e5cd761a508,https://placekitten.com/186/112,2025-06-27 00:22:43,True
506,Gaja,Janke,KOBIETA,gaja.janke,gaja.janke@interia.pl,8e826f7c09c66a05cf4ca949dbc57cd32e64f9f63b2e0abc2d11788881cbb601,2132096459f1a46e,Słyszeć dialekt pewny słaby deszcz babka sieć drogi.,dd67f0e03e892e6d23477adb2f99c763b75e75155a0829d80b6544f8fb419c69,https://dummyimage.com/428x110,2025-01-04 19:51:50,True
507,Marcelina,Samul,KOBIETA,marcelina.samul,marcelina.samul@gmail.com,55b9ffe0ff1d9f0975054b4a8c1554755a7c15703370e873a86dc044a174c9f1,edba7aabde533b76,Lekarz wybitny treść.,3eebd18fc60bd7cfed1706e0023eeee001c202620b45d88c37095e8c87390b10,https://placekitten.com/333/458,2024-05-21 03:08:50,True
508,Ksawery,Miszkurka,MEZCZYZNA,ksawery.miszkurka,ksawery.miszkurka@interia.pl,8687f6429945eff3418fbf3afad495805a19135bc6de497f75cc43b552bfd835,c1f69d246dd2c15e,Morze futro wybór.,b1b5a06d34ca2e3eb9c1990739868245981b7be17748e67421c670f66cbe241f,https://picsum.photos/10/568,2024-01-26 15:28:54,True
509,Natan,Burnat,MEZCZYZNA,natan.burnat,natan.burnat@interia.pl,522dd514143affca285cbc51504af699266ccefbc2f3eb6c5cbaeef2999b328a,4c4831ea5dcea3c7,Wróg okręt cecha typowy służba sportowy wynosić żart.,b8cfe3c02cf703f12dc3f9b6c98adc0bf69da8575304adf254b5531958eec727,https://placekitten.com/335/305,2024-10-22 13:15:33,True
510,Arkadiusz,Portka,MEZCZYZNA,arkadiusz.portka,arkadiusz.portka@yahoo.com,b233b89be724139c15e53d4aac351c1ceee617ad72160f67fffcd76a1057420d,48be86cab8dbf008,Wisieć cień miły rozmawiać wszystkie plecy.,a47d4061792a0f33ced0a3c14d91f8a6948d655d7d240f4c9eb8113fb4ca8449,https://picsum.photos/980/957,2021-04-18 20:14:29,True
511,Justyna,Kokosza,KOBIETA,justyna.kokosza,justyna.kokosza@interia.pl,28a902484a15e7e8f06f7084912280d375b8afeb734619ce6a50adf8d19baad3,7ece2dc1158cb872,Tajemnica podczas kij ojczyzna kobieta czasownik obiekt.,ae0a9ad3227c5420c07dd79abe119876db3d234a066344bd4c90b8f189cd2606,https://dummyimage.com/947x537,2022-08-05 22:51:04,True
512,Tomasz,Rabiej,MEZCZYZNA,tomasz.rabiej,tomasz.rabiej@hotmail.com,4be9eb29abdd68509458dfad45cf747acc41cc51ab4f25d0bd569f2cd88e7909,e4393aea61a2e466,Firma mały taniec kierować atmosfera.,b133b4216aef7433be2391b4eb2dec5dc7a9d3fe07445a484c59eb7b8cdc55af,https://dummyimage.com/161x634,2021-09-26 18:15:42,True
513,Ewa,Procek,KOBIETA,ewa.procek,ewa.procek@gmail.com,a8917bb092d4bdddcb8e5b038eec4a706a95a9e07270105a0341f4a355b62515,ab64e9515a9d76c3,Pomysł koło inaczej kult powód 100.,3fd592bfd2df91e5cd19c1005f559e39be800b8e36fb950bfb7c059095c1bcea,https://dummyimage.com/100x822,2021-08-18 11:00:12,True
514,Nikodem,Bekus,MEZCZYZNA,nikodem.bekus,nikodem.bekus@yahoo.com,13c66401a88f06fdcd0ee9518683e16bf3c2335b0365c7d48d70ebebdb277f36,68a4d2f3f7af647f,Wrogość przebywać podróżować.,e5ad1bdd4e78f54e87053087e2a4e6bd50a150083ddee920268eee618db5f9eb,https://picsum.photos/249/371,2024-04-08 17:03:35,True
515,Filip,Ziółko,MEZCZYZNA,filip.ziołko,filip.ziołko@hotmail.com,d4ea034b5e2d440e168121535d8eb81b46baf28ffb22730c6277988705d2e044,ccb2ad5cdce1112b,Metr medycyna o metalowy lipiec brązowy.,21e771c81b466eb9a0dead46d93ee42447715fca983ab67c981cf153e92954e6,https://dummyimage.com/883x1019,2022-12-28 02:17:33,True
516,Łukasz,Piskor,MEZCZYZNA,łukasz.piskor,łukasz.piskor@yahoo.com,fac3dd2036192d7a0c8fee434d8e93291f9de4bd6c2c742e8de81d5f06e73ff5,d9534fec88e28746,Chmura mieć sól że dalej okno znaleźć.,a8c892d578a0416b84c99c9ab96646ee777c973212ac05eadda27f6ac4108bb4,https://picsum.photos/187/500,2022-03-14 21:22:15,True
517,Dariusz,Skotarek,MEZCZYZNA,dariusz.skotarek,dariusz.skotarek@gmail.com,2d82fac435300d8e39c3b1e60a273fa2d81af5517bc197e22f3e803f383d053a,34e032cb98e2550c,Rodzinny kultura dział publiczny gospodarczy większy przecież.,7cdbd51a0e817988e9762f50cc28600a3ede2cab65bd985424d180f92f8f59ad,https://placekitten.com/125/176,2022-12-14 03:32:07,True
518,Cyprian,Matyka,MEZCZYZNA,cyprian.matyka,cyprian.matyka@o2.pl,77905d00ed58eb538f78d00a784ec05df08ad0f33f890e93f0397e41d166e3d3,2eb9b516bab2daa4,Wątpliwość Piotr urodziny chleb.,dc322761e68d88dc71a1d615ccf1af96bcc97f420fa44e123e62eb668317a7d9,https://picsum.photos/775/490,2023-11-13 00:25:41,True
519,Michał,Nehring,MEZCZYZNA,michał.nehring,michał.nehring@gmail.com,96d1884603bb7ccb3c80363239a59b5e65c47014568ca3789fb6535c5224c520,94580c52ee388778,Tłuszcz mieć na imię Australia róg oddawać.,b6a5ff9e10883d2329be9ef74cdf1d78ee546f719362fb4325040928a386a520,https://picsum.photos/947/671,2021-07-28 02:12:05,True
520,Olga,Sąsiadek,KOBIETA,olga.sasiadek,olga.sasiadek@o2.pl,8e472922c9782288e9b06c0c99836aaa2149008c3014081ce6797c6010d05f3e,e58f822460027a5c,Babcia wygląd chronić plama wóz obrona.,d82255a9b126a583c2655bfa0874ff9bf667260891077364ae437234f9fc5afc,https://dummyimage.com/1023x778,2023-04-19 08:15:50,True
521,Blanka,Buksa,KOBIETA,blanka.buksa,blanka.buksa@interia.pl,9eb732d3d6252640584a7e189dc4fa4eb1fd9a4903ad1df307d8968d6de22cdd,9c8fbb89323485b7,Urządzenie pani drapieżny książę kaczka istota rysunek.,24c19c45f894fcad43b7dfa489884ffafe95795a6967c8233408cbe78a58d48f,https://dummyimage.com/161x843,2022-01-04 11:19:06,True
522,Aurelia,Suchojad,KOBIETA,aurelia.suchojad,aurelia.suchojad@yahoo.com,d95f88324aad33a15edbde90e393546852cf69b7a7aef2dbcd1f4282a024b3cd,b32b309eb54e4d27,Wszelki biskup ku kosz.,a4b36b9f06835c493d7828be7bee889427fd724c2be15a4ddb5cab9a7ac1db0f,https://dummyimage.com/654x147,2021-10-01 20:25:20,True
523,Róża,Pawlonka,KOBIETA,roza.pawlonka,roza.pawlonka@gmail.com,4780187c98b7efc4a5809e7e700135086416e5643730ecce30de4a85fe3d8ae0,98c34a1bde1c5011,Łąka jak niemiecki szkoła pamiętać Grecja od.,6d9ddee73d37e08753afd69411a58e7665f2111d407af2e71677c85e6de44c56,https://dummyimage.com/930x643,2025-08-27 20:00:11,True
524,Krystian,Janasik,MEZCZYZNA,krystian.janasik,krystian.janasik@hotmail.com,b17e734efabeae07877a09553233cae0672e052682ee919480197d34ea4e6bb1,2a91e566dce2fe2c,Zamykać potem cesarz kobiecy wracać prawie drapieżny.,2929e502e92f46fc22a97d4f83a797136523353b9ecbc06efd6952cd6f0e05ac,https://dummyimage.com/478x176,2023-03-03 09:16:07,True
525,Ewa,Sałuda,KOBIETA,ewa.sałuda,ewa.sałuda@onet.pl,01f6b5d0a63699916ea0049d7712ee765db784a96079bf0eb8addc4a9ac5d4c3,2cb4074a20a445f2,Lato aktor niezwykły temu środowisko.,ce32bdfd42d49c958fba64ec8183a621b19902315a4aed83080097232f8ae05e,https://dummyimage.com/839x523,2024-08-09 12:25:41,True
526,Melania,Langiewicz,KOBIETA,melania.langiewicz,melania.langiewicz@yahoo.com,1bb02ce8a8f4d1c210d134082bffc1c1ea1a9d0a2a9c40dd6b89a9d3123f5ed2,ee9be71d47e96e5b,Opisać hodować służba kolejny następować.,86696783ce678c2b8f3b7a65248e33dc7ffc510e6e44ef5112c1a02e25ac41a6,https://placekitten.com/299/926,2021-09-14 18:44:12,True
527,Krystian,Chmielak,MEZCZYZNA,krystian.chmielak,krystian.chmielak@onet.pl,44c579361497d663e61a4640ce55fc0f0b1191f12e78a6da32936409e344ae0a,5ca6a65f0f02725a,Uderzenie poziom jego alkoholowy martwy.,88723395c2f39d3822d36c255c681bfdbe07ead59605e42cb3f6dd52d6e26967,https://picsum.photos/956/750,2021-12-16 06:43:53,True
528,Ryszard,Szczypek,MEZCZYZNA,ryszard.szczypek,ryszard.szczypek@gmail.com,359b952e464e679a1403cbd95917f1c5df270ef88a5a3b9d4d1f2025c43cf6e6,fc81549bd24665fc,Stracić finansowy mapa rozpocząć.,d8fb9868aff3927c5375590b583bf2306d889dbaf5353ac7f5ca01dd7cd9f088,https://dummyimage.com/662x957,2025-08-23 04:02:38,True
529,Cezary,Posmyk,MEZCZYZNA,cezary.posmyk,cezary.posmyk@hotmail.com,fc8d8da1982240e41e75f165ba76f2d6100ec0980f56723ff6889e94d9572e60,5118b43eedff911b,Pewien pokój Niemiec europejski.,b33fa45d96914f5cc37a562b7c743ce467d6e344976cbe5c6f6ac31fb9641ba7,https://dummyimage.com/919x448,2023-12-11 05:54:28,True
530,Olgierd,Chruszcz,MEZCZYZNA,olgierd.chruszcz,olgierd.chruszcz@gmail.com,d2c91c14ec1bfb641f2c015da10016e06b5ad854e8ecec5cc87086afc903901c,09e1dcea63099034,Organ termin zgadzać się pijany stopień oddawać.,f03f18c542f77b25e5b04ee54e6d623de95b2d3d7c19c02781fe88fed6d30239,https://dummyimage.com/253x545,2021-07-03 03:48:54,True
531,Olgierd,Krefta,MEZCZYZNA,olgierd.krefta,olgierd.krefta@hotmail.com,82201a24ff4c9ab92471b7326b4d039d7b71e9b4370924fc8765eb1454f19f2b,87679a3cc8f1501e,Sobota pisarz łączyć r..,47e7fa560686c0794e2ee4008f48cb43eab7d87f6594cfa7d32e109af29c4f8c,https://dummyimage.com/512x612,2025-04-11 14:30:58,True
532,Stanisław,Leśna,MEZCZYZNA,stanisław.lesna,stanisław.lesna@o2.pl,c9ceb3170a378af532c36579d7e4383d154abef0de4bc539e22ced41653fd19d,39b9d73e8afcab80,Postawić danie właściwy dół usta nosić.,68197836c82cbc56093a638e7289f9b0c42ee7f7ca6260aa41377e331c034b71,https://picsum.photos/960/821,2021-08-01 08:14:09,True
533,Kornelia,Pietryga,KOBIETA,kornelia.pietryga,kornelia.pietryga@gmail.com,45b8bb84a23141b0b7780f9ce70efb1f9fb91a572a6bd9848d17ad21a83fe770,5aedf4cf52d9f969,Siedemdziesiąt obchodzić zjeść zgromadzenie marzec.,416eda616e629e3a7e178c2af181c78cc720d7c311409b88fe11a243c2c8e9de,https://picsum.photos/502/557,2022-04-15 07:44:24,True
534,Kamila,Patoła,KOBIETA,kamila.patoła,kamila.patoła@yahoo.com,67a5646c2e8dcbe252d15c137d7031def64e0197cf6562b61387b0f6d71748d7,c05bdd7b70f5202f,Oraz stosunek okres członek trwać 4.,b41698666094caa837c7487f52a4199aa4b166fc126f9efc7ad7045f8a86aa9b,https://dummyimage.com/357x709,2024-09-02 05:17:14,True
535,Ida,Wojewodzic,KOBIETA,ida.wojewodzic,ida.wojewodzic@onet.pl,0db4cb320187d9253cdf642f58350ae60e09a9275aa2dfa6394edaf916357005,22fbaa2bbd14944f,Przyjąć wschód mieszkaniec.,c4352ad04334a15c99357a9356f9981efb8a29957c64cff1633866e7c150b453,https://picsum.photos/703/162,2024-10-29 23:54:09,True
536,Gaja,Stąpór,KOBIETA,gaja.stapor,gaja.stapor@o2.pl,e8d091c0d5b73e63f37ee51a484d0b3e1d568b2187b507ad1bbc5407ea0b41eb,ac0c5a906f5547da,Koszt 40 szósty niebieski.,51db96777135fcd043e97175d63575156acfb59929f4307495b2c9911e41c953,https://picsum.photos/979/388,2025-07-28 02:54:04,True
537,Blanka,Trojanowicz,KOBIETA,blanka.trojanowicz,blanka.trojanowicz@interia.pl,5472892ae5d080e10cb5b6ee6932035b34deb2ad2c8510db63c34ce568996d68,c4785538eb26a1e8,Wybór fabryka kobieta przyjemność.,6ed955163aabe2f80d90cf2d829a9bfb033255835ae9d81c18a7e6aa375370ab,https://placekitten.com/744/521,2021-05-05 07:56:25,True
538,Olga,Balcewicz,KOBIETA,olga.balcewicz,olga.balcewicz@gmail.com,028b23bd7d1b0d26074e12846abb8b2af592f3c609cbe4ea7b96c3e562cd7bbd,8c48ae5d4dd40f35,Przecież Morze Śródziemne ksiądz.,19664351faeb4677cd488006da79a641cea39aebf5d45ac2ae36de05724e0148,https://dummyimage.com/14x297,2022-07-21 20:36:16,True
539,Ksawery,Sprycha,MEZCZYZNA,ksawery.sprycha,ksawery.sprycha@onet.pl,65612bc9a47bbd5c7f0a43d923f636134072bd034ea2b4ebc43321b041324ac9,0ece1a2e698aeccc,Farba koniec kiedy próba restauracja Słońce.,b24b0b46f7c5e45ce7f0f14989fa51fdbe55cd73d067e6bdedca58e1115028f4,https://placekitten.com/408/374,2021-05-10 07:04:53,True
540,Arkadiusz,Mich,MEZCZYZNA,arkadiusz.mich,arkadiusz.mich@gmail.com,385a8927e063eaff9430e863cabd7016bb861f1b613bcfc4d8004037ee524e36,8381919c190bde8f,Policzek złodziej sportowy metr bitwa zysk.,17b6e17de8b3bb1e772e50467111005dac11260c25873884f1d32d767ef86b0f,https://dummyimage.com/545x714,2023-03-30 02:34:40,True
541,Bartek,Gabara,MEZCZYZNA,bartek.gabara,bartek.gabara@o2.pl,930ab0b037388987d810041966258143ae2bb55b6c424b59c1dc50cc3cb91487,ae23660f26a58e20,Warszawa czyn znak 70 to aktor.,4587e18897ddd61b86d8ba54bb72a003a52250d4147f9f83908fe5c4139e6567,https://picsum.photos/971/736,2024-08-16 19:52:51,True
542,Tadeusz,Wódka,MEZCZYZNA,tadeusz.wodka,tadeusz.wodka@yahoo.com,8c10f07e2103269144b043bd81ec6ed9181d017899e708ccf9030e483fefd93b,2e52c38d753782ea,Ogon wewnętrzny taki móc.,6078ccb53ab31803dc3ebe3967c0146d993b95d1e7af89f30380dada4843b80f,https://picsum.photos/708/906,2022-07-23 11:13:23,True
543,Piotr,Zawal,MEZCZYZNA,piotr.zawal,piotr.zawal@o2.pl,0da7bf06f419fac4b5af12ad5bbc5f8d0116ff7af06c965a07214582f846fc13,c5a60c8b29260479,Alfabet muzeum trudność dopiero chcieć wiedzieć.,067d9e3cb9c5a87ab20235bf29d35489f4e00640c9c9c202a09542dca2ae2242,https://placekitten.com/122/399,2024-11-11 22:40:07,True
544,Aniela,Turczyk,KOBIETA,aniela.turczyk,aniela.turczyk@o2.pl,d604ef3ece63a472afc69d7f70cbfc4fe0845ceae2500178809678209b8407f3,69dcc98fd02c4734,Egipt potrzeba zrozumieć skłonność oraz międzynarodowy.,e58a47ecec849dffd46e3d6b258cd89d389fe4cda8a4730a0bd97897c633204b,https://dummyimage.com/699x728,2023-03-15 05:31:32,True
545,Tymon,Wołoszyk,MEZCZYZNA,tymon.wołoszyk,tymon.wołoszyk@interia.pl,e144dc9539989b309cd416daed137497493662129f8cbed5a72fcbe6af78bd41,3bac6409e0f08427,Sukienka urodzenie wrzesień podczas wisieć nad Grecja.,7692c3ad3540bb803c020b3aee66cd8887123234ea0c6e7143c0add73ff431ed,https://placekitten.com/600/549,2021-07-21 06:38:01,True
546,Melania,Kajak,KOBIETA,melania.kajak,melania.kajak@hotmail.com,dc861b97090eba58f2a88fbd07c005a86498dc9363b28d21d8feb98d0a487ecd,eb4c6e8320e1c097,Pasek katolicki rzucić dzień.,73cf07f5afe91a039c68f39ee2bf60f23629fcccdb48133d00fa727aadd08958,https://dummyimage.com/552x245,2024-08-25 17:19:28,True
547,Łukasz,Pabisiak,MEZCZYZNA,łukasz.pabisiak,łukasz.pabisiak@o2.pl,d52aec3fff2c1dee283a2b442969a049a3203d819631426c6c8332a97bbe85a4,696615bb5a278c49,Lew Austria gruby niszczyć.,6cc1ca65268b0c168f4b9dcb9fc65e727fcef502815ec4361dba006441b4bd2b,https://placekitten.com/687/356,2025-05-25 00:32:34,True
548,Olga,Dudkowiak,KOBIETA,olga.dudkowiak,olga.dudkowiak@onet.pl,d06bd32ebd8bab2a58967e302fba16b14fc86f421b20ba2e360c2af8ccac7510,419dafb178cda6bf,Bóg słoń samochodowy Słowacja koza kij święto.,e204f751b8e2e1debc581e7b367da29495f7f199f39a68529be995ad7074b0a9,https://placekitten.com/639/778,2025-09-10 17:04:51,True
549,Adrianna,Dorobisz,KOBIETA,adrianna.dorobisz,adrianna.dorobisz@yahoo.com,6756257e7c374dbcbb6f93cf8218eba8f6f43e0cc313ddec542d11813821fa94,61752ce2a00788cc,5 układ okresowy relacja żeński nauczycielka.,8cc2f7bcaf86d0637718526a9b4dc8e1cda38fb01825565695c77291ecf38b56,https://picsum.photos/520/197,2024-12-13 22:20:43,True
550,Kornelia,Pakosz,KOBIETA,kornelia.pakosz,kornelia.pakosz@o2.pl,4bbfc63be5465af30d6303dcc3bed44d7d2c3c271c628fd7dc50a7de9a9f52a0,1aad4f4d8c1432ed,Ono wnętrze Chrystus średni.,066fd2759dd2aa2e1101354303e05885e922dd35bb0f8d67f6bca25c461a2acb,https://placekitten.com/789/865,2024-11-14 22:25:42,True
551,Melania,Szpyrka,KOBIETA,melania.szpyrka,melania.szpyrka@interia.pl,e68ef3f3b5837ca660c74f30c446889918f33b720abe369a00bfc86902ded59e,6f62b8ba07c886da,Doskonały metal wyspa urodziny.,cdb93c1fda047f905822ad681aca66c2b7e038bddb92976903f29a7de15c4147,https://picsum.photos/537/362,2022-12-16 14:13:55,True
552,Tola,Krysik,KOBIETA,tola.krysik,tola.krysik@interia.pl,eff963b35fa0f41b1a8830e4dd8d911a33e61512a59cd9e66eeacdf51b8a65df,6fe41fd23d94b3ee,Broda łaciński oko waga chronić rysunek.,fda66d87c6c60e42e444f3c85d8e0c495c2316bfcbd8c1aecc12e0d6f1135062,https://placekitten.com/550/245,2025-10-18 13:52:35,True
553,Ada,Gryska,KOBIETA,ada.gryska,ada.gryska@yahoo.com,4bb45afef02b7e170354edca6f517cac5b1ffc8b361bf35f20c612bcc039f17c,5afe3d8846c31a13,Konstrukcja łuk składać się kura dlaczego bogactwo czas.,d682efc4ae9ea50da8985b080a63a586cf389d1b26b78e27ca72508eb29b5fda,https://dummyimage.com/856x547,2024-04-19 20:40:12,True
554,Eryk,Piszcz,MEZCZYZNA,eryk.piszcz,eryk.piszcz@interia.pl,d30a6502455bf2aed73f8ac2d5e6698527f74e5e1643ee32683f6abf8f85e88e,09cb3723408a54bd,Dotyczyć uderzyć jasny włożyć strona spać znajdować się.,9a16e0e240e8ee63c2aaf52492ec4aada2730316584bbc7021256dfcc0128c06,https://picsum.photos/184/520,2024-07-14 20:21:58,True
555,Szymon,Baum,MEZCZYZNA,szymon.baum,szymon.baum@hotmail.com,f0b7448ab7d06b3f492f20b46405518b02419ec8abffb26da4501e4829f99452,6e723b934aa9b0f9,Ryba zdobyć kostka słońce wada.,620f6f57787fd7e1b65979b1117cdd822e3ef901ff11ed56d7150d46a44258bb,https://placekitten.com/919/61,2025-02-28 06:14:28,True
556,Franciszek,Kusa,MEZCZYZNA,franciszek.kusa,franciszek.kusa@hotmail.com,029fccdeed3bba197f30809173ec3e9d186ec7201c292f4f7541192448b06b08,86247b414bb10644,Obiekt mięso łaciński równy kłopot szczególny.,2df54ede99615fb7d5b32e42f237ac2f3e5fdeaa52ebbae9bdd25d543eeb8d7c,https://picsum.photos/203/690,2025-04-09 05:51:35,True
557,Janina,Pietrusiewicz,KOBIETA,janina.pietrusiewicz,janina.pietrusiewicz@o2.pl,dcce211f4d127f3944ff60aa66f874508f7538ed11f450a5f0acafa13cbdc003,e3c57fa16f79f900,Reguła muzyka pierwiastek chemiczny waga gazeta jeden.,fa0f96e8020bc58ee1e651a0846544f9d5b4e772c560f7bc8c4ec31fb9e39d66,https://picsum.photos/454/77,2024-09-22 23:52:09,True
558,Szymon,Kunda,MEZCZYZNA,szymon.kunda,szymon.kunda@yahoo.com,227f0243465ed1f8fb85adb864cf48ff8d2dc5e5ae0f85118d8341082d386d52,d87f31eea3df85a1,Miesiąc usta oddawać most.,d0607f7ad2628b2af9158dfba06ce87166e66b15bf68f8f358f9aa27ccb7c321,https://placekitten.com/945/555,2023-05-01 09:45:30,True
559,Dawid,Litwinowicz,MEZCZYZNA,dawid.litwinowicz,dawid.litwinowicz@o2.pl,138858a22b5ef762b23ba14011e04729c7a3383d3f93cacdb10c0e4ac47676e1,87ed8dd1c3460f0b,Osioł dno ucho wciąż jaki próbować.,da05cc46a52077fe5dd96a0867ecf4ce3693c4a7efeb586b2d78f6b26e80879b,https://dummyimage.com/593x236,2023-09-30 10:17:32,True
560,Sara,Bąkiewicz,KOBIETA,sara.bakiewicz,sara.bakiewicz@o2.pl,d20fa0b84778c09063a01fb1571ee8e314793f8d9c11b958643d3a0dea082ef5,25cddd120d21835e,Na Zewnątrz pan deska centrum za teren ryzyko.,b0d8a1c69d16bf19c93753b7a2d490c1b12dced037f413221a8a5388fa06cb85,https://placekitten.com/97/619,2023-04-14 04:21:04,True
561,Adrianna,Kulma,KOBIETA,adrianna.kulma,adrianna.kulma@gmail.com,5e49e574f6567155b0afee7f0600cf8d9dcf7bca62df65c6c10269cec9670f7f,a0b3a75c11d9889f,Włoski europejski osiem łączyć bardzo ukraiński jeden.,50b10561a2406c3070fdc51a702cef9ff6f2025efd394f0c382787bbbf020f2f,https://picsum.photos/823/560,2023-11-16 15:52:50,True
562,Eliza,Mila,KOBIETA,eliza.mila,eliza.mila@interia.pl,2d3fbe8125d102cfc3d985f6a21484c3476d785cc03b809b4457aa71e609f1e3,caddeccfd5dc7e27,Należeć narodowość wyspa małżeństwo zakres potrafić wódka.,5cf6efa164a5f2488702aaa1d7f33160d3ac1d8b2126af50242e8961baa6e034,https://picsum.photos/362/939,2023-10-24 00:11:57,True
563,Olaf,Cecot,MEZCZYZNA,olaf.cecot,olaf.cecot@onet.pl,7f3b42412867eed54a44e24d4186353bf0375be94b36e368ab7aad3320275d14,79168ca532251fe8,Syn do pozbawić państwo lotnisko model.,6d39a228443fd51ff581d31919c13aedad17eb221b439a31342d6c2305d318f4,https://picsum.photos/730/174,2022-11-19 22:01:48,True
564,Maciej,Franas,MEZCZYZNA,maciej.franas,maciej.franas@yahoo.com,789931aca2c1723edeb451fb307b4a251124c68771afae1570d4d652830e217d,335c6fac863ea043,Godzina powszechny kontakt uczucie doprowadzić iść doprowadzić stado.,f9229791a1cd136a3559a1538977617d846442d395ecc70baa67308094c4dae9,https://dummyimage.com/478x973,2024-07-05 13:41:56,True
565,Maciej,Wypchło,MEZCZYZNA,maciej.wypchło,maciej.wypchło@onet.pl,990f0ac5850eb234c318fa438cf0911c1ef609afa8d1e990dcf32023c4748a4e,8bc3711e7d4c6192,Mocno środek kolorowy deszcz.,86600aee0e8a01f8fbc02b0964a946ad7997f40eb7a89a5d2bc2344ed7e5bace,https://picsum.photos/756/284,2021-09-01 22:14:07,True
566,Maciej,Gęsiarz,MEZCZYZNA,maciej.gesiarz,maciej.gesiarz@yahoo.com,17febb47f8016e948a8d6dc44ce3afda6f6a27ab586a82495b2c003cfbd1853f,5b0194ba98619f81,Wschodni postępowanie nadawać używać wymagać składać.,f36ddafd7dbd069ab520d2c6f31802576f77d0a033bcf0f3e918f0534425079e,https://placekitten.com/62/51,2024-03-16 22:02:03,True
567,Sandra,Warczak,KOBIETA,sandra.warczak,sandra.warczak@o2.pl,9d87db461193a08d1f5465cedf6f3a39636f73050bb251c2be72a1c4ffc61f30,be9aaa57fb26d219,Dolny wiosna ciepły obraz muzyczny kosztować.,9e0cc4ba63bce902ebb3fcf1eb8442861c67801a47e019d998a0399c5ea9d7ac,https://dummyimage.com/265x646,2024-12-24 14:47:08,True
568,Marek,Chomik,MEZCZYZNA,marek.chomik,marek.chomik@o2.pl,f15bb36c5f4a53c6bd8f38856210d14f79c6ea212c23df6d00c02917b918b9b8,1058abf06b760139,Chiny nauczyciel majuskuła sam taniec.,25f987f077930ebf4a80f2db61ac165b5fb0d2b6fa24efc1f9a735e6acbb957e,https://picsum.photos/770/5,2021-04-19 23:08:41,True
569,Fryderyk,Gawłowicz,MEZCZYZNA,fryderyk.gawłowicz,fryderyk.gawłowicz@yahoo.com,a987aa52cec83bb46ffc899017cc97a185e3544e50d7b475e6eadd584af05dbf,ca6e4c4e500b2707,Urodzić Się na wprowadzać znak włożyć krok.,02d5d0522a76608d64a5d329e13a2f8627e935efca8d77a73ca0f523a7410c7f,https://dummyimage.com/822x133,2025-03-08 19:21:40,True
570,Blanka,Nojek,KOBIETA,blanka.nojek,blanka.nojek@interia.pl,b67798ca50fdd0a162495e2b6127bc3b37c417b6364f2a24508606ce7cb23538,a97adeea3da43e51,Krótki stawać się gotowy lud mocno wieczór bóg.,21e771c81b466eb9a0dead46d93ee42447715fca983ab67c981cf153e92954e6,https://picsum.photos/368/221,2021-02-18 11:20:48,True
571,Olaf,Szulczyk,MEZCZYZNA,olaf.szulczyk,olaf.szulczyk@onet.pl,3cd15e200e7921a94b3f3e947cfcf066d34d5384adf8d0dfb73f618fef4d0343,2da40066fa423c8d,Pojedynczy 1000 tylko właściwość.,19664351faeb4677cd488006da79a641cea39aebf5d45ac2ae36de05724e0148,https://dummyimage.com/408x691,2025-03-04 23:39:27,True
572,Elżbieta,Zbróg,KOBIETA,elzbieta.zbrog,elzbieta.zbrog@interia.pl,ea8a82b94bdf7e4fababb3b21cea7df1c61e3918912efc7680ce6adbaef52ec6,4ea72e89b8013439,Wujek położony opisać następny.,f939b35da1c7748cc07301f62569b4d22f4b289d38d2cfed36acbebd39c39dcb,https://dummyimage.com/563x265,2022-04-09 10:37:33,True
573,Angelika,Linkiewicz,KOBIETA,angelika.linkiewicz,angelika.linkiewicz@yahoo.com,edd569f5cf4b7622768d08bbd4232dc71ce04f0441c685afb60889445ca53fea,3f802e5c76b668db,Oddać wśród godny górny sto coraz Rzym.,f4169d9b79f185c1957f7aeeb4a12479a03225daf033213cd876cdd0d34b5004,https://dummyimage.com/223x475,2024-04-27 23:46:37,True
574,Kaja,Powałka,KOBIETA,kaja.powałka,kaja.powałka@gmail.com,94099d4042258b65514875885b641a6d0a911456ff4d0ef91c68f01351753494,3a8f1067ea14ca18,Umieć sieć Kościół straszny miły mieć na imię.,87d9de72ba4d4aa39ba32bb1403f94162ae0b4b33ea7fc86ee28fa09b2567bb9,https://picsum.photos/471/506,2025-09-22 21:04:16,True
575,Sara,Ochota,KOBIETA,sara.ochota,sara.ochota@o2.pl,3c12966c9724f6f75773882e589294b86ade57f4504e5c4719393fad5b6d4c80,cb180f5f3ed4928f,Liczba góra czasem potrzeba Ukraina fragment.,5d160153fea557cf6b22f034a93855288ffc769144a436fc874a8625c75a104d,https://picsum.photos/309/621,2023-02-01 15:57:29,True
576,Kaja,Karkut,KOBIETA,kaja.karkut,kaja.karkut@yahoo.com,067e1945710b67e3ec8bde5e05a3640fd807ff1eb1934107efbc63aa41225568,0dc616aa837873eb,Dwanaście 1 sztuka dół niszczyć specjalista.,b43f64ffe7b4526f5d7e5922843cd3c7d3cc2a72584f97628be83ee35677b6c8,https://dummyimage.com/743x773,2023-02-14 23:14:31,True
577,Marika,Oleśkiewicz,KOBIETA,marika.oleskiewicz,marika.oleskiewicz@gmail.com,f03eac98744b0ec76ed7a44e09afd3feee4f34c5a0ead06270586f34b56bc948,530426f01a81c466,Lata podróżować cześć w ciągu wolny.,3ae92cf0ef4237e0c4eb512dd1fd17831d0c2316926ddea711afe520a0e5027a,https://picsum.photos/162/906,2021-03-13 04:26:41,True
578,Julita,Członka,KOBIETA,julita.członka,julita.członka@interia.pl,d79960f4594c7359ff066326fe658e2871df61a2431e228ff7281e2e3683118b,6710a40872ca7501,Duch ksiądz idea.,89cdd4c2392e900b7dacf906addf28c784c2ef27a17aef343b0d3ea62104a0d5,https://dummyimage.com/230x424,2021-08-06 06:28:09,True
579,Rafał,Rozumek,MEZCZYZNA,rafał.rozumek,rafał.rozumek@o2.pl,88a909ed36a1689365db05fab32bb6fbc9295d8da90cea6bb1c7ec28e619f818,622e6c0d8f3c962f,Materiał wyrażenie żółty bohater.,8baa276f4f21bdd4ecc6bdf6b6957683f716f6a3d141e46f77afe9c4703dead0,https://picsum.photos/976/498,2022-06-23 18:15:14,True
580,Borys,Delekta,MEZCZYZNA,borys.delekta,borys.delekta@yahoo.com,d1a33b03940cf54abd219363009887779cfeecf61cec70f87569d0b2767044d9,cdf992f0158735ed,Środek wartość świeca jedynie przemysł skończyć.,59023a544c6a9e8430835b4d2d7d888354aff7972af6ee8b77f4eb58cf79cabe,https://placekitten.com/718/258,2021-08-06 17:24:17,True
581,Witold,Pacholak,MEZCZYZNA,witold.pacholak,witold.pacholak@onet.pl,a5b1bc40f76e939b1f550c1299a66201902ff16342b7b638a5ca831c08841b21,9d39a335d24c4068,Źródło powstać staw 9 -.,b87e811a94c4e99b78374ec072855c28321df90898536534d4cb6935085b013a,https://picsum.photos/996/642,2021-01-29 07:14:29,True
582,Juliusz,Babiuch,MEZCZYZNA,juliusz.babiuch,juliusz.babiuch@hotmail.com,35e070512a7c39f99ed3cd6038184a03d9be0b4cde7861d5efd097101a9c83c4,f627b87e04b56d71,Kilometr wniosek powstać Piotr przyjemność przepis.,877f04713c42f12d2415423b2c3ba3d3fc674a4775227af53c6da5a3503dfa70,https://picsum.photos/473/191,2025-09-05 00:33:16,True
583,Piotr,Mainka,MEZCZYZNA,piotr.mainka,piotr.mainka@yahoo.com,3f03d990f7930c965e00dc6992fd346ed903b6a2d8ee3147240f44cc32804a92,008426583fa65953,Reguła miękki wysoko wiatr do.,9dc01e3b8d9bbbe1ece21f436f756c5b712c15e08b5f58f4978465bc0034b5c7,https://picsum.photos/289/222,2023-04-04 16:00:46,True
584,Anna Maria,Kwasek,KOBIETA,anna maria.kwasek,anna maria.kwasek@gmail.com,92c8e2e120d1b8f532decff7f4a8e50d6e29cb2a316aa71d686ec575d2bb9293,c3d5a1945e892887,Spokojny palić podłoga.,184e4b1317dac76d8e573519dd26b45652a383029ec96b3366a5101bfa92cd37,https://placekitten.com/669/262,2022-03-21 21:33:39,True
585,Marcel,Krzyżostaniak,MEZCZYZNA,marcel.krzyzostaniak,marcel.krzyzostaniak@interia.pl,07af943b14acb0b579512b037e730a74c85e640b98818c23f1fe3f20db9996af,5b341fbd45fd215d,Kość prawo potrawa urodzić Węgry dostać.,369661388fd88f20c377ec3ad988ef227e42d5265bab1b0539c5a5367fc7a97d,https://picsum.photos/360/978,2025-03-01 20:13:29,True
586,Ignacy,Heba,MEZCZYZNA,ignacy.heba,ignacy.heba@interia.pl,02fdb83cfd7c38f80d74efa303559bffd9131205b08d3a0ad83928f8b74cb4e4,d3ef5807247aa699,Głęboki klimat okres większy talerz katastrofa.,26878f949a20a800e652d52261750199a1e961891748e139263ac58a0534a7c4,https://picsum.photos/689/864,2022-12-31 22:13:57,True
587,Maurycy,Tyczka,MEZCZYZNA,maurycy.tyczka,maurycy.tyczka@onet.pl,cd2ecff00360840ce4adf5fb9b0ad4c91e6880a33230f7c69991323f2795d6f9,310100ead387065b,Drzwi pająk wierny cebula obrót Pan.,1db0883280af3c373090bfdb1ef750b6b2782010a62fed8d6b0d0cf992ba1728,https://placekitten.com/395/151,2023-08-26 13:15:44,True
588,Nataniel,Mordal,MEZCZYZNA,nataniel.mordal,nataniel.mordal@yahoo.com,d15e9e1192e07217b3ab78a5f82911e8460e2f75045c31bcdd76d1a7f00dcf76,792dc52e312a991a,Zdobyć ciepły jaki spokój hiszpański trawa.,4f1d4252d7391996659385c2130368f89a961666ab37c6406d2a3b7a148cefc0,https://placekitten.com/622/570,2022-02-09 01:21:34,True
589,Sandra,Goś,KOBIETA,sandra.gos,sandra.gos@yahoo.com,ece8a1930e8f55e1f9a8c7a4821772d74bec0ef20fae78c51702a51343712171,99ed48cc613c5244,Różowy wakacje ósmy.,5fc17a7603e0b68029c2c7eb07f2fd09f73748b7477745a30f90c0f8ce3392a4,https://picsum.photos/232/996,2023-06-21 03:51:20,True
590,Tymoteusz,Gromala,MEZCZYZNA,tymoteusz.gromala,tymoteusz.gromala@hotmail.com,00f9faabb44107c31983fc89de348f8d7f86ca4765e846f014627d2433355d55,4148d066313b550b,Korzeń przyjęcie nauczycielka.,5cf74d9ddb7540b34dd0743bc622385e6f45cb3bd1b7d745f59837c8d1d17807,https://dummyimage.com/576x678,2023-01-28 12:27:02,True
591,Dawid,Holeksa,MEZCZYZNA,dawid.holeksa,dawid.holeksa@onet.pl,e3f44d0829329560ebcf56be4f8aaac6b8f8cf60d5157f4cc55407c45cf7af08,2c8e479d771ba91b,Tysiąc akcja budowla ponad 1000 dokładnie myśl.,8c586909c59ab92d903d2f725c09630937681cc6bc8d0285a59f311790d783f5,https://dummyimage.com/82x154,2023-06-16 13:48:08,True
592,Radosław,Rymarz,MEZCZYZNA,radosław.rymarz,radosław.rymarz@interia.pl,72a4ebd95364f4a7d7fd5cfd842c86a9615e30b0d9427a398693217905756e9b,6a5e0707d5403886,Sobą składać większy czyli.,43d8c1ddedb0cbabb2123a1cd36dd35f7a0680ed3503413f2348eab4a2202c54,https://placekitten.com/116/499,2025-12-04 21:07:40,True
593,Natasza,Kruś,KOBIETA,natasza.krus,natasza.krus@hotmail.com,0e75152e555f96035963367800e859d047e08b4503fd1719ebfb64de2aa0ee84,9afece6884092c4d,Włos chwila rezultat samochodowy.,1ec9931421dc37f145b0001251339b4ef6a870f3c36372e5f611fbdc1b5a950c,https://placekitten.com/943/851,2023-12-10 20:39:59,True
594,Eryk,Cherek,MEZCZYZNA,eryk.cherek,eryk.cherek@onet.pl,cfdcb4219def0eb6dc1eec3f66f1a896544e79bcd851ab1ece7d5c4666846556,cd6523297bb8c644,Młody odcinek bliski dziesięć na republika.,7556c0b1497251299b59b6ae25eab2130b211aafb1dcc316957e9c760a78ce49,https://placekitten.com/11/14,2021-07-08 02:54:32,True
595,Nicole,Steinke,KOBIETA,nicole.steinke,nicole.steinke@onet.pl,f42a53764246597be8eb59280550f91b9341d7b3d4d006d318b573ff9aa838ed,361bd09f16dac0a4,Terytorium starożytny trawa sieć zbyt brudny norma.,80b137dac2e4e0ff827c0e1edb08ba1d90435ef04a32c84a93af70e94c236e44,https://picsum.photos/433/248,2025-08-18 23:39:46,True
596,Olaf,Krzywonos,MEZCZYZNA,olaf.krzywonos,olaf.krzywonos@interia.pl,f232a280e33a9b3a08a671608210def617a25c93fdd0d2dd8afd9c7613799938,a1126eb4078fd3f7,Wakacje zawsze wizyta wysoki sprawa dusza autobus.,3f199d641fc544600220d1d7ab4da9a2d33bf5641f3da13e058016e5209b794c,https://dummyimage.com/182x503,2023-06-27 19:01:14,True
597,Marianna,Saternus,KOBIETA,marianna.saternus,marianna.saternus@o2.pl,86ed97441e709b00ded76e54197b5c309234e9e7465b1e5daa00b522cf9b904a,5a9a4b7e54c2147c,Chrześcijaństwo niedziela pomóc chory związać rasa kanał.,7e1e6d5a7f26510a1c7b3cf1b923b737cdcc39a0eef7ec2822509f9cefcae6e5,https://dummyimage.com/724x232,2023-06-23 01:41:54,True
598,Dorota,Witaszek,KOBIETA,dorota.witaszek,dorota.witaszek@onet.pl,c7a33e752349d3918d32a691df20b79a01c30d35f88ef65fc606d4bab8a6e240,4bcba57138ef87ba,Ważny gardło większość.,31191b5e5cede9e33d55010a607507333e1a24c809987cec9b473fbe90a3706c,https://picsum.photos/206/272,2025-01-29 06:49:06,True
599,Anna Maria,Kopik,KOBIETA,anna maria.kopik,anna maria.kopik@hotmail.com,2a861c58bfe21f1e243300dcef923e9bd02a3bcd7eced66908efc6b707cbb97a,3e0bdafe8fb86f96,Aktywny 30 padać ruch by.,b36bcb5a813fdc265c62ab64d48a436701ec9787320c2fbc90fbb9c7eeb064d0,https://placekitten.com/285/816,2023-07-12 23:45:05,True
600,Kazimierz,Glegoła,MEZCZYZNA,kazimierz.glegoła,kazimierz.glegoła@onet.pl,5fcee6476b08023396af94ea727a7ad53f907eb177318bb402a3b5a46ed347c8,337c9408483fa054,Dwudziesty alkoholowy m.in. w deska literatura.,0e75dd780bfd9f5363cc84637888ef9c77e648195f8bcabcc8b18367e71348e0,https://dummyimage.com/1003x408,2025-06-18 10:45:13,True
601,Rafał,Kucz,MEZCZYZNA,rafał.kucz,rafał.kucz@gmail.com,b43bfb7ab4119ade35eca78373028ea8cfe95dba008342b1be0c48614d795ba0,daa3e02e7701dc14,Większy rysunek bogini pragnienie muzyczny mój.,fc30e2a579cdb971eb042715c73406cd96935bf3de3562d4800576d10fb61c80,https://placekitten.com/613/708,2025-07-10 01:41:06,True
602,Lidia,Wojciech,KOBIETA,lidia.wojciech,lidia.wojciech@hotmail.com,ad13a0a6cd7d9112873a09f149a6b931b8a99cd10b2826fb100ea46ca2b6df78,5c6054ed9b932663,Główny wzgórze filmowy wakacje rejon pijany.,4e38cd7526006d72aceea0c9738cd58a9ee680fce1fcbfdb4ef43a435ee56233,https://picsum.photos/159/141,2023-04-02 04:04:03,True
603,Malwina,Kostro,KOBIETA,malwina.kostro,malwina.kostro@hotmail.com,8252fc01f1f83c66445875afffbb1810bb3ffe474ae0ae786f264018811635e3,86a4947a419405c8,Dzisiaj wykorzystywać wyjść państwowy 7 orzeł.,161324473054623ec437468208747eca3708c45c4c47242fb9c59d32b73e9590,https://placekitten.com/52/221,2021-11-28 00:41:54,True
604,Inga,Szurek,KOBIETA,inga.szurek,inga.szurek@onet.pl,ba3a53317331fd5664af1cfafe5a5592376b800a1e5889747ff9fea4c8717354,bc6b2a642563bb89,Dopiero kolej więzienie umowa prostytutka spotkać.,4dec9fffa82d64af658f90d6965d7a8af99067f9b9148219a76cc987141989ea,https://dummyimage.com/709x770,2025-09-02 23:13:02,True
605,Gaja,Maruszczyk,KOBIETA,gaja.maruszczyk,gaja.maruszczyk@hotmail.com,08db088d034f0cffaf589953e03a09f27bae41f35fb2e736861bcfb9e59bd191,edfabebf153a57b6,Badanie pokazywać zaburzenie Włochy płyn róża.,43727f1bf2313b8df3af0a3968a5714b70f91a266d72c709de45d58ed46fe7f8,https://dummyimage.com/955x560,2022-07-14 21:30:57,True
606,Konrad,Kotala,MEZCZYZNA,konrad.kotala,konrad.kotala@gmail.com,9cedf71c839406f8557fd1a9e60fe7d4f8d959a5eb891cc0c369b8b0f1579d8a,57d024f3172e3c01,Widok nasz zawsze drzewo.,ec450786e26a5154173545c402bcc03b20e2e0477d6086fa632a55c85bdcdd83,https://picsum.photos/968/283,2025-07-30 13:49:51,True
607,Elżbieta,Puc,KOBIETA,elzbieta.puc,elzbieta.puc@hotmail.com,f9f5f5e2664c097cd9b114750b648f43fed0d2ab406578216ec8368324b60ed7,79bb8bfa38da8ff3,10 wysoki przestępstwo otoczenie szpital od własny.,1a9264123f0659d622d9931fb6dcce7220b9f9e3822866344fc3cf9986cf0a49,https://dummyimage.com/214x899,2022-08-20 08:47:56,True
608,Inga,Gradek,KOBIETA,inga.gradek,inga.gradek@gmail.com,14ceee7f33319cadf768d7e135462104e9d7bd602ad547983fbc2e3724c0adda,d34dbbcd4d83c730,Jezioro lotnisko stół środa.,5324127156ca0bc1baca05629778ef9e74c28dfa917442c769e6685a78b714d0,https://picsum.photos/1011/407,2023-02-20 04:58:31,True
609,Ignacy,Szymanik,MEZCZYZNA,ignacy.szymanik,ignacy.szymanik@o2.pl,6b00218601b5739941e4bf93319110d3883956533f45b43013936db914b93fb6,b3b8bf5e5ceb878f,Zatoka bok chcieć łączyć amerykański.,3fa52fca0314095206858e276a23ee8ea86b00306e532f02de8519878567f05d,https://placekitten.com/516/778,2023-11-01 05:39:57,True
610,Melania,Kusio,KOBIETA,melania.kusio,melania.kusio@gmail.com,675c00cac3c64c3fc35033fad07d6288f7d1f7379508e56915d9f83880a22646,03f83ad21854c5bd,Mąka właściwy dać szkło każdy.,ef2d127de37b942baad06145e54b0c619a1f22327b2ebbcfbec78f5564afe39d,https://picsum.photos/542/949,2025-10-11 09:22:57,True
611,Sonia,Gabryelczyk,KOBIETA,sonia.gabryelczyk,sonia.gabryelczyk@gmail.com,f5f0b66fc332bd6f3b2ea924119cfb0875b75cb9ac3de6fd6c91834b016b0f90,9fb3015ee07d2c30,Wysokość 50 obiekt nieprzyjemny myśleć wkrótce pełnić.,997be7cc3ae0466082af96a62f6683874cfd600719a2ad1f673f93554c723d16,https://dummyimage.com/350x384,2024-02-09 07:42:45,True
612,Natasza,Sajda,KOBIETA,natasza.sajda,natasza.sajda@yahoo.com,abab5e5774a761c30c5ed1e1548132c630c7dc13b823892b54f556583d777470,db9bd0cadda21646,Różny ryż administracyjny klucz pokój.,8393574eda31273ea9ed0b0a578e98a1a81b6b76382dca5fbb4a501f525ad82f,https://picsum.photos/962/847,2024-07-05 12:48:19,True
613,Hubert,Padło,MEZCZYZNA,hubert.padło,hubert.padło@interia.pl,94e3853293360a2a25ea3f610ff7a1315170961e8b049e5cf5eb0269a445e2c0,be5a6b48e3368f58,Bajka postawić modlitwa poczta sto całość.,7e1e6d5a7f26510a1c7b3cf1b923b737cdcc39a0eef7ec2822509f9cefcae6e5,https://picsum.photos/405/649,2024-01-10 20:34:24,True
614,Karol,Rusiniak,MEZCZYZNA,karol.rusiniak,karol.rusiniak@hotmail.com,9032aa79919708b5c3fb9c0052ff80f3e7ece5dfa89194356f7d861c6b8290d2,e85684c098f0d166,Pomiędzy on wynosić.,96c7695d4744412e03e53cd23dff5efceb72bbfca2561cb290018e8e37a56fb0,https://dummyimage.com/838x257,2021-09-04 02:23:40,True
615,Artur,Ostafin,MEZCZYZNA,artur.ostafin,artur.ostafin@hotmail.com,9aca8b10a920ece6ba2f1d73150cd0c894a54a0e2240f71e6ee56398ac51ab1c,d51a05bc37d6eff1,Lecz południe powodować nie ma Bóg.,8ce1956a0b96c2f0af042b1f4596095816f9d6e461cb670d419e67f8c8d60bad,https://picsum.photos/196/18,2022-03-14 19:04:59,True
616,Marika,Golon,KOBIETA,marika.golon,marika.golon@o2.pl,390829a538ce9b96240f34d80abc5cb310c8983f3919b3abfc46d14cee2bc927,e7b5bb2eec837a32,Żyć autor nawet wypowiedź.,f937fefd9b0aa367c8b60a30b2bc06ed288fa451556fc79e4a20d031e05f5913,https://dummyimage.com/671x944,2022-12-11 04:01:57,True
617,Bianka,Szulist,KOBIETA,bianka.szulist,bianka.szulist@gmail.com,087d1bad7d26d7852d4a8e482f620a37c8fbdb667c22128c64c7b19c55102bf9,7c48cb881c1b7199,Słaby łóżko pochodzenie otrzymać.,95facff1735ab0b86c9f9da03a8843c134c56201f03abbf75957d28ad754b5ca,https://dummyimage.com/197x854,2021-02-19 03:11:47,True
618,Elżbieta,Molak,KOBIETA,elzbieta.molak,elzbieta.molak@yahoo.com,e22878a1888e671a4bc3bbf2445142bf63b8fe33087abd1fa3e327c874de4662,67727048baa71808,Wzrost dziewczynka bydło grupa mieszkanie ściana trzeci.,21e771c81b466eb9a0dead46d93ee42447715fca983ab67c981cf153e92954e6,https://picsum.photos/755/845,2025-10-16 21:48:22,True
619,Filip,Sołtan,MEZCZYZNA,filip.sołtan,filip.sołtan@hotmail.com,b94a5604343a532ed04e41680c3758a35e8785ce6735e27e3a0719913753d7ca,501c22cdf1b49c3b,Prezydent grób przedstawiciel miara.,353aae52071d8bc68b070cb337005439c5369768edffe472821105ba4ff009c6,https://picsum.photos/191/515,2024-11-30 14:48:24,True
620,Aniela,Miszkurka,KOBIETA,aniela.miszkurka,aniela.miszkurka@o2.pl,dac6c91990f33074d86e1319238310518f8be1b7139bbabb0d1a6b8669284933,a65db1577a2ea4a8,Dziewczynka dziecko tam impreza prowincja.,5d9c970dcd517291d13e5010a4d44864daeaa5efdb17919615d3d1a5036ed9e5,https://placekitten.com/381/840,2022-09-26 03:55:04,True
621,Urszula,Siekierka,KOBIETA,urszula.siekierka,urszula.siekierka@hotmail.com,1e25b9227ece9610eaf6e5c40d1f5a48d7e4fc83d24f4d6c08bf9c62f15ee289,ce1d50d53b19f8a0,Maszyna słońce zboże ja czwartek jutro jazda.,555472faadcaf81f50228493c567d260421575a3998dcb504287440e587ca615,https://placekitten.com/626/682,2021-05-31 08:07:14,True
622,Przemysław,Martyn,MEZCZYZNA,przemysław.martyn,przemysław.martyn@onet.pl,46a0c1d56e5bf9e0fdb86cd6ea58d57db90965269e8d5a642910afa32bacf22a,3b83fff466eca68a,Piec centrum zrozumieć powodować łuk prawdziwy system.,95bf10f019f3c186e77c35cf5bd09ba20af65d7d9d214aedfd958f8a785b10bb,https://picsum.photos/517/210,2022-06-27 19:24:03,True
623,Maciej,Makurat,MEZCZYZNA,maciej.makurat,maciej.makurat@o2.pl,5ca970aa7823270508594e7603e3fe76f224a2ce197e59afddd60ec45478e57d,78fc03f5a8a19830,Polegać pas obowiązywać tłuszcz określać mocny.,db163977c05a009fef9cb53c72435c7ecde2debd3890a26ef40ea05cb4445fd7,https://placekitten.com/162/818,2025-08-04 19:00:50,True
624,Nataniel,Habdas,MEZCZYZNA,nataniel.habdas,nataniel.habdas@hotmail.com,035b1a27f4b1a05ddd87c77d85d9042515e136281ef2e7871d99ba06333d3ced,d5967faae1bb0d23,Sto teatr pokarm nauczycielka lecieć przeciwny.,4587e18897ddd61b86d8ba54bb72a003a52250d4147f9f83908fe5c4139e6567,https://dummyimage.com/456x387,2021-04-22 08:44:45,True
625,Wiktor,Darłak,MEZCZYZNA,wiktor.darłak,wiktor.darłak@yahoo.com,2c0eb0e44344c65c8a7d6d96ebdefc77bc0f8ec692a0491a3438d449cffe8e90,3155ceb44a2d637d,Umiejętność lina wybierać odcień my umieć nieść.,dbfcd0c31741a745d79a22e9241399c0ab825e32ea01e3dd28dcadd0c048603d,https://placekitten.com/37/758,2023-05-06 02:55:48,True
626,Tola,Drewicz,KOBIETA,tola.drewicz,tola.drewicz@hotmail.com,7883376fa29c913b2251c95b33ab146731d26528ea52e61321af6b2664378e76,1a0357f99c7e0dd3,Czasownik pieśń 8 srebro społeczny bieg nóż.,f6526e18bac15a081321d3d9303efa5bd9156e9343a4929b3c5988d80ac1c090,https://dummyimage.com/233x99,2023-07-07 17:37:14,True
627,Artur,Cherek,MEZCZYZNA,artur.cherek,artur.cherek@hotmail.com,3d9622bdf4afe33f30a4109970d18ac98b60cac1e2b7920cf9384510267ab0d0,ea0f8ef6e2202879,Padać zaraz uderzyć sygnał.,97e53e0e1a0a797f62a19d3e3503c0738afd0395b13d17a93ce9ebb396e27243,https://placekitten.com/273/61,2021-06-27 06:00:13,True
628,Karina,Dubis,KOBIETA,karina.dubis,karina.dubis@gmail.com,1c0e2f4e2107f048a47b26b45068d6e04a4b50037d89675de2f30891013eaea5,02f56465fbfebc45,Bo długość wiedza bieda.,bc426338c18e039ff03d6c4131708fad73403b5d82385ed4d4dc9f5be6e85a4e,https://dummyimage.com/875x735,2025-09-29 19:13:57,True
629,Janina,Hamrol,KOBIETA,janina.hamrol,janina.hamrol@o2.pl,7493a6ad18552b4ff5bdf67337b5a515c6f8bb6d127436847d10e282139d2b05,26c2804d5131e810,Działanie narząd ryba dwadzieścia utwór kochać zarówno.,d9fe7439b22aac35729f77eca44c6bb97ad9c2559b522a2ff9191a501451e955,https://placekitten.com/515/392,2023-10-07 21:42:14,True
630,Przemysław,Polakiewicz,MEZCZYZNA,przemysław.polakiewicz,przemysław.polakiewicz@interia.pl,d6132c82496b12da03a4a3167f3b4e0d7e845c0a87338bd6570ca41f4a9234a7,a738a1bafe998318,Komórka obywatel wzrok próba luty budynek.,ee26e8aa8a4bf5e50102e83b98c1c640a9b15ad7d7c88f525d46423e8de2c020,https://picsum.photos/464/21,2023-09-02 07:52:55,True
631,Marianna,Kozień,KOBIETA,marianna.kozien,marianna.kozien@o2.pl,25dd670aecbf970b698c474abd72e2d24de5a8b4f9de5b63592e7105f3dc8a1b,9255ed2a58a62e58,On pół morski wychodzić pierwszy przypadek.,47c38c22d6df51f8e9e09a38a64d08719cedb972cf3f90ec4ce1f4e303261bc6,https://dummyimage.com/291x141,2025-03-07 14:49:43,True
632,Kajetan,Opoka,MEZCZYZNA,kajetan.opoka,kajetan.opoka@interia.pl,101c1f35e6424e3f59d3cb972a10866614ed9484f3be15b66e69007c27b95dba,184e71e63cb0be7f,Lina organ kosz mądry cały zawierać rządzić.,5081971592ff0fd54a4a6c8714f2d08f676267e2d0ae5da16c0a69b1811887c6,https://picsum.photos/727/951,2025-12-19 07:23:19,True
633,Adrianna,Macias,KOBIETA,adrianna.macias,adrianna.macias@interia.pl,9a287c429d5ab49879b90c3087f0a5f05b68d1f96ee43a7cc9396638e1b47f64,a6f1fed5c39c2bc3,Jabłko centrum jadalny.,989eb0d5a4804fff09d256f501a8052083698a61d3b0f7a796f6f854251a48e5,https://picsum.photos/743/135,2025-02-01 08:51:29,True
634,Elżbieta,Łabaj,KOBIETA,elzbieta.łabaj,elzbieta.łabaj@onet.pl,bbb7a0ae8b8928456a2352d3154e77720f88e8baea4bd0153ce8e6dbbf7b43cf,e6d16333fe893d1a,Część miód 90 wybierać.,96bd2e6ea151ab031609971b3169ff9ac19de8bb3bdeb7c478facd59557df2ef,https://placekitten.com/627/719,2024-05-23 16:47:01,True
635,Róża,Fraś,KOBIETA,roza.fras,roza.fras@yahoo.com,9ce0b8d48fe29c111865a439689df194d13743d9b8ee254dc0cbb5744692cf18,5f5d25ff30bcb9e3,Charakterystyczny blisko sobota strach energia dom.,bdc5d8a48c23897906b09a9a3680bd2e9c8b3121edbda36f949800f0959c8d55,https://dummyimage.com/376x919,2025-07-04 11:32:45,True
636,Przemysław,Kaczan,MEZCZYZNA,przemysław.kaczan,przemysław.kaczan@yahoo.com,c28c40a54db92aad6a1ce1227cc084c6b9e170fb974cd51c9e734e5d68307c56,faa1d2d7f31b91d2,Starożytny zasada dwadzieścia trwać.,7b8e8cd122619c0d82934b8a3b2b0dced6b7efcc1636290fd047467423963144,https://picsum.photos/67/1006,2022-10-23 02:28:25,True
637,Kaja,Cierpisz,KOBIETA,kaja.cierpisz,kaja.cierpisz@hotmail.com,87037b94a4165d56b620cc961555805f78c87d48522db337387706ba7d0e4194,22aff4b9055d273f,Osobisty ludność hotel zabawa niż.,76592b9de6d38238a52a3651867871e5c670e6320a8ef46a84b5590f8933f33e,https://picsum.photos/756/552,2022-07-29 14:11:23,True
638,Stefan,Komuda,MEZCZYZNA,stefan.komuda,stefan.komuda@gmail.com,8b3a507480981b5eaa701c7132448f04b5875f985b19ed2e814bc4ea72348dc9,4bca7505f3d71347,Itp. alkoholowy zakończyć seksualny u – zwyczaj.,25d042645663e6bdd362f73b7da580805f46b9d67fea5acf936623a0dba98c58,https://dummyimage.com/180x500,2022-02-08 23:09:27,True
639,Mateusz,Nieścioruk,MEZCZYZNA,mateusz.niescioruk,mateusz.niescioruk@yahoo.com,03dd3140af43059e8b0d6bbad570688bdcacb864d836374c45ce7b132be15d2c,f9905ce865a77b3e,Wyglądać zapach lotnisko promień.,b9425afde1f5e5eb96e85d5c8de35a813299cff343efba751cc9dfa349d486c5,https://picsum.photos/164/322,2023-10-19 06:38:20,True
640,Dariusz,Gajownik,MEZCZYZNA,dariusz.gajownik,dariusz.gajownik@o2.pl,e7d4640a73918e64b2cd199bdf9ed885c3d9f3040a9f7e3de4bf944cad1b318a,41a6fa550f017885,Rok nauczyciel siostra cisza graniczyć.,4d1a42541d794ab1edc8ae912d638e2f93c9ffa88e80a5a2312e97fb85398955,https://picsum.photos/176/2,2023-06-13 10:33:19,True
641,Tadeusz,Baszak,MEZCZYZNA,tadeusz.baszak,tadeusz.baszak@interia.pl,363c366b0f565aedfd8a8e2f159fec0d149b1e59f0079b0b8b748a0e2b809a83,db39741f57c7566c,Jechać tradycja sześć członek aby zabić.,4c5c8e0dc745b2248f961dc212509c410f244874f859b781da80b8cebda43bd6,https://placekitten.com/87/343,2021-01-19 06:27:42,True
642,Nataniel,Graboń,MEZCZYZNA,nataniel.grabon,nataniel.grabon@interia.pl,51b18ae410363cf606dcfb4a1579d4041e66e36a35406505c2160b043d41aae3,fbd50348baac6513,100 uciekać mieszkaniec napój pozostać.,e015828237b82b33fcee6e7a11050361c3f2fa45402217518d7758b1d0a6c82a,https://placekitten.com/996/730,2022-12-18 22:13:34,True
643,Melania,Osada,KOBIETA,melania.osada,melania.osada@interia.pl,d5aa2f19cfd52cccb7eeb3f3a5e9870f8c09303ec2955fe8dd43eaa65aa7bbaa,dbec01eb8ba52cf0,Trzymać 4 kobieta nocny wysyłać zmiana niedźwiedź mężczyzna.,88d178d728e8394f3bddcbf9718730f9c0b5b6ce689d99a5146ba9a9d02b4b1b,https://placekitten.com/250/65,2021-07-05 23:32:15,True
644,Liwia,Pietrusiewicz,KOBIETA,liwia.pietrusiewicz,liwia.pietrusiewicz@o2.pl,6f5282c6115e954162141364785617e92e86e67f0c6d4be2e973a7ac87123fe8,bb2c091930de87c8,Wreszcie rzadki luty.,147f3dc36a8023993910b2a692d79279b8e34001d4dc63757a3bfd6dfdaff224,https://placekitten.com/794/550,2022-06-24 19:23:37,True
645,Ada,Mateusiak,KOBIETA,ada.mateusiak,ada.mateusiak@interia.pl,0a8952330f709b65b957e4158137ed01bc04a76c13607558578b4d4622ce0953,e3c10ba8e7bf1ed0,Daleko drewno siódmy udział wieś otworzyć.,205b514cc598279b639fc26f40ea10494534d886f6b436de514b30e01c4bff5a,https://placekitten.com/346/201,2022-04-09 01:06:47,True
646,Eliza,Januszewicz,KOBIETA,eliza.januszewicz,eliza.januszewicz@gmail.com,934fd34a8a7a42799af1500df3d001c91124634d8a83ab9b5fc5aff74a380e2a,bc63cec984663f9a,Chory zniszczyć środkowy ocena uśmiech zamek.,5ea52c02e5e643f073bc974415d885e231c85f2867548b704a59940d5ccc2a2c,https://placekitten.com/837/480,2022-11-20 19:07:58,True
647,Kajetan,Błaszyk,MEZCZYZNA,kajetan.błaszyk,kajetan.błaszyk@gmail.com,9a51792c67773236e383407b14802c940eb44ee635d9e3192339ad7d6f77e3aa,09b377aeda071ce0,Wolny babcia przyrząd plac zdanie stosunek.,a3a6795ee226876d608e97571f4657c11b1ad81d242c64c8bd8a0fcb4cf672f1,https://dummyimage.com/804x363,2023-01-10 08:12:03,True
648,Kacper,Noras,MEZCZYZNA,kacper.noras,kacper.noras@yahoo.com,a6de2042cd0443c581d2c893ab7ba9332b533b922a9cb8bb8a01df2da49efe51,5cd3255e8ee79ed3,Intensywny godność zwłaszcza nazwa drzewo bliski zaczynać.,a2882062c4a722a8cd74a34945542bdff56d03dd79db3e809baeb5d1fe6b0c62,https://dummyimage.com/404x620,2024-12-11 05:01:18,True
649,Ksawery,Sroga,MEZCZYZNA,ksawery.sroga,ksawery.sroga@yahoo.com,51227165c2c2af9a84fd592f290346b972be4095fb5fd5d95a6cb5521d737fd3,409103aa7ec0a0c8,Dla klucz zimno brzydki intensywny.,b1c857447855ae5fb335d3fda6dc5bc50d9af38bf5bcb195ba4ec2a333290a43,https://picsum.photos/714/16,2023-06-22 11:02:45,True
650,Apolonia,Prostak,KOBIETA,apolonia.prostak,apolonia.prostak@onet.pl,e5b7e1f191bde91171c225c804e57943541d9cc201c0fc45300e754fe13c3ab4,b00c8bed5dcddb92,Nóż otworzyć urodzić się wolno pogląd wyścig turecki.,8ee45be107dcb490b6123bb858997fd86dee389ab1a4b7b4def56175a78633e4,https://dummyimage.com/927x472,2020-12-30 01:02:23,True
651,Olgierd,Owczarczak,MEZCZYZNA,olgierd.owczarczak,olgierd.owczarczak@o2.pl,c11220fb79a97c275058f70349f4600d2c4e3506520ec6524dab08d7133ff7b2,f0f52d0f2f40d349,Zjeść pełnić piąty dwudziesty masa obowiązek.,f6abda7e6c11c06365ddceb4559a9a7d87e67d32036caa375d3c8d4cdcbd6dcb,https://placekitten.com/992/725,2024-05-08 10:50:18,True
652,Blanka,Ludwiniak,KOBIETA,blanka.ludwiniak,blanka.ludwiniak@onet.pl,68851cb8eddd3fa57bad1770866a9c0a23f290111782e135e2e57796febe9222,50a1142b95eebe1b,Domowy słuchać okazja wkrótce flaga.,ec42e322bf7c7065f85feff90eb47fb63e834b240fe1375fb32acb153851bfd7,https://picsum.photos/996/903,2025-05-20 23:32:37,True
653,Julianna,Swaczyna,KOBIETA,julianna.swaczyna,julianna.swaczyna@yahoo.com,c7e25faea18f1e8287e3b56602f09a4dffac83f2b588eb2ef549ac1733244c65,3fe886dba3c52088,Medycyna zawsze sport żywy warstwa.,a8c892d578a0416b84c99c9ab96646ee777c973212ac05eadda27f6ac4108bb4,https://dummyimage.com/331x381,2023-02-04 01:40:36,True
654,Sara,Danilczuk,KOBIETA,sara.danilczuk,sara.danilczuk@o2.pl,ea5688aa918668b132d7e5fd6be41c3f85603a5e8f74811ea230b7f8d09723af,1b0fa603fe8a327a,Taki prezydent zupa.,4e1e4f8b51ee51906a361351888de362895257d195a5175e34dd6ffbe3c6c516,https://picsum.photos/438/796,2025-11-12 19:20:21,True
655,Olaf,Maksimowicz,MEZCZYZNA,olaf.maksimowicz,olaf.maksimowicz@onet.pl,069fbb35b4d68f4dd22b442871e0adb26062355e62e44d3f7db6c234dfd662d7,b3b93b61d4a98882,Wysiłek okręt bardzo tytuł podobny jezioro sport.,38d8d13195f6d06d195ce68dae1ff4f2877ab85e19abbca568395943a82d9cc3,https://dummyimage.com/969x765,2025-02-22 15:08:55,True
656,Blanka,Wesoły,KOBIETA,blanka.wesoły,blanka.wesoły@gmail.com,9c7d0a2197b823acd10269495042ed2b348457e1e82f062bb093d7ab9319b817,78251ace03117f47,Kościół nocny południe lekcja istotny nóż uśmiech starożytny.,2336ab407e21fb021eb799a7ebf5bb40ae4e4f117b436b3bed038729aeca4aed,https://dummyimage.com/460x789,2024-07-29 12:36:00,True
657,Oliwier,Malesza,MEZCZYZNA,oliwier.malesza,oliwier.malesza@interia.pl,a3a321acae41f34f66b0d81fa81e2dfc336b9542ec51b09328387705637753f2,90f104351d614a2f,Bułgarski niedziela rozmowa stan hodować.,08f2810df2b3da4123064c611c79477c347248580a5f401a7c0d439be67fe684,https://placekitten.com/290/114,2024-11-21 11:31:14,True
658,Malwina,Rozmiarek,KOBIETA,malwina.rozmiarek,malwina.rozmiarek@hotmail.com,0b4e670d861cdaee94c500a1f8bb1645ca1ada8e9ffb3da4df26590d3c03968c,785b7e7c7b4f16a0,Wilk gospodarczy stanowić.,403d7ff2d4d74cc4699df6f9a4cf4d2088347e09ecff720b8d4b775781f87c49,https://picsum.photos/232/52,2024-02-24 20:03:44,True
659,Ada,Bodziony,KOBIETA,ada.bodziony,ada.bodziony@gmail.com,cc474de73ca82ce379e631449d307cdf24290422a27dc9bd41c72ef1b1847855,230cc5bfb864cbbf,Naukowy umieszczać metr prawny konflikt trzeba dowód przyczyna.,114e187cd225180756a8eb3d39f2197c9a16260431dd02cd3331f1db92876ab9,https://placekitten.com/156/434,2023-08-23 22:17:00,True
660,Józef,Dylak,MEZCZYZNA,jozef.dylak,jozef.dylak@interia.pl,088b6eab2550696ed534fc5a956b572e24d9f6059c6ca63d705ed4614d73f311,fe624491872a15c4,Minuta siedziba trzeba rozwiązanie sukienka.,179d3d3ac106ea9ed243eae957008a3c164f94d6f26c1fbbbfec9b017788090f,https://picsum.photos/257/15,2025-03-18 12:52:06,True
661,Kazimierz,Ryguła,MEZCZYZNA,kazimierz.ryguła,kazimierz.ryguła@yahoo.com,dace8f705f85bd0d9efb431afc65005ccd08b54f47e8994fff61661118464768,0ab9dc5430562b56,Przebywać struktura umiejętność blisko.,8b8ff9c2d7aecc60e01e0101d7a2c1a505d79061c469944d6bd6c51c22288305,https://placekitten.com/494/1024,2025-02-18 14:36:02,True
662,Rozalia,Pyszczek,KOBIETA,rozalia.pyszczek,rozalia.pyszczek@gmail.com,d6cceb5fa7beef30fe2a96edb0104951c4ee4b2e9e479da9fc8c6c36d7995a42,de2ef3e834570a43,Ta pomysł umieć obywatelka lód flaga.,4be1318c77fef47b85b2e1a8eb79eb385fb85325c04a36380f45a11e65755407,https://placekitten.com/118/565,2022-06-09 07:43:08,True
663,Kazimierz,Klepka,MEZCZYZNA,kazimierz.klepka,kazimierz.klepka@onet.pl,52e7b376f8c701df289f4074aeb2318b6359047d02de98e42beaa0e9705dd967,acf52d61603328c4,Zbierać stawiać kiedy zimno chory.,d61072af463924fef992cd8955d62e08a03a0f5775bba8cc4fcfacff07b604a6,https://placekitten.com/847/334,2024-02-16 15:14:17,True
664,Kacper,Dzidek,MEZCZYZNA,kacper.dzidek,kacper.dzidek@yahoo.com,9ea8b100a250a6c431decffbf453d3bc7f098810050edd40785545d79036d544,90b636477e7c736c,Woda musieć mocno ludowy płynąć.,90dd05f959beb7dad0c9baa976c774ad8d4b830d5f27621aee86574c8063a4f5,https://picsum.photos/540/881,2023-07-06 04:49:57,True
665,Julianna,Staś,KOBIETA,julianna.stas,julianna.stas@gmail.com,816ec55d89b945ba520005281e2c87acf033f8335da44b4d28e1198a21bb55a4,aeeb1f4c453ab4aa,Drapieżny pacjent 100 wydawać się zabić 1.,3824035a4bb7f87d7c6391646bd03edc11561b68d936779097825d6fa7a84da8,https://picsum.photos/49/215,2021-01-17 23:04:13,True
666,Cyprian,Obst,MEZCZYZNA,cyprian.obst,cyprian.obst@gmail.com,33e29c4aae54540000d911be8e46a8ba3efc66089f1e3e869c798f4b47ed98bb,beb92ebd5b4c01b0,Siostra obwód włoski.,bb029df1954ad80e83378bac097d9018416bf2df8c7389d324458e285b436d52,https://dummyimage.com/321x905,2023-07-01 04:03:43,True
667,Jakub,Podeszwa,MEZCZYZNA,jakub.podeszwa,jakub.podeszwa@o2.pl,bee3af04c0fb20822574bb4a1fba4a6498e8aa3b17ff9841d124a5da56bd48e8,22cfb0a43e9c7e31,Wróg zawsze udział zimny zdarzenie siedzieć.,ed415da6d67dcb38258965b9a3abec2cbc2ec61710b7b66dedd3e27168e7d2c8,https://placekitten.com/245/91,2024-08-10 16:34:14,True
668,Tadeusz,Szczot,MEZCZYZNA,tadeusz.szczot,tadeusz.szczot@yahoo.com,cc10659b83996e8d588b08f146abfd9f06e5278c5341f82bd71750f4220c7209,d22658e52053655d,Układ wiele ile wszelki gatunek zwykły.,50b10561a2406c3070fdc51a702cef9ff6f2025efd394f0c382787bbbf020f2f,https://picsum.photos/399/765,2023-01-14 16:58:30,True
669,Szymon,Owsiany,MEZCZYZNA,szymon.owsiany,szymon.owsiany@gmail.com,0f6affd8206b5871091c40d31fe5bd7738abfe3a59e9e8c50d6d087e9105af9b,33a26a2e2ce8b403,Promień mały około stać się.,4d5ec4b363e4a0214060187bfe0cd00f99d0adbedcc8ea997706b8cbee55fdca,https://dummyimage.com/523x932,2021-04-08 14:43:55,True
670,Dorota,Gronostaj,KOBIETA,dorota.gronostaj,dorota.gronostaj@o2.pl,af1751c429d7e0fb7bfd88d5b32fd0c519117af5eb3bc188c984be0a358dc9e1,ce4d391fa0c4f9b0,Podróżować funkcja nastrój założyć chronić lampa.,39d74768227ea22cd77f30fcd532cf1f6e686a50550aeaadc3df7514b579e9ad,https://placekitten.com/750/298,2022-06-21 22:35:08,True
671,Nela,Fronczyk,KOBIETA,nela.fronczyk,nela.fronczyk@o2.pl,72fabe9228844c4b46290901801859ccde054125dc9ad6d1a1f22dece4b18beb,e42553c1cad2b93b,Łuk armia szczególnie Boże Narodzenie 70.,a4a3a09de7ab2c9a17c327a4018a413124af7bd59b66861c38f3736a52c969ec,https://picsum.photos/937/276,2024-08-27 10:47:42,True
672,Julita,Bródka,KOBIETA,julita.brodka,julita.brodka@gmail.com,570049d36b044ffbfa10870a32cbe3b40409808ee3990e0b80d567604c33ecb6,14e8fb031d82b7f1,Grudzień święty ze uważać błąd pozbawić.,ad57366865126e55649ecb23ae1d48887544976efea46a48eb5d85a6eeb4d306,https://dummyimage.com/588x157,2023-07-25 16:54:08,True
673,Marcelina,Kozaczuk,KOBIETA,marcelina.kozaczuk,marcelina.kozaczuk@interia.pl,e5d0bdb49064e2be3f0e893107b9ff9134170d03d2f0b124e747ae2eb69c1189,1de9ad3d2e6984fe,Określony łaciński budynek pojęcie herb.,3bb90292209fa91a366589c491e58ec0b0d6ec3f7bfbad8a48f5efe77f6eaf26,https://dummyimage.com/600x633,2022-09-16 23:44:39,True
674,Cyprian,Łuksza,MEZCZYZNA,cyprian.łuksza,cyprian.łuksza@o2.pl,86caa0b30a2b01356d1ae4b0c77323e11b5fa58a5faf85e4add730a2538dc176,98b364e04f9bbdcf,Deska 1 dość.,47c38c22d6df51f8e9e09a38a64d08719cedb972cf3f90ec4ce1f4e303261bc6,https://placekitten.com/303/1005,2021-03-13 05:23:35,True
675,Dagmara,Grupa,KOBIETA,dagmara.grupa,dagmara.grupa@o2.pl,9e8821d2ea6bed4acc814da1c92ea06e7fc01a0a7c1c857674867d2450ee151a,8f3892977b7ef7a5,Dostać leżeć krzew pragnąć ulegać abugida.,03832fddc3ddc8de5e6281e25ea61b44972db9f0a9c68f3198eef8d271e87e17,https://placekitten.com/349/783,2023-03-30 16:15:10,True
676,Iwo,Oleszczak,MEZCZYZNA,iwo.oleszczak,iwo.oleszczak@hotmail.com,cf53286ea36f02ccb37f1e83b03b68e91576f43b16f4420bae20730766c2c8b8,41bfbee592cebe44,Kościelny obecny pragnienie los.,e79e695c180d30bd3ed905a7f45d9e0f593eb1835bc67f28fba629948c2fad91,https://dummyimage.com/938x167,2024-01-04 11:55:53,True
677,Stefan,Wikło,MEZCZYZNA,stefan.wikło,stefan.wikło@hotmail.com,3fd8d69c118c41640c99e9dd87609d6dd244e281a06bcf7768819ca497c391fe,aee934bb247aee14,Rzadko wydawać twardy numer i dokument.,2d494f036122808d2793a20fd0c1c684247d82129c0d2323fd74f7fab0558653,https://placekitten.com/766/1010,2021-06-06 16:09:25,True
678,Malwina,Tatarczyk,KOBIETA,malwina.tatarczyk,malwina.tatarczyk@hotmail.com,d40919c878beacf636dbaf101a9a43b651cac20dfde666b59a55e3c503d992c2,11e2c5157a804a9b,– użytkownik członek.,7d851c68b7cc765ab816d711f6277ceb97aeca474246d3907bb4792166d22c06,https://dummyimage.com/935x723,2024-07-17 20:14:55,True
679,Ada,Golak,KOBIETA,ada.golak,ada.golak@hotmail.com,0cd3a28157968d3f3cfdd4f401d44a5874d4753ca54f1d3541b177c5325e1bd2,4173445cad36e685,Prawny większy wobec jechać.,bb2fe39ba807738a3fba5089f5163f5ed5d90563a0b7f7426d8c78773562400d,https://picsum.photos/768/362,2021-03-03 23:39:08,True
680,Ewelina,Mamcarz,KOBIETA,ewelina.mamcarz,ewelina.mamcarz@yahoo.com,47b9bd030dd2f52e6769f5303eda79ce345875053ed54691d091d1452cf6927b,bae20eff1c495013,Słoneczny królewski niszczyć.,084aa3f326013aa286ae9fd06ef3ac37bcd353c069cc12b2c03839b7aac85463,https://placekitten.com/944/875,2021-12-21 19:12:30,True
681,Justyna,Bartoszczyk,KOBIETA,justyna.bartoszczyk,justyna.bartoszczyk@gmail.com,3d29340902eace929372405dcf27467047cb3587aa130610e95460b8853fa998,16be6ab07c0bd56d,Zakres pijany w kształcie wczesny zdjęcie.,e4a63c15cdf277f84044649af23498fa6700a750d1561f7a30c0bc1ac398531d,https://picsum.photos/335/969,2023-08-16 12:26:02,True
682,Inga,Szczap,KOBIETA,inga.szczap,inga.szczap@gmail.com,a4f53cdcc6045fc570697e14fc66681d3e0814050a91e95fb070c90ff2ac8a76,34e2a413e7609bc1,Można książka miecz.,abd14ab76f988d72866ab5d262cf58684011e8168c21ae7cc5964b4b6fc92ce6,https://picsum.photos/448/488,2025-08-22 12:59:46,True
683,Sandra,Madejczyk,KOBIETA,sandra.madejczyk,sandra.madejczyk@hotmail.com,4fd7bf8899294346a5fc9680e391fb8fdee2c9de0a6fc5c943a73976e12148ca,497b6bb6645f0442,Przy pełnić wiersz wiedzieć r. śmierć gdzie.,afc0b0d1d853ba78ab43c5c36448cddbb82cce915e4d68d9e3ca7af40361d5c5,https://dummyimage.com/538x703,2022-07-12 13:29:40,True
684,Przemysław,Florian,MEZCZYZNA,przemysław.florian,przemysław.florian@interia.pl,3abe72e7a7f0dc34b56b41b59b012b33583b79f73cb8e2fa095c7d2dda1f33df,b455709a369a7afc,Mapa zjeść pismo zdrowy powieść iść finansowy.,7e1e6d5a7f26510a1c7b3cf1b923b737cdcc39a0eef7ec2822509f9cefcae6e5,https://picsum.photos/739/733,2023-06-21 23:55:56,True
685,Liwia,Wizner,KOBIETA,liwia.wizner,liwia.wizner@o2.pl,1cc19bb4c0ca1ec50058eb45e6b827f6fe04d0469699dd4542bb9e95183ce933,aee24c234e706462,Dalej siostra państwowy partia patrzeć.,df4ad90f22b2a748ca1ae91292cf609ae4852dacee40e3f03bb66ed2984c55f6,https://picsum.photos/673/285,2022-04-17 08:54:07,True
686,Arkadiusz,Bereś,MEZCZYZNA,arkadiusz.beres,arkadiusz.beres@gmail.com,ed758a7decbb4860efce3744c3d83bf37ea5d4801d233f579f69c5a975c944cc,00a3bb67541c4bdb,Górski kwestia panna.,9df1e37ddff697d774489f7c1e4702e67306de401f653d106bfbe8164707c05c,https://dummyimage.com/530x258,2023-04-19 04:16:07,True
687,Marcin,Śledzik,MEZCZYZNA,marcin.sledzik,marcin.sledzik@o2.pl,9baf7faa820dbd9a8e262ee0f6096929c3c9d7cc3d1a3f516fb550cac7cc45c9,d0dbcf03bc21781d,Wy tekst wolno wy.,55ad9c855103901584454cb2a80951adcd753e35a7521f6d4b75bdbd180ad70b,https://dummyimage.com/357x740,2021-10-12 03:56:14,True
688,Andrzej,Peda,MEZCZYZNA,andrzej.peda,andrzej.peda@interia.pl,4ab62edf6a23ce7d40f9e13e0b3590f272640d1ff942d903143ad8b4cf05b5c9,79aaeb8861debb1e,Ściana piętnaście ziemniak seks uderzenie państwowy.,cf049fd7525586d56c3b970028feee930eb2892883142d8213c56eb079fbd667,https://dummyimage.com/777x174,2025-11-10 06:06:05,True
689,Dagmara,Bystroń,KOBIETA,dagmara.bystron,dagmara.bystron@interia.pl,5b6bb9e3a460f5715ec05d6b9f944955a5d94ac630f7432ab3b63e01991564f1,a6c912f5b6d56e3b,Sowa wysoko stary przypadek zabić łatwy Pan odcinek.,f240f85a4284ccf8702c50e52a54e5329a4ba867534d5696644aee3dbbfdf81f,https://picsum.photos/501/308,2024-12-07 21:42:05,True
690,Monika,Hein,KOBIETA,monika.hein,monika.hein@onet.pl,c66bb0579fa0622b0b7f9b5b250f19a3c3fca884a58f93c3d6a9189d869f3f6d,9e31fd16f9bd9ea3,Słyszeć postępować specjalista zabawa anioł.,a277b9950b3a178fde072126606677758dcc94887eaed57e5cb344b5f30f5f07,https://picsum.photos/202/321,2021-02-04 10:03:24,True
691,Roksana,Zasępa,KOBIETA,roksana.zasepa,roksana.zasepa@yahoo.com,c0e75bfb172260161752db2d7b9c9b882acbdcd2d1df60a2c31e7ade7d6737d9,381b73ccfae3da5c,Wyjść młody grzech materiał ona.,9e6ff090cad92d5a77b61e50e62c4659ffb02901d3e1fc0eb080d87c48c44e05,https://dummyimage.com/540x545,2021-01-14 15:08:57,True
692,Tomasz,Pacholak,MEZCZYZNA,tomasz.pacholak,tomasz.pacholak@gmail.com,b326498eff41f9477732573efedbadecd735d517088c4942e13de5d473569c63,f1458eb19e8ae5f2,Para wysokość położony dom długi kilometr struktura na zewnątrz.,4a0916ee9ae469d6b2dcf196b89fecf88664eb65dd9fa5e69c7c1f14f8f85f8c,https://placekitten.com/502/790,2025-03-07 08:14:52,True
693,Alex,Nojek,MEZCZYZNA,alex.nojek,alex.nojek@interia.pl,dcb2519fec1045c888019d6278019622cb7cc9d12c1232fa6d8d86567e3faf6a,fcfad500d47a646d,Zmiana 1 gazeta 9 wiele skóra.,45cd26ebfe5784f005e5d2f5eb6e459253f41fcb3f98da3a81cf2048c0d36acf,https://dummyimage.com/694x482,2022-09-13 04:46:26,True
694,Róża,Krenc,KOBIETA,roza.krenc,roza.krenc@o2.pl,dbd394c84063240abed238db365a6b9a438970c8c64b9ca63cdd69fa389f051d,692fadb238732304,Dziewczynka światło strata katolicki.,1af079bdea229c5d84fc911cb9eedaf109d1013289c8227af4d7571c6e33e172,https://picsum.photos/419/734,2025-07-29 10:09:13,True
695,Marcelina,Szumiec,KOBIETA,marcelina.szumiec,marcelina.szumiec@onet.pl,596d22c8016bc0f79704046376b60f19a196739ea909606b7248642a824d13ab,926cb603cf1f58f8,Trochę rząd płakać włoski.,6e2d694dfd6eb1aa2823bc621f0eb0de759ef6fc83776e101fa37072f779a741,https://picsum.photos/448/815,2025-06-24 18:24:49,True
696,Marianna,Strawa,KOBIETA,marianna.strawa,marianna.strawa@o2.pl,97b04216a46e666a4e0d0d56a4fd2b59a5af9c78e285bce6de1a3faea1d2a92f,c561b5e50af71235,Rada owca nauka drużyna uczyć się żywy numer.,403d7ff2d4d74cc4699df6f9a4cf4d2088347e09ecff720b8d4b775781f87c49,https://placekitten.com/85/286,2025-02-24 04:59:18,True
697,Mariusz,Franiak,MEZCZYZNA,mariusz.franiak,mariusz.franiak@onet.pl,6fc6c3f478d2348cc953dd65310933ae22e89ed74c475c5015841cf6fe2b97ad,c8b90d79d496d8aa,Polityk jajko organ.,e58a47ecec849dffd46e3d6b258cd89d389fe4cda8a4730a0bd97897c633204b,https://dummyimage.com/862x62,2025-01-28 18:47:54,True
698,Urszula,Latuszek,KOBIETA,urszula.latuszek,urszula.latuszek@onet.pl,c3887bd62f4d8e295cc6fad113cf4ff35a2b6f3fba65e56b2427aa74fd972db0,8fbd09e9747a4df7,Przeciw zrozumieć 1 cukier jedyny dla.,5af11212e9cdad0eb98b5055a4c4a17f50ad8eed7ad6224ba79bd4328907789f,https://placekitten.com/902/323,2025-09-04 10:33:26,True
699,Ada,Sych,KOBIETA,ada.sych,ada.sych@hotmail.com,384e49c524bd6606d3c74bfba9bcb3df0a47b6661e188b10981d54de1a079d27,7b649354e068382a,Katolicki krzyż ser rzymski swój pierwszy występować większość.,ca5370cf079aad5287c7cee09cd0ef52c5338cf364616f2069d12e66b6b44882,https://dummyimage.com/1003x184,2022-03-21 18:24:13,True
700,Bianka,Fechner,KOBIETA,bianka.fechner,bianka.fechner@interia.pl,e819a6d42a98945e06e2cf86206055d72420e0ab9150df7a6fa302c80cb757e9,d2ddfe2961a44db5,Późny filmowy ubogi.,77b2883fafabdd43895e0759949d2b4e43c93dca8f5f1b0dcf000bd07ebf80e2,https://dummyimage.com/813x920,2022-10-07 21:28:20,True
701,Robert,Jeske,MEZCZYZNA,robert.jeske,robert.jeske@onet.pl,257a4de5c5e4110a2c4aa446bdfccc9d646167a75def39caca54df5940f59051,b1df22fc86d54bdc,Decyzja budowla ciągnąć zachodni herbata Polska.,9e6ff090cad92d5a77b61e50e62c4659ffb02901d3e1fc0eb080d87c48c44e05,https://placekitten.com/272/1022,2022-04-30 12:21:36,True
702,Aleksander,Guziak,MEZCZYZNA,aleksander.guziak,aleksander.guziak@hotmail.com,0b7ddd01421abd3b7a7854fd5633a9a958b14d5583454edb4033bf7932ba4da3,52e8d6332aed0072,Stacja nocny znosić biblioteka pierwszy kilka.,e5c7d325cc13781c0b8b367d3ea1d35405265061272dd6efa7f18fe4b7115290,https://placekitten.com/804/756,2022-12-12 06:06:41,True
703,Ewa,Albin,KOBIETA,ewa.albin,ewa.albin@yahoo.com,e042d8908ec921d1a9ab63f14ec07c21ec50184cb09527ec337025ce4d7b5051,fdd311cc69bc6bdb,Szpital występować wykonywanie drugi.,ff3c6d8a7310490638805ae40f9d99e3e45c8b36b76817bc72096b5c5c94f1aa,https://dummyimage.com/194x24,2024-03-08 07:48:38,True
704,Marcel,Majdan,MEZCZYZNA,marcel.majdan,marcel.majdan@o2.pl,b2ae401b0982a5b20cce5d60b0d6371b37b5228b1276f94befcada9a99a1ead9,9f02949d3a05fa86,Wyjść książka jej więcej wysłać.,b509390e867e68cd600ba413d12c0806a250b74cf70d35aae9d3ecf762bb2402,https://dummyimage.com/696x31,2021-07-07 03:45:40,True
705,Witold,Olchawa,MEZCZYZNA,witold.olchawa,witold.olchawa@gmail.com,b89c2e2fd76f3275fbdc0fb41462dc3a43d4373c465f67a10f9efa1c486bbcfb,72dd121fdd5cd5c5,Reguła uważać blady uczyć piec.,7587669ca42e19e8a9aa89df1c2d901970d2966ddddfc30b86120f3c933a9f5e,https://picsum.photos/944/172,2022-04-27 14:02:11,True
706,Klara,Dynak,KOBIETA,klara.dynak,klara.dynak@gmail.com,594f76a040281492d5d49ea7d0863310a1158c34533ced16d472df99bac88337,b39b86a4dc94465d,Ciąża wolno kilometr świątynia.,f15760575fec30d9ee19c8b6b8d838d33f9cd474b3fc3fbd9a3311a59dc81127,https://dummyimage.com/1011x17,2023-07-02 21:01:43,True
707,Tymoteusz,Helak,MEZCZYZNA,tymoteusz.helak,tymoteusz.helak@interia.pl,648eae8ec6b854cfacc7d5eb056f98ebffdcad71ea9fa4951648a244f5d401b9,1a80e66869479a1d,Wejście można cześć skłonność czynnik zły wymagać.,4f83bcefddc989d0ea1e80d8e7502377687bb7b26619f1ced550b2988f538200,https://placekitten.com/350/790,2022-03-22 16:02:12,True
708,Nicole,Myszk,KOBIETA,nicole.myszk,nicole.myszk@interia.pl,6643b8ecd1ae7c64a87759b8c2452f66d8a9bbf216508fb3b947e56cac37e54c,2df7f03075e14b2f,Nóż piękny szkło błąd członek.,21eb72a1d8785862df27a3b07ef5d2e698af0eeb47d8599ee20b1f37950583dd,https://picsum.photos/233/148,2022-10-22 09:11:02,True
709,Kajetan,Janowiak,MEZCZYZNA,kajetan.janowiak,kajetan.janowiak@hotmail.com,d74c51c89605dec45178726e4de20bcc2c74d397a97186c567f5ae91e112158d,2b29537eaae5ea2f,Doprowadzić prąd lekcja dopiero rysunek.,416dc3356a6c11db59aba5d802073f03b6569e4c7f09fb20074f28662b7a240b,https://placekitten.com/680/486,2023-12-02 17:27:25,True
710,Natasza,Lemanowicz,KOBIETA,natasza.lemanowicz,natasza.lemanowicz@onet.pl,fe6ba108ad4e5adbd4cae2559c37fc9050a1bdedd1bc6d8d7a07c69f3d77e6f4,368fcdb3593ba1be,Niech właśnie zając studia tworzyć Bóg.,f240f85a4284ccf8702c50e52a54e5329a4ba867534d5696644aee3dbbfdf81f,https://dummyimage.com/192x242,2025-03-10 21:58:13,True
711,Damian,Smalec,MEZCZYZNA,damian.smalec,damian.smalec@gmail.com,03398240d9f4fed106dc407b0f3e597065a2be262a76d9541cf054023d30cdaf,a3db7f499fee5c7b,Drogi błąd fala drogi podać pełny sztuczny wziąć.,706d87e328aaa2e8150a6baae58bcc09d2f930daabd85c3b2720897871f08bf3,https://placekitten.com/762/491,2025-12-16 19:03:49,True
712,Dawid,Janka,MEZCZYZNA,dawid.janka,dawid.janka@onet.pl,caf4d9a11e66832bcb3636a66fb1a3335945e616f75c09e583f6083c9e7d3f7d,314f8fb34033d689,Poduszka wkrótce używać uzyskać.,96c7695d4744412e03e53cd23dff5efceb72bbfca2561cb290018e8e37a56fb0,https://dummyimage.com/6x666,2023-08-30 16:54:28,True
713,Tola,Walentynowicz,KOBIETA,tola.walentynowicz,tola.walentynowicz@yahoo.com,64736b6a758620394aa395d76dd005c8f61033cde619ae6d0b11a469da03a391,d7cfac600b5152bd,Zamykać oddział sportowy bóg.,3b3fc03966835643a3bc784c0ddfea4d1bbd912f0836810d3830d76c29238f53,https://dummyimage.com/348x123,2022-11-26 02:06:27,True
714,Marika,Han,KOBIETA,marika.han,marika.han@gmail.com,a154ef172c59612d7c5580102f1b5ea4d4acfafd957f164a5b7a5a1806c5a48b,ff4df06e62eebc3d,Jeszcze prywatny władza budować klient.,06824740e7498371fecd7b7c9229f18b1ecd5d978ebe9095070afc428aa285b4,https://dummyimage.com/2x291,2025-07-16 15:17:37,True
715,Tola,Grymuza,KOBIETA,tola.grymuza,tola.grymuza@gmail.com,b4a6db892e196021d404dc7889c8b8a414e864edeaf55d8148a1af6b45f364be,8efcd80b43708929,Mąka podstawowy całość wciąż kształt.,32f30ea0e83c41a331c4330213005568675f7542c25f354ebb634db78cc30d12,https://dummyimage.com/599x761,2021-02-17 09:40:38,True
716,Lidia,Krzyśko,KOBIETA,lidia.krzysko,lidia.krzysko@yahoo.com,e771e85295a22274bbb5e819fa0558e704c4d2ea996cd2dd5d7164f3fac6dd0d,c1d904df5782af60,Wciąż broda radość sądowy wygrać mocno deska wobec.,a3a6795ee226876d608e97571f4657c11b1ad81d242c64c8bd8a0fcb4cf672f1,https://placekitten.com/567/727,2022-09-24 13:05:31,True
717,Elżbieta,Walusiak,KOBIETA,elzbieta.walusiak,elzbieta.walusiak@yahoo.com,d6e99d6bf95d9b647aa7e831fe3447a6abafb97f0728054ddef8b5d7f4a6ddc9,69fc89ae09ace897,Lęk kolacja cel most.,d1c5183a10af097397a067c88de727ac28ea4f59b82cf35005c58cbcb3303a40,https://placekitten.com/816/929,2024-08-25 22:17:45,True
718,Monika,Nowek,KOBIETA,monika.nowek,monika.nowek@interia.pl,2e53ac102d7702e40dd7f82ebb36486d8580aed2e58b79193fae949b29330ade,45834e20036d8c94,Przyjemność uderzać dobry gęsty Austria.,05f04516f5bfc24af616370af9a5b1c365b7dfae5577ca03ab0229c4dd03eecd,https://picsum.photos/105/166,2021-08-10 06:04:08,True
719,Olga,Jamroz,KOBIETA,olga.jamroz,olga.jamroz@interia.pl,070c14eb53e8ad8d5310995fc50d74621423b6d5533033c88b07ac9fafb662ad,551637c8504cf991,Atmosfera wcześnie wszystko duży daleko.,b068bda209f4fc856f5a86caa74865a445a4fc469d132c684ea91b63fab75b20,https://dummyimage.com/927x43,2024-08-27 06:13:11,True
720,Eliza,Smagała,KOBIETA,eliza.smagała,eliza.smagała@gmail.com,76c24332104fd5afb1714b79bed83e8a53a8ebb98edb88f8e72736ffe96df211,c761410aa06832f6,Biec trzeba listopad użycie dowód Polak trzydzieści piasek.,d53ffdcb76331cff28a24fd772fef407f5743fde8718b225e273b58453be236f,https://placekitten.com/320/14,2025-03-02 20:12:35,True
721,Karina,Burczak,KOBIETA,karina.burczak,karina.burczak@o2.pl,d81242df0061699a91c717f9f808b30071d57af83f0656164524c61c64d5ae89,007d1169ac2a8ba9,Kult rzeczywistość wschód odzież kula telefon.,1af079bdea229c5d84fc911cb9eedaf109d1013289c8227af4d7571c6e33e172,https://picsum.photos/195/507,2022-02-13 22:36:15,True
722,Andrzej,Kałwak,MEZCZYZNA,andrzej.kałwak,andrzej.kałwak@hotmail.com,fa4ab1aec0cad685505edade4589b29c61a52b84f3a1afd7c9fc8536894ef5c0,000cf55244a35452,Klimat siła moment gdyby przyjaciel choć spadek.,55ce24c7dd849dd89117e2a944d713b02681ee21c91691620d7b307c8004b1d1,https://picsum.photos/744/425,2024-07-28 03:11:52,True
723,Klara,Iwańczyk,KOBIETA,klara.iwanczyk,klara.iwanczyk@yahoo.com,2af06058f33b0543a6f51c0c6aecfd9dcc360309ca9a5b9ad220ae0529eaeefd,40ecbe4c47c8f0e5,Moc 60 ciepły chyba żaden bić.,779d425fd0a7b9085729469eba1721770912dc6bd7ff196341de5122d2cc6ab9,https://dummyimage.com/30x551,2023-05-26 20:57:34,True
724,Elżbieta,Bilik,KOBIETA,elzbieta.bilik,elzbieta.bilik@interia.pl,ca6db2de3967bfd1160b6a84796998a42f8fd781631695a69f49ade1fec603e4,9570e7fd55675445,Kształt samiec znaczyć polski ofiara znaczenie lipiec wiosna.,599459fdeddadcde274799c39b71cbd6caf83495b81ec36d3be9d0a187221e4d,https://picsum.photos/892/68,2021-08-27 11:02:43,True
725,Mikołaj,Doroba,MEZCZYZNA,mikołaj.doroba,mikołaj.doroba@onet.pl,61981a714c1690081c0ca49b4d2031186cdcb24be5a2d03646f6c858691ef87d,22d7ea92d7c6aaac,Czapka to międzynarodowy stosować.,3f9e816c93d1aa5a1030b21b042fc87f36fdfcc6ac1d51eafd95a68fa0bd40f7,https://placekitten.com/790/806,2022-04-07 16:22:34,True
726,Tola,Pyc,KOBIETA,tola.pyc,tola.pyc@yahoo.com,382c50212eb3251b5727ec51ca15637a0c0af1acf29af1024190abd1e6708249,ab359097a2cf7ae6,Dziura uderzyć trudno sytuacja pasmo zbyt zeszły.,48335c45cea7d6ccc4d98a0ca00a9662e70e0a5493f94a6e4b851bee87a93d51,https://dummyimage.com/165x468,2022-01-08 00:07:27,True
727,Bianka,Faryna,KOBIETA,bianka.faryna,bianka.faryna@hotmail.com,a61cd34e68ff2b2218b27f153f84d76156a04bd02a65a0ffd1997067bd01ea85,db35525def33dc1f,Widzieć przeprowadzać ziemski zeszły.,36c6d342a69d7213d4559010b72731babf59737d5a7eec6313742752d39d68e9,https://picsum.photos/320/844,2022-04-25 22:52:51,True
728,Piotr,Mirocha,MEZCZYZNA,piotr.mirocha,piotr.mirocha@gmail.com,2130cc4bd3c2b2b92b36bb59aa583cdbb68e1e917ae6b156d661ae940d8afe38,4fe261664b2ed427,Klucz babka poprzez pasek.,cb048876aa22092502970e2403b9edd4bc59514ef7c1804fa10a45bf6e94d530,https://dummyimage.com/588x877,2023-06-20 20:49:48,True
729,Emil,Nyc,MEZCZYZNA,emil.nyc,emil.nyc@o2.pl,9026d9be9ef7c11299295252c496a9b48bbb0f9418b24c3f27845f60caa8d193,4a67644426240dbc,Aktywny położenie sądowy dół rasa razem.,cb385568c4f0b611537ae98987d9f1c6c3ebecad5d4af12ab699a7e609df9f79,https://dummyimage.com/141x255,2023-03-05 17:37:02,True
730,Rafał,Sapała,MEZCZYZNA,rafał.sapała,rafał.sapała@gmail.com,14bdf0c3522ee58b36abcfacab8a07f8d1b3f1b5bc2715be215d15d17f887f65,fffded9cc8ec3216,Nasz rodowity czysty otrzymać.,6ad7045d69bedf778395fa86197e810d47516d35de9f7f77bcd8e1e989dd3c82,https://dummyimage.com/752x744,2025-01-06 03:13:45,True
731,Ignacy,Oziębło,MEZCZYZNA,ignacy.oziebło,ignacy.oziebło@o2.pl,89c6880acc28b1ad32f4b67fa7a2ea9ab7e3435e85c2f196b012b76e6492d8c6,0b2e1fe64d058815,Właściwy teatr farba żelazo bok deszcz chrześcijaństwo.,1029667c8177bf5d939dbbcfa4eae9bbdf70601795d0619563f5bbdaec603ae7,https://picsum.photos/997/539,2023-05-15 00:21:09,True
732,Olga,Kubisz,KOBIETA,olga.kubisz,olga.kubisz@onet.pl,f1c8b30aedfb0594d7fda1842448abb882f48b268777c3253614986e9765e04a,06939d58409dee26,Wieża zachowanie kura serce wiedza informacja brudny.,586f3843fdfac9a05393bdef3caebc95875e908506ad4c1374422cd69f6c7999,https://dummyimage.com/649x941,2025-02-11 18:08:43,True
733,Marika,Klekot,KOBIETA,marika.klekot,marika.klekot@gmail.com,0bccfb70c3c9868c23efc5b4aa27ec9f9849e48481ca66cd61e35359e109e14d,048d48253443b9cf,Wysoko pas wypowiedź czynność.,a2e27fd066c7861776ac46f8da082786adc980a4e12353e487a56f591e390bd4,https://picsum.photos/779/730,2021-11-14 03:34:00,True
734,Janina,Borzym,KOBIETA,janina.borzym,janina.borzym@o2.pl,c6af72c8bfc3180c20a7f9b3ecbadbcd2ec062a9ed6ba324fa354bf2f297bac8,c87d1b495befe545,Ludzie spać przechodzić armia.,f01f8f432e53f06f47532b372c385c1ad5e01f825f1c10997c54059a78b1f709,https://placekitten.com/250/203,2021-07-09 23:08:00,True
735,Konstanty,Huber,MEZCZYZNA,konstanty.huber,konstanty.huber@hotmail.com,a6e366e73efb464bfc96c5935940e582002298887686da361391c927b9876e9b,b9a6e626c501426a,Pomieszczenie by jajo kolejny przeciw powietrze.,e1c68890789c403c3ba86ac8c30bea3696abbfc43e9a993d3af61b3c1e823c48,https://dummyimage.com/27x666,2024-02-29 16:53:37,True
736,Kornelia,Zacharczuk,KOBIETA,kornelia.zacharczuk,kornelia.zacharczuk@onet.pl,6567d9869cd3c6d52025cd7082c975bacf4caa2ce4f0f2d54e42438e45e97660,0324ffa5872a6437,Prezydent budowa zgoda spadać.,ab484c7ec90ec51f2c430010aa9f2b11a3a5028076a6d134a7ef2d61dde808b4,https://dummyimage.com/546x49,2024-12-12 04:21:35,True
737,Adam,Wołczyk,MEZCZYZNA,adam.wołczyk,adam.wołczyk@gmail.com,34f3b77a00bc44adc72f337bf83549ad521acfb7e5a52cc01a51b6f2b52de3b6,339ce634fa7af0f8,Skała dwa kraina itp..,7aa5cbaf97709f47caac984801aec0cd71c4f393178c5e4239c3d10ab8864eb3,https://dummyimage.com/534x150,2025-11-10 13:06:55,True
738,Filip,Piegza,MEZCZYZNA,filip.piegza,filip.piegza@gmail.com,b0f67677bd648d249d966e9b82700d66c3d9221a6cc82dd426743da76ef89ecf,58237e3015648dde,Sprawiać błoto toponim projekt zachowywać się.,cf949d4a408687f1df6a66f90d12ea7287432bf73806d6bea7934a35b5b5b7e2,https://picsum.photos/533/350,2021-08-24 20:25:21,True
739,Adrianna,Deszcz,KOBIETA,adrianna.deszcz,adrianna.deszcz@o2.pl,539cb34c3280e7128685bdca1b1da8c4f70afaa037fb11755098822a6548044e,cf38fdecfe895c04,Komputerowy sobą handlowy wino połączyć.,5cf6efa164a5f2488702aaa1d7f33160d3ac1d8b2126af50242e8961baa6e034,https://placekitten.com/595/665,2023-01-22 20:29:50,True
740,Albert,Karsznia,MEZCZYZNA,albert.karsznia,albert.karsznia@gmail.com,d529ea74c72048efd2271459020f16d6fa3ac25622d6d152f8fa63e3e0c7fd75,825e86519f32be31,Styczeń grudzień narzędzie metr kula wyrok.,69644b04fcce6ea13e55652ceffc26bb18f0f823e68aa8fe8369029ce4233599,https://picsum.photos/996/751,2024-07-02 19:09:49,True
741,Malwina,Bakun,KOBIETA,malwina.bakun,malwina.bakun@interia.pl,a3269ebed72ac927ea70b2386cbd70407992edd9426fc477bf9d779df60a37e1,f6e5a54019bb604f,Pas błąd historia zamek w postaci ostry dziś.,8b8ff9c2d7aecc60e01e0101d7a2c1a505d79061c469944d6bd6c51c22288305,https://placekitten.com/345/96,2022-09-24 10:22:41,True
742,Nataniel,Rembisz,MEZCZYZNA,nataniel.rembisz,nataniel.rembisz@onet.pl,3d33aaf030d67ad34ceb244613d12f248985d44c7b9f1e4bb941d3518b406246,95d4504cd1c35fd2,Sprzedawać chwila walka podstawa sprawiać tani.,703f6319c1f9bbe9d93447995330314bcd6788314084c4b273d4fd0bb13dd2ac,https://dummyimage.com/1021x211,2024-01-21 00:51:47,True
743,Adrianna,Wziątek,KOBIETA,adrianna.wziatek,adrianna.wziatek@hotmail.com,15f5f98667e26523a48c43d705730dfb9e83b9f3ef1e1312cda908c05ba12573,ed3c0aee8789270c,Łyżka Australia drzewo usuwać tracić podatek pojęcie.,7acacbd5b095f7e79e50db0f3361e8fbf21baf7437d7ba4b406f1fb897d70484,https://dummyimage.com/852x49,2021-02-01 02:03:09,True
744,Olga,Łój,KOBIETA,olga.łoj,olga.łoj@o2.pl,58b64e609e5d923c06c1b4c2dbf2c49f3cb20727ee56cf8ec02fef0ba7f50b24,e0aa3dd1107dcc36,Aktor przedmiot przestrzeń rzadki element założyć niechęć podstawowy.,24dac808513461dd47c8ebb5b640cce85526a24dea6c76cbda0ed28f32dc68a7,https://picsum.photos/187/569,2022-06-17 15:00:15,True
745,Marcin,Przystupa,MEZCZYZNA,marcin.przystupa,marcin.przystupa@hotmail.com,104a91bda21fff6b569a7a02af7952b211a0c7f560cd94061fd90a93a6dc27eb,b9e2925734fc64b8,Plaża święty czyn tłuszcz zmiana sala.,6608c0ab74911e77a35ad3bb8a5551e9211aa9102c0c5eb281ea863292c0aaa2,https://placekitten.com/710/705,2023-05-10 12:03:50,True
746,Albert,Jarkiewicz,MEZCZYZNA,albert.jarkiewicz,albert.jarkiewicz@gmail.com,cca9bb465d4b93bdae609615c924dbc34702f40540a643ab3568c67c50510170,e93f2d5dbf7bbd3a,Stawać Się waga r. ból.,d98df7df9fa94ae1322d266d22b3c17f35bf26f653d458c13062e05334d100ed,https://dummyimage.com/609x573,2024-03-11 01:12:44,True
747,Anna Maria,Sędek,KOBIETA,anna maria.sedek,anna maria.sedek@onet.pl,2eb9dddce78c7e486e2c0bcab78c017dd9f98e0ef7b6625a09383360f8fef788,350cf29eb1aa1fbd,Rozmiar krowa siła zatoka pomieszczenie.,21db26b3e1fb991eb44d52769126cbadb21a04085f369ab8431811a4f325805c,https://picsum.photos/190/71,2024-09-12 04:51:50,True
748,Mieszko,Owsiany,MEZCZYZNA,mieszko.owsiany,mieszko.owsiany@interia.pl,2085a06853e7f87062ec2e9e15c918f76e8d318c06d35fc109c3ac2d1a681368,5e8d63de413da7ef,Mądry poziom rządzić bieg.,0bd64dbcbfe6686c95a61b059bd8efe91ee07d120d6cdb8fa54fdcbc8a446cc7,https://dummyimage.com/43x747,2021-01-11 08:41:33,True
749,Maksymilian,Tadych,MEZCZYZNA,maksymilian.tadych,maksymilian.tadych@onet.pl,1cb9b22749d621fe76e6accb4301181325bfe2fa4478f734f223840054db3151,2517054566f8b4a8,Ziemia znów pomiędzy gra położony.,26907d24f8624ecdf23d8cb31378dc438e996550d38b8709d16ce90fed38147c,https://dummyimage.com/912x229,2023-08-30 13:07:34,True
750,Olga,Kraszkiewicz,KOBIETA,olga.kraszkiewicz,olga.kraszkiewicz@hotmail.com,7e08340832dc21498a3a77eafb33762cff5e38ee3b4e0d1c830047b6e743a2af,f402ddaa1d37298a,Śpiewać żywność powinien bez zasada.,7803d250e846b3241ebfc3c9c4d016504d24e77d2d3a7c5b3113eb0e2f12c54f,https://picsum.photos/1016/130,2024-07-10 19:58:35,True
751,Angelika,Kasperczak,KOBIETA,angelika.kasperczak,angelika.kasperczak@yahoo.com,fdd27f4db09882dc4ecce19536c43a6c22fc065546f386fd7a0274c4b539194f,1210a3f9b1f09b32,Tylko mięso jeżeli pokryć częściowo walczyć teren.,fd5ad30f8adea9747dc429db4ca2f3696fadc70eec54c7c13e0f9d6c184ca189,https://picsum.photos/175/3,2023-09-30 21:23:33,True
752,Maciej,Smagacz,MEZCZYZNA,maciej.smagacz,maciej.smagacz@hotmail.com,d9795e423f739e88c1dbada95f24e5a009d64a03aa9f6acb59ec06472a81a23f,3cb9cd639dd5e898,Wszyscy zdanie odpowiadać doprowadzić południowy.,2ac512b1a2a1985d17410e8ef8c67fb8cf7b210d43b8b777f6f70eab01db8330,https://dummyimage.com/225x838,2023-10-13 12:18:40,True
753,Maksymilian,Bek,MEZCZYZNA,maksymilian.bek,maksymilian.bek@gmail.com,aa1c22ca45ba070dbbfabf7dfc966bef6c55775b14d1e39f1a2d0255bff9b048,4af83f0655be1030,Poprzez uczyć szyja organizm.,e674d8106732c372bf6b22ba37dc6b0a0006fcba839b87db021e14a0bb91f1a6,https://picsum.photos/434/878,2021-11-14 10:06:57,True
754,Bianka,Opoka,KOBIETA,bianka.opoka,bianka.opoka@o2.pl,bae9061d00548912539596b36cca3141d165ea33a7ffeff32ee683fe70876643,fa8fa79344a20332,Określony niebo równy papier.,152041b1cc49e3337a6ff9a09227513c5a6c3949e189685db300b0aa0a3e24a2,https://placekitten.com/336/463,2021-06-28 16:51:44,True
755,Julianna,Kretowicz,KOBIETA,julianna.kretowicz,julianna.kretowicz@interia.pl,b76a0d65a7e89bf68ca6e80ce8c67f2c8344ef415de241e47cfd4f146e0f3f3c,be34bdb5af7c688a,Wydawać konflikt budowla proces wzrost.,e88c54446b9d5ac41630298b8746c20fd6015f92140359f176281860f26c78d2,https://dummyimage.com/160x713,2025-04-06 18:03:46,True
756,Igor,Kucz,MEZCZYZNA,igor.kucz,igor.kucz@onet.pl,91e03f707c694ceca8eeb64d1139fe667d7fdc2a90bbb56a753ed6d8a0e5856f,74076a7b80be7f6b,Armia myśl artystyczny użycie marka.,1f77f8a3d9f163b78b23457a8e94e6340e124cf25c7031b2a29227c8ea07c564,https://picsum.photos/440/733,2021-12-25 01:10:26,True
757,Miłosz,Juszczuk,MEZCZYZNA,miłosz.juszczuk,miłosz.juszczuk@onet.pl,9467ca8ac83f2ff774c5fd41e8e19d2308ab45ed1910d0b2f4628c767adad866,94992ef4624724aa,Ryzyko turecki wartość pojawić się świat nosić.,311e876a1bd9fd87ce8e06eb5565c592c392679523654d22f8a581f542acf4c1,https://picsum.photos/716/183,2025-12-18 22:54:17,True
758,Adrianna,Ciak,KOBIETA,adrianna.ciak,adrianna.ciak@onet.pl,aa1753775cad0f9ae433e88cff2cb84374fdb52cc1f0ceb58e74b360b47c6fb9,76dbb0a900e6d010,Listopad religia duński tajemnica odcinek osoba w formie teren.,08f2810df2b3da4123064c611c79477c347248580a5f401a7c0d439be67fe684,https://dummyimage.com/147x359,2023-09-09 12:00:19,True
759,Tomasz,Gumienny,MEZCZYZNA,tomasz.gumienny,tomasz.gumienny@o2.pl,21e6e9f17df526f74330649438b2e95ea8079a1c61fe4c630ad1e7baedc935b1,bfb07a66f65ab418,Wiosna gleba wynosić wtedy.,acd977b7cdd2ef603ecdf188ac0ef3de44209822a0b8da93a1e6fe8b4857766a,https://picsum.photos/669/940,2025-04-27 19:47:45,True
760,Karol,Karwan,MEZCZYZNA,karol.karwan,karol.karwan@onet.pl,f70d8269fb57165052adfce3177a97ccbfc66d0f1967a943c0c101c71b0b61e6,8f90dd9a835bf87d,A smak wypadek grzech.,59039c5de8f7da7e1dd50ca72a8c0c592bb594c734f01e65ecabf794a943fd07,https://placekitten.com/383/534,2024-08-27 14:54:17,True
761,Anna Maria,Ścieszka,KOBIETA,anna maria.scieszka,anna maria.scieszka@o2.pl,d7b073a6f0b1240e3feb3f06baa0bd935beb4411d20fe7faef4f8c82943dc009,2322df48fe99114e,Blady umrzeć zrobić zielony.,8191587cda863a97ac7df41e0ff1bd9fc193b87c9c958c0c1518da038d06890e,https://placekitten.com/502/839,2022-09-16 17:45:28,True
762,Kajetan,Suchta,MEZCZYZNA,kajetan.suchta,kajetan.suchta@gmail.com,14cdadaf830d4c32968d8512f550f025d8d06dcaf126ea4dc2976f8757b91a9f,15ce905c40e8ff5f,Zrozumieć cierpieć także zrobić.,538b2462cd27c6667b21e0a8db5f64c339b6cc3f597f6a2ce597426f69035d07,https://dummyimage.com/718x1009,2023-08-30 06:17:43,True
763,Angelika,Kołaczyk,KOBIETA,angelika.kołaczyk,angelika.kołaczyk@yahoo.com,18a32223ab1a711d4e112849fa2e4b6062473147899202f873bd7e9796a55be5,1f95dd28d35e68b6,Sól wewnętrzny bo wesoły.,2ffc360d38a214db7960db90c05f02370b9ba72709970e55120222aa1c1a8010,https://placekitten.com/919/517,2023-05-08 11:38:34,True
764,Antoni,Hejduk,MEZCZYZNA,antoni.hejduk,antoni.hejduk@hotmail.com,9528394e8f0cd4d26fb204d72b2b46b8a77fb9d6e1ffa7ab1a50f95d029ca1bf,b7e3713dbf2569e6,Niech majuskuła jajko pozycja wspaniały.,4e1e4f8b51ee51906a361351888de362895257d195a5175e34dd6ffbe3c6c516,https://picsum.photos/496/327,2021-03-05 07:41:58,True
765,Konstanty,Domka,MEZCZYZNA,konstanty.domka,konstanty.domka@onet.pl,dc109bd783769e1ff40a4b25b02fb69f89955b9c4476e3e4aca81901367d1fbc,e2485bb969019892,Substancja kierunek umieścić prawny śmiech dzisiejszy płyn.,08eea4367027532ca791934926aa299abce971b56b35cd452ec36120bd3a8142,https://picsum.photos/373/157,2022-09-25 11:04:30,True
766,Radosław,Kozubal,MEZCZYZNA,radosław.kozubal,radosław.kozubal@o2.pl,6958bd586dfa821896d35ec1f360ab313acb81f5a007f0505722fe64c8e5d16e,392e244a4d3688da,Twój organizm pierwszy Anglia badać strefa.,df2bd13d10020c4276a7e59a0ceeed57e063fe1ae2a3afddd1656d5731688185,https://picsum.photos/442/956,2022-04-17 17:50:59,True
767,Lidia,Wawryniuk,KOBIETA,lidia.wawryniuk,lidia.wawryniuk@yahoo.com,1d91710c00f80e6c1b5aea5080df47594461b9479a321298c61bc2f0235a2296,44e5d316daa37b48,Lecz Francja rozmiar rozwiązanie wrogi.,37c25266ec4bdbd5175050dbbf024c9f8a91bb0de1e631e88f3e4b8b22c8afea,https://placekitten.com/105/785,2024-02-26 15:59:45,True
768,Kornel,Rysz,MEZCZYZNA,kornel.rysz,kornel.rysz@onet.pl,bddfad1e0caa94987b7fa953ae09453ebf48056db6b30d3f5fb15fefbed96b5c,9e74527fbd336ace,Lub internetowy studiować wreszcie starać się pusty.,7e74b68f514c287de6bafb17ead511264319f76130926a3b970aec76fbedfb86,https://picsum.photos/665/534,2022-12-11 16:36:07,True
769,Ewelina,Dzienis,KOBIETA,ewelina.dzienis,ewelina.dzienis@o2.pl,367df04b59435f4b8b15f879ec88e82b75e5c5bb9e1c85bbf17cef9460ab1ec5,4cab8974f8bd048f,Budynek religijny pustynia plac problem.,08f2810df2b3da4123064c611c79477c347248580a5f401a7c0d439be67fe684,https://dummyimage.com/821x334,2022-01-24 15:48:52,True
770,Filip,Klamka,MEZCZYZNA,filip.klamka,filip.klamka@hotmail.com,47b1e5b7d786cb864d19b2fe5062db9d62ca3a8882f2866efece708ebe51b470,dbf99b21e552df3e,Niebezpieczny wilk krok rozwiązanie kolejny.,32940771c883f5be8d2d9e9c9d541e5bf5e49a1178cbcacdc338825080fd8d19,https://dummyimage.com/179x938,2022-01-07 17:23:02,True
771,Leonard,Zapadka,MEZCZYZNA,leonard.zapadka,leonard.zapadka@yahoo.com,19cd260e111230094a190c9b257b0786211c05c51313a2547a481bb47062ef24,946715e552def89c,Jeden wokół środek.,12443b5ab1f0a8bce0ea1af9d82a4b0ff89558cee7584046e20807bd954b2a42,https://picsum.photos/454/236,2024-12-29 20:33:12,True
772,Gabriel,Myrcha,MEZCZYZNA,gabriel.myrcha,gabriel.myrcha@yahoo.com,52709fb56e552395b3c22b15fccd700170629344934a65aa092d0b53664cf166,492c5c5465eaec69,Krok wobec centralny sprzedawać całkiem więzienie chłopiec badanie.,eedc59b04fe416f767312a9d429d4eb8a4be16a58a11fce59edc7cae68351611,https://picsum.photos/329/436,2024-03-08 20:00:42,True
773,Szymon,Łachut,MEZCZYZNA,szymon.łachut,szymon.łachut@interia.pl,019e5287b09c66c1f850a8e897271e4928ba93e830d84862549bc6c5b72441e1,6ae57e0dad9861e2,Religijny teoria wywodzić się szkoda odwaga pomiędzy kaczka głównie.,1e93373e2b9d20317940d7b000f8543cb152bcbb8352ec8c6551dc8f13077f16,https://picsum.photos/866/646,2025-05-21 22:08:47,True
774,Urszula,Dziurla,KOBIETA,urszula.dziurla,urszula.dziurla@onet.pl,543dc31c0dd2417c53eeb2d261b2c9005199b0174d43bed14c04cdc1f67d67b6,2cf212378c7526cd,Północ gazeta profesor ponad tradycja również.,8854ec2fbf03c91dc09c5a4cd5f313cfb072930ddd4b487c0a5af40a010e3aea,https://picsum.photos/31/486,2023-09-14 09:51:43,True
775,Jędrzej,Namysł,MEZCZYZNA,jedrzej.namysł,jedrzej.namysł@interia.pl,9c7cd1817d0c44ad96632d988760983031b55b8be135e19e3eddfc159dd31df4,dffed4351b833e41,Angielski gęsty rozmowa całkowicie.,f8661af6a20e18800448c0d436c993c62ba18f8250e34deb4afe3eef61162f93,https://picsum.photos/901/440,2023-10-21 03:20:50,True
776,Jacek,Burkiewicz,MEZCZYZNA,jacek.burkiewicz,jacek.burkiewicz@yahoo.com,0f3e898081d524d6968bfa1b0e4ad85a4da940c65315f3663db9d03705b465c2,c4b892be01143134,Nocny głupiec miękki pamiętać czynność suchy serce.,e53210d7607f4608d24ae3d8a0e0dcb736ddd2a9fc9092ac5aa73a9412906dad,https://dummyimage.com/836x488,2024-01-21 21:18:48,True
777,Norbert,Hanzel,MEZCZYZNA,norbert.hanzel,norbert.hanzel@onet.pl,d5b2a49866aee99f6059afca6f15cf065c2951a40905580b09514d0f0478c6ec,c87d8af7264948f0,Dwudziesty północ anioł wymagać domowy.,2095a375ff62da435793f52f3e3aa3588e104563aec1cae1d7ad63cf4b2a7d34,https://picsum.photos/334/376,2022-06-13 10:56:00,True
778,Monika,Szatko,KOBIETA,monika.szatko,monika.szatko@hotmail.com,501ade4f0b8aa677f882f092d5199cd223bb1380850cd40c12603c67c2d57310,0ba6ea4192971a55,Dolny dawny 900 własność żołnierz.,2959bb1215aea6efebfb473241840f91712e33a97e3135dff556afd9464c1276,https://placekitten.com/566/886,2025-11-03 15:00:28,True
779,Inga,Siergiej,KOBIETA,inga.siergiej,inga.siergiej@gmail.com,73b56e984b7e37ce9d929696478337363ec9e6f845a6dfb305a363d419cec21a,ce3703505247e14c,Pasek międzynarodowy kolacja — ciepło zajęcie czerwiec czy.,b4412531fafecacf6d1d675148c5a3fc0fa17122bd7573da7b8c02f172cbe1f2,https://placekitten.com/159/201,2021-06-05 05:26:54,True
780,Ernest,Narożna,MEZCZYZNA,ernest.narozna,ernest.narozna@hotmail.com,d043f185f697094a768ba343eeb2dcdab809b6e189f156c15c203691a329283a,b434de0917eae5d9,Rodzinny znaczyć często obserwować rodzaj mieszkaniec.,8b8ff9c2d7aecc60e01e0101d7a2c1a505d79061c469944d6bd6c51c22288305,https://picsum.photos/806/1023,2024-09-11 10:48:00,True
781,Hubert,Witko,MEZCZYZNA,hubert.witko,hubert.witko@onet.pl,1201f0cc1757b724c52c22133afcb906d5a1b7dd8f8cf727d941977953e53f3b,9175f159208e41b5,Szybko to metr sprawa ciężar strona arabski.,e674d8106732c372bf6b22ba37dc6b0a0006fcba839b87db021e14a0bb91f1a6,https://dummyimage.com/456x942,2023-08-17 00:29:12,True
782,Daniel,Orpel,MEZCZYZNA,daniel.orpel,daniel.orpel@interia.pl,a1d02f4e140018c7428376464cc076976187145d749e9e9885b845f5def80268,db2f7577b160f559,Przedstawienie poruszać małżeństwo naukowy zakład karta.,d2683324b3c973588004cf8cf91453c4b97e9a505d3eeed462cc209c3e360d66,https://placekitten.com/487/526,2024-07-18 23:24:47,True
783,Rafał,Krauza,MEZCZYZNA,rafał.krauza,rafał.krauza@hotmail.com,18e6d209916356fcbe6c6462c7d6436b8aedb10e6290300d5fd30d7f993f6864,dcf2bfc514fb30d3,Rodzaj Kraków wybrzeże zgodnie kąt chodzić nazwa.,3f55bffd20f86897ea119d0e060af5bd06f14a6bb1e3e320e811e931f17a857c,https://picsum.photos/419/736,2023-03-26 12:48:19,True
784,Marek,Komander,MEZCZYZNA,marek.komander,marek.komander@onet.pl,4da82ecfbe9829fa8b191be2625d3bb0385105970c7e7c9f71f4dc8be0211e7a,199321cb866aecec,Władca minister spotkać małżeństwo idea utrzymywać warunek cień.,f2c056eee83aced16e138a0f72549f488d5a73e8b62c5d6f23349a7de199f195,https://picsum.photos/917/809,2022-02-16 03:56:04,True
785,Elżbieta,Ćwierz,KOBIETA,elzbieta.cwierz,elzbieta.cwierz@hotmail.com,f52e199f3084f8660f7b4d4aeab689779412b6ee1cc9d2b458e07230d54fee2c,1b214dba0a2cee0a,Kolej 70 łódź bohater zdolny.,c330ec504d82c24fcd10be978fa74b8a3185a8df719604a85443bb9ca279f5a2,https://picsum.photos/663/748,2022-08-16 04:17:42,True
786,Ernest,Gajdzik,MEZCZYZNA,ernest.gajdzik,ernest.gajdzik@onet.pl,f82db77560261b7a363bc928ca73ebc91f963f4c82a4603ea0ff857036ef09ab,62c88ebb5b4f8a44,Mowa określenie los pasek rozumieć wydarzenie.,aa54dd773020c633ff69570c951a29ae7c4c566f2ffe01e9fa4953aff0e18acc,https://placekitten.com/750/582,2023-09-05 21:05:10,True
787,Nikodem,Pioch,MEZCZYZNA,nikodem.pioch,nikodem.pioch@hotmail.com,75d45087afc898c8b30c019aeeaad1d1080415c396fa418904e19872972c00f6,a7161b66ebecd287,Inny niski wizyta finansowy brzeg zwierzę.,b206c300291738b8f533186d65eb5446a95a4cec2ad259451bb1c6567996c137,https://placekitten.com/238/875,2023-08-21 17:21:34,True
788,Kaja,Skalik,KOBIETA,kaja.skalik,kaja.skalik@o2.pl,cd3bf75b82fe47b99e7f5a2389503156855d752b4dc125e13524ae27366414dd,6dffd37f2f3549d2,Polityk zawsze akcja między.,7362428ff6ded1c372b16f194df43246ae08a9588488ef2c942200cc315131d7,https://picsum.photos/100/195,2025-04-09 12:09:37,True
789,Tymon,Maćków,MEZCZYZNA,tymon.mackow,tymon.mackow@interia.pl,2c94191f9933a0d20ae1ab9b870cf3840b2a87fbecd9a67b731158758438d780,acf0c9402d5c9aec,Dawny ciepło większość.,1933c2d3eba7861e76b1d2521dc6a4a3c8181835cd98962420905b0318f8ee31,https://placekitten.com/471/639,2021-03-30 14:15:37,True
790,Julita,Żakiewicz,KOBIETA,julita.zakiewicz,julita.zakiewicz@gmail.com,f6ae37bd2a6a050a2aa4e2b0965acb3bf78c39762120b64ca0d956084340cbf2,5c0e48c15e017a65,Terytorium wrzesień towarzystwo cichy.,f4a18252df6a1bb51805fcb60bca834773e510d9d18061382d43d9f7b0881c26,https://dummyimage.com/199x170,2024-09-07 10:06:13,True
791,Konrad,Dzika,MEZCZYZNA,konrad.dzika,konrad.dzika@onet.pl,bcd82b30a10a530dce31ade7fd2d18ae2da62f713e350289ed4a10580ba329f6,ec6903dc6506b5a3,Policja pomysł pożar srebro autobus.,9ffd0a0d0332ac835227c9501e15acf9f7d37bd5d77b3b31f25bdcee1ae99d42,https://picsum.photos/766/135,2022-02-13 12:09:14,True
792,Eliza,Hornik,KOBIETA,eliza.hornik,eliza.hornik@onet.pl,66e3c917964b98e69438b5c48c2c7ea72b1828915dae9b07114899e8a242306e,ee6f3a158b45205e,Pacjent ptak gdy sos urodzić dym palec.,5dd7d206c0bf3993fc7bd725e9caf6e5deebbb228ac511bb36e298b3da68b653,https://placekitten.com/700/752,2021-12-16 20:22:13,True
793,Nicole,Popielarczyk,KOBIETA,nicole.popielarczyk,nicole.popielarczyk@hotmail.com,ea10b7686a35c7fbe2a3c46249a8d26a65a74b36df41ac25695ce798e0a1a97e,b00bab6956de44df,Płacić budynek chory niedziela umysł czterdzieści Czechy.,885d47a3419fbb7b4fd2c7d2cc29c6ef23821f14eb3ab147b7ecd2dd878c54f5,https://picsum.photos/989/317,2022-06-04 18:13:43,True
794,Sebastian,Pawlukiewicz,MEZCZYZNA,sebastian.pawlukiewicz,sebastian.pawlukiewicz@onet.pl,395e843fe19919a41a27b510cceb24b85dfdae7a0ee10fec36579b68aad7140e,564d7094564c910c,Strumień ksiądz następny nie- autor.,877f04713c42f12d2415423b2c3ba3d3fc674a4775227af53c6da5a3503dfa70,https://picsum.photos/296/544,2023-03-03 00:19:25,True
795,Kalina,Mazanek,KOBIETA,kalina.mazanek,kalina.mazanek@yahoo.com,6825d7a42e6f0359a994de1467d2db8bea5ffd6111d09fe62e6257cff814f251,20c186fda3154902,Potrafić prąd grzyb fizyczny żeński.,ebc9eefb675fa143f8e8e609d4521c2485c22a9460d97da8af9476e62a400ae9,https://placekitten.com/885/865,2021-05-15 07:43:08,True
796,Kaja,Sabak,KOBIETA,kaja.sabak,kaja.sabak@gmail.com,3e4fa7fe90c0a87765cfffc07dab0dea85e62c4ef43f87f5750f27dfc479819c,32385d8de37caf38,Amharski rzymski mieszkanie.,3bc779bc30f2062d6bc32e0d55768ccf0141c700149e6bbbb240688fa3fa83c2,https://dummyimage.com/468x938,2024-02-18 00:08:24,True
797,Elżbieta,Balas,KOBIETA,elzbieta.balas,elzbieta.balas@gmail.com,898eae7e20c3fa996e3dc47cfb331c417b3be46cdb0a048e774cc74c1f5afc34,2680c7aafdef93f9,Kraina zdolność znaczenie maj niewielki.,b8d31e852725afb1e26d53bab6095b2bff1749c9275be13ed1c05a56ed31ec09,https://picsum.photos/210/123,2023-12-06 21:27:48,True
798,Malwina,Peciak,KOBIETA,malwina.peciak,malwina.peciak@gmail.com,633469ab0d47578f523d0e4706c7bbc6547f2141e3b887c70abcda8a7a9d5d81,3d666931ae93d689,Pięć wzrok właśnie paliwo.,f14cfb082933a22b3b2459cfd39d737f6d6eba81b1132ea08280790694301d14,https://dummyimage.com/887x450,2022-08-12 21:34:17,True
799,Krzysztof,Kaja,MEZCZYZNA,krzysztof.kaja,krzysztof.kaja@interia.pl,30802f16da2d95782fe4a6e3539c0b7f08df6d055ae39a43bd62037322fd75f1,b64a8eba78f174e2,Opieka urodziny prosty zazwyczaj gwiazdozbiór śpiewać.,a63322d72233b8266a722a5e5e0f7a70c8e42df4fdf35084b62d55e9c0914531,https://picsum.photos/390/468,2024-02-15 23:40:03,True
800,Cyprian,Drgas,MEZCZYZNA,cyprian.drgas,cyprian.drgas@hotmail.com,7e2f09c85cd669a57091aaa392f795d70e6caf793285f4f94a5abcc494dfafc4,8ba3c7b5e215e6c0,Czwartek piłka składać oficjalny ubranie usługa interes.,b543950b94a1b372fab947223c1d8659eb6d837dc977ffaf888406321b14cf7b,https://picsum.photos/566/267,2021-03-16 08:32:11,True
801,Łukasz,Sądej,MEZCZYZNA,łukasz.sadej,łukasz.sadej@yahoo.com,f42c0bc7f933c196bffb66d15d71213f77bde0af62f7a03ea2707c58cabb2988,b6fdf8b0d4a28ead,Zachód 6 język wyścig okazja książę pierwszy chemiczny.,ea07a5d587001ead1b7967609b9bb4f42c2f48cbcc7ff0d8daaef621b2135fc5,https://dummyimage.com/650x282,2023-01-02 17:00:58,True
802,Błażej,Kroll,MEZCZYZNA,błazej.kroll,błazej.kroll@interia.pl,f95a77eaaebb6ca0842bf0decbfacdcf416ad6e847452f57f192043bff6cdc08,fa780d5d77d755fc,Południowy postawa praktyka matka obwód.,26878f949a20a800e652d52261750199a1e961891748e139263ac58a0534a7c4,https://dummyimage.com/863x723,2024-01-20 21:08:05,True
803,Nicole,Litewka,KOBIETA,nicole.litewka,nicole.litewka@o2.pl,e56cded041124d32af3f0977338be96a6a85f0d2e08e210990c26c1632ff8c82,2ea9dcc340132461,Muzyk koniec wysoki Białoruś barwa czyjś.,016e303c86593eab34f06eae3cd4692d851f396a7fad3b3cca7a48d0179fff43,https://picsum.photos/526/174,2023-07-01 18:27:00,True
804,Krystyna,Gajcy,KOBIETA,krystyna.gajcy,krystyna.gajcy@o2.pl,51fe2c1d7ec42730ee449f0f590934ade3e3f6998dd58f26e1f82f7ce76bf7fe,abb42198ab244435,Dawać kolano armia związany moralny.,624b60c58c9d8bfb6ff1886c2fd605d2adeb6ea4da576068201b6c6958ce93f4,https://picsum.photos/873/552,2022-03-13 09:55:45,True
805,Juliusz,Staś,MEZCZYZNA,juliusz.stas,juliusz.stas@interia.pl,d0275558dd36741010c9f788b1e3707f96a2e63df4eae810a72fa43b45252154,17c3b264683a356d,Ci mama południowy po.,b5ea153b6da27f7e3d6be2fb0cba6452e5468685b20ec720073c51b3f50b97df,https://picsum.photos/665/900,2024-07-27 22:06:52,True
806,Juliusz,Swatek,MEZCZYZNA,juliusz.swatek,juliusz.swatek@interia.pl,fcf9f84aefc58e7990108483aadc3a87d7204b0f1599a4b37735fbd5b19bd40e,afe30f819ca56150,Kalendarz znaleźć wybuch.,9372c470eeadd5ecd9c3c74c2b3cb633f8e2f2fad799250a0f70d652b6b825e4,https://dummyimage.com/608x155,2023-03-28 08:24:46,True
807,Kacper,Winek,MEZCZYZNA,kacper.winek,kacper.winek@interia.pl,ed7f910a68581971d32622e1699d4c06a9e60cf630d2a5c6adda7a55adf00090,ac466a9715a4d094,Pływać ten sam wystawa część niech żywność oczekiwać.,a7eeb93822338651c5fc258265b922293e45b3982b6dad441c4cd76a7e2afe7b,https://picsum.photos/928/1023,2021-10-26 04:47:11,True
808,Julian,Dziewit,MEZCZYZNA,julian.dziewit,julian.dziewit@hotmail.com,78ea2cc8066c0a4bdb5bb1d0386a140cd87afa1cebba77f8119416de5e53d43a,411cca5f75239864,Występować mieszkanka metalowy określać klucz.,bf29d40a37ec57e7d65646de164df045c8a3116f3d772212500bd2527e74d63b,https://dummyimage.com/64x768,2022-11-11 03:57:30,True
809,Ryszard,Kandzia,MEZCZYZNA,ryszard.kandzia,ryszard.kandzia@onet.pl,6a07c81838f20ccef71a6a2bf5c720dfb0971bfd615e60188606940b33174de0,ed7d6bb070b1f516,Niszczyć ośrodek matka itp. ciągle stopień seksualny.,e7b69c7f6d8d805ee89ceadb0851d0317657a36e88ee06d38cbfbb362a986b9f,https://picsum.photos/337/65,2022-12-18 05:36:29,True
810,Ida,Bzymek,KOBIETA,ida.bzymek,ida.bzymek@interia.pl,416a2dc0647f1ff202cac45268966ca38b64503ad73488484e327291081ac604,88de1f0aef952016,Słońce koza przeciw waluta osiągnąć własny nieszczęście dziecięcy.,abf1008946c1633ac4f1f45902a0b204cc62fb311cebf3642af0a3dbd721a5d9,https://picsum.photos/647/389,2023-07-21 03:51:26,True
811,Damian,Sobstyl,MEZCZYZNA,damian.sobstyl,damian.sobstyl@interia.pl,981de8b9031de76c513a9a74e2c1bcf24b09a11818ab078089084d3140f0fd8f,48b7fbcaacbeca44,6 mi znajdować się użycie lekki telewizyjny.,dd50fa56fde7a40ed6376738fa441e24c4e17a027ded481cb01fa9069158e8b7,https://picsum.photos/1020/682,2024-12-09 19:03:37,True
812,Maurycy,Kosiec,MEZCZYZNA,maurycy.kosiec,maurycy.kosiec@hotmail.com,62a361b8bb7b27832db91bd5474accaece41f10d0a943dff71ad95e8258849b1,68a9486cc937bd88,Amharski oba samiec modlitwa konstrukcja uczucie.,85aa50f5733d846a8e5bfbcbe8740f1391caa61f413bd96eee2c0bd0a2c8008a,https://picsum.photos/691/117,2022-12-29 09:22:48,True
813,Sandra,Breś,KOBIETA,sandra.bres,sandra.bres@o2.pl,1a4888ebfce4f169c89acea0e2195816c14d08ccea63ffa115347eceb748562e,06290d97cdb40e50,Charakterystyczny krótki złoty.,c25c5fee731bb3b9448e4475edbec1059072dc267c4a9d125eff92d8a11fd8b6,https://picsum.photos/795/13,2025-11-10 15:58:12,True
814,Alex,Trzcionka,MEZCZYZNA,alex.trzcionka,alex.trzcionka@interia.pl,cb2353ffdfdd3d320084c5afa1fb9e6dcce36a7936fcbf241d4d112ee4d64732,8bf4bcfd3a2ba35a,Dziecko śniadanie różowy poduszka wielkość pałac zabawa.,416dc3356a6c11db59aba5d802073f03b6569e4c7f09fb20074f28662b7a240b,https://dummyimage.com/330x766,2023-01-21 11:14:29,True
815,Aleksander,Rompa,MEZCZYZNA,aleksander.rompa,aleksander.rompa@onet.pl,609c1a7e229be2e4816d74cf8a3f88ac12db26fffb9795137ee08f20bb2277cd,5a2da832d7b499f5,Majuskuła wysoki pieśń.,1c605973a482487247f2e131b18ff9234ce03beaf3c35f11e96cefcb58ccfe74,https://placekitten.com/810/676,2023-10-19 07:58:52,True
816,Melania,Ludwiniak,KOBIETA,melania.ludwiniak,melania.ludwiniak@gmail.com,17851f75bd5aec5c9c78ae36f136259f982256cb6ee59fb8bf891d8d6e0888ad,f2abba9acba5c976,Akt kawałek jej słuchać.,df96743927d01e9755673f68d69580ec3d1cb474c2dfdd6719f46a09cc130661,https://dummyimage.com/496x560,2023-05-05 15:17:55,True
817,Nela,Kucharz,KOBIETA,nela.kucharz,nela.kucharz@gmail.com,7d737761255e50ec2e5822dfcd307fbf1b124668d1a9a761557d456d676df06c,46b237b877655787,Także ziarno rzeka dokładnie zabawka sytuacja problem.,88d178d728e8394f3bddcbf9718730f9c0b5b6ce689d99a5146ba9a9d02b4b1b,https://dummyimage.com/975x262,2024-01-04 16:48:35,True
818,Jacek,Wypchło,MEZCZYZNA,jacek.wypchło,jacek.wypchło@onet.pl,06b66afa74bab6b36e0e1f6800a9bc151ea530045b4fca201c7131c32379547b,ec119f492e33a4b9,Tani podczas amharski dokument zeszły wpaść.,9b3471ccc2345659b0681882fea6232db51e106750a56c24c0f634d4f71249da,https://dummyimage.com/177x95,2023-07-27 23:37:39,True
819,Maksymilian,Sydor,MEZCZYZNA,maksymilian.sydor,maksymilian.sydor@hotmail.com,f66db458de80a38e3b381d65d7db16fb0260103bce6f82c8caf15533130f692c,c5e0b20626a46be2,Dym ciemny poruszać się chociaż sobą dziki ale.,3e8a0479ca52a5203550a54bce7d1e84aa21e2b2642a4d5d60e7c06fcfe4d861,https://placekitten.com/313/469,2025-12-03 04:49:19,True
820,Rozalia,Drzał,KOBIETA,rozalia.drzał,rozalia.drzał@onet.pl,1df2b707a699038550f302dd16802455f99453663313002b1a2b59d67704bda9,2c89ed01db47a5dc,Robotnik wewnątrz niechęć grupa.,c697d2981bf416569a16cfbcdec1542b5398f3cc77d2b905819aa99c46ecf6f6,https://placekitten.com/663/159,2021-11-24 13:00:20,True
821,Gabriel,Prawdzik,MEZCZYZNA,gabriel.prawdzik,gabriel.prawdzik@hotmail.com,1081aa94270b6f01bdcefe4c94aae8389cda20cb9da93946a30a617f3fd5466f,dd16e3bf822c01f8,Ubogi sądowy zaczynać prezent ci majątek przychodzić północ.,b4e5ef138ce3ca9a9ec74b32d0690e4da3d88fb8bf1168f1de1b21f8305410cd,https://placekitten.com/383/467,2024-07-18 11:02:49,True
822,Natasza,Szymocha,KOBIETA,natasza.szymocha,natasza.szymocha@o2.pl,4b0ea93f908910752f3efe147fee6a19494f997da68ea906a7f392c52b2523c8,1a9d84e70aa98975,Rumunia umiejętność sędzia łódź firma większy zaburzenie.,027cc1d297f4223df625a13ecb23853037caf23a34817a449b8f033c77f88447,https://dummyimage.com/739x677,2023-03-13 13:47:49,True
823,Melania,Świerkot,KOBIETA,melania.swierkot,melania.swierkot@interia.pl,158848d40be54fb436795bef55f2cd27036ca93b8751c12c614767cf83e36835,8b8764f6bf2ae069,Las gruby rano tutaj.,61b54c5bf48f8058ead7a35fa1223f8e38a63e71c36061a590f8c1a8b17f826a,https://dummyimage.com/710x580,2021-01-04 06:55:35,True
824,Karina,Litwiniuk,KOBIETA,karina.litwiniuk,karina.litwiniuk@hotmail.com,4b6fe0e85d10ab1b07f3580d3200ccbcf6675149d269ed8299fa026dd2461c1d,fc14338b9610f981,Nauczycielka godność herb sprzęt.,5d160153fea557cf6b22f034a93855288ffc769144a436fc874a8625c75a104d,https://picsum.photos/654/295,2021-03-07 16:23:40,True
825,Natasza,Babij,KOBIETA,natasza.babij,natasza.babij@gmail.com,59ffe9dc9082b16a55944e9879e176e69982104eaf664bd554d0106548b4a4a2,c849fdd0acde8a47,Rzeczywistość kolano podstawa jedynie.,671b7572b0a9dd295757ce7cb4d501fb8e2adc9e9c78fbec6fe05a718e13293e,https://picsum.photos/444/694,2021-06-09 00:06:33,True
826,Cyprian,Prokopczyk,MEZCZYZNA,cyprian.prokopczyk,cyprian.prokopczyk@o2.pl,5bdb27f7280e6a1be671084fbeda10e7416d67d516f9a63da3caf2580a5de4e0,262ab66baf51ef03,Pojazd wieś nieprzyjemny komórka.,ec03fa3ca391677dc5e9af21c7bd5b2c3a4313a86440f4a7a80c408b813feda7,https://placekitten.com/976/932,2021-03-18 13:28:17,True
827,Kamil,Klejna,MEZCZYZNA,kamil.klejna,kamil.klejna@onet.pl,3c34c7cca10c5f055075d85674427494d9339d37ccf6b88599c9c2cccebd7b5c,1bd2dfbf0bfdbd53,Ślad niebezpieczny drewno amerykański skończyć ulica.,e4432baa90819aaef51d2a7f8e148bf7e679610f3173752fabb4dcb2d0f418d3,https://placekitten.com/848/837,2024-05-08 18:01:25,True
828,Gabriel,Sabak,MEZCZYZNA,gabriel.sabak,gabriel.sabak@gmail.com,f6ba206f1c61e4c1efe4c22866424fe4a7fd79943aa80db4393920680efefebe,403314418b2a8cde,Styczeń szkolny brat tam w celu żeński pracować.,fcaf90ddd5cca841558c86feef929472180ce3c9c7a6f12b6d3de397c016951b,https://picsum.photos/339/1017,2022-05-07 06:35:40,True
829,Gabriel,Kucab,MEZCZYZNA,gabriel.kucab,gabriel.kucab@onet.pl,a87ec827d010e7291984dd922d14738753446f4bc2bcf01a924ba88b356289ba,126a7f989418e334,Rynek rysunek gniazdo opuścić sąsiad zapis.,820e0eba6e42b5b4afe3ec11390d596116c3725adb4f6ae234e3e5933bd1490b,https://placekitten.com/957/226,2021-04-11 22:37:04,True
830,Marek,Jeżyna,MEZCZYZNA,marek.jezyna,marek.jezyna@o2.pl,ebfe0eb97ddb300dca5af61f3d82e1a509b83e2a949310d773197fedd7091053,7fb1b140bab607ea,Osiem olej trochę narkotyk pióro.,f910d7dd8c0ec14a61de8d4afb9a3e2e94d012b37658bbf6c9100cc0db95b597,https://dummyimage.com/739x946,2021-04-21 07:20:15,True
831,Piotr,Machowiak,MEZCZYZNA,piotr.machowiak,piotr.machowiak@onet.pl,eb2532fe9ee52891c49decd08decba1010cbd557680b744ab8f7293e9695b476,8d85aeed012d2d34,Złodziej archipelag rządzić bardzo prawda gęś.,ec975dd6827d7b8a5042349fb3d90ad00dd6e7dbc58cbccf4a3c1156d0a930df,https://placekitten.com/886/874,2025-01-15 15:02:44,True
832,Inga,Kubów,KOBIETA,inga.kubow,inga.kubow@interia.pl,f42fc601bc672648406b7138c1673978c005878d3d562148be110ea7e47fbca8,bde84a02a023cd3d,Smutek aktor trzydziesty dolny.,3fd592bfd2df91e5cd19c1005f559e39be800b8e36fb950bfb7c059095c1bcea,https://picsum.photos/610/459,2021-03-04 21:50:45,True
833,Blanka,Kłoczko,KOBIETA,blanka.kłoczko,blanka.kłoczko@gmail.com,cf89cbb12344dfa0f7097b5affea8ede236e0877a934c34ba5e4999b81fa4df1,9b91ed91a14ccc10,Lek ze funkcja delikatny srebrny.,bc2784dc8155beb1acadbf4c12aec5276cd98712410dfc1582d015604472e82c,https://dummyimage.com/405x30,2021-10-04 00:58:56,True
834,Elżbieta,Idec,KOBIETA,elzbieta.idec,elzbieta.idec@yahoo.com,3073ac2f70dc50e2dcf9351bad8444a2f003d01fc49c2fa2a55e5fe1cc3866ef,fa0cfd8e726e0303,Warunek niebezpieczny krzyż przyjemny.,b4ddaba0b57664088da4b7fac7fc15465aefdd5b4b841f3b058a590e0a066f80,https://picsum.photos/936/393,2023-08-30 07:19:32,True
835,Ignacy,Steuer,MEZCZYZNA,ignacy.steuer,ignacy.steuer@gmail.com,17414e5653c0ba239d47eacc8836c66f3f994420e45f4c512bb16ba00f74437e,d281ddb359e3a6ec,Ogon mieć na imię kolorowy.,694a3b8f475153f4cd5da919dd5dfd7283b00fb8f7b29cac1ea98964652cd04f,https://placekitten.com/564/968,2025-11-01 01:28:29,True
836,Michał,Wicha,MEZCZYZNA,michał.wicha,michał.wicha@yahoo.com,63b78e027c579d7320a3bb1c43ab6f2b39f9831f4ad3b007474d800de3801958,41c26045b43dad39,Okno sukienka olej armia uczeń język.,c40afe414732cea6148ca7b198b9bcc7eefaad5df718fc2c3114ccfb89b7b36d,https://dummyimage.com/104x559,2024-06-16 05:15:55,True
837,Monika,Milewczyk,KOBIETA,monika.milewczyk,monika.milewczyk@gmail.com,a9b01abc9b4a319342bd37ab80ad3dabd9f277e7fb61b0f78261c7b171988703,8bf0a961e82b4f4b,Jedzenie podstawa czterdzieści bieda położyć oś jeden.,f164722d956ceaf32947b7cbb6aee34071382158056368bb02e8b984715ebe89,https://picsum.photos/754/155,2021-02-23 19:09:43,True
838,Ewelina,Doliwa,KOBIETA,ewelina.doliwa,ewelina.doliwa@interia.pl,bb593f4e8317e46c365c9bbc4b9261d42430c8d2ef9a5ae06f2adb083ab1d82a,70d26ccfa2e3877c,Mały strefa styl przepis.,d8ac4a470cb07fd4470c40073bbf55a6d6af4fb6b494aa7c7ae9493b8046bef9,https://picsum.photos/261/56,2024-12-02 04:02:35,True
839,Jeremi,Świć,MEZCZYZNA,jeremi.swic,jeremi.swic@hotmail.com,32d17889b2a29aac6b6b3300d9f68abf7f6f1f3b3cb950f16ba593071a988a5f,6b04b5d5d34b1848,Przygotować u pokój kot.,3556c9d52e0c6f3d110ecf07bbf7e34381287b2540ee05b615f94c5196fa97cf,https://dummyimage.com/356x271,2021-11-03 15:09:10,True
840,Elżbieta,Sznura,KOBIETA,elzbieta.sznura,elzbieta.sznura@o2.pl,af11cddd5e49d385ade0a8de7ad91b25fac4c91567b3a19904b2548b5db97906,9528b6327f37713e,Kult średniowieczny w. moment np..,27d617a7f9d5aa95344f341690dd7b1d0718ae40a412b921ebf0af5bc1330b5b,https://dummyimage.com/441x602,2025-10-07 18:17:45,True
841,Liwia,Ogonek,KOBIETA,liwia.ogonek,liwia.ogonek@gmail.com,205fe17b27ab525ac72ab753edf0f9fc809133497734007d94eb2e15e4c0190b,9aa2f63bf36707b5,Rana rezultat w formie itp. tor.,4acb5d021cd5eed4819a0886b2901e2b4f85974fc27d8f4880c27c31873bb75d,https://picsum.photos/555/236,2024-11-23 03:48:43,True
842,Tobiasz,Hamrol,MEZCZYZNA,tobiasz.hamrol,tobiasz.hamrol@gmail.com,3cd4f3a88bd412461cedc10c5abf69664e4a8031df862442e02855533c9f5214,9806fca98de7b5ac,Powiat odbywać się ku założyć mowa doprowadzić postępowanie.,94ca670800c04fa7d802de06f5bf75e08fd5b65370165cc4faa38c39b74e29de,https://dummyimage.com/538x472,2025-04-03 11:56:26,True
843,Kamila,Apanowicz,KOBIETA,kamila.apanowicz,kamila.apanowicz@o2.pl,219aea17cd5f2338c59ee8907c9ff48b07dfec7de599480ca5b1514ce6c7756b,f3fc838e8e4db03c,Ogólny spadać urodzenie.,ea07a5d587001ead1b7967609b9bb4f42c2f48cbcc7ff0d8daaef621b2135fc5,https://dummyimage.com/169x256,2025-07-31 09:25:58,True
844,Marcel,Wawrzyk,MEZCZYZNA,marcel.wawrzyk,marcel.wawrzyk@interia.pl,0d3169f8a9ee900319cf6a87a7b395bb00e2d744dda2b444a30a5b504fbeb47a,543e7323518f3783,Pytać prezydent naprawdę przyjaciel.,f240910491b18454ee3750d4c5a252605fd209eee78339731a93a0b540d2d40f,https://picsum.photos/237/831,2021-04-28 19:14:06,True
845,Kornel,Dyjas,MEZCZYZNA,kornel.dyjas,kornel.dyjas@yahoo.com,a07e9bab117b9a36b2185b947c934a363b1224c47905036857ee9bed90794210,45d4e45d7f470f32,Telewizja określony jeden wkrótce 8 dobro.,45927f9688cb778c2bf5f01025678be11b8aff1bc7c272f4e12aea3f2c884a4d,https://picsum.photos/21/629,2023-01-18 21:53:20,True
846,Aurelia,Kujda,KOBIETA,aurelia.kujda,aurelia.kujda@gmail.com,2b6b7f7e5e0e496473d93b4189a927500b4fc76a310641993067c14ea5358096,e91d3ee6e74fbdd9,Model bardzo odkryć mówić.,72e212bdd2c522c792756ab166959e00f3d9844b30b2538d30540a813ac51774,https://picsum.photos/819/582,2022-01-20 05:58:43,True
847,Sara,Gołek,KOBIETA,sara.gołek,sara.gołek@gmail.com,4a2bf3b184c2220bb9b642a426f45ba86838f0cead808a825457c26e2158cc97,b9560d3215db9e8b,Rak określony wrażenie sobota musieć finansowy kara.,7ef08b082b39bdd31c28209378c8bf6a382408122d23960f6c8d44cafbf7299d,https://placekitten.com/320/31,2025-09-11 12:08:03,True
848,Marcin,Stachewicz,MEZCZYZNA,marcin.stachewicz,marcin.stachewicz@o2.pl,fe6b80cfd1657e02d0ddf1eefb4d28b23e997e7a7ddfd4540e60fd05f82db95c,628aa9d19d8e9887,Ziemia narkotyk wciąż gospodarka.,01397e5d60a7889ec1a72a269d45abd219c005bf2eb3779e8f885be0f1d63878,https://picsum.photos/629/259,2023-10-16 21:49:11,True
849,Adrianna,Przybycień,KOBIETA,adrianna.przybycien,adrianna.przybycien@yahoo.com,4588fe14f257faa49bf0c88a54b6e5e8b32496f9b90b64e001c078567aa7df7a,2cdfb24bfe860217,Pająk łączyć obowiązywać wejść rozmiar jajo aby zespół.,845aec4e06342d611133a42d174bb5ba006b01e40f95999d2f8856e73143df47,https://picsum.photos/38/599,2024-04-02 22:28:49,True
850,Nela,Palica,KOBIETA,nela.palica,nela.palica@onet.pl,104baf1da2dd0ce86809fd907884838ec2ea879e53ce3c7811416b6371de2d70,9d6d923d47f6fd8e,Szereg zero idea władza twój.,152041b1cc49e3337a6ff9a09227513c5a6c3949e189685db300b0aa0a3e24a2,https://dummyimage.com/663x825,2024-11-07 21:42:16,True
851,Nela,Beśka,KOBIETA,nela.beska,nela.beska@interia.pl,c7369180b6d9975946696dcd5260c57d0654694c57420a1f8306cd67fafd0ebe,41115f1700c3b0a6,Kłopot próbować cecha tysiąc dzieło miara książka.,7265d8091fdf311d3b814682869241f773ecf6de4565e6ed090c6162cf50d4aa,https://picsum.photos/1015/357,2021-04-28 00:38:19,True
852,Błażej,Palonek,MEZCZYZNA,błazej.palonek,błazej.palonek@onet.pl,1c66178cb87a2e9f97a1506e5d6d23eef6ff7ec87f0fa1441d5661e5ab7f4a45,f1d20e47959c4442,Dać Się miesiąc wybitny ktoś adres mama miejski.,d3cb0b473dc5daeacd5b4bf5147aad16af401da648ba206ede4a31ac4a4e1666,https://picsum.photos/459/143,2022-04-16 17:12:46,True
853,Blanka,Engel,KOBIETA,blanka.engel,blanka.engel@interia.pl,04feb535ddb5b8d827841438d9d43de8190a4e29af58208265ae1ed38c101966,f61ee0039144be79,But budowa głupiec.,030a6e2602266bfde3684c30bcb3ce8dca02f183b21f46bd1e5113b30def9baa,https://dummyimage.com/677x90,2023-07-14 10:10:57,True
854,Ewa,Kononowicz,KOBIETA,ewa.kononowicz,ewa.kononowicz@yahoo.com,81a2c24a54a0be8c11123cb96ea5de2b1d3512a7fd7d5feac159389188e7ac63,8501203ea3f2104b,Okręt symbol Rzym mądry całkiem głos.,b0d8a1c69d16bf19c93753b7a2d490c1b12dced037f413221a8a5388fa06cb85,https://placekitten.com/44/454,2025-06-04 15:01:55,True
855,Julianna,Słyk,KOBIETA,julianna.słyk,julianna.słyk@interia.pl,659aba0ab48e47002bd924888cdd4a785ba53ce22abd9ea7d069fc4bcc73d780,5c8a6aa19b9f0400,Rozumieć zimny lekki kiedyś zbyt.,d5a71f21a9ed8889f8a459d273c5dee639cc01e804c8d601b4a4e131ec320cce,https://dummyimage.com/45x803,2024-04-14 21:23:11,True
856,Krystyna,Roda,KOBIETA,krystyna.roda,krystyna.roda@gmail.com,2d7e12ad13f0ad03a47f2391a1bea67c7ccc60821c23b2acef7042fd1c0005f0,ffc4ed694b3a8cda,Nos ogromny urodziny gęś gaz pokonać.,f38f711f0f917b7dab3ebb47b74e45c855cc8c74aad52ce4a9a5f36147013acb,https://dummyimage.com/258x883,2023-07-29 21:17:10,True
857,Filip,Bulanda,MEZCZYZNA,filip.bulanda,filip.bulanda@o2.pl,e836edf6fec805812e6aa2ce538290a182a1fdb2d65e5c3dd59370375c941ee4,981437d90381dbc2,Góra zawartość wrzesień znaleźć.,5e988b47a5edae7ab192249ece25c72b83caca3cf04b9a1982adb2f46c04da1c,https://picsum.photos/943/746,2024-12-21 18:02:45,True
858,Antoni,Słonka,MEZCZYZNA,antoni.słonka,antoni.słonka@o2.pl,686a0a596cd444c5e8f7b792cff7e0b8c1df964a3417eb96db4d74483968c7fe,cc7a1a90e4a4a89e,Założyć zero komputerowy kolacja jeśli sport to.,04381142582b527db57fe4c09eb898e31165f3697d68f024da4af23ff16ffecd,https://dummyimage.com/831x853,2022-01-02 03:44:09,True
859,Kaja,Turlej,KOBIETA,kaja.turlej,kaja.turlej@yahoo.com,68e696cb4494678e6119cd889a15cc5f86d9d220242c64ee5a3e7ea46ad87efc,4a89f126206a556c,Lub dzisiejszy powolny pełny pisarz albo katastrofa.,f668752ca8a4f49bf162aaa53f1351b02c60b115127a3512993cc6634bf03451,https://placekitten.com/162/530,2021-04-28 08:59:29,True
860,Kornelia,Goss,KOBIETA,kornelia.goss,kornelia.goss@onet.pl,6a53c8e4b4660c5414c78a5464c3277ab602e12f2684c761a6cba9887d809264,b65e99e9b6e8a38a,Szwecja herb odległość przeciwny.,664cdae2ea643b612204a548d93a849995e9e40b92ad457cbecb7d6f12b37292,https://placekitten.com/589/755,2024-04-17 07:23:47,True
861,Ewelina,Luks,KOBIETA,ewelina.luks,ewelina.luks@interia.pl,d64977a30aac4df008c848b7b72ace81fc403874abf5ccccf6a0ca518924ff7a,4ed2806eb9edddf1,Owad główny mocny pisać podatek tańczyć.,1004cf756f723cc0d6a5782513b811160ba98534b09dece054a217d1c20d52f0,https://placekitten.com/478/770,2022-01-15 00:01:37,True
862,Aleks,Chromy,MEZCZYZNA,aleks.chromy,aleks.chromy@yahoo.com,ca683b4601a9632b609a70b0a328e647b45334ea035b1e7de5ce1b0126f5f3a2,7f62cad15f5d69cb,Łódź arabski przychodzić szary zbudować.,722fafd13251b9025c388d4c67f6c1975136b1a8816012c54c33d9ceb187a4a7,https://dummyimage.com/141x874,2025-07-19 19:54:24,True
863,Józef,Chuchla,MEZCZYZNA,jozef.chuchla,jozef.chuchla@o2.pl,bbdccb3e9db8aa7204ede8f5bdb66e320c2b201e85aabf54bf04c8a6984bcb43,029ae989c4407248,Papieros wieczorem dopiero.,2df54ede99615fb7d5b32e42f237ac2f3e5fdeaa52ebbae9bdd25d543eeb8d7c,https://dummyimage.com/215x427,2025-06-06 04:16:17,True
864,Emil,Biegała,MEZCZYZNA,emil.biegała,emil.biegała@onet.pl,afc76c1d8184420761194c01dc75dd8f4820d079d57a05c133366f86b5619ecb,9e020e1fb54534e3,Spowodować trzymać z powodu jeszcze zapach zwłaszcza.,39409bd0ccf28050b63609e37c665ebeeb5924cc8bc3875b32fce2a72dd82c48,https://placekitten.com/610/127,2022-08-11 15:08:28,True
865,Bianka,Celuch,KOBIETA,bianka.celuch,bianka.celuch@onet.pl,95601647c173720b7c362cc202960f2bf965147fc7ef02529e53278c2a507d69,431de1f5e7324543,Zgromadzenie tłumaczyć prawda wspólnota porządek zazwyczaj nieprzyjemny.,f88bc2dc57f53a0f1425158d642a77ddbcbb27a75744ddc3e5861ddcc4ce3ada,https://dummyimage.com/1000x226,2023-02-05 06:23:11,True
866,Krystyna,Styn,KOBIETA,krystyna.styn,krystyna.styn@yahoo.com,deb9275da48124a40e20ccc440cd9ff598b4587a4c05e12128544d64345920df,186ca6bc012fb093,O szkolny konflikt pełny dawny wiadomość co.,3c2f784cbb991092c12b162175df3c068486781c2a9ca1efbf0b579ef1e5cc6b,https://placekitten.com/927/642,2025-02-27 09:13:16,True
867,Gaja,Berdzik,KOBIETA,gaja.berdzik,gaja.berdzik@gmail.com,b4e0f996cc50ea3f7e809b44d48ec0edc0117d22fd6e0db67545aa58920b94bd,51623e30b3c3a20a,Waga atak siedem albo.,830a21a317b744eefc6854f462ab42dbd99c44abbf46074aca5f4a34e1a93f9f,https://placekitten.com/878/886,2023-07-19 18:40:37,True
868,Roksana,Langa,KOBIETA,roksana.langa,roksana.langa@interia.pl,922f373dc512413da5d2688be0e177b3d245a9b22c50a090676fb23d68b6d863,0e02d2a850c53aed,Przychodzić wypadek spowodować Azja śmiać się las.,da05cc46a52077fe5dd96a0867ecf4ce3693c4a7efeb586b2d78f6b26e80879b,https://dummyimage.com/707x614,2022-11-24 01:33:09,True
869,Nela,Fedak,KOBIETA,nela.fedak,nela.fedak@hotmail.com,b630a85738d2968df77caaa7940d4fa1e0649bb26c7e80c58dd3ba3733b699bd,2f7ab5bbd0ecf28d,Zwykły Boże Narodzenie prawda.,087491b4917b7ad3c03b9c8f5501397871147c8001fdf091036b4a9d146d51b2,https://placekitten.com/548/149,2025-12-25 21:25:21,True
870,Emil,Skupin,MEZCZYZNA,emil.skupin,emil.skupin@hotmail.com,13975ed1bb6d49ec7f475d9e3630cd66789afb3752e5821b9da9f8b77e8901e8,7a21f8d62ea53787,Dawno łagodny wreszcie chłopiec uniwersytet diabeł pusty gołąb.,28ef29270ae3fb1a2d2d2628b3d80cb1bb03833997d9af48ac4737d2cc020a64,https://placekitten.com/575/258,2023-09-17 20:17:32,True
871,Szymon,Betka,MEZCZYZNA,szymon.betka,szymon.betka@hotmail.com,4b54f2d9912af749aa2be59b14364d23bac69d31f27df1442e09c357509bbf78,f5b688bfe3d4a8af,Klasztor para pijany czerwiec kobieta.,3f55bffd20f86897ea119d0e060af5bd06f14a6bb1e3e320e811e931f17a857c,https://picsum.photos/249/581,2022-09-17 08:17:17,True
872,Kazimierz,Orszulik,MEZCZYZNA,kazimierz.orszulik,kazimierz.orszulik@gmail.com,cc8fbf1e534fd3152820693445ba0c2eae9c6093061a50b2d89b005013c5fbe1,f11416d5da8f0036,Nieść środkowy wakacje zostać działać materiał bydło.,2201cc88db6ed4285ea9791bb46b7bf440563b5ef9318490642d97edb4d93e3f,https://picsum.photos/377/438,2023-02-08 02:46:29,True
873,Ryszard,Myszak,MEZCZYZNA,ryszard.myszak,ryszard.myszak@interia.pl,456288917fddba42bb2867e526ffac817ecc7a54d54115a3ef759f630a3e03a1,858ce32dea343f96,Litwa choroba żona daleki pole.,114e187cd225180756a8eb3d39f2197c9a16260431dd02cd3331f1db92876ab9,https://picsum.photos/335/970,2021-12-15 22:44:43,True
874,Justyna,Sydor,KOBIETA,justyna.sydor,justyna.sydor@gmail.com,a59cee5e9940872bc3abdf16f80351fe215bd16e3b6b8375945861be41ae7e20,3f32376009b6ebdd,Ciężki koncert dany morski.,5cbf01fdcb6bfdf1dd32c3a1893de62c90e5af9e14b05f3161f14a29eca4b96c,https://picsum.photos/705/424,2023-09-11 23:03:43,True
875,Bartek,Bryndza,MEZCZYZNA,bartek.bryndza,bartek.bryndza@interia.pl,a91717a4452ef15d6c5c254ef8459e49cfdfee1598b688e273cfc4bdc19b6cb0,4a5c16abffcd48b9,Ona zmiana zimny wrogi muzeum źródło ziemia.,8aee1ead71a740e715ecc34fd2809cf46a92db88f7ef36c35caa60935d723cd1,https://picsum.photos/275/288,2025-05-22 08:52:44,True
876,Tola,Wawrzyczek,KOBIETA,tola.wawrzyczek,tola.wawrzyczek@interia.pl,f02ecd650112d790037f60bd1227465943d027d8dc1e281a34c35e48b89f9bdc,cd3bec7b59164079,Niewielki surowy wiele znów biedny akt szybki.,c089e35b8fc2823b52f6828b7080416f7b201f2c2974d818a12c9ee5ab334bd4,https://picsum.photos/353/487,2022-05-20 22:41:57,True
877,Tymoteusz,Osial,MEZCZYZNA,tymoteusz.osial,tymoteusz.osial@onet.pl,2e696911902e2b505dabb1491d825dbdd3dddcef56314caa7687e40d3ecf4500,700463b4c6894cc8,Wysokość dokładny długo naj- Czechy ilość zmienić.,0c7a174729cae87aa42c02205eb6175eb45f315bf5fec5d45cd2f4f382ea5ad0,https://placekitten.com/710/320,2025-08-27 06:51:46,True
878,Cyprian,Falba,MEZCZYZNA,cyprian.falba,cyprian.falba@gmail.com,ebc719cbb8fad5d4f78a3aef58417e9b1abbbeea732b27c3c3f38fcb29f837c0,97ff35aa17bb4783,Ptak modlitwa czwarty wykonać przechodzić.,886ebea7a420e18d69017dfa5716a48704a5c5affc2e8ed378197d2713cc8b7e,https://dummyimage.com/836x290,2021-11-16 12:51:58,True
879,Janina,Drygała,KOBIETA,janina.drygała,janina.drygała@yahoo.com,a3cde0714bab8c028aaa2d402c2736fad3f96c477cbafb168dc63e484373e7e2,eddf154ea31442e9,Korona pływać biuro morze rada Niemiec sztuczny.,74a2160abab3c15ea65393f3449202696c03a45519d29482d8e8204e9c72428a,https://picsum.photos/956/643,2021-09-15 05:18:57,True
880,Aurelia,Barej,KOBIETA,aurelia.barej,aurelia.barej@onet.pl,a69f1509eb22a3891fc8ac4fa42f646700c084e941a172eb43e475e596132ef1,fa041075c43137a9,Ósmy dawny odnosić się zanim bić niebieski grać.,77cbf9c8be0de462734eb7b2780c70776e23be454277953fcdae0de9e156aa99,https://dummyimage.com/898x992,2022-06-30 08:00:48,True
881,Klara,Nieścior,KOBIETA,klara.niescior,klara.niescior@gmail.com,258c7460d09ee56dff7dae5425b603a3cc05ff2309541c27bf44e418ddfa1c7a,21380e3d8a8b8b22,Działanie budować hasło stanowić bank oni.,6791c8f8f4a9c82221d18a7fc7b693d74f21eb85fbb05dde9e3f5e86740c0681,https://dummyimage.com/92x724,2023-01-29 16:58:33,True
882,Konrad,Kołata,MEZCZYZNA,konrad.kołata,konrad.kołata@gmail.com,0bab45a8c77a0f961075fa50783e39925f831be26c6fe2efdf45e0d79cd853d5,03d44e8b01d26b13,Przyjechać grunt rzecz ponieważ letni.,76e6411526b5c1d833368b601cd8fb820db1052551f848dfb67fc7c9f680bd94,https://dummyimage.com/541x827,2024-08-26 10:06:06,True
883,Lidia,Roszko,KOBIETA,lidia.roszko,lidia.roszko@interia.pl,b09ee649cc174c64b224d7bebc989c5db5e6d1c7e01ea9d5c2803a89fbf8a196,7edf25c05c7efb0e,Córka ta kalendarz zimno.,d1af77d7dd33321dab196710982baf501ca42d6a31fbffc154ee117050b6c12c,https://dummyimage.com/648x415,2025-01-28 07:34:53,True
884,Blanka,Wardziak,KOBIETA,blanka.wardziak,blanka.wardziak@onet.pl,91cd7d35cc421cb6a87c0e6d487feb90823085d2521bf9d0ad99cce76af819ec,341d796c1679dfb4,Kara mistrz szkolny powszechny zrozumieć liczyć ruch.,202a9f04a8fa75bd60be9abec955e04479383308904c390ddab9cc72f30a6cba,https://dummyimage.com/469x414,2021-03-06 08:19:37,True
885,Tola,Wojtaszak,KOBIETA,tola.wojtaszak,tola.wojtaszak@o2.pl,86224d2328d29d74c1ce37d0be5c03c2c45848a22d4332af16b261abd7ec7ec5,8dc94d9d4eb1b94b,Posługiwać Się dokładnie smutny użyć Słońce Szwajcaria.,caa96b40ab029dc367af2e655dd3aead3fda258c0a2ef1e3f03e3a13c64861c3,https://placekitten.com/791/766,2024-03-13 19:53:07,True
886,Ewa,Darul,KOBIETA,ewa.darul,ewa.darul@o2.pl,7c780c28b067b55ccca54b2b9bf9e5e81c4090b5eba32d49d591c0b7c5b15ce2,911c3fbaa4fcd493,Lekki zdarzenie strona szczyt spokój nazwisko.,ff39fd8900d18884b487efbf95fb7e2c64afff8f27456165c0c48c862b46961d,https://picsum.photos/613/248,2022-09-11 04:22:21,True
887,Aleksander,Bulczak,MEZCZYZNA,aleksander.bulczak,aleksander.bulczak@gmail.com,852756b31c2aec0130a5faecbe5402c30cf7d70c6d1fda2934670d2080422855,13249268eef35f6b,Śmiech wymagać kapelusz prywatny łódź przychodzić.,90a9a1c876d1f749539aec430587f90ae04d38bfe01d39be01918abea8d37a2d,https://placekitten.com/497/288,2025-01-06 13:42:54,True
888,Grzegorz,Kalinka,MEZCZYZNA,grzegorz.kalinka,grzegorz.kalinka@interia.pl,02602b0f4964a67d2edb6bbdf2a212be06693bb858cf4800ab6fc8129929b939,7c95d516d871a5d6,Zgodny klucz nasienie uprawiać literatura święto opisać.,90dd05f959beb7dad0c9baa976c774ad8d4b830d5f27621aee86574c8063a4f5,https://placekitten.com/26/991,2025-06-30 00:43:59,True
889,Monika,Klejna,KOBIETA,monika.klejna,monika.klejna@onet.pl,566812f3755f7ae82220ed141973899fb4d77aadd7182b7f95bee65f454920fa,50b4a590b7a1705f,Ameryka ciepły reakcja wejść to miasto pojechać.,41d2718510ae5328e679f7eccc0aa5664da0c376a594f4d7dde86c8b434fe85e,https://placekitten.com/384/756,2025-05-31 20:10:19,True
890,Nikodem,Kowaluk,MEZCZYZNA,nikodem.kowaluk,nikodem.kowaluk@yahoo.com,cd26f18f6c38fe5302254d65f00d619607589f8e20e721b091179d157f6587a5,104a9e6d6129619c,Ukraina dusza Węgry wieczorem 60.,cdc29937887188ad3702d1831d5b7ec66333a2a909e1f242432eb168d4c7b08b,https://picsum.photos/313/1011,2025-08-05 18:38:15,True
891,Mieszko,Fedorczyk,MEZCZYZNA,mieszko.fedorczyk,mieszko.fedorczyk@gmail.com,1877bd50286bf5b19dcb40215588d24b9aa6fa8d3feadebf1930d0a653a0ce41,1248510946093924,Odległość pić biblioteka śpiewać mebel karta.,dc7c811b9561739d9b75bb3e9e1715970a868834e62251b0b9ca02e74d0f42c9,https://dummyimage.com/102x993,2023-06-16 12:17:27,True
892,Dariusz,Serwa,MEZCZYZNA,dariusz.serwa,dariusz.serwa@hotmail.com,d6a4c3353d073778a445af71ea1cbbeb0159effa7b473883fad8478d0585108d,3a3461d849cd400c,Ciepły robotnik musieć napisać.,5876ed39ddfba1fd32ebac444de0f72fef557bcce1dd749bf773d04a4398b283,https://picsum.photos/853/990,2023-02-03 04:58:30,True
893,Ewelina,Kowalak,KOBIETA,ewelina.kowalak,ewelina.kowalak@hotmail.com,a75dc384d8ec7478370a5d15e2ead78f498511d3fb90bb41d510c8be63870a3c,20f266e37f699aa9,Wywodzić Się piwo Anglia pająk dotyczyć USA.,5ff1aaa829e5acce7b1f2ecdfc6c90f2c609b73ee0a3917f5b7e7ce957462553,https://dummyimage.com/730x387,2023-07-07 20:32:33,True
894,Sonia,Majorczyk,KOBIETA,sonia.majorczyk,sonia.majorczyk@onet.pl,e798d3419294872d5a9909c3f52e676e4a5925caca1aaa8e2ee1bc56e5254532,b3799156d0c7502a,Szlachetny wobec wyrażenie lęk włoski oddech świeca umiejętność.,f9b82859672b3c1e0f98c00383b337bb374cd60bd08a41416d7c0fbf9386952f,https://placekitten.com/631/13,2025-08-31 07:25:10,True
895,Nicole,Borczyk,KOBIETA,nicole.borczyk,nicole.borczyk@o2.pl,134eba52d6ce629e29c61599429e3a5b209b6cfe909b95f5637df07be8dde529,7ff85728a6eeae97,Styczeń specjalista obraz widzieć herbata umieścić pełnić.,f0dc6619aa55e127813515175cd09c756fbb2936e12a0315fb6cc33ecdce4a72,https://placekitten.com/186/565,2022-10-16 08:04:15,True
896,Łukasz,Zbiciak,MEZCZYZNA,łukasz.zbiciak,łukasz.zbiciak@gmail.com,06f098b6506368f946ecc5805525beee6b26267cf17c2982bdba7ccd3f7399d1,4480110f0c577c0c,Posługiwać Się przypadek kościół brat.,b5252c3a46889dfab36f8b107b182bce34c7d892ad371e2c62980177440843eb,https://placekitten.com/813/431,2021-05-23 08:06:54,True
897,Karina,Nałęcz,KOBIETA,karina.nałecz,karina.nałecz@yahoo.com,03dfd7d34199b82f7fa99291c6b4d403b1a2f2f913f97309ec5ad803f83b2763,9aa0328f54000fc4,Ostry 90 dorosły wschód - fotografia.,66a6863353815a881912e73edfe475d1f6fc8b62772ce963537923fe81280821,https://placekitten.com/791/221,2024-04-23 19:53:29,True
898,Aniela,Flisiak,KOBIETA,aniela.flisiak,aniela.flisiak@hotmail.com,8bc36a9c6acc62c695ed53051aaf22cce89b988e1970af03c7d2ccaaf6c03b16,09d5e0704621dcd0,Mocno biedny pusty działanie poznać autobus itp..,3820e6c118bae16fdb2fffe7647118e85006ec1b2b6902c4ab10d479140b5cc5,https://picsum.photos/939/393,2023-01-05 23:21:00,True
899,Rozalia,Machoń,KOBIETA,rozalia.machon,rozalia.machon@onet.pl,607a3d8b288790b4dedc7c27095c3b221a914deef8e412e4d60e716f3f801e6a,df3272784facc2d5,Konstrukcja urząd ciągnąć podróżować.,9db7f5e749908a3bf6606a123c0f2b72ace1487cf207318b2616d1586fe9e503,https://dummyimage.com/664x470,2024-10-01 09:56:30,True
900,Witold,Dyjach,MEZCZYZNA,witold.dyjach,witold.dyjach@yahoo.com,fcff634f0677b0402b37838255a1a98d61d0e5c8143f6e936aa875efdb289686,63a93b70aa7f67d0,Ani zawód Kościół drewno.,dc153ae57bd0dfca190ad9d5a2a63e38ee8d78a3614d0df63d8a014bd16cec99,https://placekitten.com/261/44,2022-04-02 04:04:23,True
901,Jerzy,Waleczek,MEZCZYZNA,jerzy.waleczek,jerzy.waleczek@yahoo.com,67679ba378de8e39be8a10345f7d38adba05cf18e6938ac088272f2a49b2aa7f,301368198f606cc9,Katastrofa nadmierny pani w czasie centrum trzeci określać.,743f7d6f74ee96d11d0132a1b3be285e70217eeeaeec22714105f37634fa83fe,https://dummyimage.com/483x831,2022-05-05 17:27:05,True
902,Przemysław,Fidor,MEZCZYZNA,przemysław.fidor,przemysław.fidor@gmail.com,6694fea51961d42f2aa976788ab8adf652d69792b4e501b010c5d0dfe5cf203b,bff69666a12ee052,Koszula przeciwnik wszyscy chęć wyglądać sól.,e85fcc443377d1f2bb59e2ea00353274363f6b3a8704632eff2ea4b40256ff3d,https://placekitten.com/787/710,2022-04-02 22:47:27,True
903,Anna Maria,Surdel,KOBIETA,anna maria.surdel,anna maria.surdel@onet.pl,e25e9459ef1edc1cf58012891afc3ab9ce841da9b58785f161d3670cc0a0621d,f62c9a2848a316e8,Doświadczenie nauka odczuwać rozwój pani utrzymywać potrzeba odcień.,e58a47ecec849dffd46e3d6b258cd89d389fe4cda8a4730a0bd97897c633204b,https://placekitten.com/672/698,2023-04-02 04:05:44,True
904,Wiktor,Podkowa,MEZCZYZNA,wiktor.podkowa,wiktor.podkowa@interia.pl,8fb4d97e451d30e1f9613ea005ba24bebfb5a307486cd3def201d53ecc310014,d977a28f0eebdef1,Zapomnieć urodziny minuskuła.,907392083d14d75ea98cdca031534a6a89f8ae2b9381addeedbd242790fb2b2b,https://picsum.photos/98/242,2025-07-03 13:10:45,True
905,Nela,Kursa,KOBIETA,nela.kursa,nela.kursa@o2.pl,44d2a90f70473acae77e7f752655ef1f814457d1f360cb73bbc4e61588b76931,b9c606efb8a404fd,Go wynik Francja 1000.,8dc44deebc2b2e7b1c094aacdba7d612207cd64d9b5d32a8cc7da833e9f22e8a,https://picsum.photos/201/654,2024-12-22 02:21:13,True
906,Michał,Rasała,MEZCZYZNA,michał.rasała,michał.rasała@onet.pl,2b70c31066ec67c6a23046fa8c49044aae2cb1f365c09d4d523564a3fa0be255,1b56c1c1baad7445,Broda siła więzienie archipelag pani matka łódź maszyna.,f897310bf8f24e06c6ec0d10273132e3bd561dbe60d3f72d55fed32a1da05bfa,https://placekitten.com/403/950,2022-04-28 08:35:27,True
907,Malwina,Durys,KOBIETA,malwina.durys,malwina.durys@onet.pl,1d0a1aa76f76cb3b5563948d03c9d7d5f9f8f38ed6ea4aadeda0c6331536909f,41cba1d2ad96f885,Kolor gęś coś stały reakcja.,161324473054623ec437468208747eca3708c45c4c47242fb9c59d32b73e9590,https://picsum.photos/345/326,2025-10-09 10:19:06,True
908,Maurycy,Kostro,MEZCZYZNA,maurycy.kostro,maurycy.kostro@onet.pl,9d5d99ab26325c3bafcfe207439e80d32ca2bb30cdbffd457fd275cecc971bd8,af474bf78780acab,Wchodzić uzyskać św. cebula abugida owoc kościelny.,764c4c7b78d6fd3b7bf72e531e81b2304ff57df646d084f9b4bdd51b8e350955,https://picsum.photos/264/505,2025-01-03 10:51:19,True
909,Wiktor,Teodorowicz,MEZCZYZNA,wiktor.teodorowicz,wiktor.teodorowicz@gmail.com,03849732bb028aa1c73b16a297a6a8b74c80bf82c0b470c0932a21e3c125d46d,15a24e2bcdd66e22,Pomagać rada wysłać mieć na imię majątek pomoc pieśń.,2209eda63c070f6a3ecdb005cad6e6b093d1c42f09c0e37e8b624327c181320f,https://dummyimage.com/997x76,2023-06-19 07:42:30,True
910,Leon,Kominiak,MEZCZYZNA,leon.kominiak,leon.kominiak@onet.pl,0507dd82cf51f69e9e9082f7a035482349a830df341c738faf62867bcb7cd927,c4a47ff2e3ada33a,Sos tworzyć bycie jazda jakby nagły wewnątrz kość.,2bdd849280718003c59ff4dce7dfa0e582810f92f2c2aca81629de8dca869a3b,https://picsum.photos/718/243,2021-12-12 17:27:09,True
911,Robert,Staśko,MEZCZYZNA,robert.stasko,robert.stasko@o2.pl,6e8bf64f99d262ded32ab60cf03e39420b6a2c102edf2b52713f457c95c02f37,4f528281c46d84fc,Zespół stowarzyszenie wykonanie pracować.,2f9b47caf986d89973c6a5b1e7f8117e8bddeb87cea036d1c997b696a5d2ecaa,https://picsum.photos/738/61,2025-04-11 05:12:31,True
912,Fryderyk,Lang,MEZCZYZNA,fryderyk.lang,fryderyk.lang@onet.pl,6d648780a13826e7f1a812091cc7241e36499d95717976f7ea4e29c1f970c387,202253c168321132,Spotkać świeca tył.,f0dc6619aa55e127813515175cd09c756fbb2936e12a0315fb6cc33ecdce4a72,https://picsum.photos/356/692,2022-07-28 07:47:36,True
913,Kaja,Dworczak,KOBIETA,kaja.dworczak,kaja.dworczak@o2.pl,c527a3e80850df0cbfab918e83d346882c549c43d69834df6eaa3b7993f55291,561c7537b2a4ea79,Powieść myśl noga następować.,d0afe5ed2bd67151d4dd103cbc58f94c43e56d5ebb122e9538f2718ee6d48c4c,https://picsum.photos/575/19,2024-05-18 03:14:13,True
914,Adrianna,Litwińczuk,KOBIETA,adrianna.litwinczuk,adrianna.litwinczuk@gmail.com,fcbe2d66bbbc3dedbc9f99ababa4ad113c02cb4f85cc8baf1717f47b26c10da7,2c50272d44cc3293,Wiek wykonywać ludzki republika odważny głupiec wojsko uciekać.,0bb0ae7350dd1c748ea7cc3b99b706a57c3f18d676763373e47644e537c8213e,https://dummyimage.com/791x625,2025-10-12 07:10:21,True
915,Natasza,Sadura,KOBIETA,natasza.sadura,natasza.sadura@onet.pl,2c69e87a3880c8b31699c4a42ab0d8cb4142be17b08faff96350c6c439c44fe4,a1ca205331ef5091,Filmowy drużyna piątek delikatny reguła.,7b8e8cd122619c0d82934b8a3b2b0dced6b7efcc1636290fd047467423963144,https://picsum.photos/330/317,2023-10-05 09:20:49,True
916,Wojciech,Piórek,MEZCZYZNA,wojciech.piorek,wojciech.piorek@o2.pl,10701218933d05bfaeb4c2307a818c87ccac29376b84a59613972e25f6d364fc,bff6d82090309373,Dziewiąty naprawdę obowiązywać współczesny droga oś.,631bf78993d5c230fe1dc351d31582d42647aac6f52f243d90cad210248d6701,https://dummyimage.com/736x58,2024-06-18 09:23:57,True
917,Janina,Stożek,KOBIETA,janina.stozek,janina.stozek@onet.pl,4286709193fb56f81e2b16f3adc542ccec37d8a0acff947f0d3ce6f8d8ba5d15,644250fd8bc69b41,Korzystać cecha postępowanie umysł amerykański.,43727f1bf2313b8df3af0a3968a5714b70f91a266d72c709de45d58ed46fe7f8,https://dummyimage.com/70x337,2023-04-23 12:36:31,True
918,Ewelina,Wożniak,KOBIETA,ewelina.wozniak,ewelina.wozniak@interia.pl,54a5df6667acc1b70cef5a1ce2fc5ead3c68f618114e6311e265a1df3070701b,714122717b2eda7e,Lek spadać miejscowość strumień niektóry późny.,d87ebef9e2b60547a496b93385430d5069cd0514919d085fa00008fe3ac77b1e,https://picsum.photos/455/330,2024-02-02 17:14:58,True
919,Kamila,Sawko,KOBIETA,kamila.sawko,kamila.sawko@onet.pl,8e7d5d2229dd0b7c31ffed169d04d796948c80f4f78650f945687edbfc5c036b,244d0155550e7a98,Lecieć jak długo mieszkanie dziś pożar.,b2cfc05bc7f2224d4ce2f4896d278dea745edfe2d3eef38a064e4f0367e7cbd0,https://dummyimage.com/18x466,2025-10-04 21:11:00,True
920,Tola,Łój,KOBIETA,tola.łoj,tola.łoj@hotmail.com,a4bc3473d289b1491a159973be0368f0d47488e073b4487a8af341d41e7e9831,720cd4f50b22b7f4,Zawierać wyspa nowy sala blisko.,3715ad444afb4f128caf53bd275f2cfeb45e116b427192807665d760d60b9bcd,https://picsum.photos/1001/784,2025-08-03 12:38:02,True
921,Marek,Kara,MEZCZYZNA,marek.kara,marek.kara@o2.pl,7f132bed467f195244127198237e26ce71391dd75d7a1618fbda3eaf879d84d6,dcd5c2366c24f6ca,Pora złodziej paliwo jadalny plac białoruski wybitny.,45e38af8d463e3d6099c8febe4e9d7abaa6d9e1e45cd61686df4904300e51fef,https://dummyimage.com/695x296,2025-09-22 04:38:47,True
922,Igor,Kułach,MEZCZYZNA,igor.kułach,igor.kułach@o2.pl,8d18b69505e473bb7088e158e216b46b9d934e53c73f6993dafc9edb829fa826,801631c33bb8f0af,Droga zazwyczaj rozumieć lotnisko trzy znać żaba.,cb385568c4f0b611537ae98987d9f1c6c3ebecad5d4af12ab699a7e609df9f79,https://dummyimage.com/1005x669,2025-07-10 10:43:21,True
923,Dariusz,Mateńko,MEZCZYZNA,dariusz.matenko,dariusz.matenko@o2.pl,3df85f2681ff4dbfed42d09d749313f53c1edc133e093d3eac85e393d166e9bd,86422d144e36147b,Szwedzki do pochodzenie bok Ameryka zajęcie port.,9ca5319c4fa81021cbef3383bca59635a89766cb9be42a77e8c9dbad9a4f8498,https://picsum.photos/807/1024,2025-05-06 00:32:25,True
924,Adrianna,Seta,KOBIETA,adrianna.seta,adrianna.seta@gmail.com,2446d0fa654f339e260b3b17ece8d2fcfccc767a0f81fb6147f5a2d23c214f12,d071dabedb495cff,Grecki panna system gotowy umieć partia towar.,1af079bdea229c5d84fc911cb9eedaf109d1013289c8227af4d7571c6e33e172,https://dummyimage.com/706x771,2023-05-15 23:10:32,True
925,Kalina,Sołek,KOBIETA,kalina.sołek,kalina.sołek@hotmail.com,9e0e374381d1fb2c6475f3b8464f597c8c8e5ca1ee841b215d8b5aa592616c9d,685bbfc0e4d2d90d,Teren piłka nożna stowarzyszenie uciekać włosy.,c4352ad04334a15c99357a9356f9981efb8a29957c64cff1633866e7c150b453,https://picsum.photos/180/469,2025-06-20 16:25:02,True
926,Artur,Janic,MEZCZYZNA,artur.janic,artur.janic@gmail.com,3a1f723668dc630ff847bd4b3c0f3bba4aeda251c437f8d3a799a814a50e0abb,69a420190904701e,Wróg lekki ciekawy funkcja lot.,e54adb244ae78ffed24437a1c62a6fb1d08702f2d82b36ef77378a6596a63005,https://picsum.photos/161/398,2025-05-29 07:49:12,True
927,Aurelia,Filas,KOBIETA,aurelia.filas,aurelia.filas@interia.pl,b86c388414ae9bc3168e2b89d23151202e53e1ef814d68b07877f759797bf3e0,63ad95b22fb43448,Niemiec obecny strach wzrost latać.,087491b4917b7ad3c03b9c8f5501397871147c8001fdf091036b4a9d146d51b2,https://placekitten.com/914/658,2021-08-22 00:43:56,True
928,Nataniel,Olesiejuk,MEZCZYZNA,nataniel.olesiejuk,nataniel.olesiejuk@yahoo.com,fbaa85be1a068cdfc246dd0cfd5db587c743051bdefab051c12387fca7cc071b,2df991dcf4fe1e65,Turcja marzec szanowny przyszłość.,d2beb490112d7280a9940c0fd79c08f8654fa3f2a517c65d5164193eeee5a9f1,https://dummyimage.com/259x809,2024-12-25 21:30:01,True
929,Lidia,Kulon,KOBIETA,lidia.kulon,lidia.kulon@yahoo.com,ab82eebe9f245c773165da01758c4e1efaa2ff3366fb257ce872883df31fcc6d,8d9d8d070c020fe7,Ozdoba dłoń leczenie oficjalny księżyc.,671b7572b0a9dd295757ce7cb4d501fb8e2adc9e9c78fbec6fe05a718e13293e,https://picsum.photos/116/235,2024-12-19 06:07:44,True
930,Elżbieta,Plizga,KOBIETA,elzbieta.plizga,elzbieta.plizga@hotmail.com,554a31f38b032b6f53fd5dabd47c98dd1c60f7eef0cc2456842ab1cc406e95bd,4ff74bc186862bab,Muzyka piłka oko nowy.,9db7f5e749908a3bf6606a123c0f2b72ace1487cf207318b2616d1586fe9e503,https://placekitten.com/136/825,2021-07-03 00:22:30,True
931,Rozalia,Golda,KOBIETA,rozalia.golda,rozalia.golda@onet.pl,e645543a0276cb9fdc51ec84daa849500ecdcd26cc57a74a1e5316529c0e1f43,5ddb3cf3fbac4ac1,Złoto prosty bóg długo zawierać.,47a56f89a73b292e424b3c6168e7841428d7e083d01cb6fb791998bae9063da9,https://dummyimage.com/581x917,2025-06-04 18:35:18,True
932,Sylwia,Wojtiuk,KOBIETA,sylwia.wojtiuk,sylwia.wojtiuk@interia.pl,4a1ea3ad81c7b34065cf33e0b9ecb910aa3c486691e813e7c54183b53e40baf8,926ea5b3ffbf0128,Okres grunt związać moneta jednak siła.,659f237d5b3d49a64704efffbffff5ebb54ef5bf5473672ad2122a862af24df7,https://placekitten.com/1009/774,2024-07-02 18:46:32,True
933,Robert,Kłoczko,MEZCZYZNA,robert.kłoczko,robert.kłoczko@o2.pl,809ace15b3086804102c66ef4de6276e68dd62c4e553a44f09f1703081341728,8ef862f2c29d9468,Przynieść jadalny słoneczny wywodzić się między dopiero.,72110207b6499adb0ff6cdd294688fbead12ad866c34159f23e0b3e81d369b94,https://placekitten.com/72/250,2023-11-29 17:26:11,True
934,Filip,Kalka,MEZCZYZNA,filip.kalka,filip.kalka@o2.pl,2f7bf271e74a4f8244f49ea31eeb26abdba263bd4994d86a1ae2f93eb3ea905c,802d4e8a56c9596d,Użycie Litwa samochód poziom płyta podnosić.,5fc17a7603e0b68029c2c7eb07f2fd09f73748b7477745a30f90c0f8ce3392a4,https://placekitten.com/991/880,2022-02-03 18:45:58,True
935,Krystian,Kiedrowicz,MEZCZYZNA,krystian.kiedrowicz,krystian.kiedrowicz@o2.pl,fc5c8db3f333bd2b88852272986041421d1d8d5f613ac91490682fd66193cb6d,45a67a3d5e872298,Cztery choć płakać lud żydowski pisarz.,1cdd75a3eb1ea8b7e15a0c318eec4bfa36a02121b59de630cc28038a4de375c5,https://placekitten.com/268/991,2021-02-07 04:07:56,True
936,Witold,Oleksik,MEZCZYZNA,witold.oleksik,witold.oleksik@hotmail.com,7a133eefd9b1870fbfb4a9ba103ed1f412ee0d452a9248d735d3eea27f69558f,db085916261ab6f3,Poczta prosty 60 obok więcej.,6cb165eb811daad959b6d6fd4dc973fb973090d49ddc4a211536a429693791f0,https://picsum.photos/352/197,2022-02-01 07:30:29,True
937,Adrianna,Nalewajek,KOBIETA,adrianna.nalewajek,adrianna.nalewajek@gmail.com,31abc928219634243e6ac0f15e59f89dd870bac2dc81f77fb60addad9876c309,2adbef259ab589d9,Zimno malować gęsty zrozumieć ziemniak odpowiadać.,bd144d4b9250b5395989271bf922dc5efcc4f66c8ee2e180e1a29c96db47f8b5,https://picsum.photos/428/708,2021-10-28 04:36:29,True
938,Róża,Trzcionka,KOBIETA,roza.trzcionka,roza.trzcionka@interia.pl,44afb7515f008d7d8790fddaa5cb4f0f6ecf32f5e018fcdc139e7e6ee88f4284,72fa56fb7ee64177,Luty wspomnienie chmura próba on noga ciało.,24dac808513461dd47c8ebb5b640cce85526a24dea6c76cbda0ed28f32dc68a7,https://dummyimage.com/6x1015,2022-01-13 08:05:47,True
939,Arkadiusz,Kujda,MEZCZYZNA,arkadiusz.kujda,arkadiusz.kujda@hotmail.com,eed6101314db5cb92bc60f4c19c002a9a2af9d52a4a3513c0072a7248fa4488e,676c4d778bd3c798,Złożony zamek kolor inny bogaty gmina.,e63c02cc8fa932f568cd560d05014b8b86fd22a2883d10b2907aea5ea288a153,https://dummyimage.com/828x67,2022-11-15 03:53:43,True
940,Tobiasz,Butrym,MEZCZYZNA,tobiasz.butrym,tobiasz.butrym@yahoo.com,4ddf2d5db5e5382af53fab7138ce1fc7c0bd9f3ddf956255d3a2e87fb0b16af2,3a44e1713d2fffb1,Student łąka połączyć zewnętrzny tłumaczyć nowy.,27ba6ad8762916ddf2bbb58d7e3894e6261fa9a8ab1317d56f679dff3890f477,https://placekitten.com/611/937,2021-09-22 06:56:55,True
941,Marcelina,Jonczyk,KOBIETA,marcelina.jonczyk,marcelina.jonczyk@gmail.com,2465d2874c272b4b9b64af3029f59d045d67eeba28bec9479ee66a7bf76f477f,ad126a20b5e518f6,Z Krwi I Kości Holandia dolny list pismo.,86c1e2bdc5bd6b35ab8a1109d2bfb8de1bafe0891c2082434a8f41f8ece1054e,https://dummyimage.com/546x739,2022-12-19 06:04:23,True
942,Ryszard,Jarczyk,MEZCZYZNA,ryszard.jarczyk,ryszard.jarczyk@hotmail.com,56a55d10ecdef8406c9fa3ba4b367b85d00dc6ff3a1057202222ed517d252fa4,efa86ad8b499dee6,Miecz otrzymywać powodować.,4e155eaac59d951c3d331deb794433b21c04ef507ab2251d08ef14718cd64951,https://placekitten.com/319/253,2024-04-20 10:17:03,True
943,Roksana,Balik,KOBIETA,roksana.balik,roksana.balik@yahoo.com,82e71584aa559120a658a31319fcbda5f546580eb59b13df80ba92af86ef0bdc,bdee4ae580c3d1bf,Ustawa przestrzeń określać płeć niezwykły.,006f7546ccfe19a123589b6b416d6620b83a720a78c1b406cea212e65ee67830,https://dummyimage.com/160x543,2024-03-28 13:23:09,True
944,Tomasz,Sałuda,MEZCZYZNA,tomasz.sałuda,tomasz.sałuda@onet.pl,b707ce2cc9b1326ad97e5e9bd8c974ae6b68484ca17fc9896b1dddb8b4703022,524bab82f4f1c9d0,Odbywać Się zasada przychodzić związek zawodowy swój dokładnie.,2016d624afefd2838f9ff4ebd66bcdc85ee6dcee4b1f9bc86e835e3e1bacb26a,https://placekitten.com/88/389,2021-06-09 12:25:42,True
945,Borys,Milcarz,MEZCZYZNA,borys.milcarz,borys.milcarz@interia.pl,39bb98dcb669757043fca4c44569bfacbd188d628fac1649d6f9275ea22924ab,dbbac3fe1ef00de6,Luty pomieszczenie rok.,5aab708fb8e94543dc5d68fbf2d55ca9286d8fb1cb0757a4cd619cc402d60829,https://picsum.photos/849/1003,2025-02-19 10:59:39,True
946,Marcin,Olma,MEZCZYZNA,marcin.olma,marcin.olma@o2.pl,4261da19e866ecaad3de38ea8013a6377da6a7a0f042eff44619e94b2daec805,e7f86108e96fdba1,Wywołać tył wypadek głupek rosnąć.,8c07e34b778ce1d1f87b0afc07a7917d7fd90b0dd26f3661306497f6e08729ba,https://dummyimage.com/79x61,2022-04-08 23:08:21,True
947,Rafał,Skubała,MEZCZYZNA,rafał.skubała,rafał.skubała@o2.pl,f2776f834c48edeabcb13b07b947ef8bc75df3e5e39f589b2cab324047d4ebdf,13747557cadc68f7,Proces otoczenie swój żeński szukać.,02f2d916bc6d8221f1893d2caa8309c10575a3cc76b04df72e5eaeba2cb64a24,https://placekitten.com/1003/321,2021-02-27 02:34:13,True
948,Tadeusz,Oleszczak,MEZCZYZNA,tadeusz.oleszczak,tadeusz.oleszczak@hotmail.com,2896953815cc2bcb359f0ebdc47b3ecf13720815d644ad58f8b47b86c36e5167,ddac4921aa9cf679,Chory spadać mówić potrafić.,b784e3431f77e5e2dbb646e1294c60c35b83456ff93be373784e40f9028f5764,https://dummyimage.com/679x908,2022-05-31 15:39:22,True
949,Alex,Groń,MEZCZYZNA,alex.gron,alex.gron@interia.pl,54291d200168ebdec77c9848fb5d0f0ac0bb1aee540f6f25c15c494d33a8b87d,c6af0c764df1369b,Łaciński by dokonywać odpowiedź oś.,0fb7e74a5bf60b5fae4215dda4e05a797f3b62d0495d3c0dd852fc9914221f72,https://dummyimage.com/135x254,2023-06-29 02:01:03,True
950,Marcelina,Bulanda,KOBIETA,marcelina.bulanda,marcelina.bulanda@onet.pl,fe78638bc75a9b76197f660b5178759cddcaf298589344bd6153fee4cc8f0842,04966c05ac872cc7,Bawić Się uchodzić upadek ząb urodzić się warzywo.,bf8a3d40446337215043072e62ab29d47e12146413af3ba26690dfc52b6c828a,https://placekitten.com/64/468,2023-10-27 16:53:52,True
951,Kalina,Piguła,KOBIETA,kalina.piguła,kalina.piguła@o2.pl,586ac06d5e8c4c9614bb34ba344ebe869deb1d72480c0cbc7da66e8cbe0368d2,13aa0cbe25491828,Ciasto zaraz te styczeń gwałtowny.,240b2b8fed46fdc6e3513385b3a25958e4627096f63ea764100c9061537d0b5b,https://dummyimage.com/78x694,2021-05-09 09:12:18,True
952,Lidia,Pastuszek,KOBIETA,lidia.pastuszek,lidia.pastuszek@yahoo.com,6e6c37fdcd32188dde90dea9b8bc1247ee9ac070d07203d60aea3297a798f210,27a84652b09a7ac0,Krzyż krzew Szwecja Niemcy uciekać ciemny tak łóżko.,87e6ba8f2a70261c57cc77e3b47ff18305622eeec8dd9020c74467a02f51f7af,https://placekitten.com/532/46,2023-08-10 17:08:39,True
953,Alex,Pianka,MEZCZYZNA,alex.pianka,alex.pianka@yahoo.com,a312e043f0a8b603ec6a77e48adf9e32608d94fd370f43010bfe7600ae1a9be8,7f3b1d2e49d82b7a,Pod nastrój r. pisać przyjmować pierwszy kraj.,d2beb490112d7280a9940c0fd79c08f8654fa3f2a517c65d5164193eeee5a9f1,https://dummyimage.com/655x500,2024-05-06 20:55:52,True
954,Marika,Kuran,KOBIETA,marika.kuran,marika.kuran@interia.pl,6f48b4cb2c9460ea899df7e6b05f10e2b0c2c1fa495f5d5241e6439be1a98609,5cfc9593e1f88a64,Mama dno zmęczony łąka żywy filmowy uderzenie.,23584812b707a7159e12c8af7b133b924eeb442e1720e3cbbdf91fa355187ef6,https://dummyimage.com/804x865,2022-01-25 17:12:28,True
955,Nicole,Chlebda,KOBIETA,nicole.chlebda,nicole.chlebda@hotmail.com,2f5e987443e711dcff7b7d8bacbf43cae917b2b9cb1edabc46adf1e5851ecf56,9418d29eb203d64a,Podział przyszły układ okresowy fotografia.,383281e3e32050b5245aa9bbca3d9620b4540c708098dd96e55110341abd1eb5,https://picsum.photos/90/937,2022-03-30 20:07:25,True
956,Paweł,Karczmarek,MEZCZYZNA,paweł.karczmarek,paweł.karczmarek@hotmail.com,c172088f878fabce4fffd4f794d7278d51a8f0825f5fb8117a2a5de32da71b99,56778c03fe75c8a6,Narodowy lot mieć na imię.,5b23fa9ea83bf685be9696ad547420523fd188e0112df7eff73687088c810104,https://picsum.photos/924/851,2021-07-28 10:38:46,True
957,Witold,Dziewior,MEZCZYZNA,witold.dziewior,witold.dziewior@gmail.com,9f62349d9b77fd319b912b961893212253e0d25d9ae4c93fa425f84c5e15953b,2a5be59bfa36bdc3,Budowla kierunek brzeg małżeństwo chyba fala żołnierz.,3715ad444afb4f128caf53bd275f2cfeb45e116b427192807665d760d60b9bcd,https://placekitten.com/976/255,2025-06-07 19:08:25,True
958,Dariusz,Wojciech,MEZCZYZNA,dariusz.wojciech,dariusz.wojciech@o2.pl,64d3bbfceb5119ae398c8a12680a046baaa4fab388fc4fe19dd2993a9ac47217,c1afad49e291e539,Kończyć zimno siebie ozdoba miesiąc wydarzenie.,d02ae14bc235c16e4f54248b3513a91c28dc5a8af2545a84a5871fcaa54ff050,https://picsum.photos/418/672,2022-06-27 16:00:47,True
959,Dominik,Bender,MEZCZYZNA,dominik.bender,dominik.bender@hotmail.com,27c5b7c02764902f66d1c46d32ba391b3022340b5a144cb92ee65da29e5147ea,a748224ad0e084da,Służyć kolumna łóżko towar.,f70ae3292e292febbcdc4c4825f2dad06b727182c1767405a490b18e3f793e72,https://dummyimage.com/437x290,2024-09-23 10:43:39,True
960,Aleks,Glapiak,MEZCZYZNA,aleks.glapiak,aleks.glapiak@hotmail.com,935b998eab659a948a451345d94e39796e9938643dacecb60ff8c4dfcf92eb6b,c982d733a6bfc525,Ile powodować róża po matematyka straszny.,120b7252eed2878aefbe3dfdcfd69a8158c9d89e6b788ded30d049fa9070abf0,https://dummyimage.com/295x21,2025-11-05 19:40:55,True
961,Justyna,Kurbiel,KOBIETA,justyna.kurbiel,justyna.kurbiel@interia.pl,8f07cd089d9d7bfbcc3f284833a7e0272ad5e57eadbf22590e143fa24681c82c,8479b7f3a55f7938,Wyglądać podobny polegać silny niemiecki 60 Grecja.,45564c17bd5c6f9d8b3ee5bb1fca1f7acfa86d4f72c2d3c888f637210bc7870d,https://placekitten.com/106/709,2025-06-16 17:04:24,True
962,Karina,Gendera,KOBIETA,karina.gendera,karina.gendera@gmail.com,fbfe6802cabe6e43ab2e5a49811852165accae976ffa67809016025da8451108,c5d4dc977face839,Strumień trudno zabić czoło studiować zimno majątek.,cd38f2cd5c6c4c0cafbdb58d7684263084999d5c42cad48faf8b8b6f78ad5e8e,https://picsum.photos/382/557,2025-10-25 05:11:31,True
963,Agnieszka,Kędziorek,KOBIETA,agnieszka.kedziorek,agnieszka.kedziorek@gmail.com,0097ee2b061f1f472331ac92f1be142e1ad1acb958b557a6dea8a7b6cd7cffeb,6b19c0b9765ed19b,Siebie obraz tłum dużo odwaga ty rosnąć.,01397e5d60a7889ec1a72a269d45abd219c005bf2eb3779e8f885be0f1d63878,https://dummyimage.com/305x363,2023-07-08 08:20:03,True
964,Lidia,Wojtarowicz,KOBIETA,lidia.wojtarowicz,lidia.wojtarowicz@interia.pl,7c0e9116607ead918a297a05094d51b87b7c987232ed6cce012e50f9b852c071,fa102a000906c99a,Grzech region teren pokryć seksualny korzystać.,ee37e9be08c698646c9f546338156e9d68d0205762cfd6ca84d102811c792783,https://picsum.photos/985/364,2025-07-29 17:27:19,True
965,Przemysław,Stojak,MEZCZYZNA,przemysław.stojak,przemysław.stojak@onet.pl,7776a42a4a5a06732d9a34198adf2ab6c836170cad4c9e5a2508f5bde7cd1afe,3182dc5f2a07cdbb,Port nóż sądzić profesor model.,83642266f5522d1be10f5de0af17afd1f5270b907a897929ba21a2d0f0c3d862,https://dummyimage.com/725x109,2023-09-02 00:11:26,True
966,Melania,Rezmer,KOBIETA,melania.rezmer,melania.rezmer@o2.pl,8f218d8e0e872e15da9a7cd2d502e413e1518128169f1bb1c6bfc35f949ddd7c,cdf235a2dfc7444e,Usta pogląd pływać przybyć.,9bfb6880395b0d0022837033b1f1a181802690419a900dbe445b7a3255016273,https://placekitten.com/299/747,2021-12-24 09:12:20,True
967,Melania,Łodej,KOBIETA,melania.łodej,melania.łodej@yahoo.com,0e6cc451312f0e8bdb1c500a77f86091d9823bbcfe61300d4dd326473767f73c,5443ddd490747b58,Deszcz wniosek określony mało plac wąż.,aa5ab35a9174c2062b7f7697b33fafe5ce404cf5fecf6bfbbf0dc96ba0d90046,https://placekitten.com/716/48,2023-11-06 09:35:14,True
968,Oliwier,Mysior,MEZCZYZNA,oliwier.mysior,oliwier.mysior@onet.pl,d99bd55df74f4e761f59aa3c50d27e23af3bb979801518df0bbe675aba379b35,715ebaa9a4fc2e88,Postawić zniszczyć jedzenie mięsień płaski tytoń.,f3fe574a7621dab0526609cd96f35457801bd12cc5f2e976a66c68fe8e847355,https://picsum.photos/644/14,2024-09-15 05:42:33,True
969,Marek,Bąbel,MEZCZYZNA,marek.babel,marek.babel@o2.pl,941387482e145263fc93035512941bb8c1cc46485d39a8251f732457dedb4b6a,fef7b3a8d787e407,Lewy całkiem radość się podłoga.,64879f7d6b960a01909762d911a32d4582c20010c5641ee90278b644a9e3b525,https://dummyimage.com/261x227,2022-02-23 14:41:48,True
970,Marcin,Stochaj,MEZCZYZNA,marcin.stochaj,marcin.stochaj@hotmail.com,127989f7a431a335f1411ae021a1889a4524d6ca98be7e6e9e72cac07c5e98fc,e572e3c71a3ddb35,Pora rozmawiać sąsiad.,862bb2d0f35d554539d19cbda2913d067ea17ad679307894c517e31f46429aa6,https://placekitten.com/405/871,2025-08-27 20:49:37,True
971,Krystian,Wyrwał,MEZCZYZNA,krystian.wyrwał,krystian.wyrwał@o2.pl,fc2e8affae3025f15ce7ea14b406efb808371178cca241cd48f06987fa8ac9eb,026078d5458f5389,Butelka szczęście produkcja państwo.,2876d75b080513a43399d75efb6f2220a7b33fe6c975af6a60c5588c52a88f27,https://dummyimage.com/955x124,2021-02-27 17:07:33,True
972,Elżbieta,Kohut,KOBIETA,elzbieta.kohut,elzbieta.kohut@onet.pl,fff1f3e43901e78015d31620d168629c190181189b27d4275c3c8294f9172ed0,a2ba97558bbd2ede,Żołądek wysoki restauracja urzędnik mowa promień drogi.,65e6c1434c61cdcb66e3ccd2f7ae0766b5384a7535025bff74dceca3e76d7957,https://dummyimage.com/478x737,2025-10-26 02:44:42,True
973,Maurycy,Kłysz,MEZCZYZNA,maurycy.kłysz,maurycy.kłysz@yahoo.com,4257054f5641d284a50f5f2487690b25d3cbf2fae6251fac581b57be18669272,8443f6409f9246c8,Ten Sam lata stopa.,0090533f1f55e06b586352d7b7bedb2628fa045dce83bcc6af36948a2c6af778,https://dummyimage.com/916x662,2023-11-18 13:32:07,True
974,Ada,Ośka,KOBIETA,ada.oska,ada.oska@interia.pl,b99c77fc66e652b11ecff855db9b305e45edf01b3773afb2967cda6292a6198a,fbe3dd32418dac29,Otoczenie przypadek spór nadmierny kawałek babka.,574fcdb4672b676a03c574e987db8c9b021050c5fd7f43f4dfeac015af30f32e,https://dummyimage.com/861x676,2022-05-21 15:48:08,True
975,Antoni,Bugiel,MEZCZYZNA,antoni.bugiel,antoni.bugiel@hotmail.com,e0ce2fb0d7e2f4dad8b04fdf6aac18658ad61791f1ebf5c58766b1ab6d81f128,7d7778ff2feb09a4,Wrzesień my Jan do.,8dc44deebc2b2e7b1c094aacdba7d612207cd64d9b5d32a8cc7da833e9f22e8a,https://placekitten.com/738/166,2024-05-22 21:58:23,True
976,Liwia,Misior,KOBIETA,liwia.misior,liwia.misior@o2.pl,431a31fb008b21e7e9e03d323cca3d03fa6070e4c63fb61897e1259d935a5c39,eb0e7e0ca4b97a37,Obserwować analiza do usta niewolnik model.,fdaee1a323526c6134e72f103a69ce24266734b4405dbc1b1840f83a9a41f4f6,https://picsum.photos/175/831,2021-06-25 14:21:41,True
977,Stefan,Pela,MEZCZYZNA,stefan.pela,stefan.pela@gmail.com,a0ee8ac70ba99f35b989ab01970c03117ef8e24790492db76ca09696d4932eed,8825b2624a71aac7,Urodzić niski występować tracić obcy czynić kurs.,52c367a453e0068d11a0980c3074afa34b3a3194627fe5327d87d243c34c1488,https://placekitten.com/600/822,2025-11-20 17:57:33,True
978,Borys,Dulik,MEZCZYZNA,borys.dulik,borys.dulik@yahoo.com,9e8351c37cc2630a6851a02570452e38aa6bbcf06d0071edd5a1cdf44b23f1ec,ca609c730f50fa27,Węgry powstać policja konflikt wtorek otwór tor.,a69be4e58c1b9dc79b05251791abdb8b2974fed7bd0f0a05eb7c39614df5316d,https://placekitten.com/741/954,2023-04-12 12:51:17,True
979,Kaja,Zadworny,KOBIETA,kaja.zadworny,kaja.zadworny@o2.pl,b445d76cee3954bc377a9a5cb49b325e466df504d561f1b466e6617e8c184381,a203c7184e3a8d5e,Płyta razem przedsiębiorstwo.,a15a669338c8dfea19617dcd3b544af9745e57726ff58d5badb7b4985a850b47,https://placekitten.com/488/508,2025-03-14 02:22:43,True
980,Antoni,Związek,MEZCZYZNA,antoni.zwiazek,antoni.zwiazek@gmail.com,734a6464af0f36be0099ffc95ac5b57125e0789edda651f8c4dd9c9765b19fc2,57b8cf7797567534,Lekarz kraina lekarz waluta prawo kościół bohater okręt.,56ac264c3604f7c933112c96e9c1d258dc4cd982479edf6639082ccd919ff534,https://placekitten.com/965/384,2022-09-09 20:15:04,True
981,Lidia,Prejs,KOBIETA,lidia.prejs,lidia.prejs@interia.pl,74989766229638b7431870b7230472e34b4f7f6ef2a696e28c703277af0b3b37,672ccf6989e5e87d,Zazwyczaj by na zewnątrz określenie rynek zasada.,4c774c7d1d7533df5fc5a72547976dcc3b06ab484c7978c200769383a28dec99,https://picsum.photos/112/601,2024-11-20 05:48:26,True
982,Adrianna,Mazik,KOBIETA,adrianna.mazik,adrianna.mazik@hotmail.com,904bea2186837a3e10b710b67e7eb57464670cf8f6363df45725b8b72067d534,c69295ea57f1c378,Panna drobny stolica zbiornik jego.,b36bcb5a813fdc265c62ab64d48a436701ec9787320c2fbc90fbb9c7eeb064d0,https://dummyimage.com/853x663,2024-02-08 18:32:25,True
983,Ryszard,Podgórna,MEZCZYZNA,ryszard.podgorna,ryszard.podgorna@o2.pl,310b81ed5cec4647ac876f8b8750503fab935d70d20028f2b5eee6d45875f3ee,bbb7448a268dec2f,Patrzeć zwyczaj danie powstanie akt.,4b40a3d66635f394745f2170f2e307b06df42fe742b1a57d4540cd05201cefbe,https://placekitten.com/551/274,2025-07-30 02:13:31,True
984,Witold,Materka,MEZCZYZNA,witold.materka,witold.materka@gmail.com,c8310d25012fc1da4b2c74ba7d359e72f2a0ab155a85d347d925c84e305e83d7,4f4aa18f43b28f60,Nagle drapieżny zegar nieść te urodzić się w końcu.,5c9fb78241bbb6b1253275b95bd7a46d6ca06227d0783de573cb299c037f4d6d,https://placekitten.com/739/629,2025-06-30 20:37:13,True
985,Gabriel,Gołota,MEZCZYZNA,gabriel.gołota,gabriel.gołota@o2.pl,598c3b1c989a0b80d46addfa819fb32025c97ea9162b0afe08b544e9435dbbcf,5f1f654f8f318589,Chcieć zmienić możliwy liczyć pomarańczowy.,e723bb7ff0c6faa28809e1a03649969465cbb3786853503f1de55b2261ae1132,https://picsum.photos/577/559,2022-05-11 07:50:37,True
986,Sonia,Chlebda,KOBIETA,sonia.chlebda,sonia.chlebda@onet.pl,c5cc140f22a43f69dc4d8dcf8db9ec9cad3c36f0c820526ce5efa6e203049faf,a1d7af9b23079c9f,Wybuch dział rodowity złożony ocean mierzyć kwiat.,1a815988fcdad6b8fd2888b1ba43d61777a51ffe22f5b5b15c52e7a9defc1046,https://dummyimage.com/970x430,2021-01-31 15:58:22,True
987,Anna Maria,Winnik,KOBIETA,anna maria.winnik,anna maria.winnik@o2.pl,42ca35f627670defb08505457bc801a9a69bccac41d976a9d593e6510b0a8254,22f1cb08771b6519,Lata dopływ cześć lekarz poza.,bf3287fba669d11b2ed8c3130d3d3b324bfcdab93da82869d6eb05da334a5f31,https://picsum.photos/949/936,2024-03-09 09:16:28,True
988,Tymoteusz,Bisaga,MEZCZYZNA,tymoteusz.bisaga,tymoteusz.bisaga@onet.pl,62feb07c0bf3c338da5b060c24c952093a173ba18a1d75014a9102ebeca68a51,54dbf8591e0bc085,Pełnić smutny plac rządzić zdrowy wysoki sędzia.,96e3298e8a5c2e8be8e7a9cfb03b142911bd1ddc67a96132464e7ea842a10902,https://dummyimage.com/190x781,2023-11-30 12:17:33,True
989,Dorota,Kabza,KOBIETA,dorota.kabza,dorota.kabza@interia.pl,7629190bca4a528b511fcaf40e1eff1460f42980af5d3d8937ace4f934444990,3042e9bbcf973022,Muzyczny ważny większość późny można byk broń kartka.,f70ae3292e292febbcdc4c4825f2dad06b727182c1767405a490b18e3f793e72,https://placekitten.com/112/86,2021-10-01 08:52:36,True
990,Ada,Klisz,KOBIETA,ada.klisz,ada.klisz@hotmail.com,ed64e75cb5b1e65eb8730813a9794e8f6c40b88a05c86a7ffd310f143ee8b686,8329931ea9f47339,Papier rower temu Austria dobro rozumieć wróg.,fe0d6b7f67576f98e8f5966f0faecd27503a88402525659f3ceded67d0f2f1cf,https://picsum.photos/353/711,2024-02-09 10:49:49,True
991,Hubert,Maciocha,MEZCZYZNA,hubert.maciocha,hubert.maciocha@o2.pl,c4790f6163b5486ccd32539ababb88fcf783010adf20bd97ac9d242af8cac22e,a557a3d598d9b3cc,Barwa wrzesień kościelny.,bd79ed1281774289d2aca6841a0bb9edfd68ba001374c6c3ee40bcc80bec0701,https://dummyimage.com/324x195,2023-10-23 11:40:31,True
992,Elżbieta,Drobnik,KOBIETA,elzbieta.drobnik,elzbieta.drobnik@interia.pl,fd05703ffcb0fa8cdf9aea0ba62c0aa7ab9c054130ba97a5f9569c31eec82aa4,2db3484396ffb126,Wieś trawa gdyby rysunek pochodzić muzyczny.,02c546914c1352db83f365f54ff4f0dc36a2419a32a5694856196fe529ce63c9,https://dummyimage.com/451x646,2021-02-01 06:29:38,True
993,Róża,Świtaj,KOBIETA,roza.switaj,roza.switaj@gmail.com,dbd155e3a570e4819b4232e5b2ddd8d8b187c5e91c7e057ccbc3e3a79c15f640,da04e49ed02df9be,Królewski płaszcz mierzyć trawa lipiec.,50032fd617ab3371ee5de302df6ce9ea6d6ee5fcc64c3db6e70b927642638325,https://placekitten.com/59/982,2023-11-19 04:09:47,True
994,Dorota,Sporek,KOBIETA,dorota.sporek,dorota.sporek@gmail.com,a478f55565f744ad0c5f435e036abf126c66018a1ee0c29e0a07bc2f8e95ee6f,8493be4ce08692ad,Piec powolny skała 20 powód.,bcce93632f89da2c86a72b3d8444cc6095f9993a5937706fcb074d1a968f66c7,https://picsum.photos/793/331,2023-12-01 14:32:18,True
995,Lidia,Ośko,KOBIETA,lidia.osko,lidia.osko@yahoo.com,60b69f5e580aa15117244b3c0998011270b002d963b5b41002a203c821e363e8,129c95c4ea1934e8,Jadalny lekki jajko pierś uderzyć.,324d0315d575bf5b4f6c8703f1135b847d14ca925480746ef1bd3a412d93667b,https://dummyimage.com/244x706,2023-10-09 12:09:42,True
996,Blanka,Jama,KOBIETA,blanka.jama,blanka.jama@onet.pl,2b66dc0fca274192b23dcb2846489bd258b092cd133518dd49d5bcd7b772f4c7,b8ec0dc11f48b6e9,Fizyczny szkodliwy 9 mózg pozbawić wielkość leżeć.,f99444219fafee5613722201deec57c1db5679131f866c19c12e07eafdc229b2,https://picsum.photos/286/890,2024-08-25 08:34:11,True
997,Adrianna,Bruzda,KOBIETA,adrianna.bruzda,adrianna.bruzda@interia.pl,c45f7bbf122996a4663dd4a63619afc841c54837f38cd7b69f9d21f4027268a5,a8cad8cb3c9f4de6,Plemię wola państwowy umieścić obejmować tytoń.,d21ded9abf66ee01cce12eda71e74192261fe66fe0288cc9b84912857c39eea8,https://picsum.photos/796/78,2023-02-04 16:28:10,True
998,Adrianna,Karczmarek,KOBIETA,adrianna.karczmarek,adrianna.karczmarek@gmail.com,798ef0e5d1ff1573f926d065afd441b85c2cc599d1c1d130794e419630a343f0,15c802163d6b7630,Suma zwyczaj widoczny bezpieczeństwo położenie.,10c3752bc5b7e67a1f60b99a3b09551f3cd74ed8619c5b8fca12f350601cef2d,https://dummyimage.com/818x399,2023-02-02 09:00:18,True
999,Franciszek,Feret,MEZCZYZNA,franciszek.feret,franciszek.feret@hotmail.com,6438d54db84fadd620e2500ba867a83cf38f1d556c2d37cab42da460d7c15084,fdeb93ffc23a0e5a,Obywatelka produkcja chwila doprowadzić adres uczyć się byk wcześnie.,e5f2fdd09cb72478b3f85106ae3b1205f48696621dfe230c301aff16b94d46dc,https://dummyimage.com/536x19,2024-03-24 02:24:40,True
1000,Anastazja,Stroka,KOBIETA,anastazja.stroka,anastazja.stroka@interia.pl,1fc1df4fd7db9b5d7d9bdb8ebc9888b0344072e8fe2388b8781fe902af70877f,a30a033fd004a63a,Skóra gospodarka powód maj.,16f6d65cc21b8e4880d08f090896abb4f724c3b493cb095e654629d3cba45417,https://placekitten.com/178/72,2022-11-24 13:40:40,True
