id_wejscia,id_osoby,id_filii,data_wejscia,data_wyjscia
1,346,9,2025-12-28 19:14:32,2025-12-28 19:33:32
2,118,9,2025-12-28 19:13:35,2025-12-28 21:16:35
3,47,8,2025-12-28 19:14:19,2025-12-28 22:36:19
4,515,2,2025-12-28 19:14:09,2025-12-28 21:53:09
5,900,3,2025-12-28 19:12:31,2025-12-28 21:23:31
6,663,4,2025-12-28 19:12:31,2025-12-28 20:32:31
7,308,9,2025-12-28 19:12:04,2025-12-28 21:49:04
8,46,8,2025-12-28 19:12:30,2025-12-28 21:14:30
9,805,3,2025-12-28 19:14:38,2025-12-28 19:22:38
10,289,1,2025-12-28 19:13:17,2025-12-28 22:27:17
11,730,6,2025-12-28 19:13:51,2025-12-28 22:16:51
12,734,1,2025-12-28 19:12:27,2025-12-28 21:16:27
13,646,3,2025-12-28 19:12:41,2025-12-28 23:01:41
14,769,4,2025-12-28 19:12:58,2025-12-28 20:01:58
15,895,6,2025-12-28 19:13:17,2025-12-28 19:40:17
16,305,9,2025-12-28 19:12:16,2025-12-28 21:19:16
17,257,3,2025-12-28 19:12:24,2025-12-28 22:46:24
18,370,7,2025-12-28 19:14:49,2025-12-28 22:45:49
19,903,10,2025-12-28 19:14:05,2025-12-28 21:16:05
20,842,9,2025-12-28 19:14:31,2025-12-28 19:55:31
21,245,9,2025-12-28 19:13:36,2025-12-28 21:30:36
22,343,7,2025-12-28 19:14:12,2025-12-28 22:10:12
23,210,3,2025-12-28 19:14:01,2025-12-28 21:59:01
24,678,6,2025-12-28 19:14:51,2025-12-28 21:02:51
25,520,3,2025-12-28 19:13:16,2025-12-28 19:27:16
26,856,7,2025-12-28 19:12:52,2025-12-28 22:29:52
27,360,4,2025-12-28 19:13:49,2025-12-28 22:01:49
28,815,9,2025-12-28 19:11:55,2025-12-28 19:30:55
29,979,3,2025-12-28 19:14:40,2025-12-28 21:07:40
30,364,4,2025-12-28 19:11:59,2025-12-28 20:35:59
31,368,6,2025-12-28 19:14:47,2025-12-28 19:40:47
32,491,6,2025-12-28 19:11:56,2025-12-28 21:42:56
33,837,4,2025-12-28 19:12:37,2025-12-28 19:25:37
34,923,5,2025-12-28 19:14:16,2025-12-28 20:16:16
35,96,9,2025-12-28 19:12:21,2025-12-28 21:54:21
36,916,7,2025-12-28 19:12:55,2025-12-28 19:18:55
37,460,10,2025-12-28 19:14:07,2025-12-28 19:23:07
38,820,4,2025-12-28 19:13:15,2025-12-28 21:49:15
39,9,8,2025-12-28 19:14:22,2025-12-28 22:53:22
40,640,6,2025-12-28 19:12:58,2025-12-28 22:18:58
41,55,3,2025-12-28 19:12:15,2025-12-28 21:17:15
42,483,1,2025-12-28 19:12:25,2025-12-28 19:52:25
43,576,7,2025-12-28 19:12:55,2025-12-28 21:13:55
44,654,1,2025-12-28 19:12:34,2025-12-28 21:50:34
45,993,2,2025-12-28 19:14:18,2025-12-28 20:31:18
46,82,1,2025-12-28 19:12:47,2025-12-28 20:09:47
47,82,2,2025-12-28 19:12:40,2025-12-28 23:07:40
48,651,6,2025-12-28 19:12:35,2025-12-28 22:45:35
49,710,9,2025-12-28 19:13:16,2025-12-28 21:16:16
50,9,3,2025-12-28 19:14:06,2025-12-28 21:38:06
51,950,4,2025-12-28 19:13:39,2025-12-28 20:23:39
52,694,5,2025-12-28 19:13:04,2025-12-28 19:43:04
53,336,4,2025-12-28 19:12:44,2025-12-28 20:34:44
54,374,3,2025-12-28 19:11:52,2025-12-28 20:02:52
55,700,3,2025-12-28 19:14:25,2025-12-28 22:32:25
56,790,4,2025-12-28 19:13:27,2025-12-28 22:17:27
57,866,8,2025-12-28 19:12:31,2025-12-28 20:33:31
58,172,9,2025-12-28 19:13:29,2025-12-28 23:08:29
59,506,3,2025-12-28 19:13:26,2025-12-28 19:45:26
60,7,6,2025-12-28 19:13:58,2025-12-28 20:06:58
61,95,8,2025-12-28 19:12:33,2025-12-28 21:33:33
62,214,9,2025-12-28 19:12:16,2025-12-28 19:47:16
63,730,1,2025-12-28 19:14:25,2025-12-28 20:39:25
64,36,1,2025-12-28 19:12:29,2025-12-28 21:20:29
65,249,5,2025-12-28 19:12:34,2025-12-28 20:48:34
66,407,4,2025-12-28 19:12:00,2025-12-28 19:49:00
67,120,8,2025-12-28 19:12:53,2025-12-28 21:45:53
68,438,1,2025-12-28 19:12:29,2025-12-28 22:08:29
69,805,1,2025-12-28 19:12:28,2025-12-28 19:34:28
70,506,10,2025-12-28 19:13:49,2025-12-28 22:24:49
71,912,3,2025-12-28 19:13:12,2025-12-28 22:59:12
72,126,9,2025-12-28 19:14:18,2025-12-28 20:16:18
73,279,10,2025-12-28 19:12:35,2025-12-28 20:23:35
74,248,10,2025-12-28 19:14:48,2025-12-28 20:31:48
75,800,9,2025-12-28 19:14:42,2025-12-28 20:16:42
76,648,8,2025-12-28 19:14:13,2025-12-28 21:09:13
77,512,6,2025-12-28 19:14:31,2025-12-28 21:59:31
78,466,4,2025-12-28 19:11:59,2025-12-28 23:11:59
79,252,2,2025-12-28 19:14:25,2025-12-28 22:20:25
80,377,7,2025-12-28 19:14:17,2025-12-28 19:40:17
81,323,4,2025-12-28 19:14:15,2025-12-28 21:35:15
82,473,10,2025-12-28 19:13:22,2025-12-28 21:07:22
83,455,7,2025-12-28 19:12:30,2025-12-28 20:09:30
84,360,5,2025-12-28 19:13:22,2025-12-28 22:47:22
85,693,4,2025-12-28 19:12:24,2025-12-28 21:11:24
86,662,2,2025-12-28 19:14:44,2025-12-28 19:58:44
87,442,3,2025-12-28 19:12:10,2025-12-28 20:44:10
88,821,4,2025-12-28 19:13:57,2025-12-28 22:32:57
89,656,8,2025-12-28 19:12:25,2025-12-28 22:55:25
90,342,1,2025-12-28 19:14:22,2025-12-28 21:16:22
91,590,7,2025-12-28 19:13:53,2025-12-28 22:55:53
92,674,1,2025-12-28 19:13:58,2025-12-28 22:58:58
93,537,3,2025-12-28 19:12:32,2025-12-28 23:08:32
94,888,8,2025-12-28 19:14:22,2025-12-28 22:09:22
95,308,7,2025-12-28 19:12:01,2025-12-28 20:27:01
96,852,5,2025-12-28 19:14:37,2025-12-28 21:17:37
97,950,1,2025-12-28 19:13:24,2025-12-28 20:50:24
98,52,8,2025-12-28 19:13:54,2025-12-28 22:01:54
99,795,6,2025-12-28 19:13:56,2025-12-28 21:14:56
100,621,5,2025-12-28 19:13:08,2025-12-28 22:49:08
101,654,1,2025-12-28 19:11:51,2025-12-28 19:38:51
102,728,9,2025-12-28 19:12:49,2025-12-28 20:50:49
103,652,8,2025-12-28 19:14:32,2025-12-28 20:06:32
104,385,7,2025-12-28 19:11:59,2025-12-28 21:02:59
105,920,6,2025-12-28 19:14:06,2025-12-28 19:37:06
106,928,2,2025-12-28 19:13:51,2025-12-28 20:08:51
107,924,10,2025-12-28 19:11:57,2025-12-28 22:31:57
108,449,2,2025-12-28 19:11:52,2025-12-28 23:02:52
109,389,8,2025-12-28 19:14:42,2025-12-28 20:43:42
110,363,6,2025-12-28 19:14:09,2025-12-28 20:06:09
111,800,6,2025-12-28 19:14:33,2025-12-28 19:20:33
112,315,3,2025-12-28 19:14:24,2025-12-28 19:36:24
113,235,4,2025-12-28 19:14:49,2025-12-28 20:34:49
114,901,7,2025-12-28 19:14:35,2025-12-28 22:33:35
115,700,3,2025-12-28 19:14:00,2025-12-28 22:16:00
116,160,9,2025-12-28 19:14:50,2025-12-28 22:18:50
117,904,1,2025-12-28 19:12:16,2025-12-28 22:10:16
118,898,5,2025-12-28 19:14:08,2025-12-28 21:57:08
119,739,5,2025-12-28 19:14:38,2025-12-28 20:18:38
120,215,2,2025-12-28 19:13:14,2025-12-28 19:24:14
121,616,3,2025-12-28 19:13:01,2025-12-28 20:51:01
122,104,3,2025-12-28 19:12:21,2025-12-28 20:43:21
123,732,7,2025-12-28 19:14:18,2025-12-28 20:12:18
124,643,6,2025-12-28 19:14:04,2025-12-28 22:17:04
125,584,9,2025-12-28 19:13:25,2025-12-28 22:32:25
126,628,8,2025-12-28 19:13:27,2025-12-28 22:55:27
127,540,2,2025-12-28 19:12:20,2025-12-28 19:42:20
128,712,9,2025-12-28 19:13:06,2025-12-28 19:34:06
129,985,2,2025-12-28 19:12:42,2025-12-28 20:20:42
130,910,10,2025-12-28 19:14:03,2025-12-28 23:10:03
131,140,1,2025-12-28 19:14:23,2025-12-28 21:41:23
132,265,1,2025-12-28 19:13:40,2025-12-28 22:28:40
133,534,3,2025-12-28 19:11:57,2025-12-28 22:06:57
134,770,5,2025-12-28 19:12:16,2025-12-28 19:45:16
135,785,5,2025-12-28 19:14:51,2025-12-28 22:33:51
136,761,5,2025-12-28 19:12:56,2025-12-28 23:08:56
137,440,3,2025-12-28 19:14:19,2025-12-28 21:23:19
138,377,3,2025-12-28 19:14:00,2025-12-28 21:17:00
139,829,5,2025-12-28 19:14:06,2025-12-28 21:19:06
140,825,10,2025-12-28 19:13:34,2025-12-28 22:17:34
141,355,8,2025-12-28 19:12:20,2025-12-28 19:49:20
142,120,6,2025-12-28 19:14:07,2025-12-28 19:53:07
143,661,4,2025-12-28 19:12:02,2025-12-28 22:36:02
144,368,10,2025-12-28 19:13:52,2025-12-28 19:57:52
145,583,4,2025-12-28 19:14:13,2025-12-28 22:44:13
146,756,2,2025-12-28 19:14:49,2025-12-28 22:51:49
147,658,5,2025-12-28 19:12:43,2025-12-28 22:37:43
148,719,10,2025-12-28 19:13:53,2025-12-28 19:21:53
149,386,6,2025-12-28 19:14:08,2025-12-28 22:48:08
150,407,8,2025-12-28 19:12:25,2025-12-28 20:09:25
151,406,9,2025-12-28 19:11:53,2025-12-28 21:33:53
152,514,3,2025-12-28 19:13:43,2025-12-28 20:07:43
153,3,7,2025-12-28 19:13:01,2025-12-28 23:02:01
154,837,3,2025-12-28 19:13:57,2025-12-28 22:00:57
155,529,5,2025-12-28 19:14:28,2025-12-28 22:00:28
156,181,2,2025-12-28 19:14:46,2025-12-28 20:31:46
157,514,2,2025-12-28 19:12:50,2025-12-28 20:24:50
158,910,5,2025-12-28 19:13:32,2025-12-28 19:57:32
159,883,4,2025-12-28 19:14:29,2025-12-28 20:56:29
160,775,7,2025-12-28 19:14:43,2025-12-28 19:28:43
161,329,10,2025-12-28 19:13:44,2025-12-28 22:47:44
162,576,5,2025-12-28 19:12:47,2025-12-28 21:45:47
163,864,5,2025-12-28 19:11:52,2025-12-28 22:12:52
164,898,9,2025-12-28 19:13:28,2025-12-28 22:42:28
165,396,6,2025-12-28 19:12:53,2025-12-28 21:05:53
166,817,6,2025-12-28 19:14:18,2025-12-28 19:48:18
167,514,5,2025-12-28 19:13:41,2025-12-28 19:52:41
168,501,8,2025-12-28 19:12:10,2025-12-28 21:10:10
169,34,5,2025-12-28 19:14:12,2025-12-28 22:18:12
170,521,4,2025-12-28 19:11:53,2025-12-28 20:36:53
171,778,7,2025-12-28 19:14:08,2025-12-28 19:43:08
172,267,8,2025-12-28 19:14:19,2025-12-28 20:58:19
173,957,2,2025-12-28 19:13:09,2025-12-28 21:12:09
174,751,1,2025-12-28 19:12:02,2025-12-28 20:28:02
175,167,3,2025-12-28 19:13:16,2025-12-28 23:05:16
176,953,4,2025-12-28 19:13:42,2025-12-28 21:06:42
177,745,5,2025-12-28 19:13:02,2025-12-28 19:19:02
178,992,5,2025-12-28 19:14:46,2025-12-28 22:41:46
179,154,4,2025-12-28 19:12:32,2025-12-28 22:17:32
180,62,3,2025-12-28 19:12:07,2025-12-28 22:10:07
181,915,3,2025-12-28 19:12:18,2025-12-28 20:53:18
182,824,2,2025-12-28 19:13:54,2025-12-28 19:47:54
183,121,1,2025-12-28 19:11:55,2025-12-28 23:08:55
184,719,8,2025-12-28 19:12:38,2025-12-28 21:03:38
185,301,4,2025-12-28 19:12:11,2025-12-28 20:24:11
186,758,6,2025-12-28 19:14:04,2025-12-28 20:40:04
187,982,10,2025-12-28 19:11:51,2025-12-28 21:24:51
188,128,1,2025-12-28 19:13:29,2025-12-28 21:40:29
189,35,2,2025-12-28 19:12:08,2025-12-28 20:04:08
190,382,3,2025-12-28 19:13:02,2025-12-28 19:20:02
191,367,4,2025-12-28 19:13:53,2025-12-28 19:43:53
192,269,4,2025-12-28 19:14:49,2025-12-28 21:50:49
193,798,10,2025-12-28 19:14:33,2025-12-28 22:24:33
194,251,4,2025-12-28 19:12:09,2025-12-28 21:25:09
195,52,7,2025-12-28 19:11:51,2025-12-28 22:30:51
196,736,7,2025-12-28 19:14:13,2025-12-28 21:26:13
197,223,6,2025-12-28 19:12:25,2025-12-28 19:43:25
198,273,10,2025-12-28 19:13:14,2025-12-28 19:26:14
199,844,5,2025-12-28 19:12:55,2025-12-28 22:32:55
200,30,10,2025-12-28 19:14:27,2025-12-28 22:54:27
201,270,9,2025-12-28 19:12:11,2025-12-28 19:35:11
202,44,5,2025-12-28 19:14:22,2025-12-28 22:55:22
203,208,9,2025-12-28 19:12:11,2025-12-28 20:21:11
204,957,7,2025-12-28 19:12:01,2025-12-28 22:41:01
205,793,2,2025-12-28 19:11:58,2025-12-28 21:12:58
206,717,4,2025-12-28 19:14:49,2025-12-28 21:39:49
207,869,10,2025-12-28 19:14:15,2025-12-28 20:17:15
208,635,9,2025-12-28 19:11:52,2025-12-28 21:17:52
209,362,2,2025-12-28 19:13:40,2025-12-28 21:40:40
210,334,6,2025-12-28 19:12:11,2025-12-28 19:36:11
211,133,4,2025-12-28 19:13:40,2025-12-28 20:14:40
212,854,5,2025-12-28 19:13:15,2025-12-28 21:40:15
213,80,10,2025-12-28 19:14:22,2025-12-28 22:51:22
214,875,1,2025-12-28 19:14:05,2025-12-28 23:13:05
215,597,1,2025-12-28 19:13:32,2025-12-28 19:34:32
216,777,6,2025-12-28 19:12:22,2025-12-28 21:11:22
217,380,10,2025-12-28 19:14:13,2025-12-28 19:54:13
218,632,6,2025-12-28 19:13:06,2025-12-28 22:47:06
219,155,7,2025-12-28 19:13:33,2025-12-28 21:33:33
220,211,9,2025-12-28 19:12:44,2025-12-28 21:14:44
221,936,6,2025-12-28 19:13:47,2025-12-28 20:36:47
222,562,8,2025-12-28 19:14:20,2025-12-28 20:47:20
223,215,6,2025-12-28 19:12:56,2025-12-28 19:44:56
224,780,7,2025-12-28 19:12:51,2025-12-28 21:19:51
225,500,4,2025-12-28 19:12:49,2025-12-28 22:01:49
226,590,5,2025-12-28 19:13:37,2025-12-28 20:51:37
227,204,5,2025-12-28 19:14:23,2025-12-28 19:19:23
228,593,3,2025-12-28 19:14:35,2025-12-28 21:07:35
229,72,10,2025-12-28 19:13:59,2025-12-28 21:32:59
230,677,5,2025-12-28 19:13:01,2025-12-28 19:32:01
231,612,10,2025-12-28 19:12:41,2025-12-28 19:44:41
232,652,8,2025-12-28 19:12:51,2025-12-28 22:11:51
233,916,5,2025-12-28 19:13:02,2025-12-28 21:48:02
234,329,4,2025-12-28 19:12:18,2025-12-28 20:19:18
235,677,3,2025-12-28 19:12:11,2025-12-28 20:33:11
236,795,5,2025-12-28 19:12:48,2025-12-28 21:47:48
237,293,4,2025-12-28 19:13:24,2025-12-28 21:14:24
238,993,2,2025-12-28 19:12:47,2025-12-28 22:48:47
239,132,7,2025-12-28 19:14:13,2025-12-28 21:11:13
240,708,1,2025-12-28 19:12:20,2025-12-28 21:25:20
241,844,4,2025-12-28 19:14:14,2025-12-28 21:15:14
242,836,8,2025-12-28 19:12:11,2025-12-28 22:02:11
243,912,7,2025-12-28 19:13:23,2025-12-28 19:28:23
244,564,4,2025-12-28 19:12:02,2025-12-28 20:13:02
245,365,6,2025-12-28 19:14:02,2025-12-28 19:25:02
246,561,2,2025-12-28 19:13:43,2025-12-28 20:57:43
247,892,6,2025-12-28 19:12:18,2025-12-28 19:22:18
248,438,9,2025-12-28 19:12:56,2025-12-28 19:35:56
249,292,8,2025-12-28 19:14:05,2025-12-28 20:25:05
250,822,1,2025-12-28 19:13:31,2025-12-28 22:04:31
251,746,5,2025-12-28 19:13:04,2025-12-28 22:20:04
252,476,9,2025-12-28 19:13:30,2025-12-28 20:57:30
253,424,9,2025-12-28 19:13:33,2025-12-28 21:37:33
254,400,9,2025-12-28 19:13:45,2025-12-28 21:17:45
255,253,8,2025-12-28 19:14:10,2025-12-28 22:17:10
256,738,5,2025-12-28 19:12:11,2025-12-28 21:39:11
257,509,7,2025-12-28 19:14:39,2025-12-28 19:44:39
258,209,3,2025-12-28 19:12:03,2025-12-28 21:35:03
259,561,6,2025-12-28 19:12:34,2025-12-28 22:08:34
260,157,2,2025-12-28 19:12:16,2025-12-28 22:48:16
261,137,2,2025-12-28 19:14:25,2025-12-28 22:27:25
262,353,9,2025-12-28 19:13:53,2025-12-28 19:42:53
263,705,7,2025-12-28 19:13:53,2025-12-28 22:29:53
264,53,9,2025-12-28 19:13:12,2025-12-28 21:22:12
265,338,4,2025-12-28 19:14:28,2025-12-28 19:59:28
266,678,1,2025-12-28 19:13:03,2025-12-28 22:00:03
267,545,4,2025-12-28 19:12:32,2025-12-28 21:34:32
268,487,10,2025-12-28 19:13:20,2025-12-28 20:39:20
269,452,2,2025-12-28 19:13:37,2025-12-28 19:31:37
270,642,3,2025-12-28 19:12:00,2025-12-28 19:17:00
271,895,9,2025-12-28 19:13:31,2025-12-28 22:51:31
272,71,9,2025-12-28 19:13:41,2025-12-28 22:11:41
273,326,3,2025-12-28 19:12:45,2025-12-28 21:49:45
274,805,5,2025-12-28 19:14:15,2025-12-28 21:46:15
275,110,2,2025-12-28 19:13:38,2025-12-28 20:28:38
276,42,1,2025-12-28 19:14:33,2025-12-28 22:59:33
277,483,9,2025-12-28 19:12:06,2025-12-28 22:39:06
278,227,2,2025-12-28 19:12:12,2025-12-28 21:24:12
279,582,10,2025-12-28 19:13:49,2025-12-28 20:24:49
280,638,7,2025-12-28 19:12:40,2025-12-28 19:51:40
281,484,9,2025-12-28 19:13:34,2025-12-28 21:34:34
282,784,6,2025-12-28 19:13:50,2025-12-28 20:27:50
283,462,10,2025-12-28 19:14:38,2025-12-28 22:53:38
284,197,6,2025-12-28 19:11:57,2025-12-28 20:14:57
285,694,4,2025-12-28 19:11:51,2025-12-28 20:05:51
286,603,3,2025-12-28 19:12:19,2025-12-28 22:46:19
287,22,9,2025-12-28 19:13:12,2025-12-28 23:05:12
288,236,1,2025-12-28 19:12:53,2025-12-28 21:25:53
289,393,4,2025-12-28 19:12:52,2025-12-28 21:01:52
290,343,8,2025-12-28 19:13:20,2025-12-28 19:43:20
291,176,8,2025-12-28 19:12:30,2025-12-28 20:53:30
292,751,5,2025-12-28 19:12:29,2025-12-28 20:40:29
293,517,4,2025-12-28 19:13:36,2025-12-28 22:17:36
294,298,7,2025-12-28 19:12:00,2025-12-28 22:14:00
295,934,4,2025-12-28 19:12:58,2025-12-28 22:42:58
296,20,6,2025-12-28 19:11:53,2025-12-28 23:01:53
297,925,2,2025-12-28 19:12:21,2025-12-28 19:23:21
298,211,5,2025-12-28 19:12:44,2025-12-28 21:44:44
299,956,9,2025-12-28 19:14:34,2025-12-28 20:31:34
300,656,9,2025-12-28 19:13:55,2025-12-28 21:41:55
301,448,8,2025-12-28 19:14:39,2025-12-28 19:46:39
302,599,5,2025-12-28 19:11:58,2025-12-28 21:33:58
303,200,6,2025-12-28 19:13:14,2025-12-28 23:13:14
304,387,8,2025-12-28 19:12:59,2025-12-28 20:29:59
305,861,4,2025-12-28 19:12:23,2025-12-28 20:05:23
306,490,4,2025-12-28 19:13:44,2025-12-28 21:04:44
307,509,10,2025-12-28 19:13:24,2025-12-28 22:25:24
308,317,7,2025-12-28 19:14:23,2025-12-28 19:30:23
309,279,10,2025-12-28 19:12:34,2025-12-28 22:09:34
310,744,7,2025-12-28 19:13:11,2025-12-28 22:54:11
311,192,7,2025-12-28 19:12:47,2025-12-28 20:56:47
312,875,8,2025-12-28 19:14:26,2025-12-28 23:14:26
313,397,3,2025-12-28 19:14:11,2025-12-28 22:31:11
314,472,6,2025-12-28 19:12:50,2025-12-28 22:30:50
315,50,5,2025-12-28 19:12:22,2025-12-28 22:50:22
316,585,8,2025-12-28 19:11:55,2025-12-28 20:35:55
317,501,8,2025-12-28 19:12:08,2025-12-28 19:58:08
318,412,2,2025-12-28 19:13:58,2025-12-28 19:43:58
319,410,2,2025-12-28 19:13:33,2025-12-28 22:47:33
320,266,4,2025-12-28 19:14:13,2025-12-28 19:58:13
321,18,8,2025-12-28 19:13:49,2025-12-28 21:52:49
322,538,4,2025-12-28 19:12:48,2025-12-28 22:18:48
323,589,5,2025-12-28 19:12:04,2025-12-28 19:33:04
324,70,8,2025-12-28 19:12:58,2025-12-28 19:24:58
325,205,10,2025-12-28 19:13:55,2025-12-28 19:29:55
326,751,10,2025-12-28 19:12:44,2025-12-28 22:24:44
327,434,1,2025-12-28 19:13:45,2025-12-28 21:56:45
328,555,7,2025-12-28 19:14:44,2025-12-28 22:23:44
329,815,4,2025-12-28 19:12:41,2025-12-28 22:01:41
330,406,2,2025-12-28 19:13:27,2025-12-28 20:37:27
331,932,10,2025-12-28 19:12:58,2025-12-28 20:37:58
332,818,1,2025-12-28 19:14:37,2025-12-28 23:05:37
333,503,2,2025-12-28 19:12:02,2025-12-28 22:53:02
334,566,9,2025-12-28 19:12:49,2025-12-28 19:25:49
335,607,7,2025-12-28 19:13:49,2025-12-28 20:26:49
336,63,2,2025-12-28 19:12:59,2025-12-28 22:26:59
337,117,5,2025-12-28 19:12:39,2025-12-28 22:29:39
338,642,4,2025-12-28 19:12:58,2025-12-28 21:32:58
339,54,2,2025-12-28 19:14:41,2025-12-28 21:11:41
340,186,2,2025-12-28 19:12:46,2025-12-28 20:05:46
341,262,9,2025-12-28 19:13:06,2025-12-28 22:38:06
342,127,4,2025-12-28 19:13:22,2025-12-28 21:53:22
343,17,4,2025-12-28 19:13:40,2025-12-28 21:08:40
344,733,9,2025-12-28 19:14:04,2025-12-28 19:45:04
345,850,5,2025-12-28 19:12:58,2025-12-28 20:08:58
346,630,2,2025-12-28 19:14:34,2025-12-28 21:58:34
347,307,1,2025-12-28 19:14:12,2025-12-28 21:56:12
348,558,10,2025-12-28 19:13:18,2025-12-28 20:43:18
349,245,9,2025-12-28 19:13:36,2025-12-28 21:31:36
350,746,9,2025-12-28 19:12:54,2025-12-28 20:34:54
351,213,6,2025-12-28 19:13:12,2025-12-28 20:54:12
352,757,3,2025-12-28 19:12:44,2025-12-28 22:48:44
353,122,9,2025-12-28 19:12:20,2025-12-28 20:19:20
354,850,1,2025-12-28 19:11:55,2025-12-28 22:11:55
355,350,1,2025-12-28 19:12:01,2025-12-28 23:05:01
356,638,5,2025-12-28 19:12:21,2025-12-28 21:08:21
357,737,4,2025-12-28 19:12:59,2025-12-28 22:48:59
358,714,2,2025-12-28 19:13:45,2025-12-28 22:20:45
359,856,9,2025-12-28 19:13:49,2025-12-28 21:13:49
360,659,3,2025-12-28 19:12:34,2025-12-28 22:39:34
361,936,9,2025-12-28 19:13:45,2025-12-28 22:09:45
362,945,10,2025-12-28 19:12:19,2025-12-28 20:52:19
363,632,2,2025-12-28 19:13:53,2025-12-28 21:18:53
364,778,6,2025-12-28 19:14:06,2025-12-28 19:50:06
365,941,3,2025-12-28 19:12:20,2025-12-28 23:03:20
366,668,8,2025-12-28 19:14:47,2025-12-28 22:18:47
367,536,10,2025-12-28 19:12:31,2025-12-28 21:40:31
368,731,3,2025-12-28 19:12:01,2025-12-28 20:08:01
369,807,8,2025-12-28 19:12:39,2025-12-28 20:01:39
370,945,7,2025-12-28 19:12:24,2025-12-28 22:12:24
371,463,7,2025-12-28 19:13:17,2025-12-28 21:10:17
372,317,2,2025-12-28 19:12:24,2025-12-28 19:23:24
373,862,9,2025-12-28 19:14:48,2025-12-28 19:24:48
374,326,1,2025-12-28 19:14:01,2025-12-28 19:42:01
375,497,8,2025-12-28 19:13:52,2025-12-28 19:29:52
376,200,2,2025-12-28 19:12:06,2025-12-28 22:02:06
377,723,8,2025-12-28 19:13:21,2025-12-28 19:38:21
378,749,9,2025-12-28 19:12:15,2025-12-28 23:07:15
379,300,3,2025-12-28 19:13:10,2025-12-28 22:40:10
380,1,7,2025-12-28 19:13:25,2025-12-28 21:17:25
381,686,1,2025-12-28 19:12:04,2025-12-28 21:20:04
382,948,9,2025-12-28 19:12:12,2025-12-28 19:32:12
383,338,6,2025-12-28 19:12:04,2025-12-28 23:12:04
384,722,6,2025-12-28 19:13:05,2025-12-28 20:57:05
385,68,1,2025-12-28 19:14:25,2025-12-28 21:10:25
386,587,8,2025-12-28 19:14:26,2025-12-28 23:02:26
387,663,3,2025-12-28 19:14:39,2025-12-28 22:34:39
388,632,8,2025-12-28 19:14:44,2025-12-28 20:52:44
389,63,8,2025-12-28 19:14:49,2025-12-28 20:12:49
390,882,1,2025-12-28 19:14:14,2025-12-28 22:56:14
391,452,7,2025-12-28 19:13:52,2025-12-28 20:05:52
392,978,3,2025-12-28 19:12:52,2025-12-28 22:02:52
393,428,5,2025-12-28 19:13:18,2025-12-28 23:12:18
394,278,7,2025-12-28 19:12:29,2025-12-28 22:57:29
395,139,5,2025-12-28 19:13:13,2025-12-28 21:33:13
396,929,5,2025-12-28 19:13:40,2025-12-28 22:18:40
397,460,6,2025-12-28 19:13:45,2025-12-28 19:25:45
398,676,3,2025-12-28 19:12:11,2025-12-28 19:28:11
399,916,9,2025-12-28 19:12:47,2025-12-28 23:05:47
400,194,10,2025-12-28 19:12:49,2025-12-28 21:44:49
401,309,4,2025-12-28 19:13:48,2025-12-28 19:32:48
402,85,2,2025-12-28 19:13:17,2025-12-28 19:33:17
403,230,2,2025-12-28 19:14:22,2025-12-28 21:07:22
404,69,7,2025-12-28 19:12:39,2025-12-28 20:50:39
405,719,1,2025-12-28 19:13:20,2025-12-28 22:20:20
406,417,6,2025-12-28 19:14:44,2025-12-28 19:25:44
407,389,9,2025-12-28 19:14:26,2025-12-28 20:11:26
408,571,2,2025-12-28 19:12:24,2025-12-28 19:55:24
409,801,8,2025-12-28 19:11:53,2025-12-28 20:05:53
410,258,1,2025-12-28 19:13:26,2025-12-28 22:03:26
411,20,9,2025-12-28 19:12:30,2025-12-28 22:57:30
412,237,1,2025-12-28 19:14:49,2025-12-28 21:08:49
413,164,6,2025-12-28 19:13:01,2025-12-28 21:46:01
414,815,9,2025-12-28 19:12:08,2025-12-28 19:55:08
415,911,10,2025-12-28 19:13:28,2025-12-28 21:44:28
416,345,9,2025-12-28 19:12:09,2025-12-28 20:38:09
417,924,4,2025-12-28 19:12:45,2025-12-28 20:02:45
418,337,5,2025-12-28 19:13:03,2025-12-28 20:05:03
419,348,7,2025-12-28 19:13:35,2025-12-28 19:22:35
420,755,6,2025-12-28 19:12:58,2025-12-28 23:07:58
421,926,6,2025-12-28 19:14:02,2025-12-28 20:53:02
422,318,7,2025-12-28 19:14:08,2025-12-28 21:10:08
423,70,4,2025-12-28 19:12:33,2025-12-28 21:56:33
424,401,5,2025-12-28 19:13:09,2025-12-28 20:23:09
425,870,2,2025-12-28 19:14:10,2025-12-28 22:37:10
426,870,3,2025-12-28 19:13:36,2025-12-28 20:23:36
427,381,4,2025-12-28 19:14:37,2025-12-28 21:09:37
428,668,3,2025-12-28 19:12:23,2025-12-28 21:04:23
429,128,7,2025-12-28 19:14:31,2025-12-28 20:51:31
430,622,5,2025-12-28 19:12:17,2025-12-28 21:21:17
431,563,10,2025-12-28 19:12:44,2025-12-28 22:35:44
432,412,7,2025-12-28 19:12:15,2025-12-28 20:05:15
433,227,8,2025-12-28 19:13:34,2025-12-28 22:31:34
434,877,5,2025-12-28 19:12:55,2025-12-28 21:16:55
435,785,10,2025-12-28 19:13:02,2025-12-28 22:06:02
436,148,10,2025-12-28 19:12:08,2025-12-28 22:09:08
437,904,10,2025-12-28 19:13:44,2025-12-28 21:07:44
438,429,9,2025-12-28 19:13:28,2025-12-28 22:47:28
439,301,2,2025-12-28 19:14:11,2025-12-28 19:55:11
440,759,9,2025-12-28 19:12:49,2025-12-28 19:45:49
441,9,5,2025-12-28 19:14:41,2025-12-28 20:41:41
442,739,4,2025-12-28 19:11:51,2025-12-28 20:43:51
443,86,8,2025-12-28 19:12:15,2025-12-28 21:59:15
444,442,7,2025-12-28 19:12:08,2025-12-28 22:42:08
445,580,7,2025-12-28 19:12:51,2025-12-28 22:10:51
446,581,10,2025-12-28 19:13:34,2025-12-28 19:40:34
447,595,9,2025-12-28 19:12:18,2025-12-28 21:30:18
448,613,10,2025-12-28 19:13:25,2025-12-28 20:09:25
449,119,4,2025-12-28 19:14:42,2025-12-28 21:57:42
450,727,10,2025-12-28 19:11:59,2025-12-28 19:53:59
451,988,8,2025-12-28 19:12:20,2025-12-28 20:12:20
452,570,9,2025-12-28 19:12:37,2025-12-28 21:39:37
453,342,7,2025-12-28 19:13:48,2025-12-28 20:25:48
454,60,2,2025-12-28 19:13:16,2025-12-28 22:12:16
455,132,4,2025-12-28 19:14:47,2025-12-28 22:14:47
456,31,6,2025-12-28 19:14:09,2025-12-28 19:29:09
457,19,8,2025-12-28 19:14:06,2025-12-28 20:49:06
458,261,9,2025-12-28 19:12:55,2025-12-28 20:35:55
459,273,8,2025-12-28 19:14:25,2025-12-28 20:22:25
460,545,8,2025-12-28 19:12:36,2025-12-28 21:14:36
461,896,7,2025-12-28 19:12:38,2025-12-28 20:51:38
462,162,3,2025-12-28 19:14:37,2025-12-28 19:26:37
463,182,10,2025-12-28 19:12:17,2025-12-28 21:10:17
464,349,8,2025-12-28 19:12:44,2025-12-28 20:52:44
465,674,8,2025-12-28 19:12:30,2025-12-28 22:41:30
466,100,4,2025-12-28 19:12:48,2025-12-28 23:01:48
467,545,9,2025-12-28 19:13:16,2025-12-28 20:56:16
468,607,9,2025-12-28 19:12:34,2025-12-28 22:53:34
469,615,4,2025-12-28 19:14:28,2025-12-28 19:57:28
470,754,6,2025-12-28 19:13:19,2025-12-28 21:38:19
471,490,7,2025-12-28 19:12:39,2025-12-28 20:00:39
472,853,4,2025-12-28 19:14:16,2025-12-28 21:45:16
473,532,7,2025-12-28 19:14:51,2025-12-28 19:22:51
474,254,2,2025-12-28 19:12:35,2025-12-28 20:36:35
475,910,10,2025-12-28 19:14:33,2025-12-28 22:33:33
476,193,8,2025-12-28 19:14:17,2025-12-28 20:21:17
477,591,4,2025-12-28 19:13:14,2025-12-28 21:05:14
478,677,1,2025-12-28 19:14:45,2025-12-28 21:15:45
479,739,7,2025-12-28 19:14:21,2025-12-28 21:05:21
480,697,9,2025-12-28 19:13:33,2025-12-28 22:43:33
481,382,7,2025-12-28 19:14:40,2025-12-28 21:33:40
482,661,4,2025-12-28 19:13:51,2025-12-28 20:11:51
483,867,4,2025-12-28 19:12:30,2025-12-28 21:56:30
484,1000,10,2025-12-28 19:14:08,2025-12-28 21:28:08
485,992,9,2025-12-28 19:12:24,2025-12-28 22:45:24
486,65,9,2025-12-28 19:13:42,2025-12-28 21:41:42
487,99,1,2025-12-28 19:12:58,2025-12-28 23:08:58
488,986,5,2025-12-28 19:12:30,2025-12-28 20:46:30
489,272,10,2025-12-28 19:14:19,2025-12-28 19:56:19
490,127,4,2025-12-28 19:14:33,2025-12-28 19:46:33
491,28,10,2025-12-28 19:11:56,2025-12-28 22:01:56
492,93,9,2025-12-28 19:14:25,2025-12-28 21:28:25
493,708,2,2025-12-28 19:11:53,2025-12-28 19:31:53
494,69,4,2025-12-28 19:13:49,2025-12-28 21:14:49
495,520,7,2025-12-28 19:14:28,2025-12-28 20:26:28
496,796,5,2025-12-28 19:14:17,2025-12-28 21:41:17
497,508,4,2025-12-28 19:12:03,2025-12-28 21:06:03
498,199,8,2025-12-28 19:13:30,2025-12-28 21:14:30
499,455,4,2025-12-28 19:14:24,2025-12-28 20:26:24
500,325,7,2025-12-28 19:14:24,2025-12-28 22:36:24
501,780,5,2025-12-28 19:13:09,2025-12-28 21:33:09
502,263,2,2025-12-28 19:12:31,2025-12-28 20:55:31
503,30,5,2025-12-28 19:14:30,2025-12-28 20:36:30
504,114,4,2025-12-28 19:12:07,2025-12-28 19:26:07
505,264,4,2025-12-28 19:14:28,2025-12-28 19:37:28
506,181,2,2025-12-28 19:14:14,2025-12-28 20:08:14
507,606,4,2025-12-28 19:12:42,2025-12-28 20:39:42
508,755,3,2025-12-28 19:14:40,2025-12-28 22:04:40
509,458,7,2025-12-28 19:13:19,2025-12-28 23:05:19
510,308,3,2025-12-28 19:12:28,2025-12-28 21:35:28
511,695,4,2025-12-28 19:12:58,2025-12-28 20:49:58
512,41,6,2025-12-28 19:13:23,2025-12-28 19:23:23
513,23,9,2025-12-28 19:13:37,2025-12-28 20:56:37
514,914,2,2025-12-28 19:14:20,2025-12-28 21:46:20
515,480,2,2025-12-28 19:14:24,2025-12-28 22:51:24
516,576,4,2025-12-28 19:12:45,2025-12-28 22:21:45
517,839,2,2025-12-28 19:13:02,2025-12-28 22:44:02
518,267,8,2025-12-28 19:14:46,2025-12-28 20:25:46
519,467,2,2025-12-28 19:13:56,2025-12-28 23:02:56
520,206,3,2025-12-28 19:12:32,2025-12-28 20:13:32
521,823,5,2025-12-28 19:12:00,2025-12-28 20:43:00
522,279,10,2025-12-28 19:13:26,2025-12-28 20:01:26
523,153,9,2025-12-28 19:12:26,2025-12-28 19:19:26
524,902,8,2025-12-28 19:14:30,2025-12-28 21:33:30
525,537,6,2025-12-28 19:13:21,2025-12-28 22:25:21
526,36,7,2025-12-28 19:12:57,2025-12-28 19:42:57
527,455,8,2025-12-28 19:13:54,2025-12-28 19:59:54
528,133,9,2025-12-28 19:12:46,2025-12-28 20:28:46
529,988,5,2025-12-28 19:12:12,2025-12-28 20:12:12
530,240,7,2025-12-28 19:12:42,2025-12-28 21:36:42
531,322,8,2025-12-28 19:12:56,2025-12-28 21:53:56
532,396,8,2025-12-28 19:13:31,2025-12-28 21:15:31
533,500,4,2025-12-28 19:13:26,2025-12-28 20:07:26
534,374,3,2025-12-28 19:13:28,2025-12-28 23:00:28
535,430,8,2025-12-28 19:13:19,2025-12-28 21:43:19
536,177,5,2025-12-28 19:14:44,2025-12-28 20:45:44
537,607,1,2025-12-28 19:14:46,2025-12-28 20:29:46
538,548,8,2025-12-28 19:12:07,2025-12-28 20:10:07
539,844,10,2025-12-28 19:11:57,2025-12-28 22:27:57
540,832,2,2025-12-28 19:12:15,2025-12-28 22:31:15
541,385,2,2025-12-28 19:14:37,2025-12-28 20:55:37
542,826,2,2025-12-28 19:13:01,2025-12-28 22:08:01
543,356,4,2025-12-28 19:13:46,2025-12-28 19:30:46
544,878,10,2025-12-28 19:11:59,2025-12-28 21:04:59
545,440,3,2025-12-28 19:14:50,2025-12-28 21:34:50
546,68,1,2025-12-28 19:12:13,2025-12-28 19:51:13
547,615,1,2025-12-28 19:14:20,2025-12-28 23:14:20
548,158,4,2025-12-28 19:12:15,2025-12-28 20:06:15
549,696,10,2025-12-28 19:14:13,2025-12-28 22:59:13
550,367,3,2025-12-28 19:14:44,2025-12-28 22:38:44
551,308,3,2025-12-28 19:14:09,2025-12-28 22:18:09
552,550,7,2025-12-28 19:13:52,2025-12-28 22:39:52
553,610,8,2025-12-28 19:14:20,2025-12-28 21:40:20
554,773,3,2025-12-28 19:14:17,2025-12-28 22:56:17
555,735,7,2025-12-28 19:12:42,2025-12-28 22:34:42
556,239,4,2025-12-28 19:14:04,2025-12-28 21:27:04
557,803,5,2025-12-28 19:12:14,2025-12-28 19:29:14
558,232,2,2025-12-28 19:11:57,2025-12-28 19:52:57
559,625,9,2025-12-28 19:14:05,2025-12-28 19:48:05
560,679,4,2025-12-28 19:14:40,2025-12-28 21:42:40
561,725,4,2025-12-28 19:12:27,2025-12-28 22:05:27
562,159,10,2025-12-28 19:14:51,2025-12-28 23:03:51
563,472,2,2025-12-28 19:12:08,2025-12-28 21:00:08
564,844,9,2025-12-28 19:14:50,2025-12-28 21:50:50
565,94,4,2025-12-28 19:14:31,2025-12-28 22:23:31
566,267,7,2025-12-28 19:13:51,2025-12-28 22:55:51
567,824,6,2025-12-28 19:13:56,2025-12-28 21:56:56
568,818,9,2025-12-28 19:14:39,2025-12-28 20:59:39
569,362,3,2025-12-28 19:12:14,2025-12-28 20:17:14
570,670,10,2025-12-28 19:13:11,2025-12-28 19:23:11
571,336,8,2025-12-28 19:14:34,2025-12-28 23:08:34
572,766,3,2025-12-28 19:14:04,2025-12-28 22:53:04
573,335,10,2025-12-28 19:12:07,2025-12-28 23:10:07
574,445,7,2025-12-28 19:13:00,2025-12-28 20:08:00
575,485,7,2025-12-28 19:14:04,2025-12-28 19:25:04
576,304,1,2025-12-28 19:12:31,2025-12-28 20:57:31
577,453,10,2025-12-28 19:12:24,2025-12-28 20:55:24
578,597,9,2025-12-28 19:13:16,2025-12-28 22:56:16
579,183,4,2025-12-28 19:12:17,2025-12-28 21:16:17
580,301,7,2025-12-28 19:13:24,2025-12-28 21:41:24
581,887,2,2025-12-28 19:13:16,2025-12-28 20:27:16
582,124,10,2025-12-28 19:13:59,2025-12-28 19:24:59
583,576,10,2025-12-28 19:12:05,2025-12-28 20:02:05
584,118,4,2025-12-28 19:14:37,2025-12-28 21:49:37
585,410,4,2025-12-28 19:13:23,2025-12-28 21:51:23
586,490,6,2025-12-28 19:14:42,2025-12-28 22:43:42
587,40,10,2025-12-28 19:14:26,2025-12-28 19:54:26
588,898,1,2025-12-28 19:13:58,2025-12-28 20:47:58
589,586,9,2025-12-28 19:14:34,2025-12-28 20:00:34
590,685,6,2025-12-28 19:11:59,2025-12-28 21:24:59
591,177,9,2025-12-28 19:13:56,2025-12-28 19:59:56
592,884,2,2025-12-28 19:13:48,2025-12-28 21:38:48
593,433,6,2025-12-28 19:14:21,2025-12-28 21:01:21
594,515,9,2025-12-28 19:13:35,2025-12-28 21:08:35
595,984,1,2025-12-28 19:13:50,2025-12-28 22:39:50
596,28,2,2025-12-28 19:13:43,2025-12-28 19:23:43
597,717,1,2025-12-28 19:13:50,2025-12-28 22:28:50
598,714,6,2025-12-28 19:13:16,2025-12-28 22:44:16
599,800,3,2025-12-28 19:11:54,2025-12-28 21:53:54
600,756,4,2025-12-28 19:13:47,2025-12-28 20:03:47
601,959,8,2025-12-28 19:12:11,2025-12-28 20:35:11
602,587,6,2025-12-28 19:13:49,2025-12-28 22:21:49
603,42,7,2025-12-28 19:12:08,2025-12-28 19:38:08
604,310,7,2025-12-28 19:14:40,2025-12-28 21:51:40
605,270,3,2025-12-28 19:14:42,2025-12-28 20:25:42
606,716,10,2025-12-28 19:13:28,2025-12-28 20:53:28
607,142,3,2025-12-28 19:13:07,2025-12-28 21:29:07
608,549,6,2025-12-28 19:14:36,2025-12-28 19:22:36
609,981,2,2025-12-28 19:13:49,2025-12-28 21:14:49
610,138,8,2025-12-28 19:12:16,2025-12-28 20:41:16
611,928,2,2025-12-28 19:12:47,2025-12-28 19:52:47
612,831,10,2025-12-28 19:14:19,2025-12-28 21:04:19
613,551,4,2025-12-28 19:13:47,2025-12-28 22:49:47
614,977,7,2025-12-28 19:12:28,2025-12-28 21:11:28
615,71,6,2025-12-28 19:12:09,2025-12-28 22:51:09
616,256,9,2025-12-28 19:13:55,2025-12-28 20:13:55
617,414,5,2025-12-28 19:13:50,2025-12-28 20:55:50
618,588,7,2025-12-28 19:14:13,2025-12-28 21:57:13
619,28,10,2025-12-28 19:13:25,2025-12-28 21:25:25
620,498,8,2025-12-28 19:13:08,2025-12-28 22:32:08
621,74,2,2025-12-28 19:11:54,2025-12-28 22:07:54
622,636,4,2025-12-28 19:12:55,2025-12-28 19:32:55
623,542,4,2025-12-28 19:14:20,2025-12-28 22:18:20
624,426,3,2025-12-28 19:14:36,2025-12-28 20:54:36
625,894,2,2025-12-28 19:13:40,2025-12-28 20:26:40
626,868,7,2025-12-28 19:13:36,2025-12-28 19:56:36
627,826,2,2025-12-28 19:12:09,2025-12-28 22:39:09
628,30,3,2025-12-28 19:12:31,2025-12-28 22:17:31
629,508,9,2025-12-28 19:13:53,2025-12-28 20:48:53
630,979,8,2025-12-28 19:14:20,2025-12-28 20:08:20
631,701,2,2025-12-28 19:13:33,2025-12-28 23:07:33
632,354,5,2025-12-28 19:12:03,2025-12-28 21:49:03
633,162,4,2025-12-28 19:12:35,2025-12-28 20:28:35
634,581,7,2025-12-28 19:12:59,2025-12-28 20:25:59
635,89,1,2025-12-28 19:12:55,2025-12-28 22:10:55
636,49,5,2025-12-28 19:14:17,2025-12-28 21:34:17
637,520,8,2025-12-28 19:12:18,2025-12-28 22:56:18
638,838,6,2025-12-28 19:12:06,2025-12-28 20:39:06
639,21,4,2025-12-28 19:14:37,2025-12-28 20:57:37
640,189,9,2025-12-28 19:13:39,2025-12-28 20:55:39
641,896,6,2025-12-28 19:13:08,2025-12-28 19:46:08
642,354,10,2025-12-28 19:11:55,2025-12-28 22:24:55
643,597,3,2025-12-28 19:14:22,2025-12-28 21:21:22
644,919,10,2025-12-28 19:12:47,2025-12-28 21:04:47
645,631,1,2025-12-28 19:11:56,2025-12-28 21:05:56
646,801,10,2025-12-28 19:13:26,2025-12-28 21:42:26
647,169,4,2025-12-28 19:12:44,2025-12-28 20:14:44
648,973,3,2025-12-28 19:14:39,2025-12-28 21:40:39
649,694,8,2025-12-28 19:12:36,2025-12-28 21:56:36
650,751,7,2025-12-28 19:14:43,2025-12-28 21:05:43
651,47,1,2025-12-28 19:12:12,2025-12-28 23:07:12
652,787,9,2025-12-28 19:13:01,2025-12-28 22:23:01
653,246,7,2025-12-28 19:12:39,2025-12-28 19:56:39
654,829,4,2025-12-28 19:13:12,2025-12-28 21:13:12
655,999,5,2025-12-28 19:13:46,2025-12-28 23:08:46
656,369,2,2025-12-28 19:12:02,2025-12-28 19:42:02
657,747,10,2025-12-28 19:13:58,2025-12-28 20:00:58
658,872,4,2025-12-28 19:14:04,2025-12-28 22:18:04
659,448,1,2025-12-28 19:13:41,2025-12-28 22:56:41
660,294,4,2025-12-28 19:12:55,2025-12-28 21:38:55
661,647,5,2025-12-28 19:12:24,2025-12-28 19:17:24
662,347,8,2025-12-28 19:12:01,2025-12-28 22:49:01
663,521,6,2025-12-28 19:12:44,2025-12-28 21:37:44
664,642,10,2025-12-28 19:13:53,2025-12-28 20:15:53
665,44,10,2025-12-28 19:12:29,2025-12-28 21:12:29
666,84,8,2025-12-28 19:12:12,2025-12-28 23:12:12
667,427,7,2025-12-28 19:13:47,2025-12-28 22:36:47
668,198,2,2025-12-28 19:11:57,2025-12-28 21:06:57
669,405,6,2025-12-28 19:12:52,2025-12-28 22:36:52
670,430,8,2025-12-28 19:12:54,2025-12-28 20:18:54
671,865,9,2025-12-28 19:14:09,2025-12-28 21:00:09
672,85,6,2025-12-28 19:12:36,2025-12-28 22:07:36
673,524,2,2025-12-28 19:12:38,2025-12-28 20:41:38
674,506,10,2025-12-28 19:12:27,2025-12-28 20:32:27
675,272,10,2025-12-28 19:12:51,2025-12-28 20:33:51
676,994,3,2025-12-28 19:13:54,2025-12-28 23:07:54
677,944,9,2025-12-28 19:12:31,2025-12-28 21:27:31
678,327,7,2025-12-28 19:14:43,2025-12-28 23:04:43
679,552,10,2025-12-28 19:11:57,2025-12-28 21:00:57
680,780,5,2025-12-28 19:12:25,2025-12-28 19:37:25
681,983,5,2025-12-28 19:13:01,2025-12-28 19:33:01
682,659,7,2025-12-28 19:11:58,2025-12-28 20:43:58
683,56,8,2025-12-28 19:12:09,2025-12-28 19:55:09
684,973,2,2025-12-28 19:12:31,2025-12-28 20:01:31
685,32,3,2025-12-28 19:14:06,2025-12-28 20:52:06
686,323,6,2025-12-28 19:11:56,2025-12-28 20:01:56
687,647,4,2025-12-28 19:13:32,2025-12-28 21:49:32
688,230,5,2025-12-28 19:13:20,2025-12-28 19:37:20
689,901,7,2025-12-28 19:14:19,2025-12-28 19:41:19
690,174,2,2025-12-28 19:14:46,2025-12-28 21:22:46
691,2,5,2025-12-28 19:12:40,2025-12-28 21:47:40
692,174,8,2025-12-28 19:13:27,2025-12-28 21:22:27
693,904,5,2025-12-28 19:11:54,2025-12-28 21:52:54
694,450,9,2025-12-28 19:13:23,2025-12-28 23:04:23
695,581,5,2025-12-28 19:12:30,2025-12-28 19:39:30
696,605,5,2025-12-28 19:12:39,2025-12-28 22:50:39
697,476,10,2025-12-28 19:12:23,2025-12-28 19:33:23
698,608,3,2025-12-28 19:14:45,2025-12-28 22:03:45
699,502,9,2025-12-28 19:12:08,2025-12-28 21:12:08
700,818,7,2025-12-28 19:13:08,2025-12-28 23:03:08
701,516,5,2025-12-28 19:14:12,2025-12-28 20:54:12
702,776,8,2025-12-28 19:13:10,2025-12-28 21:51:10
703,975,5,2025-12-28 19:13:50,2025-12-28 20:02:50
704,280,7,2025-12-28 19:14:35,2025-12-28 20:24:35
705,544,3,2025-12-28 19:12:37,2025-12-28 22:59:37
706,479,9,2025-12-28 19:13:32,2025-12-28 22:55:32
707,683,6,2025-12-28 19:13:44,2025-12-28 20:28:44
708,410,7,2025-12-28 19:11:54,2025-12-28 19:43:54
709,322,9,2025-12-28 19:12:55,2025-12-28 22:43:55
710,237,3,2025-12-28 19:14:23,2025-12-28 19:30:23
711,937,1,2025-12-28 19:14:09,2025-12-28 19:24:09
712,594,8,2025-12-28 19:14:30,2025-12-28 19:56:30
713,934,4,2025-12-28 19:12:44,2025-12-28 21:17:44
714,146,10,2025-12-28 19:13:35,2025-12-28 22:41:35
715,761,7,2025-12-28 19:14:25,2025-12-28 22:11:25
716,431,1,2025-12-28 19:12:59,2025-12-28 20:23:59
717,271,10,2025-12-28 19:12:44,2025-12-28 21:24:44
718,595,9,2025-12-28 19:12:40,2025-12-28 20:05:40
719,999,4,2025-12-28 19:12:12,2025-12-28 20:39:12
720,127,2,2025-12-28 19:12:04,2025-12-28 22:09:04
721,297,8,2025-12-28 19:12:30,2025-12-28 22:13:30
722,57,5,2025-12-28 19:12:47,2025-12-28 20:15:47
723,505,4,2025-12-28 19:14:09,2025-12-28 23:12:09
724,198,3,2025-12-28 19:14:36,2025-12-28 21:55:36
725,155,4,2025-12-28 19:14:03,2025-12-28 20:23:03
726,243,6,2025-12-28 19:14:12,2025-12-28 22:36:12
727,638,2,2025-12-28 19:12:22,2025-12-28 21:40:22
728,907,3,2025-12-28 19:13:40,2025-12-28 22:15:40
729,35,6,2025-12-28 19:13:55,2025-12-28 20:59:55
730,738,2,2025-12-28 19:14:12,2025-12-28 22:14:12
731,758,9,2025-12-28 19:13:05,2025-12-28 19:30:05
732,829,2,2025-12-28 19:12:58,2025-12-28 20:21:58
733,912,6,2025-12-28 19:12:08,2025-12-28 19:22:08
734,917,3,2025-12-28 19:14:05,2025-12-28 21:55:05
735,684,10,2025-12-28 19:12:07,2025-12-28 20:50:07
736,371,8,2025-12-28 19:12:53,2025-12-28 21:12:53
737,372,6,2025-12-28 19:13:51,2025-12-28 21:57:51
738,905,4,2025-12-28 19:14:18,2025-12-28 21:26:18
739,342,3,2025-12-28 19:13:10,2025-12-28 22:08:10
740,191,6,2025-12-28 19:12:07,2025-12-28 19:21:07
741,23,10,2025-12-28 19:14:17,2025-12-28 19:52:17
742,73,10,2025-12-28 19:14:11,2025-12-28 19:45:11
743,853,9,2025-12-28 19:12:20,2025-12-28 23:02:20
744,859,10,2025-12-28 19:12:04,2025-12-28 23:00:04
745,436,5,2025-12-28 19:11:53,2025-12-28 22:47:53
746,16,1,2025-12-28 19:13:56,2025-12-28 22:44:56
747,177,4,2025-12-28 19:14:32,2025-12-28 21:25:32
748,744,9,2025-12-28 19:12:19,2025-12-28 19:19:19
749,584,10,2025-12-28 19:13:42,2025-12-28 21:13:42
750,681,8,2025-12-28 19:13:48,2025-12-28 22:41:48
751,767,2,2025-12-28 19:14:33,2025-12-28 22:59:33
752,769,3,2025-12-28 19:13:50,2025-12-28 19:26:50
753,371,9,2025-12-28 19:14:01,2025-12-28 20:05:01
754,939,2,2025-12-28 19:13:38,2025-12-28 23:00:38
755,606,7,2025-12-28 19:13:24,2025-12-28 21:20:24
756,352,4,2025-12-28 19:12:07,2025-12-28 21:59:07
757,497,2,2025-12-28 19:12:27,2025-12-28 19:27:27
758,554,10,2025-12-28 19:13:49,2025-12-28 19:58:49
759,765,9,2025-12-28 19:13:50,2025-12-28 19:33:50
760,220,6,2025-12-28 19:12:26,2025-12-28 21:39:26
761,699,6,2025-12-28 19:13:07,2025-12-28 20:18:07
762,694,7,2025-12-28 19:13:53,2025-12-28 19:20:53
763,497,1,2025-12-28 19:13:20,2025-12-28 19:23:20
764,513,3,2025-12-28 19:12:11,2025-12-28 22:34:11
765,626,10,2025-12-28 19:13:56,2025-12-28 22:01:56
766,761,2,2025-12-28 19:14:17,2025-12-28 20:47:17
767,622,6,2025-12-28 19:13:07,2025-12-28 21:58:07
768,171,3,2025-12-28 19:12:59,2025-12-28 21:08:59
769,287,10,2025-12-28 19:14:45,2025-12-28 20:12:45
770,94,2,2025-12-28 19:11:54,2025-12-28 19:19:54
771,385,5,2025-12-28 19:12:24,2025-12-28 22:41:24
772,711,8,2025-12-28 19:14:44,2025-12-28 20:17:44
773,13,7,2025-12-28 19:12:19,2025-12-28 21:43:19
774,314,10,2025-12-28 19:14:35,2025-12-28 19:58:35
775,113,6,2025-12-28 19:14:17,2025-12-28 19:24:17
776,810,6,2025-12-28 19:13:15,2025-12-28 20:39:15
777,975,4,2025-12-28 19:13:10,2025-12-28 20:44:10
778,988,4,2025-12-28 19:12:43,2025-12-28 20:18:43
779,515,10,2025-12-28 19:14:26,2025-12-28 20:12:26
780,260,2,2025-12-28 19:14:18,2025-12-28 20:34:18
781,714,7,2025-12-28 19:13:25,2025-12-28 19:40:25
782,186,9,2025-12-28 19:12:58,2025-12-28 20:40:58
783,964,7,2025-12-28 19:13:02,2025-12-28 20:04:02
784,633,4,2025-12-28 19:13:10,2025-12-28 23:04:10
785,509,3,2025-12-28 19:13:50,2025-12-28 21:06:50
786,703,5,2025-12-28 19:12:31,2025-12-28 20:19:31
787,211,9,2025-12-28 19:13:34,2025-12-28 20:57:34
788,960,4,2025-12-28 19:14:51,2025-12-28 22:36:51
789,94,3,2025-12-28 19:14:38,2025-12-28 22:42:38
790,94,1,2025-12-28 19:13:03,2025-12-28 22:13:03
791,583,7,2025-12-28 19:14:20,2025-12-28 19:26:20
792,811,4,2025-12-28 19:13:13,2025-12-28 21:06:13
793,413,1,2025-12-28 19:13:46,2025-12-28 20:28:46
794,69,4,2025-12-28 19:14:40,2025-12-28 22:50:40
795,634,1,2025-12-28 19:14:00,2025-12-28 21:10:00
796,432,5,2025-12-28 19:14:24,2025-12-28 22:24:24
797,879,2,2025-12-28 19:14:01,2025-12-28 21:41:01
798,746,5,2025-12-28 19:12:05,2025-12-28 22:18:05
799,875,6,2025-12-28 19:13:35,2025-12-28 23:06:35
800,192,7,2025-12-28 19:12:29,2025-12-28 21:58:29
801,855,9,2025-12-28 19:14:00,2025-12-28 20:39:00
802,922,1,2025-12-28 19:12:44,2025-12-28 20:46:44
803,471,2,2025-12-28 19:13:44,2025-12-28 19:57:44
804,327,8,2025-12-28 19:13:03,2025-12-28 20:55:03
805,704,3,2025-12-28 19:14:21,2025-12-28 21:24:21
806,342,8,2025-12-28 19:13:39,2025-12-28 19:54:39
807,842,8,2025-12-28 19:12:21,2025-12-28 19:19:21
808,162,6,2025-12-28 19:13:08,2025-12-28 20:48:08
809,966,2,2025-12-28 19:13:32,2025-12-28 22:54:32
810,556,7,2025-12-28 19:13:59,2025-12-28 21:40:59
811,849,6,2025-12-28 19:14:12,2025-12-28 20:26:12
812,781,7,2025-12-28 19:14:35,2025-12-28 20:24:35
813,760,9,2025-12-28 19:14:34,2025-12-28 21:36:34
814,512,8,2025-12-28 19:13:58,2025-12-28 21:48:58
815,326,8,2025-12-28 19:12:14,2025-12-28 19:50:14
816,996,9,2025-12-28 19:14:34,2025-12-28 20:38:34
817,558,9,2025-12-28 19:14:27,2025-12-28 22:53:27
818,965,5,2025-12-28 19:14:18,2025-12-28 22:31:18
819,640,3,2025-12-28 19:14:37,2025-12-28 21:30:37
820,81,5,2025-12-28 19:13:22,2025-12-28 20:21:22
821,823,2,2025-12-28 19:13:48,2025-12-28 19:46:48
822,990,6,2025-12-28 19:12:15,2025-12-28 19:37:15
823,791,2,2025-12-28 19:12:16,2025-12-28 21:27:16
824,844,1,2025-12-28 19:13:08,2025-12-28 20:43:08
825,462,3,2025-12-28 19:13:58,2025-12-28 20:38:58
826,879,1,2025-12-28 19:14:16,2025-12-28 20:58:16
827,304,4,2025-12-28 19:11:55,2025-12-28 19:46:55
828,801,8,2025-12-28 19:12:22,2025-12-28 20:00:22
829,202,4,2025-12-28 19:12:50,2025-12-28 21:55:50
830,478,5,2025-12-28 19:12:17,2025-12-28 22:44:17
831,978,3,2025-12-28 19:12:02,2025-12-28 19:23:02
832,312,4,2025-12-28 19:13:34,2025-12-28 20:58:34
833,312,5,2025-12-28 19:12:19,2025-12-28 19:54:19
834,647,3,2025-12-28 19:13:40,2025-12-28 20:33:40
835,296,8,2025-12-28 19:12:07,2025-12-28 20:05:07
836,286,8,2025-12-28 19:12:50,2025-12-28 21:40:50
837,210,4,2025-12-28 19:12:17,2025-12-28 21:34:17
838,667,3,2025-12-28 19:12:36,2025-12-28 20:09:36
839,480,2,2025-12-28 19:13:39,2025-12-28 22:50:39
840,257,6,2025-12-28 19:13:28,2025-12-28 20:32:28
841,218,4,2025-12-28 19:14:15,2025-12-28 21:06:15
842,759,3,2025-12-28 19:13:48,2025-12-28 21:41:48
843,632,7,2025-12-28 19:12:20,2025-12-28 19:32:20
844,562,6,2025-12-28 19:13:36,2025-12-28 19:29:36
845,192,1,2025-12-28 19:13:34,2025-12-28 22:08:34
846,228,3,2025-12-28 19:13:30,2025-12-28 22:16:30
847,7,10,2025-12-28 19:12:51,2025-12-28 20:55:51
848,630,7,2025-12-28 19:14:14,2025-12-28 20:46:14
849,531,10,2025-12-28 19:14:26,2025-12-28 19:29:26
850,32,10,2025-12-28 19:12:08,2025-12-28 21:40:08
851,296,4,2025-12-28 19:12:44,2025-12-28 22:53:44
852,144,8,2025-12-28 19:12:11,2025-12-28 22:51:11
853,941,2,2025-12-28 19:14:04,2025-12-28 19:24:04
854,223,2,2025-12-28 19:12:19,2025-12-28 21:51:19
855,353,4,2025-12-28 19:14:32,2025-12-28 21:45:32
856,713,5,2025-12-28 19:11:57,2025-12-28 20:37:57
857,121,6,2025-12-28 19:12:46,2025-12-28 21:28:46
858,889,2,2025-12-28 19:14:50,2025-12-28 21:11:50
859,980,8,2025-12-28 19:12:21,2025-12-28 20:50:21
860,773,1,2025-12-28 19:13:04,2025-12-28 19:29:04
861,529,7,2025-12-28 19:12:05,2025-12-28 22:02:05
862,252,8,2025-12-28 19:12:47,2025-12-28 22:00:47
863,120,8,2025-12-28 19:11:52,2025-12-28 22:38:52
864,674,2,2025-12-28 19:13:00,2025-12-28 22:34:00
865,403,9,2025-12-28 19:14:45,2025-12-28 20:51:45
866,796,2,2025-12-28 19:12:43,2025-12-28 19:35:43
867,48,7,2025-12-28 19:12:22,2025-12-28 20:29:22
868,509,10,2025-12-28 19:13:47,2025-12-28 22:47:47
869,511,1,2025-12-28 19:12:59,2025-12-28 23:06:59
870,575,9,2025-12-28 19:13:29,2025-12-28 20:36:29
871,623,1,2025-12-28 19:13:20,2025-12-28 22:54:20
872,319,5,2025-12-28 19:14:44,2025-12-28 20:42:44
873,85,2,2025-12-28 19:14:02,2025-12-28 20:49:02
874,752,3,2025-12-28 19:13:50,2025-12-28 19:51:50
875,922,4,2025-12-28 19:14:32,2025-12-28 20:59:32
876,319,8,2025-12-28 19:13:35,2025-12-28 20:26:35
877,879,7,2025-12-28 19:13:24,2025-12-28 20:14:24
878,433,6,2025-12-28 19:13:17,2025-12-28 22:11:17
879,77,3,2025-12-28 19:13:55,2025-12-28 22:14:55
880,262,1,2025-12-28 19:14:03,2025-12-28 20:25:03
881,463,8,2025-12-28 19:14:50,2025-12-28 19:33:50
882,385,4,2025-12-28 19:13:21,2025-12-28 21:32:21
883,972,4,2025-12-28 19:14:17,2025-12-28 23:04:17
884,37,6,2025-12-28 19:13:27,2025-12-28 22:31:27
885,738,2,2025-12-28 19:13:53,2025-12-28 22:27:53
886,63,8,2025-12-28 19:14:50,2025-12-28 20:13:50
887,497,2,2025-12-28 19:12:45,2025-12-28 19:48:45
888,512,2,2025-12-28 19:14:39,2025-12-28 23:04:39
889,315,8,2025-12-28 19:13:48,2025-12-28 20:33:48
890,394,7,2025-12-28 19:13:02,2025-12-28 21:39:02
891,724,2,2025-12-28 19:13:36,2025-12-28 21:47:36
892,69,9,2025-12-28 19:12:43,2025-12-28 21:07:43
893,232,9,2025-12-28 19:14:41,2025-12-28 20:28:41
894,158,4,2025-12-28 19:11:54,2025-12-28 20:32:54
895,552,9,2025-12-28 19:14:25,2025-12-28 21:44:25
896,724,8,2025-12-28 19:14:33,2025-12-28 22:27:33
897,82,1,2025-12-28 19:12:43,2025-12-28 21:54:43
898,510,9,2025-12-28 19:14:50,2025-12-28 22:31:50
899,296,4,2025-12-28 19:12:33,2025-12-28 20:35:33
900,472,1,2025-12-28 19:12:30,2025-12-28 20:59:30
901,737,3,2025-12-28 19:14:22,2025-12-28 22:41:22
902,39,9,2025-12-28 19:12:33,2025-12-28 22:04:33
903,171,1,2025-12-28 19:12:08,2025-12-28 21:48:08
904,924,9,2025-12-28 19:14:34,2025-12-28 23:02:34
905,690,4,2025-12-28 19:13:06,2025-12-28 22:44:06
906,805,5,2025-12-28 19:13:14,2025-12-28 21:47:14
907,290,8,2025-12-28 19:14:14,2025-12-28 22:07:14
908,562,4,2025-12-28 19:12:33,2025-12-28 20:32:33
909,714,3,2025-12-28 19:12:56,2025-12-28 22:13:56
910,965,4,2025-12-28 19:13:20,2025-12-28 20:44:20
911,175,2,2025-12-28 19:12:01,2025-12-28 20:45:01
912,464,5,2025-12-28 19:14:32,2025-12-28 19:46:32
913,825,2,2025-12-28 19:13:33,2025-12-28 20:42:33
914,954,1,2025-12-28 19:14:39,2025-12-28 20:21:39
915,32,9,2025-12-28 19:11:56,2025-12-28 22:33:56
916,310,9,2025-12-28 19:12:06,2025-12-28 20:37:06
917,921,5,2025-12-28 19:14:08,2025-12-28 21:05:08
918,145,6,2025-12-28 19:12:57,2025-12-28 22:00:57
919,18,4,2025-12-28 19:14:28,2025-12-28 23:06:28
920,306,6,2025-12-28 19:13:25,2025-12-28 22:54:25
921,244,7,2025-12-28 19:14:45,2025-12-28 20:01:45
922,78,3,2025-12-28 19:14:03,2025-12-28 21:33:03
923,530,2,2025-12-28 19:13:57,2025-12-28 21:09:57
924,266,5,2025-12-28 19:12:35,2025-12-28 19:23:35
925,852,1,2025-12-28 19:12:52,2025-12-28 22:32:52
926,658,6,2025-12-28 19:13:25,2025-12-28 22:57:25
927,379,7,2025-12-28 19:12:47,2025-12-28 21:55:47
928,969,6,2025-12-28 19:14:24,2025-12-28 19:26:24
929,42,2,2025-12-28 19:14:11,2025-12-28 21:38:11
930,896,7,2025-12-28 19:12:36,2025-12-28 22:40:36
931,790,9,2025-12-28 19:13:52,2025-12-28 20:08:52
932,670,9,2025-12-28 19:13:59,2025-12-28 22:02:59
933,828,9,2025-12-28 19:14:24,2025-12-28 21:20:24
934,831,2,2025-12-28 19:12:08,2025-12-28 22:14:08
935,389,3,2025-12-28 19:14:51,2025-12-28 21:47:51
936,195,5,2025-12-28 19:14:01,2025-12-28 20:44:01
937,759,3,2025-12-28 19:12:50,2025-12-28 21:07:50
938,30,10,2025-12-28 19:12:42,2025-12-28 22:51:42
939,597,10,2025-12-28 19:14:01,2025-12-28 21:21:01
940,188,5,2025-12-28 19:13:01,2025-12-28 22:38:01
941,854,3,2025-12-28 19:11:55,2025-12-28 20:19:55
942,570,9,2025-12-28 19:14:42,2025-12-28 22:27:42
943,564,3,2025-12-28 19:12:24,2025-12-28 21:57:24
944,419,2,2025-12-28 19:13:39,2025-12-28 20:42:39
945,936,7,2025-12-28 19:11:57,2025-12-28 23:01:57
946,691,1,2025-12-28 19:12:08,2025-12-28 19:27:08
947,141,2,2025-12-28 19:12:55,2025-12-28 20:08:55
948,280,6,2025-12-28 19:12:27,2025-12-28 21:12:27
949,302,10,2025-12-28 19:13:04,2025-12-28 21:55:04
950,15,1,2025-12-28 19:13:55,2025-12-28 21:55:55
951,455,4,2025-12-28 19:14:39,2025-12-28 21:41:39
952,581,7,2025-12-28 19:14:05,2025-12-28 22:37:05
953,474,6,2025-12-28 19:13:48,2025-12-28 19:40:48
954,479,10,2025-12-28 19:13:02,2025-12-28 22:43:02
955,331,6,2025-12-28 19:12:43,2025-12-28 20:48:43
956,769,7,2025-12-28 19:14:35,2025-12-28 19:59:35
957,729,1,2025-12-28 19:13:48,2025-12-28 19:56:48
958,858,7,2025-12-28 19:14:50,2025-12-28 20:24:50
959,174,9,2025-12-28 19:14:15,2025-12-28 20:57:15
960,817,8,2025-12-28 19:12:38,2025-12-28 22:33:38
961,296,5,2025-12-28 19:14:41,2025-12-28 21:28:41
962,172,8,2025-12-28 19:11:52,2025-12-28 20:49:52
963,609,8,2025-12-28 19:12:33,2025-12-28 21:44:33
964,618,6,2025-12-28 19:12:27,2025-12-28 21:56:27
965,485,2,2025-12-28 19:13:06,2025-12-28 21:31:06
966,790,5,2025-12-28 19:14:50,2025-12-28 22:34:50
967,986,4,2025-12-28 19:12:20,2025-12-28 19:38:20
968,730,10,2025-12-28 19:14:21,2025-12-28 19:37:21
969,726,1,2025-12-28 19:14:08,2025-12-28 21:40:08
970,396,5,2025-12-28 19:11:51,2025-12-28 22:28:51
971,759,9,2025-12-28 19:13:21,2025-12-28 21:39:21
972,84,8,2025-12-28 19:13:39,2025-12-28 20:04:39
973,928,3,2025-12-28 19:14:38,2025-12-28 20:24:38
974,135,1,2025-12-28 19:13:15,2025-12-28 20:41:15
975,971,4,2025-12-28 19:14:00,2025-12-28 22:35:00
976,709,8,2025-12-28 19:13:00,2025-12-28 19:31:00
977,903,10,2025-12-28 19:13:16,2025-12-28 19:40:16
978,700,10,2025-12-28 19:12:01,2025-12-28 21:21:01
979,421,5,2025-12-28 19:11:59,2025-12-28 21:42:59
980,903,1,2025-12-28 19:12:20,2025-12-28 20:27:20
981,795,4,2025-12-28 19:14:36,2025-12-28 21:51:36
982,890,9,2025-12-28 19:13:35,2025-12-28 19:24:35
983,551,9,2025-12-28 19:13:09,2025-12-28 20:19:09
984,421,1,2025-12-28 19:14:08,2025-12-28 21:55:08
985,360,3,2025-12-28 19:13:42,2025-12-28 20:21:42
986,18,1,2025-12-28 19:11:51,2025-12-28 22:29:51
987,324,7,2025-12-28 19:13:52,2025-12-28 21:12:52
988,663,3,2025-12-28 19:12:33,2025-12-28 19:45:33
989,52,10,2025-12-28 19:12:20,2025-12-28 21:44:20
990,887,8,2025-12-28 19:12:14,2025-12-28 22:47:14
991,15,10,2025-12-28 19:13:49,2025-12-28 20:02:49
992,954,3,2025-12-28 19:13:35,2025-12-28 23:02:35
993,217,4,2025-12-28 19:12:31,2025-12-28 21:41:31
994,755,8,2025-12-28 19:14:50,2025-12-28 19:33:50
995,209,1,2025-12-28 19:12:12,2025-12-28 21:54:12
996,163,5,2025-12-28 19:14:37,2025-12-28 20:42:37
997,807,5,2025-12-28 19:13:35,2025-12-28 22:08:35
998,100,7,2025-12-28 19:13:17,2025-12-28 20:44:17
999,376,6,2025-12-28 19:12:11,2025-12-28 22:23:11
1000,278,5,2025-12-28 19:12:23,2025-12-28 21:10:23
1001,356,5,2025-12-28 19:13:19,2025-12-28 19:19:19
1002,988,10,2025-12-28 19:13:23,2025-12-28 22:31:23
1003,856,7,2025-12-28 19:14:03,2025-12-28 20:57:03
1004,788,5,2025-12-28 19:13:12,2025-12-28 23:07:12
1005,327,10,2025-12-28 19:14:37,2025-12-28 22:55:37
1006,673,9,2025-12-28 19:13:15,2025-12-28 21:28:15
1007,452,8,2025-12-28 19:14:24,2025-12-28 21:31:24
1008,127,3,2025-12-28 19:12:03,2025-12-28 23:09:03
1009,992,3,2025-12-28 19:12:24,2025-12-28 22:13:24
1010,371,8,2025-12-28 19:12:06,2025-12-28 19:20:06
1011,301,10,2025-12-28 19:12:30,2025-12-28 19:58:30
1012,871,10,2025-12-28 19:13:07,2025-12-28 21:56:07
1013,868,5,2025-12-28 19:14:25,2025-12-28 19:48:25
1014,843,5,2025-12-28 19:14:29,2025-12-28 21:54:29
1015,839,7,2025-12-28 19:11:52,2025-12-28 20:39:52
1016,141,9,2025-12-28 19:12:41,2025-12-28 19:48:41
1017,860,8,2025-12-28 19:12:46,2025-12-28 22:39:46
1018,170,4,2025-12-28 19:13:45,2025-12-28 20:02:45
1019,377,4,2025-12-28 19:12:42,2025-12-28 21:46:42
1020,738,1,2025-12-28 19:12:41,2025-12-28 22:58:41
1021,751,4,2025-12-28 19:13:31,2025-12-28 22:51:31
1022,981,8,2025-12-28 19:13:31,2025-12-28 19:50:31
1023,20,9,2025-12-28 19:12:53,2025-12-28 20:33:53
1024,667,6,2025-12-28 19:14:39,2025-12-28 21:56:39
1025,498,5,2025-12-28 19:13:29,2025-12-28 22:08:29
1026,60,6,2025-12-28 19:13:01,2025-12-28 19:23:01
1027,502,4,2025-12-28 19:13:48,2025-12-28 21:04:48
1028,12,5,2025-12-28 19:12:18,2025-12-28 22:02:18
1029,492,6,2025-12-28 19:13:07,2025-12-28 21:21:07
1030,219,4,2025-12-28 19:11:54,2025-12-28 20:53:54
1031,647,2,2025-12-28 19:12:32,2025-12-28 22:13:32
1032,185,10,2025-12-28 19:11:58,2025-12-28 22:18:58
1033,493,10,2025-12-28 19:12:49,2025-12-28 22:26:49
1034,121,2,2025-12-28 19:12:37,2025-12-28 21:41:37
1035,181,5,2025-12-28 19:13:17,2025-12-28 22:20:17
1036,83,4,2025-12-28 19:13:14,2025-12-28 22:09:14
1037,19,8,2025-12-28 19:12:27,2025-12-28 22:06:27
1038,732,5,2025-12-28 19:13:49,2025-12-28 19:34:49
1039,235,1,2025-12-28 19:12:31,2025-12-28 21:21:31
1040,559,2,2025-12-28 19:13:24,2025-12-28 21:24:24
1041,202,10,2025-12-28 19:14:12,2025-12-28 21:48:12
1042,421,2,2025-12-28 19:14:43,2025-12-28 19:40:43
1043,954,3,2025-12-28 19:13:31,2025-12-28 21:31:31
1044,808,4,2025-12-28 19:14:03,2025-12-28 20:50:03
1045,885,3,2025-12-28 19:14:26,2025-12-28 21:14:26
1046,388,4,2025-12-28 19:14:41,2025-12-28 22:00:41
1047,844,3,2025-12-28 19:14:51,2025-12-28 20:14:51
1048,370,8,2025-12-28 19:13:25,2025-12-28 20:26:25
1049,760,9,2025-12-28 19:13:39,2025-12-28 22:31:39
1050,173,2,2025-12-28 19:13:53,2025-12-28 22:46:53
1051,505,5,2025-12-28 19:13:53,2025-12-28 20:33:53
1052,555,1,2025-12-28 19:13:45,2025-12-28 21:15:45
1053,657,10,2025-12-28 19:14:28,2025-12-28 20:53:28
1054,523,5,2025-12-28 19:13:44,2025-12-28 20:31:44
1055,687,9,2025-12-28 19:14:11,2025-12-28 22:42:11
1056,389,5,2025-12-28 19:12:05,2025-12-28 20:22:05
1057,531,5,2025-12-28 19:11:58,2025-12-28 20:01:58
1058,597,6,2025-12-28 19:12:54,2025-12-28 19:18:54
1059,341,2,2025-12-28 19:13:34,2025-12-28 21:26:34
1060,836,9,2025-12-28 19:12:25,2025-12-28 20:36:25
1061,631,2,2025-12-28 19:13:10,2025-12-28 22:50:10
1062,558,3,2025-12-28 19:13:55,2025-12-28 22:42:55
1063,336,3,2025-12-28 19:13:31,2025-12-28 21:32:31
1064,228,3,2025-12-28 19:13:33,2025-12-28 21:11:33
1065,522,5,2025-12-28 19:12:29,2025-12-28 21:09:29
1066,874,8,2025-12-28 19:12:13,2025-12-28 20:09:13
1067,106,2,2025-12-28 19:12:25,2025-12-28 20:45:25
1068,581,3,2025-12-28 19:14:49,2025-12-28 19:30:49
1069,106,3,2025-12-28 19:12:08,2025-12-28 20:20:08
1070,970,6,2025-12-28 19:13:43,2025-12-28 20:48:43
1071,656,4,2025-12-28 19:13:24,2025-12-28 19:41:24
1072,140,3,2025-12-28 19:14:13,2025-12-28 21:51:13
1073,56,8,2025-12-28 19:11:56,2025-12-28 21:34:56
1074,55,3,2025-12-28 19:12:51,2025-12-28 22:25:51
1075,606,7,2025-12-28 19:14:02,2025-12-28 19:23:02
1076,384,10,2025-12-28 19:14:06,2025-12-28 23:04:06
1077,9,4,2025-12-28 19:14:45,2025-12-28 21:52:45
1078,289,6,2025-12-28 19:12:02,2025-12-28 21:04:02
1079,715,2,2025-12-28 19:12:37,2025-12-28 20:56:37
1080,941,6,2025-12-28 19:11:57,2025-12-28 19:16:57
1081,8,6,2025-12-28 19:13:52,2025-12-28 19:42:52
1082,751,7,2025-12-28 19:13:52,2025-12-28 23:04:52
1083,657,3,2025-12-28 19:14:49,2025-12-28 19:52:49
1084,364,7,2025-12-28 19:12:32,2025-12-28 19:46:32
1085,682,1,2025-12-28 19:13:29,2025-12-28 20:01:29
1086,837,5,2025-12-28 19:13:01,2025-12-28 19:49:01
1087,967,1,2025-12-28 19:14:36,2025-12-28 22:39:36
1088,45,1,2025-12-28 19:13:11,2025-12-28 21:51:11
1089,573,1,2025-12-28 19:13:42,2025-12-28 21:39:42
1090,556,10,2025-12-28 19:14:36,2025-12-28 22:41:36
1091,668,9,2025-12-28 19:12:26,2025-12-28 19:26:26
1092,430,10,2025-12-28 19:12:18,2025-12-28 23:05:18
1093,152,10,2025-12-28 19:14:48,2025-12-28 22:01:48
1094,465,8,2025-12-28 19:12:22,2025-12-28 21:27:22
1095,187,4,2025-12-28 19:11:57,2025-12-28 22:18:57
1096,316,7,2025-12-28 19:13:21,2025-12-28 19:20:21
1097,834,2,2025-12-28 19:12:31,2025-12-28 19:47:31
1098,867,4,2025-12-28 19:13:00,2025-12-28 21:21:00
1099,90,3,2025-12-28 19:14:01,2025-12-28 19:23:01
1100,316,1,2025-12-28 19:14:08,2025-12-28 21:09:08
1101,408,9,2025-12-28 19:12:42,2025-12-28 23:05:42
1102,429,1,2025-12-28 19:14:05,2025-12-28 19:36:05
1103,609,4,2025-12-28 19:13:03,2025-12-28 21:29:03
1104,801,3,2025-12-28 19:14:26,2025-12-28 22:40:26
1105,651,8,2025-12-28 19:11:57,2025-12-28 20:43:57
1106,347,4,2025-12-28 19:14:21,2025-12-28 22:02:21
1107,419,6,2025-12-28 19:12:31,2025-12-28 19:48:31
1108,697,1,2025-12-28 19:13:50,2025-12-28 22:21:50
1109,401,2,2025-12-28 19:14:36,2025-12-28 19:36:36
1110,182,6,2025-12-28 19:13:19,2025-12-28 20:39:19
1111,916,1,2025-12-28 19:13:06,2025-12-28 22:25:06
1112,572,6,2025-12-28 19:12:49,2025-12-28 22:24:49
1113,283,7,2025-12-28 19:13:10,2025-12-28 20:55:10
1114,16,3,2025-12-28 19:13:06,2025-12-28 21:57:06
1115,743,5,2025-12-28 19:13:46,2025-12-28 22:00:46
1116,181,9,2025-12-28 19:13:05,2025-12-28 19:37:05
1117,412,5,2025-12-28 19:14:41,2025-12-28 22:16:41
1118,56,1,2025-12-28 19:12:50,2025-12-28 19:54:50
1119,782,8,2025-12-28 19:14:21,2025-12-28 20:55:21
1120,852,10,2025-12-28 19:12:55,2025-12-28 21:01:55
1121,720,7,2025-12-28 19:12:22,2025-12-28 20:55:22
1122,537,10,2025-12-28 19:13:55,2025-12-28 20:08:55
1123,953,9,2025-12-28 19:12:58,2025-12-28 23:08:58
1124,822,1,2025-12-28 19:12:09,2025-12-28 23:03:09
1125,674,9,2025-12-28 19:14:24,2025-12-28 20:53:24
1126,680,7,2025-12-28 19:14:12,2025-12-28 22:52:12
1127,55,7,2025-12-28 19:14:51,2025-12-28 19:23:51
1128,474,2,2025-12-28 19:14:12,2025-12-28 21:27:12
1129,675,7,2025-12-28 19:11:58,2025-12-28 20:40:58
1130,638,6,2025-12-28 19:12:34,2025-12-28 20:01:34
1131,354,1,2025-12-28 19:12:52,2025-12-28 22:38:52
1132,713,10,2025-12-28 19:12:04,2025-12-28 19:44:04
1133,357,9,2025-12-28 19:12:15,2025-12-28 21:18:15
1134,617,7,2025-12-28 19:12:49,2025-12-28 22:45:49
1135,176,1,2025-12-28 19:12:46,2025-12-28 21:41:46
1136,177,10,2025-12-28 19:13:54,2025-12-28 21:50:54
1137,272,2,2025-12-28 19:11:53,2025-12-28 20:25:53
1138,677,8,2025-12-28 19:12:11,2025-12-28 20:44:11
1139,836,10,2025-12-28 19:11:56,2025-12-28 19:35:56
1140,342,2,2025-12-28 19:13:15,2025-12-28 20:52:15
1141,833,6,2025-12-28 19:12:28,2025-12-28 20:03:28
1142,473,9,2025-12-28 19:12:55,2025-12-28 22:57:55
1143,903,8,2025-12-28 19:14:21,2025-12-28 21:03:21
1144,967,2,2025-12-28 19:14:30,2025-12-28 20:01:30
1145,939,4,2025-12-28 19:13:10,2025-12-28 22:47:10
1146,381,5,2025-12-28 19:13:21,2025-12-28 21:52:21
1147,632,10,2025-12-28 19:12:48,2025-12-28 20:11:48
1148,496,1,2025-12-28 19:12:37,2025-12-28 20:25:37
1149,243,2,2025-12-28 19:13:56,2025-12-28 19:40:56
1150,888,1,2025-12-28 19:11:53,2025-12-28 22:54:53
1151,622,1,2025-12-28 19:14:47,2025-12-28 20:19:47
1152,50,7,2025-12-28 19:13:04,2025-12-28 20:28:04
1153,141,3,2025-12-28 19:12:05,2025-12-28 22:18:05
1154,153,10,2025-12-28 19:14:16,2025-12-28 20:35:16
1155,368,4,2025-12-28 19:12:18,2025-12-28 22:29:18
1156,822,10,2025-12-28 19:13:18,2025-12-28 22:05:18
1157,899,8,2025-12-28 19:13:25,2025-12-28 20:50:25
1158,357,5,2025-12-28 19:12:42,2025-12-28 22:55:42
1159,163,5,2025-12-28 19:14:25,2025-12-28 21:02:25
1160,994,2,2025-12-28 19:14:20,2025-12-28 22:28:20
1161,942,10,2025-12-28 19:12:42,2025-12-28 21:08:42
1162,968,7,2025-12-28 19:12:06,2025-12-28 20:46:06
1163,813,10,2025-12-28 19:14:47,2025-12-28 23:09:47
1164,10,8,2025-12-28 19:14:06,2025-12-28 23:07:06
1165,431,7,2025-12-28 19:13:48,2025-12-28 22:41:48
1166,776,3,2025-12-28 19:14:31,2025-12-28 20:32:31
1167,638,9,2025-12-28 19:14:34,2025-12-28 21:45:34
1168,856,3,2025-12-28 19:14:33,2025-12-28 20:39:33
1169,334,5,2025-12-28 19:13:36,2025-12-28 20:30:36
1170,278,2,2025-12-28 19:13:05,2025-12-28 21:30:05
1171,223,2,2025-12-28 19:12:13,2025-12-28 21:01:13
1172,454,5,2025-12-28 19:12:00,2025-12-28 22:38:00
1173,26,3,2025-12-28 19:14:17,2025-12-28 22:57:17
1174,189,6,2025-12-28 19:12:12,2025-12-28 21:53:12
1175,824,3,2025-12-28 19:12:55,2025-12-28 21:05:55
1176,112,2,2025-12-28 19:12:30,2025-12-28 20:43:30
1177,56,7,2025-12-28 19:14:07,2025-12-28 21:42:07
1178,708,3,2025-12-28 19:13:17,2025-12-28 23:02:17
1179,564,7,2025-12-28 19:14:07,2025-12-28 20:10:07
1180,625,2,2025-12-28 19:12:05,2025-12-28 20:34:05
1181,647,1,2025-12-28 19:14:34,2025-12-28 19:20:34
1182,273,5,2025-12-28 19:12:37,2025-12-28 22:24:37
1183,928,1,2025-12-28 19:13:48,2025-12-28 20:32:48
1184,62,6,2025-12-28 19:12:41,2025-12-28 20:12:41
1185,587,1,2025-12-28 19:12:42,2025-12-28 21:19:42
1186,233,4,2025-12-28 19:14:37,2025-12-28 19:30:37
1187,839,9,2025-12-28 19:12:17,2025-12-28 20:30:17
1188,657,5,2025-12-28 19:12:15,2025-12-28 20:31:15
1189,288,4,2025-12-28 19:13:51,2025-12-28 21:15:51
1190,402,3,2025-12-28 19:11:57,2025-12-28 21:45:57
1191,241,7,2025-12-28 19:11:56,2025-12-28 20:25:56
1192,468,8,2025-12-28 19:12:11,2025-12-28 21:52:11
1193,453,2,2025-12-28 19:14:03,2025-12-28 22:06:03
1194,741,5,2025-12-28 19:12:35,2025-12-28 20:33:35
1195,179,7,2025-12-28 19:12:03,2025-12-28 22:15:03
1196,915,7,2025-12-28 19:12:00,2025-12-28 19:21:00
1197,516,4,2025-12-28 19:11:52,2025-12-28 23:05:52
1198,887,4,2025-12-28 19:12:13,2025-12-28 20:42:13
1199,299,3,2025-12-28 19:13:29,2025-12-28 21:59:29
1200,348,8,2025-12-28 19:14:36,2025-12-28 23:05:36
1201,181,3,2025-12-28 19:11:51,2025-12-28 22:26:51
1202,180,8,2025-12-28 19:12:45,2025-12-28 20:31:45
1203,433,5,2025-12-28 19:13:09,2025-12-28 21:56:09
1204,76,3,2025-12-28 19:12:03,2025-12-28 22:05:03
1205,396,1,2025-12-28 19:13:43,2025-12-28 22:33:43
1206,685,3,2025-12-28 19:12:45,2025-12-28 22:05:45
1207,385,6,2025-12-28 19:14:45,2025-12-28 21:04:45
1208,908,5,2025-12-28 19:13:18,2025-12-28 19:28:18
1209,769,2,2025-12-28 19:11:55,2025-12-28 21:58:55
1210,861,4,2025-12-28 19:14:34,2025-12-28 22:20:34
1211,887,9,2025-12-28 19:12:00,2025-12-28 23:09:00
1212,533,9,2025-12-28 19:12:27,2025-12-28 22:21:27
1213,364,4,2025-12-28 19:11:56,2025-12-28 21:24:56
1214,811,4,2025-12-28 19:14:17,2025-12-28 22:10:17
1215,354,8,2025-12-28 19:13:04,2025-12-28 19:24:04
1216,993,3,2025-12-28 19:14:11,2025-12-28 21:57:11
1217,525,7,2025-12-28 19:13:56,2025-12-28 20:49:56
1218,300,1,2025-12-28 19:14:30,2025-12-28 19:53:30
1219,896,5,2025-12-28 19:12:57,2025-12-28 21:52:57
1220,463,2,2025-12-28 19:12:13,2025-12-28 20:56:13
1221,628,2,2025-12-28 19:13:43,2025-12-28 19:30:43
1222,166,3,2025-12-28 19:13:25,2025-12-28 21:49:25
1223,173,2,2025-12-28 19:12:38,2025-12-28 21:54:38
1224,388,4,2025-12-28 19:12:19,2025-12-28 23:10:19
1225,351,7,2025-12-28 19:13:11,2025-12-28 20:15:11
1226,41,1,2025-12-28 19:13:12,2025-12-28 21:38:12
1227,42,6,2025-12-28 19:12:09,2025-12-28 20:45:09
1228,556,9,2025-12-28 19:12:34,2025-12-28 20:09:34
1229,995,8,2025-12-28 19:12:37,2025-12-28 20:48:37
1230,890,5,2025-12-28 19:14:14,2025-12-28 21:27:14
1231,302,4,2025-12-28 19:12:44,2025-12-28 22:28:44
1232,933,1,2025-12-28 19:14:08,2025-12-28 19:38:08
1233,811,10,2025-12-28 19:12:35,2025-12-28 19:52:35
1234,983,4,2025-12-28 19:14:35,2025-12-28 21:01:35
1235,520,8,2025-12-28 19:13:04,2025-12-28 21:24:04
1236,501,6,2025-12-28 19:14:19,2025-12-28 22:30:19
1237,661,3,2025-12-28 19:12:10,2025-12-28 21:42:10
1238,549,2,2025-12-28 19:12:30,2025-12-28 20:31:30
1239,114,10,2025-12-28 19:12:47,2025-12-28 19:44:47
1240,435,7,2025-12-28 19:12:36,2025-12-28 23:08:36
1241,30,8,2025-12-28 19:13:43,2025-12-28 20:25:43
1242,125,3,2025-12-28 19:14:13,2025-12-28 23:09:13
1243,616,9,2025-12-28 19:12:26,2025-12-28 19:37:26
1244,745,2,2025-12-28 19:12:36,2025-12-28 21:39:36
1245,56,7,2025-12-28 19:13:09,2025-12-28 21:11:09
1246,965,8,2025-12-28 19:13:11,2025-12-28 23:12:11
1247,239,7,2025-12-28 19:13:44,2025-12-28 23:12:44
1248,566,2,2025-12-28 19:12:48,2025-12-28 20:49:48
1249,941,6,2025-12-28 19:13:42,2025-12-28 22:47:42
1250,20,5,2025-12-28 19:14:46,2025-12-28 22:11:46
1251,775,10,2025-12-28 19:13:52,2025-12-28 22:12:52
1252,612,2,2025-12-28 19:13:54,2025-12-28 19:38:54
1253,382,1,2025-12-28 19:13:41,2025-12-28 19:35:41
1254,192,8,2025-12-28 19:12:02,2025-12-28 22:07:02
1255,75,9,2025-12-28 19:13:41,2025-12-28 22:22:41
1256,804,1,2025-12-28 19:13:09,2025-12-28 22:29:09
1257,516,8,2025-12-28 19:14:08,2025-12-28 22:26:08
1258,537,4,2025-12-28 19:12:32,2025-12-28 22:34:32
1259,677,4,2025-12-28 19:14:08,2025-12-28 23:06:08
1260,119,4,2025-12-28 19:13:46,2025-12-28 19:37:46
1261,354,3,2025-12-28 19:12:00,2025-12-28 21:00:00
1262,859,9,2025-12-28 19:12:15,2025-12-28 21:32:15
1263,790,5,2025-12-28 19:12:39,2025-12-28 22:37:39
1264,170,2,2025-12-28 19:13:52,2025-12-28 19:37:52
1265,937,4,2025-12-28 19:13:30,2025-12-28 19:32:30
1266,87,2,2025-12-28 19:13:31,2025-12-28 20:48:31
1267,421,9,2025-12-28 19:14:26,2025-12-28 22:18:26
1268,304,9,2025-12-28 19:13:37,2025-12-28 22:59:37
1269,509,6,2025-12-28 19:13:41,2025-12-28 21:13:41
1270,409,7,2025-12-28 19:14:13,2025-12-28 19:44:13
1271,543,6,2025-12-28 19:14:27,2025-12-28 21:35:27
1272,777,8,2025-12-28 19:12:59,2025-12-28 23:00:59
1273,169,7,2025-12-28 19:12:04,2025-12-28 22:58:04
1274,743,4,2025-12-28 19:13:51,2025-12-28 20:34:51
1275,421,1,2025-12-28 19:14:24,2025-12-28 20:56:24
1276,371,2,2025-12-28 19:13:14,2025-12-28 22:51:14
1277,813,4,2025-12-28 19:14:48,2025-12-28 20:18:48
1278,735,4,2025-12-28 19:12:23,2025-12-28 19:42:23
1279,855,4,2025-12-28 19:13:39,2025-12-28 22:04:39
1280,391,2,2025-12-28 19:12:47,2025-12-28 19:44:47
1281,606,7,2025-12-28 19:12:36,2025-12-28 20:40:36
1282,43,5,2025-12-28 19:14:08,2025-12-28 21:15:08
1283,525,10,2025-12-28 19:14:40,2025-12-28 22:14:40
1284,928,5,2025-12-28 19:12:01,2025-12-28 20:36:01
1285,286,9,2025-12-28 19:13:24,2025-12-28 20:47:24
1286,919,2,2025-12-28 19:14:32,2025-12-28 21:27:32
1287,913,8,2025-12-28 19:14:14,2025-12-28 21:22:14
1288,680,5,2025-12-28 19:11:52,2025-12-28 21:30:52
1289,77,8,2025-12-28 19:12:20,2025-12-28 20:23:20
1290,78,6,2025-12-28 19:12:40,2025-12-28 20:50:40
1291,453,5,2025-12-28 19:13:24,2025-12-28 21:37:24
1292,69,1,2025-12-28 19:12:00,2025-12-28 20:27:00
1293,541,9,2025-12-28 19:13:53,2025-12-28 21:40:53
1294,40,2,2025-12-28 19:14:30,2025-12-28 19:37:30
1295,353,5,2025-12-28 19:12:51,2025-12-28 23:02:51
1296,510,9,2025-12-28 19:14:02,2025-12-28 21:27:02
1297,887,9,2025-12-28 19:13:42,2025-12-28 19:25:42
1298,689,2,2025-12-28 19:14:14,2025-12-28 23:09:14
1299,986,2,2025-12-28 19:14:02,2025-12-28 23:04:02
1300,473,1,2025-12-28 19:12:29,2025-12-28 20:17:29
1301,485,8,2025-12-28 19:11:54,2025-12-28 21:23:54
1302,450,10,2025-12-28 19:14:16,2025-12-28 19:52:16
1303,121,1,2025-12-28 19:12:51,2025-12-28 20:28:51
1304,974,8,2025-12-28 19:13:07,2025-12-28 22:21:07
1305,186,8,2025-12-28 19:14:34,2025-12-28 20:06:34
1306,313,7,2025-12-28 19:12:51,2025-12-28 22:38:51
1307,849,7,2025-12-28 19:12:34,2025-12-28 22:44:34
1308,194,8,2025-12-28 19:13:03,2025-12-28 23:07:03
1309,933,9,2025-12-28 19:13:59,2025-12-28 21:10:59
1310,713,5,2025-12-28 19:13:11,2025-12-28 22:52:11
1311,490,9,2025-12-28 19:11:53,2025-12-28 22:42:53
1312,235,7,2025-12-28 19:12:16,2025-12-28 19:31:16
1313,510,6,2025-12-28 19:12:37,2025-12-28 19:55:37
1314,780,5,2025-12-28 19:12:16,2025-12-28 20:46:16
1315,59,5,2025-12-28 19:13:21,2025-12-28 22:54:21
1316,763,4,2025-12-28 19:12:51,2025-12-28 20:55:51
1317,680,4,2025-12-28 19:14:28,2025-12-28 19:39:28
1318,424,1,2025-12-28 19:13:32,2025-12-28 22:20:32
1319,717,1,2025-12-28 19:14:32,2025-12-28 20:47:32
1320,151,3,2025-12-28 19:14:10,2025-12-28 20:45:10
1321,112,1,2025-12-28 19:12:34,2025-12-28 22:13:34
1322,295,7,2025-12-28 19:12:21,2025-12-28 22:52:21
1323,101,1,2025-12-28 19:11:58,2025-12-28 20:24:58
1324,560,3,2025-12-28 19:14:17,2025-12-28 22:06:17
1325,735,8,2025-12-28 19:12:27,2025-12-28 19:44:27
1326,908,9,2025-12-28 19:12:20,2025-12-28 20:37:20
1327,73,4,2025-12-28 19:12:15,2025-12-28 19:53:15
1328,691,3,2025-12-28 19:14:20,2025-12-28 20:45:20
1329,60,10,2025-12-28 19:12:19,2025-12-28 20:30:19
1330,616,7,2025-12-28 19:13:13,2025-12-28 20:21:13
1331,51,6,2025-12-28 19:12:46,2025-12-28 20:40:46
1332,158,4,2025-12-28 19:11:58,2025-12-28 21:29:58
1333,562,5,2025-12-28 19:14:06,2025-12-28 22:05:06
1334,412,7,2025-12-28 19:14:04,2025-12-28 20:01:04
1335,488,9,2025-12-28 19:12:49,2025-12-28 19:40:49
1336,789,4,2025-12-28 19:13:07,2025-12-28 19:43:07
1337,461,5,2025-12-28 19:12:09,2025-12-28 22:38:09
1338,205,6,2025-12-28 19:12:47,2025-12-28 23:03:47
1339,178,8,2025-12-28 19:13:56,2025-12-28 21:02:56
1340,510,10,2025-12-28 19:14:28,2025-12-28 19:51:28
1341,186,7,2025-12-28 19:14:30,2025-12-28 21:18:30
1342,842,10,2025-12-28 19:13:27,2025-12-28 21:03:27
1343,231,3,2025-12-28 19:14:20,2025-12-28 19:35:20
1344,262,5,2025-12-28 19:13:48,2025-12-28 19:44:48
1345,291,7,2025-12-28 19:13:20,2025-12-28 21:45:20
1346,112,1,2025-12-28 19:13:20,2025-12-28 21:52:20
1347,518,7,2025-12-28 19:11:55,2025-12-28 19:27:55
1348,313,10,2025-12-28 19:13:36,2025-12-28 21:40:36
1349,746,3,2025-12-28 19:13:26,2025-12-28 20:01:26
1350,622,5,2025-12-28 19:14:34,2025-12-28 20:15:34
1351,873,2,2025-12-28 19:14:29,2025-12-28 21:59:29
1352,295,4,2025-12-28 19:13:40,2025-12-28 20:41:40
1353,195,1,2025-12-28 19:13:03,2025-12-28 22:39:03
1354,465,5,2025-12-28 19:14:28,2025-12-28 22:58:28
1355,133,3,2025-12-28 19:14:12,2025-12-28 20:21:12
1356,177,7,2025-12-28 19:13:36,2025-12-28 21:52:36
1357,222,7,2025-12-28 19:13:43,2025-12-28 20:15:43
1358,307,9,2025-12-28 19:14:31,2025-12-28 20:38:31
1359,946,5,2025-12-28 19:11:51,2025-12-28 20:42:51
1360,33,9,2025-12-28 19:14:47,2025-12-28 19:20:47
1361,308,8,2025-12-28 19:12:10,2025-12-28 19:17:10
1362,162,5,2025-12-28 19:12:40,2025-12-28 21:18:40
1363,439,10,2025-12-28 19:12:44,2025-12-28 22:16:44
1364,140,1,2025-12-28 19:12:47,2025-12-28 19:37:47
1365,210,10,2025-12-28 19:12:22,2025-12-28 21:56:22
1366,311,5,2025-12-28 19:14:27,2025-12-28 22:33:27
1367,926,2,2025-12-28 19:11:54,2025-12-28 19:27:54
1368,205,8,2025-12-28 19:12:07,2025-12-28 19:43:07
1369,434,3,2025-12-28 19:13:15,2025-12-28 21:13:15
1370,132,7,2025-12-28 19:14:38,2025-12-28 20:36:38
1371,304,9,2025-12-28 19:13:57,2025-12-28 19:39:57
1372,202,1,2025-12-28 19:13:03,2025-12-28 21:00:03
1373,96,3,2025-12-28 19:14:00,2025-12-28 19:39:00
1374,242,6,2025-12-28 19:14:22,2025-12-28 21:07:22
1375,909,4,2025-12-28 19:12:42,2025-12-28 22:12:42
1376,382,8,2025-12-28 19:13:21,2025-12-28 19:54:21
1377,486,6,2025-12-28 19:11:51,2025-12-28 22:48:51
1378,196,10,2025-12-28 19:12:04,2025-12-28 22:22:04
1379,156,6,2025-12-28 19:13:11,2025-12-28 22:26:11
1380,145,8,2025-12-28 19:13:49,2025-12-28 21:14:49
1381,84,4,2025-12-28 19:12:15,2025-12-28 22:06:15
1382,808,6,2025-12-28 19:14:13,2025-12-28 22:23:13
1383,542,7,2025-12-28 19:12:56,2025-12-28 21:24:56
1384,396,10,2025-12-28 19:12:44,2025-12-28 21:24:44
1385,151,9,2025-12-28 19:13:41,2025-12-28 21:56:41
1386,269,8,2025-12-28 19:13:34,2025-12-28 19:28:34
1387,224,5,2025-12-28 19:14:27,2025-12-28 21:55:27
1388,336,1,2025-12-28 19:12:40,2025-12-28 22:35:40
1389,938,8,2025-12-28 19:11:54,2025-12-28 22:53:54
1390,180,6,2025-12-28 19:14:22,2025-12-28 19:21:22
1391,724,3,2025-12-28 19:14:32,2025-12-28 19:42:32
1392,783,8,2025-12-28 19:12:26,2025-12-28 21:01:26
1393,173,2,2025-12-28 19:13:07,2025-12-28 22:36:07
1394,986,4,2025-12-28 19:13:26,2025-12-28 19:20:26
1395,267,8,2025-12-28 19:14:00,2025-12-28 22:37:00
1396,861,5,2025-12-28 19:14:36,2025-12-28 22:08:36
1397,700,9,2025-12-28 19:12:55,2025-12-28 22:18:55
1398,9,3,2025-12-28 19:13:54,2025-12-28 20:00:54
1399,533,9,2025-12-28 19:13:13,2025-12-28 20:58:13
1400,211,9,2025-12-28 19:11:58,2025-12-28 23:10:58
1401,302,8,2025-12-28 19:13:45,2025-12-28 21:46:45
1402,458,1,2025-12-28 19:14:15,2025-12-28 19:37:15
1403,381,4,2025-12-28 19:11:57,2025-12-28 21:26:57
1404,443,6,2025-12-28 19:12:03,2025-12-28 20:44:03
1405,991,1,2025-12-28 19:14:16,2025-12-28 20:24:16
1406,827,8,2025-12-28 19:12:04,2025-12-28 21:02:04
1407,716,2,2025-12-28 19:12:03,2025-12-28 22:02:03
1408,992,5,2025-12-28 19:14:15,2025-12-28 19:34:15
1409,348,2,2025-12-28 19:12:05,2025-12-28 19:29:05
1410,733,6,2025-12-28 19:12:33,2025-12-28 22:34:33
1411,474,8,2025-12-28 19:12:58,2025-12-28 22:45:58
1412,355,3,2025-12-28 19:12:20,2025-12-28 21:14:20
1413,731,10,2025-12-28 19:13:55,2025-12-28 22:09:55
1414,624,3,2025-12-28 19:13:25,2025-12-28 20:10:25
1415,354,7,2025-12-28 19:12:52,2025-12-28 21:32:52
1416,312,4,2025-12-28 19:14:14,2025-12-28 22:40:14
1417,946,3,2025-12-28 19:12:19,2025-12-28 22:43:19
1418,580,4,2025-12-28 19:12:53,2025-12-28 20:16:53
1419,57,10,2025-12-28 19:12:35,2025-12-28 22:31:35
1420,16,7,2025-12-28 19:12:52,2025-12-28 20:50:52
1421,726,7,2025-12-28 19:12:25,2025-12-28 20:27:25
1422,57,10,2025-12-28 19:13:34,2025-12-28 19:49:34
1423,934,7,2025-12-28 19:13:14,2025-12-28 19:49:14
1424,388,10,2025-12-28 19:13:01,2025-12-28 19:44:01
1425,168,8,2025-12-28 19:14:27,2025-12-28 21:10:27
1426,385,6,2025-12-28 19:14:50,2025-12-28 21:18:50
1427,563,10,2025-12-28 19:13:04,2025-12-28 19:39:04
1428,660,8,2025-12-28 19:13:29,2025-12-28 19:41:29
1429,244,8,2025-12-28 19:14:06,2025-12-28 19:45:06
1430,552,8,2025-12-28 19:12:24,2025-12-28 19:20:24
1431,329,1,2025-12-28 19:13:13,2025-12-28 22:29:13
1432,314,9,2025-12-28 19:14:41,2025-12-28 19:20:41
1433,676,7,2025-12-28 19:13:03,2025-12-28 19:29:03
1434,613,5,2025-12-28 19:14:16,2025-12-28 22:05:16
1435,553,5,2025-12-28 19:11:52,2025-12-28 20:04:52
1436,390,10,2025-12-28 19:13:28,2025-12-28 22:25:28
1437,817,10,2025-12-28 19:13:54,2025-12-28 21:30:54
1438,111,4,2025-12-28 19:12:55,2025-12-28 22:52:55
1439,142,5,2025-12-28 19:12:25,2025-12-28 23:05:25
1440,658,6,2025-12-28 19:14:45,2025-12-28 22:47:45
1441,368,6,2025-12-28 19:12:45,2025-12-28 20:45:45
1442,379,7,2025-12-28 19:14:28,2025-12-28 22:15:28
1443,371,4,2025-12-28 19:14:16,2025-12-28 21:59:16
1444,207,9,2025-12-28 19:14:33,2025-12-28 21:42:33
1445,611,6,2025-12-28 19:14:09,2025-12-28 20:05:09
1446,31,2,2025-12-28 19:13:00,2025-12-28 21:56:00
1447,10,3,2025-12-28 19:14:21,2025-12-28 22:39:21
1448,260,2,2025-12-28 19:12:27,2025-12-28 21:21:27
1449,961,3,2025-12-28 19:13:55,2025-12-28 22:52:55
1450,792,3,2025-12-28 19:12:48,2025-12-28 22:45:48
1451,414,2,2025-12-28 19:11:52,2025-12-28 19:39:52
1452,80,6,2025-12-28 19:12:32,2025-12-28 21:24:32
1453,542,6,2025-12-28 19:13:18,2025-12-28 20:18:18
1454,709,2,2025-12-28 19:13:50,2025-12-28 21:26:50
1455,226,6,2025-12-28 19:12:41,2025-12-28 19:41:41
1456,423,7,2025-12-28 19:13:48,2025-12-28 19:55:48
1457,917,3,2025-12-28 19:13:13,2025-12-28 20:56:13
1458,572,3,2025-12-28 19:11:57,2025-12-28 21:14:57
1459,217,7,2025-12-28 19:12:47,2025-12-28 22:51:47
1460,176,1,2025-12-28 19:13:10,2025-12-28 22:31:10
1461,144,9,2025-12-28 19:13:52,2025-12-28 22:07:52
1462,872,9,2025-12-28 19:14:43,2025-12-28 21:58:43
1463,317,6,2025-12-28 19:13:04,2025-12-28 19:30:04
1464,62,6,2025-12-28 19:13:12,2025-12-28 22:34:12
1465,404,7,2025-12-28 19:12:06,2025-12-28 22:38:06
1466,20,3,2025-12-28 19:13:05,2025-12-28 23:02:05
1467,632,9,2025-12-28 19:12:42,2025-12-28 22:44:42
1468,543,3,2025-12-28 19:12:34,2025-12-28 21:41:34
1469,29,8,2025-12-28 19:14:12,2025-12-28 19:52:12
1470,888,8,2025-12-28 19:13:51,2025-12-28 22:53:51
1471,790,1,2025-12-28 19:12:25,2025-12-28 23:11:25
1472,541,8,2025-12-28 19:14:29,2025-12-28 20:33:29
1473,966,1,2025-12-28 19:12:29,2025-12-28 19:28:29
1474,313,2,2025-12-28 19:12:25,2025-12-28 22:35:25
1475,227,8,2025-12-28 19:14:30,2025-12-28 20:55:30
1476,434,4,2025-12-28 19:12:56,2025-12-28 20:10:56
1477,246,1,2025-12-28 19:14:48,2025-12-28 22:20:48
1478,580,10,2025-12-28 19:11:55,2025-12-28 21:17:55
1479,618,3,2025-12-28 19:14:39,2025-12-28 20:41:39
1480,252,4,2025-12-28 19:14:02,2025-12-28 19:35:02
1481,13,5,2025-12-28 19:14:26,2025-12-28 23:02:26
1482,767,6,2025-12-28 19:12:38,2025-12-28 21:56:38
1483,771,5,2025-12-28 19:12:25,2025-12-28 20:26:25
1484,650,8,2025-12-28 19:14:51,2025-12-28 19:38:51
1485,18,7,2025-12-28 19:12:41,2025-12-28 22:06:41
1486,953,10,2025-12-28 19:13:25,2025-12-28 20:17:25
1487,344,4,2025-12-28 19:14:03,2025-12-28 20:20:03
1488,728,8,2025-12-28 19:12:46,2025-12-28 22:31:46
1489,972,9,2025-12-28 19:14:48,2025-12-28 22:03:48
1490,239,5,2025-12-28 19:12:54,2025-12-28 20:56:54
1491,262,6,2025-12-28 19:13:34,2025-12-28 20:12:34
1492,200,2,2025-12-28 19:14:32,2025-12-28 19:41:32
1493,448,4,2025-12-28 19:13:49,2025-12-28 20:02:49
1494,851,2,2025-12-28 19:12:08,2025-12-28 21:47:08
1495,515,2,2025-12-28 19:12:59,2025-12-28 21:27:59
1496,902,6,2025-12-28 19:13:25,2025-12-28 21:06:25
1497,973,3,2025-12-28 19:14:04,2025-12-28 20:24:04
1498,333,2,2025-12-28 19:13:21,2025-12-28 23:01:21
1499,900,5,2025-12-28 19:12:32,2025-12-28 20:47:32
1500,116,2,2025-12-28 19:12:25,2025-12-28 23:09:25
1501,569,9,2025-12-28 19:13:21,2025-12-28 21:23:21
1502,26,2,2025-12-28 19:14:50,2025-12-28 21:39:50
1503,884,6,2025-12-28 19:13:26,2025-12-28 19:31:26
1504,737,2,2025-12-28 19:13:49,2025-12-28 19:34:49
1505,987,3,2025-12-28 19:12:36,2025-12-28 21:38:36
1506,419,7,2025-12-28 19:11:57,2025-12-28 20:30:57
1507,511,6,2025-12-28 19:13:41,2025-12-28 21:21:41
1508,389,9,2025-12-28 19:12:54,2025-12-28 21:32:54
1509,980,2,2025-12-28 19:12:11,2025-12-28 20:44:11
1510,613,4,2025-12-28 19:14:38,2025-12-28 20:45:38
1511,6,9,2025-12-28 19:12:04,2025-12-28 20:44:04
1512,333,3,2025-12-28 19:13:14,2025-12-28 21:12:14
1513,552,3,2025-12-28 19:12:10,2025-12-28 21:21:10
1514,289,3,2025-12-28 19:14:25,2025-12-28 19:51:25
1515,88,1,2025-12-28 19:14:45,2025-12-28 19:33:45
1516,727,1,2025-12-28 19:12:47,2025-12-28 21:27:47
1517,199,7,2025-12-28 19:14:20,2025-12-28 22:36:20
1518,423,3,2025-12-28 19:13:43,2025-12-28 20:00:43
1519,157,5,2025-12-28 19:13:26,2025-12-28 22:39:26
1520,152,5,2025-12-28 19:14:06,2025-12-28 22:32:06
1521,719,5,2025-12-28 19:12:03,2025-12-28 20:01:03
1522,185,9,2025-12-28 19:14:21,2025-12-28 21:59:21
1523,491,10,2025-12-28 19:14:00,2025-12-28 21:30:00
1524,162,1,2025-12-28 19:13:36,2025-12-28 20:34:36
1525,440,1,2025-12-28 19:11:56,2025-12-28 22:52:56
1526,175,7,2025-12-28 19:13:38,2025-12-28 19:36:38
1527,534,10,2025-12-28 19:12:47,2025-12-28 20:55:47
1528,264,6,2025-12-28 19:11:58,2025-12-28 22:59:58
1529,437,9,2025-12-28 19:12:12,2025-12-28 21:10:12
1530,60,4,2025-12-28 19:14:16,2025-12-28 20:50:16
1531,337,7,2025-12-28 19:12:01,2025-12-28 22:40:01
1532,230,8,2025-12-28 19:11:57,2025-12-28 20:58:57
1533,195,4,2025-12-28 19:12:32,2025-12-28 20:57:32
1534,928,5,2025-12-28 19:12:12,2025-12-28 20:36:12
1535,900,9,2025-12-28 19:13:51,2025-12-28 23:12:51
1536,346,1,2025-12-28 19:11:52,2025-12-28 20:57:52
1537,116,9,2025-12-28 19:13:51,2025-12-28 19:27:51
1538,822,2,2025-12-28 19:12:36,2025-12-28 20:09:36
1539,669,7,2025-12-28 19:11:57,2025-12-28 20:38:57
1540,467,5,2025-12-28 19:13:25,2025-12-28 22:55:25
1541,16,6,2025-12-28 19:12:13,2025-12-28 20:08:13
1542,174,8,2025-12-28 19:14:43,2025-12-28 22:59:43
1543,470,5,2025-12-28 19:14:29,2025-12-28 22:37:29
1544,865,1,2025-12-28 19:14:33,2025-12-28 22:01:33
1545,673,3,2025-12-28 19:13:05,2025-12-28 19:48:05
1546,200,5,2025-12-28 19:14:24,2025-12-28 23:01:24
1547,169,1,2025-12-28 19:12:19,2025-12-28 19:57:19
1548,443,6,2025-12-28 19:14:36,2025-12-28 22:29:36
1549,917,4,2025-12-28 19:11:53,2025-12-28 19:40:53
1550,622,1,2025-12-28 19:13:49,2025-12-28 19:55:49
1551,478,4,2025-12-28 19:14:47,2025-12-28 22:38:47
1552,780,3,2025-12-28 19:11:55,2025-12-28 22:09:55
1553,325,9,2025-12-28 19:12:45,2025-12-28 23:08:45
1554,805,10,2025-12-28 19:13:11,2025-12-28 23:04:11
1555,491,2,2025-12-28 19:14:42,2025-12-28 22:19:42
1556,46,8,2025-12-28 19:12:59,2025-12-28 22:30:59
1557,42,5,2025-12-28 19:13:23,2025-12-28 21:33:23
1558,107,10,2025-12-28 19:12:36,2025-12-28 19:49:36
1559,853,4,2025-12-28 19:13:28,2025-12-28 21:31:28
1560,182,6,2025-12-28 19:14:05,2025-12-28 20:12:05
1561,659,3,2025-12-28 19:12:41,2025-12-28 23:11:41
1562,663,1,2025-12-28 19:14:18,2025-12-28 22:39:18
1563,826,7,2025-12-28 19:13:00,2025-12-28 20:15:00
1564,928,6,2025-12-28 19:14:08,2025-12-28 21:03:08
1565,240,4,2025-12-28 19:13:43,2025-12-28 20:11:43
1566,425,10,2025-12-28 19:12:02,2025-12-28 22:32:02
1567,151,6,2025-12-28 19:12:14,2025-12-28 21:31:14
1568,796,7,2025-12-28 19:13:58,2025-12-28 22:41:58
1569,239,3,2025-12-28 19:11:56,2025-12-28 22:27:56
1570,708,3,2025-12-28 19:14:39,2025-12-28 20:39:39
1571,263,3,2025-12-28 19:13:25,2025-12-28 20:02:25
1572,646,3,2025-12-28 19:11:55,2025-12-28 19:47:55
1573,173,2,2025-12-28 19:13:41,2025-12-28 20:34:41
1574,643,9,2025-12-28 19:12:42,2025-12-28 21:56:42
1575,18,5,2025-12-28 19:14:06,2025-12-28 21:38:06
1576,604,8,2025-12-28 19:13:56,2025-12-28 19:59:56
1577,724,3,2025-12-28 19:13:36,2025-12-28 21:24:36
1578,901,5,2025-12-28 19:12:21,2025-12-28 21:06:21
1579,331,5,2025-12-28 19:12:13,2025-12-28 22:08:13
1580,667,6,2025-12-28 19:13:12,2025-12-28 20:36:12
1581,351,1,2025-12-28 19:12:27,2025-12-28 20:19:27
1582,442,6,2025-12-28 19:13:29,2025-12-28 20:34:29
1583,411,7,2025-12-28 19:12:17,2025-12-28 21:51:17
1584,411,5,2025-12-28 19:13:59,2025-12-28 19:48:59
1585,959,5,2025-12-28 19:12:28,2025-12-28 20:42:28
1586,652,8,2025-12-28 19:13:36,2025-12-28 19:44:36
1587,888,6,2025-12-28 19:13:48,2025-12-28 21:33:48
1588,225,4,2025-12-28 19:11:52,2025-12-28 22:47:52
1589,212,5,2025-12-28 19:14:37,2025-12-28 22:02:37
1590,275,5,2025-12-28 19:11:52,2025-12-28 21:36:52
1591,348,1,2025-12-28 19:14:32,2025-12-28 21:09:32
1592,437,2,2025-12-28 19:14:25,2025-12-28 19:46:25
1593,765,1,2025-12-28 19:14:24,2025-12-28 20:02:24
1594,587,6,2025-12-28 19:13:06,2025-12-28 23:06:06
1595,29,3,2025-12-28 19:14:26,2025-12-28 22:27:26
1596,759,5,2025-12-28 19:11:51,2025-12-28 20:38:51
1597,888,4,2025-12-28 19:12:39,2025-12-28 23:09:39
1598,550,10,2025-12-28 19:12:44,2025-12-28 22:59:44
1599,431,10,2025-12-28 19:13:02,2025-12-28 19:45:02
1600,90,1,2025-12-28 19:13:48,2025-12-28 20:47:48
1601,778,4,2025-12-28 19:13:01,2025-12-28 22:39:01
1602,573,1,2025-12-28 19:14:17,2025-12-28 21:17:17
1603,348,1,2025-12-28 19:14:28,2025-12-28 19:20:28
1604,749,10,2025-12-28 19:14:37,2025-12-28 19:19:37
1605,567,8,2025-12-28 19:12:21,2025-12-28 22:38:21
1606,149,10,2025-12-28 19:12:38,2025-12-28 20:29:38
1607,131,7,2025-12-28 19:13:41,2025-12-28 20:43:41
1608,304,4,2025-12-28 19:13:58,2025-12-28 21:18:58
1609,399,7,2025-12-28 19:14:26,2025-12-28 23:14:26
1610,623,6,2025-12-28 19:12:51,2025-12-28 19:18:51
1611,301,10,2025-12-28 19:12:55,2025-12-28 22:51:55
1612,957,9,2025-12-28 19:11:59,2025-12-28 21:38:59
1613,709,6,2025-12-28 19:14:25,2025-12-28 19:44:25
1614,208,8,2025-12-28 19:14:32,2025-12-28 20:48:32
1615,956,6,2025-12-28 19:14:32,2025-12-28 20:14:32
1616,643,4,2025-12-28 19:13:28,2025-12-28 21:07:28
1617,861,1,2025-12-28 19:13:45,2025-12-28 20:26:45
1618,780,10,2025-12-28 19:12:13,2025-12-28 21:48:13
1619,669,6,2025-12-28 19:12:35,2025-12-28 22:25:35
1620,941,6,2025-12-28 19:13:55,2025-12-28 23:01:55
1621,865,2,2025-12-28 19:12:32,2025-12-28 21:00:32
1622,843,4,2025-12-28 19:14:42,2025-12-28 21:51:42
1623,311,10,2025-12-28 19:12:42,2025-12-28 21:27:42
1624,865,7,2025-12-28 19:14:26,2025-12-28 22:06:26
1625,929,3,2025-12-28 19:12:07,2025-12-28 20:12:07
1626,824,1,2025-12-28 19:12:49,2025-12-28 19:40:49
1627,21,6,2025-12-28 19:14:45,2025-12-28 23:02:45
1628,713,1,2025-12-28 19:13:17,2025-12-28 20:58:17
1629,395,6,2025-12-28 19:13:55,2025-12-28 22:36:55
1630,582,3,2025-12-28 19:12:18,2025-12-28 22:44:18
1631,562,8,2025-12-28 19:12:26,2025-12-28 22:27:26
1632,814,9,2025-12-28 19:12:20,2025-12-28 20:24:20
1633,2,2,2025-12-28 19:14:29,2025-12-28 19:47:29
1634,289,4,2025-12-28 19:12:06,2025-12-28 22:56:06
1635,891,9,2025-12-28 19:12:43,2025-12-28 21:20:43
1636,922,10,2025-12-28 19:12:11,2025-12-28 21:14:11
1637,958,1,2025-12-28 19:14:47,2025-12-28 19:36:47
1638,555,9,2025-12-28 19:14:48,2025-12-28 21:06:48
1639,673,1,2025-12-28 19:14:10,2025-12-28 21:22:10
1640,346,9,2025-12-28 19:13:42,2025-12-28 21:22:42
1641,81,10,2025-12-28 19:12:02,2025-12-28 20:09:02
1642,801,1,2025-12-28 19:12:00,2025-12-28 20:37:00
1643,434,9,2025-12-28 19:14:08,2025-12-28 19:33:08
1644,228,3,2025-12-28 19:13:45,2025-12-28 21:42:45
1645,66,4,2025-12-28 19:13:32,2025-12-28 21:38:32
1646,756,9,2025-12-28 19:14:27,2025-12-28 23:00:27
1647,524,10,2025-12-28 19:14:36,2025-12-28 21:14:36
1648,801,3,2025-12-28 19:12:19,2025-12-28 21:06:19
1649,128,5,2025-12-28 19:13:40,2025-12-28 20:12:40
1650,260,10,2025-12-28 19:13:42,2025-12-28 21:13:42
1651,601,6,2025-12-28 19:12:52,2025-12-28 20:52:52
1652,995,10,2025-12-28 19:11:54,2025-12-28 23:07:54
1653,449,8,2025-12-28 19:12:58,2025-12-28 20:26:58
1654,859,9,2025-12-28 19:12:42,2025-12-28 22:27:42
1655,158,9,2025-12-28 19:13:11,2025-12-28 22:12:11
1656,825,9,2025-12-28 19:13:53,2025-12-28 20:04:53
1657,100,8,2025-12-28 19:14:22,2025-12-28 22:46:22
1658,910,8,2025-12-28 19:14:07,2025-12-28 19:59:07
1659,595,9,2025-12-28 19:14:14,2025-12-28 21:39:14
1660,641,1,2025-12-28 19:14:17,2025-12-28 19:45:17
1661,712,9,2025-12-28 19:14:11,2025-12-28 20:56:11
1662,906,6,2025-12-28 19:14:34,2025-12-28 19:20:34
1663,668,10,2025-12-28 19:14:39,2025-12-28 23:01:39
1664,289,5,2025-12-28 19:13:40,2025-12-28 20:43:40
1665,900,4,2025-12-28 19:13:27,2025-12-28 20:08:27
1666,734,9,2025-12-28 19:14:13,2025-12-28 21:26:13
1667,551,10,2025-12-28 19:13:09,2025-12-28 22:08:09
1668,549,6,2025-12-28 19:13:56,2025-12-28 20:35:56
1669,772,5,2025-12-28 19:14:46,2025-12-28 20:41:46
1670,427,9,2025-12-28 19:14:23,2025-12-28 22:18:23
1671,710,10,2025-12-28 19:14:40,2025-12-28 19:41:40
1672,772,7,2025-12-28 19:12:34,2025-12-28 20:18:34
1673,422,5,2025-12-28 19:13:40,2025-12-28 21:03:40
1674,485,7,2025-12-28 19:13:46,2025-12-28 20:47:46
1675,628,2,2025-12-28 19:14:09,2025-12-28 23:03:09
1676,386,1,2025-12-28 19:13:31,2025-12-28 22:09:31
1677,855,1,2025-12-28 19:14:38,2025-12-28 19:52:38
1678,70,6,2025-12-28 19:12:13,2025-12-28 23:01:13
1679,275,1,2025-12-28 19:12:28,2025-12-28 20:16:28
1680,927,4,2025-12-28 19:11:52,2025-12-28 19:18:52
1681,392,4,2025-12-28 19:14:43,2025-12-28 19:44:43
1682,303,8,2025-12-28 19:12:28,2025-12-28 20:37:28
1683,748,3,2025-12-28 19:14:03,2025-12-28 22:14:03
1684,810,6,2025-12-28 19:14:23,2025-12-28 20:25:23
1685,414,10,2025-12-28 19:13:26,2025-12-28 19:43:26
1686,26,7,2025-12-28 19:12:06,2025-12-28 20:18:06
1687,259,8,2025-12-28 19:11:51,2025-12-28 21:30:51
1688,87,5,2025-12-28 19:13:19,2025-12-28 19:32:19
1689,145,9,2025-12-28 19:12:06,2025-12-28 20:30:06
1690,235,10,2025-12-28 19:13:48,2025-12-28 22:49:48
1691,214,6,2025-12-28 19:12:26,2025-12-28 22:25:26
1692,25,7,2025-12-28 19:13:05,2025-12-28 23:05:05
1693,79,9,2025-12-28 19:12:47,2025-12-28 19:50:47
1694,969,5,2025-12-28 19:11:54,2025-12-28 22:05:54
1695,826,7,2025-12-28 19:14:14,2025-12-28 21:50:14
1696,452,7,2025-12-28 19:11:51,2025-12-28 21:30:51
1697,913,9,2025-12-28 19:13:03,2025-12-28 21:44:03
1698,863,9,2025-12-28 19:12:46,2025-12-28 19:37:46
1699,228,4,2025-12-28 19:11:56,2025-12-28 21:32:56
1700,772,3,2025-12-28 19:12:29,2025-12-28 21:55:29
1701,456,3,2025-12-28 19:12:49,2025-12-28 21:12:49
1702,772,5,2025-12-28 19:14:50,2025-12-28 21:47:50
1703,86,5,2025-12-28 19:13:21,2025-12-28 20:44:21
1704,600,7,2025-12-28 19:14:17,2025-12-28 21:15:17
1705,404,6,2025-12-28 19:12:44,2025-12-28 20:59:44
1706,957,5,2025-12-28 19:11:52,2025-12-28 22:42:52
1707,557,8,2025-12-28 19:14:23,2025-12-28 19:45:23
1708,673,8,2025-12-28 19:12:52,2025-12-28 23:02:52
1709,869,6,2025-12-28 19:12:59,2025-12-28 19:57:59
1710,372,8,2025-12-28 19:12:34,2025-12-28 22:41:34
1711,529,2,2025-12-28 19:11:52,2025-12-28 21:52:52
1712,686,7,2025-12-28 19:13:34,2025-12-28 20:36:34
1713,295,4,2025-12-28 19:13:32,2025-12-28 22:10:32
1714,611,8,2025-12-28 19:13:15,2025-12-28 21:04:15
1715,476,3,2025-12-28 19:12:47,2025-12-28 20:36:47
1716,798,3,2025-12-28 19:12:40,2025-12-28 23:09:40
1717,716,9,2025-12-28 19:13:37,2025-12-28 19:46:37
1718,256,2,2025-12-28 19:11:53,2025-12-28 21:19:53
1719,859,1,2025-12-28 19:13:23,2025-12-28 20:20:23
1720,757,9,2025-12-28 19:11:51,2025-12-28 21:03:51
1721,451,10,2025-12-28 19:13:20,2025-12-28 21:04:20
1722,482,6,2025-12-28 19:13:03,2025-12-28 23:04:03
1723,643,9,2025-12-28 19:14:39,2025-12-28 20:06:39
1724,68,9,2025-12-28 19:12:12,2025-12-28 20:52:12
1725,301,6,2025-12-28 19:13:33,2025-12-28 22:09:33
1726,409,6,2025-12-28 19:11:51,2025-12-28 21:09:51
1727,529,5,2025-12-28 19:14:22,2025-12-28 21:47:22
1728,776,7,2025-12-28 19:13:21,2025-12-28 20:06:21
1729,121,8,2025-12-28 19:14:26,2025-12-28 20:09:26
1730,699,2,2025-12-28 19:13:36,2025-12-28 21:31:36
1731,731,1,2025-12-28 19:12:51,2025-12-28 21:38:51
1732,93,10,2025-12-28 19:13:39,2025-12-28 21:43:39
1733,542,10,2025-12-28 19:14:50,2025-12-28 19:34:50
1734,191,1,2025-12-28 19:13:07,2025-12-28 22:43:07
1735,830,4,2025-12-28 19:11:52,2025-12-28 20:11:52
1736,365,7,2025-12-28 19:12:40,2025-12-28 19:47:40
1737,986,2,2025-12-28 19:12:55,2025-12-28 23:10:55
1738,570,9,2025-12-28 19:12:34,2025-12-28 19:33:34
1739,344,1,2025-12-28 19:12:41,2025-12-28 20:01:41
1740,715,6,2025-12-28 19:14:34,2025-12-28 22:54:34
1741,786,1,2025-12-28 19:14:50,2025-12-28 21:39:50
1742,767,9,2025-12-28 19:13:03,2025-12-28 19:20:03
1743,799,5,2025-12-28 19:13:01,2025-12-28 21:14:01
1744,355,4,2025-12-28 19:12:28,2025-12-28 22:23:28
1745,578,5,2025-12-28 19:13:44,2025-12-28 19:56:44
1746,431,2,2025-12-28 19:14:10,2025-12-28 21:18:10
1747,949,1,2025-12-28 19:13:38,2025-12-28 20:36:38
1748,99,8,2025-12-28 19:11:51,2025-12-28 21:19:51
1749,685,4,2025-12-28 19:14:35,2025-12-28 21:46:35
1750,89,4,2025-12-28 19:12:49,2025-12-28 19:27:49
1751,514,3,2025-12-28 19:12:03,2025-12-28 21:43:03
1752,36,4,2025-12-28 19:14:36,2025-12-28 22:06:36
1753,982,5,2025-12-28 19:14:34,2025-12-28 20:53:34
1754,469,5,2025-12-28 19:14:43,2025-12-28 20:47:43
1755,58,8,2025-12-28 19:13:21,2025-12-28 21:59:21
1756,248,10,2025-12-28 19:12:28,2025-12-28 20:00:28
1757,263,8,2025-12-28 19:11:54,2025-12-28 20:59:54
1758,493,10,2025-12-28 19:13:19,2025-12-28 21:13:19
1759,240,7,2025-12-28 19:13:59,2025-12-28 19:36:59
1760,930,8,2025-12-28 19:12:48,2025-12-28 20:59:48
1761,209,1,2025-12-28 19:13:59,2025-12-28 23:00:59
1762,511,5,2025-12-28 19:13:35,2025-12-28 20:40:35
1763,78,10,2025-12-28 19:14:41,2025-12-28 20:32:41
1764,432,2,2025-12-28 19:12:04,2025-12-28 22:45:04
1765,298,10,2025-12-28 19:12:12,2025-12-28 22:29:12
1766,136,5,2025-12-28 19:12:39,2025-12-28 20:12:39
1767,239,8,2025-12-28 19:13:55,2025-12-28 21:25:55
1768,994,9,2025-12-28 19:13:36,2025-12-28 21:12:36
1769,745,5,2025-12-28 19:12:36,2025-12-28 23:01:36
1770,399,1,2025-12-28 19:12:17,2025-12-28 22:14:17
1771,322,1,2025-12-28 19:12:42,2025-12-28 21:53:42
1772,94,10,2025-12-28 19:12:09,2025-12-28 20:27:09
1773,45,8,2025-12-28 19:13:45,2025-12-28 19:26:45
1774,48,9,2025-12-28 19:12:34,2025-12-28 22:06:34
1775,692,3,2025-12-28 19:14:01,2025-12-28 19:33:01
1776,536,1,2025-12-28 19:13:59,2025-12-28 20:12:59
1777,433,3,2025-12-28 19:13:31,2025-12-28 22:20:31
1778,903,5,2025-12-28 19:13:22,2025-12-28 22:55:22
1779,321,7,2025-12-28 19:12:14,2025-12-28 23:05:14
1780,751,6,2025-12-28 19:12:06,2025-12-28 21:06:06
1781,835,7,2025-12-28 19:14:40,2025-12-28 22:02:40
1782,299,3,2025-12-28 19:13:12,2025-12-28 20:52:12
1783,740,7,2025-12-28 19:13:36,2025-12-28 22:02:36
1784,759,7,2025-12-28 19:14:41,2025-12-28 20:25:41
1785,137,4,2025-12-28 19:12:29,2025-12-28 19:45:29
1786,458,8,2025-12-28 19:12:53,2025-12-28 19:54:53
1787,57,4,2025-12-28 19:12:10,2025-12-28 22:33:10
1788,295,5,2025-12-28 19:12:23,2025-12-28 20:59:23
1789,154,10,2025-12-28 19:12:30,2025-12-28 19:45:30
1790,662,3,2025-12-28 19:12:52,2025-12-28 22:34:52
1791,999,3,2025-12-28 19:13:46,2025-12-28 19:22:46
1792,427,4,2025-12-28 19:14:06,2025-12-28 21:16:06
1793,825,6,2025-12-28 19:12:02,2025-12-28 19:30:02
1794,973,6,2025-12-28 19:14:04,2025-12-28 22:35:04
1795,933,5,2025-12-28 19:14:32,2025-12-28 21:26:32
1796,998,6,2025-12-28 19:12:08,2025-12-28 19:57:08
1797,680,7,2025-12-28 19:11:59,2025-12-28 20:09:59
1798,903,7,2025-12-28 19:13:51,2025-12-28 22:09:51
1799,869,7,2025-12-28 19:12:52,2025-12-28 20:08:52
1800,564,8,2025-12-28 19:13:27,2025-12-28 19:37:27
1801,339,3,2025-12-28 19:14:37,2025-12-28 22:28:37
1802,796,5,2025-12-28 19:13:55,2025-12-28 22:22:55
1803,571,2,2025-12-28 19:12:40,2025-12-28 20:29:40
1804,72,9,2025-12-28 19:13:30,2025-12-28 20:35:30
1805,392,7,2025-12-28 19:14:24,2025-12-28 21:29:24
1806,391,2,2025-12-28 19:12:55,2025-12-28 20:56:55
1807,223,10,2025-12-28 19:13:55,2025-12-28 20:47:55
1808,550,10,2025-12-28 19:13:02,2025-12-28 22:54:02
1809,124,10,2025-12-28 19:12:22,2025-12-28 21:15:22
1810,739,9,2025-12-28 19:12:52,2025-12-28 22:05:52
1811,712,9,2025-12-28 19:12:20,2025-12-28 20:06:20
1812,574,5,2025-12-28 19:12:09,2025-12-28 20:09:09
1813,771,2,2025-12-28 19:13:28,2025-12-28 21:26:28
1814,366,1,2025-12-28 19:12:27,2025-12-28 20:04:27
1815,655,7,2025-12-28 19:14:17,2025-12-28 22:59:17
1816,847,3,2025-12-28 19:12:25,2025-12-28 21:07:25
1817,580,1,2025-12-28 19:13:46,2025-12-28 22:29:46
1818,651,6,2025-12-28 19:14:30,2025-12-28 20:01:30
1819,265,6,2025-12-28 19:13:23,2025-12-28 21:04:23
1820,910,10,2025-12-28 19:14:32,2025-12-28 20:49:32
1821,409,2,2025-12-28 19:13:01,2025-12-28 21:06:01
1822,19,5,2025-12-28 19:14:39,2025-12-28 23:00:39
1823,31,1,2025-12-28 19:13:27,2025-12-28 20:09:27
1824,348,4,2025-12-28 19:13:37,2025-12-28 20:38:37
1825,819,6,2025-12-28 19:13:59,2025-12-28 19:37:59
1826,567,10,2025-12-28 19:12:33,2025-12-28 20:24:33
1827,441,6,2025-12-28 19:13:57,2025-12-28 23:01:57
1828,643,4,2025-12-28 19:12:51,2025-12-28 22:40:51
1829,732,2,2025-12-28 19:13:37,2025-12-28 22:26:37
1830,932,3,2025-12-28 19:13:01,2025-12-28 19:47:01
1831,86,8,2025-12-28 19:12:38,2025-12-28 20:42:38
1832,514,6,2025-12-28 19:13:30,2025-12-28 19:34:30
1833,530,5,2025-12-28 19:13:42,2025-12-28 20:56:42
1834,515,8,2025-12-28 19:11:51,2025-12-28 22:08:51
1835,698,3,2025-12-28 19:14:33,2025-12-28 21:38:33
1836,328,6,2025-12-28 19:12:54,2025-12-28 19:27:54
1837,554,2,2025-12-28 19:14:14,2025-12-28 23:05:14
1838,824,8,2025-12-28 19:13:06,2025-12-28 19:59:06
1839,219,8,2025-12-28 19:12:41,2025-12-28 20:37:41
1840,794,2,2025-12-28 19:11:54,2025-12-28 19:17:54
1841,997,1,2025-12-28 19:14:11,2025-12-28 20:47:11
1842,899,7,2025-12-28 19:12:46,2025-12-28 20:11:46
1843,440,4,2025-12-28 19:14:39,2025-12-28 19:37:39
1844,317,2,2025-12-28 19:14:05,2025-12-28 22:09:05
1845,604,4,2025-12-28 19:14:47,2025-12-28 21:30:47
1846,475,5,2025-12-28 19:13:34,2025-12-28 19:24:34
1847,695,2,2025-12-28 19:14:01,2025-12-28 22:18:01
1848,173,4,2025-12-28 19:12:40,2025-12-28 20:48:40
1849,490,9,2025-12-28 19:12:01,2025-12-28 20:29:01
1850,811,9,2025-12-28 19:13:40,2025-12-28 21:17:40
1851,284,7,2025-12-28 19:14:36,2025-12-28 20:47:36
1852,763,2,2025-12-28 19:13:07,2025-12-28 22:01:07
1853,930,1,2025-12-28 19:12:31,2025-12-28 21:24:31
1854,22,7,2025-12-28 19:12:41,2025-12-28 19:51:41
1855,251,9,2025-12-28 19:14:31,2025-12-28 20:21:31
1856,713,7,2025-12-28 19:12:29,2025-12-28 20:18:29
1857,170,3,2025-12-28 19:14:28,2025-12-28 19:21:28
1858,382,2,2025-12-28 19:12:45,2025-12-28 20:21:45
1859,90,10,2025-12-28 19:13:45,2025-12-28 21:39:45
1860,679,9,2025-12-28 19:13:45,2025-12-28 20:29:45
1861,535,3,2025-12-28 19:12:49,2025-12-28 20:44:49
1862,304,9,2025-12-28 19:14:37,2025-12-28 19:23:37
1863,725,7,2025-12-28 19:14:41,2025-12-28 20:46:41
1864,388,10,2025-12-28 19:14:25,2025-12-28 23:00:25
1865,32,9,2025-12-28 19:14:17,2025-12-28 21:22:17
1866,955,5,2025-12-28 19:14:37,2025-12-28 22:15:37
1867,64,9,2025-12-28 19:12:16,2025-12-28 19:25:16
1868,428,3,2025-12-28 19:13:45,2025-12-28 21:52:45
1869,464,6,2025-12-28 19:12:42,2025-12-28 20:06:42
1870,622,10,2025-12-28 19:12:16,2025-12-28 20:01:16
1871,398,8,2025-12-28 19:14:19,2025-12-28 22:26:19
1872,439,7,2025-12-28 19:14:33,2025-12-28 21:29:33
1873,454,8,2025-12-28 19:12:33,2025-12-28 21:33:33
1874,712,5,2025-12-28 19:12:03,2025-12-28 22:35:03
1875,152,8,2025-12-28 19:12:24,2025-12-28 22:16:24
1876,267,5,2025-12-28 19:14:20,2025-12-28 22:30:20
1877,757,10,2025-12-28 19:12:19,2025-12-28 19:39:19
1878,232,3,2025-12-28 19:13:36,2025-12-28 22:52:36
1879,69,9,2025-12-28 19:13:22,2025-12-28 22:58:22
1880,292,7,2025-12-28 19:13:08,2025-12-28 23:08:08
1881,666,7,2025-12-28 19:14:44,2025-12-28 22:51:44
1882,725,2,2025-12-28 19:13:59,2025-12-28 19:34:59
1883,837,9,2025-12-28 19:13:52,2025-12-28 22:09:52
1884,537,9,2025-12-28 19:13:26,2025-12-28 21:33:26
1885,497,10,2025-12-28 19:12:37,2025-12-28 20:16:37
1886,806,6,2025-12-28 19:14:20,2025-12-28 20:33:20
1887,879,4,2025-12-28 19:12:30,2025-12-28 21:59:30
1888,109,6,2025-12-28 19:11:56,2025-12-28 20:42:56
1889,246,10,2025-12-28 19:12:50,2025-12-28 20:32:50
1890,996,7,2025-12-28 19:14:51,2025-12-28 20:19:51
1891,121,1,2025-12-28 19:13:42,2025-12-28 22:38:42
1892,219,10,2025-12-28 19:12:30,2025-12-28 21:48:30
1893,393,2,2025-12-28 19:12:04,2025-12-28 22:29:04
1894,535,4,2025-12-28 19:14:18,2025-12-28 20:23:18
1895,93,2,2025-12-28 19:14:22,2025-12-28 23:01:22
1896,10,8,2025-12-28 19:14:42,2025-12-28 20:18:42
1897,737,3,2025-12-28 19:13:57,2025-12-28 21:32:57
1898,390,10,2025-12-28 19:13:34,2025-12-28 22:42:34
1899,486,7,2025-12-28 19:12:48,2025-12-28 22:17:48
1900,848,5,2025-12-28 19:12:39,2025-12-28 19:54:39
1901,617,2,2025-12-28 19:11:54,2025-12-28 21:31:54
1902,769,9,2025-12-28 19:13:55,2025-12-28 20:22:55
1903,538,9,2025-12-28 19:13:30,2025-12-28 19:58:30
1904,775,9,2025-12-28 19:13:17,2025-12-28 21:30:17
1905,218,1,2025-12-28 19:12:17,2025-12-28 22:43:17
1906,992,4,2025-12-28 19:12:20,2025-12-28 21:45:20
1907,109,4,2025-12-28 19:14:42,2025-12-28 21:13:42
1908,116,7,2025-12-28 19:14:01,2025-12-28 20:47:01
1909,140,2,2025-12-28 19:11:52,2025-12-28 20:47:52
1910,727,2,2025-12-28 19:14:25,2025-12-28 19:43:25
1911,101,2,2025-12-28 19:12:02,2025-12-28 21:21:02
1912,114,6,2025-12-28 19:13:46,2025-12-28 21:24:46
1913,529,10,2025-12-28 19:12:08,2025-12-28 19:46:08
1914,140,10,2025-12-28 19:12:35,2025-12-28 20:42:35
1915,926,9,2025-12-28 19:14:24,2025-12-28 19:50:24
1916,670,5,2025-12-28 19:12:37,2025-12-28 21:26:37
1917,619,6,2025-12-28 19:13:46,2025-12-28 20:39:46
1918,340,8,2025-12-28 19:11:57,2025-12-28 21:05:57
1919,311,1,2025-12-28 19:13:49,2025-12-28 21:57:49
1920,929,2,2025-12-28 19:12:32,2025-12-28 22:45:32
1921,297,9,2025-12-28 19:11:59,2025-12-28 22:55:59
1922,128,5,2025-12-28 19:13:41,2025-12-28 22:33:41
1923,165,4,2025-12-28 19:14:44,2025-12-28 22:59:44
1924,844,7,2025-12-28 19:14:43,2025-12-28 21:32:43
1925,85,2,2025-12-28 19:12:20,2025-12-28 19:49:20
1926,571,2,2025-12-28 19:14:49,2025-12-28 20:05:49
1927,240,9,2025-12-28 19:13:53,2025-12-28 19:23:53
1928,485,7,2025-12-28 19:14:38,2025-12-28 22:35:38
1929,853,2,2025-12-28 19:11:58,2025-12-28 21:04:58
1930,961,4,2025-12-28 19:14:07,2025-12-28 21:53:07
1931,398,10,2025-12-28 19:12:17,2025-12-28 19:27:17
1932,783,1,2025-12-28 19:13:03,2025-12-28 21:19:03
1933,515,8,2025-12-28 19:13:22,2025-12-28 20:42:22
1934,836,9,2025-12-28 19:13:20,2025-12-28 22:49:20
1935,275,7,2025-12-28 19:13:09,2025-12-28 22:25:09
1936,133,2,2025-12-28 19:13:59,2025-12-28 21:49:59
1937,165,3,2025-12-28 19:12:32,2025-12-28 22:29:32
1938,802,5,2025-12-28 19:13:30,2025-12-28 22:10:30
1939,372,5,2025-12-28 19:13:40,2025-12-28 22:30:40
1940,55,5,2025-12-28 19:11:53,2025-12-28 21:56:53
1941,82,2,2025-12-28 19:14:20,2025-12-28 22:13:20
1942,62,10,2025-12-28 19:14:51,2025-12-28 22:42:51
1943,666,4,2025-12-28 19:14:22,2025-12-28 21:10:22
1944,512,10,2025-12-28 19:14:35,2025-12-28 20:16:35
1945,226,8,2025-12-28 19:12:32,2025-12-28 21:35:32
1946,117,6,2025-12-28 19:12:01,2025-12-28 20:25:01
1947,431,9,2025-12-28 19:13:03,2025-12-28 23:11:03
1948,168,1,2025-12-28 19:14:45,2025-12-28 20:07:45
1949,456,1,2025-12-28 19:13:36,2025-12-28 20:05:36
1950,189,3,2025-12-28 19:13:04,2025-12-28 19:58:04
1951,84,9,2025-12-28 19:13:36,2025-12-28 19:27:36
1952,133,5,2025-12-28 19:13:33,2025-12-28 22:36:33
1953,813,9,2025-12-28 19:14:29,2025-12-28 21:04:29
1954,352,4,2025-12-28 19:11:59,2025-12-28 19:18:59
1955,375,10,2025-12-28 19:13:01,2025-12-28 21:59:01
1956,53,8,2025-12-28 19:13:00,2025-12-28 22:26:00
1957,521,5,2025-12-28 19:11:59,2025-12-28 22:39:59
1958,740,5,2025-12-28 19:13:58,2025-12-28 22:44:58
1959,445,4,2025-12-28 19:11:55,2025-12-28 19:50:55
1960,774,5,2025-12-28 19:13:32,2025-12-28 19:53:32
1961,913,3,2025-12-28 19:12:03,2025-12-28 19:50:03
1962,209,8,2025-12-28 19:14:06,2025-12-28 21:53:06
1963,634,3,2025-12-28 19:13:15,2025-12-28 19:24:15
1964,906,7,2025-12-28 19:13:23,2025-12-28 20:20:23
1965,140,1,2025-12-28 19:13:36,2025-12-28 22:53:36
1966,47,8,2025-12-28 19:13:26,2025-12-28 22:54:26
1967,680,10,2025-12-28 19:12:22,2025-12-28 21:11:22
1968,419,1,2025-12-28 19:13:39,2025-12-28 22:05:39
1969,795,9,2025-12-28 19:14:23,2025-12-28 22:01:23
1970,599,3,2025-12-28 19:12:35,2025-12-28 22:20:35
1971,698,7,2025-12-28 19:12:42,2025-12-28 21:47:42
1972,980,1,2025-12-28 19:14:36,2025-12-28 20:32:36
1973,359,3,2025-12-28 19:11:55,2025-12-28 19:46:55
1974,448,2,2025-12-28 19:14:18,2025-12-28 21:37:18
1975,319,8,2025-12-28 19:12:17,2025-12-28 22:04:17
1976,394,7,2025-12-28 19:12:01,2025-12-28 20:17:01
1977,429,9,2025-12-28 19:14:33,2025-12-28 20:35:33
1978,874,7,2025-12-28 19:13:26,2025-12-28 20:14:26
1979,285,6,2025-12-28 19:13:40,2025-12-28 20:38:40
1980,631,7,2025-12-28 19:13:29,2025-12-28 21:19:29
1981,343,9,2025-12-28 19:14:18,2025-12-28 20:37:18
1982,556,3,2025-12-28 19:12:51,2025-12-28 22:33:51
1983,854,5,2025-12-28 19:13:35,2025-12-28 19:54:35
1984,589,10,2025-12-28 19:12:07,2025-12-28 21:15:07
1985,809,8,2025-12-28 19:14:10,2025-12-28 22:21:10
1986,53,5,2025-12-28 19:13:50,2025-12-28 21:59:50
1987,987,9,2025-12-28 19:13:26,2025-12-28 21:42:26
1988,99,4,2025-12-28 19:12:09,2025-12-28 22:46:09
1989,664,10,2025-12-28 19:13:43,2025-12-28 20:04:43
1990,420,5,2025-12-28 19:12:26,2025-12-28 20:57:26
1991,561,10,2025-12-28 19:13:05,2025-12-28 20:59:05
1992,504,3,2025-12-28 19:12:06,2025-12-28 23:12:06
1993,541,8,2025-12-28 19:14:13,2025-12-28 20:34:13
1994,733,2,2025-12-28 19:12:50,2025-12-28 23:12:50
1995,347,1,2025-12-28 19:14:49,2025-12-28 19:26:49
1996,755,8,2025-12-28 19:13:56,2025-12-28 23:06:56
1997,312,6,2025-12-28 19:12:43,2025-12-28 21:47:43
1998,540,9,2025-12-28 19:13:02,2025-12-28 22:53:02
1999,316,1,2025-12-28 19:12:24,2025-12-28 20:58:24
2000,993,4,2025-12-28 19:13:46,2025-12-28 22:27:46
