id_wypozyczenia,id_osoby,id_ksiazki,data_wypozyczenia,planowana_data_zwrotu
1,734,2515,2025-01-17,2025-02-16
2,196,1039,2025-03-05,2025-04-04
3,794,446,2024-05-21,2024-06-20
4,919,2054,2024-11-20,2024-12-20
5,534,2872,2025-06-27,2025-07-27
6,451,1379,2025-04-22,2025-05-22
7,928,94,2025-01-21,2025-02-20
8,232,507,2025-10-24,2025-11-23
9,388,2126,2024-06-15,2024-07-15
10,332,2025,2024-04-13,2024-05-13
11,436,1149,2025-03-04,2025-04-03
12,713,1104,2025-10-21,2025-11-20
13,66,857,2024-10-16,2024-11-15
14,576,2468,2025-02-13,2025-03-15
15,704,1406,2025-06-06,2025-07-06
16,641,1523,2025-04-27,2025-05-27
17,520,258,2025-10-03,2025-11-02
18,728,2171,2024-10-09,2024-11-08
19,331,2421,2025-05-07,2025-06-06
20,924,2963,2025-02-06,2025-03-08
21,885,531,2025-01-10,2025-02-09
22,879,1623,2024-04-15,2024-05-15
23,738,463,2025-04-05,2025-05-05
24,354,107,2024-03-03,2024-04-02
25,142,2666,2025-04-10,2025-05-10
26,591,2968,2024-10-11,2024-11-10
27,821,2247,2024-02-21,2024-03-22
28,14,2039,2024-11-10,2024-12-10
29,475,996,2024-04-11,2024-05-11
30,196,2743,2024-10-03,2024-11-02
31,541,1202,2025-12-16,2026-01-15
32,521,706,2025-02-04,2025-03-06
33,132,920,2024-02-12,2024-03-13
34,425,120,2025-09-03,2025-10-03
35,851,756,2025-12-20,2026-01-19
36,535,2942,2025-10-12,2025-11-11
37,957,857,2025-01-27,2025-02-26
38,847,401,2025-03-16,2025-04-15
39,128,2777,2025-02-12,2025-03-14
40,88,1675,2025-01-19,2025-02-18
41,9,2180,2025-07-15,2025-08-14
42,919,253,2025-09-25,2025-10-25
43,900,502,2025-08-30,2025-09-29
44,40,155,2024-10-19,2024-11-18
45,414,1668,2025-11-16,2025-12-16
46,399,1380,2024-03-18,2024-04-17
47,744,2585,2024-07-06,2024-08-05
48,34,1214,2024-05-21,2024-06-20
49,330,2181,2024-05-16,2024-06-15
50,499,575,2024-05-01,2024-05-31
51,108,191,2025-08-20,2025-09-19
52,542,1876,2025-06-02,2025-07-02
53,89,1184,2024-10-29,2024-11-28
54,820,1045,2025-06-22,2025-07-22
55,797,703,2025-04-03,2025-05-03
56,635,425,2025-04-28,2025-05-28
57,453,951,2024-08-23,2024-09-22
58,910,2939,2024-12-11,2025-01-10
59,844,2931,2025-07-01,2025-07-31
60,919,2063,2025-04-12,2025-05-12
61,127,2657,2024-11-28,2024-12-28
62,155,2328,2024-07-25,2024-08-24
63,914,1950,2024-12-04,2025-01-03
64,52,2391,2024-05-18,2024-06-17
65,758,2610,2025-01-30,2025-03-01
66,272,1329,2025-01-07,2025-02-06
67,946,478,2025-12-22,2026-01-21
68,522,1383,2024-05-07,2024-06-06
69,779,1816,2024-07-27,2024-08-26
70,179,70,2025-03-18,2025-04-17
71,85,331,2025-10-24,2025-11-23
72,698,215,2024-08-30,2024-09-29
73,97,27,2024-02-25,2024-03-26
74,388,62,2025-09-13,2025-10-13
75,606,2484,2024-06-09,2024-07-09
76,980,1699,2025-03-31,2025-04-30
77,317,1825,2024-10-31,2024-11-30
78,895,1112,2025-04-12,2025-05-12
79,333,2570,2025-07-31,2025-08-30
80,249,230,2024-06-29,2024-07-29
81,276,615,2025-04-05,2025-05-05
82,805,1369,2025-03-06,2025-04-05
83,952,69,2024-07-17,2024-08-16
84,369,2932,2024-06-01,2024-07-01
85,558,2008,2025-11-05,2025-12-05
86,492,713,2024-08-18,2024-09-17
87,843,464,2024-09-02,2024-10-02
88,41,771,2025-05-12,2025-06-11
89,340,1817,2024-12-17,2025-01-16
90,826,685,2024-11-27,2024-12-27
91,219,1459,2025-09-08,2025-10-08
92,113,760,2025-09-30,2025-10-30
93,99,2322,2024-10-31,2024-11-30
94,128,1380,2024-12-16,2025-01-15
95,302,187,2024-10-22,2024-11-21
96,336,1275,2025-06-07,2025-07-07
97,298,894,2025-01-17,2025-02-16
98,497,637,2025-09-03,2025-10-03
99,33,2348,2024-11-30,2024-12-30
100,341,316,2024-06-17,2024-07-17
101,565,1036,2024-12-02,2025-01-01
102,324,1866,2025-10-01,2025-10-31
103,586,12,2024-12-28,2025-01-27
104,829,1880,2025-09-28,2025-10-28
105,529,1512,2024-11-23,2024-12-23
106,512,1955,2025-05-20,2025-06-19
107,472,892,2024-06-26,2024-07-26
108,843,1404,2024-08-23,2024-09-22
109,324,2737,2024-09-25,2024-10-25
110,836,1065,2025-05-03,2025-06-02
111,565,1260,2025-09-08,2025-10-08
112,200,1003,2024-08-28,2024-09-27
113,36,2758,2024-09-06,2024-10-06
114,573,675,2024-08-05,2024-09-04
115,240,165,2024-05-17,2024-06-16
116,528,1311,2024-09-21,2024-10-21
117,410,526,2024-08-30,2024-09-29
118,264,2268,2024-07-09,2024-08-08
119,812,1801,2024-11-09,2024-12-09
120,340,860,2023-12-29,2024-01-28
121,652,2509,2024-02-21,2024-03-22
122,433,1296,2025-01-31,2025-03-02
123,882,2909,2025-07-26,2025-08-25
124,658,2999,2024-02-08,2024-03-09
125,917,1559,2025-10-19,2025-11-18
126,708,182,2024-04-07,2024-05-07
127,151,846,2025-06-28,2025-07-28
128,276,248,2024-07-02,2024-08-01
129,975,1790,2025-09-23,2025-10-23
130,626,1850,2025-02-17,2025-03-19
131,505,2651,2024-06-17,2024-07-17
132,543,1837,2024-04-05,2024-05-05
133,178,2523,2025-10-10,2025-11-09
134,877,2825,2025-02-12,2025-03-14
135,626,1170,2025-09-02,2025-10-02
136,773,1953,2025-01-20,2025-02-19
137,660,2139,2025-05-12,2025-06-11
138,408,2444,2025-08-25,2025-09-24
139,906,1522,2024-04-03,2024-05-03
140,90,534,2025-02-18,2025-03-20
141,117,1956,2024-03-13,2024-04-12
142,210,1345,2025-06-24,2025-07-24
143,221,2817,2025-06-11,2025-07-11
144,92,346,2024-05-30,2024-06-29
145,323,1106,2024-10-18,2024-11-17
146,849,876,2025-03-22,2025-04-21
147,292,1800,2024-02-04,2024-03-05
148,680,2334,2024-09-10,2024-10-10
149,225,576,2025-11-20,2025-12-20
150,745,43,2025-03-25,2025-04-24
151,620,2737,2024-01-17,2024-02-16
152,268,2338,2024-12-06,2025-01-05
153,980,751,2025-04-26,2025-05-26
154,675,2781,2024-08-11,2024-09-10
155,183,2529,2024-06-14,2024-07-14
156,553,837,2024-07-06,2024-08-05
157,433,2999,2024-12-28,2025-01-27
158,698,1419,2024-06-27,2024-07-27
159,382,1652,2024-01-27,2024-02-26
160,562,2800,2025-04-15,2025-05-15
161,630,2926,2024-07-05,2024-08-04
162,416,2410,2024-02-14,2024-03-15
163,568,766,2025-02-11,2025-03-13
164,265,1272,2024-06-16,2024-07-16
165,585,355,2024-01-10,2024-02-09
166,730,331,2024-11-06,2024-12-06
167,36,2105,2025-12-23,2026-01-22
168,153,728,2025-10-11,2025-11-10
169,342,875,2024-09-20,2024-10-20
170,844,1151,2024-08-16,2024-09-15
171,463,2396,2024-11-15,2024-12-15
172,959,151,2024-01-17,2024-02-16
173,183,284,2024-03-17,2024-04-16
174,68,354,2025-12-01,2025-12-31
175,575,393,2025-06-19,2025-07-19
176,841,2736,2024-10-30,2024-11-29
177,719,1452,2025-07-24,2025-08-23
178,939,1289,2025-10-12,2025-11-11
179,870,2761,2025-02-03,2025-03-05
180,403,2413,2025-09-27,2025-10-27
181,176,600,2024-01-08,2024-02-07
182,586,1495,2024-10-11,2024-11-10
183,551,2330,2024-12-14,2025-01-13
184,718,1455,2025-11-02,2025-12-02
185,635,655,2025-11-26,2025-12-26
186,144,480,2024-04-25,2024-05-25
187,873,1434,2025-05-03,2025-06-02
188,344,950,2024-08-24,2024-09-23
189,160,1487,2024-12-30,2025-01-29
190,396,922,2025-02-13,2025-03-15
191,554,746,2025-07-26,2025-08-25
192,101,2435,2024-12-02,2025-01-01
193,448,1946,2025-02-19,2025-03-21
194,546,697,2025-01-14,2025-02-13
195,294,2807,2025-01-22,2025-02-21
196,6,531,2024-08-28,2024-09-27
197,797,523,2024-02-01,2024-03-02
198,114,1961,2025-10-02,2025-11-01
199,743,1250,2025-01-21,2025-02-20
200,589,2229,2024-09-22,2024-10-22
201,865,811,2025-10-08,2025-11-07
202,539,1744,2025-07-10,2025-08-09
203,980,2246,2024-12-24,2025-01-23
204,952,2300,2024-06-12,2024-07-12
205,322,1521,2024-11-28,2024-12-28
206,612,161,2024-06-23,2024-07-23
207,63,1711,2024-08-24,2024-09-23
208,26,1461,2024-05-30,2024-06-29
209,54,1892,2025-01-28,2025-02-27
210,828,1165,2024-09-18,2024-10-18
211,219,635,2024-11-05,2024-12-05
212,369,1101,2025-05-05,2025-06-04
213,78,2278,2024-03-15,2024-04-14
214,20,1677,2025-12-14,2026-01-13
215,297,1586,2025-03-20,2025-04-19
216,636,1325,2025-04-05,2025-05-05
217,74,601,2024-07-14,2024-08-13
218,952,271,2025-08-11,2025-09-10
219,940,689,2024-12-01,2024-12-31
220,856,926,2025-06-14,2025-07-14
221,832,1247,2025-04-28,2025-05-28
222,168,236,2025-09-23,2025-10-23
223,978,548,2025-04-27,2025-05-27
224,754,1965,2025-03-28,2025-04-27
225,72,1478,2024-06-15,2024-07-15
226,756,1637,2025-07-14,2025-08-13
227,398,2139,2024-04-03,2024-05-03
228,734,266,2025-08-25,2025-09-24
229,3,165,2025-11-07,2025-12-07
230,625,1109,2024-09-22,2024-10-22
231,416,377,2024-11-23,2024-12-23
232,59,2347,2025-01-05,2025-02-04
233,714,1991,2025-10-09,2025-11-08
234,617,404,2024-12-10,2025-01-09
235,957,1940,2024-03-16,2024-04-15
236,61,2553,2025-11-29,2025-12-29
237,556,1646,2024-08-26,2024-09-25
238,835,2419,2025-06-29,2025-07-29
239,871,2967,2024-07-08,2024-08-07
240,13,2628,2025-05-30,2025-06-29
241,822,1205,2025-12-03,2026-01-02
242,546,1909,2025-07-31,2025-08-30
243,902,1807,2025-08-24,2025-09-23
244,55,2171,2025-01-29,2025-02-28
245,450,2494,2024-04-21,2024-05-21
246,777,977,2025-06-13,2025-07-13
247,612,2597,2024-02-20,2024-03-21
248,906,1409,2025-08-27,2025-09-26
249,779,2430,2025-01-04,2025-02-03
250,590,956,2025-12-20,2026-01-19
251,62,775,2024-12-28,2025-01-27
252,956,2627,2024-07-01,2024-07-31
253,1000,2926,2024-01-06,2024-02-05
254,340,968,2025-10-27,2025-11-26
255,338,1666,2025-05-28,2025-06-27
256,884,1877,2024-10-01,2024-10-31
257,206,1399,2024-09-13,2024-10-13
258,57,1203,2024-06-01,2024-07-01
259,226,1132,2024-05-28,2024-06-27
260,199,1191,2024-01-07,2024-02-06
261,733,186,2024-01-18,2024-02-17
262,427,2171,2025-10-10,2025-11-09
263,922,2038,2024-06-14,2024-07-14
264,402,2562,2025-03-22,2025-04-21
265,794,2102,2025-10-16,2025-11-15
266,838,2531,2024-03-23,2024-04-22
267,664,2719,2024-06-06,2024-07-06
268,138,2211,2025-03-07,2025-04-06
269,544,1373,2024-09-11,2024-10-11
270,431,2804,2025-06-13,2025-07-13
271,750,2923,2024-12-13,2025-01-12
272,467,954,2024-05-30,2024-06-29
273,882,2731,2025-10-01,2025-10-31
274,756,2170,2025-06-10,2025-07-10
275,9,2148,2024-02-01,2024-03-02
276,595,2952,2024-09-10,2024-10-10
277,942,2937,2025-10-07,2025-11-06
278,280,123,2025-12-09,2026-01-08
279,446,2183,2024-01-12,2024-02-11
280,498,1812,2025-10-17,2025-11-16
281,669,576,2025-06-02,2025-07-02
282,658,418,2024-11-15,2024-12-15
283,727,862,2024-10-17,2024-11-16
284,485,1672,2024-06-11,2024-07-11
285,909,1399,2025-03-07,2025-04-06
286,150,957,2025-01-03,2025-02-02
287,862,1727,2024-11-18,2024-12-18
288,642,1900,2024-11-30,2024-12-30
289,385,1411,2024-12-14,2025-01-13
290,200,2298,2025-11-04,2025-12-04
291,786,1224,2024-12-30,2025-01-29
292,720,2367,2024-01-11,2024-02-10
293,781,2394,2024-05-05,2024-06-04
294,525,382,2024-01-09,2024-02-08
295,466,2401,2024-06-27,2024-07-27
296,607,1848,2025-12-09,2026-01-08
297,307,223,2024-05-23,2024-06-22
298,215,2398,2024-01-25,2024-02-24
299,311,225,2024-07-10,2024-08-09
300,92,1592,2024-01-26,2024-02-25
301,905,2888,2025-06-30,2025-07-30
302,352,2425,2025-06-02,2025-07-02
303,587,784,2025-05-20,2025-06-19
304,679,2007,2024-09-03,2024-10-03
305,794,708,2025-10-13,2025-11-12
306,376,1027,2024-03-24,2024-04-23
307,433,983,2024-10-09,2024-11-08
308,340,1992,2025-03-03,2025-04-02
309,76,649,2024-02-13,2024-03-14
310,629,2744,2024-10-06,2024-11-05
311,885,737,2025-03-17,2025-04-16
312,916,1312,2024-12-06,2025-01-05
313,698,2536,2024-02-20,2024-03-21
314,80,706,2025-10-28,2025-11-27
315,226,1294,2025-09-12,2025-10-12
316,169,1473,2024-11-11,2024-12-11
317,765,1360,2024-12-15,2025-01-14
318,444,466,2025-10-16,2025-11-15
319,869,2821,2024-12-13,2025-01-12
320,539,120,2025-06-17,2025-07-17
321,590,1392,2025-07-26,2025-08-25
322,943,2224,2024-01-01,2024-01-31
323,661,3000,2025-09-28,2025-10-28
324,923,1768,2025-04-10,2025-05-10
325,155,1591,2024-08-17,2024-09-16
326,397,2549,2025-11-18,2025-12-18
327,754,1409,2024-12-30,2025-01-29
328,534,878,2025-10-16,2025-11-15
329,328,641,2024-05-24,2024-06-23
330,419,2748,2024-08-03,2024-09-02
331,354,1681,2025-07-02,2025-08-01
332,42,2535,2025-11-21,2025-12-21
333,543,1766,2025-05-11,2025-06-10
334,450,835,2025-10-09,2025-11-08
335,737,1217,2024-02-06,2024-03-07
336,710,573,2025-08-13,2025-09-12
337,717,1762,2024-09-07,2024-10-07
338,229,224,2024-05-23,2024-06-22
339,347,2797,2025-09-22,2025-10-22
340,989,1913,2024-03-13,2024-04-12
341,282,51,2025-07-13,2025-08-12
342,720,157,2025-12-27,2026-01-26
343,240,1278,2025-09-12,2025-10-12
344,789,737,2024-12-08,2025-01-07
345,736,1038,2025-10-13,2025-11-12
346,410,800,2024-07-16,2024-08-15
347,34,2782,2025-01-01,2025-01-31
348,316,901,2024-10-13,2024-11-12
349,978,2774,2025-02-15,2025-03-17
350,96,1895,2025-03-07,2025-04-06
351,269,39,2025-07-23,2025-08-22
352,390,1727,2025-08-18,2025-09-17
353,360,424,2024-01-01,2024-01-31
354,793,1591,2025-12-08,2026-01-07
355,608,2927,2025-04-03,2025-05-03
356,37,2500,2024-03-01,2024-03-31
357,668,256,2025-09-15,2025-10-15
358,250,1267,2024-11-11,2024-12-11
359,828,759,2025-01-12,2025-02-11
360,194,222,2024-03-21,2024-04-20
361,337,1374,2025-11-23,2025-12-23
362,308,2938,2024-09-19,2024-10-19
363,786,2145,2025-11-24,2025-12-24
364,114,2306,2024-07-10,2024-08-09
365,821,1565,2025-12-16,2026-01-15
366,911,1107,2024-09-29,2024-10-29
367,29,2356,2024-06-08,2024-07-08
368,101,2567,2025-03-28,2025-04-27
369,799,65,2025-03-27,2025-04-26
370,46,1080,2025-05-04,2025-06-03
371,332,913,2024-09-09,2024-10-09
372,332,2829,2025-12-22,2026-01-21
373,291,1521,2024-04-04,2024-05-04
374,184,1511,2024-11-20,2024-12-20
375,739,2859,2024-12-23,2025-01-22
376,293,2855,2025-11-18,2025-12-18
377,394,1093,2025-05-21,2025-06-20
378,434,724,2025-11-26,2025-12-26
379,126,1039,2024-08-02,2024-09-01
380,760,1520,2025-11-27,2025-12-27
381,287,1163,2025-05-23,2025-06-22
382,538,2993,2025-02-14,2025-03-16
383,430,554,2025-06-06,2025-07-06
384,502,1132,2024-10-24,2024-11-23
385,515,2573,2025-04-11,2025-05-11
386,766,1905,2025-06-07,2025-07-07
387,90,808,2024-06-30,2024-07-30
388,814,2094,2025-12-20,2026-01-19
389,739,97,2024-11-21,2024-12-21
390,877,823,2024-07-27,2024-08-26
391,270,416,2024-12-04,2025-01-03
392,146,1271,2024-05-30,2024-06-29
393,606,2042,2025-01-17,2025-02-16
394,352,1585,2024-08-23,2024-09-22
395,701,447,2024-08-14,2024-09-13
396,581,382,2024-06-03,2024-07-03
397,91,775,2025-12-25,2026-01-24
398,560,1,2024-11-12,2024-12-12
399,543,2137,2025-06-25,2025-07-25
400,408,347,2025-05-05,2025-06-04
401,770,1650,2025-12-08,2026-01-07
402,322,1275,2024-01-19,2024-02-18
403,572,1616,2025-06-10,2025-07-10
404,557,917,2025-12-26,2026-01-25
405,250,163,2024-09-25,2024-10-25
406,487,1782,2025-11-23,2025-12-23
407,638,2922,2025-01-03,2025-02-02
408,186,117,2024-01-07,2024-02-06
409,420,24,2024-06-20,2024-07-20
410,944,1399,2024-03-14,2024-04-13
411,32,1070,2025-08-15,2025-09-14
412,515,1024,2025-03-19,2025-04-18
413,340,2300,2025-03-18,2025-04-17
414,812,2306,2025-12-13,2026-01-12
415,490,2031,2025-06-10,2025-07-10
416,994,1162,2024-02-24,2024-03-25
417,494,170,2025-09-01,2025-10-01
418,676,1075,2024-03-23,2024-04-22
419,391,2556,2025-11-13,2025-12-13
420,551,1876,2025-09-09,2025-10-09
421,774,2131,2024-06-17,2024-07-17
422,77,1803,2025-01-10,2025-02-09
423,851,2734,2025-06-13,2025-07-13
424,986,860,2024-04-26,2024-05-26
425,253,2697,2024-03-13,2024-04-12
426,789,366,2024-08-21,2024-09-20
427,718,733,2024-09-29,2024-10-29
428,249,1139,2024-07-14,2024-08-13
429,679,2369,2025-05-18,2025-06-17
430,678,1864,2025-01-24,2025-02-23
431,60,12,2024-03-03,2024-04-02
432,332,1573,2024-03-12,2024-04-11
433,319,1812,2024-11-17,2024-12-17
434,369,2784,2025-11-18,2025-12-18
435,834,2772,2024-11-27,2024-12-27
436,963,854,2024-05-11,2024-06-10
437,931,2150,2025-11-30,2025-12-30
438,708,2905,2024-10-08,2024-11-07
439,733,2545,2025-02-09,2025-03-11
440,441,1696,2025-10-30,2025-11-29
441,751,1299,2024-02-04,2024-03-05
442,144,141,2024-02-17,2024-03-18
443,22,857,2025-08-27,2025-09-26
444,948,1162,2024-04-21,2024-05-21
445,536,851,2025-12-25,2026-01-24
446,275,575,2024-01-20,2024-02-19
447,467,2566,2024-05-17,2024-06-16
448,779,1107,2025-03-16,2025-04-15
449,357,1699,2025-05-05,2025-06-04
450,825,2441,2025-08-15,2025-09-14
451,617,2597,2025-01-30,2025-03-01
452,482,1106,2024-10-04,2024-11-03
453,52,1350,2024-06-21,2024-07-21
454,267,319,2024-05-10,2024-06-09
455,294,2868,2025-02-23,2025-03-25
456,274,1222,2025-09-06,2025-10-06
457,37,2282,2025-07-27,2025-08-26
458,818,1989,2024-01-17,2024-02-16
459,532,1871,2024-10-06,2024-11-05
460,851,1278,2025-07-11,2025-08-10
461,524,1193,2024-01-21,2024-02-20
462,270,2951,2025-05-17,2025-06-16
463,948,544,2025-03-17,2025-04-16
464,600,793,2024-10-03,2024-11-02
465,364,2534,2024-03-07,2024-04-06
466,803,90,2024-03-23,2024-04-22
467,810,803,2024-03-03,2024-04-02
468,731,545,2025-05-28,2025-06-27
469,169,680,2025-06-18,2025-07-18
470,688,35,2025-03-20,2025-04-19
471,60,703,2024-07-10,2024-08-09
472,641,1179,2025-04-09,2025-05-09
473,901,202,2025-01-27,2025-02-26
474,661,321,2024-06-24,2024-07-24
475,900,574,2025-09-17,2025-10-17
476,51,1338,2025-04-10,2025-05-10
477,787,1536,2025-04-21,2025-05-21
478,253,2109,2025-08-14,2025-09-13
479,131,1547,2025-10-04,2025-11-03
480,368,2723,2024-08-06,2024-09-05
481,264,1314,2024-02-17,2024-03-18
482,857,72,2024-01-23,2024-02-22
483,139,638,2024-02-03,2024-03-04
484,826,883,2024-09-13,2024-10-13
485,373,2669,2025-10-15,2025-11-14
486,904,1887,2024-04-26,2024-05-26
487,432,1670,2025-11-24,2025-12-24
488,217,218,2024-05-05,2024-06-04
489,499,2181,2024-05-01,2024-05-31
490,507,2629,2024-04-22,2024-05-22
491,19,1205,2025-09-02,2025-10-02
492,853,2027,2024-06-13,2024-07-13
493,379,2691,2024-02-12,2024-03-13
494,292,930,2024-06-05,2024-07-05
495,956,2320,2025-04-29,2025-05-29
496,783,2072,2024-01-15,2024-02-14
497,117,1694,2024-04-21,2024-05-21
498,880,2151,2024-08-02,2024-09-01
499,501,2859,2025-02-18,2025-03-20
500,776,1978,2025-07-01,2025-07-31
501,27,2571,2025-03-10,2025-04-09
502,55,1599,2024-09-14,2024-10-14
503,71,1372,2024-01-01,2024-01-31
504,600,1323,2024-02-12,2024-03-13
505,28,1177,2025-11-16,2025-12-16
506,263,562,2024-12-02,2025-01-01
507,653,875,2025-03-06,2025-04-05
508,17,2013,2025-05-12,2025-06-11
509,152,2602,2025-02-11,2025-03-13
510,959,713,2025-11-30,2025-12-30
511,947,2496,2025-12-26,2026-01-25
512,530,1123,2024-03-22,2024-04-21
513,187,2899,2025-12-15,2026-01-14
514,769,423,2025-07-01,2025-07-31
515,336,809,2024-07-17,2024-08-16
516,444,94,2025-09-16,2025-10-16
517,805,792,2024-06-22,2024-07-22
518,269,580,2025-12-27,2026-01-26
519,154,1045,2025-09-21,2025-10-21
520,160,2150,2025-02-08,2025-03-10
521,773,1701,2025-04-13,2025-05-13
522,710,729,2025-04-25,2025-05-25
523,777,2915,2025-01-24,2025-02-23
524,454,1037,2025-07-15,2025-08-14
525,829,2209,2024-12-23,2025-01-22
526,952,2950,2025-07-07,2025-08-06
527,403,963,2025-11-28,2025-12-28
528,222,2919,2025-01-01,2025-01-31
529,321,2534,2024-10-16,2024-11-15
530,807,1798,2025-06-14,2025-07-14
531,923,2847,2025-09-24,2025-10-24
532,481,2253,2024-04-23,2024-05-23
533,236,1319,2025-07-31,2025-08-30
534,814,2074,2025-04-05,2025-05-05
535,621,945,2024-04-30,2024-05-30
536,646,1120,2024-01-09,2024-02-08
537,912,2634,2024-04-28,2024-05-28
538,829,2491,2024-02-11,2024-03-12
539,112,703,2024-08-27,2024-09-26
540,452,1293,2025-06-29,2025-07-29
541,831,1498,2025-05-25,2025-06-24
542,730,2003,2024-04-08,2024-05-08
543,307,2661,2024-08-26,2024-09-25
544,618,566,2024-10-05,2024-11-04
545,251,1345,2024-06-15,2024-07-15
546,106,2772,2025-08-15,2025-09-14
547,999,2926,2024-12-15,2025-01-14
548,196,1189,2024-02-18,2024-03-19
549,511,1360,2024-10-19,2024-11-18
550,378,1669,2024-02-18,2024-03-19
551,863,1888,2024-12-21,2025-01-20
552,995,1094,2024-10-06,2024-11-05
553,487,2820,2025-07-31,2025-08-30
554,939,1717,2024-10-29,2024-11-28
555,6,808,2025-06-19,2025-07-19
556,670,2484,2024-10-28,2024-11-27
557,490,2683,2024-06-18,2024-07-18
558,25,1700,2025-06-14,2025-07-14
559,856,496,2024-10-05,2024-11-04
560,625,2970,2025-07-21,2025-08-20
561,733,524,2025-05-10,2025-06-09
562,571,2024,2024-08-07,2024-09-06
563,497,1486,2025-09-20,2025-10-20
564,546,2973,2024-06-12,2024-07-12
565,21,237,2024-09-03,2024-10-03
566,67,1599,2024-10-16,2024-11-15
567,818,1178,2024-01-05,2024-02-04
568,177,2814,2024-07-13,2024-08-12
569,153,1319,2025-10-12,2025-11-11
570,600,111,2025-07-06,2025-08-05
571,879,2747,2024-09-06,2024-10-06
572,351,2965,2025-02-03,2025-03-05
573,979,2511,2025-11-16,2025-12-16
574,541,2096,2025-06-27,2025-07-27
575,577,2800,2025-04-03,2025-05-03
576,758,2451,2025-10-17,2025-11-16
577,533,1174,2024-11-26,2024-12-26
578,584,2530,2025-11-18,2025-12-18
579,166,2801,2024-09-11,2024-10-11
580,523,1504,2025-05-19,2025-06-18
581,364,2696,2024-02-11,2024-03-12
582,212,2690,2024-11-17,2024-12-17
583,548,2592,2024-07-06,2024-08-05
584,48,237,2024-12-03,2025-01-02
585,396,2880,2024-05-05,2024-06-04
586,677,596,2024-05-20,2024-06-19
587,876,2041,2024-06-12,2024-07-12
588,851,150,2025-07-26,2025-08-25
589,92,1411,2025-04-17,2025-05-17
590,116,446,2024-08-15,2024-09-14
591,846,126,2024-07-26,2024-08-25
592,874,363,2025-02-03,2025-03-05
593,634,108,2024-12-10,2025-01-09
594,80,556,2025-12-07,2026-01-06
595,306,771,2024-02-29,2024-03-30
596,433,1202,2025-12-25,2026-01-24
597,165,774,2025-10-02,2025-11-01
598,85,42,2024-10-05,2024-11-04
599,783,604,2024-05-26,2024-06-25
600,671,2373,2025-01-14,2025-02-13
601,462,1585,2024-01-16,2024-02-15
602,406,328,2025-03-17,2025-04-16
603,948,1575,2024-02-27,2024-03-28
604,426,1080,2025-08-20,2025-09-19
605,155,45,2025-02-19,2025-03-21
606,657,1659,2025-08-08,2025-09-07
607,85,538,2025-07-04,2025-08-03
608,686,137,2024-09-13,2024-10-13
609,840,2895,2025-07-27,2025-08-26
610,901,1602,2024-02-26,2024-03-27
611,298,630,2025-10-14,2025-11-13
612,889,834,2023-12-30,2024-01-29
613,205,2946,2025-06-07,2025-07-07
614,266,2184,2025-04-14,2025-05-14
615,1,870,2025-06-08,2025-07-08
616,173,1440,2025-12-01,2025-12-31
617,34,1941,2024-02-07,2024-03-08
618,768,2659,2025-11-08,2025-12-08
619,394,1065,2025-12-13,2026-01-12
620,719,387,2024-10-09,2024-11-08
621,300,1768,2025-06-27,2025-07-27
622,550,1614,2024-08-10,2024-09-09
623,398,204,2024-10-13,2024-11-12
624,529,1058,2025-01-02,2025-02-01
625,952,459,2025-02-13,2025-03-15
626,435,446,2024-12-15,2025-01-14
627,264,1481,2024-03-28,2024-04-27
628,146,1702,2025-06-19,2025-07-19
629,509,6,2024-04-07,2024-05-07
630,948,502,2024-08-06,2024-09-05
631,981,162,2024-05-15,2024-06-14
632,255,1368,2024-08-30,2024-09-29
633,737,2479,2024-11-25,2024-12-25
634,209,1394,2024-12-14,2025-01-13
635,390,702,2025-02-25,2025-03-27
636,144,2832,2025-01-26,2025-02-25
637,465,2540,2025-07-22,2025-08-21
638,839,449,2024-09-28,2024-10-28
639,208,2232,2025-01-02,2025-02-01
640,607,625,2025-05-07,2025-06-06
641,460,1701,2025-04-02,2025-05-02
642,859,761,2024-05-25,2024-06-24
643,592,1188,2025-11-09,2025-12-09
644,502,1205,2025-10-18,2025-11-17
645,889,2718,2024-08-17,2024-09-16
646,486,2421,2025-04-20,2025-05-20
647,452,2981,2024-06-16,2024-07-16
648,784,80,2024-05-15,2024-06-14
649,865,1235,2025-02-07,2025-03-09
650,967,114,2025-08-04,2025-09-03
651,37,840,2025-04-17,2025-05-17
652,980,231,2025-03-05,2025-04-04
653,824,1582,2025-03-14,2025-04-13
654,797,312,2024-04-06,2024-05-06
655,295,2337,2025-05-12,2025-06-11
656,825,1492,2024-04-03,2024-05-03
657,764,2014,2024-07-16,2024-08-15
658,443,1252,2024-01-01,2024-01-31
659,435,598,2025-04-17,2025-05-17
660,381,2448,2025-04-26,2025-05-26
661,477,361,2025-04-04,2025-05-04
662,522,2214,2024-08-27,2024-09-26
663,589,2002,2024-02-07,2024-03-08
664,36,636,2024-01-26,2024-02-25
665,181,2990,2024-04-15,2024-05-15
666,767,942,2025-03-17,2025-04-16
667,994,640,2025-03-20,2025-04-19
668,197,849,2025-05-31,2025-06-30
669,643,258,2025-01-04,2025-02-03
670,733,2120,2024-04-29,2024-05-29
671,638,422,2025-01-15,2025-02-14
672,884,2753,2025-07-11,2025-08-10
673,222,2298,2024-04-14,2024-05-14
674,573,1091,2024-10-11,2024-11-10
675,483,1944,2025-07-01,2025-07-31
676,735,1717,2025-04-13,2025-05-13
677,297,740,2025-08-04,2025-09-03
678,943,1663,2025-08-25,2025-09-24
679,419,1211,2025-01-08,2025-02-07
680,10,1319,2025-01-28,2025-02-27
681,70,1746,2024-04-29,2024-05-29
682,418,1935,2025-10-29,2025-11-28
683,672,437,2024-01-14,2024-02-13
684,469,470,2025-06-22,2025-07-22
685,830,700,2025-02-26,2025-03-28
686,164,2120,2025-11-25,2025-12-25
687,681,2793,2024-08-05,2024-09-04
688,916,1039,2024-07-16,2024-08-15
689,353,2485,2024-02-13,2024-03-14
690,323,1369,2025-04-13,2025-05-13
691,206,778,2025-01-27,2025-02-26
692,846,2287,2025-07-16,2025-08-15
693,449,2862,2025-10-29,2025-11-28
694,362,788,2025-08-29,2025-09-28
695,146,1602,2025-10-30,2025-11-29
696,716,365,2024-02-14,2024-03-15
697,280,30,2024-12-18,2025-01-17
698,976,910,2025-12-12,2026-01-11
699,848,500,2024-04-01,2024-05-01
700,67,1094,2024-07-16,2024-08-15
701,186,805,2024-05-11,2024-06-10
702,10,2571,2024-09-27,2024-10-27
703,411,2360,2024-03-26,2024-04-25
704,998,776,2024-05-21,2024-06-20
705,530,2436,2024-03-10,2024-04-09
706,970,1945,2025-06-29,2025-07-29
707,675,2815,2024-08-27,2024-09-26
708,631,2269,2025-07-04,2025-08-03
709,613,58,2024-09-07,2024-10-07
710,464,1271,2025-05-02,2025-06-01
711,193,1855,2024-12-03,2025-01-02
712,686,1444,2025-05-05,2025-06-04
713,672,63,2024-03-02,2024-04-01
714,366,941,2025-10-02,2025-11-01
715,44,1134,2025-02-05,2025-03-07
716,634,2951,2024-03-24,2024-04-23
717,361,2968,2025-03-27,2025-04-26
718,726,423,2025-04-01,2025-05-01
719,788,1089,2024-06-21,2024-07-21
720,530,1282,2025-06-12,2025-07-12
721,493,2630,2025-06-04,2025-07-04
722,910,125,2024-01-26,2024-02-25
723,166,1997,2024-08-26,2024-09-25
724,177,1624,2024-04-05,2024-05-05
725,395,444,2024-02-19,2024-03-20
726,327,2253,2024-05-03,2024-06-02
727,804,2784,2024-10-17,2024-11-16
728,484,1114,2024-01-16,2024-02-15
729,676,1415,2024-08-09,2024-09-08
730,1,1005,2025-03-24,2025-04-23
731,884,2292,2025-04-04,2025-05-04
732,485,33,2024-05-24,2024-06-23
733,736,2973,2025-07-28,2025-08-27
734,644,2231,2024-05-02,2024-06-01
735,603,2413,2025-09-12,2025-10-12
736,996,953,2025-05-29,2025-06-28
737,821,1191,2024-09-25,2024-10-25
738,263,1453,2025-04-28,2025-05-28
739,173,1481,2024-02-03,2024-03-04
740,347,592,2024-04-05,2024-05-05
741,40,673,2025-04-27,2025-05-27
742,455,635,2024-06-25,2024-07-25
743,789,447,2025-08-29,2025-09-28
744,521,33,2025-05-24,2025-06-23
745,725,492,2024-10-23,2024-11-22
746,984,842,2024-08-13,2024-09-12
747,407,2010,2024-12-14,2025-01-13
748,215,167,2025-03-27,2025-04-26
749,112,50,2024-09-21,2024-10-21
750,129,842,2024-04-30,2024-05-30
751,78,2116,2025-10-19,2025-11-18
752,908,2432,2024-08-22,2024-09-21
753,744,2382,2024-02-10,2024-03-11
754,93,977,2024-06-14,2024-07-14
755,963,1751,2025-11-19,2025-12-19
756,475,2565,2025-10-12,2025-11-11
757,36,1235,2024-08-18,2024-09-17
758,654,227,2024-08-28,2024-09-27
759,855,1604,2024-09-19,2024-10-19
760,963,2141,2025-02-08,2025-03-10
761,835,377,2024-03-30,2024-04-29
762,102,565,2024-01-20,2024-02-19
763,611,509,2025-02-03,2025-03-05
764,562,1264,2025-08-18,2025-09-17
765,29,144,2025-10-06,2025-11-05
766,299,933,2025-12-13,2026-01-12
767,701,1950,2025-08-07,2025-09-06
768,828,2907,2024-09-10,2024-10-10
769,884,1281,2024-02-06,2024-03-07
770,23,1180,2025-06-06,2025-07-06
771,786,432,2025-10-17,2025-11-16
772,30,2873,2025-11-16,2025-12-16
773,143,297,2025-09-04,2025-10-04
774,707,2696,2025-04-14,2025-05-14
775,782,50,2025-03-26,2025-04-25
776,921,371,2024-03-16,2024-04-15
777,287,714,2024-05-13,2024-06-12
778,482,415,2025-07-06,2025-08-05
779,44,907,2024-09-28,2024-10-28
780,562,2229,2024-12-05,2025-01-04
781,32,720,2025-09-25,2025-10-25
782,966,911,2025-06-21,2025-07-21
783,819,1589,2025-11-03,2025-12-03
784,614,1346,2025-03-28,2025-04-27
785,826,1477,2024-07-18,2024-08-17
786,954,2915,2024-11-25,2024-12-25
787,682,2585,2024-02-02,2024-03-03
788,730,1849,2024-07-05,2024-08-04
789,930,1468,2024-09-22,2024-10-22
790,552,475,2025-01-18,2025-02-17
791,764,2917,2024-01-04,2024-02-03
792,594,221,2024-01-25,2024-02-24
793,614,1590,2024-06-20,2024-07-20
794,250,1347,2025-10-04,2025-11-03
795,489,2338,2024-03-24,2024-04-23
796,483,224,2025-02-08,2025-03-10
797,977,1456,2025-01-29,2025-02-28
798,837,606,2025-05-27,2025-06-26
799,269,561,2025-08-03,2025-09-02
800,822,94,2024-11-09,2024-12-09
801,525,1641,2024-11-22,2024-12-22
802,587,818,2025-05-11,2025-06-10
803,637,512,2025-08-20,2025-09-19
804,316,2239,2024-07-17,2024-08-16
805,365,712,2025-12-08,2026-01-07
806,580,2877,2025-09-03,2025-10-03
807,709,1770,2024-06-24,2024-07-24
808,844,1596,2024-03-16,2024-04-15
809,426,1538,2024-09-10,2024-10-10
810,717,1514,2024-01-29,2024-02-28
811,652,554,2024-10-04,2024-11-03
812,826,2945,2025-04-18,2025-05-18
813,427,1430,2025-04-04,2025-05-04
814,193,930,2024-10-28,2024-11-27
815,271,1754,2024-03-29,2024-04-28
816,930,1116,2024-05-27,2024-06-26
817,780,836,2024-09-04,2024-10-04
818,162,2850,2025-05-28,2025-06-27
819,394,296,2024-01-18,2024-02-17
820,164,2943,2024-02-22,2024-03-23
821,671,1639,2024-10-27,2024-11-26
822,178,2023,2024-03-01,2024-03-31
823,984,1668,2024-09-05,2024-10-05
824,292,1632,2025-07-27,2025-08-26
825,634,21,2024-10-05,2024-11-04
826,946,2549,2025-08-01,2025-08-31
827,283,1464,2024-04-05,2024-05-05
828,183,965,2024-01-03,2024-02-02
829,790,2231,2024-12-29,2025-01-28
830,118,826,2024-08-03,2024-09-02
831,466,565,2025-01-19,2025-02-18
832,391,2391,2025-01-09,2025-02-08
833,351,664,2025-06-09,2025-07-09
834,91,2987,2024-07-02,2024-08-01
835,119,911,2024-05-02,2024-06-01
836,589,135,2025-02-09,2025-03-11
837,283,2628,2025-09-24,2025-10-24
838,135,2746,2024-06-11,2024-07-11
839,900,2535,2024-11-28,2024-12-28
840,950,331,2024-04-20,2024-05-20
841,357,1037,2024-08-23,2024-09-22
842,942,2572,2025-12-23,2026-01-22
843,335,2973,2024-12-13,2025-01-12
844,451,2870,2025-06-14,2025-07-14
845,669,2481,2024-09-21,2024-10-21
846,351,458,2024-08-04,2024-09-03
847,629,1054,2024-01-23,2024-02-22
848,24,1220,2024-04-11,2024-05-11
849,975,2221,2024-04-14,2024-05-14
850,914,2307,2024-02-22,2024-03-23
851,137,1381,2025-02-19,2025-03-21
852,504,1148,2025-02-13,2025-03-15
853,181,2019,2025-06-30,2025-07-30
854,539,793,2024-01-09,2024-02-08
855,147,1499,2025-02-05,2025-03-07
856,440,1353,2025-04-25,2025-05-25
857,653,954,2025-05-18,2025-06-17
858,474,934,2024-12-15,2025-01-14
859,36,2484,2025-07-05,2025-08-04
860,729,2351,2025-04-23,2025-05-23
861,230,1362,2024-05-10,2024-06-09
862,441,1266,2024-08-28,2024-09-27
863,396,1673,2024-11-19,2024-12-19
864,711,2382,2024-10-15,2024-11-14
865,353,1568,2025-08-28,2025-09-27
866,98,962,2024-01-27,2024-02-26
867,463,305,2024-10-10,2024-11-09
868,864,2900,2023-12-31,2024-01-30
869,896,2562,2024-09-08,2024-10-08
870,962,2101,2024-10-01,2024-10-31
871,692,659,2025-06-30,2025-07-30
872,388,1502,2025-05-25,2025-06-24
873,489,1157,2025-01-21,2025-02-20
874,476,345,2024-07-29,2024-08-28
875,208,671,2024-06-11,2024-07-11
876,786,1389,2024-03-03,2024-04-02
877,687,1465,2024-01-08,2024-02-07
878,45,1914,2024-08-12,2024-09-11
879,756,901,2025-11-24,2025-12-24
880,204,305,2024-11-14,2024-12-14
881,339,2273,2024-12-31,2025-01-30
882,774,421,2024-11-21,2024-12-21
883,603,187,2025-08-05,2025-09-04
884,848,1583,2025-09-01,2025-10-01
885,285,74,2025-10-08,2025-11-07
886,469,2191,2025-10-11,2025-11-10
887,861,1888,2024-12-09,2025-01-08
888,163,676,2025-05-23,2025-06-22
889,356,2776,2025-12-23,2026-01-22
890,335,713,2024-07-24,2024-08-23
891,383,2567,2025-05-10,2025-06-09
892,277,2110,2024-09-23,2024-10-23
893,763,2428,2024-01-31,2024-03-01
894,135,1743,2024-04-01,2024-05-01
895,417,1625,2025-08-23,2025-09-22
896,525,2337,2025-06-17,2025-07-17
897,876,1904,2025-10-06,2025-11-05
898,90,2051,2024-07-02,2024-08-01
899,521,755,2024-03-23,2024-04-22
900,103,270,2024-03-23,2024-04-22
901,675,611,2024-01-22,2024-02-21
902,867,824,2025-09-28,2025-10-28
903,251,998,2025-04-13,2025-05-13
904,760,1180,2024-11-19,2024-12-19
905,633,2774,2024-08-28,2024-09-27
906,70,1695,2025-10-06,2025-11-05
907,740,2656,2025-08-22,2025-09-21
908,369,2844,2025-01-27,2025-02-26
909,595,2684,2024-03-02,2024-04-01
910,48,601,2025-05-06,2025-06-05
911,32,102,2025-06-08,2025-07-08
912,709,368,2024-05-15,2024-06-14
913,665,2328,2025-08-20,2025-09-19
914,172,2684,2025-03-19,2025-04-18
915,188,1687,2025-01-17,2025-02-16
916,957,2683,2025-06-28,2025-07-28
917,46,413,2025-03-29,2025-04-28
918,278,379,2024-05-26,2024-06-25
919,273,2347,2025-09-12,2025-10-12
920,106,188,2024-08-04,2024-09-03
921,256,2074,2024-09-06,2024-10-06
922,162,1279,2025-11-19,2025-12-19
923,885,1378,2025-09-01,2025-10-01
924,820,1654,2024-10-25,2024-11-24
925,747,1480,2024-05-15,2024-06-14
926,834,1303,2025-01-15,2025-02-14
927,426,2545,2025-12-27,2026-01-26
928,592,333,2024-08-24,2024-09-23
929,784,2168,2024-01-31,2024-03-01
930,542,1411,2025-10-10,2025-11-09
931,564,2425,2024-05-12,2024-06-11
932,556,2077,2025-05-02,2025-06-01
933,240,2131,2025-06-05,2025-07-05
934,100,2982,2025-10-11,2025-11-10
935,278,1205,2025-10-02,2025-11-01
936,403,2373,2024-02-16,2024-03-17
937,266,1106,2024-09-26,2024-10-26
938,985,2829,2025-05-20,2025-06-19
939,986,1113,2025-04-13,2025-05-13
940,213,2370,2025-08-23,2025-09-22
941,890,2372,2025-03-23,2025-04-22
942,356,1842,2024-07-18,2024-08-17
943,128,2996,2025-11-09,2025-12-09
944,150,148,2024-11-19,2024-12-19
945,825,2980,2024-12-16,2025-01-15
946,933,601,2024-03-01,2024-03-31
947,452,1849,2024-06-07,2024-07-07
948,257,2586,2025-05-17,2025-06-16
949,731,2482,2024-11-12,2024-12-12
950,839,2260,2025-05-26,2025-06-25
951,224,2359,2025-09-21,2025-10-21
952,2,1576,2025-03-19,2025-04-18
953,304,557,2025-07-21,2025-08-20
954,127,2269,2025-04-05,2025-05-05
955,553,1766,2024-03-29,2024-04-28
956,394,1341,2025-12-06,2026-01-05
957,564,497,2024-10-07,2024-11-06
958,242,2024,2024-08-06,2024-09-05
959,640,2427,2024-08-25,2024-09-24
960,916,2294,2024-01-03,2024-02-02
961,911,2706,2025-10-14,2025-11-13
962,134,717,2025-01-26,2025-02-25
963,259,438,2024-12-15,2025-01-14
964,555,1544,2025-03-30,2025-04-29
965,8,2102,2024-07-28,2024-08-27
966,560,2240,2025-04-02,2025-05-02
967,793,2911,2024-12-17,2025-01-16
968,228,398,2025-10-05,2025-11-04
969,881,1611,2024-03-07,2024-04-06
970,486,1312,2024-06-25,2024-07-25
971,414,2718,2024-06-20,2024-07-20
972,275,2686,2024-10-05,2024-11-04
973,907,1177,2025-03-08,2025-04-07
974,562,213,2024-04-13,2024-05-13
975,569,809,2025-11-04,2025-12-04
976,771,403,2025-12-01,2025-12-31
977,770,1426,2024-08-27,2024-09-26
978,192,2042,2024-05-11,2024-06-10
979,236,2734,2024-10-09,2024-11-08
980,641,1397,2024-10-30,2024-11-29
981,419,311,2025-01-09,2025-02-08
982,535,1283,2024-07-10,2024-08-09
983,766,1081,2024-07-13,2024-08-12
984,370,1038,2024-06-08,2024-07-08
985,180,2978,2024-07-11,2024-08-10
986,162,2421,2025-11-30,2025-12-30
987,143,595,2025-05-28,2025-06-27
988,834,1977,2024-10-06,2024-11-05
989,427,2719,2024-02-13,2024-03-14
990,908,2332,2025-08-27,2025-09-26
991,562,1244,2025-04-05,2025-05-05
992,132,2757,2024-11-17,2024-12-17
993,819,1045,2025-09-11,2025-10-11
994,174,1118,2024-05-07,2024-06-06
995,471,1264,2025-07-04,2025-08-03
996,798,2291,2025-01-31,2025-03-02
997,224,739,2024-08-29,2024-09-28
998,874,2999,2024-08-27,2024-09-26
999,349,1265,2024-12-19,2025-01-18
1000,220,2035,2025-11-06,2025-12-06
1001,242,1348,2025-03-12,2025-04-11
1002,964,2172,2024-11-24,2024-12-24
1003,585,2585,2025-09-17,2025-10-17
1004,549,2749,2024-10-28,2024-11-27
1005,684,1596,2025-12-09,2026-01-08
1006,233,1427,2025-04-06,2025-05-06
1007,90,944,2024-10-04,2024-11-03
1008,573,1597,2025-02-01,2025-03-03
1009,769,1042,2024-07-25,2024-08-24
1010,676,1715,2024-01-09,2024-02-08
1011,449,2250,2025-06-27,2025-07-27
1012,593,320,2025-03-15,2025-04-14
1013,183,1826,2025-11-07,2025-12-07
1014,748,551,2025-04-29,2025-05-29
1015,329,1988,2024-03-23,2024-04-22
1016,189,1457,2024-03-14,2024-04-13
1017,612,1753,2024-08-16,2024-09-15
1018,507,1359,2024-02-21,2024-03-22
1019,100,2163,2025-03-08,2025-04-07
1020,44,1104,2024-07-13,2024-08-12
1021,533,1685,2025-08-23,2025-09-22
1022,774,2121,2024-04-28,2024-05-28
1023,183,1196,2025-01-27,2025-02-26
1024,139,275,2024-02-16,2024-03-17
1025,898,1787,2025-11-22,2025-12-22
1026,346,2751,2024-07-05,2024-08-04
1027,773,291,2025-01-05,2025-02-04
1028,536,985,2025-10-14,2025-11-13
1029,889,2135,2025-11-23,2025-12-23
1030,144,117,2025-08-25,2025-09-24
1031,204,2727,2025-10-01,2025-10-31
1032,461,1737,2025-11-09,2025-12-09
1033,975,1556,2025-03-02,2025-04-01
1034,721,1605,2024-10-07,2024-11-06
1035,146,2127,2025-09-01,2025-10-01
1036,689,2799,2025-05-17,2025-06-16
1037,343,2092,2024-04-30,2024-05-30
1038,739,842,2025-02-04,2025-03-06
1039,12,1697,2025-09-13,2025-10-13
1040,198,1400,2025-08-16,2025-09-15
1041,148,1891,2024-09-03,2024-10-03
1042,643,2209,2024-02-11,2024-03-12
1043,688,1171,2024-05-12,2024-06-11
1044,797,746,2025-11-01,2025-12-01
1045,919,223,2024-03-07,2024-04-06
1046,676,2811,2024-09-27,2024-10-27
1047,269,2888,2025-09-26,2025-10-26
1048,398,2572,2025-09-11,2025-10-11
1049,910,2732,2024-11-17,2024-12-17
1050,759,1463,2024-02-08,2024-03-09
1051,453,2385,2024-04-30,2024-05-30
1052,771,2771,2024-02-24,2024-03-25
1053,595,1272,2025-09-27,2025-10-27
1054,690,540,2024-08-07,2024-09-06
1055,288,2982,2024-05-29,2024-06-28
1056,252,2064,2024-10-20,2024-11-19
1057,602,1653,2025-04-22,2025-05-22
1058,380,2358,2025-03-08,2025-04-07
1059,337,2125,2024-05-17,2024-06-16
1060,367,1543,2024-07-28,2024-08-27
1061,289,606,2025-10-28,2025-11-27
1062,467,923,2024-11-12,2024-12-12
1063,733,1253,2024-06-10,2024-07-10
1064,434,763,2024-12-29,2025-01-28
1065,192,2874,2024-04-13,2024-05-13
1066,345,1698,2025-04-18,2025-05-18
1067,133,1812,2024-09-17,2024-10-17
1068,253,2573,2025-07-24,2025-08-23
1069,704,1457,2024-12-09,2025-01-08
1070,931,2973,2024-09-21,2024-10-21
1071,572,2683,2024-10-24,2024-11-23
1072,520,676,2024-07-31,2024-08-30
1073,870,974,2025-07-03,2025-08-02
1074,168,1319,2025-04-16,2025-05-16
1075,316,1353,2025-07-31,2025-08-30
1076,556,321,2025-09-29,2025-10-29
1077,149,2806,2025-10-31,2025-11-30
1078,487,338,2024-09-12,2024-10-12
1079,234,1532,2025-02-25,2025-03-27
1080,504,2502,2025-09-15,2025-10-15
1081,616,2833,2024-08-26,2024-09-25
1082,625,86,2025-07-09,2025-08-08
1083,679,544,2025-10-23,2025-11-22
1084,172,1012,2025-09-27,2025-10-27
1085,926,2664,2024-06-22,2024-07-22
1086,677,15,2025-08-23,2025-09-22
1087,685,1754,2024-01-28,2024-02-27
1088,155,2266,2025-01-03,2025-02-02
1089,85,1198,2024-01-17,2024-02-16
1090,201,1478,2024-02-11,2024-03-12
1091,315,1414,2025-07-19,2025-08-18
1092,83,554,2025-10-20,2025-11-19
1093,244,961,2024-01-14,2024-02-13
1094,294,344,2025-05-07,2025-06-06
1095,99,2407,2025-10-05,2025-11-04
1096,155,666,2025-10-30,2025-11-29
1097,683,2038,2025-08-24,2025-09-23
1098,536,424,2024-06-02,2024-07-02
1099,582,886,2025-02-16,2025-03-18
1100,392,527,2025-04-25,2025-05-25
1101,263,2247,2025-06-22,2025-07-22
1102,928,1540,2025-07-19,2025-08-18
1103,111,2107,2024-08-04,2024-09-03
1104,316,2806,2023-12-31,2024-01-30
1105,130,2467,2025-01-15,2025-02-14
1106,564,250,2024-09-01,2024-10-01
1107,374,1280,2025-04-22,2025-05-22
1108,864,1386,2024-06-02,2024-07-02
1109,608,562,2024-04-23,2024-05-23
1110,933,2812,2025-11-16,2025-12-16
1111,253,108,2024-04-08,2024-05-08
1112,973,178,2024-01-05,2024-02-04
1113,952,797,2024-05-11,2024-06-10
1114,419,258,2025-09-29,2025-10-29
1115,686,2983,2025-05-10,2025-06-09
1116,738,2776,2024-06-28,2024-07-28
1117,882,2448,2025-11-11,2025-12-11
1118,118,1865,2025-12-15,2026-01-14
1119,622,2108,2024-04-03,2024-05-03
1120,794,1816,2024-03-07,2024-04-06
1121,119,1593,2025-07-28,2025-08-27
1122,725,2877,2024-01-19,2024-02-18
1123,150,1470,2025-06-07,2025-07-07
1124,428,2939,2024-12-24,2025-01-23
1125,61,1073,2024-09-15,2024-10-15
1126,324,1647,2024-07-16,2024-08-15
1127,104,1413,2024-07-23,2024-08-22
1128,613,1927,2025-10-14,2025-11-13
1129,386,2592,2025-05-12,2025-06-11
1130,490,2878,2024-08-14,2024-09-13
1131,101,1934,2024-10-22,2024-11-21
1132,404,2081,2024-08-05,2024-09-04
1133,475,2918,2025-09-24,2025-10-24
1134,571,74,2025-12-13,2026-01-12
1135,643,1848,2025-08-05,2025-09-04
1136,875,1716,2025-03-12,2025-04-11
1137,445,112,2025-03-30,2025-04-29
1138,792,1725,2024-01-01,2024-01-31
1139,381,2997,2025-04-01,2025-05-01
1140,853,478,2025-02-28,2025-03-30
1141,95,1789,2024-12-11,2025-01-10
1142,789,495,2024-06-21,2024-07-21
1143,410,1000,2025-08-03,2025-09-02
1144,773,90,2025-02-04,2025-03-06
1145,498,116,2025-08-21,2025-09-20
1146,141,2689,2025-04-01,2025-05-01
1147,330,2089,2025-06-09,2025-07-09
1148,48,770,2024-09-20,2024-10-20
1149,553,2269,2024-03-24,2024-04-23
1150,270,900,2024-03-08,2024-04-07
1151,88,2818,2024-03-01,2024-03-31
1152,71,1708,2025-05-04,2025-06-03
1153,106,994,2025-05-05,2025-06-04
1154,942,1533,2025-03-05,2025-04-04
1155,311,255,2024-12-29,2025-01-28
1156,796,2933,2025-09-14,2025-10-14
1157,984,618,2024-04-06,2024-05-06
1158,395,1885,2025-08-08,2025-09-07
1159,88,2090,2024-07-31,2024-08-30
1160,516,1353,2025-11-30,2025-12-30
1161,517,311,2025-05-17,2025-06-16
1162,56,2082,2024-11-10,2024-12-10
1163,567,2660,2024-07-09,2024-08-08
1164,405,1335,2024-07-16,2024-08-15
1165,703,785,2025-02-21,2025-03-23
1166,460,1633,2024-02-09,2024-03-10
1167,222,748,2025-08-27,2025-09-26
1168,372,246,2024-06-10,2024-07-10
1169,148,636,2024-10-21,2024-11-20
1170,324,473,2024-02-08,2024-03-09
1171,672,2083,2025-08-06,2025-09-05
1172,359,1920,2025-01-10,2025-02-09
1173,81,53,2025-07-15,2025-08-14
1174,382,1074,2024-04-14,2024-05-14
1175,678,936,2024-10-27,2024-11-26
1176,726,689,2024-06-05,2024-07-05
1177,435,1868,2024-10-13,2024-11-12
1178,386,246,2025-09-26,2025-10-26
1179,879,2600,2025-02-08,2025-03-10
1180,270,1838,2024-06-23,2024-07-23
1181,911,243,2025-02-05,2025-03-07
1182,624,257,2024-07-25,2024-08-24
1183,742,1985,2025-08-31,2025-09-30
1184,45,212,2024-01-06,2024-02-05
1185,737,1286,2024-04-12,2024-05-12
1186,534,402,2025-04-30,2025-05-30
1187,595,1325,2024-02-21,2024-03-22
1188,118,1498,2024-03-23,2024-04-22
1189,426,296,2025-01-09,2025-02-08
1190,944,658,2024-10-22,2024-11-21
1191,608,1842,2025-04-28,2025-05-28
1192,917,1099,2024-12-19,2025-01-18
1193,386,1456,2024-11-26,2024-12-26
1194,457,609,2024-05-09,2024-06-08
1195,801,464,2024-12-03,2025-01-02
1196,843,754,2025-10-14,2025-11-13
1197,746,1740,2024-03-18,2024-04-17
1198,387,2579,2024-02-21,2024-03-22
1199,87,1449,2025-08-12,2025-09-11
1200,664,913,2024-10-04,2024-11-03
1201,800,1342,2025-10-07,2025-11-06
1202,650,107,2025-08-04,2025-09-03
1203,176,1451,2025-02-19,2025-03-21
1204,843,2127,2024-08-27,2024-09-26
1205,822,2454,2025-05-24,2025-06-23
1206,812,783,2024-05-13,2024-06-12
1207,632,1703,2024-11-28,2024-12-28
1208,657,2831,2025-04-14,2025-05-14
1209,205,605,2024-08-26,2024-09-25
1210,24,1733,2024-01-22,2024-02-21
1211,535,1693,2024-04-12,2024-05-12
1212,141,726,2025-05-04,2025-06-03
1213,470,1772,2024-08-21,2024-09-20
1214,339,78,2025-11-21,2025-12-21
1215,722,1686,2024-11-23,2024-12-23
1216,444,1920,2024-09-13,2024-10-13
1217,823,2747,2024-01-13,2024-02-12
1218,256,127,2024-09-08,2024-10-08
1219,460,439,2025-11-26,2025-12-26
1220,878,649,2024-01-06,2024-02-05
1221,362,2625,2024-09-05,2024-10-05
1222,806,1964,2025-09-10,2025-10-10
1223,279,461,2024-08-22,2024-09-21
1224,128,545,2024-07-11,2024-08-10
1225,883,2110,2024-10-22,2024-11-21
1226,993,2275,2025-03-29,2025-04-28
1227,227,1479,2024-06-04,2024-07-04
1228,981,1394,2025-03-10,2025-04-09
1229,906,2189,2025-01-23,2025-02-22
1230,901,2024,2024-08-15,2024-09-14
1231,456,1079,2025-12-21,2026-01-20
1232,855,1238,2024-05-21,2024-06-20
1233,670,2616,2025-01-01,2025-01-31
1234,432,2717,2023-12-30,2024-01-29
1235,376,724,2024-05-30,2024-06-29
1236,939,942,2025-09-03,2025-10-03
1237,664,2672,2025-06-05,2025-07-05
1238,722,1996,2025-02-18,2025-03-20
1239,671,1829,2025-10-22,2025-11-21
1240,126,1174,2024-12-07,2025-01-06
1241,714,1750,2024-08-08,2024-09-07
1242,110,2535,2025-11-17,2025-12-17
1243,905,1688,2025-05-03,2025-06-02
1244,917,1984,2025-06-05,2025-07-05
1245,39,1244,2025-01-02,2025-02-01
1246,146,2489,2024-11-06,2024-12-06
1247,715,1216,2024-02-07,2024-03-08
1248,381,301,2025-12-22,2026-01-21
1249,67,2485,2025-11-29,2025-12-29
1250,925,1555,2025-08-07,2025-09-06
1251,798,1974,2025-03-03,2025-04-02
1252,884,659,2024-09-12,2024-10-12
1253,273,1375,2025-04-12,2025-05-12
1254,527,455,2024-02-22,2024-03-23
1255,1000,2716,2025-08-17,2025-09-16
1256,398,1231,2025-09-23,2025-10-23
1257,934,2962,2025-03-31,2025-04-30
1258,866,2543,2025-01-22,2025-02-21
1259,185,859,2024-04-26,2024-05-26
1260,489,942,2024-07-16,2024-08-15
1261,928,1855,2024-12-06,2025-01-05
1262,184,1110,2024-04-12,2024-05-12
1263,584,155,2025-03-28,2025-04-27
1264,91,2905,2024-12-13,2025-01-12
1265,363,2305,2025-08-07,2025-09-06
1266,150,2869,2025-03-08,2025-04-07
1267,479,2552,2024-06-02,2024-07-02
1268,265,2131,2024-09-05,2024-10-05
1269,896,2200,2024-09-07,2024-10-07
1270,727,2959,2025-11-25,2025-12-25
1271,875,2105,2024-05-19,2024-06-18
1272,451,203,2024-07-27,2024-08-26
1273,220,1755,2024-06-13,2024-07-13
1274,545,2507,2024-04-09,2024-05-09
1275,52,2458,2025-09-24,2025-10-24
1276,611,1133,2025-11-28,2025-12-28
1277,524,757,2024-03-02,2024-04-01
1278,231,727,2025-08-18,2025-09-17
1279,323,1432,2024-11-26,2024-12-26
1280,781,1998,2025-11-21,2025-12-21
1281,26,606,2025-06-13,2025-07-13
1282,676,496,2025-01-29,2025-02-28
1283,602,2257,2024-12-18,2025-01-17
1284,513,2693,2025-01-23,2025-02-22
1285,237,1349,2024-07-22,2024-08-21
1286,962,2193,2024-05-30,2024-06-29
1287,30,16,2025-01-18,2025-02-17
1288,68,537,2025-10-18,2025-11-17
1289,122,2751,2024-07-02,2024-08-01
1290,453,899,2024-05-30,2024-06-29
1291,343,1243,2024-07-25,2024-08-24
1292,799,880,2025-11-18,2025-12-18
1293,114,919,2024-02-11,2024-03-12
1294,825,384,2023-12-28,2024-01-27
1295,543,2606,2025-04-15,2025-05-15
1296,347,2879,2025-02-24,2025-03-26
1297,500,423,2024-11-01,2024-12-01
1298,981,274,2024-02-03,2024-03-04
1299,816,2515,2025-07-20,2025-08-19
1300,651,2191,2024-02-17,2024-03-18
1301,614,1123,2025-06-27,2025-07-27
1302,653,252,2025-11-05,2025-12-05
1303,801,1903,2025-01-07,2025-02-06
1304,209,2083,2024-07-13,2024-08-12
1305,288,1137,2024-02-05,2024-03-06
1306,523,877,2025-01-25,2025-02-24
1307,891,1776,2025-02-09,2025-03-11
1308,482,2337,2025-10-07,2025-11-06
1309,800,1114,2024-02-10,2024-03-11
1310,330,981,2024-05-17,2024-06-16
1311,763,2340,2024-06-20,2024-07-20
1312,452,1293,2025-09-07,2025-10-07
1313,287,1120,2024-09-18,2024-10-18
1314,469,870,2024-10-20,2024-11-19
1315,683,2211,2024-04-01,2024-05-01
1316,413,1992,2025-12-22,2026-01-21
1317,843,544,2024-01-02,2024-02-01
1318,5,1476,2024-04-15,2024-05-15
1319,712,154,2024-06-10,2024-07-10
1320,907,1964,2024-04-07,2024-05-07
1321,746,736,2024-02-15,2024-03-16
1322,484,2746,2025-02-01,2025-03-03
1323,598,2301,2025-06-08,2025-07-08
1324,180,2151,2024-04-09,2024-05-09
1325,844,966,2025-05-19,2025-06-18
1326,693,2797,2024-09-11,2024-10-11
1327,599,1401,2024-06-03,2024-07-03
1328,434,8,2024-11-09,2024-12-09
1329,776,1788,2024-07-22,2024-08-21
1330,871,602,2025-07-22,2025-08-21
1331,252,1132,2025-03-02,2025-04-01
1332,329,2860,2024-01-01,2024-01-31
1333,85,240,2024-05-21,2024-06-20
1334,459,750,2025-03-01,2025-03-31
1335,192,1172,2025-01-15,2025-02-14
1336,870,1114,2024-09-15,2024-10-15
1337,20,1321,2025-08-01,2025-08-31
1338,562,2276,2024-01-19,2024-02-18
1339,380,1398,2024-04-08,2024-05-08
1340,124,530,2024-11-01,2024-12-01
1341,350,1670,2025-08-23,2025-09-22
1342,304,959,2024-12-04,2025-01-03
1343,44,1365,2025-04-06,2025-05-06
1344,779,797,2025-11-22,2025-12-22
1345,368,2794,2025-06-14,2025-07-14
1346,610,2833,2024-10-23,2024-11-22
1347,194,2078,2024-01-22,2024-02-21
1348,60,2444,2024-03-10,2024-04-09
1349,650,2238,2024-12-11,2025-01-10
1350,708,126,2025-02-16,2025-03-18
1351,264,2961,2025-04-25,2025-05-25
1352,350,796,2025-08-29,2025-09-28
1353,504,1949,2025-08-28,2025-09-27
1354,631,981,2024-12-23,2025-01-22
1355,894,1527,2024-04-05,2024-05-05
1356,766,2796,2024-06-04,2024-07-04
1357,316,390,2024-01-04,2024-02-03
1358,119,818,2024-04-18,2024-05-18
1359,256,1313,2025-08-26,2025-09-25
1360,188,699,2025-11-24,2025-12-24
1361,775,595,2025-08-31,2025-09-30
1362,444,2924,2025-02-16,2025-03-18
1363,647,85,2025-08-07,2025-09-06
1364,956,937,2024-03-06,2024-04-05
1365,560,663,2024-01-05,2024-02-04
1366,291,2345,2025-10-09,2025-11-08
1367,203,1540,2025-11-19,2025-12-19
1368,135,1737,2024-06-11,2024-07-11
1369,73,2839,2025-12-02,2026-01-01
1370,271,432,2025-09-18,2025-10-18
1371,350,2490,2025-11-19,2025-12-19
1372,718,241,2024-10-24,2024-11-23
1373,387,2775,2025-07-12,2025-08-11
1374,146,1584,2024-02-29,2024-03-30
1375,813,1368,2024-11-17,2024-12-17
1376,851,2479,2024-07-11,2024-08-10
1377,520,1134,2025-07-22,2025-08-21
1378,939,1623,2024-02-29,2024-03-30
1379,595,2378,2025-09-15,2025-10-15
1380,491,830,2024-08-27,2024-09-26
1381,546,1193,2025-12-12,2026-01-11
1382,346,1270,2025-08-14,2025-09-13
1383,959,1111,2025-06-16,2025-07-16
1384,579,2506,2025-12-22,2026-01-21
1385,473,1425,2025-11-20,2025-12-20
1386,248,2084,2025-07-22,2025-08-21
1387,815,2686,2025-07-14,2025-08-13
1388,252,936,2024-02-20,2024-03-21
1389,27,216,2025-10-31,2025-11-30
1390,492,2211,2025-03-08,2025-04-07
1391,916,2606,2025-11-10,2025-12-10
1392,62,110,2025-03-21,2025-04-20
1393,39,2762,2024-11-11,2024-12-11
1394,281,2824,2024-12-05,2025-01-04
1395,609,1595,2025-09-21,2025-10-21
1396,33,1675,2024-07-30,2024-08-29
1397,874,640,2024-12-02,2025-01-01
1398,167,695,2025-10-18,2025-11-17
1399,472,2663,2023-12-28,2024-01-27
1400,223,860,2025-04-28,2025-05-28
1401,539,2015,2024-02-06,2024-03-07
1402,134,484,2024-04-03,2024-05-03
1403,434,2422,2025-05-08,2025-06-07
1404,268,2503,2024-03-17,2024-04-16
1405,587,656,2024-07-09,2024-08-08
1406,341,2455,2024-06-21,2024-07-21
1407,711,2256,2024-02-10,2024-03-11
1408,496,2583,2025-12-12,2026-01-11
1409,655,2900,2025-06-08,2025-07-08
1410,270,1648,2025-11-18,2025-12-18
1411,158,199,2025-08-25,2025-09-24
1412,742,2198,2025-01-05,2025-02-04
1413,234,1113,2025-05-21,2025-06-20
1414,808,350,2024-02-02,2024-03-03
1415,625,871,2023-12-30,2024-01-29
1416,733,1830,2025-01-22,2025-02-21
1417,326,2979,2024-03-10,2024-04-09
1418,703,1745,2025-03-07,2025-04-06
1419,811,2288,2025-01-15,2025-02-14
1420,151,1545,2025-09-11,2025-10-11
1421,13,585,2024-05-14,2024-06-13
1422,243,1749,2024-03-10,2024-04-09
1423,17,1664,2024-02-03,2024-03-04
1424,108,1632,2025-10-30,2025-11-29
1425,251,2028,2024-03-18,2024-04-17
1426,410,768,2025-08-28,2025-09-27
1427,436,1950,2024-08-14,2024-09-13
1428,505,712,2024-07-08,2024-08-07
1429,377,1825,2025-08-11,2025-09-10
1430,796,203,2023-12-28,2024-01-27
1431,252,2216,2025-04-08,2025-05-08
1432,37,1122,2024-11-02,2024-12-02
1433,430,1641,2024-12-04,2025-01-03
1434,3,2643,2025-10-30,2025-11-29
1435,373,742,2025-08-02,2025-09-01
1436,846,1818,2025-05-06,2025-06-05
1437,603,628,2025-06-30,2025-07-30
1438,789,4,2024-09-16,2024-10-16
1439,974,2365,2024-06-24,2024-07-24
1440,66,2267,2024-06-29,2024-07-29
1441,144,1398,2025-02-22,2025-03-24
1442,946,957,2025-07-07,2025-08-06
1443,501,464,2025-11-03,2025-12-03
1444,308,743,2024-06-18,2024-07-18
1445,354,2386,2025-10-01,2025-10-31
1446,878,126,2025-05-31,2025-06-30
1447,204,1560,2024-11-23,2024-12-23
1448,293,1887,2024-04-27,2024-05-27
1449,105,19,2024-10-27,2024-11-26
1450,340,994,2025-10-14,2025-11-13
1451,601,852,2025-05-28,2025-06-27
1452,64,2859,2024-07-16,2024-08-15
1453,832,360,2024-10-14,2024-11-13
1454,832,269,2024-04-04,2024-05-04
1455,285,860,2025-10-25,2025-11-24
1456,602,1784,2025-03-10,2025-04-09
1457,290,1814,2024-02-10,2024-03-11
1458,148,1019,2024-03-29,2024-04-28
1459,379,2556,2024-01-13,2024-02-12
1460,828,2761,2025-04-07,2025-05-07
1461,475,1112,2025-11-24,2025-12-24
1462,227,65,2025-02-07,2025-03-09
1463,135,408,2024-03-21,2024-04-20
1464,661,1256,2024-11-01,2024-12-01
1465,684,1820,2024-01-01,2024-01-31
1466,969,2229,2024-05-25,2024-06-24
1467,256,2491,2025-02-18,2025-03-20
1468,630,1882,2025-09-08,2025-10-08
1469,795,533,2024-12-09,2025-01-08
1470,306,2884,2024-01-04,2024-02-03
1471,748,2414,2025-01-19,2025-02-18
1472,777,729,2024-05-31,2024-06-30
1473,946,388,2025-03-23,2025-04-22
1474,59,2517,2025-07-17,2025-08-16
1475,662,1337,2025-09-09,2025-10-09
1476,407,304,2024-12-04,2025-01-03
1477,716,2570,2025-04-10,2025-05-10
1478,935,201,2024-06-13,2024-07-13
1479,19,2229,2025-08-23,2025-09-22
1480,368,2304,2025-05-26,2025-06-25
1481,655,705,2024-09-06,2024-10-06
1482,375,949,2024-08-08,2024-09-07
1483,542,318,2025-09-06,2025-10-06
1484,875,2820,2025-09-06,2025-10-06
1485,758,155,2025-03-19,2025-04-18
1486,676,981,2025-08-06,2025-09-05
1487,190,405,2025-05-07,2025-06-06
1488,128,1684,2025-06-06,2025-07-06
1489,849,36,2025-04-26,2025-05-26
1490,771,2684,2024-12-05,2025-01-04
1491,261,260,2025-12-21,2026-01-20
1492,448,1447,2025-06-25,2025-07-25
1493,909,2717,2024-03-06,2024-04-05
1494,873,1288,2024-07-29,2024-08-28
1495,576,2901,2025-12-07,2026-01-06
1496,645,1194,2025-12-16,2026-01-15
1497,637,254,2024-02-06,2024-03-07
1498,696,1407,2025-05-05,2025-06-04
1499,477,67,2024-01-31,2024-03-01
1500,474,2258,2024-11-28,2024-12-28
1501,996,2977,2025-06-03,2025-07-03
1502,494,1491,2024-08-23,2024-09-22
1503,748,1664,2024-01-27,2024-02-26
1504,772,909,2025-01-13,2025-02-12
1505,122,1504,2024-04-17,2024-05-17
1506,175,1792,2024-07-30,2024-08-29
1507,603,34,2024-05-04,2024-06-03
1508,514,1550,2025-01-03,2025-02-02
1509,108,2943,2024-01-17,2024-02-16
1510,2,472,2024-09-13,2024-10-13
1511,734,1982,2024-12-11,2025-01-10
1512,333,1297,2024-06-04,2024-07-04
1513,436,2707,2024-06-22,2024-07-22
1514,791,2453,2024-07-27,2024-08-26
1515,224,1661,2025-01-27,2025-02-26
1516,771,2100,2024-11-04,2024-12-04
1517,269,1958,2025-08-17,2025-09-16
1518,517,882,2024-12-24,2025-01-23
1519,599,940,2025-05-08,2025-06-07
1520,198,1047,2024-12-05,2025-01-04
1521,718,1971,2025-12-10,2026-01-09
1522,791,2813,2024-09-25,2024-10-25
1523,317,369,2025-11-01,2025-12-01
1524,30,2647,2025-01-24,2025-02-23
1525,578,1035,2025-08-30,2025-09-29
1526,495,937,2025-09-26,2025-10-26
1527,996,1428,2025-03-02,2025-04-01
1528,801,2482,2025-08-27,2025-09-26
1529,526,1530,2025-10-25,2025-11-24
1530,422,576,2025-12-14,2026-01-13
1531,110,2136,2025-06-14,2025-07-14
1532,611,2953,2024-07-18,2024-08-17
1533,571,2959,2025-04-11,2025-05-11
1534,449,34,2024-02-16,2024-03-17
1535,750,2674,2024-01-16,2024-02-15
1536,242,1909,2024-06-15,2024-07-15
1537,943,2322,2024-04-27,2024-05-27
1538,172,2304,2025-09-18,2025-10-18
1539,243,2751,2024-04-16,2024-05-16
1540,747,1301,2024-08-02,2024-09-01
1541,652,1237,2024-07-30,2024-08-29
1542,970,2211,2025-03-20,2025-04-19
1543,155,1079,2024-08-27,2024-09-26
1544,521,1307,2025-06-13,2025-07-13
1545,794,820,2024-05-03,2024-06-02
1546,235,2251,2025-02-14,2025-03-16
1547,799,2996,2025-10-30,2025-11-29
1548,626,457,2025-05-03,2025-06-02
1549,127,416,2024-09-21,2024-10-21
1550,413,2002,2025-05-05,2025-06-04
1551,582,868,2024-02-25,2024-03-26
1552,921,18,2024-02-19,2024-03-20
1553,235,1574,2025-06-07,2025-07-07
1554,403,2790,2025-12-03,2026-01-02
1555,400,2865,2024-07-17,2024-08-16
1556,228,2200,2025-11-20,2025-12-20
1557,779,1226,2024-08-04,2024-09-03
1558,800,1147,2024-09-25,2024-10-25
1559,200,2091,2024-04-20,2024-05-20
1560,840,168,2025-01-14,2025-02-13
1561,562,2159,2024-01-22,2024-02-21
1562,388,2941,2024-09-12,2024-10-12
1563,250,1861,2024-04-28,2024-05-28
1564,964,142,2024-04-17,2024-05-17
1565,302,1644,2025-10-03,2025-11-02
1566,111,1780,2024-07-15,2024-08-14
1567,934,964,2024-07-04,2024-08-03
1568,90,694,2024-09-08,2024-10-08
1569,940,2775,2025-09-14,2025-10-14
1570,719,1665,2025-04-11,2025-05-11
1571,343,1618,2025-01-08,2025-02-07
1572,109,776,2023-12-29,2024-01-28
1573,521,2225,2025-02-09,2025-03-11
1574,970,2197,2024-10-27,2024-11-26
1575,575,1524,2024-05-01,2024-05-31
1576,318,1557,2024-03-15,2024-04-14
1577,764,2562,2024-08-06,2024-09-05
1578,525,21,2024-03-11,2024-04-10
1579,935,2570,2024-02-15,2024-03-16
1580,560,1216,2025-09-11,2025-10-11
1581,386,2495,2024-10-04,2024-11-03
1582,823,706,2024-06-03,2024-07-03
1583,711,1019,2024-03-10,2024-04-09
1584,796,2652,2024-01-18,2024-02-17
1585,584,2950,2024-05-27,2024-06-26
1586,824,881,2024-10-03,2024-11-02
1587,71,353,2025-08-25,2025-09-24
1588,721,2745,2025-09-18,2025-10-18
1589,961,631,2025-10-04,2025-11-03
1590,777,2678,2024-09-19,2024-10-19
1591,207,72,2024-08-26,2024-09-25
1592,414,1384,2024-01-30,2024-02-29
1593,798,738,2025-08-05,2025-09-04
1594,507,2008,2025-06-28,2025-07-28
1595,269,1076,2025-03-15,2025-04-14
1596,37,2848,2025-05-21,2025-06-20
1597,580,1801,2025-04-10,2025-05-10
1598,143,1003,2025-05-14,2025-06-13
1599,348,2435,2024-03-31,2024-04-30
1600,1,1013,2025-08-29,2025-09-28
1601,846,2990,2024-12-28,2025-01-27
1602,599,1749,2024-09-06,2024-10-06
1603,688,466,2024-01-09,2024-02-08
1604,400,2320,2024-03-19,2024-04-18
1605,890,300,2025-06-04,2025-07-04
1606,863,2110,2025-11-23,2025-12-23
1607,191,2599,2023-12-29,2024-01-28
1608,390,2779,2024-07-07,2024-08-06
1609,437,1781,2024-12-16,2025-01-15
1610,986,174,2025-08-11,2025-09-10
1611,522,2979,2025-01-13,2025-02-12
1612,831,1617,2025-01-11,2025-02-10
1613,363,1581,2024-06-07,2024-07-07
1614,28,2273,2024-06-06,2024-07-06
1615,902,481,2024-12-19,2025-01-18
1616,10,2665,2024-04-20,2024-05-20
1617,610,1598,2024-07-21,2024-08-20
1618,98,652,2024-03-06,2024-04-05
1619,804,2319,2024-06-05,2024-07-05
1620,836,1065,2025-10-18,2025-11-17
1621,663,106,2025-07-18,2025-08-17
1622,839,976,2024-02-04,2024-03-05
1623,120,2196,2025-12-18,2026-01-17
1624,701,2322,2024-07-09,2024-08-08
1625,737,1085,2024-11-08,2024-12-08
1626,549,2079,2025-02-12,2025-03-14
1627,236,2958,2025-10-19,2025-11-18
1628,854,1408,2025-07-01,2025-07-31
1629,502,536,2024-10-07,2024-11-06
1630,806,2140,2025-12-17,2026-01-16
1631,793,1189,2025-04-07,2025-05-07
1632,932,1187,2024-10-24,2024-11-23
1633,536,871,2025-10-10,2025-11-09
1634,593,201,2024-02-18,2024-03-19
1635,992,269,2025-10-27,2025-11-26
1636,406,2741,2025-05-24,2025-06-23
1637,857,2031,2025-08-08,2025-09-07
1638,571,769,2024-01-31,2024-03-01
1639,515,899,2025-08-04,2025-09-03
1640,388,2180,2025-04-28,2025-05-28
1641,378,2616,2025-05-11,2025-06-10
1642,613,349,2024-03-18,2024-04-17
1643,420,555,2025-04-15,2025-05-15
1644,62,2093,2025-07-08,2025-08-07
1645,746,1564,2024-10-09,2024-11-08
1646,253,767,2024-06-23,2024-07-23
1647,690,1617,2025-09-03,2025-10-03
1648,988,1265,2025-12-05,2026-01-04
1649,444,1113,2025-11-23,2025-12-23
1650,496,692,2024-03-26,2024-04-25
1651,326,317,2025-09-10,2025-10-10
1652,606,1626,2025-06-24,2025-07-24
1653,613,2289,2024-04-05,2024-05-05
1654,309,1316,2025-08-12,2025-09-11
1655,443,1627,2025-09-27,2025-10-27
1656,510,1784,2025-10-06,2025-11-05
1657,977,1931,2025-09-01,2025-10-01
1658,672,957,2024-08-31,2024-09-30
1659,818,1291,2024-06-08,2024-07-08
1660,354,1299,2024-04-21,2024-05-21
1661,2,292,2024-03-05,2024-04-04
1662,872,536,2025-09-21,2025-10-21
1663,551,909,2025-09-11,2025-10-11
1664,810,2055,2025-10-21,2025-11-20
1665,553,406,2025-05-30,2025-06-29
1666,702,813,2025-02-20,2025-03-22
1667,340,2393,2024-04-24,2024-05-24
1668,300,896,2025-07-30,2025-08-29
1669,41,2503,2025-07-19,2025-08-18
1670,544,902,2025-05-07,2025-06-06
1671,862,1412,2024-08-09,2024-09-08
1672,106,2848,2025-06-07,2025-07-07
1673,533,59,2025-05-25,2025-06-24
1674,923,631,2025-12-01,2025-12-31
1675,545,1794,2025-05-07,2025-06-06
1676,323,190,2025-05-30,2025-06-29
1677,356,2954,2025-11-16,2025-12-16
1678,221,1776,2025-07-04,2025-08-03
1679,525,1403,2025-11-02,2025-12-02
1680,946,2368,2025-05-10,2025-06-09
1681,985,1793,2025-01-03,2025-02-02
1682,642,2405,2025-12-05,2026-01-04
1683,968,1423,2024-05-02,2024-06-01
1684,460,418,2025-06-20,2025-07-20
1685,724,1022,2024-05-20,2024-06-19
1686,799,2101,2024-11-10,2024-12-10
1687,802,1968,2024-05-14,2024-06-13
1688,483,983,2025-02-27,2025-03-29
1689,368,1376,2023-12-29,2024-01-28
1690,29,893,2024-09-18,2024-10-18
1691,213,2295,2024-11-22,2024-12-22
1692,205,2799,2025-02-25,2025-03-27
1693,940,81,2024-07-25,2024-08-24
1694,427,1552,2024-03-30,2024-04-29
1695,431,1785,2024-10-15,2024-11-14
1696,19,684,2024-05-11,2024-06-10
1697,195,152,2024-07-02,2024-08-01
1698,974,2756,2025-09-15,2025-10-15
1699,116,1513,2025-03-26,2025-04-25
1700,588,1819,2025-02-24,2025-03-26
1701,421,1862,2025-05-30,2025-06-29
1702,710,22,2025-02-12,2025-03-14
1703,308,1945,2024-08-08,2024-09-07
1704,290,2916,2024-06-23,2024-07-23
1705,860,213,2025-02-23,2025-03-25
1706,837,406,2025-09-08,2025-10-08
1707,457,1061,2025-07-03,2025-08-02
1708,575,22,2025-03-06,2025-04-05
1709,85,1687,2024-10-18,2024-11-17
1710,352,1031,2024-10-26,2024-11-25
1711,216,2407,2025-02-18,2025-03-20
1712,957,523,2025-02-22,2025-03-24
1713,673,1154,2024-11-19,2024-12-19
1714,547,2778,2025-08-18,2025-09-17
1715,620,2781,2025-10-18,2025-11-17
1716,281,1809,2024-12-16,2025-01-15
1717,305,837,2025-01-23,2025-02-22
1718,719,2607,2025-11-05,2025-12-05
1719,699,1439,2024-03-19,2024-04-18
1720,919,1963,2024-11-15,2024-12-15
1721,788,2360,2025-02-17,2025-03-19
1722,78,455,2024-12-19,2025-01-18
1723,228,2004,2025-10-06,2025-11-05
1724,314,1459,2025-01-24,2025-02-23
1725,88,400,2025-11-02,2025-12-02
1726,443,712,2024-10-20,2024-11-19
1727,541,202,2025-02-14,2025-03-16
1728,961,125,2025-07-31,2025-08-30
1729,787,2107,2025-04-10,2025-05-10
1730,559,109,2024-01-11,2024-02-10
1731,668,2350,2025-01-08,2025-02-07
1732,88,2728,2025-10-01,2025-10-31
1733,618,2092,2025-12-08,2026-01-07
1734,634,1175,2024-01-03,2024-02-02
1735,344,635,2024-11-27,2024-12-27
1736,171,664,2024-07-01,2024-07-31
1737,62,848,2024-09-25,2024-10-25
1738,289,2209,2024-08-17,2024-09-16
1739,6,244,2024-03-19,2024-04-18
1740,573,2647,2025-10-04,2025-11-03
1741,962,451,2025-12-08,2026-01-07
1742,267,936,2025-12-03,2026-01-02
1743,539,2492,2024-11-06,2024-12-06
1744,477,2938,2024-07-06,2024-08-05
1745,387,2818,2025-10-23,2025-11-22
1746,768,2452,2024-07-17,2024-08-16
1747,60,1284,2025-09-29,2025-10-29
1748,970,1281,2025-07-02,2025-08-01
1749,787,1866,2025-03-25,2025-04-24
1750,475,1496,2024-11-12,2024-12-12
1751,403,915,2024-11-25,2024-12-25
1752,659,1178,2025-07-04,2025-08-03
1753,331,1550,2025-01-20,2025-02-19
1754,734,1337,2025-03-18,2025-04-17
1755,610,1763,2024-02-27,2024-03-28
1756,670,243,2024-10-02,2024-11-01
1757,171,762,2024-12-29,2025-01-28
1758,306,1118,2025-03-14,2025-04-13
1759,937,336,2025-12-04,2026-01-03
1760,373,792,2025-12-06,2026-01-05
1761,998,325,2023-12-30,2024-01-29
1762,731,1376,2024-10-25,2024-11-24
1763,3,2785,2025-06-08,2025-07-08
1764,55,1509,2025-10-12,2025-11-11
1765,490,2180,2025-11-16,2025-12-16
1766,134,1172,2025-06-13,2025-07-13
1767,466,2245,2025-04-24,2025-05-24
1768,490,2616,2024-03-05,2024-04-04
1769,871,1234,2024-06-25,2024-07-25
1770,537,2512,2024-01-25,2024-02-24
1771,662,514,2024-03-18,2024-04-17
1772,641,2443,2025-07-30,2025-08-29
1773,145,2352,2024-04-24,2024-05-24
1774,164,2031,2025-01-07,2025-02-06
1775,728,2490,2025-02-19,2025-03-21
1776,524,651,2024-06-18,2024-07-18
1777,886,92,2025-03-14,2025-04-13
1778,293,1062,2024-12-24,2025-01-23
1779,748,257,2025-10-07,2025-11-06
1780,977,1065,2024-03-03,2024-04-02
1781,193,390,2024-07-29,2024-08-28
1782,990,1342,2025-12-01,2025-12-31
1783,87,2141,2024-10-07,2024-11-06
1784,233,2811,2025-11-29,2025-12-29
1785,132,281,2024-08-16,2024-09-15
1786,298,2385,2025-12-15,2026-01-14
1787,168,2737,2025-03-08,2025-04-07
1788,132,2567,2025-04-21,2025-05-21
1789,397,1209,2024-09-26,2024-10-26
1790,164,1259,2024-03-05,2024-04-04
1791,863,1238,2024-03-24,2024-04-23
1792,124,122,2025-10-03,2025-11-02
1793,945,1359,2024-07-25,2024-08-24
1794,870,2497,2024-04-02,2024-05-02
1795,734,1452,2024-04-03,2024-05-03
1796,893,2409,2024-10-10,2024-11-09
1797,252,1422,2025-01-10,2025-02-09
1798,232,463,2024-01-18,2024-02-17
1799,771,1675,2025-05-19,2025-06-18
1800,267,949,2025-02-20,2025-03-22
1801,372,2519,2024-03-11,2024-04-10
1802,200,1325,2025-01-04,2025-02-03
1803,402,343,2025-02-14,2025-03-16
1804,990,527,2024-11-01,2024-12-01
1805,512,1995,2025-04-07,2025-05-07
1806,540,880,2025-03-01,2025-03-31
1807,958,1853,2025-12-03,2026-01-02
1808,291,142,2024-02-23,2024-03-24
1809,143,297,2024-02-19,2024-03-20
1810,546,2901,2024-09-30,2024-10-30
1811,669,1862,2024-06-19,2024-07-19
1812,323,1727,2025-09-17,2025-10-17
1813,804,163,2024-11-19,2024-12-19
1814,337,1467,2025-08-22,2025-09-21
1815,283,876,2025-01-17,2025-02-16
1816,920,1699,2024-08-05,2024-09-04
1817,809,1831,2024-03-30,2024-04-29
1818,659,1426,2024-12-24,2025-01-23
1819,709,991,2024-05-22,2024-06-21
1820,845,2490,2024-07-30,2024-08-29
1821,998,2093,2024-05-27,2024-06-26
1822,184,2362,2025-12-04,2026-01-03
1823,723,2414,2025-10-10,2025-11-09
1824,335,1595,2024-04-28,2024-05-28
1825,46,719,2024-07-06,2024-08-05
1826,851,266,2025-11-22,2025-12-22
1827,797,2382,2025-12-17,2026-01-16
1828,468,342,2025-01-02,2025-02-01
1829,423,2718,2025-07-20,2025-08-19
1830,591,2448,2024-01-22,2024-02-21
1831,375,1172,2024-07-06,2024-08-05
1832,522,1865,2025-10-24,2025-11-23
1833,469,370,2025-04-21,2025-05-21
1834,575,567,2025-06-25,2025-07-25
1835,321,715,2024-03-25,2024-04-24
1836,259,1047,2025-01-24,2025-02-23
1837,683,1494,2024-03-20,2024-04-19
1838,430,696,2024-04-25,2024-05-25
1839,322,1885,2025-02-04,2025-03-06
1840,439,1613,2024-04-14,2024-05-14
1841,371,2119,2024-05-18,2024-06-17
1842,585,2577,2025-04-20,2025-05-20
1843,74,2303,2024-01-04,2024-02-03
1844,523,267,2024-03-07,2024-04-06
1845,494,2270,2024-09-04,2024-10-04
1846,164,2132,2025-02-03,2025-03-05
1847,331,243,2024-12-06,2025-01-05
1848,94,1450,2024-07-16,2024-08-15
1849,430,222,2024-04-08,2024-05-08
1850,295,809,2024-10-21,2024-11-20
1851,187,1128,2024-04-05,2024-05-05
1852,219,1941,2025-09-08,2025-10-08
1853,758,1834,2024-10-06,2024-11-05
1854,731,2507,2024-07-22,2024-08-21
1855,994,1371,2025-01-11,2025-02-10
1856,738,936,2024-03-18,2024-04-17
1857,28,242,2024-05-27,2024-06-26
1858,655,830,2024-10-17,2024-11-16
1859,751,1161,2024-09-13,2024-10-13
1860,635,833,2024-10-07,2024-11-06
1861,11,716,2025-11-26,2025-12-26
1862,242,516,2024-05-27,2024-06-26
1863,696,1910,2024-07-09,2024-08-08
1864,866,2646,2025-09-07,2025-10-07
1865,996,1581,2024-06-24,2024-07-24
1866,774,2322,2024-05-04,2024-06-03
1867,566,1845,2025-03-17,2025-04-16
1868,795,2429,2024-08-28,2024-09-27
1869,95,338,2024-11-30,2024-12-30
1870,485,531,2024-02-22,2024-03-23
1871,668,1678,2025-09-10,2025-10-10
1872,58,873,2025-04-02,2025-05-02
1873,991,222,2025-03-04,2025-04-03
1874,144,1608,2025-04-25,2025-05-25
1875,539,942,2025-07-12,2025-08-11
1876,13,564,2024-02-27,2024-03-28
1877,114,1998,2025-05-12,2025-06-11
1878,472,1764,2025-09-01,2025-10-01
1879,108,291,2025-12-14,2026-01-13
1880,773,2212,2025-06-01,2025-07-01
1881,989,1774,2025-05-28,2025-06-27
1882,141,2605,2025-03-31,2025-04-30
1883,344,87,2025-04-19,2025-05-19
1884,13,1333,2025-01-15,2025-02-14
1885,259,1579,2025-07-05,2025-08-04
1886,211,2313,2024-06-05,2024-07-05
1887,192,1956,2024-12-07,2025-01-06
1888,693,2209,2025-04-02,2025-05-02
1889,297,2597,2025-04-27,2025-05-27
1890,56,2277,2025-01-14,2025-02-13
1891,790,2421,2024-08-10,2024-09-09
1892,455,563,2025-08-31,2025-09-30
1893,576,833,2024-02-12,2024-03-13
1894,189,1119,2025-03-24,2025-04-23
1895,926,347,2025-03-19,2025-04-18
1896,703,2103,2024-09-28,2024-10-28
1897,204,2044,2025-03-12,2025-04-11
1898,205,1111,2024-11-27,2024-12-27
1899,1,2501,2025-08-24,2025-09-23
1900,753,271,2024-06-01,2024-07-01
1901,263,207,2024-08-12,2024-09-11
1902,59,747,2025-12-19,2026-01-18
1903,817,1403,2024-07-21,2024-08-20
1904,8,578,2025-01-26,2025-02-25
1905,530,2790,2024-03-13,2024-04-12
1906,209,1676,2024-02-13,2024-03-14
1907,6,767,2025-06-28,2025-07-28
1908,769,117,2024-06-17,2024-07-17
1909,452,2454,2024-02-04,2024-03-05
1910,397,137,2025-12-12,2026-01-11
1911,639,1908,2025-09-17,2025-10-17
1912,149,2195,2025-02-16,2025-03-18
1913,92,44,2024-10-30,2024-11-29
1914,913,877,2024-05-28,2024-06-27
1915,913,1593,2025-12-12,2026-01-11
1916,260,335,2024-10-26,2024-11-25
1917,944,2828,2025-01-18,2025-02-17
1918,755,2979,2025-10-07,2025-11-06
1919,901,2372,2025-05-11,2025-06-10
1920,284,1797,2024-02-17,2024-03-18
1921,643,217,2025-02-28,2025-03-30
1922,657,423,2025-09-27,2025-10-27
1923,974,2785,2025-11-03,2025-12-03
1924,495,2693,2024-01-01,2024-01-31
1925,517,387,2024-01-18,2024-02-17
1926,183,386,2025-12-17,2026-01-16
1927,804,1216,2025-02-27,2025-03-29
1928,617,1639,2025-09-15,2025-10-15
1929,654,2905,2024-03-20,2024-04-19
1930,558,2940,2024-01-29,2024-02-28
1931,849,2747,2024-08-07,2024-09-06
1932,866,2727,2025-08-31,2025-09-30
1933,880,2314,2025-12-08,2026-01-07
1934,122,87,2024-09-14,2024-10-14
1935,112,1631,2024-02-06,2024-03-07
1936,819,1835,2024-10-25,2024-11-24
1937,595,2992,2025-01-09,2025-02-08
1938,619,887,2025-12-12,2026-01-11
1939,297,2360,2025-12-02,2026-01-01
1940,641,1813,2024-09-19,2024-10-19
1941,92,1132,2024-06-15,2024-07-15
1942,54,2609,2025-12-27,2026-01-26
1943,317,162,2024-01-07,2024-02-06
1944,170,1963,2025-06-26,2025-07-26
1945,210,934,2025-04-25,2025-05-25
1946,790,1912,2025-02-28,2025-03-30
1947,359,2075,2025-10-31,2025-11-30
1948,802,2819,2024-08-28,2024-09-27
1949,968,106,2025-12-17,2026-01-16
1950,146,1153,2024-01-25,2024-02-24
1951,703,674,2024-12-28,2025-01-27
1952,354,2606,2025-08-26,2025-09-25
1953,933,1070,2025-12-06,2026-01-05
1954,360,603,2024-10-24,2024-11-23
1955,162,590,2024-07-03,2024-08-02
1956,251,1346,2024-08-23,2024-09-22
1957,498,6,2024-02-28,2024-03-29
1958,401,665,2024-04-26,2024-05-26
1959,98,262,2024-05-31,2024-06-30
1960,209,390,2024-09-27,2024-10-27
1961,800,1406,2024-07-09,2024-08-08
1962,723,2340,2024-11-06,2024-12-06
1963,125,1935,2024-07-18,2024-08-17
1964,17,436,2025-11-26,2025-12-26
1965,254,1872,2025-05-17,2025-06-16
1966,215,852,2025-12-17,2026-01-16
1967,92,845,2024-06-04,2024-07-04
1968,51,1026,2025-02-28,2025-03-30
1969,727,1503,2024-03-19,2024-04-18
1970,616,1589,2025-12-24,2026-01-23
1971,70,2706,2024-04-16,2024-05-16
1972,644,2639,2025-04-16,2025-05-16
1973,378,941,2024-11-14,2024-12-14
1974,118,2874,2025-07-21,2025-08-20
1975,855,1308,2024-05-22,2024-06-21
1976,836,2740,2024-10-04,2024-11-03
1977,751,2620,2024-01-27,2024-02-26
1978,929,2618,2024-11-26,2024-12-26
1979,892,2637,2025-03-13,2025-04-12
1980,713,765,2025-03-27,2025-04-26
1981,564,10,2024-08-15,2024-09-14
1982,279,494,2024-06-06,2024-07-06
1983,248,2399,2024-06-21,2024-07-21
1984,296,942,2024-05-08,2024-06-07
1985,573,1557,2025-03-10,2025-04-09
1986,432,1870,2025-11-17,2025-12-17
1987,428,2203,2025-01-22,2025-02-21
1988,855,2077,2024-03-28,2024-04-27
1989,547,2474,2024-10-05,2024-11-04
1990,938,36,2024-06-10,2024-07-10
1991,308,436,2025-12-06,2026-01-05
1992,933,1658,2024-08-09,2024-09-08
1993,878,1070,2025-02-26,2025-03-28
1994,599,1689,2024-09-29,2024-10-29
1995,590,324,2025-01-14,2025-02-13
1996,933,11,2025-08-08,2025-09-07
1997,909,2816,2024-01-03,2024-02-02
1998,38,430,2025-04-09,2025-05-09
1999,554,915,2024-11-25,2024-12-25
2000,88,1132,2024-09-03,2024-10-03
2001,927,1228,2025-07-18,2025-08-17
2002,634,1444,2025-11-11,2025-12-11
2003,278,509,2024-09-01,2024-10-01
2004,29,2684,2025-08-17,2025-09-16
2005,547,1634,2024-07-31,2024-08-30
2006,76,283,2024-09-09,2024-10-09
2007,432,2038,2024-03-04,2024-04-03
2008,194,1139,2024-01-25,2024-02-24
2009,161,1009,2024-10-07,2024-11-06
2010,491,133,2025-04-28,2025-05-28
2011,719,469,2024-01-20,2024-02-19
2012,533,570,2025-11-23,2025-12-23
2013,94,1327,2025-02-28,2025-03-30
2014,136,1574,2024-04-14,2024-05-14
2015,275,2008,2024-01-04,2024-02-03
2016,344,1499,2025-01-16,2025-02-15
2017,257,946,2025-06-23,2025-07-23
2018,446,298,2024-02-20,2024-03-21
2019,571,2554,2025-03-08,2025-04-07
2020,81,2647,2024-07-09,2024-08-08
2021,682,2423,2025-01-24,2025-02-23
2022,212,1823,2024-05-25,2024-06-24
2023,506,1194,2024-02-26,2024-03-27
2024,590,1452,2025-01-14,2025-02-13
2025,206,1207,2024-07-23,2024-08-22
2026,522,403,2025-09-04,2025-10-04
2027,1000,201,2024-01-26,2024-02-25
2028,549,1623,2024-07-01,2024-07-31
2029,511,2640,2024-10-21,2024-11-20
2030,892,27,2025-03-12,2025-04-11
2031,827,440,2025-05-29,2025-06-28
2032,998,1378,2024-12-26,2025-01-25
2033,944,1408,2025-12-12,2026-01-11
2034,963,58,2024-09-22,2024-10-22
2035,888,1292,2024-10-24,2024-11-23
2036,484,1590,2024-07-03,2024-08-02
2037,83,638,2024-03-11,2024-04-10
2038,415,1073,2025-04-24,2025-05-24
2039,950,843,2025-05-28,2025-06-27
2040,981,582,2024-04-01,2024-05-01
2041,193,1487,2025-09-24,2025-10-24
2042,583,2402,2025-02-27,2025-03-29
2043,175,2311,2025-11-24,2025-12-24
2044,121,1492,2025-07-06,2025-08-05
2045,562,1458,2024-08-14,2024-09-13
2046,619,1758,2024-02-03,2024-03-04
2047,328,1143,2025-10-03,2025-11-02
2048,375,2569,2024-03-17,2024-04-16
2049,144,43,2024-09-27,2024-10-27
2050,576,1025,2025-07-15,2025-08-14
2051,506,1098,2025-07-06,2025-08-05
2052,394,2324,2025-07-19,2025-08-18
2053,989,1422,2024-12-20,2025-01-19
2054,638,2727,2025-07-01,2025-07-31
2055,920,2935,2024-05-27,2024-06-26
2056,851,423,2024-07-10,2024-08-09
2057,752,1890,2025-01-11,2025-02-10
2058,503,1994,2025-12-01,2025-12-31
2059,968,2654,2025-10-09,2025-11-08
2060,421,1732,2025-01-09,2025-02-08
2061,610,2267,2025-12-26,2026-01-25
2062,996,1528,2025-12-14,2026-01-13
2063,374,2634,2025-05-14,2025-06-13
2064,601,1328,2024-04-23,2024-05-23
2065,618,1211,2024-08-09,2024-09-08
2066,574,2506,2025-01-10,2025-02-09
2067,807,1008,2024-11-11,2024-12-11
2068,17,107,2024-11-20,2024-12-20
2069,662,846,2025-12-20,2026-01-19
2070,251,1291,2025-07-03,2025-08-02
2071,66,664,2025-04-03,2025-05-03
2072,13,1281,2025-03-01,2025-03-31
2073,546,1625,2025-01-20,2025-02-19
2074,413,921,2025-08-16,2025-09-15
2075,439,1189,2025-06-30,2025-07-30
2076,60,1868,2024-10-12,2024-11-11
2077,540,2111,2025-04-29,2025-05-29
2078,148,1949,2024-01-03,2024-02-02
2079,135,2496,2025-10-15,2025-11-14
2080,300,311,2024-10-06,2024-11-05
2081,128,2152,2025-12-18,2026-01-17
2082,172,2266,2025-05-10,2025-06-09
2083,791,2038,2024-05-20,2024-06-19
2084,204,2221,2024-09-27,2024-10-27
2085,351,705,2025-03-20,2025-04-19
2086,177,195,2025-03-27,2025-04-26
2087,728,2483,2025-12-25,2026-01-24
2088,363,1349,2024-09-04,2024-10-04
2089,102,289,2024-08-13,2024-09-12
2090,504,252,2024-07-23,2024-08-22
2091,606,1660,2024-01-14,2024-02-13
2092,411,2746,2025-04-09,2025-05-09
2093,512,1204,2025-08-27,2025-09-26
2094,2,385,2024-08-13,2024-09-12
2095,385,953,2025-07-08,2025-08-07
2096,724,1499,2024-02-02,2024-03-03
2097,989,311,2025-03-06,2025-04-05
2098,195,1419,2025-04-16,2025-05-16
2099,350,2733,2025-07-18,2025-08-17
2100,876,1236,2024-10-31,2024-11-30
2101,269,1927,2025-11-05,2025-12-05
2102,750,2212,2025-08-30,2025-09-29
2103,523,1640,2024-07-06,2024-08-05
2104,716,497,2024-09-18,2024-10-18
2105,261,521,2025-12-09,2026-01-08
2106,115,2327,2024-05-03,2024-06-02
2107,253,824,2024-01-09,2024-02-08
2108,12,941,2024-01-17,2024-02-16
2109,887,1230,2025-03-21,2025-04-20
2110,136,492,2025-02-10,2025-03-12
2111,302,2965,2024-07-10,2024-08-09
2112,159,2136,2025-05-12,2025-06-11
2113,434,1338,2024-06-05,2024-07-05
2114,25,2159,2024-03-26,2024-04-25
2115,744,2521,2025-04-06,2025-05-06
2116,747,294,2025-02-13,2025-03-15
2117,988,2951,2024-07-05,2024-08-04
2118,821,1300,2024-08-28,2024-09-27
2119,278,1390,2025-01-23,2025-02-22
2120,11,2315,2025-11-02,2025-12-02
2121,969,1099,2025-12-21,2026-01-20
2122,949,1564,2024-02-15,2024-03-16
2123,193,1537,2024-05-01,2024-05-31
2124,845,436,2024-04-19,2024-05-19
2125,976,165,2025-11-05,2025-12-05
2126,416,1134,2025-04-28,2025-05-28
2127,353,2923,2024-01-06,2024-02-05
2128,933,20,2024-08-26,2024-09-25
2129,188,939,2025-12-25,2026-01-24
2130,576,474,2025-11-21,2025-12-21
2131,482,450,2025-02-13,2025-03-15
2132,272,2310,2024-10-31,2024-11-30
2133,265,2678,2025-10-12,2025-11-11
2134,564,842,2024-11-26,2024-12-26
2135,528,2035,2024-11-05,2024-12-05
2136,273,70,2024-06-19,2024-07-19
2137,199,1583,2025-03-12,2025-04-11
2138,443,1302,2024-02-02,2024-03-03
2139,974,2720,2024-01-14,2024-02-13
2140,910,2117,2024-11-24,2024-12-24
2141,235,1315,2024-08-09,2024-09-08
2142,960,463,2025-07-30,2025-08-29
2143,650,2953,2024-02-10,2024-03-11
2144,883,1120,2024-12-16,2025-01-15
2145,534,2987,2024-06-02,2024-07-02
2146,845,322,2024-06-17,2024-07-17
2147,815,2779,2025-09-24,2025-10-24
2148,194,1570,2025-02-09,2025-03-11
2149,551,2765,2025-01-31,2025-03-02
2150,501,2947,2025-10-22,2025-11-21
2151,803,2788,2025-12-20,2026-01-19
2152,293,925,2024-04-17,2024-05-17
2153,269,2195,2024-12-31,2025-01-30
2154,955,1968,2025-04-04,2025-05-04
2155,422,430,2025-07-20,2025-08-19
2156,338,2433,2025-04-03,2025-05-03
2157,819,2257,2024-04-08,2024-05-08
2158,808,2190,2025-04-14,2025-05-14
2159,120,403,2025-01-27,2025-02-26
2160,401,1541,2025-03-01,2025-03-31
2161,380,983,2025-06-05,2025-07-05
2162,381,2213,2024-08-11,2024-09-10
2163,552,77,2024-02-24,2024-03-25
2164,450,1894,2025-05-05,2025-06-04
2165,807,1633,2025-10-01,2025-10-31
2166,374,387,2024-04-02,2024-05-02
2167,968,1500,2025-02-07,2025-03-09
2168,686,706,2024-01-07,2024-02-06
2169,343,2047,2024-12-06,2025-01-05
2170,579,2267,2025-05-10,2025-06-09
2171,894,2220,2024-05-05,2024-06-04
2172,815,966,2025-03-01,2025-03-31
2173,245,1899,2024-02-05,2024-03-06
2174,498,2658,2025-07-19,2025-08-18
2175,48,2872,2024-12-22,2025-01-21
2176,581,527,2025-08-18,2025-09-17
2177,579,411,2025-01-17,2025-02-16
2178,324,2484,2025-11-04,2025-12-04
2179,343,988,2024-01-28,2024-02-27
2180,499,840,2024-05-30,2024-06-29
2181,286,744,2025-12-13,2026-01-12
2182,282,742,2025-02-21,2025-03-23
2183,915,2738,2024-11-03,2024-12-03
2184,11,907,2024-09-09,2024-10-09
2185,31,1357,2025-04-08,2025-05-08
2186,20,1697,2024-09-19,2024-10-19
2187,478,2076,2024-05-09,2024-06-08
2188,60,1694,2025-08-14,2025-09-13
2189,643,2299,2024-06-13,2024-07-13
2190,708,457,2025-08-02,2025-09-01
2191,529,1257,2024-05-09,2024-06-08
2192,192,1602,2024-02-02,2024-03-03
2193,90,863,2025-06-07,2025-07-07
2194,907,942,2024-02-25,2024-03-26
2195,331,689,2024-11-24,2024-12-24
2196,642,2291,2025-07-02,2025-08-01
2197,17,1858,2025-04-11,2025-05-11
2198,600,2200,2024-12-29,2025-01-28
2199,961,1009,2025-04-19,2025-05-19
2200,539,955,2025-10-31,2025-11-30
2201,260,598,2024-09-28,2024-10-28
2202,922,2548,2024-09-08,2024-10-08
2203,309,244,2025-11-11,2025-12-11
2204,309,1845,2024-03-14,2024-04-13
2205,848,2132,2024-02-20,2024-03-21
2206,729,1287,2024-06-26,2024-07-26
2207,111,2178,2024-03-26,2024-04-25
2208,478,1785,2024-04-23,2024-05-23
2209,448,883,2025-01-13,2025-02-12
2210,765,1515,2024-02-13,2024-03-14
2211,463,1159,2024-08-10,2024-09-09
2212,490,1484,2025-08-30,2025-09-29
2213,276,76,2025-07-14,2025-08-13
2214,37,1158,2025-03-31,2025-04-30
2215,181,989,2024-11-06,2024-12-06
2216,705,2453,2025-07-08,2025-08-07
2217,507,1547,2024-03-31,2024-04-30
2218,495,625,2025-04-28,2025-05-28
2219,637,292,2024-11-03,2024-12-03
2220,289,2339,2025-09-12,2025-10-12
2221,130,1747,2025-05-31,2025-06-30
2222,610,442,2024-05-23,2024-06-22
2223,372,401,2024-03-25,2024-04-24
2224,194,1506,2024-12-13,2025-01-12
2225,728,733,2025-01-19,2025-02-18
2226,31,2099,2024-08-12,2024-09-11
2227,40,750,2024-09-26,2024-10-26
2228,76,1472,2025-01-16,2025-02-15
2229,207,1851,2025-05-14,2025-06-13
2230,570,726,2023-12-29,2024-01-28
2231,270,2653,2025-10-25,2025-11-24
2232,996,694,2025-08-29,2025-09-28
2233,74,547,2024-03-09,2024-04-08
2234,703,2765,2024-10-02,2024-11-01
2235,233,1584,2024-08-05,2024-09-04
2236,4,1718,2024-03-16,2024-04-15
2237,479,2994,2024-10-14,2024-11-13
2238,426,486,2025-09-20,2025-10-20
2239,848,633,2024-06-25,2024-07-25
2240,621,2963,2025-01-21,2025-02-20
2241,125,2019,2024-11-18,2024-12-18
2242,976,1103,2024-04-12,2024-05-12
2243,854,1761,2025-06-28,2025-07-28
2244,158,2056,2024-10-07,2024-11-06
2245,260,571,2024-03-25,2024-04-24
2246,706,1119,2024-12-31,2025-01-30
2247,623,2299,2025-09-21,2025-10-21
2248,276,953,2024-02-24,2024-03-25
2249,895,1858,2025-07-28,2025-08-27
2250,848,1103,2024-05-23,2024-06-22
2251,232,366,2024-09-21,2024-10-21
2252,3,2584,2024-08-13,2024-09-12
2253,736,270,2024-01-12,2024-02-11
2254,187,344,2024-10-28,2024-11-27
2255,806,802,2024-09-18,2024-10-18
2256,161,2525,2025-05-29,2025-06-28
2257,74,2451,2024-08-21,2024-09-20
2258,675,1565,2025-08-02,2025-09-01
2259,109,2787,2024-01-12,2024-02-11
2260,646,2103,2025-10-21,2025-11-20
2261,436,2794,2024-08-18,2024-09-17
2262,814,563,2024-03-01,2024-03-31
2263,542,1852,2025-11-11,2025-12-11
2264,621,1818,2025-06-29,2025-07-29
2265,691,381,2024-07-18,2024-08-17
2266,529,485,2024-12-27,2025-01-26
2267,39,1931,2024-07-02,2024-08-01
2268,313,2537,2025-10-09,2025-11-08
2269,765,1107,2025-08-02,2025-09-01
2270,710,1327,2025-07-18,2025-08-17
2271,788,1279,2025-02-19,2025-03-21
2272,421,3,2025-09-08,2025-10-08
2273,433,525,2024-03-11,2024-04-10
2274,990,2521,2024-03-19,2024-04-18
2275,131,2349,2025-01-27,2025-02-26
2276,823,1891,2024-11-02,2024-12-02
2277,75,924,2024-04-21,2024-05-21
2278,299,2299,2025-10-21,2025-11-20
2279,561,490,2024-08-17,2024-09-16
2280,954,1192,2025-06-22,2025-07-22
2281,47,1140,2024-03-31,2024-04-30
2282,461,2590,2024-11-09,2024-12-09
2283,55,2847,2025-06-10,2025-07-10
2284,299,2168,2025-09-10,2025-10-10
2285,913,661,2024-07-12,2024-08-11
2286,442,1813,2024-04-04,2024-05-04
2287,422,1576,2024-06-27,2024-07-27
2288,912,2006,2024-08-03,2024-09-02
2289,990,1677,2025-11-19,2025-12-19
2290,666,94,2024-03-23,2024-04-22
2291,595,2884,2025-03-13,2025-04-12
2292,501,648,2025-05-02,2025-06-01
2293,721,970,2024-04-02,2024-05-02
2294,405,2323,2025-05-17,2025-06-16
2295,631,1618,2024-07-06,2024-08-05
2296,142,59,2025-12-02,2026-01-01
2297,330,1021,2024-06-01,2024-07-01
2298,558,751,2025-12-02,2026-01-01
2299,749,1718,2024-11-16,2024-12-16
2300,886,24,2024-01-05,2024-02-04
2301,377,2180,2024-06-23,2024-07-23
2302,985,905,2024-09-08,2024-10-08
2303,983,2836,2024-03-13,2024-04-12
2304,799,1282,2024-04-03,2024-05-03
2305,877,1709,2025-10-30,2025-11-29
2306,333,2948,2024-08-17,2024-09-16
2307,434,649,2024-03-30,2024-04-29
2308,358,192,2025-11-09,2025-12-09
2309,14,594,2024-04-08,2024-05-08
2310,692,2376,2024-03-30,2024-04-29
2311,405,1312,2025-12-25,2026-01-24
2312,59,2817,2024-08-22,2024-09-21
2313,449,99,2024-08-12,2024-09-11
2314,789,640,2025-07-12,2025-08-11
2315,404,987,2024-12-04,2025-01-03
2316,285,437,2024-03-28,2024-04-27
2317,717,901,2025-09-01,2025-10-01
2318,288,2956,2024-04-26,2024-05-26
2319,650,1174,2025-02-04,2025-03-06
2320,18,2853,2025-01-11,2025-02-10
2321,502,2386,2025-06-15,2025-07-15
2322,967,2297,2024-05-04,2024-06-03
2323,309,343,2024-11-20,2024-12-20
2324,912,1293,2024-09-06,2024-10-06
2325,843,1285,2025-03-18,2025-04-17
2326,930,1112,2024-01-15,2024-02-14
2327,234,798,2025-02-09,2025-03-11
2328,541,632,2024-09-02,2024-10-02
2329,861,484,2024-07-28,2024-08-27
2330,704,533,2024-05-07,2024-06-06
2331,932,1603,2025-07-14,2025-08-13
2332,760,713,2025-04-19,2025-05-19
2333,794,1077,2024-05-22,2024-06-21
2334,862,1899,2024-03-15,2024-04-14
2335,678,1627,2025-01-27,2025-02-26
2336,665,20,2025-07-16,2025-08-15
2337,198,1628,2024-02-21,2024-03-22
2338,590,1191,2025-07-31,2025-08-30
2339,153,2900,2025-07-09,2025-08-08
2340,852,1207,2024-05-11,2024-06-10
2341,129,1134,2024-09-12,2024-10-12
2342,521,2941,2024-08-21,2024-09-20
2343,752,1395,2025-09-10,2025-10-10
2344,146,204,2025-12-01,2025-12-31
2345,786,2854,2025-08-06,2025-09-05
2346,194,2827,2025-09-04,2025-10-04
2347,925,1766,2024-08-30,2024-09-29
2348,567,73,2024-03-16,2024-04-15
2349,22,2851,2025-05-01,2025-05-31
2350,337,2540,2025-09-05,2025-10-05
2351,992,1492,2024-07-25,2024-08-24
2352,980,2466,2024-09-16,2024-10-16
2353,536,1000,2025-01-26,2025-02-25
2354,81,2975,2024-05-02,2024-06-01
2355,778,129,2025-04-08,2025-05-08
2356,900,1848,2024-01-04,2024-02-03
2357,39,2866,2025-03-10,2025-04-09
2358,331,1627,2025-10-14,2025-11-13
2359,237,1031,2025-07-29,2025-08-28
2360,128,2600,2024-07-23,2024-08-22
2361,197,2703,2025-10-05,2025-11-04
2362,991,2616,2025-02-14,2025-03-16
2363,922,1885,2025-12-16,2026-01-15
2364,694,689,2024-10-19,2024-11-18
2365,460,440,2025-12-08,2026-01-07
2366,185,741,2025-01-27,2025-02-26
2367,96,2668,2024-05-22,2024-06-21
2368,838,1794,2024-10-14,2024-11-13
2369,477,1954,2024-06-24,2024-07-24
2370,985,2730,2024-04-05,2024-05-05
2371,646,378,2024-06-23,2024-07-23
2372,519,2200,2025-09-28,2025-10-28
2373,111,927,2025-12-12,2026-01-11
2374,36,2760,2024-03-19,2024-04-18
2375,33,1688,2025-05-22,2025-06-21
2376,330,2265,2024-03-05,2024-04-04
2377,62,222,2024-02-01,2024-03-02
2378,16,29,2024-01-28,2024-02-27
2379,309,1301,2024-07-13,2024-08-12
2380,733,1292,2025-10-31,2025-11-30
2381,591,736,2024-07-24,2024-08-23
2382,224,2626,2024-11-07,2024-12-07
2383,812,2987,2024-07-29,2024-08-28
2384,305,714,2024-11-01,2024-12-01
2385,878,2311,2025-04-18,2025-05-18
2386,929,49,2024-02-03,2024-03-04
2387,213,2987,2024-09-20,2024-10-20
2388,926,175,2025-12-06,2026-01-05
2389,817,1151,2025-07-04,2025-08-03
2390,687,554,2024-10-01,2024-10-31
2391,561,2338,2025-09-28,2025-10-28
2392,187,1161,2025-01-05,2025-02-04
2393,823,2986,2025-12-04,2026-01-03
2394,941,2820,2023-12-31,2024-01-30
2395,431,1391,2024-08-20,2024-09-19
2396,134,107,2024-07-29,2024-08-28
2397,451,2789,2024-10-24,2024-11-23
2398,345,1721,2024-05-18,2024-06-17
2399,915,496,2024-06-22,2024-07-22
2400,895,1438,2024-10-24,2024-11-23
2401,108,30,2024-11-11,2024-12-11
2402,484,1092,2025-11-15,2025-12-15
2403,374,643,2025-03-08,2025-04-07
2404,248,304,2024-03-26,2024-04-25
2405,367,1782,2024-04-29,2024-05-29
2406,966,1751,2024-04-06,2024-05-06
2407,664,2583,2024-01-27,2024-02-26
2408,871,2611,2024-12-27,2025-01-26
2409,986,2588,2024-03-22,2024-04-21
2410,768,2458,2025-04-26,2025-05-26
2411,674,96,2025-03-28,2025-04-27
2412,516,2913,2025-08-26,2025-09-25
2413,753,2784,2024-07-20,2024-08-19
2414,6,914,2025-03-09,2025-04-08
2415,648,1006,2025-06-30,2025-07-30
2416,85,2043,2024-06-14,2024-07-14
2417,949,2786,2025-11-25,2025-12-25
2418,999,20,2024-07-15,2024-08-14
2419,714,749,2025-05-18,2025-06-17
2420,311,712,2025-04-05,2025-05-05
2421,236,2865,2024-06-28,2024-07-28
2422,721,1401,2025-06-17,2025-07-17
2423,842,1245,2025-02-27,2025-03-29
2424,267,845,2025-11-10,2025-12-10
2425,376,2952,2025-10-15,2025-11-14
2426,297,902,2024-06-04,2024-07-04
2427,772,280,2025-06-26,2025-07-26
2428,331,215,2024-04-07,2024-05-07
2429,110,142,2025-01-29,2025-02-28
2430,902,544,2025-01-30,2025-03-01
2431,972,141,2025-01-16,2025-02-15
2432,939,1832,2025-08-22,2025-09-21
2433,647,2982,2024-05-25,2024-06-24
2434,334,636,2024-08-27,2024-09-26
2435,784,1188,2024-07-21,2024-08-20
2436,69,2695,2024-01-10,2024-02-09
2437,979,1316,2024-03-13,2024-04-12
2438,247,1557,2025-02-01,2025-03-03
2439,720,986,2024-01-06,2024-02-05
2440,255,2288,2024-05-26,2024-06-25
2441,648,2744,2024-10-23,2024-11-22
2442,415,452,2024-04-15,2024-05-15
2443,156,2731,2025-05-31,2025-06-30
2444,541,498,2024-11-27,2024-12-27
2445,130,892,2024-08-30,2024-09-29
2446,210,2473,2025-11-15,2025-12-15
2447,337,2593,2025-08-08,2025-09-07
2448,962,2652,2025-09-06,2025-10-06
2449,263,520,2025-05-26,2025-06-25
2450,914,561,2025-10-26,2025-11-25
2451,994,1612,2024-04-14,2024-05-14
2452,859,928,2025-11-17,2025-12-17
2453,430,1280,2025-02-01,2025-03-03
2454,242,2026,2024-03-07,2024-04-06
2455,618,1216,2024-12-23,2025-01-22
2456,688,2899,2025-12-02,2026-01-01
2457,24,716,2024-06-22,2024-07-22
2458,8,716,2025-08-18,2025-09-17
2459,904,1299,2024-09-02,2024-10-02
2460,456,581,2024-11-23,2024-12-23
2461,386,2917,2025-10-11,2025-11-10
2462,79,278,2025-11-19,2025-12-19
2463,433,1982,2025-12-25,2026-01-24
2464,44,1361,2025-09-01,2025-10-01
2465,409,406,2024-03-24,2024-04-23
2466,352,2103,2024-05-11,2024-06-10
2467,747,965,2024-10-15,2024-11-14
2468,289,1128,2024-07-29,2024-08-28
2469,609,2789,2025-05-03,2025-06-02
2470,263,2716,2025-08-07,2025-09-06
2471,539,1701,2025-07-09,2025-08-08
2472,415,847,2024-12-25,2025-01-24
2473,516,1339,2024-06-27,2024-07-27
2474,178,962,2025-06-03,2025-07-03
2475,377,2510,2025-10-27,2025-11-26
2476,357,832,2024-07-27,2024-08-26
2477,920,1818,2025-01-11,2025-02-10
2478,513,2633,2024-01-28,2024-02-27
2479,441,2529,2024-12-17,2025-01-16
2480,708,920,2025-02-04,2025-03-06
2481,81,2083,2025-07-16,2025-08-15
2482,130,1339,2024-05-05,2024-06-04
2483,1000,606,2024-08-31,2024-09-30
2484,498,57,2024-10-23,2024-11-22
2485,339,370,2025-09-28,2025-10-28
2486,514,154,2024-02-27,2024-03-28
2487,75,1945,2025-06-28,2025-07-28
2488,523,384,2025-11-24,2025-12-24
2489,570,1904,2024-10-26,2024-11-25
2490,353,1166,2025-09-05,2025-10-05
2491,518,2601,2025-06-06,2025-07-06
2492,556,486,2024-08-24,2024-09-23
2493,372,524,2024-07-31,2024-08-30
2494,879,2166,2025-01-06,2025-02-05
2495,966,2557,2024-05-22,2024-06-21
2496,932,2159,2024-10-20,2024-11-19
2497,722,2581,2024-10-05,2024-11-04
2498,570,813,2025-10-10,2025-11-09
2499,112,2591,2024-03-16,2024-04-15
2500,486,343,2025-02-17,2025-03-19
2501,526,2581,2025-06-04,2025-07-04
2502,335,1244,2025-02-05,2025-03-07
2503,705,67,2025-06-30,2025-07-30
2504,915,404,2024-02-07,2024-03-08
2505,158,2132,2025-01-10,2025-02-09
2506,654,2905,2025-07-08,2025-08-07
2507,335,2172,2025-04-29,2025-05-29
2508,221,2153,2025-08-17,2025-09-16
2509,659,1820,2025-03-03,2025-04-02
2510,451,35,2025-08-27,2025-09-26
2511,918,2544,2025-08-09,2025-09-08
2512,946,2216,2025-10-01,2025-10-31
2513,591,2684,2025-06-08,2025-07-08
2514,467,1817,2025-04-13,2025-05-13
2515,181,2105,2025-07-08,2025-08-07
2516,874,1227,2025-11-09,2025-12-09
2517,406,1702,2024-08-05,2024-09-04
2518,388,1849,2025-11-28,2025-12-28
2519,701,119,2024-06-20,2024-07-20
2520,226,2980,2024-12-30,2025-01-29
2521,463,2587,2024-09-18,2024-10-18
2522,717,21,2025-08-14,2025-09-13
2523,991,1750,2024-07-18,2024-08-17
2524,174,1495,2025-02-16,2025-03-18
2525,597,1806,2024-05-17,2024-06-16
2526,749,1602,2024-10-29,2024-11-28
2527,304,1933,2024-09-25,2024-10-25
2528,585,1947,2025-12-21,2026-01-20
2529,494,318,2025-10-27,2025-11-26
2530,514,1979,2025-01-04,2025-02-03
2531,659,2134,2024-08-28,2024-09-27
2532,625,2328,2024-01-20,2024-02-19
2533,718,1522,2025-11-20,2025-12-20
2534,659,34,2024-11-11,2024-12-11
2535,371,1086,2025-12-04,2026-01-03
2536,216,1681,2025-10-22,2025-11-21
2537,263,1153,2024-03-18,2024-04-17
2538,290,1495,2025-01-16,2025-02-15
2539,269,1681,2024-09-08,2024-10-08
2540,874,935,2025-04-02,2025-05-02
2541,245,1584,2025-10-03,2025-11-02
2542,828,1851,2025-08-31,2025-09-30
2543,101,693,2025-09-08,2025-10-08
2544,514,2282,2025-08-12,2025-09-11
2545,511,6,2025-02-27,2025-03-29
2546,665,822,2025-01-21,2025-02-20
2547,451,1682,2025-03-06,2025-04-05
2548,700,2984,2024-01-18,2024-02-17
2549,562,1162,2025-08-31,2025-09-30
2550,155,2433,2025-12-07,2026-01-06
2551,82,1330,2025-02-15,2025-03-17
2552,740,2845,2025-11-17,2025-12-17
2553,469,2628,2024-10-19,2024-11-18
2554,363,813,2024-03-27,2024-04-26
2555,36,1812,2025-09-10,2025-10-10
2556,11,395,2024-03-13,2024-04-12
2557,706,1951,2024-10-27,2024-11-26
2558,217,2294,2024-07-19,2024-08-18
2559,273,141,2025-07-22,2025-08-21
2560,456,2066,2024-10-26,2024-11-25
2561,194,425,2024-10-15,2024-11-14
2562,644,2806,2025-07-06,2025-08-05
2563,644,659,2024-06-08,2024-07-08
2564,580,1422,2024-04-12,2024-05-12
2565,726,1034,2024-10-11,2024-11-10
2566,391,1504,2024-07-01,2024-07-31
2567,489,2680,2025-09-29,2025-10-29
2568,795,1022,2024-09-06,2024-10-06
2569,198,3000,2024-10-11,2024-11-10
2570,154,1239,2025-02-19,2025-03-21
2571,222,1343,2024-06-07,2024-07-07
2572,209,255,2024-03-22,2024-04-21
2573,807,1965,2024-04-01,2024-05-01
2574,525,1556,2025-02-18,2025-03-20
2575,45,3000,2024-01-11,2024-02-10
2576,345,1373,2024-06-11,2024-07-11
2577,101,1371,2025-05-10,2025-06-09
2578,665,586,2025-08-05,2025-09-04
2579,231,1606,2024-12-02,2025-01-01
2580,504,23,2024-12-21,2025-01-20
2581,115,1904,2024-05-31,2024-06-30
2582,268,2064,2024-08-12,2024-09-11
2583,692,935,2025-08-06,2025-09-05
2584,717,1094,2025-08-31,2025-09-30
2585,914,1326,2024-11-01,2024-12-01
2586,444,764,2025-04-11,2025-05-11
2587,342,2410,2024-02-22,2024-03-23
2588,280,2445,2024-01-23,2024-02-22
2589,330,975,2024-10-06,2024-11-05
2590,771,983,2024-03-10,2024-04-09
2591,741,1964,2025-01-21,2025-02-20
2592,692,328,2025-07-06,2025-08-05
2593,907,1171,2025-12-07,2026-01-06
2594,750,926,2024-10-07,2024-11-06
2595,380,2336,2025-10-06,2025-11-05
2596,266,210,2025-09-24,2025-10-24
2597,249,2923,2025-05-31,2025-06-30
2598,224,2491,2024-05-09,2024-06-08
2599,923,1787,2024-03-05,2024-04-04
2600,719,2139,2025-09-26,2025-10-26
2601,50,289,2024-09-23,2024-10-23
2602,617,2534,2024-09-12,2024-10-12
2603,441,2817,2025-01-19,2025-02-18
2604,372,2905,2023-12-30,2024-01-29
2605,848,2036,2024-12-31,2025-01-30
2606,115,1716,2025-10-26,2025-11-25
2607,860,1118,2025-03-10,2025-04-09
2608,619,941,2025-03-01,2025-03-31
2609,2,2622,2024-10-02,2024-11-01
2610,137,2194,2025-06-24,2025-07-24
2611,904,2082,2024-07-13,2024-08-12
2612,628,829,2025-11-04,2025-12-04
2613,858,2609,2025-02-20,2025-03-22
2614,402,2475,2025-11-27,2025-12-27
2615,858,707,2024-09-19,2024-10-19
2616,109,1917,2025-09-06,2025-10-06
2617,578,736,2024-06-28,2024-07-28
2618,100,36,2024-03-05,2024-04-04
2619,960,1788,2024-07-16,2024-08-15
2620,717,2574,2025-08-06,2025-09-05
2621,886,1969,2024-06-30,2024-07-30
2622,395,669,2025-08-29,2025-09-28
2623,996,2469,2024-12-22,2025-01-21
2624,402,812,2025-04-27,2025-05-27
2625,991,1412,2025-11-02,2025-12-02
2626,271,1976,2024-06-11,2024-07-11
2627,91,2198,2025-01-08,2025-02-07
2628,854,2896,2025-05-14,2025-06-13
2629,589,1807,2024-02-02,2024-03-03
2630,390,2350,2025-09-05,2025-10-05
2631,14,2478,2025-01-19,2025-02-18
2632,108,956,2024-02-02,2024-03-03
2633,869,2022,2025-08-23,2025-09-22
2634,182,1170,2025-06-24,2025-07-24
2635,484,518,2025-09-03,2025-10-03
2636,565,735,2025-07-15,2025-08-14
2637,252,1592,2025-12-12,2026-01-11
2638,100,1945,2025-03-12,2025-04-11
2639,185,1558,2024-04-05,2024-05-05
2640,439,1593,2025-10-22,2025-11-21
2641,525,2826,2024-10-02,2024-11-01
2642,40,78,2025-03-11,2025-04-10
2643,808,1548,2024-03-14,2024-04-13
2644,382,1815,2025-09-03,2025-10-03
2645,425,1826,2025-02-02,2025-03-04
2646,473,522,2024-08-22,2024-09-21
2647,559,281,2024-08-29,2024-09-28
2648,640,831,2025-04-11,2025-05-11
2649,41,1522,2024-07-13,2024-08-12
2650,87,2063,2025-09-16,2025-10-16
2651,8,400,2024-04-20,2024-05-20
2652,959,2197,2024-09-12,2024-10-12
2653,156,1553,2024-07-02,2024-08-01
2654,189,2478,2025-06-06,2025-07-06
2655,402,2749,2024-06-09,2024-07-09
2656,514,2234,2024-02-24,2024-03-25
2657,80,1937,2025-01-09,2025-02-08
2658,198,1621,2024-06-04,2024-07-04
2659,827,2769,2025-09-01,2025-10-01
2660,868,1963,2025-04-21,2025-05-21
2661,824,1297,2024-11-14,2024-12-14
2662,361,1336,2024-07-31,2024-08-30
2663,275,904,2025-12-04,2026-01-03
2664,864,16,2024-05-16,2024-06-15
2665,730,360,2024-08-03,2024-09-02
2666,250,2394,2025-11-24,2025-12-24
2667,399,2571,2025-03-22,2025-04-21
2668,136,2961,2024-07-28,2024-08-27
2669,307,1458,2025-11-27,2025-12-27
2670,475,1217,2024-05-16,2024-06-15
2671,830,2583,2024-05-29,2024-06-28
2672,426,2817,2024-05-08,2024-06-07
2673,409,1291,2025-04-29,2025-05-29
2674,850,155,2025-11-20,2025-12-20
2675,205,2752,2025-05-30,2025-06-29
2676,920,530,2025-10-07,2025-11-06
2677,445,1734,2024-05-19,2024-06-18
2678,379,646,2024-01-04,2024-02-03
2679,513,1561,2024-06-16,2024-07-16
2680,495,1754,2025-06-30,2025-07-30
2681,480,188,2024-06-05,2024-07-05
2682,798,667,2024-12-26,2025-01-25
2683,116,2359,2024-01-20,2024-02-19
2684,953,378,2024-09-10,2024-10-10
2685,389,163,2025-11-18,2025-12-18
2686,426,2563,2024-09-22,2024-10-22
2687,985,570,2024-01-11,2024-02-10
2688,357,2320,2024-11-13,2024-12-13
2689,882,93,2025-11-05,2025-12-05
2690,113,75,2025-03-26,2025-04-25
2691,246,1131,2024-12-24,2025-01-23
2692,457,2132,2025-01-24,2025-02-23
2693,943,1599,2024-06-04,2024-07-04
2694,267,95,2025-05-24,2025-06-23
2695,134,2792,2024-02-11,2024-03-12
2696,288,2243,2024-11-13,2024-12-13
2697,654,2254,2025-12-14,2026-01-13
2698,286,2954,2025-06-08,2025-07-08
2699,25,2524,2025-04-28,2025-05-28
2700,299,1282,2025-03-07,2025-04-06
2701,753,1661,2024-08-23,2024-09-22
2702,709,635,2025-08-05,2025-09-04
2703,186,1001,2024-11-25,2024-12-25
2704,349,2621,2025-06-16,2025-07-16
2705,356,466,2024-03-23,2024-04-22
2706,139,1639,2025-10-20,2025-11-19
2707,613,2002,2025-03-08,2025-04-07
2708,84,1173,2025-01-31,2025-03-02
2709,652,1351,2024-08-22,2024-09-21
2710,330,1662,2024-02-15,2024-03-16
2711,956,2729,2025-02-26,2025-03-28
2712,638,2688,2025-06-24,2025-07-24
2713,957,1584,2024-05-21,2024-06-20
2714,700,2572,2024-10-26,2024-11-25
2715,817,2679,2025-04-10,2025-05-10
2716,551,1411,2024-11-01,2024-12-01
2717,982,2211,2025-12-01,2025-12-31
2718,59,2958,2024-03-04,2024-04-03
2719,528,2637,2024-06-08,2024-07-08
2720,335,2245,2025-11-29,2025-12-29
2721,228,917,2025-03-19,2025-04-18
2722,499,2513,2025-11-14,2025-12-14
2723,14,521,2024-06-23,2024-07-23
2724,633,1902,2024-05-01,2024-05-31
2725,677,261,2024-09-03,2024-10-03
2726,95,2202,2025-07-31,2025-08-30
2727,730,615,2025-09-20,2025-10-20
2728,464,1223,2024-05-06,2024-06-05
2729,937,1322,2024-05-25,2024-06-24
2730,338,2210,2024-07-20,2024-08-19
2731,581,1171,2025-11-19,2025-12-19
2732,999,1282,2025-04-27,2025-05-27
2733,750,1747,2025-03-06,2025-04-05
2734,740,1359,2025-12-26,2026-01-25
2735,402,1501,2024-10-14,2024-11-13
2736,139,931,2024-01-09,2024-02-08
2737,58,1057,2025-09-02,2025-10-02
2738,772,1979,2024-12-14,2025-01-13
2739,771,335,2024-03-10,2024-04-09
2740,415,1504,2025-01-13,2025-02-12
2741,864,2276,2024-12-19,2025-01-18
2742,311,1990,2025-03-27,2025-04-26
2743,307,1141,2025-02-17,2025-03-19
2744,280,2618,2025-04-17,2025-05-17
2745,360,105,2025-10-02,2025-11-01
2746,597,2,2025-04-18,2025-05-18
2747,960,1996,2025-12-25,2026-01-24
2748,523,396,2024-07-06,2024-08-05
2749,838,2924,2024-03-12,2024-04-11
2750,703,2801,2025-07-21,2025-08-20
2751,553,1751,2025-10-01,2025-10-31
2752,535,2524,2025-02-08,2025-03-10
2753,771,207,2024-06-26,2024-07-26
2754,12,105,2024-04-23,2024-05-23
2755,769,738,2024-07-11,2024-08-10
2756,464,1652,2025-07-27,2025-08-26
2757,376,663,2024-04-19,2024-05-19
2758,609,616,2024-01-04,2024-02-03
2759,469,2889,2025-10-15,2025-11-14
2760,490,2142,2024-08-24,2024-09-23
2761,583,1166,2025-11-25,2025-12-25
2762,995,2362,2025-12-17,2026-01-16
2763,995,2055,2025-12-14,2026-01-13
2764,239,2893,2025-04-24,2025-05-24
2765,973,2478,2025-07-06,2025-08-05
2766,798,2578,2025-03-17,2025-04-16
2767,637,1691,2025-06-11,2025-07-11
2768,887,2121,2024-08-18,2024-09-17
2769,221,2315,2024-02-12,2024-03-13
2770,252,1922,2025-05-04,2025-06-03
2771,915,1151,2024-12-01,2024-12-31
2772,391,1331,2024-08-18,2024-09-17
2773,955,1611,2024-12-11,2025-01-10
2774,550,990,2024-07-25,2024-08-24
2775,562,2958,2024-10-30,2024-11-29
2776,569,2974,2025-03-03,2025-04-02
2777,147,2109,2025-09-30,2025-10-30
2778,188,1579,2025-02-04,2025-03-06
2779,914,812,2024-07-15,2024-08-14
2780,654,761,2025-07-02,2025-08-01
2781,197,2667,2024-08-27,2024-09-26
2782,17,459,2025-01-03,2025-02-02
2783,887,2292,2025-06-11,2025-07-11
2784,660,2789,2024-11-05,2024-12-05
2785,758,2615,2024-03-20,2024-04-19
2786,566,2329,2025-02-12,2025-03-14
2787,115,664,2025-05-26,2025-06-25
2788,736,1126,2025-09-03,2025-10-03
2789,182,937,2024-03-12,2024-04-11
2790,783,2523,2024-12-24,2025-01-23
2791,390,365,2024-11-30,2024-12-30
2792,413,1298,2025-11-17,2025-12-17
2793,742,2467,2024-12-01,2024-12-31
2794,134,829,2024-06-12,2024-07-12
2795,358,992,2024-02-20,2024-03-21
2796,262,2128,2024-01-30,2024-02-29
2797,234,576,2025-05-29,2025-06-28
2798,534,1612,2025-07-29,2025-08-28
2799,976,2097,2024-10-10,2024-11-09
2800,732,1902,2024-11-25,2024-12-25
2801,720,1167,2025-05-27,2025-06-26
2802,794,873,2024-10-27,2024-11-26
2803,225,2378,2024-12-12,2025-01-11
2804,80,1384,2024-08-03,2024-09-02
2805,972,2137,2025-01-30,2025-03-01
2806,566,965,2024-09-27,2024-10-27
2807,25,2908,2025-09-22,2025-10-22
2808,804,2591,2025-01-02,2025-02-01
2809,145,1504,2024-10-04,2024-11-03
2810,782,2765,2025-03-29,2025-04-28
2811,967,733,2025-04-23,2025-05-23
2812,269,177,2025-01-07,2025-02-06
2813,186,639,2024-07-23,2024-08-22
2814,230,2797,2025-08-21,2025-09-20
2815,689,1808,2024-01-11,2024-02-10
2816,290,1372,2025-09-22,2025-10-22
2817,31,267,2025-01-02,2025-02-01
2818,653,741,2024-01-24,2024-02-23
2819,988,677,2025-11-17,2025-12-17
2820,212,1306,2025-11-04,2025-12-04
2821,992,1705,2024-08-03,2024-09-02
2822,699,384,2025-03-20,2025-04-19
2823,655,1510,2025-11-15,2025-12-15
2824,149,61,2024-06-16,2024-07-16
2825,816,2323,2024-05-13,2024-06-12
2826,330,39,2024-07-02,2024-08-01
2827,536,230,2024-02-22,2024-03-23
2828,129,2614,2025-10-10,2025-11-09
2829,23,143,2024-02-14,2024-03-15
2830,907,2916,2025-06-14,2025-07-14
2831,174,386,2025-04-05,2025-05-05
2832,375,2356,2025-03-30,2025-04-29
2833,841,564,2024-01-16,2024-02-15
2834,351,1825,2024-11-03,2024-12-03
2835,488,429,2025-01-15,2025-02-14
2836,880,2549,2025-11-15,2025-12-15
2837,770,1028,2024-10-16,2024-11-15
2838,640,2046,2024-03-31,2024-04-30
2839,114,1530,2025-01-26,2025-02-25
2840,871,152,2024-04-02,2024-05-02
2841,899,2449,2025-01-06,2025-02-05
2842,534,2776,2024-04-24,2024-05-24
2843,504,115,2025-08-30,2025-09-29
2844,830,1012,2024-08-29,2024-09-28
2845,703,2623,2025-10-31,2025-11-30
2846,895,2386,2025-04-23,2025-05-23
2847,151,2829,2024-02-21,2024-03-22
2848,59,73,2024-06-28,2024-07-28
2849,328,2634,2025-04-03,2025-05-03
2850,283,573,2024-04-07,2024-05-07
2851,388,2201,2024-08-03,2024-09-02
2852,966,288,2025-03-15,2025-04-14
2853,279,1443,2024-05-09,2024-06-08
2854,294,2092,2025-02-26,2025-03-28
2855,94,80,2024-03-24,2024-04-23
2856,197,1753,2024-04-04,2024-05-04
2857,218,117,2024-11-23,2024-12-23
2858,748,2780,2025-03-21,2025-04-20
2859,782,1885,2025-03-07,2025-04-06
2860,1000,2940,2024-07-05,2024-08-04
2861,325,1557,2025-04-03,2025-05-03
2862,917,1873,2024-03-20,2024-04-19
2863,427,602,2024-10-17,2024-11-16
2864,182,1388,2025-01-18,2025-02-17
2865,831,976,2025-05-29,2025-06-28
2866,380,2011,2024-10-04,2024-11-03
2867,568,1071,2024-03-12,2024-04-11
2868,294,1953,2025-05-21,2025-06-20
2869,725,2492,2024-01-03,2024-02-02
2870,515,724,2024-10-06,2024-11-05
2871,354,2910,2024-05-23,2024-06-22
2872,258,2764,2024-10-08,2024-11-07
2873,791,648,2025-07-16,2025-08-15
2874,121,2849,2025-04-09,2025-05-09
2875,782,194,2024-04-13,2024-05-13
2876,301,2725,2025-07-01,2025-07-31
2877,58,1944,2024-05-14,2024-06-13
2878,758,1319,2025-07-08,2025-08-07
2879,215,1579,2025-06-29,2025-07-29
2880,428,1991,2024-01-20,2024-02-19
2881,431,1669,2025-01-28,2025-02-27
2882,827,651,2025-04-21,2025-05-21
2883,415,1023,2024-08-04,2024-09-03
2884,256,2702,2025-04-18,2025-05-18
2885,980,1608,2024-01-26,2024-02-25
2886,282,339,2024-05-18,2024-06-17
2887,386,298,2024-08-14,2024-09-13
2888,788,605,2024-12-07,2025-01-06
2889,285,498,2025-02-01,2025-03-03
2890,88,984,2024-02-23,2024-03-24
2891,110,2666,2025-08-17,2025-09-16
2892,310,2571,2024-10-02,2024-11-01
2893,393,2823,2025-01-06,2025-02-05
2894,245,1470,2025-08-10,2025-09-09
2895,55,1401,2025-01-02,2025-02-01
2896,802,1136,2024-06-01,2024-07-01
2897,224,213,2024-12-12,2025-01-11
2898,654,1462,2025-01-05,2025-02-04
2899,136,1118,2024-10-08,2024-11-07
2900,146,2281,2024-04-01,2024-05-01
2901,796,2666,2025-03-04,2025-04-03
2902,168,2008,2024-05-13,2024-06-12
2903,362,2105,2025-07-12,2025-08-11
2904,339,320,2025-11-16,2025-12-16
2905,920,1172,2024-02-03,2024-03-04
2906,558,2337,2024-07-19,2024-08-18
2907,799,2392,2025-05-13,2025-06-12
2908,843,2922,2024-03-12,2024-04-11
2909,767,1468,2025-02-15,2025-03-17
2910,690,2592,2025-06-07,2025-07-07
2911,881,260,2025-12-12,2026-01-11
2912,926,2443,2024-05-07,2024-06-06
2913,396,1679,2024-02-25,2024-03-26
2914,772,2593,2025-11-13,2025-12-13
2915,826,2395,2025-03-28,2025-04-27
2916,282,1976,2024-02-21,2024-03-22
2917,110,2547,2025-09-03,2025-10-03
2918,479,1949,2024-04-09,2024-05-09
2919,350,2232,2024-09-03,2024-10-03
2920,18,1824,2024-04-11,2024-05-11
2921,771,1869,2025-07-18,2025-08-17
2922,130,588,2025-06-13,2025-07-13
2923,498,496,2025-06-04,2025-07-04
2924,116,346,2025-08-03,2025-09-02
2925,789,880,2024-07-05,2024-08-04
2926,297,893,2024-09-02,2024-10-02
2927,132,2041,2024-06-21,2024-07-21
2928,539,2250,2024-10-23,2024-11-22
2929,19,2523,2025-11-27,2025-12-27
2930,365,1386,2024-03-02,2024-04-01
2931,971,91,2023-12-30,2024-01-29
2932,728,91,2024-11-17,2024-12-17
2933,150,587,2025-04-23,2025-05-23
2934,200,1593,2025-07-05,2025-08-04
2935,42,1005,2024-12-24,2025-01-23
2936,401,2751,2025-07-17,2025-08-16
2937,361,1534,2024-06-14,2024-07-14
2938,23,2246,2025-02-07,2025-03-09
2939,504,1759,2024-12-08,2025-01-07
2940,587,868,2024-11-14,2024-12-14
2941,770,254,2024-03-29,2024-04-28
2942,133,1893,2025-12-16,2026-01-15
2943,415,2415,2023-12-31,2024-01-30
2944,504,1799,2025-09-30,2025-10-30
2945,452,2843,2024-04-25,2024-05-25
2946,399,1563,2025-10-31,2025-11-30
2947,180,1061,2024-11-27,2024-12-27
2948,89,1192,2025-04-11,2025-05-11
2949,695,2096,2025-07-11,2025-08-10
2950,595,1704,2025-08-21,2025-09-20
2951,936,2688,2025-08-23,2025-09-22
2952,54,1864,2025-06-20,2025-07-20
2953,681,1587,2024-03-31,2024-04-30
2954,439,164,2025-01-13,2025-02-12
2955,241,563,2025-11-20,2025-12-20
2956,719,1272,2025-07-10,2025-08-09
2957,101,2388,2024-07-24,2024-08-23
2958,269,2033,2024-03-28,2024-04-27
2959,959,86,2025-10-05,2025-11-04
2960,610,2913,2024-11-25,2024-12-25
2961,452,581,2025-02-01,2025-03-03
2962,738,1297,2025-01-16,2025-02-15
2963,189,681,2025-09-12,2025-10-12
2964,224,2012,2024-04-25,2024-05-25
2965,632,2055,2025-01-20,2025-02-19
2966,234,365,2024-05-15,2024-06-14
2967,447,1448,2025-12-04,2026-01-03
2968,440,2816,2025-05-13,2025-06-12
2969,870,1131,2024-07-11,2024-08-10
2970,134,2878,2024-04-14,2024-05-14
2971,229,1176,2024-07-06,2024-08-05
2972,535,1176,2025-07-13,2025-08-12
2973,309,1516,2024-03-15,2024-04-14
2974,278,2598,2025-06-14,2025-07-14
2975,665,342,2024-07-27,2024-08-26
2976,914,1022,2024-09-04,2024-10-04
2977,136,935,2024-02-17,2024-03-18
2978,171,197,2025-04-13,2025-05-13
2979,371,43,2025-04-13,2025-05-13
2980,968,1619,2025-03-07,2025-04-06
2981,386,319,2024-02-28,2024-03-29
2982,714,1487,2024-05-19,2024-06-18
2983,535,1793,2025-11-24,2025-12-24
2984,907,1242,2024-07-23,2024-08-22
2985,301,716,2024-06-25,2024-07-25
2986,267,2716,2024-10-17,2024-11-16
2987,305,2850,2024-01-26,2024-02-25
2988,364,2742,2025-09-18,2025-10-18
2989,107,1144,2025-11-05,2025-12-05
2990,865,1005,2024-12-14,2025-01-13
2991,146,293,2024-02-12,2024-03-13
2992,466,2386,2025-01-01,2025-01-31
2993,119,2309,2025-09-30,2025-10-30
2994,541,551,2024-07-24,2024-08-23
2995,615,2834,2024-11-01,2024-12-01
2996,797,1865,2024-07-04,2024-08-03
2997,892,1184,2024-06-20,2024-07-20
2998,904,2205,2024-03-06,2024-04-05
2999,247,2035,2025-07-24,2025-08-23
3000,714,1067,2025-02-26,2025-03-28
3001,1,2188,2023-12-30,2024-01-29
3002,557,1064,2025-08-17,2025-09-16
3003,610,1438,2025-04-30,2025-05-30
3004,496,777,2024-09-16,2024-10-16
3005,961,771,2025-03-20,2025-04-19
3006,600,584,2025-03-02,2025-04-01
3007,919,2195,2025-07-08,2025-08-07
3008,685,2900,2024-02-17,2024-03-18
3009,38,544,2024-04-03,2024-05-03
3010,770,2563,2024-06-01,2024-07-01
3011,543,1530,2025-12-15,2026-01-14
3012,230,452,2024-05-17,2024-06-16
3013,640,2888,2024-03-02,2024-04-01
3014,860,2705,2025-05-14,2025-06-13
3015,571,1899,2024-03-20,2024-04-19
3016,939,2374,2025-09-30,2025-10-30
3017,979,492,2025-08-30,2025-09-29
3018,676,1931,2025-09-24,2025-10-24
3019,635,2546,2024-05-27,2024-06-26
3020,630,324,2024-12-13,2025-01-12
3021,199,2290,2024-04-29,2024-05-29
3022,738,420,2024-06-26,2024-07-26
3023,628,374,2024-04-28,2024-05-28
3024,552,1202,2025-04-19,2025-05-19
3025,360,2905,2024-11-20,2024-12-20
3026,653,2077,2025-05-28,2025-06-27
3027,753,1520,2025-12-15,2026-01-14
3028,133,557,2024-02-21,2024-03-22
3029,216,1193,2025-04-05,2025-05-05
3030,510,1254,2023-12-30,2024-01-29
3031,784,996,2025-09-25,2025-10-25
3032,533,2380,2025-11-13,2025-12-13
3033,173,2761,2025-05-22,2025-06-21
3034,47,1243,2024-10-19,2024-11-18
3035,988,508,2024-08-15,2024-09-14
3036,375,2085,2025-10-03,2025-11-02
3037,449,887,2024-09-23,2024-10-23
3038,175,93,2024-03-19,2024-04-18
3039,576,232,2025-06-08,2025-07-08
3040,175,1089,2024-03-05,2024-04-04
3041,492,1951,2024-07-21,2024-08-20
3042,144,1666,2024-05-30,2024-06-29
3043,238,634,2025-04-30,2025-05-30
3044,554,535,2025-01-29,2025-02-28
3045,826,475,2025-07-18,2025-08-17
3046,780,2274,2024-09-26,2024-10-26
3047,416,1478,2024-11-22,2024-12-22
3048,492,2958,2025-06-09,2025-07-09
3049,872,1526,2024-10-21,2024-11-20
3050,158,505,2025-11-12,2025-12-12
3051,401,2193,2024-10-10,2024-11-09
3052,890,737,2025-09-04,2025-10-04
3053,267,2222,2024-04-12,2024-05-12
3054,1,2487,2025-06-14,2025-07-14
3055,760,765,2025-07-24,2025-08-23
3056,501,612,2024-08-04,2024-09-03
3057,948,2942,2025-02-11,2025-03-13
3058,765,1529,2024-12-13,2025-01-12
3059,374,812,2024-03-11,2024-04-10
3060,96,1313,2024-06-17,2024-07-17
3061,638,2849,2024-10-09,2024-11-08
3062,327,1765,2025-04-11,2025-05-11
3063,586,129,2025-11-10,2025-12-10
3064,684,2504,2025-09-12,2025-10-12
3065,772,1402,2024-12-06,2025-01-05
3066,735,2408,2025-04-04,2025-05-04
3067,282,1277,2024-05-27,2024-06-26
3068,54,840,2025-02-08,2025-03-10
3069,236,2045,2025-06-03,2025-07-03
3070,322,623,2024-03-09,2024-04-08
3071,219,2110,2024-11-11,2024-12-11
3072,568,146,2024-02-16,2024-03-17
3073,974,86,2025-07-18,2025-08-17
3074,965,225,2025-01-31,2025-03-02
3075,661,978,2025-09-19,2025-10-19
3076,949,2104,2024-03-28,2024-04-27
3077,555,1036,2024-03-19,2024-04-18
3078,915,2029,2024-07-14,2024-08-13
3079,256,2281,2025-05-31,2025-06-30
3080,512,2080,2024-01-25,2024-02-24
3081,198,2,2025-12-15,2026-01-14
3082,433,295,2025-12-07,2026-01-06
3083,717,2268,2025-11-26,2025-12-26
3084,1000,855,2025-09-01,2025-10-01
3085,572,2108,2024-12-27,2025-01-26
3086,58,2759,2024-04-01,2024-05-01
3087,939,1115,2024-09-04,2024-10-04
3088,607,1027,2024-08-20,2024-09-19
3089,682,1128,2025-04-22,2025-05-22
3090,922,2951,2025-08-06,2025-09-05
3091,875,1709,2024-12-21,2025-01-20
3092,944,2237,2024-08-07,2024-09-06
3093,546,2008,2025-07-29,2025-08-28
3094,682,2355,2024-07-24,2024-08-23
3095,498,1284,2024-04-29,2024-05-29
3096,848,1957,2024-09-17,2024-10-17
3097,909,1287,2025-07-30,2025-08-29
3098,691,355,2025-06-18,2025-07-18
3099,227,574,2024-09-04,2024-10-04
3100,643,2181,2024-05-21,2024-06-20
3101,578,2638,2025-11-18,2025-12-18
3102,790,176,2025-08-16,2025-09-15
3103,905,2419,2024-08-26,2024-09-25
3104,982,1277,2025-06-06,2025-07-06
3105,104,1757,2025-06-03,2025-07-03
3106,735,752,2025-01-25,2025-02-24
3107,289,326,2024-11-10,2024-12-10
3108,344,920,2023-12-28,2024-01-27
3109,833,2958,2025-01-12,2025-02-11
3110,684,100,2025-06-08,2025-07-08
3111,618,1211,2025-05-17,2025-06-16
3112,320,885,2024-11-19,2024-12-19
3113,898,2810,2024-04-05,2024-05-05
3114,48,2028,2025-06-03,2025-07-03
3115,644,1923,2024-05-25,2024-06-24
3116,382,1337,2025-06-25,2025-07-25
3117,929,2398,2025-10-05,2025-11-04
3118,226,1313,2025-12-09,2026-01-08
3119,551,1913,2025-04-18,2025-05-18
3120,889,810,2024-07-10,2024-08-09
3121,860,12,2025-04-10,2025-05-10
3122,769,252,2025-04-19,2025-05-19
3123,90,2435,2024-04-04,2024-05-04
3124,617,2277,2025-03-17,2025-04-16
3125,948,647,2024-03-25,2024-04-24
3126,756,1646,2024-08-22,2024-09-21
3127,397,1657,2024-07-16,2024-08-15
3128,683,2767,2025-09-12,2025-10-12
3129,577,1743,2024-12-20,2025-01-19
3130,942,320,2024-12-14,2025-01-13
3131,548,2410,2025-01-24,2025-02-23
3132,370,913,2024-03-16,2024-04-15
3133,663,1947,2024-02-22,2024-03-23
3134,261,2844,2024-06-20,2024-07-20
3135,639,2080,2024-04-22,2024-05-22
3136,568,210,2024-09-01,2024-10-01
3137,251,2817,2025-05-24,2025-06-23
3138,676,842,2024-08-10,2024-09-09
3139,663,49,2025-03-07,2025-04-06
3140,970,1584,2024-12-15,2025-01-14
3141,653,2110,2025-06-24,2025-07-24
3142,749,2495,2024-06-27,2024-07-27
3143,312,1050,2025-02-25,2025-03-27
3144,11,2887,2024-03-29,2024-04-28
3145,244,1692,2025-01-05,2025-02-04
3146,142,2512,2024-07-17,2024-08-16
3147,260,1287,2025-12-20,2026-01-19
3148,186,127,2024-08-09,2024-09-08
3149,67,179,2025-11-08,2025-12-08
3150,477,2018,2024-12-19,2025-01-18
3151,62,1156,2024-01-31,2024-03-01
3152,711,2528,2024-07-31,2024-08-30
3153,827,1504,2024-12-10,2025-01-09
3154,858,2665,2025-07-08,2025-08-07
3155,261,1777,2024-01-05,2024-02-04
3156,500,2478,2024-12-11,2025-01-10
3157,822,2436,2025-12-11,2026-01-10
3158,126,2,2025-05-02,2025-06-01
3159,595,1575,2024-12-06,2025-01-05
3160,851,2272,2024-11-13,2024-12-13
3161,434,2540,2024-02-23,2024-03-24
3162,11,2277,2024-02-07,2024-03-08
3163,18,684,2025-06-19,2025-07-19
3164,858,2433,2025-04-17,2025-05-17
3165,758,2103,2024-09-06,2024-10-06
3166,549,2900,2025-01-27,2025-02-26
3167,507,443,2024-08-10,2024-09-09
3168,418,2188,2025-02-10,2025-03-12
3169,177,668,2025-01-27,2025-02-26
3170,712,89,2024-04-25,2024-05-25
3171,584,648,2024-07-12,2024-08-11
3172,687,1644,2025-11-18,2025-12-18
3173,211,2426,2024-05-01,2024-05-31
3174,485,532,2025-12-04,2026-01-03
3175,988,314,2025-05-20,2025-06-19
3176,605,2075,2024-11-26,2024-12-26
3177,476,2522,2024-12-05,2025-01-04
3178,631,2925,2024-01-30,2024-02-29
3179,763,2213,2024-03-20,2024-04-19
3180,345,1033,2024-12-23,2025-01-22
3181,37,1145,2024-11-11,2024-12-11
3182,88,1494,2024-10-21,2024-11-20
3183,759,2245,2025-10-16,2025-11-15
3184,101,1504,2024-09-22,2024-10-22
3185,759,2907,2025-11-18,2025-12-18
3186,990,308,2025-10-18,2025-11-17
3187,868,1716,2025-01-11,2025-02-10
3188,334,2495,2025-10-13,2025-11-12
3189,155,2294,2025-08-27,2025-09-26
3190,560,432,2024-11-09,2024-12-09
3191,700,1295,2025-01-20,2025-02-19
3192,879,2962,2025-07-30,2025-08-29
3193,67,692,2025-11-11,2025-12-11
3194,743,2275,2025-05-16,2025-06-15
3195,224,624,2025-07-29,2025-08-28
3196,118,817,2024-01-14,2024-02-13
3197,654,2640,2025-07-27,2025-08-26
3198,628,1697,2024-11-08,2024-12-08
3199,399,1159,2025-09-14,2025-10-14
3200,289,2299,2025-03-22,2025-04-21
3201,885,1622,2025-09-06,2025-10-06
3202,455,2611,2025-12-15,2026-01-14
3203,668,2336,2025-06-26,2025-07-26
3204,32,361,2025-08-07,2025-09-06
3205,241,2984,2025-03-11,2025-04-10
3206,758,885,2025-03-22,2025-04-21
3207,723,668,2025-01-10,2025-02-09
3208,954,1151,2025-11-09,2025-12-09
3209,254,2298,2024-04-28,2024-05-28
3210,670,928,2025-10-10,2025-11-09
3211,559,1405,2025-07-02,2025-08-01
3212,481,1381,2025-06-26,2025-07-26
3213,266,1285,2024-06-28,2024-07-28
3214,21,2988,2025-07-30,2025-08-29
3215,865,1858,2025-01-22,2025-02-21
3216,534,1522,2024-10-29,2024-11-28
3217,78,1243,2025-03-12,2025-04-11
3218,110,1832,2024-09-24,2024-10-24
3219,376,582,2024-05-14,2024-06-13
3220,189,596,2025-04-19,2025-05-19
3221,343,2917,2024-10-29,2024-11-28
3222,803,2281,2025-02-02,2025-03-04
3223,598,375,2025-07-16,2025-08-15
3224,8,1965,2024-12-22,2025-01-21
3225,737,222,2024-04-13,2024-05-13
3226,632,418,2024-01-08,2024-02-07
3227,849,2483,2025-03-09,2025-04-08
3228,331,345,2025-11-13,2025-12-13
3229,655,2846,2025-05-18,2025-06-17
3230,223,905,2024-09-02,2024-10-02
3231,499,2420,2024-07-08,2024-08-07
3232,434,356,2025-01-30,2025-03-01
3233,971,2494,2024-09-27,2024-10-27
3234,89,196,2024-07-21,2024-08-20
3235,832,1935,2025-02-23,2025-03-25
3236,303,69,2024-05-18,2024-06-17
3237,674,550,2025-06-28,2025-07-28
3238,580,717,2025-03-05,2025-04-04
3239,935,2244,2025-08-22,2025-09-21
3240,109,204,2025-07-17,2025-08-16
3241,745,2099,2024-11-17,2024-12-17
3242,843,1765,2024-07-27,2024-08-26
3243,206,1522,2025-02-21,2025-03-23
3244,149,1431,2024-11-05,2024-12-05
3245,166,1420,2025-10-29,2025-11-28
3246,604,2797,2025-11-28,2025-12-28
3247,902,352,2024-01-01,2024-01-31
3248,821,395,2024-02-16,2024-03-17
3249,969,1516,2024-03-01,2024-03-31
3250,352,1977,2024-11-06,2024-12-06
3251,195,494,2024-10-08,2024-11-07
3252,615,2929,2025-02-13,2025-03-15
3253,68,1984,2024-08-23,2024-09-22
3254,478,2975,2025-02-19,2025-03-21
3255,933,1428,2024-01-03,2024-02-02
3256,459,1429,2024-06-16,2024-07-16
3257,563,1150,2024-06-30,2024-07-30
3258,425,1288,2025-06-17,2025-07-17
3259,351,304,2024-11-17,2024-12-17
3260,430,187,2025-07-11,2025-08-10
3261,597,1300,2025-08-12,2025-09-11
3262,941,1893,2025-08-24,2025-09-23
3263,827,2120,2025-07-31,2025-08-30
3264,684,1677,2024-08-27,2024-09-26
3265,444,2010,2024-06-18,2024-07-18
3266,909,1709,2024-11-02,2024-12-02
3267,752,753,2025-09-03,2025-10-03
3268,583,863,2025-10-22,2025-11-21
3269,312,966,2025-07-20,2025-08-19
3270,984,791,2024-11-15,2024-12-15
3271,17,893,2025-09-07,2025-10-07
3272,695,1051,2025-09-10,2025-10-10
3273,966,821,2024-07-30,2024-08-29
3274,834,1262,2024-09-05,2024-10-05
3275,957,664,2025-10-20,2025-11-19
3276,730,1004,2025-07-08,2025-08-07
3277,801,24,2025-01-01,2025-01-31
3278,857,1135,2024-03-09,2024-04-08
3279,676,113,2025-01-30,2025-03-01
3280,591,190,2024-11-20,2024-12-20
3281,827,464,2025-10-25,2025-11-24
3282,715,785,2025-10-26,2025-11-25
3283,742,160,2024-04-28,2024-05-28
3284,201,2113,2025-12-01,2025-12-31
3285,478,311,2024-04-11,2024-05-11
3286,232,449,2024-09-23,2024-10-23
3287,75,1274,2024-02-02,2024-03-03
3288,715,2881,2024-10-05,2024-11-04
3289,913,2948,2025-07-05,2025-08-04
3290,122,1008,2025-11-12,2025-12-12
3291,321,2022,2024-01-07,2024-02-06
3292,491,1679,2024-04-18,2024-05-18
3293,759,2301,2024-08-27,2024-09-26
3294,373,1979,2025-05-16,2025-06-15
3295,933,2911,2024-01-15,2024-02-14
3296,470,2929,2025-06-04,2025-07-04
3297,695,536,2025-10-18,2025-11-17
3298,560,34,2025-03-22,2025-04-21
3299,899,1481,2025-06-08,2025-07-08
3300,470,2004,2024-06-02,2024-07-02
3301,414,1920,2025-01-26,2025-02-25
3302,472,1043,2024-10-29,2024-11-28
3303,243,1945,2025-08-20,2025-09-19
3304,879,704,2024-09-01,2024-10-01
3305,911,281,2024-01-26,2024-02-25
3306,313,230,2024-04-06,2024-05-06
3307,615,1387,2024-05-08,2024-06-07
3308,681,955,2024-02-10,2024-03-11
3309,838,2945,2025-06-14,2025-07-14
3310,956,1728,2025-02-13,2025-03-15
3311,781,2343,2025-02-26,2025-03-28
3312,150,1543,2024-03-18,2024-04-17
3313,406,1185,2024-12-01,2024-12-31
3314,304,751,2024-01-15,2024-02-14
3315,948,2124,2025-03-15,2025-04-14
3316,156,2145,2024-05-07,2024-06-06
3317,468,1276,2025-08-08,2025-09-07
3318,792,525,2025-08-17,2025-09-16
3319,105,2770,2024-04-27,2024-05-27
3320,638,791,2025-04-22,2025-05-22
3321,278,2265,2024-06-04,2024-07-04
3322,821,1218,2024-06-28,2024-07-28
3323,430,2879,2024-10-28,2024-11-27
3324,313,2184,2024-07-02,2024-08-01
3325,48,896,2024-03-10,2024-04-09
3326,657,1918,2024-11-10,2024-12-10
3327,46,195,2025-10-08,2025-11-07
3328,785,2464,2024-07-30,2024-08-29
3329,721,429,2024-03-19,2024-04-18
3330,753,2682,2025-11-06,2025-12-06
3331,185,2251,2024-01-12,2024-02-11
3332,225,830,2025-06-23,2025-07-23
3333,83,1915,2024-06-15,2024-07-15
3334,533,2609,2025-05-18,2025-06-17
3335,895,349,2025-12-04,2026-01-03
3336,773,485,2025-12-20,2026-01-19
3337,178,2791,2024-08-01,2024-08-31
3338,87,58,2025-07-10,2025-08-09
3339,362,1893,2025-05-03,2025-06-02
3340,192,2269,2024-08-06,2024-09-05
3341,303,432,2025-12-09,2026-01-08
3342,868,145,2024-12-05,2025-01-04
3343,159,2911,2024-01-10,2024-02-09
3344,402,616,2025-06-20,2025-07-20
3345,449,90,2024-08-19,2024-09-18
3346,411,1422,2024-10-17,2024-11-16
3347,50,1131,2025-10-21,2025-11-20
3348,391,1693,2025-01-11,2025-02-10
3349,612,1562,2025-03-24,2025-04-23
3350,991,478,2025-09-09,2025-10-09
3351,434,1046,2025-05-27,2025-06-26
3352,959,1926,2025-03-07,2025-04-06
3353,44,2645,2024-05-18,2024-06-17
3354,833,2093,2025-12-20,2026-01-19
3355,463,806,2025-04-25,2025-05-25
3356,105,2481,2024-08-17,2024-09-16
3357,931,2677,2025-09-03,2025-10-03
3358,251,1811,2025-11-29,2025-12-29
3359,348,1928,2024-03-01,2024-03-31
3360,436,2867,2025-09-07,2025-10-07
3361,997,2097,2024-03-27,2024-04-26
3362,168,1512,2025-12-15,2026-01-14
3363,163,821,2025-11-18,2025-12-18
3364,382,1752,2024-08-29,2024-09-28
3365,273,755,2024-03-11,2024-04-10
3366,48,1450,2025-08-04,2025-09-03
3367,890,2004,2025-11-10,2025-12-10
3368,8,1636,2025-09-26,2025-10-26
3369,498,1795,2024-08-27,2024-09-26
3370,972,532,2025-11-18,2025-12-18
3371,971,1324,2025-04-25,2025-05-25
3372,321,300,2025-12-01,2025-12-31
3373,685,2039,2025-09-01,2025-10-01
3374,691,1269,2024-07-25,2024-08-24
3375,643,2076,2025-11-21,2025-12-21
3376,533,1690,2024-06-27,2024-07-27
3377,87,929,2024-06-22,2024-07-22
3378,889,2982,2024-05-27,2024-06-26
3379,447,2887,2024-01-26,2024-02-25
3380,549,1683,2024-10-19,2024-11-18
3381,567,175,2024-07-03,2024-08-02
3382,667,1914,2025-02-09,2025-03-11
3383,217,1427,2024-04-25,2024-05-25
3384,626,1017,2024-01-11,2024-02-10
3385,23,2884,2025-03-19,2025-04-18
3386,337,1956,2024-11-17,2024-12-17
3387,184,1921,2025-10-10,2025-11-09
3388,937,1215,2024-03-28,2024-04-27
3389,123,2773,2025-07-30,2025-08-29
3390,377,1940,2025-12-12,2026-01-11
3391,34,2605,2024-12-15,2025-01-14
3392,106,1697,2025-06-13,2025-07-13
3393,604,2735,2024-04-06,2024-05-06
3394,455,1688,2024-05-19,2024-06-18
3395,112,1701,2024-04-13,2024-05-13
3396,572,4,2024-10-09,2024-11-08
3397,914,906,2025-12-03,2026-01-02
3398,661,591,2024-10-26,2024-11-25
3399,919,899,2025-03-21,2025-04-20
3400,830,394,2024-07-30,2024-08-29
3401,829,207,2024-12-16,2025-01-15
3402,810,1986,2025-07-26,2025-08-25
3403,658,1756,2025-11-21,2025-12-21
3404,23,1893,2025-07-28,2025-08-27
3405,262,2240,2024-05-11,2024-06-10
3406,924,1137,2025-11-18,2025-12-18
3407,686,2170,2024-10-15,2024-11-14
3408,966,1725,2025-08-21,2025-09-20
3409,387,528,2024-07-19,2024-08-18
3410,224,1932,2025-11-17,2025-12-17
3411,941,2936,2025-10-11,2025-11-10
3412,764,1153,2024-12-22,2025-01-21
3413,609,1890,2025-04-08,2025-05-08
3414,159,2983,2024-11-27,2024-12-27
3415,604,1717,2024-09-06,2024-10-06
3416,810,2851,2025-05-24,2025-06-23
3417,143,547,2024-10-31,2024-11-30
3418,21,490,2024-04-29,2024-05-29
3419,648,1161,2024-12-11,2025-01-10
3420,88,1777,2024-04-05,2024-05-05
3421,590,2155,2025-05-14,2025-06-13
3422,528,2841,2023-12-31,2024-01-30
3423,302,2290,2024-12-08,2025-01-07
3424,686,1699,2025-01-16,2025-02-15
3425,893,2114,2024-10-04,2024-11-03
3426,93,2366,2024-05-25,2024-06-24
3427,332,2732,2024-10-31,2024-11-30
3428,684,2146,2024-05-06,2024-06-05
3429,574,2436,2025-03-31,2025-04-30
3430,851,485,2025-11-22,2025-12-22
3431,463,2436,2025-03-18,2025-04-17
3432,318,2502,2024-08-09,2024-09-08
3433,83,992,2025-09-06,2025-10-06
3434,56,519,2025-09-10,2025-10-10
3435,485,2425,2025-08-10,2025-09-09
3436,264,1412,2024-04-21,2024-05-21
3437,919,1513,2025-06-29,2025-07-29
3438,138,205,2024-01-10,2024-02-09
3439,624,929,2025-10-12,2025-11-11
3440,44,806,2024-09-19,2024-10-19
3441,906,2918,2025-10-04,2025-11-03
3442,55,1317,2024-08-12,2024-09-11
3443,545,2952,2025-05-05,2025-06-04
3444,525,1360,2025-01-17,2025-02-16
3445,99,290,2025-07-10,2025-08-09
3446,966,1096,2024-04-03,2024-05-03
3447,110,1912,2024-07-29,2024-08-28
3448,905,1704,2025-01-18,2025-02-17
3449,609,1691,2025-01-28,2025-02-27
3450,95,1914,2024-06-27,2024-07-27
3451,242,1476,2025-01-25,2025-02-24
3452,726,1800,2025-07-07,2025-08-06
3453,695,363,2025-06-12,2025-07-12
3454,753,1653,2024-02-12,2024-03-13
3455,444,1594,2025-09-22,2025-10-22
3456,569,1256,2025-07-20,2025-08-19
3457,734,203,2024-09-17,2024-10-17
3458,1000,2601,2024-07-17,2024-08-16
3459,983,1837,2024-05-06,2024-06-05
3460,216,451,2025-03-11,2025-04-10
3461,983,2983,2024-04-16,2024-05-16
3462,106,2759,2024-02-04,2024-03-05
3463,644,2075,2025-07-15,2025-08-14
3464,622,2423,2025-08-14,2025-09-13
3465,81,1035,2025-08-04,2025-09-03
3466,411,340,2025-06-21,2025-07-21
3467,889,2741,2024-12-22,2025-01-21
3468,824,2782,2025-05-10,2025-06-09
3469,744,841,2024-05-22,2024-06-21
3470,229,460,2025-06-15,2025-07-15
3471,1,2463,2025-08-24,2025-09-23
3472,905,188,2025-02-27,2025-03-29
3473,198,2003,2024-06-25,2024-07-25
3474,768,842,2025-11-28,2025-12-28
3475,363,1463,2025-08-19,2025-09-18
3476,887,2312,2025-08-17,2025-09-16
3477,359,1619,2024-11-26,2024-12-26
3478,364,2059,2025-11-02,2025-12-02
3479,73,1619,2024-08-06,2024-09-05
3480,901,1233,2025-03-01,2025-03-31
3481,702,423,2024-01-10,2024-02-09
3482,600,1198,2024-03-04,2024-04-03
3483,89,1331,2024-08-29,2024-09-28
3484,296,1102,2025-10-31,2025-11-30
3485,340,1583,2024-01-13,2024-02-12
3486,949,2839,2025-06-20,2025-07-20
3487,165,314,2025-07-06,2025-08-05
3488,461,1301,2025-02-06,2025-03-08
3489,440,2050,2025-07-07,2025-08-06
3490,403,1394,2024-09-08,2024-10-08
3491,997,1113,2025-04-22,2025-05-22
3492,5,496,2024-07-08,2024-08-07
3493,888,542,2024-06-25,2024-07-25
3494,458,692,2025-08-02,2025-09-01
3495,561,2259,2024-10-05,2024-11-04
3496,202,2853,2024-05-20,2024-06-19
3497,265,2547,2024-09-25,2024-10-25
3498,158,2114,2024-09-16,2024-10-16
3499,705,2620,2025-12-06,2026-01-05
3500,518,2161,2025-04-08,2025-05-08
3501,968,1307,2025-04-24,2025-05-24
3502,283,579,2025-02-06,2025-03-08
3503,347,2831,2024-07-04,2024-08-03
3504,86,2070,2025-09-06,2025-10-06
3505,940,172,2025-07-08,2025-08-07
3506,463,682,2024-08-23,2024-09-22
3507,102,1516,2024-02-27,2024-03-28
3508,142,2534,2025-07-14,2025-08-13
3509,405,1932,2024-10-17,2024-11-16
3510,830,249,2024-06-19,2024-07-19
3511,968,869,2024-10-21,2024-11-20
3512,861,2062,2025-08-08,2025-09-07
3513,507,2395,2024-01-21,2024-02-20
3514,681,1568,2025-02-17,2025-03-19
3515,441,1432,2025-10-10,2025-11-09
3516,772,595,2024-05-22,2024-06-21
3517,60,1743,2025-11-09,2025-12-09
3518,69,666,2024-12-12,2025-01-11
3519,341,907,2024-08-06,2024-09-05
3520,473,2426,2024-07-19,2024-08-18
3521,722,1696,2025-10-24,2025-11-23
3522,570,2515,2024-01-26,2024-02-25
3523,744,1611,2025-06-23,2025-07-23
3524,519,262,2024-11-01,2024-12-01
3525,425,2642,2024-11-18,2024-12-18
3526,118,53,2025-10-15,2025-11-14
3527,871,1451,2024-09-03,2024-10-03
3528,565,842,2024-10-31,2024-11-30
3529,517,2976,2024-06-21,2024-07-21
3530,354,1218,2024-11-03,2024-12-03
3531,53,2229,2025-04-03,2025-05-03
3532,59,1489,2024-06-24,2024-07-24
3533,250,677,2025-08-14,2025-09-13
3534,494,793,2024-07-10,2024-08-09
3535,149,2156,2025-12-17,2026-01-16
3536,192,327,2025-11-04,2025-12-04
3537,939,2089,2024-04-03,2024-05-03
3538,823,2609,2025-12-06,2026-01-05
3539,815,1809,2025-05-03,2025-06-02
3540,254,2446,2024-10-23,2024-11-22
3541,259,1635,2024-09-14,2024-10-14
3542,832,1576,2024-06-12,2024-07-12
3543,638,275,2024-05-24,2024-06-23
3544,144,1937,2025-05-23,2025-06-22
3545,574,663,2024-01-14,2024-02-13
3546,690,1374,2025-02-08,2025-03-10
3547,153,1189,2024-05-08,2024-06-07
3548,266,268,2025-05-06,2025-06-05
3549,573,1631,2024-06-18,2024-07-18
3550,602,231,2024-01-27,2024-02-26
3551,204,2119,2024-08-30,2024-09-29
3552,950,1324,2025-11-25,2025-12-25
3553,717,2873,2024-12-19,2025-01-18
3554,744,795,2024-06-16,2024-07-16
3555,168,1428,2024-06-07,2024-07-07
3556,143,2739,2025-09-13,2025-10-13
3557,707,2196,2025-06-06,2025-07-06
3558,924,485,2024-05-06,2024-06-05
3559,903,1520,2025-11-04,2025-12-04
3560,143,2109,2025-02-08,2025-03-10
3561,254,1921,2024-12-10,2025-01-09
3562,603,1030,2024-03-20,2024-04-19
3563,893,546,2024-09-23,2024-10-23
3564,430,2232,2024-03-01,2024-03-31
3565,480,574,2025-03-21,2025-04-20
3566,682,66,2024-05-15,2024-06-14
3567,851,279,2024-05-16,2024-06-15
3568,663,521,2025-10-25,2025-11-24
3569,437,875,2024-10-31,2024-11-30
3570,880,1737,2024-03-09,2024-04-08
3571,883,2482,2025-05-16,2025-06-15
3572,728,443,2025-06-13,2025-07-13
3573,309,655,2025-10-27,2025-11-26
3574,391,190,2025-06-19,2025-07-19
3575,776,2353,2025-09-22,2025-10-22
3576,282,2697,2024-12-02,2025-01-01
3577,346,556,2025-10-11,2025-11-10
3578,394,2579,2025-03-14,2025-04-13
3579,349,2479,2024-12-23,2025-01-22
3580,400,381,2025-01-01,2025-01-31
3581,325,1789,2025-01-22,2025-02-21
3582,693,2179,2024-12-12,2025-01-11
3583,862,1126,2024-09-24,2024-10-24
3584,866,2183,2025-11-11,2025-12-11
3585,969,949,2025-05-28,2025-06-27
3586,769,1027,2024-09-03,2024-10-03
3587,130,1918,2024-07-09,2024-08-08
3588,51,715,2024-09-07,2024-10-07
3589,713,2863,2025-04-30,2025-05-30
3590,871,781,2024-03-08,2024-04-07
3591,1,152,2025-05-17,2025-06-16
3592,459,725,2024-11-23,2024-12-23
3593,227,1050,2024-02-29,2024-03-30
3594,439,2458,2025-01-23,2025-02-22
3595,358,688,2025-02-17,2025-03-19
3596,490,1144,2024-09-29,2024-10-29
3597,212,2851,2025-08-16,2025-09-15
3598,379,1701,2024-03-20,2024-04-19
3599,136,241,2024-06-20,2024-07-20
3600,869,64,2024-09-14,2024-10-14
3601,359,2428,2024-01-23,2024-02-22
3602,890,518,2025-06-03,2025-07-03
3603,289,1744,2025-01-08,2025-02-07
3604,771,333,2025-07-16,2025-08-15
3605,392,473,2024-03-11,2024-04-10
3606,245,1105,2024-01-21,2024-02-20
3607,335,541,2024-11-12,2024-12-12
3608,409,2523,2024-03-28,2024-04-27
3609,308,1794,2024-05-29,2024-06-28
3610,195,2978,2024-01-23,2024-02-22
3611,129,2654,2024-09-02,2024-10-02
3612,482,137,2025-03-01,2025-03-31
3613,258,778,2025-10-03,2025-11-02
3614,451,796,2024-08-15,2024-09-14
3615,772,2980,2024-02-12,2024-03-13
3616,776,2241,2024-02-07,2024-03-08
3617,15,186,2025-08-09,2025-09-08
3618,457,140,2025-10-15,2025-11-14
3619,703,2514,2024-03-29,2024-04-28
3620,945,1704,2024-01-09,2024-02-08
3621,841,84,2024-01-02,2024-02-01
3622,7,826,2025-06-22,2025-07-22
3623,879,2035,2025-07-09,2025-08-08
3624,69,802,2025-11-18,2025-12-18
3625,321,2648,2024-08-18,2024-09-17
3626,65,2755,2024-08-30,2024-09-29
3627,9,1998,2025-03-23,2025-04-22
3628,968,144,2025-09-04,2025-10-04
3629,776,716,2025-07-21,2025-08-20
3630,896,2553,2025-07-05,2025-08-04
3631,63,1604,2024-08-28,2024-09-27
3632,128,1485,2025-01-24,2025-02-23
3633,399,2666,2024-12-28,2025-01-27
3634,720,1303,2025-03-20,2025-04-19
3635,228,2805,2024-05-15,2024-06-14
3636,146,106,2025-09-14,2025-10-14
3637,539,2886,2024-01-01,2024-01-31
3638,575,378,2024-06-14,2024-07-14
3639,49,2684,2025-05-08,2025-06-07
3640,443,2659,2024-11-10,2024-12-10
3641,890,2952,2024-10-21,2024-11-20
3642,7,2096,2024-02-26,2024-03-27
3643,176,2969,2025-09-03,2025-10-03
3644,76,980,2025-07-16,2025-08-15
3645,722,2129,2024-01-11,2024-02-10
3646,316,721,2024-04-04,2024-05-04
3647,332,917,2025-11-14,2025-12-14
3648,999,1570,2024-08-15,2024-09-14
3649,465,2397,2024-05-11,2024-06-10
3650,435,2121,2025-06-07,2025-07-07
3651,360,28,2025-03-03,2025-04-02
3652,220,2682,2025-01-09,2025-02-08
3653,374,2833,2025-10-23,2025-11-22
3654,49,1390,2025-09-07,2025-10-07
3655,923,1166,2025-07-22,2025-08-21
3656,377,2827,2025-03-10,2025-04-09
3657,969,1411,2024-04-13,2024-05-13
3658,912,2636,2025-11-21,2025-12-21
3659,348,1453,2024-12-05,2025-01-04
3660,414,387,2025-12-01,2025-12-31
3661,754,2583,2025-10-26,2025-11-25
3662,623,1003,2024-01-06,2024-02-05
3663,589,2452,2025-10-03,2025-11-02
3664,237,2527,2025-10-16,2025-11-15
3665,422,2431,2024-06-05,2024-07-05
3666,178,780,2025-07-16,2025-08-15
3667,390,747,2025-08-02,2025-09-01
3668,642,375,2024-10-03,2024-11-02
3669,162,344,2025-02-25,2025-03-27
3670,631,1902,2025-11-29,2025-12-29
3671,937,533,2025-12-27,2026-01-26
3672,689,2227,2024-01-30,2024-02-29
3673,18,2341,2025-06-07,2025-07-07
3674,54,1435,2025-09-07,2025-10-07
3675,190,404,2024-08-02,2024-09-01
3676,963,1844,2024-04-03,2024-05-03
3677,203,1443,2025-04-28,2025-05-28
3678,764,473,2025-05-24,2025-06-23
3679,10,1859,2025-05-31,2025-06-30
3680,616,2170,2024-04-10,2024-05-10
3681,933,827,2025-02-08,2025-03-10
3682,84,1908,2025-10-01,2025-10-31
3683,998,602,2025-05-04,2025-06-03
3684,773,350,2025-02-24,2025-03-26
3685,405,162,2025-03-15,2025-04-14
3686,46,2534,2025-06-24,2025-07-24
3687,824,65,2025-02-26,2025-03-28
3688,761,1636,2024-04-18,2024-05-18
3689,631,1179,2024-05-17,2024-06-16
3690,356,337,2025-10-29,2025-11-28
3691,644,203,2025-07-31,2025-08-30
3692,617,376,2024-08-04,2024-09-03
3693,525,902,2025-11-28,2025-12-28
3694,804,1959,2025-09-11,2025-10-11
3695,294,1119,2025-07-16,2025-08-15
3696,577,2937,2025-10-06,2025-11-05
3697,681,1673,2024-09-07,2024-10-07
3698,400,2503,2025-12-10,2026-01-09
3699,228,892,2025-06-14,2025-07-14
3700,212,630,2024-03-15,2024-04-14
3701,995,2222,2024-06-06,2024-07-06
3702,655,2579,2025-04-16,2025-05-16
3703,984,1217,2024-11-18,2024-12-18
3704,847,1741,2025-07-22,2025-08-21
3705,30,516,2024-09-16,2024-10-16
3706,148,1655,2025-08-21,2025-09-20
3707,28,2850,2025-03-13,2025-04-12
3708,28,1481,2024-08-24,2024-09-23
3709,172,2019,2024-04-07,2024-05-07
3710,87,1550,2025-12-21,2026-01-20
3711,772,414,2024-01-17,2024-02-16
3712,29,754,2024-08-06,2024-09-05
3713,642,1627,2025-09-09,2025-10-09
3714,931,1742,2024-12-03,2025-01-02
3715,756,1712,2025-08-11,2025-09-10
3716,623,2045,2025-06-08,2025-07-08
3717,969,2679,2024-10-20,2024-11-19
3718,836,1180,2024-05-18,2024-06-17
3719,15,590,2024-06-21,2024-07-21
3720,434,2788,2024-09-14,2024-10-14
3721,833,2478,2024-11-18,2024-12-18
3722,511,138,2024-10-08,2024-11-07
3723,256,2626,2025-10-25,2025-11-24
3724,422,1566,2025-07-23,2025-08-22
3725,614,1231,2025-11-20,2025-12-20
3726,82,1005,2024-03-30,2024-04-29
3727,919,2743,2025-01-29,2025-02-28
3728,57,2783,2024-12-27,2025-01-26
3729,182,2220,2024-12-19,2025-01-18
3730,391,1433,2025-11-05,2025-12-05
3731,868,2115,2024-09-25,2024-10-25
3732,618,38,2024-10-20,2024-11-19
3733,121,1181,2025-01-20,2025-02-19
3734,305,1066,2024-09-14,2024-10-14
3735,990,2891,2024-03-18,2024-04-17
3736,724,1126,2024-01-02,2024-02-01
3737,524,798,2025-09-30,2025-10-30
3738,728,1117,2024-12-28,2025-01-27
3739,301,1169,2025-09-05,2025-10-05
3740,868,1157,2024-07-21,2024-08-20
3741,455,380,2025-09-06,2025-10-06
3742,796,1909,2024-01-12,2024-02-11
3743,355,1215,2024-04-20,2024-05-20
3744,513,1308,2024-10-06,2024-11-05
3745,601,2658,2024-04-27,2024-05-27
3746,208,2412,2024-10-14,2024-11-13
3747,957,1495,2024-01-15,2024-02-14
3748,873,112,2025-11-10,2025-12-10
3749,383,2911,2024-07-02,2024-08-01
3750,843,638,2024-02-23,2024-03-24
3751,850,1104,2025-09-26,2025-10-26
3752,850,2553,2024-11-23,2024-12-23
3753,678,1310,2024-09-30,2024-10-30
3754,69,1918,2024-11-29,2024-12-29
3755,726,7,2024-01-25,2024-02-24
3756,456,1521,2025-03-29,2025-04-28
3757,750,2948,2024-03-27,2024-04-26
3758,113,2430,2025-11-15,2025-12-15
3759,870,934,2024-11-23,2024-12-23
3760,187,2798,2025-01-24,2025-02-23
3761,892,1800,2025-04-24,2025-05-24
3762,40,1584,2025-02-19,2025-03-21
3763,943,2966,2025-05-14,2025-06-13
3764,741,165,2025-04-30,2025-05-30
3765,623,1265,2025-09-08,2025-10-08
3766,88,2361,2025-11-30,2025-12-30
3767,452,2964,2024-08-02,2024-09-01
3768,926,1641,2025-10-18,2025-11-17
3769,531,1790,2025-05-06,2025-06-05
3770,831,592,2025-06-09,2025-07-09
3771,169,282,2024-03-02,2024-04-01
3772,747,1752,2024-10-01,2024-10-31
3773,517,1818,2025-12-24,2026-01-23
3774,207,224,2025-05-01,2025-05-31
3775,224,933,2025-02-27,2025-03-29
3776,347,2073,2025-09-01,2025-10-01
3777,805,2700,2025-12-25,2026-01-24
3778,973,466,2024-03-12,2024-04-11
3779,316,634,2025-08-01,2025-08-31
3780,980,178,2025-04-07,2025-05-07
3781,783,2057,2025-07-24,2025-08-23
3782,498,1611,2025-04-17,2025-05-17
3783,848,604,2025-07-29,2025-08-28
3784,861,860,2025-05-21,2025-06-20
3785,896,2299,2024-01-15,2024-02-14
3786,746,927,2025-08-03,2025-09-02
3787,680,344,2024-01-09,2024-02-08
3788,300,643,2024-06-09,2024-07-09
3789,47,726,2025-01-21,2025-02-20
3790,879,1859,2025-08-11,2025-09-10
3791,829,1923,2025-07-02,2025-08-01
3792,956,5,2025-11-12,2025-12-12
3793,203,686,2025-01-02,2025-02-01
3794,426,747,2025-07-20,2025-08-19
3795,564,97,2025-06-07,2025-07-07
3796,518,579,2024-09-16,2024-10-16
3797,573,1108,2025-08-21,2025-09-20
3798,930,2613,2025-01-25,2025-02-24
3799,353,2130,2024-01-01,2024-01-31
3800,335,1097,2024-06-18,2024-07-18
3801,650,2022,2025-10-08,2025-11-07
3802,558,210,2025-04-03,2025-05-03
3803,988,2728,2025-05-02,2025-06-01
3804,719,2938,2024-07-05,2024-08-04
3805,435,1675,2025-10-20,2025-11-19
3806,712,2690,2025-06-16,2025-07-16
3807,689,1082,2024-03-01,2024-03-31
3808,486,1729,2025-08-06,2025-09-05
3809,665,2099,2025-07-25,2025-08-24
3810,886,288,2025-01-18,2025-02-17
3811,385,2894,2024-08-30,2024-09-29
3812,399,2893,2025-10-18,2025-11-17
3813,250,567,2024-03-03,2024-04-02
3814,611,907,2025-12-16,2026-01-15
3815,90,1648,2025-09-03,2025-10-03
3816,368,1929,2025-06-08,2025-07-08
3817,827,1467,2025-08-24,2025-09-23
3818,394,399,2025-03-03,2025-04-02
3819,627,2633,2023-12-31,2024-01-30
3820,636,921,2025-06-24,2025-07-24
3821,956,542,2025-06-21,2025-07-21
3822,317,2724,2024-05-18,2024-06-17
3823,733,395,2025-04-10,2025-05-10
3824,226,1240,2024-03-30,2024-04-29
3825,707,1205,2024-05-16,2024-06-15
3826,113,122,2024-08-19,2024-09-18
3827,315,1905,2024-05-10,2024-06-09
3828,830,2058,2024-05-08,2024-06-07
3829,600,2254,2025-03-18,2025-04-17
3830,227,2101,2024-02-09,2024-03-10
3831,270,1202,2024-06-23,2024-07-23
3832,476,694,2025-06-23,2025-07-23
3833,29,1507,2025-02-12,2025-03-14
3834,340,1198,2024-09-26,2024-10-26
3835,185,280,2025-05-04,2025-06-03
3836,375,1700,2025-06-26,2025-07-26
3837,946,685,2024-09-18,2024-10-18
3838,182,2576,2025-02-17,2025-03-19
3839,493,141,2025-02-19,2025-03-21
3840,719,54,2024-11-24,2024-12-24
3841,345,2060,2025-09-25,2025-10-25
3842,946,1407,2025-08-19,2025-09-18
3843,360,1865,2024-08-19,2024-09-18
3844,986,2666,2024-02-05,2024-03-06
3845,374,1103,2025-03-17,2025-04-16
3846,802,2101,2025-11-13,2025-12-13
3847,214,444,2024-07-16,2024-08-15
3848,865,2528,2024-06-05,2024-07-05
3849,593,2705,2025-04-14,2025-05-14
3850,869,1804,2024-09-21,2024-10-21
3851,194,281,2024-11-26,2024-12-26
3852,483,1476,2024-10-07,2024-11-06
3853,228,698,2025-07-09,2025-08-08
3854,424,413,2025-08-06,2025-09-05
3855,750,794,2025-04-03,2025-05-03
3856,922,1917,2025-10-01,2025-10-31
3857,333,1375,2024-08-09,2024-09-08
3858,451,1798,2024-06-16,2024-07-16
3859,2,1368,2024-02-16,2024-03-17
3860,682,2860,2024-10-02,2024-11-01
3861,277,623,2024-05-11,2024-06-10
3862,647,1762,2025-08-04,2025-09-03
3863,296,107,2024-02-19,2024-03-20
3864,863,1536,2024-06-12,2024-07-12
3865,882,2330,2024-09-03,2024-10-03
3866,756,1805,2024-02-06,2024-03-07
3867,327,1641,2025-01-05,2025-02-04
3868,402,1575,2024-03-20,2024-04-19
3869,251,2334,2024-01-23,2024-02-22
3870,428,2935,2024-07-10,2024-08-09
3871,100,2450,2025-11-29,2025-12-29
3872,459,957,2024-05-10,2024-06-09
3873,430,1705,2025-11-11,2025-12-11
3874,825,1816,2024-04-09,2024-05-09
3875,941,1381,2024-02-12,2024-03-13
3876,497,1300,2024-08-28,2024-09-27
3877,843,2595,2024-03-26,2024-04-25
3878,654,2111,2024-01-23,2024-02-22
3879,121,1342,2023-12-30,2024-01-29
3880,821,1253,2024-09-28,2024-10-28
3881,809,2811,2024-09-23,2024-10-23
3882,920,454,2025-12-08,2026-01-07
3883,938,1425,2024-12-09,2025-01-08
3884,958,2689,2024-11-27,2024-12-27
3885,296,496,2025-03-24,2025-04-23
3886,907,631,2024-12-09,2025-01-08
3887,727,1863,2025-05-01,2025-05-31
3888,384,2554,2025-07-15,2025-08-14
3889,354,1694,2025-01-30,2025-03-01
3890,302,711,2025-10-13,2025-11-12
3891,240,1356,2025-12-09,2026-01-08
3892,972,2935,2024-09-06,2024-10-06
3893,253,643,2024-04-26,2024-05-26
3894,35,194,2025-06-25,2025-07-25
3895,268,1921,2024-07-18,2024-08-17
3896,909,15,2025-11-25,2025-12-25
3897,142,2110,2025-08-13,2025-09-12
3898,824,2842,2024-08-09,2024-09-08
3899,853,2996,2023-12-31,2024-01-30
3900,91,2765,2024-09-24,2024-10-24
3901,460,1058,2024-04-02,2024-05-02
3902,631,718,2024-02-17,2024-03-18
3903,522,2154,2025-12-13,2026-01-12
3904,391,2845,2025-05-22,2025-06-21
3905,980,1750,2024-03-12,2024-04-11
3906,981,2874,2024-10-16,2024-11-15
3907,896,1640,2024-10-01,2024-10-31
3908,20,775,2024-09-02,2024-10-02
3909,230,145,2025-01-20,2025-02-19
3910,637,2050,2025-09-01,2025-10-01
3911,735,687,2025-07-24,2025-08-23
3912,66,2474,2024-07-02,2024-08-01
3913,447,1871,2024-10-18,2024-11-17
3914,760,558,2024-09-23,2024-10-23
3915,725,2450,2024-12-17,2025-01-16
3916,832,826,2024-09-09,2024-10-09
3917,407,1237,2025-06-25,2025-07-25
3918,220,1092,2024-07-01,2024-07-31
3919,433,2875,2025-05-25,2025-06-24
3920,824,349,2024-07-29,2024-08-28
3921,174,1085,2025-08-11,2025-09-10
3922,766,1523,2024-07-07,2024-08-06
3923,844,1826,2025-03-05,2025-04-04
3924,789,2306,2025-07-23,2025-08-22
3925,550,506,2025-07-02,2025-08-01
3926,548,683,2025-09-10,2025-10-10
3927,817,1040,2025-05-02,2025-06-01
3928,550,2394,2025-05-31,2025-06-30
3929,603,794,2024-09-05,2024-10-05
3930,719,850,2025-10-28,2025-11-27
3931,598,2822,2025-04-18,2025-05-18
3932,739,2920,2024-11-06,2024-12-06
3933,319,2513,2025-12-02,2026-01-01
3934,82,1705,2024-03-22,2024-04-21
3935,964,1523,2024-01-24,2024-02-23
3936,787,1320,2025-09-15,2025-10-15
3937,616,801,2024-04-03,2024-05-03
3938,111,2907,2024-04-24,2024-05-24
3939,363,2443,2025-10-13,2025-11-12
3940,930,1367,2025-08-29,2025-09-28
3941,646,459,2025-05-28,2025-06-27
3942,257,595,2024-05-02,2024-06-01
3943,732,523,2025-06-22,2025-07-22
3944,453,1739,2024-06-30,2024-07-30
3945,312,1364,2025-02-09,2025-03-11
3946,635,1755,2024-03-31,2024-04-30
3947,363,615,2025-12-17,2026-01-16
3948,637,1863,2024-05-05,2024-06-04
3949,336,1195,2024-04-04,2024-05-04
3950,988,1600,2024-06-14,2024-07-14
3951,356,450,2025-11-09,2025-12-09
3952,557,2908,2024-01-21,2024-02-20
3953,587,476,2024-06-04,2024-07-04
3954,632,2646,2025-04-09,2025-05-09
3955,234,773,2025-04-12,2025-05-12
3956,542,1964,2024-12-27,2025-01-26
3957,469,2055,2025-10-09,2025-11-08
3958,520,2169,2024-09-07,2024-10-07
3959,880,448,2025-05-02,2025-06-01
3960,57,1708,2025-01-01,2025-01-31
3961,777,1455,2025-05-14,2025-06-13
3962,366,1356,2024-02-11,2024-03-12
3963,955,2855,2025-12-26,2026-01-25
3964,911,595,2025-05-13,2025-06-12
3965,835,1757,2025-01-25,2025-02-24
3966,330,1364,2025-11-15,2025-12-15
3967,579,2917,2025-06-10,2025-07-10
3968,129,833,2024-07-14,2024-08-13
3969,627,1278,2025-08-12,2025-09-11
3970,171,2842,2024-04-04,2024-05-04
3971,958,2962,2025-03-25,2025-04-24
3972,265,407,2024-07-26,2024-08-25
3973,399,2299,2025-02-07,2025-03-09
3974,87,1121,2025-11-20,2025-12-20
3975,85,661,2024-04-12,2024-05-12
3976,986,351,2024-01-18,2024-02-17
3977,72,1052,2024-10-20,2024-11-19
3978,371,1687,2024-01-28,2024-02-27
3979,588,1369,2024-10-28,2024-11-27
3980,232,1703,2025-08-24,2025-09-23
3981,480,2900,2025-10-08,2025-11-07
3982,352,942,2024-06-20,2024-07-20
3983,383,219,2025-08-14,2025-09-13
3984,131,264,2024-02-26,2024-03-27
3985,218,1530,2024-04-17,2024-05-17
3986,45,1031,2024-11-18,2024-12-18
3987,659,355,2024-08-26,2024-09-25
3988,956,1455,2025-06-23,2025-07-23
3989,866,408,2024-11-06,2024-12-06
3990,130,1930,2025-04-12,2025-05-12
3991,896,1164,2024-06-27,2024-07-27
3992,416,2745,2025-09-25,2025-10-25
3993,47,50,2025-01-15,2025-02-14
3994,72,1606,2025-06-18,2025-07-18
3995,40,2143,2025-10-02,2025-11-01
3996,14,768,2025-12-21,2026-01-20
3997,3,1411,2025-04-09,2025-05-09
3998,975,702,2024-08-14,2024-09-13
3999,998,61,2025-12-22,2026-01-21
4000,559,378,2024-02-25,2024-03-26
4001,995,262,2025-06-01,2025-07-01
4002,629,1392,2025-06-29,2025-07-29
4003,622,2099,2024-05-20,2024-06-19
4004,126,531,2025-08-21,2025-09-20
4005,279,2486,2024-01-14,2024-02-13
4006,880,2758,2024-05-11,2024-06-10
4007,953,2031,2025-04-07,2025-05-07
4008,505,1195,2025-09-10,2025-10-10
4009,677,1915,2024-05-05,2024-06-04
4010,463,1895,2024-01-02,2024-02-01
4011,196,1031,2024-05-11,2024-06-10
4012,419,2369,2025-09-15,2025-10-15
4013,554,642,2023-12-31,2024-01-30
4014,670,1390,2025-11-12,2025-12-12
4015,204,1086,2025-11-06,2025-12-06
4016,102,530,2024-08-30,2024-09-29
4017,537,2575,2025-11-21,2025-12-21
4018,565,2090,2025-12-27,2026-01-26
4019,473,74,2024-12-07,2025-01-06
4020,705,94,2025-09-12,2025-10-12
4021,584,484,2025-10-06,2025-11-05
4022,759,2428,2024-04-16,2024-05-16
4023,98,555,2025-11-25,2025-12-25
4024,592,903,2024-03-05,2024-04-04
4025,543,1737,2024-10-15,2024-11-14
4026,797,26,2025-07-02,2025-08-01
4027,163,1574,2025-05-14,2025-06-13
4028,170,411,2025-07-15,2025-08-14
4029,772,691,2024-01-04,2024-02-03
4030,38,995,2024-02-25,2024-03-26
4031,149,1893,2024-02-18,2024-03-19
4032,712,2746,2024-09-15,2024-10-15
4033,797,134,2024-11-18,2024-12-18
4034,580,2986,2024-01-30,2024-02-29
4035,997,637,2024-11-19,2024-12-19
4036,696,305,2025-01-06,2025-02-05
4037,508,552,2024-04-15,2024-05-15
4038,607,2938,2024-04-11,2024-05-11
4039,606,162,2024-09-10,2024-10-10
4040,666,2938,2024-01-30,2024-02-29
4041,879,1982,2024-09-11,2024-10-11
4042,234,2580,2024-03-29,2024-04-28
4043,544,1923,2024-06-10,2024-07-10
4044,821,2220,2024-11-01,2024-12-01
4045,613,2850,2024-03-13,2024-04-12
4046,759,2866,2024-05-29,2024-06-28
4047,552,2674,2024-09-19,2024-10-19
4048,589,2140,2025-01-29,2025-02-28
4049,304,826,2024-11-05,2024-12-05
4050,439,108,2024-01-05,2024-02-04
4051,594,2074,2025-12-25,2026-01-24
4052,547,183,2025-02-02,2025-03-04
4053,713,847,2025-07-16,2025-08-15
4054,140,43,2024-06-27,2024-07-27
4055,508,2513,2025-06-09,2025-07-09
4056,633,2765,2025-06-15,2025-07-15
4057,389,1007,2025-07-18,2025-08-17
4058,80,2259,2024-08-03,2024-09-02
4059,750,1257,2024-07-28,2024-08-27
4060,776,1364,2025-12-11,2026-01-10
4061,166,268,2025-08-23,2025-09-22
4062,17,757,2025-04-02,2025-05-02
4063,393,285,2025-06-08,2025-07-08
4064,286,1966,2025-04-12,2025-05-12
4065,649,301,2025-09-05,2025-10-05
4066,854,2909,2024-11-23,2024-12-23
4067,334,1036,2024-07-14,2024-08-13
4068,608,328,2025-05-25,2025-06-24
4069,30,2857,2024-06-25,2024-07-25
4070,831,1760,2025-09-25,2025-10-25
4071,337,2987,2025-09-23,2025-10-23
4072,127,2277,2025-02-08,2025-03-10
4073,216,1863,2025-09-04,2025-10-04
4074,956,944,2024-11-14,2024-12-14
4075,657,2051,2024-06-02,2024-07-02
4076,287,433,2025-01-27,2025-02-26
4077,231,1494,2025-11-14,2025-12-14
4078,569,466,2024-11-06,2024-12-06
4079,48,2101,2025-09-27,2025-10-27
4080,986,1794,2024-06-05,2024-07-05
4081,264,2158,2025-06-02,2025-07-02
4082,802,1184,2025-04-28,2025-05-28
4083,557,324,2024-09-09,2024-10-09
4084,104,2473,2025-01-21,2025-02-20
4085,630,1166,2024-09-06,2024-10-06
4086,852,1429,2024-06-30,2024-07-30
4087,444,869,2024-03-07,2024-04-06
4088,986,245,2024-09-08,2024-10-08
4089,755,1651,2024-05-10,2024-06-09
4090,782,1,2024-06-27,2024-07-27
4091,247,1430,2024-12-10,2025-01-09
4092,421,147,2024-02-29,2024-03-30
4093,213,2613,2024-11-26,2024-12-26
4094,673,113,2024-10-08,2024-11-07
4095,761,523,2025-04-16,2025-05-16
4096,611,689,2024-06-11,2024-07-11
4097,564,956,2024-02-25,2024-03-26
4098,70,2037,2024-02-13,2024-03-14
4099,738,922,2024-09-23,2024-10-23
4100,998,854,2025-09-28,2025-10-28
4101,201,1548,2024-06-02,2024-07-02
4102,48,935,2025-05-23,2025-06-22
4103,273,770,2025-04-11,2025-05-11
4104,304,1465,2025-02-06,2025-03-08
4105,938,2610,2025-11-24,2025-12-24
4106,422,1023,2025-08-08,2025-09-07
4107,773,862,2024-12-06,2025-01-05
4108,43,493,2025-03-19,2025-04-18
4109,274,1836,2025-06-26,2025-07-26
4110,942,1835,2025-06-29,2025-07-29
4111,114,1955,2025-01-19,2025-02-18
4112,162,176,2025-05-10,2025-06-09
4113,134,1387,2025-07-16,2025-08-15
4114,488,253,2024-06-06,2024-07-06
4115,318,1512,2025-12-26,2026-01-25
4116,87,211,2024-12-29,2025-01-28
4117,676,2771,2024-11-26,2024-12-26
4118,716,2304,2025-09-11,2025-10-11
4119,351,616,2025-04-20,2025-05-20
4120,459,324,2024-02-20,2024-03-21
4121,234,1888,2025-06-19,2025-07-19
4122,360,2780,2024-05-16,2024-06-15
4123,786,35,2025-06-16,2025-07-16
4124,714,1121,2024-06-19,2024-07-19
4125,391,304,2025-02-18,2025-03-20
4126,417,1075,2025-03-16,2025-04-15
4127,762,1249,2024-04-22,2024-05-22
4128,130,2566,2024-02-27,2024-03-28
4129,987,392,2025-01-25,2025-02-24
4130,69,1823,2025-11-20,2025-12-20
4131,681,2,2025-11-22,2025-12-22
4132,241,1656,2024-04-04,2024-05-04
4133,686,142,2024-09-06,2024-10-06
4134,341,2827,2025-11-02,2025-12-02
4135,772,2168,2024-07-17,2024-08-16
4136,190,2662,2024-04-20,2024-05-20
4137,157,920,2024-03-24,2024-04-23
4138,731,2515,2024-09-21,2024-10-21
4139,723,711,2024-01-27,2024-02-26
4140,698,2412,2025-01-08,2025-02-07
4141,482,633,2025-09-22,2025-10-22
4142,447,1083,2024-01-07,2024-02-06
4143,22,2476,2025-06-24,2025-07-24
4144,631,2340,2024-12-02,2025-01-01
4145,615,2451,2024-04-29,2024-05-29
4146,162,2560,2024-09-09,2024-10-09
4147,573,825,2024-03-07,2024-04-06
4148,941,1083,2024-01-04,2024-02-03
4149,822,2398,2024-11-22,2024-12-22
4150,288,2803,2024-04-23,2024-05-23
4151,168,149,2025-01-20,2025-02-19
4152,141,2545,2024-01-26,2024-02-25
4153,728,1978,2025-12-04,2026-01-03
4154,263,1613,2025-02-02,2025-03-04
4155,355,2770,2024-02-22,2024-03-23
4156,25,390,2024-12-30,2025-01-29
4157,910,129,2025-03-17,2025-04-16
4158,99,2283,2024-07-10,2024-08-09
4159,555,1944,2025-02-21,2025-03-23
4160,205,2129,2025-01-27,2025-02-26
4161,680,591,2024-03-09,2024-04-08
4162,906,2876,2024-12-26,2025-01-25
4163,674,375,2024-03-02,2024-04-01
4164,68,1109,2025-06-17,2025-07-17
4165,133,1361,2025-03-04,2025-04-03
4166,513,237,2024-12-23,2025-01-22
4167,668,1474,2024-02-11,2024-03-12
4168,510,2624,2025-10-24,2025-11-23
4169,815,2405,2024-05-31,2024-06-30
4170,478,1793,2024-09-20,2024-10-20
4171,834,1864,2024-08-05,2024-09-04
4172,70,2708,2024-03-25,2024-04-24
4173,308,2645,2024-11-09,2024-12-09
4174,594,1870,2024-12-11,2025-01-10
4175,75,1995,2025-01-23,2025-02-22
4176,962,2284,2025-10-31,2025-11-30
4177,15,1031,2025-05-04,2025-06-03
4178,437,1682,2024-09-30,2024-10-30
4179,492,2398,2025-07-12,2025-08-11
4180,275,1031,2025-08-18,2025-09-17
4181,111,248,2025-02-21,2025-03-23
4182,18,2418,2024-03-28,2024-04-27
4183,214,2699,2025-11-13,2025-12-13
4184,85,1125,2025-12-24,2026-01-23
4185,45,2045,2024-10-04,2024-11-03
4186,966,1768,2024-04-05,2024-05-05
4187,214,1960,2025-04-23,2025-05-23
4188,86,1870,2024-11-03,2024-12-03
4189,27,982,2024-04-08,2024-05-08
4190,891,2988,2025-10-24,2025-11-23
4191,147,968,2025-02-10,2025-03-12
4192,163,2766,2025-02-28,2025-03-30
4193,31,301,2025-08-23,2025-09-22
4194,405,2989,2025-12-19,2026-01-18
4195,198,1544,2025-04-25,2025-05-25
4196,370,640,2025-03-31,2025-04-30
4197,70,1236,2024-05-27,2024-06-26
4198,479,2630,2025-04-13,2025-05-13
4199,827,1631,2025-12-03,2026-01-02
4200,612,2221,2025-09-11,2025-10-11
4201,216,1666,2025-02-09,2025-03-11
4202,275,858,2025-07-15,2025-08-14
4203,86,211,2025-07-04,2025-08-03
4204,553,2645,2025-02-18,2025-03-20
4205,929,497,2025-06-27,2025-07-27
4206,297,1078,2025-04-30,2025-05-30
4207,68,997,2024-04-18,2024-05-18
4208,484,2357,2025-06-04,2025-07-04
4209,588,2246,2025-08-29,2025-09-28
4210,502,2578,2025-03-03,2025-04-02
4211,447,1885,2025-07-20,2025-08-19
4212,480,2091,2024-05-30,2024-06-29
4213,65,577,2025-04-11,2025-05-11
4214,477,565,2025-02-05,2025-03-07
4215,359,326,2025-02-12,2025-03-14
4216,866,1101,2024-03-21,2024-04-20
4217,969,2775,2025-05-02,2025-06-01
4218,115,2628,2025-07-29,2025-08-28
4219,212,2483,2025-03-02,2025-04-01
4220,288,1272,2025-11-08,2025-12-08
4221,724,2677,2024-12-30,2025-01-29
4222,811,1314,2024-03-01,2024-03-31
4223,616,2092,2025-10-02,2025-11-01
4224,981,621,2024-08-03,2024-09-02
4225,213,1810,2025-01-29,2025-02-28
4226,604,1732,2025-04-30,2025-05-30
4227,944,2062,2024-10-10,2024-11-09
4228,857,2635,2025-09-24,2025-10-24
4229,96,2624,2024-09-06,2024-10-06
4230,592,2940,2024-08-19,2024-09-18
4231,366,1878,2024-11-11,2024-12-11
4232,509,2949,2024-09-08,2024-10-08
4233,583,77,2025-03-22,2025-04-21
4234,48,1649,2025-06-14,2025-07-14
4235,68,958,2024-01-09,2024-02-08
4236,434,1556,2024-07-21,2024-08-20
4237,796,1684,2025-11-20,2025-12-20
4238,242,2301,2024-03-13,2024-04-12
4239,216,330,2025-12-19,2026-01-18
4240,114,2580,2025-01-08,2025-02-07
4241,718,482,2024-04-25,2024-05-25
4242,60,898,2025-02-04,2025-03-06
4243,698,835,2024-03-08,2024-04-07
4244,904,1104,2024-09-24,2024-10-24
4245,696,2097,2025-08-14,2025-09-13
4246,375,1390,2025-05-06,2025-06-05
4247,532,2865,2025-06-30,2025-07-30
4248,492,2876,2025-12-02,2026-01-01
4249,470,2999,2024-03-01,2024-03-31
4250,209,2725,2024-09-06,2024-10-06
4251,617,2596,2025-02-11,2025-03-13
4252,941,632,2024-08-18,2024-09-17
4253,654,1204,2024-09-16,2024-10-16
4254,261,2972,2025-03-18,2025-04-17
4255,645,1635,2024-06-12,2024-07-12
4256,910,2208,2025-02-08,2025-03-10
4257,753,2790,2025-04-12,2025-05-12
4258,247,1514,2024-06-04,2024-07-04
4259,228,2460,2024-06-18,2024-07-18
4260,183,1942,2025-05-10,2025-06-09
4261,513,2456,2024-12-06,2025-01-05
4262,524,952,2024-09-03,2024-10-03
4263,283,71,2024-12-03,2025-01-02
4264,774,542,2025-12-09,2026-01-08
4265,258,587,2025-08-29,2025-09-28
4266,539,1886,2025-09-27,2025-10-27
4267,285,843,2024-01-03,2024-02-02
4268,580,758,2024-09-26,2024-10-26
4269,147,1207,2025-12-09,2026-01-08
4270,551,6,2025-11-22,2025-12-22
4271,340,2077,2025-12-17,2026-01-16
4272,278,2901,2025-04-23,2025-05-23
4273,36,472,2025-03-04,2025-04-03
4274,908,2205,2025-12-14,2026-01-13
4275,843,683,2025-10-09,2025-11-08
4276,474,1669,2025-02-20,2025-03-22
4277,746,2670,2025-09-22,2025-10-22
4278,418,1385,2024-11-16,2024-12-16
4279,371,2936,2025-03-20,2025-04-19
4280,807,1301,2025-05-19,2025-06-18
4281,614,206,2024-09-26,2024-10-26
4282,160,1222,2025-03-04,2025-04-03
4283,770,17,2025-07-31,2025-08-30
4284,459,831,2024-12-15,2025-01-14
4285,402,1612,2025-08-06,2025-09-05
4286,284,1876,2024-12-06,2025-01-05
4287,306,49,2025-02-08,2025-03-10
4288,236,738,2025-02-18,2025-03-20
4289,725,581,2024-05-12,2024-06-11
4290,745,2266,2025-09-02,2025-10-02
4291,624,2724,2025-01-30,2025-03-01
4292,726,2893,2024-05-14,2024-06-13
4293,489,1837,2025-01-14,2025-02-13
4294,631,1811,2024-11-26,2024-12-26
4295,60,118,2025-10-20,2025-11-19
4296,946,1649,2025-11-11,2025-12-11
4297,317,1999,2025-09-03,2025-10-03
4298,89,556,2025-08-10,2025-09-09
4299,452,1495,2025-11-14,2025-12-14
4300,22,965,2024-08-16,2024-09-15
4301,891,186,2025-01-13,2025-02-12
4302,488,2851,2025-11-14,2025-12-14
4303,881,1131,2024-03-08,2024-04-07
4304,324,1789,2024-10-30,2024-11-29
4305,794,436,2025-11-01,2025-12-01
4306,26,1451,2024-11-14,2024-12-14
4307,550,2934,2024-03-13,2024-04-12
4308,622,107,2024-12-29,2025-01-28
4309,163,1913,2024-10-16,2024-11-15
4310,922,1418,2024-12-12,2025-01-11
4311,752,1276,2024-11-01,2024-12-01
4312,683,2929,2024-06-13,2024-07-13
4313,257,505,2024-12-18,2025-01-17
4314,914,299,2025-06-11,2025-07-11
4315,568,116,2024-01-19,2024-02-18
4316,981,386,2024-07-06,2024-08-05
4317,755,43,2025-08-21,2025-09-20
4318,22,1351,2024-05-15,2024-06-14
4319,822,2548,2024-06-16,2024-07-16
4320,361,919,2025-07-15,2025-08-14
4321,9,2823,2025-09-03,2025-10-03
4322,886,231,2025-12-01,2025-12-31
4323,112,1399,2024-09-30,2024-10-30
4324,600,829,2024-12-13,2025-01-12
4325,471,2565,2025-11-04,2025-12-04
4326,298,364,2025-05-01,2025-05-31
4327,258,639,2024-09-15,2024-10-15
4328,545,229,2024-12-08,2025-01-07
4329,204,828,2024-12-28,2025-01-27
4330,841,1927,2025-06-23,2025-07-23
4331,83,2116,2023-12-31,2024-01-30
4332,853,157,2024-09-08,2024-10-08
4333,6,368,2024-02-19,2024-03-20
4334,3,873,2024-04-06,2024-05-06
4335,451,868,2024-11-23,2024-12-23
4336,656,158,2025-01-30,2025-03-01
4337,294,2970,2024-04-11,2024-05-11
4338,501,2558,2024-08-26,2024-09-25
4339,929,365,2024-05-07,2024-06-06
4340,115,1296,2024-10-06,2024-11-05
4341,74,698,2025-12-26,2026-01-25
4342,935,2301,2025-03-24,2025-04-23
4343,660,1178,2025-09-06,2025-10-06
4344,160,912,2025-11-15,2025-12-15
4345,143,736,2024-12-04,2025-01-03
4346,901,1258,2024-04-23,2024-05-23
4347,828,1818,2024-02-20,2024-03-21
4348,446,2805,2025-04-07,2025-05-07
4349,46,1768,2025-07-17,2025-08-16
4350,923,2195,2024-10-26,2024-11-25
4351,743,155,2025-03-15,2025-04-14
4352,397,1614,2024-05-17,2024-06-16
4353,425,1771,2025-03-17,2025-04-16
4354,55,1926,2024-08-14,2024-09-13
4355,130,1738,2024-12-28,2025-01-27
4356,677,172,2025-05-05,2025-06-04
4357,941,2580,2025-03-23,2025-04-22
4358,6,474,2025-06-27,2025-07-27
4359,39,1961,2025-03-15,2025-04-14
4360,525,1789,2024-12-31,2025-01-30
4361,845,60,2024-03-17,2024-04-16
4362,656,965,2024-04-10,2024-05-10
4363,515,1292,2024-12-19,2025-01-18
4364,102,741,2025-01-05,2025-02-04
4365,632,1626,2024-02-26,2024-03-27
4366,557,696,2024-08-14,2024-09-13
4367,587,583,2024-12-06,2025-01-05
4368,969,460,2024-10-31,2024-11-30
4369,224,123,2025-01-20,2025-02-19
4370,880,1229,2025-01-06,2025-02-05
4371,503,2520,2025-04-13,2025-05-13
4372,388,2393,2024-08-14,2024-09-13
4373,790,1436,2024-02-10,2024-03-11
4374,654,2539,2025-05-10,2025-06-09
4375,861,2513,2025-02-04,2025-03-06
4376,978,2570,2025-03-11,2025-04-10
4377,849,2831,2024-03-20,2024-04-19
4378,215,898,2025-09-18,2025-10-18
4379,627,62,2025-04-14,2025-05-14
4380,68,1345,2025-03-13,2025-04-12
4381,291,2069,2025-04-01,2025-05-01
4382,985,1447,2025-06-24,2025-07-24
4383,969,1890,2025-06-23,2025-07-23
4384,263,854,2025-06-24,2025-07-24
4385,914,2504,2024-10-11,2024-11-10
4386,607,2590,2024-05-06,2024-06-05
4387,976,566,2024-10-05,2024-11-04
4388,384,2065,2025-06-11,2025-07-11
4389,330,122,2025-05-10,2025-06-09
4390,794,205,2024-01-03,2024-02-02
4391,578,226,2024-07-16,2024-08-15
4392,819,1993,2024-05-15,2024-06-14
4393,114,1002,2024-10-08,2024-11-07
4394,861,979,2024-10-03,2024-11-02
4395,766,1335,2025-08-03,2025-09-02
4396,720,1182,2025-11-02,2025-12-02
4397,135,1316,2025-07-20,2025-08-19
4398,289,2326,2024-07-20,2024-08-19
4399,928,1028,2025-03-17,2025-04-16
4400,697,879,2024-09-21,2024-10-21
4401,831,2215,2024-07-27,2024-08-26
4402,787,580,2024-06-08,2024-07-08
4403,8,663,2025-08-02,2025-09-01
4404,477,816,2024-11-10,2024-12-10
4405,793,1321,2024-09-28,2024-10-28
4406,487,2761,2025-07-20,2025-08-19
4407,918,1196,2025-04-22,2025-05-22
4408,864,696,2024-07-14,2024-08-13
4409,140,2532,2024-08-02,2024-09-01
4410,932,551,2025-03-30,2025-04-29
4411,709,69,2024-03-13,2024-04-12
4412,191,2916,2025-04-20,2025-05-20
4413,380,2122,2024-08-03,2024-09-02
4414,254,2990,2025-09-04,2025-10-04
4415,863,2578,2024-10-06,2024-11-05
4416,775,1093,2025-04-18,2025-05-18
4417,795,1456,2024-01-29,2024-02-28
4418,720,1527,2024-12-22,2025-01-21
4419,925,1775,2024-07-18,2024-08-17
4420,671,212,2024-11-10,2024-12-10
4421,803,2475,2025-08-13,2025-09-12
4422,600,1794,2025-09-02,2025-10-02
4423,602,2070,2024-12-12,2025-01-11
4424,844,909,2025-10-20,2025-11-19
4425,43,111,2025-12-07,2026-01-06
4426,484,30,2024-06-22,2024-07-22
4427,379,364,2024-05-24,2024-06-23
4428,651,1196,2025-01-01,2025-01-31
4429,901,2643,2024-10-19,2024-11-18
4430,19,870,2024-06-30,2024-07-30
4431,372,729,2024-10-23,2024-11-22
4432,540,808,2025-12-15,2026-01-14
4433,835,1793,2025-09-15,2025-10-15
4434,21,2695,2025-10-21,2025-11-20
4435,18,1765,2024-12-12,2025-01-11
4436,422,483,2024-04-26,2024-05-26
4437,395,426,2025-09-10,2025-10-10
4438,472,30,2024-01-12,2024-02-11
4439,8,2579,2024-03-13,2024-04-12
4440,745,2489,2024-05-07,2024-06-06
4441,287,1881,2025-04-16,2025-05-16
4442,665,488,2024-04-06,2024-05-06
4443,902,2488,2025-01-20,2025-02-19
4444,258,136,2025-10-03,2025-11-02
4445,648,2583,2025-03-04,2025-04-03
4446,459,364,2025-03-03,2025-04-02
4447,178,1992,2024-04-22,2024-05-22
4448,688,821,2024-05-22,2024-06-21
4449,698,1388,2025-01-18,2025-02-17
4450,141,480,2023-12-28,2024-01-27
4451,64,840,2024-05-25,2024-06-24
4452,709,2237,2024-03-13,2024-04-12
4453,550,1828,2025-08-25,2025-09-24
4454,113,1746,2025-05-14,2025-06-13
4455,780,1078,2025-12-23,2026-01-22
4456,608,2190,2024-05-31,2024-06-30
4457,655,2696,2024-03-10,2024-04-09
4458,882,1746,2024-01-06,2024-02-05
4459,501,2803,2025-06-10,2025-07-10
4460,440,1848,2024-12-03,2025-01-02
4461,857,2681,2024-11-10,2024-12-10
4462,689,605,2024-02-05,2024-03-06
4463,382,251,2024-03-03,2024-04-02
4464,757,1417,2024-06-08,2024-07-08
4465,982,1192,2025-06-10,2025-07-10
4466,764,2290,2025-07-15,2025-08-14
4467,4,1159,2025-12-07,2026-01-06
4468,236,2868,2025-02-25,2025-03-27
4469,586,861,2024-08-04,2024-09-03
4470,273,697,2025-10-24,2025-11-23
4471,414,1627,2025-05-23,2025-06-22
4472,426,34,2024-04-22,2024-05-22
4473,360,1161,2025-04-02,2025-05-02
4474,412,10,2024-08-27,2024-09-26
4475,362,2494,2024-08-05,2024-09-04
4476,244,1733,2025-09-21,2025-10-21
4477,307,19,2024-02-27,2024-03-28
4478,737,801,2024-09-05,2024-10-05
4479,292,1136,2025-11-30,2025-12-30
4480,454,2230,2024-12-03,2025-01-02
4481,657,933,2025-07-10,2025-08-09
4482,663,2624,2025-06-19,2025-07-19
4483,15,1417,2024-02-01,2024-03-02
4484,514,1674,2024-09-18,2024-10-18
4485,87,771,2024-06-20,2024-07-20
4486,182,428,2024-12-17,2025-01-16
4487,73,1837,2025-05-09,2025-06-08
4488,957,2091,2024-01-29,2024-02-28
4489,368,382,2024-12-20,2025-01-19
4490,786,1682,2024-06-01,2024-07-01
4491,768,1004,2024-09-28,2024-10-28
4492,79,514,2024-05-30,2024-06-29
4493,543,191,2025-08-17,2025-09-16
4494,70,136,2025-11-21,2025-12-21
4495,923,982,2025-12-04,2026-01-03
4496,665,1989,2024-01-23,2024-02-22
4497,614,1026,2025-09-29,2025-10-29
4498,248,465,2024-12-05,2025-01-04
4499,392,577,2024-11-10,2024-12-10
4500,637,1485,2025-01-17,2025-02-16
4501,646,1135,2025-09-13,2025-10-13
4502,426,2063,2024-01-05,2024-02-04
4503,243,1705,2024-03-11,2024-04-10
4504,189,2913,2025-11-06,2025-12-06
4505,2,2606,2025-06-15,2025-07-15
4506,203,53,2024-12-31,2025-01-30
4507,537,2821,2025-07-29,2025-08-28
4508,41,1748,2025-06-11,2025-07-11
4509,204,2568,2025-02-27,2025-03-29
4510,459,1835,2024-06-09,2024-07-09
4511,684,2475,2025-10-18,2025-11-17
4512,459,824,2025-03-06,2025-04-05
4513,928,682,2024-05-17,2024-06-16
4514,114,1687,2024-03-17,2024-04-16
4515,858,2061,2025-08-11,2025-09-10
4516,382,744,2024-07-21,2024-08-20
4517,767,83,2025-08-22,2025-09-21
4518,157,212,2024-01-23,2024-02-22
4519,508,1650,2024-07-13,2024-08-12
4520,193,63,2024-02-07,2024-03-08
4521,877,1599,2024-04-25,2024-05-25
4522,687,2095,2024-12-07,2025-01-06
4523,619,184,2025-01-22,2025-02-21
4524,616,751,2024-09-19,2024-10-19
4525,475,669,2024-01-22,2024-02-21
4526,691,473,2024-03-02,2024-04-01
4527,32,2178,2024-05-22,2024-06-21
4528,812,1427,2024-03-17,2024-04-16
4529,165,1592,2024-05-10,2024-06-09
4530,597,2888,2024-08-02,2024-09-01
4531,168,175,2025-04-29,2025-05-29
4532,791,1681,2025-06-11,2025-07-11
4533,422,1638,2024-06-18,2024-07-18
4534,278,133,2024-03-20,2024-04-19
4535,19,1627,2025-11-13,2025-12-13
4536,828,1479,2025-04-29,2025-05-29
4537,423,1522,2024-04-30,2024-05-30
4538,609,711,2025-05-02,2025-06-01
4539,591,424,2025-08-15,2025-09-14
4540,437,1570,2025-03-10,2025-04-09
4541,873,1677,2025-03-11,2025-04-10
4542,478,1525,2024-09-22,2024-10-22
4543,731,1190,2025-01-28,2025-02-27
4544,571,945,2025-10-06,2025-11-05
4545,963,843,2024-09-02,2024-10-02
4546,290,2214,2025-06-30,2025-07-30
4547,367,932,2024-07-10,2024-08-09
4548,835,1891,2025-07-27,2025-08-26
4549,989,583,2024-01-01,2024-01-31
4550,719,1694,2025-05-17,2025-06-16
4551,45,2409,2024-10-19,2024-11-18
4552,102,2888,2024-10-08,2024-11-07
4553,585,1019,2025-05-16,2025-06-15
4554,42,1520,2025-08-24,2025-09-23
4555,861,1932,2025-12-02,2026-01-01
4556,675,1089,2025-01-01,2025-01-31
4557,415,1710,2025-12-20,2026-01-19
4558,69,1761,2025-10-19,2025-11-18
4559,52,186,2025-08-11,2025-09-10
4560,905,420,2025-11-30,2025-12-30
4561,751,2703,2025-05-19,2025-06-18
4562,971,2305,2024-04-08,2024-05-08
4563,565,630,2025-03-05,2025-04-04
4564,892,646,2024-05-25,2024-06-24
4565,211,648,2025-08-21,2025-09-20
4566,476,1758,2024-07-08,2024-08-07
4567,165,2563,2025-07-27,2025-08-26
4568,606,2224,2025-02-07,2025-03-09
4569,283,2696,2024-09-06,2024-10-06
4570,258,1898,2024-05-25,2024-06-24
4571,553,993,2025-07-18,2025-08-17
4572,570,2068,2025-09-15,2025-10-15
4573,910,2558,2025-12-22,2026-01-21
4574,298,1087,2024-04-22,2024-05-22
4575,213,13,2024-08-18,2024-09-17
4576,659,1621,2024-02-21,2024-03-22
4577,568,1347,2025-09-07,2025-10-07
4578,534,91,2024-07-25,2024-08-24
4579,61,1123,2024-06-13,2024-07-13
4580,167,1718,2024-09-07,2024-10-07
4581,361,893,2025-12-05,2026-01-04
4582,879,192,2025-06-28,2025-07-28
4583,980,2664,2024-06-03,2024-07-03
4584,135,1724,2024-02-14,2024-03-15
4585,952,701,2024-12-16,2025-01-15
4586,831,2542,2025-07-20,2025-08-19
4587,599,688,2025-06-06,2025-07-06
4588,100,30,2025-08-30,2025-09-29
4589,478,1862,2025-01-03,2025-02-02
4590,231,2490,2024-12-21,2025-01-20
4591,741,350,2025-02-12,2025-03-14
4592,839,240,2025-01-28,2025-02-27
4593,902,2917,2025-11-28,2025-12-28
4594,314,2597,2024-10-17,2024-11-16
4595,692,1915,2024-08-25,2024-09-24
4596,496,342,2025-01-22,2025-02-21
4597,52,2195,2025-02-10,2025-03-12
4598,307,2478,2024-01-30,2024-02-29
4599,647,2270,2025-07-18,2025-08-17
4600,723,2909,2025-03-18,2025-04-17
4601,292,55,2024-09-14,2024-10-14
4602,47,2340,2025-12-17,2026-01-16
4603,460,1221,2024-09-13,2024-10-13
4604,51,1731,2024-06-12,2024-07-12
4605,114,1637,2024-01-10,2024-02-09
4606,729,1970,2025-02-12,2025-03-14
4607,884,1132,2024-03-12,2024-04-11
4608,469,1312,2024-09-12,2024-10-12
4609,807,1350,2025-09-03,2025-10-03
4610,868,2469,2025-07-09,2025-08-08
4611,571,1208,2025-04-27,2025-05-27
4612,606,929,2025-05-14,2025-06-13
4613,616,1094,2024-04-17,2024-05-17
4614,696,1057,2024-12-31,2025-01-30
4615,449,258,2025-03-06,2025-04-05
4616,25,153,2025-05-30,2025-06-29
4617,737,294,2024-06-19,2024-07-19
4618,813,1830,2024-10-27,2024-11-26
4619,567,1143,2025-07-09,2025-08-08
4620,234,2338,2024-09-26,2024-10-26
4621,510,1603,2025-01-13,2025-02-12
4622,714,622,2025-07-25,2025-08-24
4623,710,498,2024-01-01,2024-01-31
4624,653,18,2025-01-11,2025-02-10
4625,485,1353,2025-06-06,2025-07-06
4626,274,2663,2025-05-12,2025-06-11
4627,634,1487,2024-03-23,2024-04-22
4628,789,2895,2024-12-22,2025-01-21
4629,604,193,2025-03-30,2025-04-29
4630,425,2973,2025-04-15,2025-05-15
4631,295,456,2024-05-25,2024-06-24
4632,462,2696,2024-07-18,2024-08-17
4633,780,385,2025-01-22,2025-02-21
4634,392,2954,2025-04-03,2025-05-03
4635,78,1435,2024-01-09,2024-02-08
4636,868,2911,2024-03-07,2024-04-06
4637,835,2704,2025-06-04,2025-07-04
4638,82,2878,2024-06-22,2024-07-22
4639,434,861,2025-11-30,2025-12-30
4640,386,1020,2025-09-03,2025-10-03
4641,640,884,2025-06-23,2025-07-23
4642,303,2974,2024-07-22,2024-08-21
4643,33,1093,2024-04-18,2024-05-18
4644,659,121,2025-09-16,2025-10-16
4645,622,1411,2024-06-20,2024-07-20
4646,132,2190,2025-11-20,2025-12-20
4647,388,1956,2025-07-19,2025-08-18
4648,837,2163,2024-09-04,2024-10-04
4649,311,1703,2024-07-01,2024-07-31
4650,5,883,2025-02-15,2025-03-17
4651,666,811,2024-12-02,2025-01-01
4652,428,2051,2024-11-28,2024-12-28
4653,232,951,2024-05-20,2024-06-19
4654,280,1246,2024-07-10,2024-08-09
4655,118,1893,2024-01-07,2024-02-06
4656,370,222,2025-06-17,2025-07-17
4657,756,2013,2024-09-12,2024-10-12
4658,405,1349,2025-03-28,2025-04-27
4659,882,1580,2024-01-01,2024-01-31
4660,451,1109,2025-08-12,2025-09-11
4661,578,2183,2025-04-02,2025-05-02
4662,302,2836,2024-07-26,2024-08-25
4663,325,1170,2025-04-04,2025-05-04
4664,872,2192,2024-11-07,2024-12-07
4665,138,436,2024-01-03,2024-02-02
4666,934,1016,2024-03-09,2024-04-08
4667,495,2995,2024-09-02,2024-10-02
4668,273,365,2024-06-29,2024-07-29
4669,444,2465,2024-02-08,2024-03-09
4670,972,1597,2024-09-18,2024-10-18
4671,464,717,2025-08-25,2025-09-24
4672,894,715,2025-08-03,2025-09-02
4673,625,2332,2024-07-01,2024-07-31
4674,365,1156,2025-03-13,2025-04-12
4675,99,995,2024-08-01,2024-08-31
4676,37,1784,2024-03-02,2024-04-01
4677,674,2423,2025-07-11,2025-08-10
4678,886,1303,2025-01-03,2025-02-02
4679,917,135,2024-10-18,2024-11-17
4680,63,2603,2025-09-07,2025-10-07
4681,246,109,2024-03-21,2024-04-20
4682,119,291,2025-06-04,2025-07-04
4683,833,2495,2024-02-28,2024-03-29
4684,127,2216,2025-03-22,2025-04-21
4685,187,940,2025-03-21,2025-04-20
4686,29,275,2025-07-17,2025-08-16
4687,360,139,2025-11-14,2025-12-14
4688,650,2756,2024-08-06,2024-09-05
4689,563,2087,2024-06-02,2024-07-02
4690,383,1543,2025-07-18,2025-08-17
4691,766,674,2024-06-20,2024-07-20
4692,440,2602,2024-02-26,2024-03-27
4693,471,406,2025-12-06,2026-01-05
4694,219,61,2023-12-29,2024-01-28
4695,1,2428,2024-10-10,2024-11-09
4696,185,2095,2025-12-05,2026-01-04
4697,860,2730,2025-03-14,2025-04-13
4698,771,2073,2025-02-25,2025-03-27
4699,635,1576,2025-07-05,2025-08-04
4700,986,1956,2024-03-22,2024-04-21
4701,176,2878,2024-07-16,2024-08-15
4702,160,2417,2024-02-05,2024-03-06
4703,4,1116,2025-01-25,2025-02-24
4704,342,2388,2025-06-16,2025-07-16
4705,502,551,2024-07-03,2024-08-02
4706,713,1910,2025-07-04,2025-08-03
4707,908,225,2024-06-20,2024-07-20
4708,981,2979,2024-10-08,2024-11-07
4709,123,673,2025-10-17,2025-11-16
4710,353,2832,2024-06-14,2024-07-14
4711,635,2876,2025-04-13,2025-05-13
4712,885,2915,2024-10-11,2024-11-10
4713,406,461,2024-08-08,2024-09-07
4714,988,2604,2024-03-08,2024-04-07
4715,115,2610,2025-11-26,2025-12-26
4716,249,2932,2024-11-30,2024-12-30
4717,573,608,2024-03-14,2024-04-13
4718,197,272,2025-10-18,2025-11-17
4719,339,1590,2024-08-11,2024-09-10
4720,639,2581,2025-06-24,2025-07-24
4721,238,214,2025-02-05,2025-03-07
4722,333,2700,2024-01-27,2024-02-26
4723,69,2957,2024-12-23,2025-01-22
4724,935,597,2024-07-04,2024-08-03
4725,670,913,2024-02-03,2024-03-04
4726,775,2976,2025-11-07,2025-12-07
4727,271,2955,2024-02-20,2024-03-21
4728,812,494,2024-11-14,2024-12-14
4729,729,2510,2024-11-25,2024-12-25
4730,72,815,2025-05-26,2025-06-25
4731,303,2905,2025-04-08,2025-05-08
4732,523,2643,2025-04-21,2025-05-21
4733,92,111,2025-09-18,2025-10-18
4734,693,1012,2025-12-02,2026-01-01
4735,303,15,2024-11-26,2024-12-26
4736,905,1876,2025-06-14,2025-07-14
4737,193,2745,2025-12-24,2026-01-23
4738,613,2973,2025-02-13,2025-03-15
4739,72,1257,2024-10-04,2024-11-03
4740,764,2568,2025-08-30,2025-09-29
4741,242,306,2025-07-21,2025-08-20
4742,584,2775,2025-10-04,2025-11-03
4743,26,1661,2025-08-03,2025-09-02
4744,611,1381,2025-06-30,2025-07-30
4745,984,632,2025-06-02,2025-07-02
4746,561,205,2024-03-13,2024-04-12
4747,426,2111,2025-07-22,2025-08-21
4748,923,552,2025-09-30,2025-10-30
4749,105,2678,2025-01-16,2025-02-15
4750,659,1778,2024-09-18,2024-10-18
4751,385,2949,2025-06-17,2025-07-17
4752,429,2280,2025-12-21,2026-01-20
4753,874,1351,2024-03-23,2024-04-22
4754,784,140,2024-11-17,2024-12-17
4755,843,2331,2025-07-09,2025-08-08
4756,85,105,2025-11-14,2025-12-14
4757,495,347,2025-12-13,2026-01-12
4758,977,2096,2025-10-09,2025-11-08
4759,990,1634,2024-07-26,2024-08-25
4760,392,370,2024-03-06,2024-04-05
4761,316,2444,2024-05-17,2024-06-16
4762,826,1955,2024-02-24,2024-03-25
4763,180,1492,2025-04-10,2025-05-10
4764,242,1374,2024-06-23,2024-07-23
4765,776,2000,2024-03-10,2024-04-09
4766,264,1253,2025-02-09,2025-03-11
4767,261,2536,2025-10-09,2025-11-08
4768,202,1269,2023-12-28,2024-01-27
4769,645,969,2025-05-08,2025-06-07
4770,180,2927,2024-10-03,2024-11-02
4771,850,2069,2025-12-10,2026-01-09
4772,271,89,2024-07-10,2024-08-09
4773,843,1931,2024-04-09,2024-05-09
4774,894,242,2025-02-15,2025-03-17
4775,615,1659,2025-06-20,2025-07-20
4776,919,164,2024-07-13,2024-08-12
4777,21,1834,2025-10-13,2025-11-12
4778,184,729,2025-11-12,2025-12-12
4779,458,489,2025-01-25,2025-02-24
4780,902,1671,2024-04-02,2024-05-02
4781,940,2549,2024-03-11,2024-04-10
4782,151,647,2025-07-16,2025-08-15
4783,811,165,2025-04-16,2025-05-16
4784,775,2107,2025-11-28,2025-12-28
4785,383,2767,2025-10-19,2025-11-18
4786,57,925,2024-06-02,2024-07-02
4787,460,339,2025-06-04,2025-07-04
4788,910,25,2025-11-22,2025-12-22
4789,527,2043,2025-05-09,2025-06-08
4790,91,2717,2025-10-08,2025-11-07
4791,83,2564,2025-05-05,2025-06-04
4792,461,2712,2025-11-24,2025-12-24
4793,163,276,2025-09-24,2025-10-24
4794,749,989,2024-10-27,2024-11-26
4795,890,1493,2025-04-10,2025-05-10
4796,266,2838,2024-12-17,2025-01-16
4797,823,1558,2024-11-02,2024-12-02
4798,712,738,2023-12-29,2024-01-28
4799,992,1148,2025-10-08,2025-11-07
4800,60,2979,2024-05-09,2024-06-08
4801,729,1991,2024-10-25,2024-11-24
4802,953,2287,2025-06-22,2025-07-22
4803,253,1430,2024-05-16,2024-06-15
4804,704,606,2024-03-19,2024-04-18
4805,575,1701,2024-12-25,2025-01-24
4806,973,530,2024-05-12,2024-06-11
4807,390,2750,2024-05-07,2024-06-06
4808,56,1484,2025-03-09,2025-04-08
4809,970,2360,2025-12-24,2026-01-23
4810,310,1110,2024-05-15,2024-06-14
4811,253,872,2025-11-20,2025-12-20
4812,289,1960,2024-05-03,2024-06-02
4813,839,1791,2024-03-12,2024-04-11
4814,959,240,2024-01-03,2024-02-02
4815,638,329,2024-11-18,2024-12-18
4816,514,678,2025-06-14,2025-07-14
4817,744,1028,2025-10-12,2025-11-11
4818,218,2070,2025-12-24,2026-01-23
4819,171,2750,2024-12-01,2024-12-31
4820,297,160,2025-06-03,2025-07-03
4821,741,1957,2024-02-10,2024-03-11
4822,534,1567,2024-01-16,2024-02-15
4823,674,849,2025-06-23,2025-07-23
4824,803,2557,2025-10-04,2025-11-03
4825,886,2214,2025-04-29,2025-05-29
4826,902,1961,2025-12-18,2026-01-17
4827,631,2500,2025-10-29,2025-11-28
4828,836,955,2025-01-04,2025-02-03
4829,208,1199,2024-02-10,2024-03-11
4830,930,2498,2024-10-16,2024-11-15
4831,425,1700,2025-12-14,2026-01-13
4832,638,2882,2024-10-21,2024-11-20
4833,157,472,2025-11-18,2025-12-18
4834,990,499,2024-05-02,2024-06-01
4835,181,586,2024-04-29,2024-05-29
4836,138,93,2025-04-09,2025-05-09
4837,921,2374,2025-07-24,2025-08-23
4838,155,2237,2024-07-27,2024-08-26
4839,602,2703,2024-09-17,2024-10-17
4840,93,1441,2024-10-27,2024-11-26
4841,733,2217,2025-08-04,2025-09-03
4842,903,1029,2025-07-30,2025-08-29
4843,20,2378,2025-10-10,2025-11-09
4844,666,2739,2025-07-21,2025-08-20
4845,899,726,2024-05-29,2024-06-28
4846,697,2790,2024-08-03,2024-09-02
4847,83,2314,2024-09-12,2024-10-12
4848,958,1837,2024-04-07,2024-05-07
4849,466,416,2024-09-20,2024-10-20
4850,212,821,2024-04-17,2024-05-17
4851,983,2571,2024-07-20,2024-08-19
4852,961,2487,2025-01-05,2025-02-04
4853,96,1249,2025-10-31,2025-11-30
4854,983,252,2025-10-09,2025-11-08
4855,390,2863,2024-03-05,2024-04-04
4856,34,2654,2025-08-28,2025-09-27
4857,694,2178,2025-02-16,2025-03-18
4858,496,1238,2025-06-05,2025-07-05
4859,325,2993,2024-08-20,2024-09-19
4860,820,604,2024-09-23,2024-10-23
4861,515,2702,2025-10-05,2025-11-04
4862,342,1572,2025-06-28,2025-07-28
4863,684,2922,2025-12-01,2025-12-31
4864,612,1347,2024-12-18,2025-01-17
4865,800,176,2025-03-18,2025-04-17
4866,654,1824,2024-12-04,2025-01-03
4867,183,2970,2025-06-05,2025-07-05
4868,175,1427,2024-06-04,2024-07-04
4869,86,2284,2025-11-01,2025-12-01
4870,792,238,2024-10-18,2024-11-17
4871,588,1927,2025-03-17,2025-04-16
4872,852,571,2024-04-13,2024-05-13
4873,900,1328,2025-03-03,2025-04-02
4874,505,1529,2025-10-19,2025-11-18
4875,787,429,2024-01-06,2024-02-05
4876,534,1571,2025-04-10,2025-05-10
4877,281,2154,2025-03-09,2025-04-08
4878,118,2802,2025-01-12,2025-02-11
4879,366,702,2024-03-18,2024-04-17
4880,853,835,2024-06-26,2024-07-26
4881,878,2402,2024-04-27,2024-05-27
4882,197,1476,2025-09-27,2025-10-27
4883,327,1729,2024-07-23,2024-08-22
4884,371,2583,2025-10-16,2025-11-15
4885,611,2209,2025-12-17,2026-01-16
4886,680,2831,2025-08-20,2025-09-19
4887,410,390,2025-01-14,2025-02-13
4888,55,1583,2024-06-12,2024-07-12
4889,37,1502,2024-02-05,2024-03-06
4890,433,2106,2024-01-26,2024-02-25
4891,682,52,2024-05-14,2024-06-13
4892,660,2660,2024-08-05,2024-09-04
4893,988,2507,2025-07-19,2025-08-18
4894,282,2118,2024-12-29,2025-01-28
4895,682,2194,2024-04-04,2024-05-04
4896,160,1783,2025-11-15,2025-12-15
4897,740,1542,2024-05-30,2024-06-29
4898,986,1054,2025-02-28,2025-03-30
4899,885,2763,2024-05-15,2024-06-14
4900,528,707,2025-04-10,2025-05-10
4901,404,1472,2025-01-08,2025-02-07
4902,603,2938,2025-04-08,2025-05-08
4903,158,2399,2024-07-05,2024-08-04
4904,988,1268,2024-10-24,2024-11-23
4905,90,1200,2025-09-12,2025-10-12
4906,672,2292,2024-11-14,2024-12-14
4907,326,2249,2024-03-12,2024-04-11
4908,88,78,2024-12-30,2025-01-29
4909,555,248,2025-08-07,2025-09-06
4910,288,978,2024-09-18,2024-10-18
4911,986,2416,2024-10-31,2024-11-30
4912,585,1227,2024-05-16,2024-06-15
4913,367,1859,2024-10-18,2024-11-17
4914,612,2962,2024-10-13,2024-11-12
4915,595,1180,2025-01-27,2025-02-26
4916,833,2403,2025-12-09,2026-01-08
4917,724,1021,2024-11-24,2024-12-24
4918,510,98,2025-08-01,2025-08-31
4919,979,2486,2024-10-25,2024-11-24
4920,234,2043,2024-08-30,2024-09-29
4921,771,1146,2025-01-28,2025-02-27
4922,183,668,2025-06-15,2025-07-15
4923,334,2292,2023-12-31,2024-01-30
4924,799,2493,2024-06-30,2024-07-30
4925,181,1298,2025-07-03,2025-08-02
4926,835,2407,2024-01-27,2024-02-26
4927,356,1094,2025-12-15,2026-01-14
4928,63,1905,2024-01-11,2024-02-10
4929,810,425,2024-05-14,2024-06-13
4930,420,921,2025-12-23,2026-01-22
4931,1,1984,2025-01-13,2025-02-12
4932,442,1703,2025-08-31,2025-09-30
4933,815,1115,2024-10-16,2024-11-15
4934,961,1602,2025-10-27,2025-11-26
4935,63,1754,2025-09-28,2025-10-28
4936,218,1355,2024-10-12,2024-11-11
4937,9,1830,2024-12-06,2025-01-05
4938,147,2275,2024-04-10,2024-05-10
4939,85,273,2024-07-22,2024-08-21
4940,815,2690,2024-06-15,2024-07-15
4941,930,332,2024-11-13,2024-12-13
4942,967,2091,2024-12-08,2025-01-07
4943,296,58,2025-10-20,2025-11-19
4944,821,1913,2024-07-04,2024-08-03
4945,14,2498,2024-12-20,2025-01-19
4946,744,385,2024-04-04,2024-05-04
4947,795,1297,2025-10-03,2025-11-02
4948,531,1418,2024-05-24,2024-06-23
4949,938,2287,2025-02-23,2025-03-25
4950,58,2686,2024-02-19,2024-03-20
4951,697,1782,2025-09-28,2025-10-28
4952,261,2157,2024-01-02,2024-02-01
4953,736,1543,2025-04-25,2025-05-25
4954,345,1563,2024-06-02,2024-07-02
4955,951,43,2024-09-02,2024-10-02
4956,992,1455,2024-06-29,2024-07-29
4957,216,1129,2024-01-15,2024-02-14
4958,936,2173,2024-01-27,2024-02-26
4959,879,2269,2024-10-11,2024-11-10
4960,88,1813,2024-04-05,2024-05-05
4961,744,678,2025-01-13,2025-02-12
4962,763,2380,2024-02-16,2024-03-17
4963,859,283,2024-03-02,2024-04-01
4964,653,2171,2025-01-22,2025-02-21
4965,954,1550,2025-06-07,2025-07-07
4966,15,1634,2025-03-31,2025-04-30
4967,698,476,2024-04-17,2024-05-17
4968,394,497,2024-01-02,2024-02-01
4969,237,2922,2024-03-12,2024-04-11
4970,439,1873,2025-03-27,2025-04-26
4971,643,1607,2025-03-05,2025-04-04
4972,731,1858,2024-12-15,2025-01-14
4973,524,955,2025-12-24,2026-01-23
4974,626,1151,2025-02-16,2025-03-18
4975,844,756,2024-05-17,2024-06-16
4976,511,2655,2025-04-29,2025-05-29
4977,391,77,2024-04-24,2024-05-24
4978,771,1608,2024-10-17,2024-11-16
4979,655,113,2024-05-23,2024-06-22
4980,57,2223,2025-03-23,2025-04-22
4981,116,2390,2025-11-06,2025-12-06
4982,934,2038,2024-05-19,2024-06-18
4983,548,2152,2025-04-10,2025-05-10
4984,133,2483,2024-04-19,2024-05-19
4985,881,1633,2025-10-08,2025-11-07
4986,904,2858,2024-07-29,2024-08-28
4987,903,152,2024-10-27,2024-11-26
4988,714,316,2025-06-01,2025-07-01
4989,952,1681,2024-02-25,2024-03-26
4990,428,820,2025-09-03,2025-10-03
4991,845,2890,2024-01-14,2024-02-13
4992,604,2098,2025-01-20,2025-02-19
4993,36,2192,2025-02-23,2025-03-25
4994,406,1019,2024-07-08,2024-08-07
4995,480,618,2025-08-03,2025-09-02
4996,700,305,2024-07-24,2024-08-23
4997,389,2987,2024-02-26,2024-03-27
4998,2,2281,2025-12-14,2026-01-13
4999,208,555,2024-12-29,2025-01-28
5000,153,2558,2024-10-11,2024-11-10
